date,basin,sid,name,ace
1971-05-21,EP,1971142N12267,Agatha,0.4050
1971-05-22,EP,1971142N12267,Agatha,1.0300
1971-05-23,EP,1971142N12267,Agatha,2.2500
1971-05-24,EP,1971142N12267,Agatha,2.4100
1971-06-15,EP,1971166N12270,Bridget,0.6450
1971-06-16,EP,1971166N12270,Bridget,1.7850
1971-06-17,EP,1971166N12270,Bridget,1.8900
1971-07-02,EP,1971183N11252,Carlotta,0.1600
1971-07-03,EP,1971183N11252,Carlotta,1.0425
1971-07-04,EP,1971183N11252,Carlotta,2.0475
1971-07-04,EP,1971184N11262,Denise,0.4050
1971-07-04,NA,1971185N33284,Arlene,0.2825
1971-07-05,EP,1971183N11252,Carlotta,1.1250
1971-07-05,EP,1971184N11262,Denise,1.1250
1971-07-05,NA,1971185N33284,Arlene,0.6825
1971-07-06,EP,1971183N11252,Carlotta,0.4050
1971-07-06,EP,1971184N11262,Denise,1.5700
1971-07-06,NA,1971185N33284,Arlene,0.8575
1971-07-07,EP,1971184N11262,Denise,2.1100
1971-07-07,NA,1971185N33284,Arlene,0.6550
1971-07-08,EP,1971184N11262,Denise,3.1300
1971-07-08,EP,1971188N12254,Eleanor,0.3200
1971-07-09,EP,1971184N11262,Denise,5.0900
1971-07-09,EP,1971188N12254,Eleanor,0.8575
1971-07-10,EP,1971184N11262,Denise,4.0000
1971-07-10,EP,1971188N12254,Eleanor,0.8200
1971-07-11,EP,1971184N11262,Denise,3.1775
1971-07-11,EP,1971188N12254,Eleanor,0.4800
1971-07-12,EP,1971184N11262,Denise,1.5625
1971-07-13,EP,1971184N11262,Denise,0.3675
1971-07-19,EP,1971199N11254,Francene:Francesca,1.8825
1971-07-20,EP,1971199N11254,Francene:Francesca,3.3600
1971-07-21,EP,1971199N11254,Francene:Francesca,1.0400
1971-07-22,EP,1971199N11254,Francene:Francesca,0.6450
1971-07-23,EP,1971199N11254,Francene:Francesca,0.5275
1971-07-23,EP,1971202N16256,Georgette,0.6075
1971-07-24,EP,1971202N16256,Georgette,0.9050
1971-07-25,EP,1971202N16256,Georgette,1.0000
1971-07-26,EP,1971202N16256,Georgette,0.8575
1971-07-26,EP,1971207N10251,Hilary,0.8100
1971-07-27,EP,1971202N16256,Georgette,0.2025
1971-07-27,EP,1971207N10251,Hilary,0.8100
1971-07-28,EP,1971207N10251,Hilary,1.9675
1971-07-29,EP,1971207N10251,Hilary,2.5600
1971-07-30,EP,1971207N10251,Hilary,2.4925
1971-07-31,EP,1971207N10251,Hilary,1.9600
1971-08-01,EP,1971207N10251,Hilary,1.9600
1971-08-01,EP,1971212N12262,Ilsa,1.3275
1971-08-02,EP,1971207N10251,Hilary,1.9600
1971-08-02,EP,1971212N12262,Ilsa,2.2500
1971-08-03,EP,1971207N10251,Hilary,1.4700
1971-08-03,EP,1971212N12262,Ilsa,3.4500
1971-08-04,EP,1971207N10251,Hilary,0.8100
1971-08-04,EP,1971212N12262,Ilsa,1.6900
1971-08-05,EP,1971207N10251,Hilary,0.8100
1971-08-05,EP,1971212N12262,Ilsa,1.4700
1971-08-05,NA,1971216N31297,Unnamed,0.5325
1971-08-06,EP,1971207N10251,Hilary,0.6075
1971-08-06,EP,1971212N12262,Ilsa,0.6075
1971-08-06,NA,1971216N31297,Unnamed,0.8500
1971-08-07,EP,1971219N15259,Jewel,0.6225
1971-08-08,EP,1971219N15259,Jewel,1.1825
1971-08-08,EP,1971221N15263,Katrina,0.2025
1971-08-09,EP,1971219N15259,Jewel,0.6025
1971-08-09,EP,1971221N15263,Katrina,0.8100
1971-08-10,EP,1971219N15259,Jewel,0.1225
1971-08-10,EP,1971221N15263,Katrina,0.8100
1971-08-11,EP,1971221N15263,Katrina,1.0575
1971-08-12,EP,1971221N15263,Katrina,0.6075
1971-08-13,NA,1971223N27280,Beth,0.1225
1971-08-14,NA,1971223N27280,Beth,0.7850
1971-08-15,NA,1971223N27280,Beth,1.9650
1971-08-16,NA,1971223N27280,Beth,1.5075
1971-08-16,NA,1971225N26277,Unnamed,0.2825
1971-08-17,NA,1971223N27280,Beth,0.2500
1971-08-20,NA,1971231N13307,Chloe,0.6125
1971-08-21,NA,1971231N13307,Chloe,0.4475
1971-08-26,NA,1971233N12313,Doria,0.3250
1971-08-27,NA,1971233N12313,Doria,1.0625
1971-08-28,NA,1971233N12313,Doria,0.9700
1971-08-29,EP,1971240N13266,Lily,0.2025
1971-08-29,EP,1971241N12252,Monica,0.1600
1971-08-30,EP,1971240N13266,Lily,1.0775
1971-08-30,EP,1971241N12252,Monica,0.8200
1971-08-31,EP,1971240N13266,Lily,1.4750
1971-08-31,EP,1971241N12252,Monica,1.1725
1971-09-01,EP,1971241N12252,Monica,2.4075
1971-09-02,EP,1971241N12252,Monica,3.0525
1971-09-03,EP,1971241N12252,Monica,1.1550
1971-09-04,EP,1971246N12264,Nanette,0.2025
1971-09-05,EP,1971246N12264,Nanette,0.8100
1971-09-06,EP,1971246N12264,Nanette,2.3275
1971-09-07,EP,1971246N12264,Nanette,2.1975
1971-09-07,NA,1971247N28273,Fern,0.1225
1971-09-07,NA,1971249N11302,Edith,0.6850
1971-09-08,EP,1971246N12264,Nanette,1.1625
1971-09-08,NA,1971247N28273,Fern,0.8150
1971-09-08,NA,1971249N11302,Edith,1.0625
1971-09-09,EP,1971246N12264,Nanette,0.2025
1971-09-09,NA,1971247N28273,Fern,1.1625
1971-09-09,NA,1971249N11302,Edith,3.7100
1971-09-10,NA,1971247N28273,Fern,1.8450
1971-09-10,NA,1971249N11302,Edith,1.8375
1971-09-10,NA,1971249N26289,Ginger,0.2825
1971-09-11,NA,1971247N28273,Fern,1.6300
1971-09-11,NA,1971249N11302,Edith,0.9875
1971-09-11,NA,1971249N26289,Ginger,1.2150
1971-09-11,NA,1971254N27288,Heidi,0.1225
1971-09-12,NA,1971247N28273,Fern,0.4050
1971-09-12,NA,1971249N11302,Edith,0.4800
1971-09-12,NA,1971249N26289,Ginger,2.0425
1971-09-12,NA,1971254N27288,Heidi,0.4850
1971-09-13,NA,1971249N11302,Edith,0.4050
1971-09-13,NA,1971249N26289,Ginger,2.5325
1971-09-13,NA,1971254N27288,Heidi,0.8575
1971-09-14,NA,1971249N11302,Edith,0.9575
1971-09-14,NA,1971249N26289,Ginger,3.4350
1971-09-14,NA,1971254N27288,Heidi,0.8625
1971-09-15,NA,1971249N11302,Edith,1.7625
1971-09-15,NA,1971249N26289,Ginger,2.2550
1971-09-16,NA,1971249N11302,Edith,2.2650
1971-09-16,NA,1971249N26289,Ginger,1.4700
1971-09-17,NA,1971249N11302,Edith,0.3250
1971-09-17,NA,1971249N26289,Ginger,1.1425
1971-09-17,NA,1971255N11312,Irene:Olivia,0.5650
1971-09-18,NA,1971249N26289,Ginger,1.4400
1971-09-18,NA,1971255N11312,Irene:Olivia,1.0250
1971-09-19,NA,1971249N26289,Ginger,1.6275
1971-09-19,NA,1971255N11312,Irene:Olivia,0.7700
1971-09-20,EP,1971255N11312,Irene:Olivia,0.2825
1971-09-20,NA,1971249N26289,Ginger,1.6900
1971-09-21,EP,1971255N11312,Irene:Olivia,1.1150
1971-09-21,NA,1971249N26289,Ginger,1.0225
1971-09-22,EP,1971255N11312,Irene:Olivia,1.8925
1971-09-22,NA,1971249N26289,Ginger,1.0525
1971-09-22,NA,1971264N12321,Janice,0.6450
1971-09-23,EP,1971255N11312,Irene:Olivia,1.7650
1971-09-23,NA,1971249N26289,Ginger,1.1050
1971-09-23,NA,1971264N12321,Janice,0.6075
1971-09-24,EP,1971255N11312,Irene:Olivia,2.6425
1971-09-24,NA,1971249N26289,Ginger,1.3825
1971-09-24,NA,1971264N12321,Janice,0.2450
1971-09-25,EP,1971255N11312,Irene:Olivia,3.4350
1971-09-25,NA,1971249N26289,Ginger,1.7575
1971-09-26,EP,1971255N11312,Irene:Olivia,4.7325
1971-09-26,NA,1971249N26289,Ginger,1.8250
1971-09-27,EP,1971255N11312,Irene:Olivia,4.1225
1971-09-27,NA,1971249N26289,Ginger,2.1150
1971-09-28,EP,1971255N11312,Irene:Olivia,2.0100
1971-09-28,NA,1971249N26289,Ginger,2.0475
1971-09-29,EP,1971255N11312,Irene:Olivia,0.6125
1971-09-29,NA,1971249N26289,Ginger,1.4400
1971-09-30,NA,1971249N26289,Ginger,1.5650
1971-10-01,NA,1971249N26289,Ginger,0.7125
1971-10-07,EP,1971280N11270,Priscilla,0.1600
1971-10-08,EP,1971280N11270,Priscilla,0.9700
1971-10-09,EP,1971280N11270,Priscilla,2.4300
1971-10-10,EP,1971280N11270,Priscilla,3.6400
1971-10-11,EP,1971280N11270,Priscilla,4.2700
1971-10-12,EP,1971280N11270,Priscilla,1.6500
1971-10-19,NA,1971291N25302,Kristy,0.2825
1971-10-20,NA,1971291N25302,Kristy,1.2250
1971-10-28,EP,1971301N11259,Ramona,0.6550
1971-10-29,EP,1971301N11259,Ramona,0.5000
1971-11-14,NA,1971317N12282,Laura,0.2825
1971-11-15,NA,1971317N12282,Laura,1.0250
1971-11-16,NA,1971317N12282,Laura,1.4400
1971-11-17,NA,1971317N12282,Laura,1.0225
1971-11-18,NA,1971317N12282,Laura,0.7025
1971-11-19,NA,1971317N12282,Laura,0.8575
1971-11-20,NA,1971317N12282,Laura,0.9125
1971-11-21,NA,1971317N12282,Laura,0.8300
1971-11-27,EP,1971330N10260,Sharon,0.3675
1972-05-25,NA,1972145N31282,Alpha,0.1225
1972-05-26,NA,1972145N31282,Alpha,1.1250
1972-05-27,NA,1972145N31282,Alpha,1.3825
1972-05-28,NA,1972145N31282,Alpha,0.3725
1972-06-01,EP,1972153N12252,Annette,0.5275
1972-06-02,EP,1972153N12252,Annette,0.6825
1972-06-03,EP,1972153N12252,Annette,1.0000
1972-06-04,EP,1972153N12252,Annette,1.6425
1972-06-05,EP,1972153N12252,Annette,1.6725
1972-06-06,EP,1972153N12252,Annette,0.8250
1972-06-07,EP,1972153N12252,Annette,1.0300
1972-06-15,NA,1972167N20271,Agnes,0.1600
1972-06-16,NA,1972167N20271,Agnes,0.5650
1972-06-17,NA,1972167N20271,Agnes,0.9125
1972-06-18,NA,1972167N20271,Agnes,1.2675
1972-06-18,NA,1972171N26290,Unnamed,0.2450
1972-06-19,NA,1972167N20271,Agnes,1.8250
1972-06-19,NA,1972171N26290,Unnamed,0.6025
1972-06-20,NA,1972167N20271,Agnes,0.2025
1972-06-20,NA,1972171N26290,Unnamed,0.3625
1972-06-21,NA,1972167N20271,Agnes,0.4050
1972-06-21,NA,1972171N26290,Unnamed,0.4050
1972-07-11,NA,1972193N27282,Unnamed,0.2450
1972-07-12,NA,1972193N27282,Unnamed,0.3675
1972-07-20,NA,1972199N37322,Unnamed,0.1225
1972-07-21,NA,1972199N37322,Unnamed,0.5275
1972-07-22,NA,1972199N37322,Unnamed,0.3675
1972-07-28,EP,1972210N19251,Bonny,0.5700
1972-07-29,EP,1972210N19251,Bonny,0.6025
1972-08-06,EP,1972219N15240,Celeste,0.4900
1972-08-07,EP,1972219N15240,Celeste,0.4900
1972-08-08,EP,1972219N15240,Celeste,0.4900
1972-08-09,EP,1972219N15240,Celeste,0.7275
1972-08-10,EP,1972219N15240,Celeste,1.5700
1972-08-11,EP,1972219N15240,Celeste,2.1050
1972-08-11,EP,1972224N10244,Diana,0.7300
1972-08-12,EP,1972219N15240,Celeste,2.7250
1972-08-12,EP,1972224N10244,Diana,1.7050
1972-08-13,EP,1972219N15240,Celeste,3.1525
1972-08-13,EP,1972224N10244,Diana,2.4050
1972-08-14,EP,1972219N15240,Celeste,4.5475
1972-08-14,EP,1972224N10244,Diana,3.5175
1972-08-15,EP,1972219N15240,Celeste,4.0000
1972-08-15,EP,1972224N10244,Diana,2.1825
1972-08-16,EP,1972219N15240,Celeste,3.2400
1972-08-16,EP,1972224N10244,Diana,1.8300
1972-08-16,EP,1972228N10250,Estelle,0.6400
1972-08-17,EP,1972219N15240,Celeste,2.8900
1972-08-17,EP,1972224N10244,Diana,1.4400
1972-08-17,EP,1972228N10250,Estelle,0.6825
1972-08-18,EP,1972219N15240,Celeste,2.8900
1972-08-18,EP,1972224N10244,Diana,1.4400
1972-08-18,EP,1972228N10250,Estelle,1.0100
1972-08-19,EP,1972219N15240,Celeste,2.8075
1972-08-19,EP,1972224N10244,Diana,1.2825
1972-08-19,EP,1972228N10250,Estelle,1.5025
1972-08-20,EP,1972219N15240,Celeste,2.5600
1972-08-20,EP,1972224N10244,Diana,0.5275
1972-08-20,EP,1972228N10250,Estelle,1.7625
1972-08-20,EP,1972233N11256,Fernanda,0.7250
1972-08-21,EP,1972219N15240,Celeste,1.5250
1972-08-21,EP,1972228N10250,Estelle,1.2825
1972-08-21,EP,1972233N11256,Fernanda,1.1100
1972-08-22,EP,1972219N15240,Celeste,0.2450
1972-08-22,EP,1972228N10250,Estelle,0.4425
1972-08-22,EP,1972233N11256,Fernanda,2.0575
1972-08-22,EP,1972235N10262,Gwen,0.2450
1972-08-23,EP,1972233N11256,Fernanda,2.8900
1972-08-23,EP,1972235N10262,Gwen,0.6500
1972-08-23,NA,1972236N37296,Betty,0.1225
1972-08-24,EP,1972233N11256,Fernanda,3.4300
1972-08-24,EP,1972235N10262,Gwen,1.2250
1972-08-24,NA,1972236N37296,Betty,0.6075
1972-08-25,EP,1972233N11256,Fernanda,2.8525
1972-08-25,EP,1972235N10262,Gwen,2.0375
1972-08-25,NA,1972236N37296,Betty,1.1575
1972-08-26,EP,1972233N11256,Fernanda,1.5650
1972-08-26,EP,1972235N10262,Gwen,2.4100
1972-08-26,NA,1972236N37296,Betty,1.2100
1972-08-27,EP,1972233N11256,Fernanda,0.8575
1972-08-27,EP,1972235N10262,Gwen,4.2250
1972-08-27,NA,1972236N37296,Betty,1.9850
1972-08-28,EP,1972233N11256,Fernanda,0.6825
1972-08-28,EP,1972235N10262,Gwen,3.4225
1972-08-28,NA,1972236N37296,Betty,1.9200
1972-08-29,EP,1972233N11256,Fernanda,0.6400
1972-08-29,EP,1972235N10262,Gwen,1.1725
1972-08-29,EP,1972241N11266,Hyacinth,0.1600
1972-08-29,NA,1972236N37296,Betty,1.8975
1972-08-30,EP,1972233N11256,Fernanda,0.6400
1972-08-30,EP,1972235N10262,Gwen,0.8250
1972-08-30,EP,1972241N11266,Hyacinth,1.1200
1972-08-30,NA,1972236N37296,Betty,1.5700
1972-08-31,EP,1972233N11256,Fernanda,0.6450
1972-08-31,EP,1972241N11266,Hyacinth,3.2125
1972-08-31,NA,1972236N37296,Betty,0.6450
1972-08-31,NA,1972243N29282,Carrie,0.4050
1972-09-01,EP,1972241N11266,Hyacinth,4.6300
1972-09-01,NA,1972236N37296,Betty,0.4950
1972-09-01,NA,1972243N29282,Carrie,0.7675
1972-09-02,EP,1972241N11266,Hyacinth,3.4300
1972-09-02,NA,1972243N29282,Carrie,0.3200
1972-09-03,EP,1972241N11266,Hyacinth,1.7575
1972-09-03,NA,1972243N29282,Carrie,0.7075
1972-09-03,NA,1972248N31309,Unnamed,0.1225
1972-09-04,EP,1972241N11266,Hyacinth,1.4400
1972-09-04,NA,1972248N31309,Unnamed,0.7250
1972-09-05,EP,1972241N11266,Hyacinth,0.7675
1972-09-06,NA,1972249N24281,Dawn,0.2825
1972-09-07,NA,1972249N24281,Dawn,1.0050
1972-09-08,NA,1972249N24281,Dawn,0.9075
1972-09-09,NA,1972249N24281,Dawn,0.8575
1972-09-10,NA,1972249N24281,Dawn,0.8100
1972-09-11,NA,1972249N24281,Dawn,0.6450
1972-09-12,NA,1972249N24281,Dawn,0.2450
1972-09-15,EP,1972258N13258,Iva,0.2025
1972-09-16,EP,1972258N13258,Iva,0.7675
1972-09-17,EP,1972258N13258,Iva,0.5650
1972-09-18,EP,1972258N13258,Iva,0.4900
1972-09-19,EP,1972258N13258,Iva,0.3675
1972-09-20,NA,1972264N37301,Charlie,0.5750
1972-09-21,NA,1972264N37301,Charlie,0.3025
1972-09-26,EP,1972268N09203,June,0.2500
1972-09-27,EP,1972268N09203,June,0.8200
1972-09-29,NA,1972273N25309,Unnamed,0.1225
1972-09-30,EP,1972274N13255,Joanne,0.4525
1972-09-30,NA,1972273N25309,Unnamed,0.4900
1972-10-01,EP,1972274N13255,Joanne,1.3300
1972-10-02,EP,1972274N13255,Joanne,2.6475
1972-10-02,NA,1972273N25309,Unnamed,0.4900
1972-10-03,EP,1972274N13255,Joanne,2.6425
1972-10-04,EP,1972274N13255,Joanne,2.1925
1972-10-05,EP,1972274N13255,Joanne,1.3875
1972-10-06,EP,1972274N13255,Joanne,0.7650
1972-10-18,EP,1972292N16251,Kathleen,0.4800
1972-11-02,NA,1972307N35313,Delta,0.2825
1972-11-03,NA,1972307N35313,Delta,0.3200
1972-11-04,NA,1972307N35313,Delta,0.5650
1972-11-13,EP,1972316N05185,Ruby,0.6075
1972-11-14,EP,1972316N05185,Ruby,0.2025
1972-11-14,EP,1972319N11263,Liza,0.2025
1972-11-15,EP,1972319N11263,Liza,0.6075
1973-06-02,EP,1973153N12266,Ava,0.1225
1973-06-03,EP,1973153N12266,Ava,1.3300
1973-06-04,EP,1973153N12266,Ava,2.1050
1973-06-05,EP,1973153N12266,Ava,2.5900
1973-06-06,EP,1973153N12266,Ava,4.6900
1973-06-07,EP,1973153N12266,Ava,7.8400
1973-06-08,EP,1973153N12266,Ava,6.0700
1973-06-09,EP,1973153N12266,Ava,2.8725
1973-06-10,EP,1973153N12266,Ava,1.2350
1973-06-11,EP,1973153N12266,Ava,0.2825
1973-06-22,EP,1973173N14262,Bernice,0.8400
1973-06-23,EP,1973173N14262,Bernice,0.2025
1973-06-27,EP,1973177N11264,Claudia,0.2500
1973-06-28,EP,1973177N11264,Claudia,1.1575
1973-07-02,NA,1973182N26291,Alice,0.2825
1973-07-03,NA,1973182N26291,Alice,1.1150
1973-07-04,NA,1973182N26291,Alice,1.8350
1973-07-05,NA,1973182N26291,Alice,1.2675
1973-07-06,NA,1973182N26291,Alice,1.0325
1973-07-18,EP,1973199N11253,Doreen,1.0250
1973-07-19,EP,1973199N11253,Doreen,2.9125
1973-07-20,EP,1973199N11253,Doreen,4.4400
1973-07-21,EP,1973199N11253,Doreen,3.3825
1973-07-21,EP,1973203N13263,Emily,0.2025
1973-07-22,EP,1973199N11253,Doreen,2.2650
1973-07-22,EP,1973203N13263,Emily,2.1475
1973-07-23,EP,1973199N11253,Doreen,1.6900
1973-07-23,EP,1973203N13263,Emily,5.0700
1973-07-23,NA,1973205N16273,Unnamed,0.1600
1973-07-24,EP,1973199N11253,Doreen,1.6900
1973-07-24,EP,1973203N13263,Emily,3.4225
1973-07-24,NA,1973205N16273,Unnamed,0.2825
1973-07-25,EP,1973199N11253,Doreen,1.6425
1973-07-25,EP,1973203N13263,Emily,1.5700
1973-07-26,EP,1973199N11253,Doreen,0.9525
1973-07-26,EP,1973203N13263,Emily,0.6025
1973-07-27,EP,1973199N11253,Doreen,1.0725
1973-07-27,EP,1973203N13263,Emily,0.4900
1973-07-27,EP,1973206N13266,Florence,0.6125
1973-07-28,EP,1973199N11253,Doreen,2.4875
1973-07-28,EP,1973203N13263,Emily,0.1225
1973-07-28,EP,1973206N13266,Florence,1.2675
1973-07-29,EP,1973199N11253,Doreen,3.4300
1973-07-29,EP,1973206N13266,Florence,2.0525
1973-07-30,EP,1973199N11253,Doreen,2.8950
1973-07-30,EP,1973206N13266,Florence,0.1225
1973-07-30,EP,1973212N12259,Glenda,0.1600
1973-07-31,EP,1973199N11253,Doreen,2.2550
1973-07-31,EP,1973212N12259,Glenda,0.9525
1973-07-31,NA,1973212N33286,Alfa,0.5650
1973-08-01,EP,1973199N11253,Doreen,1.5075
1973-08-01,EP,1973212N12259,Glenda,0.6025
1973-08-01,NA,1973212N33286,Alfa,0.4050
1973-08-02,EP,1973199N11253,Doreen,0.6975
1973-08-02,EP,1973212N12259,Glenda,0.4900
1973-08-03,EP,1973212N12259,Glenda,0.4900
1973-08-04,EP,1973212N12259,Glenda,0.5700
1973-08-05,EP,1973212N12259,Glenda,0.5225
1973-08-18,NA,1973230N21276,Brenda,0.6275
1973-08-19,NA,1973230N21276,Brenda,1.1150
1973-08-20,NA,1973230N21276,Brenda,1.1775
1973-08-21,NA,1973230N21276,Brenda,1.8000
1973-08-28,NA,1973238N11346,Christine,0.4425
1973-08-29,NA,1973238N11346,Christine,0.6400
1973-08-30,NA,1973238N11346,Christine,0.6400
1973-08-31,EP,1973243N14266,Heather,0.4050
1973-08-31,NA,1973238N11346,Christine,0.8625
1973-09-01,EP,1973243N14266,Heather,0.4050
1973-09-01,NA,1973238N11346,Christine,0.7500
1973-09-02,NA,1973238N11346,Christine,0.6550
1973-09-02,NA,1973245N21274,Delia,0.1600
1973-09-03,NA,1973238N11346,Christine,0.3625
1973-09-03,NA,1973245N21274,Delia,0.7700
1973-09-04,NA,1973245N21274,Delia,1.7050
1973-09-05,NA,1973245N21274,Delia,1.2250
1973-09-06,NA,1973245N21274,Delia,0.7825
1973-09-12,NA,1973250N18274,Unnamed,0.2450
1973-09-13,NA,1973250N18274,Unnamed,0.1225
1973-09-14,NA,1973257N11341,Ellen,0.4425
1973-09-15,NA,1973257N11341,Ellen,0.7250
1973-09-16,NA,1973257N11341,Ellen,0.6400
1973-09-17,NA,1973257N11341,Ellen,0.5275
1973-09-18,NA,1973257N11341,Ellen,1.0725
1973-09-19,NA,1973257N11341,Ellen,1.8250
1973-09-20,NA,1973257N11341,Ellen,2.3375
1973-09-21,NA,1973257N11341,Ellen,3.6150
1973-09-22,NA,1973257N11341,Ellen,3.3525
1973-09-23,EP,1973265N13258,Irah,0.9700
1973-09-24,EP,1973265N13258,Irah,2.5750
1973-09-24,EP,1973266N13246,Jennifer,0.1225
1973-09-25,EP,1973265N13258,Irah,3.0125
1973-09-25,EP,1973266N13246,Jennifer,0.3675
1973-09-26,EP,1973265N13258,Irah,0.7950
1973-09-29,EP,1973273N12250,Katherine,0.1600
1973-09-30,EP,1973273N12250,Katherine,1.0150
1973-10-01,EP,1973273N12250,Katherine,1.9800
1973-10-02,EP,1973273N12250,Katherine,2.8900
1973-10-03,EP,1973273N12250,Katherine,2.3275
1973-10-04,EP,1973273N12250,Katherine,1.3875
1973-10-05,EP,1973273N12250,Katherine,1.0000
1973-10-05,EP,1973278N11257,Lillian,0.4050
1973-10-06,EP,1973273N12250,Katherine,0.8575
1973-10-06,EP,1973278N11257,Lillian,0.9050
1973-10-07,EP,1973273N12250,Katherine,0.6400
1973-10-07,EP,1973278N11257,Lillian,1.5125
1973-10-07,NA,1973278N39329,Unnamed,0.4050
1973-10-08,EP,1973273N12250,Katherine,0.4900
1973-10-08,EP,1973278N11257,Lillian,2.1050
1973-10-08,NA,1973278N39329,Unnamed,1.0575
1973-10-09,EP,1973278N11257,Lillian,0.9425
1973-10-09,NA,1973278N39329,Unnamed,0.9150
1973-10-09,NA,1973281N28288,Fran,0.7875
1973-10-10,NA,1973281N28288,Fran,1.4700
1973-10-11,NA,1973281N28288,Fran,2.1050
1973-10-12,NA,1973281N28288,Fran,1.1250
1973-10-17,NA,1973289N16278,Gilda,0.1225
1973-10-18,NA,1973289N16278,Gilda,0.9725
1973-10-19,NA,1973289N16278,Gilda,0.9050
1973-10-20,NA,1973289N16278,Gilda,0.7500
1973-10-21,NA,1973289N16278,Gilda,0.8150
1973-10-22,NA,1973289N16278,Gilda,0.2450
1973-10-25,NA,1973289N16278,Gilda,0.6050
1973-10-26,NA,1973289N16278,Gilda,1.3825
1973-10-27,NA,1973289N16278,Gilda,0.6050
1973-11-18,NA,1973322N10280,Unnamed,0.4900
1973-11-19,NA,1973322N10280,Unnamed,0.1225
1974-05-28,EP,1974148N14259,Aletta,0.6550
1974-05-29,EP,1974148N14259,Aletta,0.7500
1974-06-06,EP,1974156N12253,Blanca,0.1225
1974-06-07,EP,1974156N12253,Blanca,0.6175
1974-06-08,EP,1974156N12253,Blanca,0.5700
1974-06-08,EP,1974158N10258,Connie,0.1225
1974-06-09,EP,1974158N10258,Connie,0.5650
1974-06-10,EP,1974158N10258,Connie,0.6400
1974-06-11,EP,1974158N10258,Connie,0.6400
1974-06-12,EP,1974158N10258,Connie,1.1775
1974-06-13,EP,1974158N10258,Connie,2.6525
1974-06-14,EP,1974158N10258,Connie,3.4750
1974-06-14,EP,1974166N13263,Dolores,0.1600
1974-06-15,EP,1974158N10258,Connie,1.8300
1974-06-15,EP,1974166N13263,Dolores,1.2200
1974-06-16,EP,1974158N10258,Connie,1.1050
1974-06-16,EP,1974166N13263,Dolores,1.9600
1974-06-17,EP,1974158N10258,Connie,0.2825
1974-06-19,EP,1974158N10258,Connie,0.5275
1974-06-22,NA,1974174N19265,Unnamed,0.1225
1974-06-23,NA,1974174N19265,Unnamed,0.6400
1974-06-24,NA,1974174N19265,Unnamed,0.2450
1974-06-25,NA,1974174N19265,Unnamed,0.4050
1974-06-26,NA,1974174N19265,Unnamed,0.1225
1974-07-02,EP,1974183N15249,Eileen,0.4900
1974-07-16,EP,1974195N12261,Francesca,0.9525
1974-07-17,EP,1974195N12261,Francesca,1.2725
1974-07-17,NA,1974196N27284,Unnamed,0.5650
1974-07-18,EP,1974195N12261,Francesca,1.5025
1974-07-18,EP,1974198N14244,Gretchen,0.2500
1974-07-18,NA,1974196N27284,Unnamed,0.9050
1974-07-19,EP,1974195N12261,Francesca,1.2050
1974-07-19,EP,1974198N14244,Gretchen,1.8625
1974-07-19,NA,1974196N27284,Unnamed,0.8150
1974-07-20,EP,1974198N14244,Gretchen,0.2825
1974-08-10,EP,1974222N13251,Helga,0.1225
1974-08-11,EP,1974222N13251,Helga,0.5275
1974-08-12,EP,1974222N13251,Helga,0.4050
1974-08-13,NA,1974223N38290,Unnamed,0.6075
1974-08-13,NA,1974225N10317,Alma,0.4100
1974-08-14,NA,1974223N38290,Unnamed,0.8025
1974-08-14,NA,1974225N10317,Alma,0.9100
1974-08-15,NA,1974223N38290,Unnamed,0.2025
1974-08-15,NA,1974225N10317,Alma,0.4050
1974-08-20,EP,1974232N13235,Ione,0.1225
1974-08-21,EP,1974232N13235,Ione,0.3675
1974-08-22,EP,1974234N14251,Joyce,0.1225
1974-08-22,EP,1974235N14235,Kirsten,0.1600
1974-08-23,EP,1974232N13235,Ione,0.4225
1974-08-23,EP,1974234N11214,Olive,0.3200
1974-08-23,EP,1974234N14251,Joyce,0.7275
1974-08-23,EP,1974235N11243,Lorraine,0.3675
1974-08-23,EP,1974235N14235,Kirsten,1.0300
1974-08-24,EP,1974232N13235,Ione,3.1825
1974-08-24,EP,1974234N11214,Olive,0.1600
1974-08-24,EP,1974234N14251,Joyce,2.0325
1974-08-24,EP,1974235N11243,Lorraine,0.6025
1974-08-24,EP,1974235N14235,Kirsten,2.1775
1974-08-25,EP,1974232N13235,Ione,3.2400
1974-08-25,EP,1974234N14251,Joyce,1.6325
1974-08-25,EP,1974235N11243,Lorraine,0.6825
1974-08-25,EP,1974235N14235,Kirsten,1.6625
1974-08-26,EP,1974232N13235,Ione,3.2400
1974-08-26,EP,1974234N14251,Joyce,1.5700
1974-08-26,EP,1974235N11243,Lorraine,0.6450
1974-08-26,EP,1974235N14235,Kirsten,0.8575
1974-08-26,EP,1974238N12255,Maggie,0.8650
1974-08-27,EP,1974232N13235,Ione,1.7200
1974-08-27,EP,1974234N14251,Joyce,1.0425
1974-08-27,EP,1974235N11243,Lorraine,0.1225
1974-08-27,EP,1974235N14235,Kirsten,0.6450
1974-08-27,EP,1974238N12255,Maggie,2.7625
1974-08-28,EP,1974235N14235,Kirsten,0.4900
1974-08-28,EP,1974238N12255,Maggie,5.5300
1974-08-28,NA,1974239N27291,Becky,0.3250
1974-08-29,EP,1974238N12255,Maggie,4.4225
1974-08-29,NA,1974239N27291,Becky,1.8725
1974-08-30,EP,1974238N12255,Maggie,1.6900
1974-08-30,NA,1974239N27291,Becky,3.2400
1974-08-30,NA,1974241N16304,Carmen,0.2825
1974-08-31,EP,1974238N12255,Maggie,1.3350
1974-08-31,NA,1974239N27291,Becky,4.5375
1974-08-31,NA,1974241N16304,Carmen,1.2550
1974-09-01,EP,1974238N12255,Maggie,0.4850
1974-09-01,NA,1974239N27291,Becky,3.0425
1974-09-01,NA,1974241N16304,Carmen,3.5525
1974-09-02,NA,1974239N27291,Becky,0.5200
1974-09-02,NA,1974241N16304,Carmen,6.0125
1974-09-03,NA,1974241N16304,Carmen,0.9575
1974-09-03,NA,1974246N27292,Dolly,0.2825
1974-09-04,NA,1974241N16304,Carmen,1.1050
1974-09-04,NA,1974246N27292,Dolly,0.5650
1974-09-05,NA,1974241N16304,Carmen,1.3975
1974-09-06,NA,1974241N16304,Carmen,1.9550
1974-09-07,NA,1974241N16304,Carmen,4.0250
1974-09-07,NA,1974248N15310,Elaine,0.2450
1974-09-08,NA,1974241N16304,Carmen,3.3350
1974-09-09,NA,1974241N16304,Carmen,0.2025
1974-09-09,NA,1974248N15310,Elaine,0.1225
1974-09-10,EP,1974253N15259,Norma,0.7850
1974-09-10,NA,1974248N15310,Elaine,0.4625
1974-09-11,NA,1974248N15310,Elaine,0.8100
1974-09-12,NA,1974248N15310,Elaine,0.8100
1974-09-13,NA,1974248N15310,Elaine,0.7675
1974-09-14,NA,1974248N15310,Elaine,0.1600
1974-09-16,NA,1974258N15295,Fifi:Orlene,0.4900
1974-09-17,NA,1974258N15295,Fifi:Orlene,0.9950
1974-09-18,NA,1974258N15295,Fifi:Orlene,2.5750
1974-09-19,NA,1974258N15295,Fifi:Orlene,2.1675
1974-09-20,NA,1974258N15295,Fifi:Orlene,0.8925
1974-09-21,EP,1974258N15295,Fifi:Orlene,0.1600
1974-09-22,EP,1974258N15295,Fifi:Orlene,0.7300
1974-09-23,EP,1974258N15295,Fifi:Orlene,1.4850
1974-09-24,EP,1974258N15295,Fifi:Orlene,0.8100
1974-09-28,NA,1974271N11315,Gertrude,1.1600
1974-09-29,NA,1974271N11315,Gertrude,2.0025
1974-09-30,NA,1974271N11315,Gertrude,1.2600
1974-10-01,NA,1974271N11315,Gertrude,0.6400
1974-10-02,NA,1974271N11315,Gertrude,0.1225
1974-10-05,NA,1974277N21285,Unnamed,0.4525
1974-10-06,NA,1974277N21285,Unnamed,1.2100
1974-10-07,EP,1974280N10258,Patricia,0.9550
1974-10-07,NA,1974277N21285,Unnamed,0.7500
1974-10-08,EP,1974280N10258,Patricia,2.4100
1974-10-08,NA,1974277N21285,Unnamed,0.1225
1974-10-09,EP,1974280N10258,Patricia,2.5600
1974-10-10,EP,1974280N10258,Patricia,2.4050
1974-10-11,EP,1974280N10258,Patricia,1.4475
1974-10-12,EP,1974280N10258,Patricia,0.1600
1974-10-19,NA,1974289N40330,Unnamed,0.6875
1974-10-20,NA,1974289N40330,Unnamed,0.9050
1974-10-21,EP,1974294N15228,Rosalie,0.9775
1974-10-22,EP,1974294N15228,Rosalie,0.9625
1974-10-23,EP,1974294N15228,Rosalie,0.3675
1975-01-05,NA,1975005N32316,Unnamed,0.5000
1975-01-06,NA,1975005N32316,Unnamed,1.1575
1975-01-07,NA,1975005N32316,Unnamed,0.6125
1975-01-08,NA,1975005N32316,Unnamed,0.2825
1975-06-03,EP,1975153N14261,Agatha,0.4850
1975-06-04,EP,1975153N14261,Agatha,1.4650
1975-06-05,EP,1975153N14261,Agatha,0.4525
1975-06-28,EP,1975179N15250,Bridget,0.2825
1975-06-28,NA,1975178N28281,Amy,0.1600
1975-06-29,EP,1975179N15250,Bridget,0.7675
1975-06-29,NA,1975178N28281,Amy,0.9525
1975-06-30,EP,1975179N15250,Bridget,1.0525
1975-06-30,NA,1975178N28281,Amy,1.3250
1975-07-01,EP,1975179N15250,Bridget,0.8100
1975-07-01,NA,1975178N28281,Amy,1.4450
1975-07-02,EP,1975179N15250,Bridget,0.1600
1975-07-02,EP,1975183N11259,Carlotta,0.1225
1975-07-02,NA,1975178N28281,Amy,1.8250
1975-07-03,EP,1975183N11259,Carlotta,0.9875
1975-07-03,NA,1975178N28281,Amy,1.6900
1975-07-04,EP,1975183N11259,Carlotta,2.5850
1975-07-04,NA,1975178N28281,Amy,0.7550
1975-07-05,EP,1975183N11259,Carlotta,4.5225
1975-07-06,EP,1975183N11259,Carlotta,4.6300
1975-07-07,EP,1975183N11259,Carlotta,2.6975
1975-07-07,EP,1975186N11267,Denise,1.0150
1975-07-08,EP,1975183N11259,Carlotta,1.0150
1975-07-08,EP,1975186N11267,Denise,3.2075
1975-07-09,EP,1975183N11259,Carlotta,0.5650
1975-07-09,EP,1975186N11267,Denise,5.1925
1975-07-10,EP,1975186N11267,Denise,4.1225
1975-07-11,EP,1975186N11267,Denise,2.5600
1975-07-11,EP,1975192N14260,Eleanor,0.4900
1975-07-12,EP,1975186N11267,Denise,1.8300
1975-07-12,EP,1975192N14260,Eleanor,0.2450
1975-07-13,EP,1975186N11267,Denise,1.2500
1975-07-14,EP,1975186N11267,Denise,0.4050
1975-07-25,NA,1975205N26292,Blanche,0.2825
1975-07-26,NA,1975205N26292,Blanche,0.8575
1975-07-26,NA,1975206N21268,Unnamed,0.4425
1975-07-27,EP,1975208N16257,Francene,0.3250
1975-07-27,NA,1975205N26292,Blanche,1.6325
1975-07-27,NA,1975206N21268,Unnamed,0.1225
1975-07-28,EP,1975208N16257,Francene,0.6075
1975-07-28,NA,1975205N26292,Blanche,1.7625
1975-08-11,EP,1975223N14243,Georgette,0.1225
1975-08-12,EP,1975223N14243,Georgette,0.6025
1975-08-13,EP,1975223N14243,Georgette,0.1225
1975-08-13,EP,1975225N11253,Hilary,0.5225
1975-08-14,EP,1975225N11253,Hilary,0.8100
1975-08-15,EP,1975225N11253,Hilary,0.9050
1975-08-16,EP,1975225N11253,Hilary,0.2825
1975-08-18,EP,1975230N12264,Ilsa,0.2450
1975-08-19,EP,1975230N12264,Ilsa,0.5275
1975-08-20,EP,1975230N12264,Ilsa,1.3250
1975-08-21,EP,1975230N12264,Ilsa,2.1100
1975-08-22,EP,1975230N12264,Ilsa,2.6575
1975-08-23,EP,1975230N12264,Ilsa,3.2400
1975-08-24,EP,1975230N12264,Ilsa,3.2400
1975-08-25,EP,1975230N12264,Ilsa,2.6825
1975-08-25,EP,1975236N12260,Jewel,0.1600
1975-08-26,EP,1975230N12264,Ilsa,0.6850
1975-08-26,EP,1975236N12260,Jewel,0.8575
1975-08-27,EP,1975236N12260,Jewel,1.3300
1975-08-28,EP,1975236N12260,Jewel,1.2100
1975-08-28,NA,1975240N32316,Doris,0.2825
1975-08-29,EP,1975236N12260,Jewel,1.0100
1975-08-29,EP,1975241N10260,Katrina,0.8700
1975-08-29,NA,1975237N22290,Caroline,0.7350
1975-08-29,NA,1975240N32316,Doris,1.0250
1975-08-30,EP,1975236N12260,Jewel,0.6025
1975-08-30,EP,1975241N10260,Katrina,1.8925
1975-08-30,NA,1975237N22290,Caroline,1.6325
1975-08-30,NA,1975240N32316,Doris,1.5025
1975-08-31,EP,1975241N10260,Katrina,1.9600
1975-08-31,NA,1975237N22290,Caroline,2.8100
1975-08-31,NA,1975240N32316,Doris,1.8975
1975-09-01,EP,1975241N10260,Katrina,2.4825
1975-09-01,NA,1975237N22290,Caroline,0.3625
1975-09-01,NA,1975240N32316,Doris,2.4875
1975-09-02,EP,1975241N10260,Katrina,2.9825
1975-09-02,EP,1975243N31213,Unnamed,0.5650
1975-09-02,NA,1975240N32316,Doris,3.7125
1975-09-03,EP,1975241N10260,Katrina,4.5525
1975-09-03,EP,1975243N31213,Unnamed,1.2450
1975-09-03,NA,1975240N32316,Doris,2.9975
1975-09-04,EP,1975241N10260,Katrina,3.7625
1975-09-04,EP,1975243N31213,Unnamed,1.3500
1975-09-04,NA,1975240N32316,Doris,0.4225
1975-09-05,EP,1975241N10260,Katrina,1.3025
1975-09-05,EP,1975243N31213,Unnamed,0.1225
1975-09-06,EP,1975241N10260,Katrina,0.3200
1975-09-16,EP,1975260N16256,Lily,0.2025
1975-09-16,NA,1975256N17306,Eloise,0.7875
1975-09-17,EP,1975260N16256,Lily,0.6450
1975-09-17,NA,1975256N17306,Eloise,1.1100
1975-09-18,EP,1975260N16256,Lily,1.1300
1975-09-18,NA,1975256N17306,Eloise,0.4850
1975-09-19,EP,1975260N16256,Lily,2.1775
1975-09-19,NA,1975261N16328,Faye,0.4050
1975-09-20,EP,1975260N16256,Lily,1.9025
1975-09-20,NA,1975256N17306,Eloise,0.2450
1975-09-20,NA,1975261N16328,Faye,0.6400
1975-09-21,EP,1975260N16256,Lily,0.7125
1975-09-21,NA,1975256N17306,Eloise,0.9100
1975-09-21,NA,1975261N16328,Faye,0.6025
1975-09-22,NA,1975256N17306,Eloise,1.7925
1975-09-22,NA,1975261N16328,Faye,0.2450
1975-09-23,NA,1975256N17306,Eloise,3.3800
1975-09-23,NA,1975266N10325,Gladys,0.4850
1975-09-24,NA,1975256N17306,Eloise,0.1600
1975-09-24,NA,1975261N16328,Faye,0.1225
1975-09-24,NA,1975266N10325,Gladys,1.2725
1975-09-25,NA,1975261N16328,Faye,0.8450
1975-09-25,NA,1975266N10325,Gladys,1.8350
1975-09-26,NA,1975261N16328,Faye,2.1100
1975-09-26,NA,1975266N10325,Gladys,1.5750
1975-09-27,NA,1975261N16328,Faye,2.5600
1975-09-27,NA,1975266N10325,Gladys,1.3875
1975-09-28,NA,1975261N16328,Faye,2.4050
1975-09-28,NA,1975266N10325,Gladys,1.1625
1975-09-29,EP,1975272N12242,Monica,0.4900
1975-09-29,EP,1975272N13253,Nanette,0.1225
1975-09-29,NA,1975261N16328,Faye,0.4900
1975-09-29,NA,1975266N10325,Gladys,1.7100
1975-09-30,EP,1975272N12242,Monica,0.6075
1975-09-30,EP,1975272N13253,Nanette,0.5275
1975-09-30,NA,1975266N10325,Gladys,2.6525
1975-10-01,EP,1975272N12242,Monica,0.1225
1975-10-01,EP,1975272N13253,Nanette,0.8100
1975-10-01,NA,1975266N10325,Gladys,2.7300
1975-10-02,EP,1975272N13253,Nanette,0.7250
1975-10-02,NA,1975266N10325,Gladys,6.0250
1975-10-03,EP,1975272N13253,Nanette,0.6025
1975-10-03,NA,1975266N10325,Gladys,1.9325
1975-10-22,EP,1975295N14252,Olivia,0.3675
1975-10-23,EP,1975295N14252,Olivia,1.0475
1975-10-24,EP,1975295N14252,Olivia,2.9000
1975-10-25,EP,1975295N14252,Olivia,2.4650
1975-10-26,NA,1975297N29285,Hallie,0.2825
1975-10-27,NA,1975297N29285,Hallie,0.6075
1975-11-04,EP,1975306N12263,Priscilla,0.3675
1975-11-05,EP,1975306N12263,Priscilla,0.8575
1975-11-06,EP,1975306N12263,Priscilla,1.1100
1975-11-07,EP,1975306N12263,Priscilla,0.2025
1975-11-10,NA,1975313N17275,Unnamed,0.4900
1975-11-11,NA,1975313N17275,Unnamed,0.1225
1975-12-09,NA,1975340N38310,Unnamed,0.4050
1975-12-10,NA,1975340N38310,Unnamed,1.2725
1975-12-11,NA,1975340N38310,Unnamed,1.1050
1975-12-12,NA,1975340N38310,Unnamed,0.2825
1976-05-23,NA,1976143N24271,Unnamed,0.5650
1976-05-24,NA,1976143N24271,Unnamed,0.7250
1976-05-25,NA,1976143N24271,Unnamed,0.7250
1976-06-06,EP,1976155N11265,Annette,0.5650
1976-06-07,EP,1976155N11265,Annette,1.7100
1976-06-08,EP,1976155N11265,Annette,3.5225
1976-06-09,EP,1976155N11265,Annette,4.7775
1976-06-10,EP,1976155N11265,Annette,5.6425
1976-06-11,EP,1976155N11265,Annette,4.4550
1976-06-12,EP,1976155N11265,Annette,2.0600
1976-06-13,EP,1976155N11265,Annette,0.7650
1976-06-26,EP,1976178N16257,Bonny,0.4050
1976-06-27,EP,1976178N16257,Bonny,1.5700
1976-06-28,EP,1976178N16257,Bonny,0.6625
1976-07-15,EP,1976197N11252,Celeste,0.1225
1976-07-16,EP,1976197N11252,Celeste,0.8100
1976-07-16,EP,1976198N12258,Diana,0.3250
1976-07-17,EP,1976197N11252,Celeste,0.4050
1976-07-17,EP,1976198N12258,Diana,1.1300
1976-07-18,EP,1976198N12258,Diana,2.4100
1976-07-19,EP,1976198N12258,Diana,2.3275
1976-07-20,EP,1976198N12258,Diana,1.5375
1976-07-21,EP,1976198N12258,Diana,0.6275
1976-07-27,EP,1976209N13238,Estelle,0.3675
1976-07-28,EP,1976209N13238,Estelle,0.1225
1976-07-28,EP,1976210N12227,Fernanda,0.3675
1976-07-29,EP,1976210N12227,Fernanda,0.3675
1976-07-30,NA,1976211N28308,Anna,0.4425
1976-07-31,NA,1976211N28308,Anna,0.6400
1976-08-01,NA,1976211N28308,Anna,0.2450
1976-08-06,EP,1976218N10253,Gwen,0.7300
1976-08-07,EP,1976218N10253,Gwen,0.8100
1976-08-07,EP,1976220N12259,Hyacinth,0.4475
1976-08-07,NA,1976219N26287,Belle,1.1550
1976-08-08,EP,1976218N10253,Gwen,1.2100
1976-08-08,EP,1976220N12259,Hyacinth,1.2675
1976-08-08,NA,1976219N26287,Belle,3.3525
1976-08-09,EP,1976218N10253,Gwen,0.9525
1976-08-09,EP,1976220N12259,Hyacinth,1.9325
1976-08-09,NA,1976219N26287,Belle,3.9175
1976-08-10,EP,1976218N10253,Gwen,0.7250
1976-08-10,EP,1976220N12259,Hyacinth,3.9025
1976-08-10,NA,1976219N26287,Belle,1.1225
1976-08-11,EP,1976218N10253,Gwen,0.2450
1976-08-11,EP,1976220N12259,Hyacinth,3.4450
1976-08-12,EP,1976218N10253,Gwen,0.2025
1976-08-12,EP,1976220N12259,Hyacinth,2.3375
1976-08-13,EP,1976218N10253,Gwen,0.6825
1976-08-13,EP,1976220N12259,Hyacinth,0.7500
1976-08-14,EP,1976218N10253,Gwen,0.1225
1976-08-18,NA,1976232N32292,Candice,0.1225
1976-08-19,NA,1976231N26276,Dottie,0.1225
1976-08-19,NA,1976232N32292,Candice,0.6400
1976-08-20,NA,1976231N26276,Dottie,0.4850
1976-08-20,NA,1976232N32292,Candice,0.4050
1976-08-21,NA,1976231N26276,Dottie,0.1225
1976-08-21,NA,1976232N32292,Candice,1.2675
1976-08-22,NA,1976232N32292,Candice,2.0425
1976-08-22,NA,1976234N14312,Emmy,0.2825
1976-08-23,NA,1976232N32292,Candice,2.5600
1976-08-23,NA,1976234N14312,Emmy,0.5525
1976-08-24,NA,1976232N32292,Candice,1.4850
1976-08-24,NA,1976234N14312,Emmy,1.2675
1976-08-25,EP,1976237N13264,Iva,0.1225
1976-08-25,NA,1976234N14312,Emmy,1.2050
1976-08-26,EP,1976237N13264,Iva,1.0875
1976-08-26,NA,1976234N14312,Emmy,2.4150
1976-08-27,EP,1976237N13264,Iva,3.0050
1976-08-27,NA,1976234N14312,Emmy,2.8900
1976-08-28,EP,1976237N13264,Iva,5.0650
1976-08-28,NA,1976234N14312,Emmy,2.8900
1976-08-28,NA,1976241N13323,Frances,0.2500
1976-08-29,EP,1976237N13264,Iva,4.3325
1976-08-29,NA,1976234N14312,Emmy,3.0650
1976-08-29,NA,1976241N13323,Frances,1.1100
1976-08-30,EP,1976237N13264,Iva,1.9625
1976-08-30,NA,1976234N14312,Emmy,3.2400
1976-08-30,NA,1976241N13323,Frances,1.6900
1976-08-31,EP,1976237N13264,Iva,0.6550
1976-08-31,NA,1976234N14312,Emmy,3.0650
1976-08-31,NA,1976241N13323,Frances,0.9850
1976-09-01,NA,1976234N14312,Emmy,2.7250
1976-09-01,NA,1976241N13323,Frances,3.6150
1976-09-02,NA,1976234N14312,Emmy,2.5600
1976-09-02,NA,1976241N13323,Frances,3.4300
1976-09-03,EP,1976242N08268,Joanne,0.3200
1976-09-03,NA,1976234N14312,Emmy,2.1775
1976-09-03,NA,1976241N13323,Frances,1.8300
1976-09-04,EP,1976242N08268,Joanne,0.5700
1976-09-04,NA,1976234N14312,Emmy,0.8450
1976-09-04,NA,1976241N13323,Frances,0.4225
1976-09-08,EP,1976251N15251,Kathleen,1.0300
1976-09-09,EP,1976251N15251,Kathleen,1.0675
1976-09-10,EP,1976251N15251,Kathleen,0.9950
1976-09-14,NA,1976258N28279,Unnamed,0.2450
1976-09-15,NA,1976258N28279,Unnamed,0.4050
1976-09-23,EP,1976266N13220,Kate,0.6075
1976-09-24,EP,1976266N13220,Kate,1.3450
1976-09-25,EP,1976266N13220,Kate,1.9600
1976-09-26,EP,1976266N13220,Kate,2.1050
1976-09-26,EP,1976270N13253,Liza,0.1225
1976-09-27,EP,1976266N13220,Kate,2.4050
1976-09-27,EP,1976270N13253,Liza,0.9150
1976-09-27,NA,1976271N23302,Gloria,0.3250
1976-09-28,EP,1976266N13220,Kate,2.1775
1976-09-28,EP,1976270N13253,Liza,2.5950
1976-09-28,NA,1976271N23302,Gloria,1.3825
1976-09-29,EP,1976266N13220,Kate,1.5075
1976-09-29,EP,1976270N13253,Liza,4.7525
1976-09-29,EP,1976273N10270,Madeline,0.2450
1976-09-29,NA,1976271N23302,Gloria,1.6950
1976-09-30,EP,1976266N13220,Kate,0.9050
1976-09-30,EP,1976270N13253,Liza,5.7600
1976-09-30,NA,1976271N23302,Gloria,2.9825
1976-10-01,EP,1976266N13220,Kate,0.4050
1976-10-01,EP,1976270N13253,Liza,3.9725
1976-10-01,NA,1976271N23302,Gloria,2.7350
1976-10-02,NA,1976271N23302,Gloria,1.5125
1976-10-03,NA,1976271N23302,Gloria,0.7725
1976-10-04,EP,1976273N10270,Madeline,0.4900
1976-10-04,NA,1976271N23302,Gloria,0.1225
1976-10-05,EP,1976273N10270,Madeline,0.6075
1976-10-06,EP,1976273N10270,Madeline,1.5750
1976-10-07,EP,1976273N10270,Madeline,3.6600
1976-10-08,EP,1976273N10270,Madeline,4.0100
1976-10-23,NA,1976297N19304,Holly,0.1225
1976-10-24,NA,1976297N19304,Holly,0.6250
1976-10-25,EP,1976299N17244,Naomi,0.1225
1976-10-25,NA,1976297N19304,Holly,0.9225
1976-10-26,EP,1976299N17244,Naomi,0.4900
1976-10-26,NA,1976297N19304,Holly,0.8200
1976-10-27,EP,1976299N17244,Naomi,0.6450
1976-10-27,NA,1976297N19304,Holly,0.6400
1976-10-28,EP,1976299N17244,Naomi,0.6400
1976-10-28,NA,1976297N19304,Holly,0.4050
1976-10-29,EP,1976299N17244,Naomi,0.4425
1977-05-26,EP,1977146N12253,Ava,0.3625
1977-05-27,EP,1977146N12253,Ava,0.7250
1977-05-28,EP,1977146N12253,Ava,0.8725
1977-05-29,EP,1977146N12253,Ava,0.4425
1977-06-26,EP,1977177N13251,Bernice,0.2450
1977-06-27,EP,1977177N13251,Bernice,0.4900
1977-06-28,EP,1977177N13251,Bernice,0.1225
1977-07-03,EP,1977184N15249,Claudia,0.6550
1977-07-04,EP,1977184N15249,Claudia,2.0050
1977-07-05,EP,1977184N15249,Claudia,1.4400
1977-07-06,EP,1977184N15249,Claudia,0.8775
1977-08-13,EP,1977225N18254,Doreen,0.2025
1977-08-14,EP,1977225N18254,Doreen,1.2775
1977-08-15,EP,1977225N18254,Doreen,1.6900
1977-08-16,EP,1977225N18254,Doreen,0.9175
1977-08-17,EP,1977225N18254,Doreen,0.1225
1977-08-30,NA,1977242N27272,Anita,0.8325
1977-08-31,NA,1977242N27272,Anita,2.2550
1977-09-01,NA,1977242N27272,Anita,3.3825
1977-09-02,NA,1977242N27272,Anita,6.1400
1977-09-03,NA,1977242N27272,Anita,0.1600
1977-09-03,NA,1977246N27274,Babe,0.1225
1977-09-04,NA,1977246N27274,Babe,0.7350
1977-09-05,NA,1977246N27274,Babe,0.6725
1977-09-08,NA,1977249N33280,Clara,1.1700
1977-09-09,NA,1977249N33280,Clara,1.3350
1977-09-10,NA,1977249N33280,Clara,0.7675
1977-09-11,NA,1977249N33280,Clara,0.4050
1977-09-13,EP,1977256N14241,Emily,0.2450
1977-09-14,EP,1977256N14241,Emily,0.2450
1977-09-21,EP,1977264N14236,Florence,0.7875
1977-09-22,EP,1977264N14236,Florence,2.3625
1977-09-23,EP,1977264N14236,Florence,1.6125
1977-09-24,EP,1977267N11254,Glenda,0.4900
1977-09-27,NA,1977270N29289,Dorothy,0.3625
1977-09-28,NA,1977270N29289,Dorothy,1.5225
1977-09-29,NA,1977270N29289,Dorothy,1.4750
1977-10-04,EP,1977277N15253,Heather,0.4475
1977-10-05,EP,1977277N15253,Heather,1.8500
1977-10-06,EP,1977277N15253,Heather,1.4700
1977-10-07,EP,1977277N15253,Heather,0.3250
1977-10-14,NA,1977287N27297,Evelyn,0.5325
1977-10-15,NA,1977287N27297,Evelyn,1.8925
1977-10-17,NA,1977290N17277,Frieda,0.3625
1977-10-18,NA,1977290N17277,Frieda,0.4100
1978-01-19,NA,1978019N22316,Unnamed,0.1225
1978-01-20,NA,1978019N22316,Unnamed,0.4425
1978-01-21,NA,1978019N22316,Unnamed,0.6400
1978-01-22,NA,1978019N22316,Unnamed,0.2450
1978-05-30,EP,1978151N15260,Aletta,0.2825
1978-05-31,EP,1978151N15260,Aletta,1.0775
1978-06-17,EP,1978168N11242,Bud,0.2825
1978-06-18,EP,1978168N11242,Bud,1.0000
1978-06-18,EP,1978168N14254,Carlotta,0.5275
1978-06-19,EP,1978168N11242,Bud,0.6450
1978-06-19,EP,1978168N14254,Carlotta,1.5375
1978-06-20,EP,1978168N14254,Carlotta,3.6950
1978-06-21,EP,1978168N14254,Carlotta,5.0650
1978-06-22,EP,1978168N14254,Carlotta,5.0650
1978-06-23,EP,1978168N14254,Carlotta,2.9650
1978-06-24,EP,1978168N14254,Carlotta,1.0725
1978-06-25,EP,1978168N14254,Carlotta,0.1225
1978-06-27,EP,1978178N14260,Daniel,0.2450
1978-06-28,EP,1978178N14260,Daniel,0.3025
1978-06-29,EP,1978178N14260,Daniel,1.5025
1978-06-30,EP,1978178N14260,Daniel,3.1300
1978-07-01,EP,1978178N14260,Daniel,3.8100
1978-07-02,EP,1978178N14260,Daniel,2.0750
1978-07-03,EP,1978178N14260,Daniel,0.3250
1978-07-07,EP,1978188N15248,Emilia,0.6025
1978-07-08,EP,1978188N15248,Emilia,0.9525
1978-07-09,EP,1978188N15248,Emilia,1.0050
1978-07-10,EP,1978188N15248,Emilia,0.1225
1978-07-10,EP,1978190N11254,Fico,1.0500
1978-07-11,EP,1978190N11254,Fico,3.5250
1978-07-12,EP,1978190N11254,Fico,5.5250
1978-07-13,EP,1978190N11254,Fico,4.6300
1978-07-13,EP,1978194N11261,Gilma,0.3675
1978-07-14,EP,1978190N11254,Fico,3.8550
1978-07-14,EP,1978194N11261,Gilma,0.7350
1978-07-15,EP,1978190N11254,Fico,5.0700
1978-07-15,EP,1978194N11261,Gilma,1.5025
1978-07-16,EP,1978190N11254,Fico,5.0650
1978-07-16,EP,1978194N11261,Gilma,3.0225
1978-07-17,EP,1978190N11254,Fico,3.8750
1978-07-17,EP,1978194N11261,Gilma,3.2400
1978-07-18,EP,1978190N11254,Fico,2.5600
1978-07-18,EP,1978194N11261,Gilma,2.6050
1978-07-19,EP,1978190N11254,Fico,3.1525
1978-07-19,EP,1978194N11261,Gilma,0.8650
1978-07-20,EP,1978190N11254,Fico,3.6150
1978-07-21,EP,1978190N11254,Fico,4.0000
1978-07-22,EP,1978190N11254,Fico,3.7075
1978-07-22,EP,1978203N13260,Hector,0.5325
1978-07-23,EP,1978190N11254,Fico,3.5175
1978-07-23,EP,1978203N13260,Hector,1.6325
1978-07-24,EP,1978190N11254,Fico,2.7250
1978-07-24,EP,1978203N13260,Hector,2.1100
1978-07-25,EP,1978190N11254,Fico,2.4100
1978-07-25,EP,1978203N13260,Hector,5.4225
1978-07-26,EP,1978190N11254,Fico,2.0325
1978-07-26,EP,1978203N13260,Hector,3.9225
1978-07-27,EP,1978190N11254,Fico,1.9600
1978-07-27,EP,1978203N13260,Hector,1.9750
1978-07-28,EP,1978190N11254,Fico,0.4850
1978-07-28,EP,1978203N13260,Hector,1.0050
1978-07-29,EP,1978190N11254,Fico,0.6025
1978-07-31,NA,1978212N26263,Amelia,0.4850
1978-08-06,NA,1978218N25270,Bess,0.1225
1978-08-07,NA,1978218N25270,Bess,0.6825
1978-08-08,NA,1978218N25270,Bess,0.3625
1978-08-08,NA,1978220N13325,Cora,0.6725
1978-08-09,NA,1978220N13325,Cora,2.1925
1978-08-10,NA,1978220N13325,Cora,1.2150
1978-08-11,EP,1978223N18252,Iva,0.5050
1978-08-11,NA,1978220N13325,Cora,0.3250
1978-08-12,EP,1978223N18252,Iva,1.3250
1978-08-13,EP,1978223N18252,Iva,1.6275
1978-08-14,EP,1978223N18252,Iva,0.9875
1978-08-19,EP,1978230N12239,John,0.5275
1978-08-19,EP,1978231N13224,Lane,0.1225
1978-08-19,EP,1978231N14251,Kristy,1.0875
1978-08-20,EP,1978230N12239,John,1.3825
1978-08-20,EP,1978231N13224,Lane,0.8100
1978-08-20,EP,1978231N14251,Kristy,2.4825
1978-08-21,EP,1978230N12239,John,1.2200
1978-08-21,EP,1978231N13224,Lane,0.7675
1978-08-21,EP,1978231N14251,Kristy,3.1525
1978-08-22,EP,1978230N12239,John,1.6325
1978-08-22,EP,1978231N13224,Lane,0.2825
1978-08-22,EP,1978231N14251,Kristy,2.9925
1978-08-23,EP,1978230N12239,John,1.4450
1978-08-23,EP,1978231N14251,Kristy,1.7575
1978-08-24,EP,1978230N12239,John,2.1150
1978-08-24,EP,1978231N14251,Kristy,1.3300
1978-08-25,EP,1978230N12239,John,2.3000
1978-08-25,EP,1978231N14251,Kristy,1.8350
1978-08-26,EP,1978230N12239,John,0.9050
1978-08-26,EP,1978231N14251,Kristy,0.9150
1978-08-27,EP,1978230N12239,John,0.5650
1978-08-27,EP,1978231N14251,Kristy,0.3675
1978-08-27,EP,1978236N11245,Miriam,0.4900
1978-08-28,EP,1978230N12239,John,0.4900
1978-08-28,EP,1978236N11245,Miriam,1.7150
1978-08-28,NA,1978239N23272,Debra,0.1600
1978-08-29,EP,1978230N12239,John,0.4900
1978-08-29,EP,1978236N11245,Miriam,1.7400
1978-08-29,NA,1978239N23272,Debra,0.2500
1978-08-30,EP,1978236N11245,Miriam,0.8100
1978-08-30,NA,1978242N26300,Ella,0.1600
1978-08-31,EP,1978236N11245,Miriam,0.4850
1978-08-31,EP,1978243N13262,Norman,0.6925
1978-08-31,NA,1978242N26300,Ella,1.4025
1978-09-01,EP,1978243N13262,Norman,1.7100
1978-09-01,NA,1978242N26300,Ella,4.2300
1978-09-02,EP,1978243N13262,Norman,4.8700
1978-09-02,NA,1978242N26300,Ella,3.2325
1978-09-03,EP,1978243N13262,Norman,5.2950
1978-09-03,NA,1978242N26300,Ella,2.7550
1978-09-04,EP,1978243N13262,Norman,1.7250
1978-09-04,NA,1978242N26300,Ella,5.2950
1978-09-04,NA,1978247N12321,Flossie,0.2450
1978-09-05,EP,1978243N13262,Norman,0.4850
1978-09-05,NA,1978242N26300,Ella,2.1650
1978-09-05,NA,1978247N12321,Flossie,0.4900
1978-09-06,NA,1978247N12321,Flossie,0.5275
1978-09-07,NA,1978247N12321,Flossie,0.6400
1978-09-08,NA,1978247N12321,Flossie,0.2825
1978-09-11,NA,1978247N12321,Flossie,0.6275
1978-09-12,NA,1978247N12321,Flossie,1.9850
1978-09-13,NA,1978247N12321,Flossie,2.7300
1978-09-14,NA,1978247N12321,Flossie,2.2500
1978-09-14,NA,1978257N11298,Greta:Olivia,0.2450
1978-09-15,NA,1978247N12321,Flossie,1.2875
1978-09-15,NA,1978255N30280,Hope,0.2450
1978-09-15,NA,1978257N11298,Greta:Olivia,0.7725
1978-09-16,NA,1978255N30280,Hope,0.4900
1978-09-16,NA,1978257N11298,Greta:Olivia,0.7925
1978-09-17,NA,1978255N30280,Hope,0.4850
1978-09-17,NA,1978257N11298,Greta:Olivia,2.3525
1978-09-18,NA,1978255N30280,Hope,0.5525
1978-09-18,NA,1978257N11298,Greta:Olivia,4.6350
1978-09-19,NA,1978255N30280,Hope,0.9075
1978-09-19,NA,1978257N11298,Greta:Olivia,1.1525
1978-09-20,EP,1978257N11298,Greta:Olivia,0.5475
1978-09-20,NA,1978255N30280,Hope,1.0525
1978-09-21,EP,1978257N11298,Greta:Olivia,1.2675
1978-09-21,NA,1978255N30280,Hope,0.4525
1978-09-22,EP,1978257N11298,Greta:Olivia,1.5175
1978-09-25,EP,1978266N14260,Paul,0.2825
1978-09-26,EP,1978266N14260,Paul,0.2825
1978-10-03,EP,1978276N14257,Rosa,1.0050
1978-10-04,EP,1978276N14257,Rosa,1.8300
1978-10-04,NA,1978276N32329,Irma,0.3625
1978-10-05,EP,1978276N14257,Rosa,1.9075
1978-10-05,NA,1978276N32329,Irma,0.5225
1978-10-06,EP,1978276N14257,Rosa,0.6275
1978-10-08,NA,1978281N18304,Juliet,0.2825
1978-10-09,NA,1978281N18304,Juliet,0.8100
1978-10-10,NA,1978281N18304,Juliet,0.8100
1978-10-11,NA,1978281N18304,Juliet,0.4850
1978-10-18,EP,1978291N10215,Susan,0.4900
1978-10-18,EP,1978292N16252,Sergio,0.1225
1978-10-19,EP,1978291N10215,Susan,1.1725
1978-10-19,EP,1978292N16252,Sergio,0.4900
1978-10-20,EP,1978291N10215,Susan,2.2500
1978-10-20,EP,1978292N16252,Sergio,0.1225
1978-10-21,EP,1978291N10215,Susan,3.0125
1978-10-22,EP,1978291N10215,Susan,4.5325
1978-10-23,EP,1978291N10215,Susan,1.1125
1978-10-29,NA,1978302N24287,Kendra,0.8850
1978-10-30,NA,1978302N24287,Kendra,1.7575
1978-10-31,NA,1978302N24287,Kendra,0.8100
1978-11-01,NA,1978302N24287,Kendra,0.2025
1979-06-02,EP,1979152N11265,Andres,0.4050
1979-06-03,EP,1979152N11265,Andres,1.3875
1979-06-04,EP,1979152N11265,Andres,1.7850
1979-06-22,EP,1979172N10257,Blanca,0.7300
1979-06-22,NA,1979171N10315,Ana,0.6925
1979-06-23,EP,1979172N10257,Blanca,0.8100
1979-06-23,NA,1979171N10315,Ana,0.1225
1979-06-24,EP,1979172N10257,Blanca,0.5650
1979-06-25,EP,1979172N10257,Blanca,0.1225
1979-07-10,NA,1979191N22264,Bob,0.6750
1979-07-11,NA,1979191N22264,Bob,1.4275
1979-07-15,EP,1979196N17257,Carlos,0.6875
1979-07-17,EP,1979198N11256,Dolores,0.1225
1979-07-17,NA,1979197N13314,Claudette,0.2825
1979-07-18,EP,1979198N11256,Dolores,0.9550
1979-07-18,NA,1979197N13314,Claudette,0.1225
1979-07-19,EP,1979198N11256,Dolores,1.8975
1979-07-20,EP,1979198N11256,Dolores,3.4450
1979-07-21,EP,1979198N11256,Dolores,3.3350
1979-07-22,EP,1979198N11256,Dolores,0.9700
1979-07-23,NA,1979197N13314,Claudette,0.2450
1979-07-24,NA,1979197N13314,Claudette,0.6875
1979-07-25,NA,1979197N13314,Claudette,0.2825
1979-08-18,EP,1979230N11246,Enrique,0.7975
1979-08-19,EP,1979230N11246,Enrique,1.8250
1979-08-20,EP,1979230N11246,Enrique,1.7575
1979-08-21,EP,1979230N11246,Enrique,1.7250
1979-08-21,EP,1979233N14258,Fefa,0.5850
1979-08-22,EP,1979230N11246,Enrique,5.7750
1979-08-22,EP,1979233N14258,Fefa,2.6350
1979-08-23,EP,1979230N11246,Enrique,2.2775
1979-08-23,EP,1979233N14258,Fefa,3.2600
1979-08-24,EP,1979233N14258,Fefa,0.8475
1979-08-26,NA,1979238N12324,David,0.4850
1979-08-27,NA,1979238N12324,David,2.2675
1979-08-28,NA,1979238N12324,David,6.1375
1979-08-29,NA,1979238N12324,David,6.0050
1979-08-30,NA,1979238N12324,David,8.0025
1979-08-30,NA,1979241N11335,Frederic,0.2825
1979-08-30,NA,1979242N26271,Elena,0.1225
1979-08-31,NA,1979238N12324,David,8.5575
1979-08-31,NA,1979241N11335,Frederic,1.0575
1979-08-31,NA,1979242N26271,Elena,0.4900
1979-09-01,NA,1979238N12324,David,3.4725
1979-09-01,NA,1979241N11335,Frederic,1.6275
1979-09-01,NA,1979242N26271,Elena,0.3675
1979-09-02,NA,1979238N12324,David,1.9650
1979-09-02,NA,1979241N11335,Frederic,1.3825
1979-09-03,NA,1979238N12324,David,2.7250
1979-09-03,NA,1979241N11335,Frederic,1.1050
1979-09-04,NA,1979238N12324,David,2.8075
1979-09-04,NA,1979241N11335,Frederic,0.8575
1979-09-05,NA,1979238N12324,David,1.0875
1979-09-05,NA,1979241N11335,Frederic,0.7250
1979-09-06,NA,1979238N12324,David,0.4800
1979-09-06,NA,1979241N11335,Frederic,0.4050
1979-09-06,NA,1979248N16339,Gloria,0.3250
1979-09-07,NA,1979248N16339,Gloria,1.6375
1979-09-08,NA,1979248N16339,Gloria,2.2500
1979-09-09,EP,1979252N16259,Guillermo,0.4800
1979-09-09,NA,1979241N11335,Frederic,0.7350
1979-09-09,NA,1979248N16339,Gloria,2.1775
1979-09-10,EP,1979252N16259,Guillermo,0.6450
1979-09-10,NA,1979241N11335,Frederic,1.5750
1979-09-10,NA,1979248N16339,Gloria,1.6950
1979-09-11,EP,1979252N16259,Guillermo,1.0775
1979-09-11,NA,1979241N11335,Frederic,2.8275
1979-09-11,NA,1979248N16339,Gloria,1.3875
1979-09-12,EP,1979252N16259,Guillermo,1.1550
1979-09-12,NA,1979241N11335,Frederic,4.8550
1979-09-12,NA,1979248N16339,Gloria,2.4150
1979-09-13,NA,1979241N11335,Frederic,2.8500
1979-09-13,NA,1979248N16339,Gloria,2.8075
1979-09-14,NA,1979241N11335,Frederic,0.4050
1979-09-14,NA,1979248N16339,Gloria,2.2550
1979-09-15,NA,1979248N16339,Gloria,0.4225
1979-09-16,NA,1979258N20273,Henri,0.3250
1979-09-17,NA,1979258N20273,Henri,1.7775
1979-09-18,NA,1979258N20273,Henri,1.1925
1979-09-19,NA,1979258N20273,Henri,0.4050
1979-10-05,EP,1979277N13256,Hilda,0.4425
1979-10-24,EP,1979297N12265,Ignacio,0.2450
1979-10-24,NA,1979297N29294,Unnamed,0.8325
1979-10-25,EP,1979297N12265,Ignacio,0.6025
1979-10-25,NA,1979297N29294,Unnamed,0.8125
1979-10-26,EP,1979297N12265,Ignacio,1.3550
1979-10-27,EP,1979297N12265,Ignacio,3.8225
1979-10-28,EP,1979297N12265,Ignacio,4.5725
1979-10-29,EP,1979297N12265,Ignacio,1.9275
1979-10-30,EP,1979297N12265,Ignacio,0.6050
1979-11-16,EP,1979319N09272,Jimena,0.9150
1979-11-17,EP,1979319N09272,Jimena,0.8775
1980-06-09,EP,1980161N09249,Agatha,0.2025
1980-06-10,EP,1980161N09249,Agatha,1.3550
1980-06-11,EP,1980161N09249,Agatha,2.2650
1980-06-12,EP,1980161N09249,Agatha,3.4350
1980-06-13,EP,1980161N09249,Agatha,1.5850
1980-06-14,EP,1980161N09249,Agatha,0.3250
1980-06-16,EP,1980169N12250,Blas,0.1225
1980-06-17,EP,1980169N12250,Blas,0.8725
1980-06-18,EP,1980169N12250,Blas,0.7300
1980-06-19,EP,1980169N12250,Blas,0.2450
1980-06-25,EP,1980177N13259,Celia,0.1600
1980-06-26,EP,1980177N13259,Celia,1.2875
1980-06-27,EP,1980177N13259,Celia,1.6900
1980-06-28,EP,1980177N13259,Celia,1.5700
1980-06-29,EP,1980177N13259,Celia,0.2500
1980-07-02,EP,1980183N13250,Darby,0.5275
1980-07-12,EP,1980194N16252,Estelle,0.4050
1980-07-20,EP,1980200N13249,Frank,0.3625
1980-07-21,EP,1980200N13249,Frank,0.3675
1980-07-29,EP,1980210N17251,Georgette,0.8650
1980-07-30,EP,1980210N17251,Georgette,0.9150
1980-07-31,EP,1980213N11256,Howard,0.3200
1980-08-01,EP,1980213N11256,Howard,1.2725
1980-08-02,EP,1980213N11256,Howard,2.1775
1980-08-02,NA,1980214N11330,Allen,0.9875
1980-08-03,EP,1980213N11256,Howard,2.4100
1980-08-03,NA,1980214N11330,Allen,2.4550
1980-08-04,EP,1980213N11256,Howard,2.8125
1980-08-04,NA,1980214N11330,Allen,5.7850
1980-08-05,EP,1980213N11256,Howard,1.9750
1980-08-05,NA,1980214N11330,Allen,8.7150
1980-08-06,EP,1980213N11256,Howard,0.9725
1980-08-06,EP,1980219N15258,Isis,0.6750
1980-08-06,NA,1980214N11330,Allen,6.1675
1980-08-07,EP,1980213N11256,Howard,0.1225
1980-08-07,EP,1980219N15258,Isis,1.6325
1980-08-07,NA,1980214N11330,Allen,9.0500
1980-08-08,EP,1980219N15258,Isis,2.4875
1980-08-08,NA,1980214N11330,Allen,7.1050
1980-08-09,EP,1980219N15258,Isis,2.1875
1980-08-09,NA,1980214N11330,Allen,8.0275
1980-08-10,EP,1980219N15258,Isis,1.2250
1980-08-10,NA,1980214N11330,Allen,3.4225
1980-08-11,EP,1980219N15258,Isis,0.1600
1980-08-11,NA,1980214N11330,Allen,0.5625
1980-08-14,NA,1980227N13325,Bonnie,0.3250
1980-08-15,NA,1980227N13325,Bonnie,0.9100
1980-08-16,NA,1980227N13325,Bonnie,2.7300
1980-08-17,NA,1980227N13325,Bonnie,1.8300
1980-08-18,NA,1980227N13325,Bonnie,1.6900
1980-08-19,NA,1980227N13325,Bonnie,1.2675
1980-08-21,NA,1980234N36287,Charley,0.2825
1980-08-22,NA,1980234N36287,Charley,1.1150
1980-08-23,EP,1980236N13255,Javier,0.4525
1980-08-23,NA,1980234N36287,Charley,1.8925
1980-08-24,EP,1980236N13255,Javier,2.3050
1980-08-24,NA,1980234N36287,Charley,1.2875
1980-08-25,EP,1980236N13255,Javier,3.8100
1980-08-25,NA,1980234N36287,Charley,0.4900
1980-08-26,EP,1980236N13255,Javier,1.9650
1980-08-27,EP,1980236N13255,Javier,1.0500
1980-09-05,NA,1980249N18336,Earl,0.6025
1980-09-05,NA,1980249N28269,Danielle,0.2500
1980-09-06,NA,1980249N18336,Earl,0.7250
1980-09-06,NA,1980249N28269,Danielle,0.2825
1980-09-06,NA,1980250N13341,Frances,0.1225
1980-09-07,NA,1980245N16322,Georges,0.9150
1980-09-07,NA,1980249N18336,Earl,0.8575
1980-09-07,NA,1980250N13341,Frances,1.0250
1980-09-08,NA,1980245N16322,Georges,1.8925
1980-09-08,NA,1980249N18336,Earl,1.6275
1980-09-08,NA,1980250N13341,Frances,2.3625
1980-09-09,NA,1980249N18336,Earl,1.6900
1980-09-09,NA,1980250N13341,Frances,3.8100
1980-09-10,NA,1980249N18336,Earl,1.1475
1980-09-10,NA,1980250N13341,Frances,2.9825
1980-09-11,NA,1980250N13341,Frances,3.0650
1980-09-12,NA,1980250N13341,Frances,2.5600
1980-09-13,NA,1980250N13341,Frances,2.9825
1980-09-14,NA,1980250N13341,Frances,3.2400
1980-09-15,NA,1980250N13341,Frances,3.2400
1980-09-16,EP,1980260N13256,Kay,0.3725
1980-09-16,NA,1980250N13341,Frances,3.2400
1980-09-17,EP,1980260N13256,Kay,2.4025
1980-09-17,NA,1980250N13341,Frances,2.8125
1980-09-18,EP,1980260N13256,Kay,4.8650
1980-09-18,NA,1980250N13341,Frances,2.5600
1980-09-19,EP,1980260N13256,Kay,4.2250
1980-09-19,NA,1980250N13341,Frances,1.8975
1980-09-20,EP,1980260N13256,Kay,1.5675
1980-09-20,NA,1980250N13341,Frances,1.3350
1980-09-21,EP,1980260N13256,Kay,0.9100
1980-09-21,NA,1980265N15283,Hermine,0.4850
1980-09-22,EP,1980260N13256,Kay,1.2725
1980-09-22,EP,1980266N16257,Lester,0.1225
1980-09-22,NA,1980265N15283,Hermine,1.2150
1980-09-23,EP,1980260N13256,Kay,1.9600
1980-09-23,EP,1980266N16257,Lester,0.4900
1980-09-23,NA,1980265N15283,Hermine,1.0050
1980-09-24,EP,1980260N13256,Kay,2.4050
1980-09-24,EP,1980266N16257,Lester,0.2450
1980-09-24,NA,1980265N15283,Hermine,1.2725
1980-09-25,EP,1980260N13256,Kay,2.1050
1980-09-25,NA,1980265N15283,Hermine,0.4850
1980-09-26,EP,1980260N13256,Kay,1.9750
1980-09-27,EP,1980260N13256,Kay,1.3975
1980-09-28,EP,1980260N13256,Kay,0.6450
1980-09-29,EP,1980260N13256,Kay,0.1225
1980-10-04,NA,1980275N34340,Ivan,0.1600
1980-10-05,NA,1980275N34340,Ivan,1.2725
1980-10-06,NA,1980275N34340,Ivan,2.5175
1980-10-07,NA,1980275N34340,Ivan,3.2400
1980-10-08,NA,1980275N34340,Ivan,3.2400
1980-10-09,NA,1980275N34340,Ivan,3.2400
1980-10-10,NA,1980275N34340,Ivan,3.0700
1980-10-11,EP,1980285N13252,Madeline,0.5275
1980-10-11,NA,1980275N34340,Ivan,1.8975
1980-10-28,EP,1980302N17250,Newton,0.3675
1980-10-29,EP,1980302N17250,Newton,0.1225
1980-11-09,NA,1980313N14277,Jeanne,0.3625
1980-11-10,NA,1980313N14277,Jeanne,1.0000
1980-11-11,NA,1980313N14277,Jeanne,1.6475
1980-11-12,NA,1980313N14277,Jeanne,2.0575
1980-11-13,NA,1980313N14277,Jeanne,1.3250
1980-11-14,NA,1980313N14277,Jeanne,0.9625
1980-11-25,NA,1980330N36314,Karl,1.2250
1980-11-26,NA,1980330N36314,Karl,2.1775
1980-11-27,NA,1980330N36314,Karl,1.7575
1981-05-07,NA,1981127N18276,Arlene,0.2825
1981-05-08,NA,1981127N18276,Arlene,0.4525
1981-05-31,EP,1981151N11255,Adrian,0.1225
1981-06-01,EP,1981151N11255,Adrian,0.5650
1981-06-02,EP,1981151N11255,Adrian,0.2450
1981-06-29,EP,1981180N11257,Beatriz,0.4850
1981-06-29,NA,1981181N36295,Bret,0.3250
1981-06-30,EP,1981180N11257,Beatriz,1.2775
1981-06-30,NA,1981181N36295,Bret,1.3825
1981-07-01,EP,1981180N11257,Beatriz,1.9650
1981-07-01,NA,1981181N36295,Bret,0.2500
1981-07-02,EP,1981180N11257,Beatriz,2.1775
1981-07-03,EP,1981180N11257,Beatriz,1.2875
1981-07-04,EP,1981180N11257,Beatriz,0.2825
1981-07-05,EP,1981186N13258,Calvin,0.3625
1981-07-06,EP,1981186N13258,Calvin,0.5275
1981-07-07,EP,1981186N13258,Calvin,0.5275
1981-07-08,EP,1981186N13258,Calvin,0.4425
1981-07-11,EP,1981192N13253,Dora,0.5325
1981-07-12,EP,1981192N13253,Dora,1.2675
1981-07-13,EP,1981192N13253,Dora,1.9650
1981-07-14,EP,1981192N13253,Dora,2.0425
1981-07-15,EP,1981192N13253,Dora,1.9225
1981-07-16,EP,1981192N13253,Dora,0.5325
1981-07-18,EP,1981198N18253,Eugene,0.4050
1981-07-19,EP,1981198N18253,Eugene,0.8100
1981-07-20,EP,1981198N18253,Eugene,0.2450
1981-08-03,NA,1981215N36292,Cindy,0.1600
1981-08-04,NA,1981215N36292,Cindy,1.0000
1981-08-05,NA,1981215N36292,Cindy,0.3625
1981-08-07,EP,1981219N12255,Fernanda,0.4425
1981-08-08,EP,1981219N12255,Fernanda,1.1100
1981-08-08,NA,1981219N11334,Dennis,0.5275
1981-08-09,EP,1981219N12255,Fernanda,1.8350
1981-08-09,NA,1981219N11334,Dennis,0.6400
1981-08-10,EP,1981219N12255,Fernanda,2.9775
1981-08-10,NA,1981219N11334,Dennis,0.6025
1981-08-11,EP,1981219N12255,Fernanda,2.3000
1981-08-12,EP,1981219N12255,Fernanda,0.4100
1981-08-14,EP,1981225N16249,Greg,0.1600
1981-08-15,EP,1981225N16249,Greg,0.8200
1981-08-16,EP,1981225N16249,Greg,1.1050
1981-08-16,NA,1981219N11334,Dennis,0.4900
1981-08-17,EP,1981225N16249,Greg,0.7300
1981-08-17,NA,1981219N11334,Dennis,0.4900
1981-08-18,EP,1981225N16249,Greg,0.6025
1981-08-18,NA,1981219N11334,Dennis,0.4900
1981-08-19,EP,1981225N16249,Greg,0.6825
1981-08-19,NA,1981219N11334,Dennis,0.6450
1981-08-20,EP,1981225N16249,Greg,1.3450
1981-08-20,NA,1981219N11334,Dennis,1.3350
1981-08-21,EP,1981225N16249,Greg,0.5275
1981-08-21,NA,1981219N11334,Dennis,1.1550
1981-08-22,EP,1981234N18253,Hilary,0.4900
1981-08-23,EP,1981234N18253,Hilary,0.6025
1981-08-24,EP,1981234N18253,Hilary,0.8675
1981-08-25,EP,1981234N18253,Hilary,1.7725
1981-08-26,EP,1981234N18253,Hilary,1.7250
1981-08-27,EP,1981234N18253,Hilary,0.4850
1981-08-28,EP,1981240N17257,Irwin,0.2025
1981-08-29,EP,1981240N17257,Irwin,0.5700
1981-09-01,NA,1981244N30287,Emily,0.6450
1981-09-02,NA,1981244N30287,Emily,1.0525
1981-09-03,NA,1981244N30287,Emily,1.3825
1981-09-04,NA,1981244N30287,Emily,1.8925
1981-09-04,NA,1981247N16300,Floyd,0.1225
1981-09-05,NA,1981244N30287,Emily,2.3275
1981-09-05,NA,1981247N16300,Floyd,1.3025
1981-09-06,NA,1981244N30287,Emily,2.4825
1981-09-06,NA,1981247N16300,Floyd,3.0750
1981-09-07,NA,1981244N30287,Emily,1.9650
1981-09-07,NA,1981247N16300,Floyd,4.0000
1981-09-08,NA,1981244N30287,Emily,1.3250
1981-09-08,NA,1981247N16300,Floyd,2.7950
1981-09-08,NA,1981250N15306,Gert,0.8625
1981-09-09,NA,1981244N30287,Emily,1.0525
1981-09-09,NA,1981247N16300,Floyd,0.8150
1981-09-09,NA,1981250N15306,Gert,0.6075
1981-09-10,NA,1981244N30287,Emily,0.6825
1981-09-10,NA,1981247N16300,Floyd,0.6400
1981-09-10,NA,1981250N15306,Gert,1.2600
1981-09-11,NA,1981244N30287,Emily,0.4050
1981-09-11,NA,1981247N16300,Floyd,0.6400
1981-09-11,NA,1981250N15306,Gert,2.9825
1981-09-12,NA,1981247N16300,Floyd,0.4425
1981-09-12,NA,1981250N15306,Gert,2.8325
1981-09-12,NA,1981255N14311,Harvey,0.1600
1981-09-13,NA,1981250N15306,Gert,1.1150
1981-09-13,NA,1981255N14311,Harvey,2.1825
1981-09-14,EP,1981258N15237,Jova,0.1225
1981-09-14,NA,1981250N15306,Gert,0.4425
1981-09-14,NA,1981255N14311,Harvey,3.6450
1981-09-15,EP,1981258N15237,Jova,1.0075
1981-09-15,NA,1981255N14311,Harvey,4.6350
1981-09-16,EP,1981258N15237,Jova,1.9600
1981-09-16,NA,1981255N14311,Harvey,2.5950
1981-09-17,EP,1981258N15237,Jova,2.0375
1981-09-17,NA,1981255N14311,Harvey,1.6900
1981-09-18,EP,1981258N15237,Jova,1.4550
1981-09-18,NA,1981255N14311,Harvey,1.3500
1981-09-19,EP,1981258N15237,Jova,0.6025
1981-09-19,EP,1981262N16256,Knut,0.5750
1981-09-19,NA,1981255N14311,Harvey,0.1225
1981-09-20,EP,1981258N15237,Jova,0.3675
1981-09-20,EP,1981262N16256,Knut,1.1575
1981-09-21,EP,1981262N16256,Knut,0.6125
1981-09-23,NA,1981265N14328,Irene,0.4850
1981-09-24,NA,1981265N14328,Irene,1.1150
1981-09-25,NA,1981265N14328,Irene,2.3625
1981-09-26,NA,1981265N14328,Irene,2.7250
1981-09-27,NA,1981265N14328,Irene,3.4250
1981-09-28,NA,1981265N14328,Irene,4.3075
1981-09-29,NA,1981265N14328,Irene,3.7125
1981-09-30,NA,1981265N14328,Irene,2.4150
1981-10-01,NA,1981265N14328,Irene,1.4450
1981-10-02,NA,1981265N14328,Irene,0.2500
1981-10-07,EP,1981280N20250,Lidia,0.6875
1981-10-08,EP,1981280N20250,Lidia,0.2450
1981-10-08,EP,1981281N15245,Max,0.4425
1981-10-09,EP,1981281N15245,Max,0.6450
1981-10-09,EP,1981282N15256,Norma,0.8275
1981-10-10,EP,1981282N15256,Norma,3.8300
1981-10-11,EP,1981282N15256,Norma,3.9225
1981-10-12,EP,1981282N15256,Norma,2.4300
1981-10-24,EP,1981297N11261,Otis,0.1225
1981-10-25,EP,1981297N11261,Otis,0.8625
1981-10-26,EP,1981297N11261,Otis,1.6475
1981-10-27,EP,1981297N11261,Otis,1.8975
1981-10-28,EP,1981297N11261,Otis,1.8925
1981-10-29,EP,1981297N11261,Otis,1.3650
1981-10-30,EP,1981297N11261,Otis,0.3025
1981-10-30,NA,1981303N25313,Jose,0.4900
1981-10-31,NA,1981303N25313,Jose,0.6875
1981-11-01,NA,1981303N25313,Jose,0.4425
1981-11-04,NA,1981307N17279,Katrina,0.5325
1981-11-05,NA,1981307N17279,Katrina,1.8350
1981-11-06,NA,1981307N17279,Katrina,1.1775
1981-11-07,NA,1981307N17279,Katrina,0.6400
1981-11-12,NA,1981317N31286,Unnamed,0.4050
1981-11-13,NA,1981317N31286,Unnamed,1.1575
1981-11-14,NA,1981317N31286,Unnamed,1.4400
1981-11-15,NA,1981317N31286,Unnamed,1.4400
1981-11-16,NA,1981317N31286,Unnamed,1.2675
1981-11-17,NA,1981317N31286,Unnamed,0.4525
1982-05-21,EP,1982140N11255,Aletta,0.1225
1982-05-22,EP,1982140N11255,Aletta,0.8625
1982-05-23,EP,1982140N11255,Aletta,1.0050
1982-05-24,EP,1982140N11255,Aletta,0.8100
1982-05-25,EP,1982140N11255,Aletta,0.7250
1982-05-26,EP,1982140N11255,Aletta,0.4900
1982-05-27,EP,1982140N11255,Aletta,0.2450
1982-06-03,NA,1982154N22273,Alberto,0.9725
1982-06-04,NA,1982154N22273,Alberto,1.0875
1982-06-15,EP,1982167N13255,Bud,0.1600
1982-06-16,EP,1982167N13255,Bud,0.8100
1982-06-17,EP,1982167N13255,Bud,0.3200
1982-06-18,NA,1982169N26274,Unnamed,0.5200
1982-06-19,NA,1982169N26274,Unnamed,1.4400
1982-06-20,NA,1982169N26274,Unnamed,1.0800
1982-07-01,EP,1982183N13253,Carlotta,0.1225
1982-07-02,EP,1982183N13253,Carlotta,0.5275
1982-07-03,EP,1982183N13253,Carlotta,0.8575
1982-07-04,EP,1982183N13253,Carlotta,0.8250
1982-07-07,EP,1982188N09262,Daniel,0.1225
1982-07-08,EP,1982188N09262,Daniel,0.8150
1982-07-09,EP,1982188N09262,Daniel,1.3350
1982-07-10,EP,1982188N09262,Daniel,2.5850
1982-07-11,EP,1982188N09262,Daniel,3.9025
1982-07-12,EP,1982188N09262,Daniel,3.4300
1982-07-12,EP,1982194N10224,Emilia,0.1225
1982-07-13,EP,1982188N09262,Daniel,2.7350
1982-07-13,EP,1982194N10224,Emilia,0.6075
1982-07-14,EP,1982188N09262,Daniel,1.7575
1982-07-14,EP,1982194N10224,Emilia,1.1575
1982-07-15,EP,1982188N09262,Daniel,1.3350
1982-07-15,EP,1982194N10224,Emilia,0.3725
1982-07-16,EP,1982188N09262,Daniel,0.6075
1982-07-17,EP,1982188N09262,Daniel,0.5275
1982-07-18,EP,1982188N09262,Daniel,0.4900
1982-07-18,EP,1982199N11257,Fabio,0.7875
1982-07-19,EP,1982188N09262,Daniel,0.3675
1982-07-19,EP,1982199N11257,Fabio,1.6950
1982-07-20,EP,1982199N11257,Fabio,1.8250
1982-07-21,EP,1982199N11257,Fabio,1.1150
1982-07-22,EP,1982199N11257,Fabio,0.4425
1982-07-26,EP,1982207N09243,Gilma,0.1225
1982-07-27,EP,1982207N09243,Gilma,1.1150
1982-07-28,EP,1982207N09243,Gilma,1.7625
1982-07-29,EP,1982207N09243,Gilma,3.7000
1982-07-29,EP,1982210N11245,Hector,0.3250
1982-07-30,EP,1982207N09243,Gilma,2.9275
1982-07-30,EP,1982210N11245,Hector,1.1775
1982-07-31,EP,1982207N09243,Gilma,0.6550
1982-07-31,EP,1982210N11245,Hector,1.6900
1982-08-01,EP,1982207N09243,Gilma,0.2450
1982-08-01,EP,1982210N11245,Hector,0.9250
1982-08-02,EP,1982210N11245,Hector,0.2450
1982-08-02,EP,1982213N12253,Iva,0.1225
1982-08-03,EP,1982213N12253,Iva,0.3675
1982-08-04,EP,1982215N10236,John,0.4050
1982-08-05,EP,1982215N10236,John,1.5375
1982-08-06,EP,1982215N10236,John,3.3425
1982-08-07,EP,1982215N10236,John,4.0000
1982-08-08,EP,1982215N10236,John,2.8825
1982-08-09,EP,1982215N10236,John,0.7450
1982-08-09,EP,1982221N10236,Kristy,0.6275
1982-08-09,EP,1982221N10250,Lane,0.4100
1982-08-10,EP,1982221N10236,Kristy,1.5700
1982-08-10,EP,1982221N10250,Lane,1.1575
1982-08-11,EP,1982221N10236,Kristy,1.1675
1982-08-11,EP,1982221N10250,Lane,0.8675
1982-08-12,EP,1982221N10236,Kristy,0.8575
1982-08-12,EP,1982221N10250,Lane,0.1225
1982-08-13,EP,1982221N10236,Kristy,1.1625
1982-08-14,EP,1982221N10236,Kristy,1.9750
1982-08-15,EP,1982221N10236,Kristy,1.9900
1982-08-16,EP,1982221N10236,Kristy,0.4850
1982-08-28,NA,1982241N14338,Beryl,0.1225
1982-08-29,NA,1982241N14338,Beryl,0.6875
1982-08-30,EP,1982242N11191,Akoni,0.1225
1982-08-30,EP,1982242N13253,Miriam,0.1225
1982-08-30,NA,1982241N14338,Beryl,1.0525
1982-08-31,EP,1982242N11191,Akoni,0.5700
1982-08-31,EP,1982242N13253,Miriam,1.2350
1982-08-31,NA,1982241N14338,Beryl,1.3825
1982-09-01,EP,1982242N11191,Akoni,0.7300
1982-09-01,EP,1982242N13253,Miriam,1.6900
1982-09-01,NA,1982241N14338,Beryl,1.4400
1982-09-02,EP,1982242N13253,Miriam,2.1050
1982-09-02,NA,1982241N14338,Beryl,0.6275
1982-09-03,EP,1982242N13253,Miriam,2.2500
1982-09-04,EP,1982242N13253,Miriam,1.6775
1982-09-05,EP,1982242N13253,Miriam,0.4250
1982-09-10,NA,1982252N26269,Chris,0.3250
1982-09-11,EP,1982253N10250,Norman,0.6075
1982-09-11,NA,1982252N26269,Chris,0.9625
1982-09-12,EP,1982253N10250,Norman,1.2150
1982-09-13,EP,1982253N10250,Norman,2.1150
1982-09-14,EP,1982253N10250,Norman,3.2400
1982-09-14,NA,1982257N20291,Debby,0.4250
1982-09-15,EP,1982253N10250,Norman,2.6475
1982-09-15,NA,1982257N20291,Debby,2.2175
1982-09-16,EP,1982253N10250,Norman,1.4650
1982-09-16,EP,1982259N15202,Hana,0.5275
1982-09-16,EP,1982259N16218,Ema,0.6025
1982-09-16,NA,1982257N20291,Debby,3.6100
1982-09-17,EP,1982253N10250,Norman,0.2825
1982-09-17,EP,1982259N15202,Hana,0.4900
1982-09-17,EP,1982259N16218,Ema,0.6025
1982-09-17,NA,1982257N20291,Debby,3.7075
1982-09-18,EP,1982259N15202,Hana,0.1225
1982-09-18,EP,1982259N16218,Ema,0.3675
1982-09-18,NA,1982257N20291,Debby,4.7425
1982-09-19,EP,1982262N11258,Olivia,0.5325
1982-09-19,NA,1982257N20291,Debby,2.3525
1982-09-20,EP,1982262N11258,Olivia,1.8450
1982-09-20,NA,1982257N20291,Debby,1.1000
1982-09-21,EP,1982262N11258,Olivia,4.7875
1982-09-22,EP,1982262N11258,Olivia,5.6575
1982-09-23,EP,1982262N11258,Olivia,2.4125
1982-09-24,EP,1982262N11258,Olivia,0.6125
1982-09-26,EP,1982262N12270,Paul,0.6550
1982-09-27,EP,1982262N12270,Paul,1.4550
1982-09-28,EP,1982262N12270,Paul,2.4050
1982-09-29,EP,1982262N12270,Paul,3.0900
1982-09-30,EP,1982262N12270,Paul,1.6250
1982-10-01,EP,1982274N13265,Rosa,0.5650
1982-10-01,NA,1982274N25295,Ernesto,0.5325
1982-10-02,EP,1982274N13265,Rosa,0.6825
1982-10-02,NA,1982274N25295,Ernesto,1.1150
1982-10-03,EP,1982274N13265,Rosa,0.4850
1982-10-14,EP,1982287N09269,Sergio,0.5325
1982-10-15,EP,1982287N09269,Sergio,2.1150
1982-10-16,EP,1982287N09269,Sergio,3.1575
1982-10-17,EP,1982287N09269,Sergio,4.2100
1982-10-18,EP,1982287N09269,Sergio,4.5225
1982-10-19,EP,1982287N09269,Sergio,3.3375
1982-10-20,EP,1982287N09269,Sergio,2.2500
1982-10-21,EP,1982287N09269,Sergio,1.7925
1982-10-22,EP,1982287N09269,Sergio,0.5700
1982-10-22,EP,1982293N09257,Tara,0.3250
1982-10-23,EP,1982293N09257,Tara,0.6450
1982-10-24,EP,1982293N09257,Tara,0.7250
1982-10-25,EP,1982293N09257,Tara,0.5275
1982-11-19,EP,1982324N10193,Iwa,0.3200
1982-11-20,EP,1982324N10193,Iwa,0.6400
1982-11-21,EP,1982324N10193,Iwa,1.0000
1982-11-22,EP,1982324N10193,Iwa,1.2675
1982-11-23,EP,1982324N10193,Iwa,2.2550
1982-11-24,EP,1982324N10193,Iwa,2.0725
1982-11-25,EP,1982324N10193,Iwa,0.2025
1983-05-21,EP,1983141N07269,Adolph,0.1600
1983-05-22,EP,1983141N07269,Adolph,0.8575
1983-05-23,EP,1983141N07269,Adolph,1.3300
1983-05-24,EP,1983141N07269,Adolph,3.3475
1983-05-25,EP,1983141N07269,Adolph,3.0750
1983-05-26,EP,1983141N07269,Adolph,1.4450
1983-05-27,EP,1983141N07269,Adolph,0.7350
1983-05-28,EP,1983141N07269,Adolph,0.2450
1983-06-10,EP,1983160N11266,Barbara,0.6875
1983-06-11,EP,1983160N11266,Barbara,0.9575
1983-06-12,EP,1983160N11266,Barbara,1.3300
1983-06-13,EP,1983160N11266,Barbara,3.4475
1983-06-14,EP,1983160N11266,Barbara,5.0700
1983-06-15,EP,1983160N11266,Barbara,3.3425
1983-06-16,EP,1983160N11266,Barbara,1.8550
1983-06-17,EP,1983160N11266,Barbara,0.2025
1983-07-04,EP,1983183N11251,Cosme,0.2450
1983-07-05,EP,1983183N11251,Cosme,0.2450
1983-07-06,EP,1983187N12259,Dalilia,0.1225
1983-07-07,EP,1983187N12259,Dalilia,0.7875
1983-07-08,EP,1983187N12259,Dalilia,1.3825
1983-07-09,EP,1983187N12259,Dalilia,0.8150
1983-07-10,EP,1983187N12259,Dalilia,0.1225
1983-07-13,EP,1983193N11256,Erick,0.7350
1983-07-14,EP,1983193N11256,Erick,1.2100
1983-07-15,EP,1983193N11256,Erick,0.6275
1983-07-19,EP,1983198N18255,Flossie,0.3725
1983-07-20,EP,1983198N18255,Flossie,0.8150
1983-07-24,EP,1983205N11265,Gil,0.8775
1983-07-25,EP,1983205N11265,Gil,1.3825
1983-07-26,EP,1983205N11265,Gil,1.8350
1983-07-27,EP,1983205N11265,Gil,2.3425
1983-07-27,EP,1983208N11265,Henriette,0.1225
1983-07-28,EP,1983205N11265,Gil,1.7575
1983-07-28,EP,1983208N11265,Henriette,1.1775
1983-07-29,EP,1983205N11265,Gil,1.4550
1983-07-29,EP,1983208N11265,Henriette,2.7300
1983-07-30,EP,1983205N11265,Gil,0.7350
1983-07-30,EP,1983208N11265,Henriette,4.6300
1983-07-31,EP,1983208N11265,Henriette,4.9675
1983-08-01,EP,1983205N11265,Gil,0.1225
1983-08-01,EP,1983208N11265,Henriette,3.9125
1983-08-02,EP,1983205N11265,Gil,0.4900
1983-08-02,EP,1983208N11265,Henriette,2.1975
1983-08-03,EP,1983205N11265,Gil,0.6025
1983-08-03,EP,1983208N11265,Henriette,1.7575
1983-08-04,EP,1983205N11265,Gil,0.6025
1983-08-04,EP,1983208N11265,Henriette,0.9575
1983-08-05,EP,1983208N11265,Henriette,0.2825
1983-08-09,EP,1983221N13254,Ismael,0.5700
1983-08-10,EP,1983221N13254,Ismael,1.3300
1983-08-11,EP,1983221N13254,Ismael,2.5650
1983-08-12,EP,1983221N13254,Ismael,1.8350
1983-08-13,EP,1983221N13254,Ismael,0.9075
1983-08-15,NA,1983228N27270,Alicia,0.1600
1983-08-16,NA,1983228N27270,Alicia,1.1150
1983-08-17,NA,1983228N27270,Alicia,2.2850
1983-08-18,NA,1983228N27270,Alicia,2.7025
1983-08-19,NA,1983228N27270,Alicia,0.1225
1983-08-24,NA,1983236N26284,Barry,0.6600
1983-08-25,NA,1983236N26284,Barry,0.3625
1983-08-26,EP,1983237N11253,Juliette,0.1225
1983-08-27,EP,1983237N11253,Juliette,0.6400
1983-08-27,NA,1983236N26284,Barry,0.3250
1983-08-28,EP,1983237N11253,Juliette,0.4900
1983-08-28,NA,1983236N26284,Barry,1.6325
1983-08-29,EP,1983237N11253,Juliette,0.8625
1983-08-29,NA,1983236N26284,Barry,0.1600
1983-08-30,EP,1983237N11253,Juliette,0.4050
1983-08-31,EP,1983243N12259,Kiko,0.1225
1983-09-01,EP,1983243N12259,Kiko,1.6650
1983-09-02,EP,1983243N12259,Kiko,5.2900
1983-09-03,EP,1983243N12259,Kiko,5.6475
1983-09-04,EP,1983243N12259,Kiko,5.4175
1983-09-05,EP,1983243N12259,Kiko,3.5225
1983-09-06,EP,1983243N12259,Kiko,2.3625
1983-09-06,EP,1983249N15260,Lorena,0.1225
1983-09-07,EP,1983243N12259,Kiko,1.3350
1983-09-07,EP,1983249N15260,Lorena,1.0500
1983-09-08,EP,1983243N12259,Kiko,0.4850
1983-09-08,EP,1983249N15260,Lorena,3.2325
1983-09-09,EP,1983249N15260,Lorena,2.7250
1983-09-10,EP,1983249N15260,Lorena,2.8950
1983-09-11,EP,1983249N15260,Lorena,3.1525
1983-09-11,NA,1983254N30296,Chantal,1.0500
1983-09-12,EP,1983249N15260,Lorena,1.7100
1983-09-12,EP,1983255N12261,Manuel,0.2825
1983-09-12,NA,1983254N30296,Chantal,1.6900
1983-09-13,EP,1983249N15260,Lorena,0.5325
1983-09-13,EP,1983255N12261,Manuel,1.2150
1983-09-13,NA,1983254N30296,Chantal,0.9675
1983-09-14,EP,1983255N12261,Manuel,2.0525
1983-09-14,NA,1983254N30296,Chantal,0.5650
1983-09-15,EP,1983255N12261,Manuel,2.0375
1983-09-16,EP,1983255N12261,Manuel,2.6425
1983-09-17,EP,1983255N12261,Manuel,3.6200
1983-09-18,EP,1983255N12261,Manuel,1.9275
1983-09-19,EP,1983255N12261,Manuel,0.4050
1983-09-21,EP,1983264N15248,Narda,0.3675
1983-09-22,EP,1983264N15248,Narda,0.4900
1983-09-23,EP,1983264N15248,Narda,0.7350
1983-09-24,EP,1983264N15248,Narda,0.8100
1983-09-25,EP,1983264N15248,Narda,0.7250
1983-09-26,EP,1983264N15248,Narda,0.1600
1983-09-26,NA,1983270N28287,Dean,0.1225
1983-09-27,NA,1983270N28287,Dean,0.6025
1983-09-28,EP,1983264N15248,Narda,0.6075
1983-09-28,EP,1983271N12242,Octave,0.1600
1983-09-28,NA,1983270N28287,Dean,0.9050
1983-09-29,EP,1983264N15248,Narda,1.0225
1983-09-29,EP,1983271N12242,Octave,0.6825
1983-09-29,NA,1983270N28287,Dean,1.2100
1983-09-30,EP,1983264N15248,Narda,0.9100
1983-09-30,EP,1983271N12242,Octave,0.3675
1983-09-30,NA,1983270N28287,Dean,0.7650
1983-10-01,EP,1983274N12251,Priscilla,0.1225
1983-10-02,EP,1983274N12251,Priscilla,0.9150
1983-10-03,EP,1983274N12251,Priscilla,2.2125
1983-10-04,EP,1983274N12251,Priscilla,3.9025
1983-10-05,EP,1983274N12251,Priscilla,2.3475
1983-10-06,EP,1983274N12251,Priscilla,0.5050
1983-10-09,EP,1983281N12256,Raymond,0.5700
1983-10-10,EP,1983281N12256,Raymond,1.5750
1983-10-10,EP,1983283N13230,Sonia,0.4900
1983-10-11,EP,1983281N12256,Raymond,5.8875
1983-10-12,EP,1983281N12256,Raymond,4.5325
1983-10-13,EP,1983281N12256,Raymond,3.7075
1983-10-13,EP,1983283N13230,Sonia,0.4900
1983-10-13,EP,1983285N09260,Tico,0.6075
1983-10-14,EP,1983281N12256,Raymond,5.0700
1983-10-14,EP,1983283N13230,Sonia,0.4800
1983-10-14,EP,1983285N09260,Tico,1.8650
1983-10-15,EP,1983281N12256,Raymond,4.4225
1983-10-15,EP,1983285N09260,Tico,2.4050
1983-10-16,EP,1983281N12256,Raymond,1.2200
1983-10-16,EP,1983285N09260,Tico,2.7450
1983-10-17,EP,1983281N12256,Raymond,1.0000
1983-10-17,EP,1983285N09260,Tico,3.8100
1983-10-18,EP,1983281N12256,Raymond,0.5650
1983-10-18,EP,1983285N09260,Tico,4.4150
1983-10-19,EP,1983285N09260,Tico,3.7425
1983-11-02,EP,1983306N08259,Velma,0.3675
1983-12-05,EP,1983339N13257,Winnie,0.7275
1983-12-06,EP,1983339N13257,Winnie,2.3325
1983-12-07,EP,1983339N13257,Winnie,0.4250
1984-05-18,EP,1984139N09260,Alma,0.1600
1984-05-19,EP,1984139N09260,Alma,0.9050
1984-05-20,EP,1984139N09260,Alma,0.9050
1984-05-21,EP,1984139N09260,Alma,0.4800
1984-05-29,EP,1984150N12266,Boris,0.6550
1984-05-30,EP,1984150N12266,Boris,1.4450
1984-05-31,EP,1984150N12266,Boris,0.8625
1984-06-01,EP,1984150N12266,Boris,0.4050
1984-06-13,EP,1984150N12266,Boris,0.1600
1984-06-14,EP,1984150N12266,Boris,0.9525
1984-06-15,EP,1984150N12266,Boris,0.6025
1984-06-16,EP,1984150N12266,Boris,0.5275
1984-06-17,EP,1984150N12266,Boris,0.2825
1984-06-17,EP,1984169N14257,Cristina,0.2450
1984-06-18,EP,1984169N14257,Cristina,0.7500
1984-06-19,EP,1984169N14257,Cristina,1.5700
1984-06-20,EP,1984169N14257,Cristina,2.9825
1984-06-21,EP,1984169N14257,Cristina,1.8350
1984-06-22,EP,1984169N14257,Cristina,1.3250
1984-06-23,EP,1984169N14257,Cristina,1.2725
1984-06-24,EP,1984169N14257,Cristina,1.9750
1984-06-25,EP,1984169N14257,Cristina,0.8125
1984-06-25,EP,1984177N10254,Douglas,0.1225
1984-06-26,EP,1984177N10254,Douglas,0.6875
1984-06-27,EP,1984177N10254,Douglas,1.3350
1984-06-28,EP,1984177N10254,Douglas,4.1350
1984-06-29,EP,1984177N10254,Douglas,5.6475
1984-06-29,EP,1984180N10258,Elida,0.3250
1984-06-30,EP,1984177N10254,Douglas,4.7475
1984-06-30,EP,1984180N10258,Elida,2.3725
1984-07-01,EP,1984177N10254,Douglas,3.1775
1984-07-01,EP,1984180N10258,Elida,4.8450
1984-07-02,EP,1984177N10254,Douglas,1.3500
1984-07-02,EP,1984180N10258,Elida,3.3375
1984-07-03,EP,1984177N10254,Douglas,0.1225
1984-07-03,EP,1984180N10258,Elida,4.0000
1984-07-03,EP,1984186N16256,Fausto,0.1600
1984-07-04,EP,1984180N10258,Elida,2.3500
1984-07-04,EP,1984186N16256,Fausto,1.1775
1984-07-05,EP,1984180N10258,Elida,0.8150
1984-07-05,EP,1984186N16256,Fausto,2.6525
1984-07-06,EP,1984186N16256,Fausto,3.5175
1984-07-07,EP,1984186N16256,Fausto,3.1525
1984-07-07,EP,1984189N11265,Genevieve,0.1225
1984-07-08,EP,1984186N16256,Fausto,1.6350
1984-07-08,EP,1984189N11265,Genevieve,1.1925
1984-07-09,EP,1984186N16256,Fausto,0.1600
1984-07-09,EP,1984189N11265,Genevieve,2.6050
1984-07-10,EP,1984189N11265,Genevieve,3.4300
1984-07-11,EP,1984189N11265,Genevieve,2.8725
1984-07-12,EP,1984189N11265,Genevieve,1.2250
1984-07-13,EP,1984189N11265,Genevieve,0.6975
1984-07-28,EP,1984210N16249,Hernan,0.4900
1984-07-29,EP,1984210N16249,Hernan,0.5700
1984-07-30,EP,1984210N16249,Hernan,0.2450
1984-08-04,EP,1984217N14264,Iselle,0.1600
1984-08-05,EP,1984217N14264,Iselle,0.8725
1984-08-06,EP,1984217N14264,Iselle,1.7675
1984-08-07,EP,1984217N14264,Iselle,2.2500
1984-08-08,EP,1984217N14264,Iselle,3.6850
1984-08-09,EP,1984217N14264,Iselle,4.1575
1984-08-10,EP,1984217N14264,Iselle,2.1050
1984-08-11,EP,1984217N14264,Iselle,1.1350
1984-08-12,EP,1984217N14264,Iselle,0.1225
1984-08-15,EP,1984228N15261,Julio,0.1225
1984-08-16,EP,1984228N15261,Julio,0.8250
1984-08-17,EP,1984228N15261,Julio,0.7550
1984-08-17,EP,1984230N09210,Keli,0.7775
1984-08-17,EP,1984230N12226,Kenna,0.5275
1984-08-18,EP,1984230N09210,Keli,2.0525
1984-08-18,EP,1984230N12226,Kenna,0.7725
1984-08-19,EP,1984230N09210,Keli,2.6425
1984-08-19,EP,1984230N12226,Kenna,0.8100
1984-08-19,NA,1984231N33295,Unnamed,0.2450
1984-08-20,EP,1984230N09210,Keli,3.1825
1984-08-20,EP,1984230N12226,Kenna,0.7300
1984-08-20,NA,1984231N33295,Unnamed,0.8625
1984-08-21,EP,1984230N09210,Keli,0.8450
1984-08-21,EP,1984230N12226,Kenna,0.1225
1984-08-21,NA,1984231N33295,Unnamed,0.3625
1984-08-26,EP,1984239N16246,Lowell,0.1225
1984-08-27,EP,1984239N16246,Lowell,1.0075
1984-08-28,EP,1984239N16246,Lowell,1.8975
1984-08-29,EP,1984237N11230,Lala,0.2825
1984-08-29,EP,1984239N16246,Lowell,1.1350
1984-08-29,NA,1984242N11309,Arthur,0.3250
1984-08-30,EP,1984237N11230,Lala,0.6450
1984-08-30,NA,1984242N11309,Arthur,0.6075
1984-08-31,NA,1984242N11309,Arthur,0.3675
1984-08-31,NA,1984244N13319,Bertha,0.2450
1984-08-31,NA,1984244N37293,Cesar,0.2450
1984-09-01,NA,1984244N13319,Bertha,0.2450
1984-09-01,NA,1984244N37293,Cesar,0.6400
1984-09-02,NA,1984244N37293,Cesar,0.6550
1984-09-03,EP,1984248N27180,Moke,0.1600
1984-09-04,EP,1984248N27180,Moke,0.7675
1984-09-05,EP,1984248N27180,Moke,0.1225
1984-09-05,EP,1984250N17256,Marie,0.2025
1984-09-06,EP,1984250N17256,Marie,1.2725
1984-09-07,EP,1984250N17256,Marie,2.1100
1984-09-08,EP,1984250N17256,Marie,2.3325
1984-09-08,NA,1984253N29283,Diana,0.2825
1984-09-09,EP,1984250N17256,Marie,1.4175
1984-09-09,NA,1984253N29283,Diana,1.1150
1984-09-10,EP,1984250N17256,Marie,0.2825
1984-09-10,NA,1984253N29283,Diana,1.6325
1984-09-11,NA,1984253N29283,Diana,3.5725
1984-09-12,NA,1984253N29283,Diana,3.9375
1984-09-13,NA,1984253N29283,Diana,2.0875
1984-09-14,NA,1984253N29283,Diana,0.8150
1984-09-14,NA,1984258N20264,Edouard,0.4850
1984-09-15,EP,1984259N19245,Norbert,0.4900
1984-09-15,NA,1984253N29283,Diana,1.3825
1984-09-15,NA,1984258N20264,Edouard,0.3025
1984-09-16,EP,1984259N19245,Norbert,1.1575
1984-09-16,NA,1984253N29283,Diana,0.3600
1984-09-16,NA,1984260N14339,Fran,0.1225
1984-09-17,EP,1984259N19245,Norbert,2.5650
1984-09-17,NA,1984260N14339,Fran,1.0050
1984-09-18,EP,1984259N19245,Norbert,4.0000
1984-09-18,EP,1984262N14259,Odile,0.5275
1984-09-18,NA,1984260N14339,Fran,1.1575
1984-09-18,NA,1984261N29295,Gustav,0.2025
1984-09-19,EP,1984259N19245,Norbert,4.0000
1984-09-19,EP,1984262N14259,Odile,1.0575
1984-09-19,NA,1984260N14339,Fran,0.8625
1984-09-19,NA,1984261N29295,Gustav,0.4050
1984-09-20,EP,1984259N19245,Norbert,4.3125
1984-09-20,EP,1984262N14259,Odile,1.6900
1984-09-20,NA,1984260N14339,Fran,0.1225
1984-09-21,EP,1984259N19245,Norbert,4.6300
1984-09-21,EP,1984262N14259,Odile,1.9075
1984-09-22,EP,1984259N19245,Norbert,4.8500
1984-09-22,EP,1984262N14259,Odile,2.4225
1984-09-23,EP,1984259N19245,Norbert,4.7375
1984-09-23,NA,1984267N31302,Hortense,0.1225
1984-09-24,EP,1984259N19245,Norbert,4.8550
1984-09-24,NA,1984267N31302,Hortense,0.5650
1984-09-25,EP,1984259N19245,Norbert,3.5775
1984-09-25,NA,1984267N31302,Hortense,1.2875
1984-09-26,EP,1984259N19245,Norbert,0.5625
1984-09-26,NA,1984267N31302,Hortense,1.2350
1984-09-26,NA,1984270N23287,Isidore,0.3625
1984-09-27,NA,1984267N31302,Hortense,0.5650
1984-09-27,NA,1984270N23287,Isidore,0.9050
1984-09-28,EP,1984270N13262,Polo,0.1600
1984-09-28,NA,1984267N31302,Hortense,0.5650
1984-09-28,NA,1984270N23287,Isidore,0.8100
1984-09-29,EP,1984270N13262,Polo,1.2150
1984-09-29,NA,1984267N31302,Hortense,0.7675
1984-09-29,NA,1984270N23287,Isidore,0.8100
1984-09-30,EP,1984270N13262,Polo,2.0375
1984-09-30,NA,1984267N31302,Hortense,0.5275
1984-09-30,NA,1984270N23287,Isidore,0.7300
1984-10-01,EP,1984270N13262,Polo,3.1250
1984-10-01,NA,1984267N31302,Hortense,0.8625
1984-10-02,EP,1984270N13262,Polo,3.0600
1984-10-02,NA,1984267N31302,Hortense,0.9525
1984-10-03,EP,1984270N13262,Polo,0.1600
1984-10-08,NA,1984281N24291,Josephine,0.4100
1984-10-09,EP,1984282N11263,Rachel,0.5750
1984-10-09,NA,1984281N24291,Josephine,1.3825
1984-10-10,EP,1984282N11263,Rachel,1.1575
1984-10-10,NA,1984281N24291,Josephine,1.7625
1984-10-11,EP,1984282N11263,Rachel,0.8550
1984-10-11,NA,1984281N24291,Josephine,2.6475
1984-10-12,NA,1984281N24291,Josephine,3.2400
1984-10-13,NA,1984281N24291,Josephine,2.5750
1984-10-14,NA,1984281N24291,Josephine,1.8250
1984-10-15,NA,1984281N24291,Josephine,1.7575
1984-10-16,NA,1984281N24291,Josephine,1.6900
1984-10-17,NA,1984281N24291,Josephine,1.4450
1984-10-18,NA,1984281N24291,Josephine,0.7500
1984-11-01,EP,1984305N13262,Simon,0.7300
1984-11-02,EP,1984305N13262,Simon,0.9575
1984-11-03,EP,1984305N13262,Simon,1.1100
1984-11-04,EP,1984305N13262,Simon,0.6025
1984-11-06,NA,1984311N15291,Klaus,0.1225
1984-11-07,NA,1984311N15291,Klaus,0.9725
1984-11-08,NA,1984311N15291,Klaus,2.1150
1984-11-09,NA,1984311N15291,Klaus,2.5600
1984-11-10,NA,1984311N15291,Klaus,2.3275
1984-11-11,NA,1984311N15291,Klaus,2.0325
1984-11-12,NA,1984311N15291,Klaus,1.7625
1984-11-13,NA,1984311N15291,Klaus,0.9650
1984-12-12,NA,1984348N35300,Lili,0.5000
1984-12-13,NA,1984348N35300,Lili,1.2100
1984-12-14,NA,1984348N35300,Lili,1.2100
1984-12-15,NA,1984348N35300,Lili,1.2100
1984-12-16,NA,1984348N35300,Lili,1.2100
1984-12-17,NA,1984348N35300,Lili,1.2100
1984-12-18,NA,1984348N35300,Lili,1.3250
1984-12-19,NA,1984348N35300,Lili,1.4400
1984-12-20,NA,1984348N35300,Lili,1.7000
1984-12-21,NA,1984348N35300,Lili,1.9600
1984-12-22,NA,1984348N35300,Lili,1.9600
1984-12-23,NA,1984348N35300,Lili,1.1775
1984-12-24,NA,1984348N35300,Lili,0.1225
1985-06-05,EP,1985157N16259,Andres,0.1225
1985-06-06,EP,1985157N16259,Andres,0.7300
1985-06-07,EP,1985157N16259,Andres,1.1150
1985-06-07,EP,1985158N10267,Blanca,0.4475
1985-06-08,EP,1985157N16259,Andres,0.1600
1985-06-08,EP,1985158N10267,Blanca,1.6900
1985-06-09,EP,1985158N10267,Blanca,2.1150
1985-06-10,EP,1985158N10267,Blanca,2.7300
1985-06-10,EP,1985159N09241,Carlos,0.1225
1985-06-11,EP,1985158N10267,Blanca,2.9775
1985-06-12,EP,1985158N10267,Blanca,3.2400
1985-06-13,EP,1985158N10267,Blanca,3.8100
1985-06-14,EP,1985158N10267,Blanca,3.6350
1985-06-15,EP,1985158N10267,Blanca,1.9850
1985-06-16,EP,1985158N10267,Blanca,0.6100
1985-06-27,EP,1985177N10258,Dolores,0.1225
1985-06-28,EP,1985177N10258,Dolores,1.0350
1985-06-29,EP,1985177N10258,Dolores,2.3575
1985-06-29,EP,1985178N10236,Enrique,0.4900
1985-06-30,EP,1985177N10258,Dolores,3.2400
1985-07-01,EP,1985177N10258,Dolores,3.6200
1985-07-02,EP,1985177N10258,Dolores,1.7250
1985-07-03,EP,1985177N10258,Dolores,0.2025
1985-07-03,EP,1985184N15258,Fefa,0.6550
1985-07-04,EP,1985184N15258,Fefa,1.3300
1985-07-05,EP,1985184N15258,Fefa,0.2025
1985-07-08,EP,1985189N12260,Guillermo,0.1225
1985-07-09,EP,1985189N12260,Guillermo,0.7350
1985-07-10,EP,1985189N12260,Guillermo,0.4850
1985-07-16,NA,1985197N29296,Ana,0.1225
1985-07-17,NA,1985197N29296,Ana,0.6450
1985-07-18,NA,1985197N29296,Ana,0.9575
1985-07-19,EP,1985199N18248,Hilda,0.4900
1985-07-19,NA,1985197N29296,Ana,0.3600
1985-07-20,EP,1985199N18248,Hilda,0.1225
1985-07-21,EP,1985201N12256,Jimena,0.1225
1985-07-21,EP,1985202N13226,Ignacio,0.5325
1985-07-22,EP,1985201N12256,Jimena,0.9250
1985-07-22,EP,1985202N13226,Ignacio,1.6425
1985-07-22,NA,1985202N26275,Bob,0.1225
1985-07-23,EP,1985201N12256,Jimena,1.7725
1985-07-23,EP,1985202N13226,Ignacio,4.3425
1985-07-23,NA,1985202N26275,Bob,0.6025
1985-07-24,EP,1985201N12256,Jimena,4.0950
1985-07-24,EP,1985202N13226,Ignacio,4.9675
1985-07-24,NA,1985202N26275,Bob,1.1925
1985-07-25,EP,1985201N12256,Jimena,3.8250
1985-07-25,EP,1985202N13226,Ignacio,3.0700
1985-07-25,NA,1985202N26275,Bob,0.9275
1985-07-26,EP,1985201N12256,Jimena,2.0100
1985-07-26,EP,1985202N13226,Ignacio,1.0825
1985-07-27,EP,1985201N12256,Jimena,0.4850
1985-07-29,EP,1985210N14257,Kevin,0.1225
1985-07-30,EP,1985210N14257,Kevin,0.5275
1985-07-31,EP,1985210N14257,Kevin,0.7675
1985-07-31,EP,1985211N12237,Linda,0.5650
1985-08-01,EP,1985210N14257,Kevin,0.8100
1985-08-01,EP,1985211N12237,Linda,0.5700
1985-08-02,EP,1985210N14257,Kevin,0.8575
1985-08-03,EP,1985210N14257,Kevin,1.0575
1985-08-04,EP,1985210N14257,Kevin,0.9100
1985-08-04,EP,1985211N12237,Linda,0.1600
1985-08-05,EP,1985210N14257,Kevin,1.1575
1985-08-05,EP,1985211N12237,Linda,0.6025
1985-08-06,EP,1985210N14257,Kevin,0.1600
1985-08-07,EP,1985219N14254,Marty,0.2825
1985-08-08,EP,1985219N14254,Marty,1.1150
1985-08-09,EP,1985219N14254,Marty,1.6275
1985-08-10,EP,1985219N14254,Marty,1.1575
1985-08-11,EP,1985219N14254,Marty,1.0525
1985-08-11,NA,1985222N32280,Claudette,0.5275
1985-08-12,EP,1985219N14254,Marty,0.7775
1985-08-12,NA,1985222N32280,Claudette,0.8150
1985-08-13,NA,1985222N32280,Claudette,1.2150
1985-08-14,NA,1985222N32280,Claudette,1.6275
1985-08-14,NA,1985224N18279,Danny,0.9350
1985-08-15,NA,1985222N32280,Claudette,2.1050
1985-08-15,NA,1985224N18279,Danny,2.1825
1985-08-16,NA,1985222N32280,Claudette,0.8825
1985-08-16,NA,1985224N18279,Danny,0.4100
1985-08-21,EP,1985232N16248,Nora,0.2450
1985-08-22,EP,1985232N16248,Nora,0.2825
1985-08-24,EP,1985234N13258,Olaf,0.5275
1985-08-25,EP,1985234N13258,Olaf,1.2675
1985-08-26,EP,1985234N13258,Olaf,1.9650
1985-08-27,EP,1985234N13258,Olaf,2.0375
1985-08-28,EP,1985234N13258,Olaf,1.0875
1985-08-28,NA,1985240N20286,Elena,0.2025
1985-08-29,EP,1985234N13258,Olaf,0.2825
1985-08-29,NA,1985240N20286,Elena,1.4650
1985-08-30,NA,1985240N20286,Elena,2.8225
1985-08-31,EP,1985240N16256,Pauline,0.6075
1985-08-31,NA,1985240N20286,Elena,3.2400
1985-09-01,EP,1985240N16256,Pauline,0.8575
1985-09-01,NA,1985240N20286,Elena,4.2150
1985-09-02,EP,1985240N16256,Pauline,0.7250
1985-09-02,EP,1985244N14254,Rick,0.2825
1985-09-02,NA,1985240N20286,Elena,3.6725
1985-09-03,EP,1985240N16256,Pauline,0.9050
1985-09-03,EP,1985244N14254,Rick,0.7725
1985-09-03,NA,1985240N20286,Elena,0.2025
1985-09-04,EP,1985240N16256,Pauline,1.4500
1985-09-04,EP,1985244N14254,Rick,1.1625
1985-09-05,EP,1985240N16256,Pauline,2.1100
1985-09-05,EP,1985244N14254,Rick,1.3250
1985-09-06,EP,1985240N16256,Pauline,2.2500
1985-09-06,EP,1985244N14254,Rick,1.3300
1985-09-07,EP,1985240N16256,Pauline,2.2500
1985-09-07,EP,1985244N14254,Rick,2.3525
1985-09-07,EP,1985249N13265,Sandra,0.6875
1985-09-08,EP,1985240N16256,Pauline,1.3500
1985-09-08,EP,1985244N14254,Rick,4.5725
1985-09-08,EP,1985249N13265,Sandra,2.3125
1985-09-09,EP,1985240N16256,Pauline,0.1225
1985-09-09,EP,1985244N14254,Rick,6.1275
1985-09-09,EP,1985249N13265,Sandra,4.2250
1985-09-10,EP,1985244N14254,Rick,4.3150
1985-09-10,EP,1985249N13265,Sandra,3.3325
1985-09-11,EP,1985244N14254,Rick,1.4125
1985-09-11,EP,1985249N13265,Sandra,3.2400
1985-09-12,EP,1985249N13265,Sandra,2.9925
1985-09-13,EP,1985249N13265,Sandra,1.8300
1985-09-14,EP,1985249N13265,Sandra,1.5650
1985-09-15,EP,1985249N13265,Sandra,0.6275
1985-09-16,EP,1985259N12262,Terry,0.1225
1985-09-16,NA,1985259N24289,Fabian,0.1600
1985-09-17,EP,1985259N12262,Terry,0.8150
1985-09-17,NA,1985259N24289,Fabian,1.0575
1985-09-17,NA,1985260N13336,Gloria,0.2450
1985-09-18,EP,1985259N12262,Terry,1.7775
1985-09-18,NA,1985259N24289,Fabian,1.2100
1985-09-18,NA,1985260N13336,Gloria,0.3675
1985-09-19,EP,1985259N12262,Terry,3.3325
1985-09-19,NA,1985259N24289,Fabian,0.9075
1985-09-20,EP,1985259N12262,Terry,3.5225
1985-09-20,EP,1985261N13243,Vivian,0.4900
1985-09-20,NA,1985260N13336,Gloria,0.6875
1985-09-21,EP,1985259N12262,Terry,3.2600
1985-09-21,EP,1985261N13243,Vivian,0.2450
1985-09-21,NA,1985260N13336,Gloria,1.3350
1985-09-22,EP,1985259N12262,Terry,2.3325
1985-09-22,NA,1985260N13336,Gloria,1.8250
1985-09-23,EP,1985259N12262,Terry,1.2875
1985-09-23,NA,1985260N13336,Gloria,1.8300
1985-09-23,NA,1985265N30286,Henri,0.5750
1985-09-24,EP,1985259N12262,Terry,0.1600
1985-09-24,NA,1985260N13336,Gloria,4.0050
1985-09-24,NA,1985265N30286,Henri,0.5275
1985-09-25,NA,1985260N13336,Gloria,5.2275
1985-09-26,NA,1985260N13336,Gloria,2.7250
1985-09-27,NA,1985260N13336,Gloria,2.9050
1985-10-07,EP,1985280N15254,Waldo,0.3250
1985-10-07,NA,1985280N18291,Isabel,0.4425
1985-10-08,EP,1985280N15254,Waldo,1.5950
1985-10-08,NA,1985280N18291,Isabel,1.1150
1985-10-09,EP,1985280N15254,Waldo,1.4500
1985-10-09,NA,1985280N18291,Isabel,1.4400
1985-10-10,NA,1985280N18291,Isabel,0.7875
1985-10-24,EP,1985297N10201,Nele,0.8200
1985-10-25,EP,1985297N10201,Nele,1.7050
1985-10-26,EP,1985297N10201,Nele,2.4825
1985-10-26,NA,1985299N25270,Juan,0.2825
1985-10-27,EP,1985297N10201,Nele,2.1050
1985-10-27,EP,1985298N12249,Xina,0.5275
1985-10-27,NA,1985299N25270,Juan,1.1150
1985-10-28,EP,1985297N10201,Nele,1.9600
1985-10-28,EP,1985298N12249,Xina,1.5125
1985-10-28,NA,1985299N25270,Juan,2.0375
1985-10-29,EP,1985297N10201,Nele,1.9600
1985-10-29,EP,1985298N12249,Xina,2.7225
1985-10-29,NA,1985299N25270,Juan,1.8350
1985-10-30,EP,1985297N10201,Nele,0.8500
1985-10-30,EP,1985298N12249,Xina,3.0700
1985-10-30,NA,1985299N25270,Juan,1.2675
1985-10-31,EP,1985298N12249,Xina,1.4700
1985-10-31,NA,1985299N25270,Juan,1.2675
1985-11-01,EP,1985298N12249,Xina,0.2025
1985-11-01,NA,1985299N25270,Juan,0.2825
1985-11-02,EP,1985298N12249,Xina,0.1225
1985-11-15,NA,1985320N21296,Kate,0.1225
1985-11-16,NA,1985320N21296,Kate,1.2450
1985-11-17,NA,1985320N21296,Kate,2.3275
1985-11-18,NA,1985320N21296,Kate,2.6425
1985-11-19,NA,1985320N21296,Kate,3.2550
1985-11-20,NA,1985320N21296,Kate,3.8300
1985-11-21,NA,1985320N21296,Kate,3.7275
1985-11-22,NA,1985320N21296,Kate,1.5150
1985-11-23,NA,1985320N21296,Kate,0.4050
1986-05-24,EP,1986142N13253,Agatha,0.4050
1986-05-25,EP,1986142N13253,Agatha,0.8575
1986-05-26,EP,1986142N13253,Agatha,1.5700
1986-05-27,EP,1986142N13253,Agatha,0.4100
1986-05-28,EP,1986142N13253,Agatha,0.1225
1986-05-29,EP,1986142N13253,Agatha,0.1225
1986-06-06,NA,1986156N26284,Andrew,0.6875
1986-06-07,NA,1986156N26284,Andrew,0.8100
1986-06-08,NA,1986156N26284,Andrew,0.6875
1986-06-18,EP,1986169N09247,Blas,0.2450
1986-06-24,NA,1986175N26273,Bonnie,0.1600
1986-06-25,NA,1986175N26273,Bonnie,1.1775
1986-06-26,EP,1986176N11262,Celia,0.6075
1986-06-26,NA,1986175N26273,Bonnie,1.5975
1986-06-27,EP,1986176N11262,Celia,1.4025
1986-06-28,EP,1986176N11262,Celia,1.9650
1986-06-29,EP,1986176N11262,Celia,1.1700
1986-07-05,EP,1986185N14256,Darby,0.1225
1986-07-06,EP,1986185N14256,Darby,0.2450
1986-07-17,EP,1986198N10245,Estelle,0.6875
1986-07-18,EP,1986198N10245,Estelle,1.4500
1986-07-19,EP,1986198N10245,Estelle,2.6725
1986-07-20,EP,1986198N10245,Estelle,4.3575
1986-07-21,EP,1986198N10245,Estelle,5.2900
1986-07-22,EP,1986198N10245,Estelle,3.9275
1986-07-23,EP,1986198N10245,Estelle,2.2850
1986-07-24,EP,1986198N10245,Estelle,0.6075
1986-07-28,EP,1986206N11265,Frank,0.3675
1986-07-29,EP,1986206N11265,Frank,1.0250
1986-07-30,EP,1986206N11265,Frank,1.6275
1986-07-31,EP,1986206N11265,Frank,1.9700
1986-08-01,EP,1986206N11265,Frank,1.6575
1986-08-03,EP,1986214N09234,Georgette,0.1225
1986-08-15,NA,1986226N30276,Charley,0.1225
1986-08-16,EP,1986229N17256,Howard,0.1225
1986-08-16,NA,1986226N30276,Charley,0.7725
1986-08-17,EP,1986229N17256,Howard,0.4900
1986-08-17,NA,1986226N30276,Charley,1.5075
1986-08-18,EP,1986229N17256,Howard,0.1225
1986-08-18,NA,1986226N30276,Charley,1.6325
1986-08-19,NA,1986226N30276,Charley,0.9575
1986-08-20,EP,1986232N15246,Isis,0.2450
1986-08-20,EP,1986233N10263,Javier,0.2025
1986-08-20,NA,1986226N30276,Charley,0.6400
1986-08-21,EP,1986232N15246,Isis,0.8100
1986-08-21,EP,1986233N10263,Javier,2.2250
1986-08-22,EP,1986232N15246,Isis,0.7675
1986-08-22,EP,1986233N10263,Javier,3.6200
1986-08-23,EP,1986232N15246,Isis,0.2825
1986-08-23,EP,1986233N10263,Javier,3.0700
1986-08-24,EP,1986233N10263,Javier,4.6300
1986-08-25,EP,1986233N10263,Javier,4.7575
1986-08-26,EP,1986233N10263,Javier,2.6575
1986-08-27,EP,1986233N10263,Javier,1.6900
1986-08-28,EP,1986233N10263,Javier,1.5650
1986-08-29,EP,1986233N10263,Javier,1.1300
1986-08-30,EP,1986233N10263,Javier,0.1225
1986-08-30,EP,1986241N18248,Kay,0.1225
1986-08-31,EP,1986241N18248,Kay,0.5275
1986-09-01,EP,1986241N18248,Kay,0.5650
1986-09-07,NA,1986250N11308,Danielle,0.1225
1986-09-08,NA,1986250N11308,Danielle,0.9525
1986-09-09,NA,1986250N11308,Danielle,0.4850
1986-09-11,NA,1986254N22309,Earl,1.1175
1986-09-12,NA,1986254N22309,Earl,2.7350
1986-09-13,NA,1986254N22309,Earl,3.2400
1986-09-14,EP,1986257N14230,Lester,0.4900
1986-09-14,NA,1986254N22309,Earl,3.2400
1986-09-15,EP,1986257N14230,Lester,0.7250
1986-09-15,NA,1986254N22309,Earl,3.1525
1986-09-16,EP,1986257N14230,Lester,0.4050
1986-09-16,EP,1986259N13256,Madeline,0.1225
1986-09-16,NA,1986254N22309,Earl,2.4050
1986-09-17,EP,1986259N13256,Madeline,0.7350
1986-09-17,NA,1986254N22309,Earl,2.0325
1986-09-18,EP,1986259N13256,Madeline,1.3825
1986-09-18,NA,1986254N22309,Earl,1.7575
1986-09-19,EP,1986259N13256,Madeline,0.9875
1986-09-20,EP,1986259N13256,Madeline,0.4900
1986-09-20,EP,1986262N12266,Newton,0.6875
1986-09-21,EP,1986259N13256,Madeline,0.4900
1986-09-21,EP,1986262N12266,Newton,1.5175
1986-09-21,EP,1986264N12221,Orlene,0.2450
1986-09-22,EP,1986262N12266,Newton,1.6900
1986-09-22,EP,1986264N12221,Orlene,1.8250
1986-09-23,EP,1986262N12266,Newton,1.8975
1986-09-23,EP,1986264N12221,Orlene,1.7625
1986-09-24,EP,1986262N12266,Newton,0.2500
1986-09-24,EP,1986264N12221,Orlene,0.5750
1986-09-30,EP,1986271N12267,Paine,0.5275
1986-10-01,EP,1986271N12267,Paine,2.1825
1986-10-02,EP,1986271N12267,Paine,2.0025
1986-10-16,EP,1986289N10267,Roslyn,0.4850
1986-10-17,EP,1986289N10267,Roslyn,1.9575
1986-10-18,EP,1986289N10267,Roslyn,4.3425
1986-10-19,EP,1986289N10267,Roslyn,6.1275
1986-10-20,EP,1986289N10267,Roslyn,4.0175
1986-10-21,EP,1986289N10267,Roslyn,1.9700
1986-10-22,EP,1986289N10267,Roslyn,0.8450
1986-11-19,NA,1986323N23297,Frances,0.5325
1986-11-20,NA,1986323N23297,Frances,1.8500
1986-11-21,NA,1986323N23297,Frances,1.4175
1987-06-08,EP,1987159N12264,Adrian,0.5275
1987-07-04,EP,1987185N13244,Beatriz,0.3675
1987-07-05,EP,1987185N13244,Beatriz,0.6875
1987-07-06,EP,1987185N13244,Beatriz,0.2825
1987-07-06,EP,1987187N13258,Calvin,0.3675
1987-07-07,EP,1987187N13258,Calvin,0.7675
1987-07-08,EP,1987187N13258,Calvin,1.0575
1987-07-09,EP,1987187N13258,Calvin,0.3250
1987-07-15,EP,1987196N15258,Dora,0.2450
1987-07-16,EP,1987196N15258,Dora,0.4900
1987-07-17,EP,1987196N15258,Dora,0.8200
1987-07-18,EP,1987196N15258,Dora,0.6875
1987-07-19,EP,1987196N15258,Dora,0.1225
1987-07-22,EP,1987203N11263,Eugene,0.1225
1987-07-23,EP,1987203N11263,Eugene,0.7350
1987-07-24,EP,1987203N11263,Eugene,1.6475
1987-07-25,EP,1987203N11263,Eugene,2.2525
1987-07-25,EP,1987205N12229,Fernanda,0.5275
1987-07-26,EP,1987203N11263,Eugene,0.1600
1987-07-26,EP,1987205N12229,Fernanda,1.2100
1987-07-27,EP,1987205N12229,Fernanda,0.8100
1987-07-28,EP,1987205N12229,Fernanda,0.4425
1987-07-29,EP,1987209N12259,Greg,0.3625
1987-07-30,EP,1987209N12259,Greg,0.9050
1987-07-31,EP,1987209N12259,Greg,1.2775
1987-08-01,EP,1987209N12259,Greg,1.7625
1987-08-01,EP,1987213N11268,Hilary,0.2825
1987-08-02,EP,1987209N12259,Greg,0.8650
1987-08-02,EP,1987213N11268,Hilary,1.4175
1987-08-03,EP,1987213N11268,Hilary,3.0125
1987-08-04,EP,1987213N11268,Hilary,4.1175
1987-08-04,EP,1987216N10270,Irwin,0.5700
1987-08-05,EP,1987213N11268,Hilary,2.9875
1987-08-05,EP,1987216N10270,Irwin,0.8575
1987-08-06,EP,1987213N11268,Hilary,2.9975
1987-08-06,EP,1987216N10270,Irwin,1.0050
1987-08-07,EP,1987213N11268,Hilary,1.5650
1987-08-07,EP,1987216N10270,Irwin,1.2100
1987-08-08,EP,1987213N11268,Hilary,0.9875
1987-08-08,EP,1987216N10270,Irwin,1.2100
1987-08-09,EP,1987216N10270,Irwin,0.2025
1987-08-09,NA,1987222N26266,Unnamed,0.1225
1987-08-10,NA,1987222N26266,Unnamed,0.4800
1987-08-11,NA,1987220N34283,Arlene,0.1225
1987-08-12,NA,1987220N34283,Arlene,0.7250
1987-08-13,NA,1987220N34283,Arlene,1.2100
1987-08-14,EP,1987226N13241,Jova,0.2450
1987-08-14,NA,1987220N34283,Arlene,1.0050
1987-08-15,EP,1987226N13241,Jova,0.5275
1987-08-15,NA,1987220N34283,Arlene,1.0575
1987-08-16,EP,1987226N13241,Jova,1.1350
1987-08-16,NA,1987220N34283,Arlene,0.8100
1987-08-17,EP,1987226N13241,Jova,2.4300
1987-08-17,NA,1987220N34283,Arlene,0.7250
1987-08-18,EP,1987226N13241,Jova,2.4975
1987-08-18,NA,1987220N34283,Arlene,0.4900
1987-08-18,NA,1987230N15340,Bret,0.1225
1987-08-19,EP,1987226N13241,Jova,2.1100
1987-08-19,NA,1987220N34283,Arlene,0.4900
1987-08-19,NA,1987230N15340,Bret,0.5275
1987-08-20,EP,1987226N13241,Jova,0.5225
1987-08-20,NA,1987220N34283,Arlene,0.6925
1987-08-20,NA,1987230N15340,Bret,0.7675
1987-08-21,NA,1987220N34283,Arlene,1.2675
1987-08-21,NA,1987230N15340,Bret,0.5650
1987-08-22,NA,1987220N34283,Arlene,1.6275
1987-08-22,NA,1987230N15340,Bret,0.3675
1987-08-23,NA,1987220N34283,Arlene,1.6900
1987-08-26,EP,1987238N10213,Oka,0.4425
1987-08-27,EP,1987238N10213,Oka,0.7300
1987-08-28,EP,1987238N10213,Oka,0.9525
1987-08-29,EP,1987238N10213,Oka,0.3200
1987-08-29,EP,1987241N10241,Knut,0.3675
1987-08-30,EP,1987241N10241,Knut,0.1225
1987-08-30,EP,1987242N13257,Lidia,0.6875
1987-08-31,EP,1987242N13257,Lidia,1.1100
1987-09-01,EP,1987242N13257,Lidia,1.9750
1987-09-02,EP,1987242N13257,Lidia,1.2350
1987-09-03,EP,1987242N13257,Lidia,0.1225
1987-09-07,NA,1987249N15329,Cindy,0.2825
1987-09-08,NA,1987249N15329,Cindy,0.7675
1987-09-09,NA,1987249N15329,Cindy,0.4900
1987-09-10,EP,1987253N11260,Max,0.7775
1987-09-10,NA,1987249N15329,Cindy,0.3675
1987-09-10,NA,1987252N11342,Dennis,0.2450
1987-09-11,EP,1987253N11260,Max,1.9125
1987-09-11,NA,1987252N11342,Dennis,0.7250
1987-09-12,EP,1987253N11260,Max,4.2350
1987-09-12,NA,1987252N11342,Dennis,0.6450
1987-09-13,EP,1987253N11260,Max,7.0300
1987-09-13,NA,1987252N11342,Dennis,0.4900
1987-09-14,EP,1987253N11260,Max,5.2475
1987-09-14,NA,1987252N11342,Dennis,0.4900
1987-09-15,EP,1987253N11260,Max,1.9975
1987-09-15,EP,1987258N15253,Norma,0.1225
1987-09-15,NA,1987252N11342,Dennis,0.4900
1987-09-16,EP,1987253N11260,Max,0.1225
1987-09-16,EP,1987258N15253,Norma,0.4900
1987-09-16,NA,1987252N11342,Dennis,0.4900
1987-09-17,EP,1987258N15253,Norma,1.1275
1987-09-17,NA,1987252N11342,Dennis,0.4900
1987-09-18,EP,1987258N15253,Norma,1.1150
1987-09-19,EP,1987258N15253,Norma,0.6550
1987-09-20,EP,1987263N10241,Otis,0.1225
1987-09-20,NA,1987263N10309,Emily,0.1225
1987-09-21,EP,1987263N10241,Otis,1.7375
1987-09-21,NA,1987263N10309,Emily,0.7725
1987-09-22,EP,1987263N10241,Otis,3.8100
1987-09-22,EP,1987264N10190,Peke,0.8150
1987-09-22,NA,1987263N10309,Emily,3.0200
1987-09-23,EP,1987263N10241,Otis,3.4300
1987-09-23,EP,1987264N10190,Peke,1.4750
1987-09-23,NA,1987263N10309,Emily,2.0550
1987-09-24,EP,1987263N10241,Otis,3.5425
1987-09-24,EP,1987264N10190,Peke,2.9825
1987-09-24,NA,1987263N10309,Emily,0.7675
1987-09-25,EP,1987263N10241,Otis,1.6275
1987-09-25,EP,1987264N10190,Peke,3.2400
1987-09-25,NA,1987263N10309,Emily,1.9725
1987-09-26,EP,1987264N10190,Peke,3.1525
1987-09-26,NA,1987263N10309,Emily,1.4750
1987-09-27,EP,1987264N10190,Peke,2.8900
1987-10-01,EP,1987274N21249,Pilar,0.1225
1987-10-05,EP,1987279N12256,Ramon,0.1225
1987-10-06,EP,1987279N12256,Ramon,0.4900
1987-10-07,EP,1987279N12256,Ramon,1.4900
1987-10-08,EP,1987279N12256,Ramon,3.1825
1987-10-09,EP,1987279N12256,Ramon,5.5300
1987-10-10,EP,1987279N12256,Ramon,5.2950
1987-10-10,NA,1987282N15277,Floyd,0.2450
1987-10-11,EP,1987279N12256,Ramon,2.4050
1987-10-11,NA,1987282N15277,Floyd,0.7725
1987-10-12,NA,1987282N15277,Floyd,1.5075
1987-10-13,NA,1987282N15277,Floyd,0.8125
1987-10-27,EP,1987300N10239,Selma,0.1225
1987-10-28,EP,1987300N10239,Selma,0.3675
1987-10-29,EP,1987300N10239,Selma,0.1225
1987-10-30,EP,1987300N10239,Selma,0.1225
1988-06-17,EP,1988169N14259,Aletta,0.9250
1988-06-18,EP,1988169N14259,Aletta,1.4400
1988-06-19,EP,1988169N14259,Aletta,0.7125
1988-06-21,EP,1988173N12268,Bud,0.2825
1988-06-22,EP,1988173N12268,Bud,0.5225
1988-07-09,EP,1988191N13256,Carlotta,0.2825
1988-07-10,EP,1988191N13256,Carlotta,1.0575
1988-07-11,EP,1988191N13256,Carlotta,1.6275
1988-07-12,EP,1988191N13256,Carlotta,1.2350
1988-07-13,EP,1988191N13256,Carlotta,0.1225
1988-07-20,EP,1988202N15248,Daniel,0.6875
1988-07-21,EP,1988202N15248,Daniel,0.8575
1988-07-22,EP,1988202N15248,Daniel,0.9050
1988-07-23,EP,1988202N15248,Daniel,0.8575
1988-07-24,EP,1988202N15248,Daniel,1.0575
1988-07-25,EP,1988202N15248,Daniel,0.4050
1988-07-29,EP,1988210N14251,Emilia,0.2825
1988-07-29,EP,1988211N12239,Fabio,0.1600
1988-07-29,EP,1988211N15225,Gilma,0.4850
1988-07-30,EP,1988210N14251,Emilia,1.2725
1988-07-30,EP,1988211N12239,Fabio,1.2150
1988-07-30,EP,1988211N15225,Gilma,0.4850
1988-07-31,EP,1988210N14251,Emilia,0.7875
1988-07-31,EP,1988211N12239,Fabio,1.5650
1988-07-31,EP,1988213N11262,Hector,0.1225
1988-08-01,EP,1988211N12239,Fabio,2.1050
1988-08-01,EP,1988213N11262,Hector,0.9150
1988-08-02,EP,1988211N12239,Fabio,3.0750
1988-08-02,EP,1988213N11262,Hector,3.3850
1988-08-03,EP,1988211N12239,Fabio,5.0750
1988-08-03,EP,1988213N11262,Hector,6.0050
1988-08-04,EP,1988211N12239,Fabio,2.7950
1988-08-04,EP,1988213N11262,Hector,4.3425
1988-08-05,EP,1988211N12239,Fabio,0.7350
1988-08-05,EP,1988213N11262,Hector,2.1975
1988-08-06,EP,1988213N11262,Hector,1.8975
1988-08-06,EP,1988218N13264,Iva,0.8300
1988-08-07,EP,1988213N11262,Hector,2.1050
1988-08-07,EP,1988218N13264,Iva,1.9995
1988-08-07,NA,1988219N32283,Alberto,0.2450
1988-08-08,EP,1988213N11262,Hector,1.2875
1988-08-08,EP,1988218N13264,Iva,3.2400
1988-08-08,NA,1988219N32283,Alberto,0.2450
1988-08-08,NA,1988221N30270,Beryl,0.2825
1988-08-09,EP,1988213N11262,Hector,0.2825
1988-08-09,EP,1988218N13264,Iva,2.4266
1988-08-09,NA,1988221N30270,Beryl,0.7675
1988-08-10,EP,1988218N13264,Iva,0.9675
1988-08-11,EP,1988218N13264,Iva,0.3675
1988-08-17,EP,1988230N18254,John,0.1225
1988-08-18,EP,1988230N18254,John,0.2450
1988-08-28,NA,1988235N15317,Chris,0.4850
1988-08-29,EP,1988242N12215,Uleki,0.1225
1988-08-29,EP,1988242N13262,Kristy,0.2825
1988-08-30,EP,1988242N12215,Uleki,0.9625
1988-08-30,EP,1988242N13262,Kristy,1.1150
1988-08-31,EP,1988242N12215,Uleki,2.4750
1988-08-31,EP,1988242N13262,Kristy,1.9650
1988-09-01,EP,1988242N12215,Uleki,4.0000
1988-09-01,EP,1988242N13262,Kristy,2.3325
1988-09-02,EP,1988242N12215,Uleki,4.3125
1988-09-02,EP,1988242N13262,Kristy,1.2875
1988-09-02,NA,1988245N20269,Debby,0.8325
1988-09-03,EP,1988242N12215,Uleki,4.1075
1988-09-03,EP,1988242N13262,Kristy,0.2825
1988-09-03,NA,1988245N20269,Debby,0.7950
1988-09-03,NA,1988247N33300,Ernesto,0.1225
1988-09-04,EP,1988242N12215,Uleki,2.3425
1988-09-04,NA,1988247N33300,Ernesto,0.8625
1988-09-05,EP,1988242N12215,Uleki,1.9600
1988-09-05,NA,1988247N33300,Ernesto,0.3025
1988-09-06,EP,1988242N12215,Uleki,1.7575
1988-09-07,EP,1988242N12215,Uleki,2.4650
1988-09-07,NA,1988251N13343,Unnamed,0.2450
1988-09-07,NA,1988251N23268,Florence,0.1600
1988-09-08,EP,1988242N12215,Uleki,1.6200
1988-09-08,NA,1988251N13343,Unnamed,0.8200
1988-09-08,NA,1988251N23268,Florence,0.8100
1988-09-09,NA,1988251N13343,Unnamed,0.6225
1988-09-09,NA,1988251N23268,Florence,1.2250
1988-09-09,NA,1988253N12306,Gilbert,0.1225
1988-09-10,NA,1988251N23268,Florence,0.8500
1988-09-10,NA,1988253N12306,Gilbert,0.9150
1988-09-11,NA,1988253N12306,Gilbert,2.9650
1988-09-12,NA,1988253N12306,Gilbert,4.7325
1988-09-13,NA,1988253N12306,Gilbert,6.0550
1988-09-14,NA,1988253N12306,Gilbert,8.7550
1988-09-15,NA,1988253N12306,Gilbert,3.3425
1988-09-16,NA,1988253N12306,Gilbert,4.8550
1988-09-17,NA,1988253N12306,Gilbert,1.0125
1988-09-20,NA,1988264N13328,Helene,0.4850
1988-09-21,EP,1988265N13263,Lane,0.1225
1988-09-21,NA,1988264N13328,Helene,1.6625
1988-09-22,EP,1988265N13263,Lane,0.9150
1988-09-22,NA,1988264N13328,Helene,3.3525
1988-09-23,EP,1988265N13263,Lane,2.0675
1988-09-23,NA,1988264N13328,Helene,5.5350
1988-09-24,EP,1988265N13263,Lane,2.9825
1988-09-24,NA,1988264N13328,Helene,5.4125
1988-09-25,EP,1988265N12218,Wila,0.3675
1988-09-25,EP,1988265N13263,Lane,2.2550
1988-09-25,NA,1988264N13328,Helene,3.7125
1988-09-26,EP,1988265N13263,Lane,1.8250
1988-09-26,NA,1988264N13328,Helene,2.7250
1988-09-27,EP,1988265N13263,Lane,1.3350
1988-09-27,NA,1988264N13328,Helene,2.2500
1988-09-28,EP,1988265N13263,Lane,0.4850
1988-09-28,NA,1988264N13328,Helene,2.5650
1988-09-29,NA,1988264N13328,Helene,2.9050
1988-09-30,NA,1988264N13328,Helene,0.8450
1988-09-30,NA,1988273N09315,Isaac,0.1225
1988-10-01,NA,1988273N09315,Isaac,0.2825
1988-10-11,NA,1988285N09318,Joan:Miriam,0.4850
1988-10-12,NA,1988285N09318,Joan:Miriam,0.8150
1988-10-13,NA,1988285N09318,Joan:Miriam,0.6400
1988-10-14,NA,1988285N09318,Joan:Miriam,0.7250
1988-10-15,NA,1988285N09318,Joan:Miriam,0.8100
1988-10-16,NA,1988285N09318,Joan:Miriam,0.9525
1988-10-17,NA,1988285N09318,Joan:Miriam,1.3250
1988-10-18,NA,1988285N09318,Joan:Miriam,2.1150
1988-10-19,NA,1988285N09318,Joan:Miriam,4.0250
1988-10-20,NA,1988285N09318,Joan:Miriam,2.8050
1988-10-21,NA,1988285N09318,Joan:Miriam,3.5825
1988-10-22,NA,1988285N09318,Joan:Miriam,4.9325
1988-10-23,EP,1988285N09318,Joan:Miriam,0.7550
1988-10-23,NA,1988285N09318,Joan:Miriam,0.3025
1988-10-24,EP,1988285N09318,Joan:Miriam,1.2725
1988-10-25,EP,1988285N09318,Joan:Miriam,0.7350
1988-11-20,NA,1988323N15286,Keith,0.4850
1988-11-21,NA,1988323N15286,Keith,1.4400
1988-11-22,NA,1988323N15286,Keith,1.2675
1988-11-23,NA,1988323N15286,Keith,0.8875
1988-11-24,NA,1988323N15286,Keith,0.9125
1989-06-01,EP,1989150N09257,Adolph,0.5750
1989-06-02,EP,1989150N09257,Adolph,1.1050
1989-06-03,EP,1989150N09257,Adolph,0.8575
1989-06-04,EP,1989150N09257,Adolph,0.6600
1989-06-16,EP,1989165N11255,Barbara,0.1225
1989-06-17,EP,1989165N11255,Barbara,1.1150
1989-06-18,EP,1989165N11255,Barbara,1.8250
1989-06-19,EP,1989165N11255,Barbara,0.9875
1989-06-20,EP,1989169N13265,Cosme,0.7875
1989-06-21,EP,1989169N13265,Cosme,1.5750
1989-06-22,EP,1989169N13265,Cosme,1.2675
1989-06-26,NA,1989176N27264,Allison,0.6075
1989-06-27,NA,1989176N27264,Allison,0.3250
1989-07-11,NA,1989191N13322,Barry,0.6025
1989-07-12,EP,1989190N13261,Dalilia,0.1225
1989-07-12,NA,1989191N13322,Barry,0.7675
1989-07-13,EP,1989190N13261,Dalilia,1.2875
1989-07-13,NA,1989191N13322,Barry,0.4050
1989-07-14,EP,1989190N13261,Dalilia,1.8250
1989-07-15,EP,1989190N13261,Dalilia,2.1775
1989-07-16,EP,1989190N13261,Dalilia,2.4050
1989-07-17,EP,1989190N13261,Dalilia,1.8300
1989-07-18,EP,1989190N13261,Dalilia,1.6900
1989-07-19,EP,1989190N13261,Dalilia,1.6275
1989-07-20,EP,1989190N13261,Dalilia,1.1575
1989-07-20,EP,1989200N12236,Erick,0.3675
1989-07-21,EP,1989190N13261,Dalilia,0.5275
1989-07-24,EP,1989205N13260,Flossie,0.3675
1989-07-25,EP,1989205N13260,Flossie,0.3675
1989-07-31,EP,1989210N14259,Gil,1.2600
1989-07-31,NA,1989212N23270,Chantal,0.6750
1989-08-01,EP,1989210N14259,Gil,2.1775
1989-08-01,NA,1989212N15318,Dean,0.4850
1989-08-01,NA,1989212N23270,Chantal,1.6525
1989-08-02,EP,1989210N14259,Gil,1.3350
1989-08-02,NA,1989212N15318,Dean,1.5225
1989-08-02,NA,1989212N23270,Chantal,0.1225
1989-08-03,EP,1989210N14259,Gil,0.4850
1989-08-03,NA,1989212N15318,Dean,2.1050
1989-08-04,NA,1989212N15318,Dean,2.2500
1989-08-05,NA,1989212N15318,Dean,2.2500
1989-08-06,NA,1989212N15318,Dean,2.5650
1989-08-07,NA,1989212N15318,Dean,2.9825
1989-08-08,NA,1989212N15318,Dean,1.4900
1989-08-15,EP,1989227N12236,Henriette,0.2450
1989-08-15,EP,1989227N13261,Ismael,0.1225
1989-08-16,EP,1989227N12236,Henriette,0.7250
1989-08-16,EP,1989227N13261,Ismael,1.3950
1989-08-17,EP,1989227N12236,Henriette,0.3625
1989-08-17,EP,1989227N13261,Ismael,2.9825
1989-08-18,EP,1989227N13261,Ismael,2.8125
1989-08-19,EP,1989227N13261,Ismael,3.8150
1989-08-19,NA,1989230N14338,Erin,0.1225
1989-08-20,EP,1989227N13261,Ismael,2.9400
1989-08-20,NA,1989230N14338,Erin,0.6025
1989-08-21,EP,1989227N13261,Ismael,2.5850
1989-08-21,NA,1989230N14338,Erin,0.8575
1989-08-22,EP,1989227N13261,Ismael,3.3375
1989-08-22,EP,1989234N16244,Juliette,0.5325
1989-08-22,NA,1989230N14338,Erin,1.5750
1989-08-23,EP,1989227N13261,Ismael,1.8550
1989-08-23,EP,1989234N16244,Juliette,1.0575
1989-08-23,NA,1989230N14338,Erin,2.3325
1989-08-24,EP,1989227N13261,Ismael,0.3250
1989-08-24,EP,1989234N16244,Juliette,0.1225
1989-08-24,NA,1989230N14338,Erin,3.0650
1989-08-25,EP,1989238N22253,Kiko,0.1225
1989-08-25,NA,1989230N14338,Erin,3.1525
1989-08-26,EP,1989238N22253,Kiko,2.3475
1989-08-26,NA,1989230N14338,Erin,2.1150
1989-08-26,NA,1989238N17339,Felix,0.1225
1989-08-27,EP,1989238N22253,Kiko,3.1025
1989-08-27,NA,1989230N14338,Erin,0.3600
1989-08-27,NA,1989238N17339,Felix,0.7350
1989-08-28,EP,1989238N22253,Kiko,0.2025
1989-08-28,EP,1989240N14256,Lorena,0.1225
1989-08-28,NA,1989238N17339,Felix,1.0525
1989-08-29,EP,1989240N14256,Lorena,0.7350
1989-08-29,EP,1989241N13265,Manuel,0.1225
1989-08-29,NA,1989238N17339,Felix,0.4475
1989-08-30,EP,1989240N14256,Lorena,1.1575
1989-08-30,EP,1989241N13265,Manuel,0.5650
1989-08-31,EP,1989240N14256,Lorena,1.3250
1989-08-31,EP,1989241N13265,Manuel,0.4050
1989-08-31,NA,1989243N12339,Gabrielle,0.7500
1989-09-01,EP,1989240N14256,Lorena,1.5650
1989-09-01,NA,1989243N12339,Gabrielle,1.6900
1989-09-02,EP,1989240N14256,Lorena,0.9150
1989-09-02,NA,1989243N12339,Gabrielle,2.7350
1989-09-03,EP,1989240N14256,Lorena,0.1225
1989-09-03,NA,1989238N17339,Felix,0.4900
1989-09-03,NA,1989243N12339,Gabrielle,4.1075
1989-09-04,EP,1989246N14263,Narda,0.5275
1989-09-04,NA,1989238N17339,Felix,0.7250
1989-09-04,NA,1989243N12339,Gabrielle,5.0750
1989-09-05,EP,1989246N14263,Narda,0.8100
1989-09-05,NA,1989238N17339,Felix,1.7775
1989-09-05,NA,1989243N12339,Gabrielle,6.2500
1989-09-06,EP,1989246N14263,Narda,0.5275
1989-09-06,NA,1989238N17339,Felix,2.1050
1989-09-06,NA,1989243N12339,Gabrielle,5.8825
1989-09-07,NA,1989238N17339,Felix,1.3350
1989-09-07,NA,1989243N12339,Gabrielle,4.3475
1989-09-08,NA,1989238N17339,Felix,0.8150
1989-09-08,NA,1989243N12339,Gabrielle,3.0750
1989-09-09,NA,1989238N17339,Felix,0.1225
1989-09-09,NA,1989243N12339,Gabrielle,1.8975
1989-09-10,EP,1989252N11260,Octave,0.4050
1989-09-10,NA,1989243N12339,Gabrielle,1.4450
1989-09-11,EP,1989252N11260,Octave,1.3025
1989-09-11,NA,1989243N12339,Gabrielle,0.7350
1989-09-11,NA,1989254N13340,Hugo,0.1225
1989-09-12,EP,1989252N11260,Octave,3.7625
1989-09-12,NA,1989243N12339,Gabrielle,0.2450
1989-09-12,NA,1989254N13340,Hugo,0.8150
1989-09-13,EP,1989252N11260,Octave,4.4450
1989-09-13,NA,1989254N13340,Hugo,1.3875
1989-09-14,EP,1989252N11260,Octave,1.7925
1989-09-14,NA,1989254N13340,Hugo,2.6625
1989-09-15,EP,1989252N11260,Octave,0.4850
1989-09-15,NA,1989254N13340,Hugo,5.7325
1989-09-16,NA,1989254N13340,Hugo,6.3925
1989-09-17,NA,1989254N13340,Hugo,6.0050
1989-09-18,NA,1989254N13340,Hugo,5.4425
1989-09-18,NA,1989260N11316,Iris,0.6075
1989-09-19,NA,1989254N13340,Hugo,3.4300
1989-09-19,NA,1989260N11316,Iris,1.2725
1989-09-20,NA,1989254N13340,Hugo,3.4250
1989-09-20,NA,1989260N11316,Iris,0.6550
1989-09-21,EP,1989260N13264,Priscilla,0.1225
1989-09-21,NA,1989254N13340,Hugo,4.6500
1989-09-22,EP,1989260N13264,Priscilla,0.9150
1989-09-22,NA,1989254N13340,Hugo,2.6250
1989-09-23,EP,1989260N13264,Priscilla,0.9150
1989-09-24,EP,1989260N13264,Priscilla,0.1225
1989-09-26,EP,1989268N14261,Raymond,0.1225
1989-09-27,EP,1989268N14261,Raymond,0.6450
1989-09-28,EP,1989268N14261,Raymond,1.1775
1989-09-29,EP,1989268N14261,Raymond,2.9150
1989-09-30,EP,1989268N14261,Raymond,4.6350
1989-10-01,EP,1989268N14261,Raymond,5.8875
1989-10-02,EP,1989268N14261,Raymond,4.5225
1989-10-03,EP,1989268N14261,Raymond,2.9150
1989-10-04,EP,1989268N14261,Raymond,1.5750
1989-10-05,EP,1989268N14261,Raymond,0.3250
1989-10-13,NA,1989286N19268,Jerry,0.7350
1989-10-14,NA,1989286N19268,Jerry,1.2100
1989-10-15,NA,1989286N19268,Jerry,1.3875
1989-10-16,NA,1989286N19268,Jerry,0.6850
1989-11-30,NA,1989333N17276,Karen,0.8250
1989-12-01,NA,1989333N17276,Karen,0.6075
1989-12-02,NA,1989333N17276,Karen,0.4900
1989-12-03,NA,1989333N17276,Karen,0.6025
1989-12-04,NA,1989333N17276,Karen,0.1225
1990-05-14,EP,1990133N09259,Alma,0.5700
1990-05-15,EP,1990133N09259,Alma,1.5075
1990-05-16,EP,1990133N09259,Alma,1.9025
1990-05-17,EP,1990133N09259,Alma,0.6275
1990-06-04,EP,1990154N11260,Boris,0.9350
1990-06-05,EP,1990154N11260,Boris,2.2650
1990-06-06,EP,1990154N11260,Boris,1.7150
1990-06-07,EP,1990154N11260,Boris,0.2025
1990-06-09,EP,1990160N12250,Cristina,0.2450
1990-06-10,EP,1990160N12250,Cristina,0.6450
1990-06-11,EP,1990160N12250,Cristina,0.9050
1990-06-12,EP,1990160N12250,Cristina,1.1575
1990-06-13,EP,1990160N12250,Cristina,0.8250
1990-06-19,EP,1990170N13260,Douglas,0.1225
1990-06-20,EP,1990170N13260,Douglas,0.8625
1990-06-21,EP,1990170N13260,Douglas,1.2100
1990-06-22,EP,1990170N13260,Douglas,0.9150
1990-06-23,EP,1990170N13260,Douglas,0.2450
1990-06-26,EP,1990177N14257,Elida,0.1225
1990-06-27,EP,1990177N14257,Elida,0.9725
1990-06-28,EP,1990177N14257,Elida,1.8925
1990-06-29,EP,1990177N14257,Elida,1.5750
1990-06-30,EP,1990177N14257,Elida,0.7350
1990-07-07,EP,1990187N13258,Fausto,0.6075
1990-07-08,EP,1990187N13258,Fausto,1.5375
1990-07-09,EP,1990187N13258,Fausto,2.0375
1990-07-10,EP,1990187N13258,Fausto,1.9175
1990-07-11,EP,1990187N13258,Fausto,0.4850
1990-07-11,EP,1990191N10266,Genevieve,0.1225
1990-07-12,EP,1990191N10266,Genevieve,0.9150
1990-07-13,EP,1990191N10266,Genevieve,2.1150
1990-07-14,EP,1990191N10266,Genevieve,2.5600
1990-07-15,EP,1990191N10266,Genevieve,2.9775
1990-07-16,EP,1990191N10266,Genevieve,2.1975
1990-07-17,EP,1990191N10266,Genevieve,0.7875
1990-07-21,EP,1990201N12254,Hernan,1.0500
1990-07-21,EP,1990202N10264,Iselle,0.3250
1990-07-22,EP,1990201N12254,Hernan,3.7975
1990-07-22,EP,1990202N10264,Iselle,1.3350
1990-07-23,EP,1990201N12254,Hernan,6.8975
1990-07-23,EP,1990202N10264,Iselle,2.5025
1990-07-24,EP,1990201N12254,Hernan,6.0150
1990-07-24,EP,1990202N10264,Iselle,3.8050
1990-07-24,NA,1990203N09318,Arthur,0.2450
1990-07-25,EP,1990201N12254,Hernan,4.9525
1990-07-25,EP,1990202N10264,Iselle,4.2050
1990-07-25,NA,1990203N09318,Arthur,0.9725
1990-07-26,EP,1990201N12254,Hernan,4.0150
1990-07-26,EP,1990202N10264,Iselle,4.0050
1990-07-26,NA,1990203N09318,Arthur,0.9725
1990-07-27,EP,1990201N12254,Hernan,2.1150
1990-07-27,EP,1990202N10264,Iselle,3.0750
1990-07-27,NA,1990203N09318,Arthur,0.1225
1990-07-28,EP,1990201N12254,Hernan,1.1150
1990-07-28,EP,1990202N10264,Iselle,1.8550
1990-07-28,NA,1990206N34285,Bertha,0.7875
1990-07-29,EP,1990201N12254,Hernan,0.6075
1990-07-29,EP,1990202N10264,Iselle,0.7875
1990-07-29,NA,1990206N34285,Bertha,1.6275
1990-07-30,NA,1990206N34285,Bertha,1.5650
1990-07-31,NA,1990206N34285,Bertha,1.7575
1990-08-01,NA,1990206N34285,Bertha,1.6900
1990-08-02,NA,1990206N34285,Bertha,0.4900
1990-08-02,NA,1990212N10338,Cesar,0.7300
1990-08-03,NA,1990212N10338,Cesar,0.8100
1990-08-03,NA,1990215N38337,Edouard,0.2825
1990-08-04,NA,1990212N10338,Cesar,0.8100
1990-08-04,NA,1990215N38337,Edouard,0.4050
1990-08-05,NA,1990212N10338,Cesar,0.7675
1990-08-05,NA,1990216N13281,Diana,0.7875
1990-08-06,NA,1990212N10338,Cesar,0.2825
1990-08-06,NA,1990216N13281,Diana,0.8575
1990-08-07,NA,1990216N13281,Diana,2.0675
1990-08-08,EP,1990219N10214,Aka,0.4900
1990-08-08,NA,1990215N38337,Edouard,0.1225
1990-08-08,NA,1990216N13281,Diana,0.5525
1990-08-09,EP,1990219N10214,Aka,0.7350
1990-08-09,NA,1990215N38337,Edouard,0.5275
1990-08-10,EP,1990219N10214,Aka,1.1050
1990-08-10,NA,1990215N38337,Edouard,0.2450
1990-08-11,EP,1990219N10214,Aka,0.6500
1990-08-12,EP,1990219N10214,Aka,0.6075
1990-08-13,EP,1990219N10214,Aka,0.4050
1990-08-13,NA,1990224N09328,Fran,0.1225
1990-08-14,NA,1990224N09328,Fran,0.3675
1990-08-18,EP,1990229N11261,Julio,0.4850
1990-08-19,EP,1990229N11261,Julio,1.5225
1990-08-20,EP,1990229N11261,Julio,2.7350
1990-08-21,EP,1990229N11261,Julio,3.9025
1990-08-22,EP,1990229N11261,Julio,2.9650
1990-08-22,EP,1990234N14248,Kenna,0.4850
1990-08-23,EP,1990229N11261,Julio,0.9150
1990-08-23,EP,1990234N14248,Kenna,1.0575
1990-08-24,EP,1990229N11261,Julio,0.1225
1990-08-24,EP,1990234N14248,Kenna,1.2675
1990-08-25,EP,1990234N14248,Kenna,1.8250
1990-08-25,EP,1990236N14264,Lowell,0.1225
1990-08-25,NA,1990236N13314,Gustav,0.7350
1990-08-26,EP,1990234N14248,Kenna,2.1050
1990-08-26,EP,1990236N14264,Lowell,0.9150
1990-08-26,NA,1990236N13314,Gustav,1.5750
1990-08-26,NA,1990237N13325,Hortense,0.4050
1990-08-27,EP,1990234N14248,Kenna,1.8925
1990-08-27,EP,1990236N14264,Lowell,1.6275
1990-08-27,NA,1990236N13314,Gustav,2.9975
1990-08-27,NA,1990237N13325,Hortense,0.8150
1990-08-28,EP,1990234N14248,Kenna,0.9675
1990-08-28,EP,1990236N14264,Lowell,1.6275
1990-08-28,NA,1990236N13314,Gustav,3.0750
1990-08-28,NA,1990237N13325,Hortense,1.1575
1990-08-29,EP,1990234N14248,Kenna,0.1225
1990-08-29,EP,1990236N14264,Lowell,1.2150
1990-08-29,NA,1990236N13314,Gustav,2.1775
1990-08-29,NA,1990237N13325,Hortense,0.8775
1990-08-30,EP,1990236N14264,Lowell,0.8150
1990-08-30,NA,1990236N13314,Gustav,3.0750
1990-08-31,EP,1990236N14264,Lowell,0.2450
1990-08-31,NA,1990236N13314,Gustav,4.1025
1990-09-01,NA,1990236N13314,Gustav,3.0750
1990-09-02,NA,1990236N13314,Gustav,1.8350
1990-09-03,NA,1990236N13314,Gustav,0.3025
1990-09-05,NA,1990247N07337,Isidore,0.2825
1990-09-06,NA,1990247N07337,Isidore,1.1150
1990-09-07,NA,1990247N07337,Isidore,2.3475
1990-09-08,EP,1990251N12238,Marie,0.3250
1990-09-08,NA,1990247N07337,Isidore,1.8350
1990-09-09,EP,1990251N12238,Marie,1.9275
1990-09-09,NA,1990247N07337,Isidore,1.2775
1990-09-10,EP,1990251N12238,Marie,3.7425
1990-09-10,EP,1990253N12248,Norbert,0.1225
1990-09-10,NA,1990247N07337,Isidore,1.6900
1990-09-11,EP,1990251N12238,Marie,5.6425
1990-09-11,EP,1990253N12248,Norbert,0.7675
1990-09-11,NA,1990247N07337,Isidore,2.2650
1990-09-12,EP,1990251N12238,Marie,3.7425
1990-09-12,EP,1990253N12248,Norbert,0.6875
1990-09-12,NA,1990247N07337,Isidore,2.0375
1990-09-13,EP,1990251N12238,Marie,3.5225
1990-09-13,EP,1990253N12248,Norbert,0.9150
1990-09-13,NA,1990247N07337,Isidore,1.6900
1990-09-14,EP,1990251N12238,Marie,4.0000
1990-09-14,EP,1990253N12248,Norbert,1.6900
1990-09-14,NA,1990247N07337,Isidore,1.6900
1990-09-15,EP,1990251N12238,Marie,4.0000
1990-09-15,EP,1990253N12248,Norbert,1.6375
1990-09-15,NA,1990247N07337,Isidore,1.6900
1990-09-16,EP,1990251N12238,Marie,3.6400
1990-09-16,EP,1990253N12248,Norbert,1.2100
1990-09-16,NA,1990247N07337,Isidore,1.2875
1990-09-17,EP,1990251N12238,Marie,1.3500
1990-09-17,EP,1990253N12248,Norbert,0.8150
1990-09-17,NA,1990247N07337,Isidore,0.3250
1990-09-18,EP,1990251N12238,Marie,1.1825
1990-09-18,EP,1990253N12248,Norbert,0.1225
1990-09-24,EP,1990267N13252,Odile,0.6650
1990-09-24,NA,1990264N14328,Josephine,0.2450
1990-09-25,EP,1990267N13252,Odile,1.8750
1990-09-25,NA,1990264N14328,Josephine,0.6025
1990-09-26,EP,1990267N13252,Odile,5.2375
1990-09-26,NA,1990264N14328,Josephine,0.1225
1990-09-27,EP,1990267N13252,Odile,6.0100
1990-09-28,EP,1990267N13252,Odile,3.2750
1990-09-29,EP,1990267N13252,Odile,1.1775
1990-09-29,EP,1990272N10223,Polo,0.2025
1990-09-30,EP,1990267N13252,Odile,0.1225
1990-09-30,EP,1990270N13261,Rachel,0.4425
1990-09-30,EP,1990272N10223,Polo,1.3975
1990-10-01,EP,1990270N13261,Rachel,0.9050
1990-10-01,EP,1990272N10223,Polo,0.3625
1990-10-01,NA,1990264N14328,Josephine,0.2450
1990-10-02,EP,1990270N13261,Rachel,1.1575
1990-10-02,NA,1990264N14328,Josephine,0.5275
1990-10-03,NA,1990264N14328,Josephine,0.5275
1990-10-03,NA,1990277N16301,Klaus,0.1225
1990-10-04,NA,1990264N14328,Josephine,1.1150
1990-10-04,NA,1990277N16301,Klaus,1.0050
1990-10-05,NA,1990264N14328,Josephine,1.8975
1990-10-05,NA,1990277N16301,Klaus,1.6425
1990-10-06,NA,1990264N14328,Josephine,1.3400
1990-10-06,NA,1990277N16301,Klaus,1.4450
1990-10-06,NA,1990279N36316,Lili,0.7025
1990-10-07,NA,1990277N16301,Klaus,1.0150
1990-10-07,NA,1990279N36316,Lili,0.8575
1990-10-08,NA,1990277N16301,Klaus,0.3625
1990-10-08,NA,1990279N36316,Lili,1.0050
1990-10-09,NA,1990277N16301,Klaus,0.5275
1990-10-09,NA,1990279N36316,Lili,1.2200
1990-10-10,EP,1990282N15250,Simon,0.6450
1990-10-10,NA,1990279N36316,Lili,1.1625
1990-10-10,NA,1990283N23281,Marco,0.4850
1990-10-11,EP,1990282N15250,Simon,1.2725
1990-10-11,NA,1990279N36316,Lili,1.6900
1990-10-11,NA,1990283N23281,Marco,0.9625
1990-10-12,EP,1990282N15250,Simon,1.2725
1990-10-12,NA,1990279N36316,Lili,1.6900
1990-10-13,EP,1990282N15250,Simon,0.4850
1990-10-13,NA,1990279N36316,Lili,1.4550
1990-10-14,NA,1990279N36316,Lili,0.9525
1990-10-16,NA,1990289N22300,Nana,0.1225
1990-10-17,EP,1990289N10261,Trudy,0.2825
1990-10-17,NA,1990289N22300,Nana,1.0875
1990-10-18,EP,1990289N10261,Trudy,1.7400
1990-10-18,NA,1990289N22300,Nana,2.1050
1990-10-19,EP,1990289N10261,Trudy,4.2350
1990-10-19,NA,1990289N22300,Nana,1.9650
1990-10-20,EP,1990289N10261,Trudy,6.7650
1990-10-20,NA,1990289N22300,Nana,0.8925
1990-10-21,EP,1990289N10261,Trudy,4.9875
1990-10-22,EP,1990289N10261,Trudy,3.0750
1990-10-23,EP,1990289N10261,Trudy,2.0325
1990-10-23,EP,1990295N11261,Vance,0.7350
1990-10-24,EP,1990289N10261,Trudy,2.0325
1990-10-24,EP,1990295N11261,Vance,1.2100
1990-10-25,EP,1990289N10261,Trudy,3.6350
1990-10-25,EP,1990295N11261,Vance,1.6475
1990-10-26,EP,1990289N10261,Trudy,5.1775
1990-10-26,EP,1990295N11261,Vance,2.8900
1990-10-27,EP,1990289N10261,Trudy,5.1775
1990-10-27,EP,1990295N11261,Vance,1.9850
1990-10-28,EP,1990289N10261,Trudy,3.5325
1990-10-28,EP,1990295N11261,Vance,1.0150
1990-10-29,EP,1990289N10261,Trudy,1.9125
1990-10-29,EP,1990295N11261,Vance,0.7675
1990-10-30,EP,1990289N10261,Trudy,0.9150
1990-10-30,EP,1990295N11261,Vance,0.1225
1990-10-31,EP,1990289N10261,Trudy,0.2450
1991-05-17,EP,1991136N11238,Andres,0.8875
1991-05-18,EP,1991136N11238,Andres,1.1575
1991-05-19,EP,1991136N11238,Andres,0.4850
1991-06-17,EP,1991166N10257,Blanca,0.6450
1991-06-17,EP,1991168N11265,Carlos,0.6975
1991-06-18,EP,1991166N10257,Blanca,0.8100
1991-06-18,EP,1991168N11265,Carlos,1.3875
1991-06-19,EP,1991166N10257,Blanca,0.8575
1991-06-19,EP,1991168N11265,Carlos,1.6900
1991-06-20,EP,1991166N10257,Blanca,0.9150
1991-06-20,EP,1991168N11265,Carlos,1.6900
1991-06-21,EP,1991166N10257,Blanca,0.2450
1991-06-21,EP,1991168N11265,Carlos,1.5025
1991-06-22,EP,1991168N11265,Carlos,2.9150
1991-06-23,EP,1991168N11265,Carlos,4.0000
1991-06-24,EP,1991168N11265,Carlos,4.1025
1991-06-24,EP,1991174N13259,Delores,0.7350
1991-06-25,EP,1991168N11265,Carlos,3.0950
1991-06-25,EP,1991174N13259,Delores,1.8350
1991-06-26,EP,1991168N11265,Carlos,1.0500
1991-06-26,EP,1991174N13259,Delores,2.0375
1991-06-27,EP,1991174N13259,Delores,0.8925
1991-07-04,NA,1991181N26282,Ana,0.7675
1991-07-05,NA,1991181N26282,Ana,0.4850
1991-07-16,EP,1991197N09248,Enrique,0.8775
1991-07-17,EP,1991197N09248,Enrique,1.4450
1991-07-18,EP,1991197N09248,Enrique,0.8150
1991-07-19,EP,1991197N09248,Enrique,0.3675
1991-07-29,EP,1991210N11253,Fefa,0.1225
1991-07-30,EP,1991210N11253,Fefa,0.7350
1991-07-31,EP,1991210N11253,Fefa,1.5750
1991-08-01,EP,1991210N11253,Fefa,2.8275
1991-08-02,EP,1991210N11253,Fefa,4.1075
1991-08-03,EP,1991210N11253,Fefa,2.6525
1991-08-04,EP,1991210N11253,Fefa,3.0650
1991-08-04,EP,1991216N12262,Guillermo,0.1225
1991-08-05,EP,1991210N11253,Fefa,2.6625
1991-08-05,EP,1991216N12262,Guillermo,1.3225
1991-08-06,EP,1991210N11253,Fefa,1.3350
1991-08-06,EP,1991216N12262,Guillermo,1.9600
1991-08-07,EP,1991210N11253,Fefa,0.4850
1991-08-07,EP,1991216N12262,Guillermo,1.5750
1991-08-08,EP,1991216N12262,Guillermo,0.7725
1991-08-09,EP,1991216N12262,Guillermo,0.2450
1991-08-09,EP,1991220N13258,Hilda,0.2825
1991-08-10,EP,1991220N13258,Hilda,0.9050
1991-08-11,EP,1991220N13258,Hilda,1.0575
1991-08-12,EP,1991220N13258,Hilda,0.7675
1991-08-13,EP,1991220N13258,Hilda,0.1225
1991-08-16,NA,1991228N26286,Bob,0.1225
1991-08-17,NA,1991228N26286,Bob,1.0875
1991-08-18,NA,1991228N26286,Bob,2.4150
1991-08-19,NA,1991228N26286,Bob,3.5275
1991-08-20,NA,1991228N26286,Bob,0.8125
1991-09-05,NA,1991248N27304,Claudette,0.2825
1991-09-06,NA,1991248N27304,Claudette,2.0750
1991-09-07,NA,1991248N27304,Claudette,4.6350
1991-09-08,NA,1991248N27304,Claudette,2.8950
1991-09-08,NA,1991250N10334,Danny,0.2825
1991-09-09,NA,1991248N27304,Claudette,2.3275
1991-09-09,NA,1991250N10334,Danny,0.7675
1991-09-09,NA,1991252N24311,Erika,0.1225
1991-09-10,NA,1991248N27304,Claudette,1.3550
1991-09-10,NA,1991250N10334,Danny,0.7675
1991-09-10,NA,1991252N24311,Erika,0.8625
1991-09-11,NA,1991248N27304,Claudette,0.4425
1991-09-11,NA,1991250N10334,Danny,0.2450
1991-09-11,NA,1991252N24311,Erika,0.8625
1991-09-12,NA,1991252N24311,Erika,0.1225
1991-09-16,EP,1991259N14258,Ignacio,0.1225
1991-09-17,EP,1991259N14258,Ignacio,1.0575
1991-09-18,EP,1991259N14258,Ignacio,0.7350
1991-09-21,EP,1991264N10260,Jimena,0.1225
1991-09-22,EP,1991264N10260,Jimena,1.0875
1991-09-23,EP,1991264N10260,Jimena,4.3575
1991-09-24,EP,1991264N10260,Jimena,5.2900
1991-09-25,EP,1991264N10260,Jimena,5.0650
1991-09-25,EP,1991268N12264,Kevin,0.1225
1991-09-26,EP,1991264N10260,Jimena,4.8450
1991-09-26,EP,1991268N12264,Kevin,1.3025
1991-09-27,EP,1991264N10260,Jimena,3.9025
1991-09-27,EP,1991268N12264,Kevin,3.1625
1991-09-28,EP,1991264N10260,Jimena,3.6100
1991-09-28,EP,1991268N12264,Kevin,3.3325
1991-09-29,EP,1991264N10260,Jimena,3.1525
1991-09-29,EP,1991268N12264,Kevin,4.6350
1991-09-30,EP,1991264N10260,Jimena,1.7400
1991-09-30,EP,1991268N12264,Kevin,5.5250
1991-10-01,EP,1991264N10260,Jimena,0.1225
1991-10-01,EP,1991268N12264,Kevin,5.7650
1991-10-02,EP,1991268N12264,Kevin,5.1775
1991-10-03,EP,1991268N12264,Kevin,4.2050
1991-10-04,EP,1991268N12264,Kevin,3.3325
1991-10-04,EP,1991277N13251,Linda,0.7875
1991-10-05,EP,1991268N12264,Kevin,2.6425
1991-10-05,EP,1991277N13251,Linda,3.3150
1991-10-06,EP,1991268N12264,Kevin,2.7350
1991-10-06,EP,1991277N13251,Linda,3.1875
1991-10-07,EP,1991268N12264,Kevin,3.8050
1991-10-07,EP,1991277N13251,Linda,1.5750
1991-10-08,EP,1991268N12264,Kevin,3.4350
1991-10-08,EP,1991277N13251,Linda,0.9050
1991-10-08,EP,1991281N12265,Marty,0.1225
1991-10-09,EP,1991268N12264,Kevin,1.9850
1991-10-09,EP,1991277N13251,Linda,0.5650
1991-10-09,EP,1991281N12265,Marty,0.9725
1991-10-10,EP,1991268N12264,Kevin,0.8575
1991-10-10,EP,1991281N12265,Marty,1.6900
1991-10-11,EP,1991268N12264,Kevin,0.1225
1991-10-11,EP,1991281N12265,Marty,1.8250
1991-10-12,EP,1991281N12265,Marty,1.5750
1991-10-13,EP,1991281N12265,Marty,0.9050
1991-10-14,EP,1991281N12265,Marty,0.5275
1991-10-15,NA,1991288N19274,Fabian,0.2825
1991-10-16,NA,1991288N19274,Fabian,0.4800
1991-10-26,NA,1991299N27295,Grace,0.4050
1991-10-27,NA,1991299N27295,Grace,1.1150
1991-10-28,NA,1991299N27295,Grace,1.6900
1991-10-29,NA,1991299N27295,Grace,1.7750
1991-10-31,NA,1991302N44301,Unnamed,0.1600
1991-11-01,NA,1991302N44301,Unnamed,1.3350
1991-11-02,NA,1991302N44301,Unnamed,1.0325
1991-11-07,EP,1991311N10256,Nora,0.2825
1991-11-08,EP,1991311N10256,Nora,1.0050
1991-11-09,EP,1991311N10256,Nora,2.3000
1991-11-10,EP,1991311N10256,Nora,2.9050
1991-11-11,EP,1991311N10256,Nora,0.6850
1992-01-28,EP,1992027N05206,Ekeka,0.1225
1992-01-29,EP,1992027N05206,Ekeka,0.9150
1992-01-30,EP,1992027N05206,Ekeka,1.8975
1992-01-31,EP,1992027N05206,Ekeka,2.4100
1992-02-01,EP,1992027N05206,Ekeka,3.2400
1992-02-02,EP,1992027N05206,Ekeka,3.6200
1992-02-03,EP,1992027N05206,Ekeka,1.0500
1992-03-29,EP,1992088N05188,Hali,0.3625
1992-03-30,EP,1992088N05188,Hali,0.2825
1992-04-22,NA,1992113N24301,Unnamed,0.6075
1992-04-23,NA,1992113N24301,Unnamed,0.4850
1992-06-02,EP,1992154N11258,Agatha,0.9350
1992-06-03,EP,1992154N11258,Agatha,1.4400
1992-06-04,EP,1992154N11258,Agatha,0.7075
1992-06-23,EP,1992175N12269,Celia,0.1225
1992-06-23,EP,1992175N16249,Blas,0.3675
1992-06-24,EP,1992175N12269,Celia,1.0875
1992-06-25,EP,1992175N12269,Celia,2.1050
1992-06-26,EP,1992175N12269,Celia,3.1725
1992-06-27,EP,1992175N12269,Celia,6.0100
1992-06-28,EP,1992175N12269,Celia,5.4125
1992-06-29,EP,1992175N12269,Celia,3.0125
1992-06-30,EP,1992175N12269,Celia,2.9825
1992-07-01,EP,1992175N12269,Celia,2.1150
1992-07-02,EP,1992175N12269,Celia,0.8925
1992-07-03,EP,1992185N13265,Darby,0.3250
1992-07-04,EP,1992185N13265,Darby,1.1625
1992-07-05,EP,1992185N13265,Darby,2.6100
1992-07-06,EP,1992185N13265,Darby,4.0050
1992-07-07,EP,1992185N13265,Darby,2.5175
1992-07-08,EP,1992185N13265,Darby,0.8925
1992-07-09,EP,1992191N12252,Estelle,0.1225
1992-07-10,EP,1992191N12252,Estelle,0.8350
1992-07-11,EP,1992191N12252,Estelle,2.6750
1992-07-12,EP,1992191N12252,Estelle,4.9575
1992-07-13,EP,1992191N12252,Estelle,4.6650
1992-07-14,EP,1992191N12252,Estelle,3.9825
1992-07-14,EP,1992195N14254,Frank,0.8350
1992-07-15,EP,1992191N12252,Estelle,1.1775
1992-07-15,EP,1992195N14254,Frank,1.8350
1992-07-15,EP,1992197N11266,Georgette,0.6275
1992-07-16,EP,1992191N12252,Estelle,0.2825
1992-07-16,EP,1992195N14254,Frank,3.0750
1992-07-16,EP,1992197N11266,Georgette,1.8975
1992-07-17,EP,1992195N14254,Frank,4.6350
1992-07-17,EP,1992197N11266,Georgette,3.0750
1992-07-18,EP,1992195N14254,Frank,6.0050
1992-07-18,EP,1992197N11266,Georgette,3.6100
1992-07-19,EP,1992195N14254,Frank,4.6350
1992-07-19,EP,1992197N11266,Georgette,2.8125
1992-07-20,EP,1992195N14254,Frank,2.9150
1992-07-20,EP,1992197N11266,Georgette,2.3275
1992-07-21,EP,1992195N14254,Frank,1.7775
1992-07-21,EP,1992197N11266,Georgette,3.2450
1992-07-22,EP,1992195N14254,Frank,0.7350
1992-07-22,EP,1992197N11266,Georgette,2.1975
1992-07-23,EP,1992197N11266,Georgette,0.9150
1992-07-24,EP,1992197N11266,Georgette,0.1225
1992-07-27,EP,1992208N13246,Howard,0.2825
1992-07-28,EP,1992208N13246,Howard,1.1575
1992-07-28,EP,1992210N14254,Isis,0.1225
1992-07-29,EP,1992208N13246,Howard,0.9050
1992-07-29,EP,1992210N14254,Isis,0.8100
1992-07-30,EP,1992208N13246,Howard,0.4850
1992-07-30,EP,1992210N14254,Isis,1.0050
1992-07-31,EP,1992210N14254,Isis,1.1100
1992-08-01,EP,1992210N14254,Isis,0.1225
1992-08-02,EP,1992213N12256,Javier,0.4850
1992-08-03,EP,1992213N12256,Javier,1.0525
1992-08-04,EP,1992213N12256,Javier,1.2100
1992-08-05,EP,1992213N12256,Javier,1.5125
1992-08-06,EP,1992213N12256,Javier,1.7575
1992-08-07,EP,1992213N12256,Javier,0.8825
1992-08-08,EP,1992213N12256,Javier,0.6025
1992-08-17,NA,1992230N11325,Andrew,0.2450
1992-08-18,NA,1992230N11325,Andrew,0.7675
1992-08-19,EP,1992231N19249,Kay,0.6875
1992-08-19,NA,1992230N11325,Andrew,0.8100
1992-08-20,EP,1992231N19249,Kay,0.7675
1992-08-20,EP,1992233N16254,Lester,0.1225
1992-08-20,NA,1992230N11325,Andrew,0.6400
1992-08-21,EP,1992231N19249,Kay,0.1225
1992-08-21,EP,1992233N16254,Lester,0.6450
1992-08-21,NA,1992230N11325,Andrew,0.9050
1992-08-22,EP,1992233N16254,Lester,1.4025
1992-08-22,NA,1992230N11325,Andrew,2.2675
1992-08-23,EP,1992233N16254,Lester,1.4175
1992-08-23,NA,1992230N11325,Andrew,7.2525
1992-08-24,EP,1992233N16254,Lester,0.2825
1992-08-24,NA,1992230N11325,Andrew,5.8975
1992-08-25,NA,1992230N11325,Andrew,5.6475
1992-08-26,NA,1992230N11325,Andrew,3.8925
1992-08-27,NA,1992230N11325,Andrew,0.1225
1992-08-28,EP,1992241N11253,Newton,0.3675
1992-08-28,EP,1992241N13237,Madeline,0.6075
1992-08-29,EP,1992241N11253,Newton,0.6450
1992-08-29,EP,1992241N13237,Madeline,0.7250
1992-08-30,EP,1992241N11253,Newton,0.8100
1992-08-30,EP,1992241N13237,Madeline,0.4800
1992-08-31,EP,1992241N11253,Newton,0.2825
1992-09-03,EP,1992247N10258,Orlene,0.9550
1992-09-04,EP,1992247N10258,Orlene,3.2900
1992-09-05,EP,1992247N10258,Orlene,5.4125
1992-09-06,EP,1992247N10258,Orlene,6.2500
1992-09-07,EP,1992247N10258,Orlene,5.5350
1992-09-08,EP,1992247N10258,Orlene,3.1875
1992-09-08,EP,1992249N12229,Iniki,0.6925
1992-09-09,EP,1992247N10258,Orlene,2.7350
1992-09-09,EP,1992249N12229,Iniki,1.8450
1992-09-10,EP,1992247N10258,Orlene,2.9825
1992-09-10,EP,1992249N12229,Iniki,3.5325
1992-09-11,EP,1992247N10258,Orlene,1.6475
1992-09-11,EP,1992249N12229,Iniki,5.5350
1992-09-11,EP,1992255N19247,Paine,0.1225
1992-09-12,EP,1992247N10258,Orlene,0.3625
1992-09-12,EP,1992249N12229,Iniki,3.6025
1992-09-12,EP,1992255N19247,Paine,0.8625
1992-09-13,EP,1992249N12229,Iniki,1.2550
1992-09-13,EP,1992255N19247,Paine,1.4450
1992-09-14,EP,1992255N19247,Paine,1.6275
1992-09-14,EP,1992258N17249,Roslyn,0.3725
1992-09-15,EP,1992255N19247,Paine,1.1150
1992-09-15,EP,1992258N17249,Roslyn,1.3825
1992-09-16,EP,1992255N19247,Paine,0.4050
1992-09-16,EP,1992258N17249,Roslyn,1.2100
1992-09-17,EP,1992258N17249,Roslyn,1.2100
1992-09-18,EP,1992258N17249,Roslyn,1.3250
1992-09-18,EP,1992262N10262,Tina,0.1600
1992-09-18,EP,1992262N17252,Seymour,0.7350
1992-09-18,NA,1992262N34301,Bonnie,0.7475
1992-09-19,EP,1992258N17249,Roslyn,0.8150
1992-09-19,EP,1992262N10262,Tina,1.0575
1992-09-19,EP,1992262N17252,Seymour,1.5075
1992-09-19,NA,1992262N34301,Bonnie,2.7350
1992-09-20,EP,1992258N17249,Roslyn,0.8100
1992-09-20,EP,1992262N10262,Tina,1.2675
1992-09-20,EP,1992262N17252,Seymour,1.9650
1992-09-20,NA,1992262N34301,Bonnie,2.9775
1992-09-21,EP,1992258N17249,Roslyn,0.6825
1992-09-21,EP,1992262N10262,Tina,2.1050
1992-09-21,EP,1992262N17252,Seymour,1.3350
1992-09-21,NA,1992262N34301,Bonnie,3.3325
1992-09-22,EP,1992258N17249,Roslyn,1.4025
1992-09-22,EP,1992262N10262,Tina,1.2675
1992-09-22,EP,1992262N17252,Seymour,1.1775
1992-09-22,NA,1992262N34301,Bonnie,3.4250
1992-09-22,NA,1992266N30327,Charley,0.3250
1992-09-22,NA,1992267N33285,Danielle,0.2025
1992-09-23,EP,1992258N17249,Roslyn,2.4875
1992-09-23,EP,1992262N10262,Tina,1.6950
1992-09-23,EP,1992262N17252,Seymour,1.6950
1992-09-23,NA,1992262N34301,Bonnie,2.8950
1992-09-23,NA,1992266N30327,Charley,1.6475
1992-09-23,NA,1992267N33285,Danielle,0.7250
1992-09-24,EP,1992258N17249,Roslyn,1.5075
1992-09-24,EP,1992262N10262,Tina,1.9650
1992-09-24,EP,1992262N17252,Seymour,1.0575
1992-09-24,NA,1992262N34301,Bonnie,1.8350
1992-09-24,NA,1992266N30327,Charley,3.2450
1992-09-24,NA,1992267N33285,Danielle,0.6400
1992-09-25,EP,1992258N17249,Roslyn,0.9050
1992-09-25,EP,1992262N10262,Tina,1.2675
1992-09-25,EP,1992262N17252,Seymour,0.2825
1992-09-25,NA,1992262N34301,Bonnie,0.7875
1992-09-25,NA,1992266N30327,Charley,2.9975
1992-09-25,NA,1992267N33285,Danielle,1.0100
1992-09-26,EP,1992258N17249,Roslyn,0.6825
1992-09-26,EP,1992262N10262,Tina,1.2675
1992-09-26,NA,1992262N34301,Bonnie,0.1225
1992-09-26,NA,1992266N30327,Charley,1.7575
1992-09-26,NA,1992267N33285,Danielle,0.2825
1992-09-27,EP,1992258N17249,Roslyn,0.6400
1992-09-27,EP,1992262N10262,Tina,2.8425
1992-09-27,NA,1992262N34301,Bonnie,0.6450
1992-09-27,NA,1992266N30327,Charley,0.9650
1992-09-28,EP,1992258N17249,Roslyn,0.6825
1992-09-28,EP,1992262N10262,Tina,4.3125
1992-09-28,NA,1992262N34301,Bonnie,1.2725
1992-09-29,EP,1992258N17249,Roslyn,0.8100
1992-09-29,EP,1992262N10262,Tina,5.0650
1992-09-29,NA,1992262N34301,Bonnie,1.3250
1992-09-29,NA,1992271N26291,Earl,0.2825
1992-09-30,EP,1992258N17249,Roslyn,0.4050
1992-09-30,EP,1992262N10262,Tina,6.3825
1992-09-30,NA,1992262N34301,Bonnie,1.0150
1992-09-30,NA,1992271N26291,Earl,0.7725
1992-10-01,EP,1992262N10262,Tina,6.3825
1992-10-01,EP,1992275N14260,Virgil,0.1225
1992-10-01,NA,1992271N26291,Earl,1.0525
1992-10-02,EP,1992262N10262,Tina,4.3275
1992-10-02,EP,1992275N14260,Virgil,1.8025
1992-10-02,NA,1992271N26291,Earl,0.9150
1992-10-03,EP,1992262N10262,Tina,2.7350
1992-10-03,EP,1992275N14260,Virgil,4.5325
1992-10-03,NA,1992271N26291,Earl,0.2450
1992-10-04,EP,1992262N10262,Tina,1.6950
1992-10-04,EP,1992275N14260,Virgil,1.5275
1992-10-05,EP,1992262N10262,Tina,1.0050
1992-10-06,EP,1992262N10262,Tina,0.6450
1992-10-07,EP,1992262N10262,Tina,0.2450
1992-10-07,EP,1992281N11263,Winifred,0.4850
1992-10-08,EP,1992281N11263,Winifred,1.7400
1992-10-09,EP,1992281N11263,Winifred,3.6150
1992-10-10,EP,1992281N11263,Winifred,0.2025
1992-10-14,EP,1992288N10253,Xavier,0.4050
1992-10-16,EP,1992290N11253,Yolanda,0.5750
1992-10-17,EP,1992290N11253,Yolanda,1.0000
1992-10-18,EP,1992290N11253,Yolanda,0.9100
1992-10-19,EP,1992290N11253,Yolanda,1.1100
1992-10-20,EP,1992290N11253,Yolanda,0.4425
1992-10-23,NA,1992297N26299,Frances,1.0850
1992-10-24,NA,1992297N26299,Frances,2.0375
1992-10-25,NA,1992297N26299,Frances,1.6950
1992-10-26,EP,1992300N13249,Zeke,0.4900
1992-10-26,NA,1992297N26299,Frances,1.3825
1992-10-27,EP,1992300N13249,Zeke,0.1225
1992-10-27,NA,1992297N26299,Frances,0.3025
1992-10-28,EP,1992300N13249,Zeke,0.4900
1992-10-29,EP,1992300N13249,Zeke,0.6075
1992-10-30,EP,1992300N13249,Zeke,0.2825
1993-06-12,EP,1993162N10245,Adrian,0.4050
1993-06-13,EP,1993162N10245,Adrian,0.7675
1993-06-14,EP,1993162N10245,Adrian,0.8100
1993-06-15,EP,1993162N10245,Adrian,1.4650
1993-06-16,EP,1993162N10245,Adrian,2.0375
1993-06-17,EP,1993162N10245,Adrian,0.6275
1993-06-18,EP,1993169N13265,Beatriz,0.2450
1993-06-19,EP,1993169N13265,Beatriz,0.9150
1993-06-19,NA,1993169N21268,Arlene,0.2450
1993-06-20,NA,1993169N21268,Arlene,0.2450
1993-07-05,EP,1993186N13262,Calvin,0.8925
1993-07-06,EP,1993186N13262,Calvin,2.6625
1993-07-07,EP,1993186N13262,Calvin,3.2450
1993-07-08,EP,1993186N13262,Calvin,0.7700
1993-07-14,EP,1993196N11241,Dora,0.1225
1993-07-15,EP,1993196N11241,Dora,1.2025
1993-07-16,EP,1993196N11241,Dora,4.2550
1993-07-16,EP,1993197N11247,Eugene,0.3250
1993-07-17,EP,1993196N11241,Dora,5.0700
1993-07-17,EP,1993197N11247,Eugene,2.0100
1993-07-18,EP,1993196N11241,Dora,2.2425
1993-07-18,EP,1993197N11247,Eugene,4.1025
1993-07-19,EP,1993196N11241,Dora,0.3250
1993-07-19,EP,1993197N11247,Eugene,4.4200
1993-07-20,EP,1993197N11247,Eugene,4.0050
1993-07-21,EP,1993197N11247,Eugene,3.2450
1993-07-22,EP,1993197N11247,Eugene,1.2850
1993-07-23,EP,1993197N11247,Eugene,0.3675
1993-08-05,NA,1993217N10320,Bret,0.6875
1993-08-06,NA,1993217N10320,Bret,0.9525
1993-08-07,NA,1993217N10320,Bret,0.9525
1993-08-08,NA,1993217N10320,Bret,0.6400
1993-08-09,EP,1993221N13256,Fernanda,0.1225
1993-08-09,NA,1993217N10320,Bret,0.2825
1993-08-10,EP,1993221N13256,Fernanda,1.3550
1993-08-10,NA,1993217N10320,Bret,0.4050
1993-08-11,EP,1993221N13256,Fernanda,4.6750
1993-08-12,EP,1993221N12216,Keoni,0.2500
1993-08-12,EP,1993221N13256,Fernanda,6.1275
1993-08-13,EP,1993221N12216,Keoni,1.2675
1993-08-13,EP,1993221N13256,Fernanda,4.4350
1993-08-14,EP,1993221N12216,Keoni,1.5700
1993-08-14,EP,1993221N13256,Fernanda,2.7350
1993-08-14,NA,1993227N14301,Cindy,0.1225
1993-08-15,EP,1993221N12216,Keoni,2.8225
1993-08-15,EP,1993221N13256,Fernanda,2.4975
1993-08-15,EP,1993227N15258,Greg,0.3725
1993-08-15,NA,1993227N14301,Cindy,0.4900
1993-08-16,EP,1993221N12216,Keoni,4.6500
1993-08-16,EP,1993221N13256,Fernanda,3.2400
1993-08-16,EP,1993227N15258,Greg,1.9625
1993-08-16,NA,1993227N14301,Cindy,0.5275
1993-08-17,EP,1993221N12216,Keoni,4.5475
1993-08-17,EP,1993221N13256,Fernanda,1.9275
1993-08-17,EP,1993227N15258,Greg,2.8125
1993-08-18,EP,1993221N12216,Keoni,2.7350
1993-08-18,EP,1993221N13256,Fernanda,0.9525
1993-08-18,EP,1993227N15258,Greg,2.3375
1993-08-18,EP,1993229N13265,Hilary,0.7350
1993-08-19,EP,1993221N12216,Keoni,1.8250
1993-08-19,EP,1993221N13256,Fernanda,0.4800
1993-08-19,EP,1993227N15258,Greg,4.5475
1993-08-19,EP,1993229N13265,Hilary,1.5750
1993-08-20,EP,1993227N15258,Greg,5.1775
1993-08-20,EP,1993229N13265,Hilary,2.5750
1993-08-21,EP,1993227N15258,Greg,3.8150
1993-08-21,EP,1993229N13265,Hilary,4.1075
1993-08-21,EP,1993233N13260,Irwin,0.3250
1993-08-22,EP,1993227N15258,Greg,2.9825
1993-08-22,EP,1993229N13265,Hilary,3.1150
1993-08-22,EP,1993233N13260,Irwin,0.6625
1993-08-23,EP,1993227N15258,Greg,2.4050
1993-08-23,EP,1993229N13265,Hilary,1.1150
1993-08-24,EP,1993227N15258,Greg,2.2500
1993-08-24,EP,1993229N13265,Hilary,0.5650
1993-08-24,NA,1993236N14329,Dennis,0.2825
1993-08-25,EP,1993227N15258,Greg,1.8250
1993-08-25,EP,1993229N13265,Hilary,1.0050
1993-08-25,NA,1993235N20307,Emily,0.2825
1993-08-25,NA,1993236N14329,Dennis,0.8100
1993-08-26,EP,1993227N15258,Greg,1.0625
1993-08-26,EP,1993229N13265,Hilary,0.3725
1993-08-26,NA,1993235N20307,Emily,1.2875
1993-08-26,NA,1993236N14329,Dennis,0.7675
1993-08-27,EP,1993227N15258,Greg,0.7300
1993-08-27,NA,1993235N20307,Emily,1.5025
1993-08-27,NA,1993236N14329,Dennis,0.2825
1993-08-28,NA,1993235N20307,Emily,2.2500
1993-08-29,EP,1993241N14264,Jova,0.1225
1993-08-29,NA,1993235N20307,Emily,1.9600
1993-08-30,EP,1993241N14264,Jova,0.9150
1993-08-30,NA,1993235N20307,Emily,2.1050
1993-08-31,EP,1993241N14264,Jova,1.9125
1993-08-31,NA,1993235N20307,Emily,3.2650
1993-09-01,EP,1993241N14264,Jova,4.8550
1993-09-01,NA,1993235N20307,Emily,3.7125
1993-09-02,EP,1993241N14264,Jova,3.0900
1993-09-02,NA,1993235N20307,Emily,3.1525
1993-09-03,EP,1993241N14264,Jova,2.9825
1993-09-03,NA,1993235N20307,Emily,2.0525
1993-09-04,EP,1993241N14264,Jova,0.6725
1993-09-04,NA,1993235N20307,Emily,0.5325
1993-09-06,EP,1993249N12253,Kenneth,0.4050
1993-09-07,EP,1993249N12253,Kenneth,1.0575
1993-09-07,NA,1993251N25293,Floyd,0.1600
1993-09-08,EP,1993249N12253,Kenneth,1.6275
1993-09-08,NA,1993251N25293,Floyd,0.7250
1993-09-09,EP,1993249N12253,Kenneth,1.7575
1993-09-09,EP,1993252N11265,Lidia,0.6825
1993-09-09,NA,1993251N25293,Floyd,0.9925
1993-09-10,EP,1993249N12253,Kenneth,3.6075
1993-09-10,EP,1993252N11265,Lidia,2.2425
1993-09-10,NA,1993251N25293,Floyd,1.2675
1993-09-11,EP,1993249N12253,Kenneth,6.3775
1993-09-11,EP,1993252N11265,Lidia,5.8975
1993-09-12,EP,1993249N12253,Kenneth,4.5525
1993-09-12,EP,1993252N11265,Lidia,3.7425
1993-09-13,EP,1993249N12253,Kenneth,3.2400
1993-09-13,EP,1993252N11265,Lidia,1.7700
1993-09-14,EP,1993249N12253,Kenneth,2.2750
1993-09-15,EP,1993249N12253,Kenneth,1.1150
1993-09-15,NA,1993258N11279,Gert,0.2450
1993-09-16,EP,1993249N12253,Kenneth,0.2825
1993-09-17,NA,1993258N11279,Gert,0.1225
1993-09-18,NA,1993258N11279,Gert,0.2450
1993-09-19,NA,1993258N11279,Gert,0.4850
1993-09-20,NA,1993258N11279,Gert,2.0875
1993-09-20,NA,1993262N27298,Harvey,0.7950
1993-09-21,NA,1993258N11279,Gert,0.5825
1993-09-21,NA,1993262N27298,Harvey,0.9125
1993-09-30,EP,1993273N11245,Max,0.2450
1993-10-01,EP,1993273N11245,Max,0.1225
1993-10-02,EP,1993273N11245,Max,0.5650
1993-10-03,EP,1993273N11245,Max,0.2450
1993-10-03,EP,1993276N13249,Norma,0.2825
1993-10-04,EP,1993276N13249,Norma,0.6875
1994-06-19,EP,1994169N13240,Aletta,0.4050
1994-06-20,EP,1994169N13240,Aletta,0.7675
1994-06-21,EP,1994169N13240,Aletta,0.2450
1994-06-27,EP,1994178N16248,Bud,0.1225
1994-06-28,EP,1994178N16248,Bud,0.4425
1994-06-29,EP,1994180N12255,Carlotta,1.0500
1994-06-30,EP,1994180N12255,Carlotta,2.9050
1994-07-01,EP,1994180N12255,Carlotta,3.2400
1994-07-02,EP,1994180N12255,Carlotta,2.3000
1994-07-02,NA,1994181N22276,Alberto,0.6075
1994-07-03,EP,1994180N12255,Carlotta,0.8775
1994-07-03,NA,1994181N22276,Alberto,0.9575
1994-07-04,EP,1994180N12255,Carlotta,0.1225
1994-07-09,EP,1994190N13239,Daniel,0.7875
1994-07-10,EP,1994190N13239,Daniel,1.2100
1994-07-11,EP,1994190N13239,Daniel,1.2100
1994-07-12,EP,1994190N13239,Daniel,1.1100
1994-07-13,EP,1994190N13239,Daniel,0.8100
1994-07-16,EP,1994197N09229,Emilia,0.2825
1994-07-17,EP,1994197N09229,Emilia,2.2425
1994-07-18,EP,1994197N09229,Emilia,5.3250
1994-07-19,EP,1994197N09229,Emilia,7.2950
1994-07-19,EP,1994200N13235,Fabio,0.2825
1994-07-20,EP,1994197N09229,Emilia,7.2900
1994-07-20,EP,1994200N13235,Fabio,0.3675
1994-07-21,EP,1994197N09229,Emilia,6.3825
1994-07-22,EP,1994197N09229,Emilia,3.4950
1994-07-22,EP,1994202N11238,Gilma,0.9875
1994-07-23,EP,1994197N09229,Emilia,0.9875
1994-07-23,EP,1994202N11238,Gilma,3.1175
1994-07-24,EP,1994202N11238,Gilma,7.2950
1994-07-25,EP,1994202N11238,Gilma,6.1300
1994-07-26,EP,1994202N11238,Gilma,3.5525
1994-07-27,EP,1994202N11238,Gilma,1.3300
1994-07-28,EP,1994202N11238,Gilma,1.0525
1994-07-29,EP,1994202N11238,Gilma,0.7675
1994-07-30,EP,1994202N11238,Gilma,0.3675
1994-08-07,EP,1994219N19252,Hector,0.2825
1994-08-08,EP,1994212N11240,Li,0.3625
1994-08-08,EP,1994219N19252,Hector,1.0050
1994-08-09,EP,1994212N11240,Li,0.9050
1994-08-09,EP,1994219N19252,Hector,0.3625
1994-08-10,EP,1994212N11240,Li,0.8575
1994-08-11,EP,1994212N11240,Li,0.9050
1994-08-11,EP,1994222N11267,John,0.1225
1994-08-11,EP,1994223N15253,Ileana,0.3250
1994-08-12,EP,1994212N11240,Li,1.4450
1994-08-12,EP,1994222N11267,John,0.8150
1994-08-12,EP,1994223N15253,Ileana,1.3350
1994-08-13,EP,1994222N11267,John,1.2675
1994-08-13,EP,1994223N15253,Ileana,1.3350
1994-08-14,EP,1994222N11267,John,0.7725
1994-08-14,EP,1994223N15253,Ileana,0.1600
1994-08-15,EP,1994222N11267,John,0.8625
1994-08-15,NA,1994227N29273,Beryl,0.3250
1994-08-16,EP,1994222N11267,John,0.8575
1994-08-16,NA,1994227N29273,Beryl,0.5000
1994-08-17,EP,1994222N11267,John,0.9050
1994-08-17,NA,1994229N11321,Chris,0.8925
1994-08-18,EP,1994222N11267,John,0.7250
1994-08-18,NA,1994229N11321,Chris,1.6275
1994-08-19,EP,1994222N11267,John,0.9725
1994-08-19,NA,1994229N11321,Chris,1.9600
1994-08-20,EP,1994222N11267,John,2.7950
1994-08-20,NA,1994229N11321,Chris,1.2350
1994-08-21,EP,1994222N11267,John,5.3250
1994-08-21,NA,1994229N11321,Chris,0.5275
1994-08-22,EP,1994222N11267,John,7.0300
1994-08-22,NA,1994229N11321,Chris,0.5275
1994-08-23,EP,1994222N11267,John,8.5625
1994-08-23,NA,1994229N11321,Chris,0.7250
1994-08-24,EP,1994222N11267,John,7.0450
1994-08-25,EP,1994222N11267,John,4.5425
1994-08-26,EP,1994222N11267,John,2.4150
1994-08-27,EP,1994222N11267,John,3.7425
1994-08-28,EP,1994222N11267,John,2.3225
1994-08-30,EP,1994241N14236,Kristy,0.4050
1994-08-31,EP,1994241N14236,Kristy,1.7550
1994-09-01,EP,1994241N14236,Kristy,2.7500
1994-09-02,EP,1994241N14236,Kristy,0.8925
1994-09-03,EP,1994241N14236,Kristy,0.3675
1994-09-04,EP,1994247N18251,Lane,0.4475
1994-09-05,EP,1994247N18251,Lane,1.3550
1994-09-06,EP,1994247N18251,Lane,4.3425
1994-09-07,EP,1994247N18251,Lane,4.6500
1994-09-07,EP,1994249N11200,Mele,0.4900
1994-09-08,EP,1994222N11267,John,0.4900
1994-09-08,EP,1994247N18251,Lane,1.6150
1994-09-08,EP,1994249N11200,Mele,0.4900
1994-09-09,EP,1994222N11267,John,2.0475
1994-09-09,EP,1994247N18251,Lane,0.2825
1994-09-10,EP,1994222N11267,John,0.3600
1994-09-10,NA,1994253N13303,Debby,1.1150
1994-09-11,NA,1994253N13303,Debby,0.2500
1994-09-17,EP,1994259N13244,Miriam,0.3675
1994-09-18,EP,1994259N13244,Miriam,0.5650
1994-09-19,EP,1994259N13244,Miriam,0.3675
1994-09-20,EP,1994262N16249,Norman,0.4900
1994-09-21,EP,1994262N16249,Norman,0.1225
1994-09-22,EP,1994265N13251,Olivia,0.1225
1994-09-22,NA,1994265N10330,Ernesto,0.3250
1994-09-23,EP,1994265N13251,Olivia,0.9150
1994-09-23,NA,1994265N10330,Ernesto,0.9050
1994-09-24,EP,1994265N13251,Olivia,2.3250
1994-09-24,NA,1994265N10330,Ernesto,0.2825
1994-09-25,EP,1994265N13251,Olivia,5.7950
1994-09-25,EP,1994268N15232,Paul,0.1225
1994-09-26,EP,1994265N13251,Olivia,4.6350
1994-09-26,EP,1994268N15232,Paul,0.4900
1994-09-27,EP,1994265N13251,Olivia,2.2850
1994-09-27,EP,1994268N15232,Paul,0.6025
1994-09-28,EP,1994265N13251,Olivia,0.4100
1994-10-11,EP,1994282N17247,Rosa,0.1225
1994-10-12,EP,1994282N17247,Rosa,1.2875
1994-10-13,EP,1994282N17247,Rosa,2.4150
1994-10-14,EP,1994282N17247,Rosa,2.3850
1994-10-25,EP,1994294N13203,Nona,0.1225
1994-11-02,NA,1994306N23313,Florence,0.3675
1994-11-03,NA,1994306N23313,Florence,0.1225
1994-11-04,NA,1994306N23313,Florence,0.9550
1994-11-05,NA,1994306N23313,Florence,1.8975
1994-11-06,NA,1994306N23313,Florence,2.1100
1994-11-07,NA,1994306N23313,Florence,2.3625
1994-11-08,NA,1994306N23313,Florence,3.0900
1994-11-10,NA,1994313N12278,Gordon,0.1225
1994-11-11,NA,1994313N12278,Gordon,0.4900
1994-11-12,NA,1994313N12278,Gordon,0.6025
1994-11-13,NA,1994313N12278,Gordon,0.6025
1994-11-14,NA,1994313N12278,Gordon,0.7675
1994-11-15,NA,1994313N12278,Gordon,0.8100
1994-11-16,NA,1994313N12278,Gordon,0.8100
1994-11-17,NA,1994313N12278,Gordon,1.3875
1994-11-18,NA,1994313N12278,Gordon,1.9025
1994-11-19,NA,1994313N12278,Gordon,0.7350
1994-11-20,NA,1994313N12278,Gordon,0.1225
1995-06-03,NA,1995154N17276,Allison,0.2825
1995-06-04,NA,1995154N17276,Allison,1.4550
1995-06-05,NA,1995154N17276,Allison,1.3450
1995-06-16,EP,1995167N11254,Adolph,0.8925
1995-06-17,EP,1995167N11254,Adolph,2.9400
1995-06-18,EP,1995167N11254,Adolph,4.7425
1995-06-19,EP,1995167N11254,Adolph,1.8225
1995-06-20,EP,1995167N11254,Adolph,0.2825
1995-07-07,NA,1995186N32288,Barry,0.6425
1995-07-08,EP,1995189N11257,Barbara,0.4475
1995-07-08,NA,1995186N32288,Barry,1.1625
1995-07-09,EP,1995189N11257,Barbara,1.8550
1995-07-09,NA,1995186N32288,Barry,1.0000
1995-07-10,EP,1995189N11257,Barbara,4.5575
1995-07-10,NA,1995186N32288,Barry,0.3625
1995-07-11,EP,1995189N11257,Barbara,4.6450
1995-07-12,EP,1995189N11257,Barbara,4.0000
1995-07-13,EP,1995189N11257,Barbara,5.2950
1995-07-14,EP,1995189N11257,Barbara,5.4125
1995-07-14,NA,1995193N17305,Chantal,0.5275
1995-07-15,EP,1995189N11257,Barbara,2.7950
1995-07-15,NA,1995193N17305,Chantal,0.7675
1995-07-16,EP,1995189N11257,Barbara,0.8250
1995-07-16,NA,1995193N17305,Chantal,1.0050
1995-07-17,NA,1995193N17305,Chantal,1.3825
1995-07-18,EP,1995198N17252,Cosme,0.5325
1995-07-18,NA,1995193N17305,Chantal,1.1050
1995-07-19,EP,1995198N17252,Cosme,1.3875
1995-07-19,NA,1995193N17305,Chantal,1.0000
1995-07-20,EP,1995198N17252,Cosme,1.4550
1995-07-20,NA,1995193N17305,Chantal,0.7500
1995-07-21,EP,1995198N17252,Cosme,0.2825
1995-07-25,EP,1995206N13252,Dalila,0.3675
1995-07-26,EP,1995206N13252,Dalila,0.4900
1995-07-27,EP,1995206N13252,Dalila,0.4900
1995-07-28,EP,1995206N13252,Dalila,0.9150
1995-07-29,EP,1995206N13252,Dalila,1.0050
1995-07-30,EP,1995206N13252,Dalila,0.7250
1995-07-30,NA,1995210N26273,Dean,0.1225
1995-07-31,EP,1995206N13252,Dalila,0.5275
1995-07-31,NA,1995210N26273,Dean,0.1600
1995-07-31,NA,1995212N22287,Erin,1.1150
1995-08-01,NA,1995212N22287,Erin,2.1775
1995-08-02,NA,1995212N22287,Erin,1.7350
1995-08-03,NA,1995212N22287,Erin,1.9750
1995-08-04,EP,1995214N15249,Erick,0.5750
1995-08-04,NA,1995212N22287,Erin,0.3250
1995-08-05,EP,1995214N15249,Erick,1.0575
1995-08-06,EP,1995214N15249,Erick,0.2825
1995-08-08,EP,1995220N15256,Flossie,0.1225
1995-08-08,NA,1995220N14329,Felix,0.1225
1995-08-09,EP,1995220N15256,Flossie,1.0725
1995-08-09,NA,1995220N14329,Felix,0.7675
1995-08-10,EP,1995220N15256,Flossie,1.7625
1995-08-10,NA,1995220N14329,Felix,1.2725
1995-08-10,NA,1995222N24265,Gabrielle,0.2825
1995-08-11,EP,1995220N15256,Flossie,1.8250
1995-08-11,NA,1995220N14329,Felix,2.3625
1995-08-11,NA,1995222N24265,Gabrielle,1.1150
1995-08-12,EP,1995220N15256,Flossie,1.4450
1995-08-12,NA,1995220N14329,Felix,4.9725
1995-08-13,EP,1995220N15256,Flossie,0.1600
1995-08-13,NA,1995220N14329,Felix,4.3275
1995-08-14,NA,1995220N14329,Felix,2.6525
1995-08-15,NA,1995220N14329,Felix,2.1050
1995-08-16,NA,1995220N14329,Felix,1.9600
1995-08-17,NA,1995220N14329,Felix,1.6900
1995-08-18,NA,1995220N14329,Felix,1.7575
1995-08-19,NA,1995220N14329,Felix,1.9600
1995-08-20,NA,1995220N14329,Felix,1.5025
1995-08-21,EP,1995233N15261,Gil,0.7300
1995-08-21,NA,1995220N14329,Felix,1.1625
1995-08-22,EP,1995233N15261,Gil,0.8100
1995-08-22,NA,1995220N14329,Felix,0.7500
1995-08-22,NA,1995234N13327,Humberto,0.5750
1995-08-22,NA,1995235N13311,Iris,0.1225
1995-08-23,EP,1995233N15261,Gil,0.8100
1995-08-23,NA,1995234N13327,Humberto,1.8350
1995-08-23,NA,1995235N13311,Iris,1.1475
1995-08-23,NA,1995235N24281,Jerry,0.2450
1995-08-24,EP,1995233N15261,Gil,1.1050
1995-08-24,NA,1995234N13327,Humberto,3.0750
1995-08-24,NA,1995235N13311,Iris,1.7625
1995-08-24,NA,1995235N24281,Jerry,0.3675
1995-08-25,EP,1995233N15261,Gil,1.2100
1995-08-25,NA,1995234N13327,Humberto,3.2400
1995-08-25,NA,1995235N13311,Iris,1.1575
1995-08-26,EP,1995233N15261,Gil,0.5325
1995-08-26,NA,1995234N13327,Humberto,2.9825
1995-08-26,NA,1995235N13311,Iris,0.8150
1995-08-27,NA,1995234N13327,Humberto,2.1825
1995-08-27,NA,1995235N13311,Iris,0.7350
1995-08-28,NA,1995234N13327,Humberto,1.6900
1995-08-28,NA,1995235N13311,Iris,1.3875
1995-08-28,NA,1995239N15327,Karen,0.4850
1995-08-29,NA,1995234N13327,Humberto,2.0375
1995-08-29,NA,1995235N13311,Iris,2.1825
1995-08-29,NA,1995239N15327,Karen,0.8100
1995-08-29,NA,1995241N11333,Luis,0.5650
1995-08-30,NA,1995234N13327,Humberto,2.5600
1995-08-30,NA,1995235N13311,Iris,2.1050
1995-08-30,NA,1995239N15327,Karen,0.6825
1995-08-30,NA,1995241N11333,Luis,0.5700
1995-08-31,NA,1995234N13327,Humberto,2.1300
1995-08-31,NA,1995235N13311,Iris,2.4100
1995-08-31,NA,1995239N15327,Karen,0.6400
1995-08-31,NA,1995241N11333,Luis,2.3150
1995-09-01,NA,1995234N13327,Humberto,0.2025
1995-09-01,NA,1995235N13311,Iris,3.2450
1995-09-01,NA,1995239N15327,Karen,0.5650
1995-09-01,NA,1995241N11333,Luis,4.7475
1995-09-02,EP,1995244N16256,Henriette,0.3250
1995-09-02,NA,1995235N13311,Iris,2.6475
1995-09-02,NA,1995239N15327,Karen,0.2450
1995-09-02,NA,1995241N11333,Luis,5.5250
1995-09-03,EP,1995244N16256,Henriette,2.0475
1995-09-03,NA,1995235N13311,Iris,2.1775
1995-09-03,NA,1995241N11333,Luis,5.8825
1995-09-04,EP,1995244N16256,Henriette,2.5650
1995-09-04,NA,1995235N13311,Iris,0.7825
1995-09-04,NA,1995241N11333,Luis,6.5050
1995-09-05,EP,1995244N16256,Henriette,2.0375
1995-09-05,NA,1995241N11333,Luis,5.6475
1995-09-06,EP,1995244N16256,Henriette,0.8350
1995-09-06,NA,1995241N11333,Luis,5.7650
1995-09-07,EP,1995244N16256,Henriette,0.1225
1995-09-07,NA,1995241N11333,Luis,5.6475
1995-09-08,NA,1995241N11333,Luis,4.9575
1995-09-09,NA,1995241N11333,Luis,3.4350
1995-09-10,NA,1995241N11333,Luis,2.1675
1995-09-13,EP,1995256N15253,Ismael,0.7350
1995-09-13,NA,1995256N12309,Marilyn,0.9875
1995-09-14,EP,1995256N15253,Ismael,1.7625
1995-09-14,NA,1995256N12309,Marilyn,1.8925
1995-09-15,EP,1995256N15253,Ismael,1.0525
1995-09-15,NA,1995256N12309,Marilyn,2.5650
1995-09-16,NA,1995256N12309,Marilyn,3.6150
1995-09-17,EP,1995260N15255,Juliette,0.3250
1995-09-17,NA,1995256N12309,Marilyn,3.1825
1995-09-18,EP,1995260N15255,Juliette,1.7650
1995-09-18,NA,1995256N12309,Marilyn,2.8075
1995-09-19,EP,1995260N15255,Juliette,4.3075
1995-09-19,NA,1995256N12309,Marilyn,2.4050
1995-09-20,EP,1995260N15255,Juliette,6.0300
1995-09-20,NA,1995256N12309,Marilyn,2.1825
1995-09-21,EP,1995260N15255,Juliette,4.5525
1995-09-21,NA,1995256N12309,Marilyn,1.6275
1995-09-22,EP,1995260N15255,Juliette,3.1575
1995-09-22,NA,1995256N12309,Marilyn,0.3025
1995-09-23,EP,1995260N15255,Juliette,3.2400
1995-09-24,EP,1995260N15255,Juliette,2.2750
1995-09-25,EP,1995260N15255,Juliette,0.8775
1995-09-27,NA,1995270N10322,Noel,0.2825
1995-09-28,NA,1995270N10322,Noel,1.2350
1995-09-29,NA,1995270N10322,Noel,1.6900
1995-09-30,NA,1995270N10322,Noel,1.5075
1995-09-30,NA,1995271N19273,Opal,0.2825
1995-10-01,NA,1995270N10322,Noel,0.9050
1995-10-01,NA,1995271N19273,Opal,0.8575
1995-10-02,NA,1995270N10322,Noel,0.8100
1995-10-02,NA,1995271N19273,Opal,1.5075
1995-10-03,NA,1995270N10322,Noel,0.7675
1995-10-03,NA,1995271N19273,Opal,2.4150
1995-10-04,NA,1995270N10322,Noel,1.0050
1995-10-04,NA,1995271N19273,Opal,5.1100
1995-10-05,NA,1995270N10322,Noel,1.6900
1995-10-05,NA,1995271N19273,Opal,0.8900
1995-10-05,NA,1995278N08329,Pablo,0.2825
1995-10-06,NA,1995270N10322,Noel,1.0725
1995-10-06,NA,1995278N08329,Pablo,0.9525
1995-10-07,NA,1995270N10322,Noel,0.1225
1995-10-07,NA,1995278N08329,Pablo,0.8100
1995-10-08,NA,1995278N08329,Pablo,0.4050
1995-10-09,NA,1995281N14278,Roxanne,0.7350
1995-10-10,NA,1995281N14278,Roxanne,2.3925
1995-10-11,NA,1995281N14278,Roxanne,2.8625
1995-10-12,NA,1995281N14278,Roxanne,1.4500
1995-10-13,NA,1995281N14278,Roxanne,1.2100
1995-10-14,NA,1995281N14278,Roxanne,1.5750
1995-10-15,NA,1995281N14278,Roxanne,2.1775
1995-10-16,NA,1995281N14278,Roxanne,1.8975
1995-10-17,NA,1995281N14278,Roxanne,1.3350
1995-10-18,NA,1995281N14278,Roxanne,0.6075
1995-10-21,NA,1995294N14306,Sebastien,0.5650
1995-10-22,NA,1995294N14306,Sebastien,0.8250
1995-10-23,NA,1995294N14306,Sebastien,0.7350
1995-10-27,NA,1995300N25301,Tanya,0.2825
1995-10-28,NA,1995300N25301,Tanya,0.9575
1995-10-29,NA,1995300N25301,Tanya,1.6325
1995-10-30,NA,1995300N25301,Tanya,2.0325
1995-10-31,NA,1995300N25301,Tanya,2.2500
1995-11-01,NA,1995300N25301,Tanya,1.5750
1996-05-14,EP,1996134N11246,Unnamed,0.6450
1996-06-19,NA,1996170N27282,Arthur,0.5650
1996-06-20,EP,1996172N13261,Alma,0.1225
1996-06-20,NA,1996170N27282,Arthur,0.2450
1996-06-21,EP,1996172N13261,Alma,0.9150
1996-06-22,EP,1996172N13261,Alma,2.4300
1996-06-23,EP,1996172N13261,Alma,3.0650
1996-06-24,EP,1996172N13261,Alma,2.2325
1996-06-25,EP,1996172N13261,Alma,0.6275
1996-06-28,EP,1996179N13266,Boris,0.2825
1996-06-29,EP,1996179N13266,Boris,2.0050
1996-06-30,EP,1996179N13266,Boris,0.6250
1996-07-02,EP,1996184N09271,Cristina,0.6075
1996-07-03,EP,1996184N09271,Cristina,0.8650
1996-07-05,NA,1996187N10326,Bertha,0.2450
1996-07-06,NA,1996187N10326,Bertha,0.6075
1996-07-07,NA,1996187N10326,Bertha,1.4025
1996-07-08,NA,1996187N10326,Bertha,2.1775
1996-07-09,NA,1996187N10326,Bertha,3.4500
1996-07-10,NA,1996187N10326,Bertha,2.6425
1996-07-11,NA,1996187N10326,Bertha,2.1775
1996-07-12,NA,1996187N10326,Bertha,2.5125
1996-07-13,NA,1996187N10326,Bertha,1.5025
1996-07-14,NA,1996187N10326,Bertha,0.6625
1996-07-25,NA,1996207N12297,Cesar,0.3200
1996-07-26,NA,1996207N12297,Cesar,0.7725
1996-07-27,NA,1996207N12297,Cesar,1.5225
1996-07-28,EP,1996207N12297,Cesar,0.1225
1996-07-28,NA,1996207N12297,Cesar,1.2300
1996-07-29,EP,1996211N13270,Douglas,1.1275
1996-07-30,EP,1996211N13270,Douglas,2.4150
1996-07-31,EP,1996211N13270,Douglas,3.8150
1996-08-01,EP,1996211N13270,Douglas,5.2900
1996-08-02,EP,1996211N13270,Douglas,4.8550
1996-08-03,EP,1996211N13270,Douglas,1.7250
1996-08-04,EP,1996211N13270,Douglas,0.7350
1996-08-19,NA,1996232N17280,Dolly,0.2025
1996-08-20,NA,1996232N17280,Dolly,1.2875
1996-08-21,NA,1996232N17280,Dolly,0.2825
1996-08-22,NA,1996232N17280,Dolly,0.7775
1996-08-22,NA,1996233N12340,Edouard,0.4425
1996-08-23,NA,1996232N17280,Dolly,1.3550
1996-08-23,NA,1996233N12340,Edouard,1.2975
1996-08-24,NA,1996233N12340,Edouard,2.8625
1996-08-25,NA,1996233N12340,Edouard,6.1275
1996-08-26,NA,1996233N12340,Edouard,6.2500
1996-08-27,NA,1996233N12340,Edouard,5.6475
1996-08-27,NA,1996237N14339,Fran,0.2825
1996-08-28,NA,1996233N12340,Edouard,5.3050
1996-08-28,NA,1996237N14339,Fran,1.1150
1996-08-28,NA,1996239N13337,Gustav,0.3675
1996-08-29,NA,1996233N12340,Edouard,5.1825
1996-08-29,NA,1996237N14339,Fran,1.6900
1996-08-29,NA,1996239N13337,Gustav,0.6400
1996-08-30,NA,1996233N12340,Edouard,5.7600
1996-08-30,NA,1996237N14339,Fran,1.6275
1996-08-30,NA,1996239N13337,Gustav,0.4900
1996-08-31,NA,1996233N12340,Edouard,4.4150
1996-08-31,NA,1996237N14339,Fran,1.5650
1996-08-31,NA,1996239N13337,Gustav,0.4900
1996-09-01,NA,1996233N12340,Edouard,3.6250
1996-09-01,NA,1996237N14339,Fran,1.8975
1996-09-01,NA,1996239N13337,Gustav,0.3675
1996-09-02,EP,1996244N13257,Elida,0.3675
1996-09-02,NA,1996233N12340,Edouard,2.0425
1996-09-02,NA,1996237N14339,Fran,2.2500
1996-09-03,EP,1996244N13257,Elida,0.7725
1996-09-03,NA,1996233N12340,Edouard,0.3600
1996-09-03,NA,1996237N14339,Fran,2.5650
1996-09-04,EP,1996244N13257,Elida,1.0150
1996-09-04,NA,1996237N14339,Fran,4.1075
1996-09-05,EP,1996244N13257,Elida,0.2450
1996-09-05,NA,1996237N14339,Fran,4.2050
1996-09-06,NA,1996237N14339,Fran,1.5825
1996-09-07,NA,1996248N15319,Hortense,0.4425
1996-09-08,NA,1996248N15319,Hortense,1.2725
1996-09-09,NA,1996248N15319,Hortense,1.8300
1996-09-10,EP,1996254N14258,Fausto,0.1225
1996-09-10,NA,1996248N15319,Hortense,1.8250
1996-09-11,EP,1996254N14258,Fausto,1.5675
1996-09-11,NA,1996248N15319,Hortense,2.7650
1996-09-12,EP,1996254N14258,Fausto,4.1075
1996-09-12,NA,1996248N15319,Hortense,4.7475
1996-09-13,EP,1996254N14258,Fausto,2.7350
1996-09-13,NA,1996248N15319,Hortense,4.7625
1996-09-14,EP,1996254N14258,Fausto,1.1150
1996-09-14,NA,1996248N15319,Hortense,2.9050
1996-09-15,NA,1996248N15319,Hortense,1.2725
1996-09-25,NA,1996269N09337,Isidore,0.5750
1996-09-26,NA,1996269N09337,Isidore,1.9025
1996-09-27,NA,1996269N09337,Isidore,3.0750
1996-09-28,EP,1996272N16250,Genevieve,0.6450
1996-09-28,NA,1996269N09337,Isidore,3.7125
1996-09-29,EP,1996272N16250,Genevieve,0.8100
1996-09-29,NA,1996269N09337,Isidore,2.1975
1996-09-30,EP,1996272N16250,Genevieve,0.6075
1996-09-30,EP,1996274N13261,Hernan,0.1225
1996-09-30,NA,1996269N09337,Isidore,1.1725
1996-10-01,EP,1996274N13261,Hernan,0.6975
1996-10-01,NA,1996269N09337,Isidore,0.2450
1996-10-02,EP,1996274N13261,Hernan,1.7775
1996-10-03,EP,1996274N13261,Hernan,1.3650
1996-10-06,EP,1996272N16250,Genevieve,0.1225
1996-10-06,NA,1996279N23264,Josephine,0.1225
1996-10-07,EP,1996272N16250,Genevieve,0.6400
1996-10-07,NA,1996279N23264,Josephine,1.1300
1996-10-08,EP,1996272N16250,Genevieve,0.2450
1996-10-08,NA,1996279N23264,Josephine,0.3600
1996-10-11,NA,1996286N17274,Kyle,0.2025
1996-10-12,NA,1996286N17274,Kyle,0.3250
1996-10-16,NA,1996289N13280,Lili,0.5750
1996-10-17,NA,1996289N13280,Lili,1.5750
1996-10-18,NA,1996289N13280,Lili,2.4150
1996-10-19,NA,1996289N13280,Lili,3.3425
1996-10-20,NA,1996289N13280,Lili,2.5650
1996-10-21,NA,1996289N13280,Lili,1.8975
1996-10-22,NA,1996289N13280,Lili,1.6900
1996-10-23,NA,1996289N13280,Lili,1.7575
1996-10-24,NA,1996289N13280,Lili,2.0325
1996-10-25,NA,1996289N13280,Lili,2.6425
1996-10-26,NA,1996289N13280,Lili,1.8350
1996-10-27,NA,1996289N13280,Lili,0.3025
1996-11-19,NA,1996319N11283,Marco,0.6275
1996-11-20,NA,1996319N11283,Marco,1.4075
1996-11-21,NA,1996319N11283,Marco,0.9050
1996-11-22,NA,1996319N11283,Marco,1.2150
1996-11-23,NA,1996319N11283,Marco,0.4475
1996-11-24,NA,1996319N11283,Marco,0.2450
1996-11-25,NA,1996319N11283,Marco,0.9575
1996-11-26,NA,1996319N11283,Marco,0.2825
1997-06-01,NA,1997152N29283,Unnamed,0.3250
1997-06-02,EP,1997152N10265,Andres,0.2450
1997-06-02,NA,1997152N29283,Unnamed,0.4850
1997-06-03,EP,1997152N10265,Andres,0.5275
1997-06-04,EP,1997152N10265,Andres,0.8100
1997-06-05,EP,1997152N10265,Andres,0.6875
1997-06-06,EP,1997152N10265,Andres,0.1225
1997-06-10,EP,1997161N14266,Blanca,0.6025
1997-06-11,EP,1997161N14266,Blanca,0.5275
1997-06-25,EP,1997176N16252,Carlos,0.1225
1997-06-26,EP,1997176N16252,Carlos,0.7250
1997-06-27,EP,1997176N16252,Carlos,0.1225
1997-07-01,NA,1997182N32283,Ana,0.4425
1997-07-02,NA,1997182N32283,Ana,0.5275
1997-07-03,NA,1997182N32283,Ana,0.3675
1997-07-06,EP,1997187N13250,Dolores,0.9675
1997-07-07,EP,1997187N13250,Dolores,1.5750
1997-07-08,EP,1997187N13250,Dolores,2.2500
1997-07-09,EP,1997187N13250,Dolores,2.2550
1997-07-10,EP,1997187N13250,Dolores,1.1925
1997-07-11,EP,1997187N13250,Dolores,0.1225
1997-07-11,NA,1997192N30290,Bill,0.3625
1997-07-12,EP,1997193N09248,Enrique,0.1600
1997-07-12,NA,1997192N30290,Bill,1.4550
1997-07-13,EP,1997193N09248,Enrique,1.5675
1997-07-13,NA,1997192N30290,Bill,0.5200
1997-07-13,NA,1997194N31286,Claudette,0.1600
1997-07-14,EP,1997193N09248,Enrique,3.5225
1997-07-14,NA,1997194N31286,Claudette,0.6400
1997-07-15,EP,1997193N09248,Enrique,2.3000
1997-07-15,EP,1997196N10251,Felicia,0.1225
1997-07-15,NA,1997194N31286,Claudette,0.5275
1997-07-16,EP,1997193N09248,Enrique,0.3250
1997-07-16,EP,1997196N10251,Felicia,0.8350
1997-07-16,NA,1997194N31286,Claudette,0.2450
1997-07-17,EP,1997196N10251,Felicia,1.6275
1997-07-17,NA,1997198N27267,Danny,0.4100
1997-07-18,EP,1997196N10251,Felicia,2.8875
1997-07-18,NA,1997198N27267,Danny,1.7050
1997-07-19,EP,1997196N10251,Felicia,5.1775
1997-07-19,NA,1997198N27267,Danny,1.8250
1997-07-20,EP,1997196N10251,Felicia,4.2150
1997-07-20,NA,1997198N27267,Danny,0.6850
1997-07-21,EP,1997196N10251,Felicia,1.8050
1997-07-22,EP,1997196N10251,Felicia,0.1600
1997-07-24,NA,1997198N27267,Danny,0.1600
1997-07-25,NA,1997198N27267,Danny,1.0000
1997-07-26,NA,1997198N27267,Danny,0.2025
1997-07-31,EP,1997212N11265,Guillermo,0.4850
1997-08-01,EP,1997212N11265,Guillermo,1.3350
1997-08-02,EP,1997212N11265,Guillermo,2.9650
1997-08-03,EP,1997212N11265,Guillermo,6.3975
1997-08-04,EP,1997212N11265,Guillermo,7.1625
1997-08-05,EP,1997212N11265,Guillermo,7.7025
1997-08-06,EP,1997212N11265,Guillermo,5.7850
1997-08-07,EP,1997212N11265,Guillermo,2.9400
1997-08-08,EP,1997212N11265,Guillermo,1.3875
1997-08-09,EP,1997212N11265,Guillermo,0.8575
1997-08-10,EP,1997212N11265,Guillermo,0.4050
1997-08-11,EP,1997212N11265,Guillermo,0.1225
1997-08-11,EP,1997222N11246,Hilda,0.1225
1997-08-12,EP,1997212N11265,Guillermo,0.6025
1997-08-12,EP,1997222N11246,Hilda,0.7675
1997-08-13,EP,1997212N11265,Guillermo,0.6825
1997-08-13,EP,1997222N11246,Hilda,0.7250
1997-08-14,EP,1997212N11265,Guillermo,0.9150
1997-08-14,EP,1997222N11246,Hilda,0.1225
1997-08-15,EP,1997212N11265,Guillermo,0.2450
1997-08-17,EP,1997229N19242,Ignacio,0.2450
1997-08-18,EP,1997229N19242,Ignacio,0.1225
1997-08-26,EP,1997238N11227,Jimena,0.8350
1997-08-27,EP,1997238N11227,Jimena,4.2075
1997-08-28,EP,1997238N11227,Jimena,5.2900
1997-08-29,EP,1997238N11227,Jimena,1.4825
1997-09-03,EP,1997240N12193,Oliwa,0.4900
1997-09-03,NA,1997246N11316,Erika,0.1225
1997-09-04,EP,1997247N18248,Kevin,0.4850
1997-09-04,NA,1997246N11316,Erika,1.1350
1997-09-05,EP,1997247N18248,Kevin,0.9525
1997-09-05,NA,1997246N11316,Erika,1.6900
1997-09-06,EP,1997247N18248,Kevin,0.1225
1997-09-06,NA,1997246N11316,Erika,1.9650
1997-09-07,NA,1997246N11316,Erika,2.4975
1997-09-08,NA,1997246N11316,Erika,4.2150
1997-09-09,NA,1997246N11316,Erika,4.8400
1997-09-10,EP,1997253N12255,Linda,0.8350
1997-09-10,NA,1997246N11316,Erika,3.8150
1997-09-11,EP,1997253N12255,Linda,3.6250
1997-09-11,NA,1997246N11316,Erika,2.1150
1997-09-12,EP,1997253N12255,Linda,9.6150
1997-09-12,NA,1997246N11316,Erika,1.2150
1997-09-13,EP,1997253N12255,Linda,7.9875
1997-09-13,NA,1997246N11316,Erika,0.8100
1997-09-14,EP,1997253N12255,Linda,4.3150
1997-09-14,EP,1997256N14227,Marty,0.6025
1997-09-14,NA,1997246N11316,Erika,1.0575
1997-09-15,EP,1997253N12255,Linda,1.5375
1997-09-15,EP,1997256N14227,Marty,0.2450
1997-09-15,NA,1997246N11316,Erika,1.1625
1997-09-16,EP,1997253N12255,Linda,0.6075
1997-09-16,EP,1997259N13258,Nora,0.1225
1997-09-17,EP,1997253N12255,Linda,0.1225
1997-09-17,EP,1997259N13258,Nora,0.8725
1997-09-18,EP,1997259N13258,Nora,2.0350
1997-09-19,EP,1997259N13258,Nora,2.8125
1997-09-20,EP,1997259N13258,Nora,1.8925
1997-09-21,EP,1997259N13258,Nora,3.9975
1997-09-22,EP,1997259N13258,Nora,4.7325
1997-09-23,EP,1997259N13258,Nora,2.8425
1997-09-24,EP,1997259N13258,Nora,2.2500
1997-09-25,EP,1997259N13258,Nora,1.8500
1997-09-26,EP,1997270N11265,Olaf,0.1600
1997-09-27,EP,1997270N11265,Olaf,1.1675
1997-09-28,EP,1997270N11265,Olaf,1.1150
1997-10-05,NA,1997278N24296,Fabian,0.1225
1997-10-06,EP,1997279N12263,Pauline,0.6275
1997-10-06,NA,1997278N24296,Fabian,0.4900
1997-10-07,EP,1997279N12263,Pauline,4.0225
1997-10-07,NA,1997278N24296,Fabian,0.4900
1997-10-08,EP,1997279N12263,Pauline,4.5325
1997-10-08,NA,1997278N24296,Fabian,0.2450
1997-10-09,EP,1997279N12263,Pauline,2.0025
1997-10-10,EP,1997279N12263,Pauline,0.1600
1997-10-15,NA,1997288N20291,Grace,0.1225
1997-10-16,NA,1997288N20291,Grace,0.5275
1997-10-17,NA,1997288N20291,Grace,0.2450
1997-11-08,EP,1997311N09258,Rick,0.2825
1997-11-09,EP,1997311N09258,Rick,2.0350
1997-11-10,EP,1997311N09258,Rick,1.1450
1997-12-02,EP,1997333N06194,Paka,0.4850
1997-12-03,EP,1997333N06194,Paka,1.0575
1997-12-04,EP,1997333N06194,Paka,1.1050
1997-12-05,EP,1997333N06194,Paka,0.9050
1997-12-06,EP,1997333N06194,Paka,0.5650
1997-12-07,EP,1997333N06194,Paka,0.2025
1998-06-13,EP,1998161N09261,Agatha,0.6125
1998-06-14,EP,1998161N09261,Agatha,1.1050
1998-06-15,EP,1998161N09261,Agatha,0.4850
1998-06-22,EP,1998173N08266,Blas,0.3250
1998-06-23,EP,1998173N08266,Blas,1.3350
1998-06-24,EP,1998173N08266,Blas,3.5525
1998-06-25,EP,1998173N08266,Blas,5.4075
1998-06-26,EP,1998173N08266,Blas,4.1225
1998-06-27,EP,1998173N08266,Blas,2.4875
1998-06-28,EP,1998173N08266,Blas,1.6325
1998-06-29,EP,1998173N08266,Blas,0.7875
1998-07-17,EP,1998197N13259,Celia,0.3200
1998-07-18,EP,1998197N13259,Celia,0.7675
1998-07-19,EP,1998197N13259,Celia,0.8150
1998-07-20,EP,1998197N13259,Celia,0.1225
1998-07-23,EP,1998203N11253,Darby,0.1225
1998-07-24,EP,1998203N11253,Darby,1.4725
1998-07-25,EP,1998203N11253,Darby,3.8050
1998-07-26,EP,1998203N11253,Darby,3.4300
1998-07-27,EP,1998203N11253,Darby,4.0000
1998-07-28,EP,1998203N11253,Darby,3.1875
1998-07-29,EP,1998203N11253,Darby,1.5225
1998-07-29,NA,1998209N11335,Alex,0.4900
1998-07-30,EP,1998203N11253,Darby,0.6450
1998-07-30,EP,1998210N14263,Estelle,0.6275
1998-07-30,NA,1998209N11335,Alex,0.6450
1998-07-31,EP,1998203N11253,Darby,0.1225
1998-07-31,EP,1998210N14263,Estelle,1.8350
1998-07-31,NA,1998209N11335,Alex,0.7675
1998-08-01,EP,1998210N14263,Estelle,3.0125
1998-08-01,NA,1998209N11335,Alex,0.5650
1998-08-02,EP,1998210N14263,Estelle,4.5325
1998-08-02,NA,1998209N11335,Alex,0.3675
1998-08-03,EP,1998210N14263,Estelle,2.9150
1998-08-04,EP,1998210N14263,Estelle,1.3550
1998-08-05,EP,1998210N14263,Estelle,0.3250
1998-08-08,EP,1998216N09260,Frank,0.4900
1998-08-09,EP,1998216N09260,Frank,0.2825
1998-08-11,EP,1998222N09257,Georgette,0.1225
1998-08-12,EP,1998222N09257,Georgette,1.0250
1998-08-13,EP,1998222N09257,Georgette,2.4150
1998-08-14,EP,1998222N09257,Georgette,3.7125
1998-08-15,EP,1998222N09257,Georgette,2.9975
1998-08-16,EP,1998222N09257,Georgette,0.9075
1998-08-20,NA,1998232N15312,Bonnie,0.2450
1998-08-21,EP,1998230N11267,Howard,1.1350
1998-08-21,NA,1998232N15312,Bonnie,0.9150
1998-08-21,NA,1998233N25268,Charley,0.1600
1998-08-22,EP,1998230N11267,Howard,3.4950
1998-08-22,NA,1998232N15312,Bonnie,2.1975
1998-08-22,NA,1998233N25268,Charley,0.6850
1998-08-23,EP,1998230N11267,Howard,6.3775
1998-08-23,NA,1998232N15312,Bonnie,3.7125
1998-08-24,EP,1998230N11267,Howard,4.9525
1998-08-24,NA,1998232N15312,Bonnie,4.0000
1998-08-24,NA,1998236N13326,Danielle,0.1225
1998-08-25,EP,1998230N11267,Howard,5.2900
1998-08-25,NA,1998232N15312,Bonnie,4.0000
1998-08-25,NA,1998236N13326,Danielle,1.3950
1998-08-26,EP,1998230N11267,Howard,4.3425
1998-08-26,NA,1998232N15312,Bonnie,4.0000
1998-08-26,NA,1998236N13326,Danielle,2.8125
1998-08-27,EP,1998230N11267,Howard,2.2750
1998-08-27,NA,1998232N15312,Bonnie,2.5475
1998-08-27,NA,1998236N13326,Danielle,2.8950
1998-08-28,EP,1998230N11267,Howard,1.1150
1998-08-28,NA,1998232N15312,Bonnie,1.7675
1998-08-28,NA,1998236N13326,Danielle,2.5600
1998-08-29,EP,1998230N11267,Howard,0.2825
1998-08-29,NA,1998232N15312,Bonnie,0.8100
1998-08-29,NA,1998236N13326,Danielle,2.0325
1998-08-30,NA,1998232N15312,Bonnie,0.6075
1998-08-30,NA,1998236N13326,Danielle,1.6900
1998-08-31,NA,1998236N13326,Danielle,2.5850
1998-08-31,NA,1998244N22267,Earl,0.1225
1998-09-01,EP,1998242N14252,Isis,0.2025
1998-09-01,NA,1998236N13326,Danielle,2.9775
1998-09-01,NA,1998244N22267,Earl,0.7350
1998-09-02,EP,1998242N14252,Isis,1.5025
1998-09-02,NA,1998236N13326,Danielle,2.1825
1998-09-02,NA,1998244N22267,Earl,1.7125
1998-09-03,EP,1998242N14252,Isis,0.9850
1998-09-03,NA,1998236N13326,Danielle,1.8925
1998-09-03,NA,1998244N22267,Earl,1.3325
1998-09-07,EP,1998249N16256,Javier,0.1225
1998-09-08,EP,1998249N16256,Javier,0.6925
1998-09-09,EP,1998249N16256,Javier,0.3675
1998-09-09,NA,1998252N26266,Frances,0.1225
1998-09-10,NA,1998252N26266,Frances,0.7250
1998-09-11,NA,1998252N26266,Frances,0.7875
1998-09-12,EP,1998249N16256,Javier,0.3250
1998-09-13,EP,1998249N16256,Javier,0.4050
1998-09-16,NA,1998259N10335,Georges,0.2450
1998-09-17,NA,1998259N10335,Georges,1.1775
1998-09-18,NA,1998259N10335,Georges,2.6625
1998-09-19,NA,1998259N10335,Georges,4.4850
1998-09-19,NA,1998261N27270,Hermine,0.2825
1998-09-20,NA,1998259N10335,Georges,6.5250
1998-09-20,NA,1998261N27270,Hermine,0.2825
1998-09-20,NA,1998262N13333,Ivan,0.1225
1998-09-21,NA,1998259N10335,Georges,3.7125
1998-09-21,NA,1998262N13333,Ivan,0.5275
1998-09-21,NA,1998264N10343,Jeanne,0.1225
1998-09-22,NA,1998259N10335,Georges,3.7175
1998-09-22,NA,1998262N13333,Ivan,0.8675
1998-09-22,NA,1998264N10343,Jeanne,1.0875
1998-09-23,NA,1998259N10335,Georges,1.7575
1998-09-23,NA,1998262N13333,Ivan,1.1775
1998-09-23,NA,1998264N10343,Jeanne,2.4150
1998-09-24,NA,1998259N10335,Georges,1.8975
1998-09-24,NA,1998262N13333,Ivan,1.8925
1998-09-24,NA,1998264N10343,Jeanne,3.1525
1998-09-24,NA,1998267N33295,Karl,0.6075
1998-09-25,NA,1998259N10335,Georges,2.9825
1998-09-25,NA,1998262N13333,Ivan,2.0325
1998-09-25,NA,1998264N10343,Jeanne,2.9825
1998-09-25,NA,1998267N33295,Karl,1.4650
1998-09-26,NA,1998259N10335,Georges,3.2400
1998-09-26,NA,1998262N13333,Ivan,2.3275
1998-09-26,NA,1998264N10343,Jeanne,2.1050
1998-09-26,NA,1998267N33295,Karl,2.3275
1998-09-27,NA,1998259N10335,Georges,3.6100
1998-09-27,NA,1998262N13333,Ivan,0.3600
1998-09-27,NA,1998264N10343,Jeanne,2.0325
1998-09-27,NA,1998267N33295,Karl,2.7500
1998-09-28,NA,1998259N10335,Georges,2.9450
1998-09-28,NA,1998264N10343,Jeanne,2.1825
1998-09-28,NA,1998267N33295,Karl,0.3025
1998-09-29,NA,1998259N10335,Georges,0.4100
1998-09-29,NA,1998264N10343,Jeanne,1.9850
1998-09-30,NA,1998264N10343,Jeanne,0.7350
1998-10-05,NA,1998278N14314,Lisa,0.4050
1998-10-06,NA,1998278N14314,Lisa,0.7675
1998-10-07,NA,1998278N14314,Lisa,1.0000
1998-10-08,NA,1998278N14314,Lisa,1.2675
1998-10-09,NA,1998278N14314,Lisa,1.5650
1998-10-13,EP,1998284N13243,Kay,0.8850
1998-10-14,EP,1998284N13243,Kay,1.1450
1998-10-15,EP,1998284N13243,Kay,0.1225
1998-10-15,EP,1998288N11268,Lester,0.1225
1998-10-16,EP,1998283N13268,Madeline,0.4625
1998-10-16,EP,1998288N11268,Lester,1.1025
1998-10-17,EP,1998283N13268,Madeline,1.4450
1998-10-17,EP,1998288N11268,Lester,2.6475
1998-10-18,EP,1998283N13268,Madeline,2.1050
1998-10-18,EP,1998288N11268,Lester,2.9775
1998-10-19,EP,1998283N13268,Madeline,1.4775
1998-10-19,EP,1998288N11268,Lester,2.8950
1998-10-20,EP,1998288N11268,Lester,3.1525
1998-10-21,EP,1998288N11268,Lester,3.2400
1998-10-22,EP,1998288N11268,Lester,3.7125
1998-10-22,NA,1998295N12284,Mitch,0.1225
1998-10-23,EP,1998288N11268,Lester,2.3250
1998-10-23,NA,1998295N12284,Mitch,0.8150
1998-10-24,EP,1998288N11268,Lester,0.9575
1998-10-24,NA,1998295N12284,Mitch,2.0975
1998-10-25,EP,1998288N11268,Lester,0.6025
1998-10-25,NA,1998295N12284,Mitch,4.9875
1998-10-26,NA,1998295N12284,Mitch,8.0175
1998-10-27,NA,1998295N12284,Mitch,9.0050
1998-10-28,NA,1998295N12284,Mitch,5.8750
1998-10-29,NA,1998295N12284,Mitch,2.1350
1998-10-30,NA,1998295N12284,Mitch,0.9575
1998-10-31,NA,1998295N12284,Mitch,0.4850
1998-11-03,NA,1998295N12284,Mitch,0.1600
1998-11-04,NA,1998295N12284,Mitch,0.4425
1998-11-05,NA,1998295N12284,Mitch,0.7550
1998-11-24,NA,1998328N28332,Nicole,0.6850
1998-11-25,NA,1998328N28332,Nicole,1.2725
1998-11-26,NA,1998328N28332,Nicole,0.2825
1998-11-27,NA,1998328N28332,Nicole,0.1600
1998-11-28,NA,1998328N28332,Nicole,1.0000
1998-11-29,NA,1998328N28332,Nicole,1.0675
1998-11-30,NA,1998328N28332,Nicole,1.7575
1998-12-01,NA,1998328N28332,Nicole,1.4125
1999-06-12,NA,1999163N27302,Arlene,0.3250
1999-06-13,NA,1999163N27302,Arlene,1.0000
1999-06-14,NA,1999163N27302,Arlene,0.6825
1999-06-15,NA,1999163N27302,Arlene,0.7250
1999-06-16,NA,1999163N27302,Arlene,0.6875
1999-06-18,EP,1999169N13264,Adrian,0.1225
1999-06-19,EP,1999169N13264,Adrian,1.0725
1999-06-20,EP,1999169N13264,Adrian,2.1975
1999-06-21,EP,1999169N13264,Adrian,2.2125
1999-06-22,EP,1999169N13264,Adrian,0.3250
1999-07-09,EP,1999189N12263,Beatriz,0.2825
1999-07-10,EP,1999189N12263,Beatriz,0.8575
1999-07-11,EP,1999189N12263,Beatriz,1.6475
1999-07-12,EP,1999189N12263,Beatriz,3.3425
1999-07-13,EP,1999189N12263,Beatriz,4.3075
1999-07-14,EP,1999189N12263,Beatriz,3.6150
1999-07-15,EP,1999189N12263,Beatriz,2.3475
1999-07-16,EP,1999189N12263,Beatriz,0.8650
1999-07-25,EP,1999205N11254,Calvin,0.2450
1999-07-26,EP,1999205N11254,Calvin,0.2450
1999-08-06,EP,1999217N11265,Dora,0.1225
1999-08-06,EP,1999218N12241,Eugene,0.1225
1999-08-07,EP,1999217N11265,Dora,0.8150
1999-08-07,EP,1999218N12241,Eugene,0.7725
1999-08-08,EP,1999217N11265,Dora,1.6475
1999-08-08,EP,1999218N12241,Eugene,1.4550
1999-08-09,EP,1999217N11265,Dora,3.2450
1999-08-09,EP,1999218N12241,Eugene,3.0850
1999-08-10,EP,1999217N11265,Dora,4.6350
1999-08-10,EP,1999218N12241,Eugene,3.1575
1999-08-11,EP,1999217N11265,Dora,5.2900
1999-08-11,EP,1999218N12241,Eugene,2.3275
1999-08-12,EP,1999217N11265,Dora,5.5250
1999-08-12,EP,1999218N12241,Eugene,2.1100
1999-08-13,EP,1999217N11265,Dora,5.4125
1999-08-13,EP,1999218N12241,Eugene,1.1575
1999-08-14,EP,1999217N11265,Dora,2.5425
1999-08-14,EP,1999218N12241,Eugene,0.5275
1999-08-15,EP,1999217N11265,Dora,3.1050
1999-08-16,EP,1999217N11265,Dora,3.4350
1999-08-17,EP,1999217N11265,Dora,2.2550
1999-08-18,EP,1999217N11265,Dora,1.6900
1999-08-18,EP,1999228N10252,Fernanda,0.5650
1999-08-19,EP,1999217N11265,Dora,1.6900
1999-08-19,EP,1999228N10252,Fernanda,1.0050
1999-08-19,NA,1999231N20266,Bret,0.1225
1999-08-20,EP,1999228N10252,Fernanda,0.5275
1999-08-20,NA,1999231N14341,Cindy,0.1225
1999-08-20,NA,1999231N20266,Bret,0.9150
1999-08-21,NA,1999231N14341,Cindy,1.0725
1999-08-21,NA,1999231N20266,Bret,2.4350
1999-08-22,NA,1999231N14341,Cindy,1.6275
1999-08-22,NA,1999231N20266,Bret,6.0050
1999-08-23,NA,1999231N14341,Cindy,1.0000
1999-08-23,NA,1999231N20266,Bret,2.1225
1999-08-24,NA,1999231N14341,Cindy,1.0000
1999-08-24,NA,1999236N12306,Emily,0.3250
1999-08-24,NA,1999236N22292,Dennis,0.2825
1999-08-25,NA,1999231N14341,Cindy,1.2675
1999-08-25,NA,1999236N12306,Emily,0.6825
1999-08-25,NA,1999236N22292,Dennis,0.8250
1999-08-26,NA,1999231N14341,Cindy,1.7575
1999-08-26,NA,1999236N12306,Emily,0.6025
1999-08-26,NA,1999236N22292,Dennis,1.6950
1999-08-27,NA,1999231N14341,Cindy,2.9000
1999-08-27,NA,1999236N12306,Emily,0.5275
1999-08-27,NA,1999236N22292,Dennis,1.6900
1999-08-28,NA,1999231N14341,Cindy,5.2025
1999-08-28,NA,1999236N12306,Emily,0.2825
1999-08-28,NA,1999236N22292,Dennis,2.5850
1999-08-29,NA,1999231N14341,Cindy,4.6650
1999-08-29,NA,1999236N22292,Dennis,3.2400
1999-08-30,NA,1999231N14341,Cindy,2.9000
1999-08-30,NA,1999236N22292,Dennis,3.0650
1999-08-31,NA,1999231N14341,Cindy,1.1000
1999-08-31,NA,1999236N22292,Dennis,2.3325
1999-09-01,NA,1999236N22292,Dennis,1.1625
1999-09-02,NA,1999236N22292,Dennis,0.8575
1999-09-03,NA,1999236N22292,Dennis,0.8575
1999-09-04,NA,1999236N22292,Dennis,1.2150
1999-09-05,EP,1999248N17256,Greg,0.1600
1999-09-05,NA,1999236N22292,Dennis,0.3725
1999-09-06,EP,1999248N17256,Greg,1.1775
1999-09-07,EP,1999248N17256,Greg,1.5700
1999-09-08,EP,1999248N17256,Greg,0.4850
1999-09-08,NA,1999251N15314,Floyd,0.4850
1999-09-09,NA,1999251N15314,Floyd,1.0150
1999-09-10,NA,1999251N15314,Floyd,1.7000
1999-09-11,NA,1999251N15314,Floyd,3.2550
1999-09-12,NA,1999251N15314,Floyd,4.0500
1999-09-12,NA,1999255N13336,Gert,0.3250
1999-09-13,NA,1999251N15314,Floyd,6.7700
1999-09-13,NA,1999255N13336,Gert,1.5750
1999-09-14,NA,1999251N15314,Floyd,4.7375
1999-09-14,NA,1999255N13336,Gert,2.9975
1999-09-15,NA,1999251N15314,Floyd,4.4350
1999-09-15,NA,1999255N13336,Gert,5.0950
1999-09-16,NA,1999251N15314,Floyd,2.4700
1999-09-16,NA,1999255N13336,Gert,6.3825
1999-09-17,NA,1999251N15314,Floyd,0.5000
1999-09-17,NA,1999255N13336,Gert,5.7700
1999-09-18,EP,1999260N15255,Hilary,0.2825
1999-09-18,NA,1999255N13336,Gert,4.5175
1999-09-19,EP,1999260N15255,Hilary,1.1150
1999-09-19,NA,1999255N13336,Gert,5.1775
1999-09-20,EP,1999260N15255,Hilary,1.5075
1999-09-20,NA,1999255N13336,Gert,4.6350
1999-09-20,NA,1999262N25272,Harvey,0.7300
1999-09-21,EP,1999260N15255,Hilary,0.3625
1999-09-21,NA,1999255N13336,Gert,3.0750
1999-09-21,NA,1999262N25272,Harvey,1.0000
1999-09-22,NA,1999255N13336,Gert,2.0375
1999-09-22,NA,1999262N25272,Harvey,0.1600
1999-09-23,NA,1999255N13336,Gert,0.7200
1999-10-08,EP,1999281N16255,Irwin,0.1225
1999-10-09,EP,1999281N16255,Irwin,0.8150
1999-10-10,EP,1999281N16255,Irwin,0.7350
1999-10-13,NA,1999286N16278,Irene,0.3250
1999-10-14,NA,1999286N16278,Irene,1.3825
1999-10-15,NA,1999286N16278,Irene,1.6275
1999-10-16,NA,1999286N16278,Irene,1.6900
1999-10-17,NA,1999286N16278,Irene,1.7575
1999-10-18,NA,1999286N16278,Irene,2.9925
1999-10-18,NA,1999291N10309,Jose,0.4425
1999-10-19,NA,1999286N16278,Irene,0.6400
1999-10-19,NA,1999291N10309,Jose,1.2875
1999-10-20,NA,1999291N10309,Jose,2.4925
1999-10-21,NA,1999291N10309,Jose,1.6475
1999-10-22,NA,1999291N10309,Jose,1.0000
1999-10-23,NA,1999291N10309,Jose,1.1050
1999-10-24,NA,1999291N10309,Jose,1.5075
1999-10-25,NA,1999291N10309,Jose,0.6625
1999-10-29,NA,1999302N11279,Katrina,0.1225
1999-10-30,NA,1999302N11279,Katrina,0.1225
1999-11-14,NA,1999318N17278,Lenny,0.4625
1999-11-15,NA,1999318N17278,Lenny,2.3375
1999-11-16,NA,1999318N17278,Lenny,2.5700
1999-11-17,NA,1999318N17278,Lenny,5.2475
1999-11-18,NA,1999318N17278,Lenny,5.9025
1999-11-19,NA,1999318N17278,Lenny,2.1350
1999-11-20,NA,1999318N17278,Lenny,1.0575
1999-11-21,NA,1999318N17278,Lenny,0.1600
2000-05-23,EP,2000142N12262,Aletta,0.4850
2000-05-24,EP,2000142N12262,Aletta,1.9100
2000-05-25,EP,2000142N12262,Aletta,3.0650
2000-05-26,EP,2000142N12262,Aletta,2.1150
2000-05-27,EP,2000142N12262,Aletta,0.8650
2000-06-13,EP,2000164N12256,Bud,0.2825
2000-06-14,EP,2000164N12256,Bud,0.8100
2000-06-15,EP,2000164N12256,Bud,0.6400
2000-06-16,EP,2000164N12256,Bud,0.2450
2000-06-19,EP,2000170N10268,Carlotta,0.8775
2000-06-20,EP,2000170N10268,Carlotta,2.0675
2000-06-21,EP,2000170N10268,Carlotta,6.5450
2000-06-22,EP,2000170N10268,Carlotta,4.3225
2000-06-23,EP,2000170N10268,Carlotta,3.1875
2000-06-24,EP,2000170N10268,Carlotta,1.0500
2000-07-20,EP,2000201N11224,Upana,0.1225
2000-07-21,EP,2000201N11224,Upana,0.6025
2000-07-22,EP,2000201N11224,Upana,0.4050
2000-07-23,EP,2000205N10260,Daniel,0.1225
2000-07-24,EP,2000205N10260,Daniel,1.4900
2000-07-25,EP,2000205N10260,Daniel,4.2150
2000-07-26,EP,2000205N10260,Daniel,4.5175
2000-07-26,EP,2000206N11266,Emilia,0.1225
2000-07-27,EP,2000205N10260,Daniel,3.6150
2000-07-27,EP,2000206N11266,Emilia,0.8675
2000-07-28,EP,2000205N10260,Daniel,3.8150
2000-07-28,EP,2000206N11266,Emilia,1.0050
2000-07-29,EP,2000205N10260,Daniel,1.9075
2000-07-29,EP,2000206N11266,Emilia,0.4050
2000-07-30,EP,2000205N10260,Daniel,1.2150
2000-07-31,EP,2000205N10260,Daniel,1.1150
2000-08-01,EP,2000205N10260,Daniel,1.0150
2000-08-02,EP,2000205N10260,Daniel,0.7675
2000-08-03,EP,2000205N10260,Daniel,0.2825
2000-08-04,EP,2000215N15254,Fabio,0.6500
2000-08-04,NA,2000217N11342,Alberto,0.4050
2000-08-05,EP,2000215N15254,Fabio,0.5650
2000-08-05,NA,2000217N11342,Alberto,0.8675
2000-08-06,EP,2000217N12260,Gilma,0.3250
2000-08-06,NA,2000217N11342,Alberto,1.8975
2000-08-07,EP,2000217N12260,Gilma,1.2725
2000-08-07,NA,2000217N11342,Alberto,2.4825
2000-08-08,EP,2000217N12260,Gilma,1.7625
2000-08-08,NA,2000217N11342,Alberto,1.9650
2000-08-09,EP,2000217N12260,Gilma,0.9875
2000-08-09,NA,2000217N11342,Alberto,1.3825
2000-08-10,NA,2000217N11342,Alberto,1.6900
2000-08-11,NA,2000217N11342,Alberto,2.4150
2000-08-12,EP,2000223N18257,Hector,0.7350
2000-08-12,NA,2000217N11342,Alberto,4.2300
2000-08-13,EP,2000223N18257,Hector,1.2150
2000-08-13,NA,2000217N11342,Alberto,3.2900
2000-08-14,EP,2000223N18257,Hector,1.8250
2000-08-14,EP,2000226N16258,Ileana,0.6550
2000-08-14,NA,2000217N11342,Alberto,1.3350
2000-08-14,NA,2000227N23267,Beryl,0.4850
2000-08-15,EP,2000223N18257,Hector,1.2875
2000-08-15,EP,2000226N16258,Ileana,1.3825
2000-08-15,EP,2000228N31180,Wene,0.2025
2000-08-15,NA,2000217N11342,Alberto,0.7675
2000-08-15,NA,2000227N23267,Beryl,0.4050
2000-08-16,EP,2000223N18257,Hector,0.1225
2000-08-16,EP,2000226N16258,Ileana,0.7850
2000-08-16,EP,2000228N31180,Wene,0.7250
2000-08-16,NA,2000217N11342,Alberto,0.6400
2000-08-17,EP,2000228N31180,Wene,0.2825
2000-08-17,NA,2000217N11342,Alberto,0.9050
2000-08-18,NA,2000217N11342,Alberto,1.3875
2000-08-18,NA,2000231N14308,Chris,0.1225
2000-08-19,NA,2000217N11342,Alberto,2.7350
2000-08-20,NA,2000217N11342,Alberto,3.0650
2000-08-20,NA,2000233N12316,Debby,0.4850
2000-08-21,NA,2000217N11342,Alberto,2.6425
2000-08-21,NA,2000233N12316,Debby,1.8500
2000-08-22,NA,2000217N11342,Alberto,2.0375
2000-08-22,NA,2000233N12316,Debby,1.7575
2000-08-23,NA,2000217N11342,Alberto,0.7250
2000-08-23,NA,2000233N12316,Debby,1.4550
2000-08-24,NA,2000233N12316,Debby,0.2825
2000-08-28,EP,2000241N15223,John,0.3250
2000-08-29,EP,2000241N15223,John,1.2100
2000-08-30,EP,2000241N15223,John,1.2675
2000-08-31,EP,2000241N15223,John,0.7500
2000-09-02,EP,2000244N13229,Kristy,0.3675
2000-09-02,NA,2000246N15315,Ernesto,0.3675
2000-09-03,NA,2000246N15315,Ernesto,0.3675
2000-09-05,EP,2000249N15258,Lane,0.2825
2000-09-06,EP,2000249N15258,Lane,0.9050
2000-09-07,EP,2000249N15258,Lane,0.7250
2000-09-08,EP,2000249N15258,Lane,1.1150
2000-09-09,EP,2000249N15258,Lane,2.1150
2000-09-10,EP,2000249N15258,Lane,2.8900
2000-09-11,EP,2000249N15258,Lane,1.9850
2000-09-11,NA,2000255N31289,Florence,0.6250
2000-09-12,EP,2000249N15258,Lane,0.9575
2000-09-12,NA,2000255N31289,Florence,1.5650
2000-09-13,EP,2000249N15258,Lane,0.2825
2000-09-13,NA,2000255N31289,Florence,1.5075
2000-09-14,NA,2000255N31289,Florence,0.8575
2000-09-15,NA,2000255N31289,Florence,1.0150
2000-09-16,EP,2000260N19253,Miriam,0.2450
2000-09-16,NA,2000255N31289,Florence,1.7575
2000-09-16,NA,2000259N20273,Gordon,1.0725
2000-09-17,NA,2000255N31289,Florence,1.1625
2000-09-17,NA,2000259N20273,Gordon,1.7575
2000-09-18,NA,2000259N20273,Gordon,0.5200
2000-09-20,EP,2000264N17257,Norman,0.3625
2000-09-21,EP,2000264N17257,Norman,0.1225
2000-09-21,NA,2000260N15308,Helene,0.6850
2000-09-22,NA,2000260N15308,Helene,0.7325
2000-09-22,NA,2000266N12337,Isaac,0.6875
2000-09-23,NA,2000260N15308,Helene,0.1225
2000-09-23,NA,2000266N12337,Isaac,1.7650
2000-09-24,NA,2000260N15308,Helene,0.7675
2000-09-24,NA,2000266N12337,Isaac,4.1025
2000-09-25,NA,2000260N15308,Helene,1.1675
2000-09-25,NA,2000266N12337,Isaac,3.4250
2000-09-26,NA,2000266N12337,Isaac,2.6575
2000-09-26,NA,2000270N11330,Joyce,0.5275
2000-09-27,NA,2000266N12337,Isaac,3.0750
2000-09-27,NA,2000270N11330,Joyce,1.4650
2000-09-28,NA,2000266N12337,Isaac,4.7525
2000-09-28,NA,2000270N11330,Joyce,2.4050
2000-09-29,NA,2000266N12337,Isaac,4.4450
2000-09-29,NA,2000270N11330,Joyce,1.8350
2000-09-29,NA,2000273N16277,Keith,0.1600
2000-09-30,NA,2000266N12337,Isaac,2.4150
2000-09-30,NA,2000270N11330,Joyce,0.9150
2000-09-30,NA,2000273N16277,Keith,1.4900
2000-10-01,NA,2000266N12337,Isaac,1.0850
2000-10-01,NA,2000270N11330,Joyce,0.4050
2000-10-01,NA,2000273N16277,Keith,4.9725
2000-10-02,NA,2000273N16277,Keith,2.5525
2000-10-03,EP,2000277N15257,Olivia,0.7075
2000-10-03,NA,2000273N16277,Keith,0.5625
2000-10-04,EP,2000277N15257,Olivia,1.2100
2000-10-04,NA,2000273N16277,Keith,0.2825
2000-10-05,EP,2000277N15257,Olivia,1.1050
2000-10-05,NA,2000273N16277,Keith,1.9850
2000-10-05,NA,2000279N29279,Leslie,0.2450
2000-10-06,EP,2000277N15257,Olivia,0.7300
2000-10-06,NA,2000273N16277,Keith,0.2025
2000-10-06,NA,2000279N29279,Leslie,0.6025
2000-10-07,EP,2000277N15257,Olivia,0.8100
2000-10-07,NA,2000279N29279,Leslie,0.4800
2000-10-08,EP,2000277N15257,Olivia,0.9625
2000-10-09,EP,2000277N15257,Olivia,0.1225
2000-10-16,NA,2000290N30289,Michael,0.4900
2000-10-17,NA,2000290N30289,Michael,1.0500
2000-10-18,NA,2000290N30289,Michael,1.7575
2000-10-19,NA,2000290N30289,Michael,2.2700
2000-10-20,NA,2000294N26300,Nadine,0.2825
2000-10-21,NA,2000294N26300,Nadine,0.9525
2000-10-25,NA,2000299N22291,Unnamed,0.1225
2000-10-26,EP,2000299N10252,Paul,0.2825
2000-10-26,NA,2000299N22291,Unnamed,0.6075
2000-10-27,EP,2000299N10252,Paul,0.4900
2000-10-27,NA,2000299N22291,Unnamed,1.0000
2000-10-28,NA,2000299N22291,Unnamed,1.0525
2000-10-29,NA,2000299N22291,Unnamed,0.3025
2000-11-05,EP,2000309N10270,Rosa,0.2825
2000-11-06,EP,2000309N10270,Rosa,1.1575
2000-11-07,EP,2000309N10270,Rosa,1.0525
2000-11-08,EP,2000309N10270,Rosa,0.3625
2001-05-26,EP,2001146N14259,Adolph,0.1225
2001-05-27,EP,2001146N14259,Adolph,1.3325
2001-05-28,EP,2001146N14259,Adolph,4.5375
2001-05-29,EP,2001146N14259,Adolph,6.0100
2001-05-30,EP,2001146N14259,Adolph,3.9225
2001-05-31,EP,2001146N14259,Adolph,1.9750
2001-06-01,EP,2001146N14259,Adolph,0.6275
2001-06-05,NA,2001157N28265,Allison,0.4100
2001-06-06,NA,2001157N28265,Allison,0.2025
2001-06-11,NA,2001157N28265,Allison,0.4050
2001-06-17,NA,2001157N28265,Allison,0.2825
2001-06-20,EP,2001171N12234,Barbara,0.1225
2001-06-21,EP,2001171N12234,Barbara,0.8150
2001-06-22,EP,2001171N12234,Barbara,0.4850
2001-07-13,EP,2001194N15252,Cosme,0.2825
2001-07-14,EP,2001194N15252,Cosme,0.4050
2001-07-21,EP,2001202N11266,Dalila,0.2825
2001-07-21,EP,2001202N14243,Erick,0.1225
2001-07-22,EP,2001202N11266,Dalila,1.1575
2001-07-22,EP,2001202N14243,Erick,0.4900
2001-07-23,EP,2001202N11266,Dalila,1.2100
2001-07-23,EP,2001202N14243,Erick,0.2450
2001-07-24,EP,2001202N11266,Dalila,1.5025
2001-07-25,EP,2001202N11266,Dalila,1.2675
2001-07-26,EP,2001202N11266,Dalila,1.2100
2001-07-27,EP,2001202N11266,Dalila,0.9150
2001-07-28,EP,2001202N11266,Dalila,0.1225
2001-08-02,NA,2001215N26275,Barry,0.2025
2001-08-03,NA,2001215N26275,Barry,0.5275
2001-08-04,NA,2001215N26275,Barry,0.1225
2001-08-05,NA,2001215N26275,Barry,0.8925
2001-08-06,NA,2001215N26275,Barry,0.7200
2001-08-17,NA,2001227N13323,Chantal,0.2450
2001-08-18,NA,2001227N13323,Chantal,1.0050
2001-08-19,NA,2001227N13323,Chantal,1.3250
2001-08-20,NA,2001227N13323,Chantal,1.0525
2001-08-21,NA,2001227N13323,Chantal,0.9875
2001-08-22,NA,2001235N18296,Dean,0.4525
2001-08-23,NA,2001235N18296,Dean,0.5000
2001-08-26,EP,2001238N19252,Flossie,0.1225
2001-08-27,EP,2001238N19252,Flossie,1.0875
2001-08-27,NA,2001235N18296,Dean,1.0725
2001-08-28,EP,2001238N19252,Flossie,1.8250
2001-08-28,NA,2001235N18296,Dean,0.9125
2001-08-29,EP,2001238N19252,Flossie,2.7350
2001-08-30,EP,2001238N19252,Flossie,2.2750
2001-08-31,EP,2001238N19252,Flossie,1.3350
2001-09-01,EP,2001238N19252,Flossie,0.2825
2001-09-02,NA,2001245N13326,Erin,0.5650
2001-09-03,NA,2001245N13326,Erin,0.8625
2001-09-04,EP,2001247N15237,Gil,0.2825
2001-09-04,NA,2001245N13326,Erin,0.7675
2001-09-05,EP,2001247N15237,Gil,1.2150
2001-09-05,EP,2001248N17251,Henriette,0.4425
2001-09-05,NA,2001245N13326,Erin,0.5275
2001-09-06,EP,2001247N15237,Gil,2.1975
2001-09-06,EP,2001248N17251,Henriette,0.9525
2001-09-07,EP,2001247N15237,Gil,2.6475
2001-09-07,EP,2001248N17251,Henriette,0.9575
2001-09-07,NA,2001245N13326,Erin,0.1225
2001-09-08,EP,2001247N15237,Gil,1.1925
2001-09-08,EP,2001248N17251,Henriette,0.2825
2001-09-08,NA,2001245N13326,Erin,0.8450
2001-09-09,NA,2001245N13326,Erin,3.3775
2001-09-10,NA,2001245N13326,Erin,4.0150
2001-09-11,EP,2001254N15261,Ivo,0.3675
2001-09-11,NA,2001245N13326,Erin,2.5600
2001-09-11,NA,2001251N14332,Felix,0.2450
2001-09-12,EP,2001254N15261,Ivo,0.6075
2001-09-12,NA,2001245N13326,Erin,2.3275
2001-09-12,NA,2001251N14332,Felix,1.0250
2001-09-13,EP,2001254N15261,Ivo,0.7675
2001-09-13,NA,2001245N13326,Erin,2.0325
2001-09-13,NA,2001251N14332,Felix,2.6100
2001-09-13,NA,2001255N26276,Gabrielle,0.2825
2001-09-14,EP,2001254N15261,Ivo,0.1225
2001-09-14,NA,2001245N13326,Erin,1.7575
2001-09-14,NA,2001251N14332,Felix,3.7125
2001-09-14,NA,2001255N26276,Gabrielle,1.0150
2001-09-15,NA,2001245N13326,Erin,0.3600
2001-09-15,NA,2001251N14332,Felix,3.1525
2001-09-15,NA,2001255N26276,Gabrielle,0.6825
2001-09-16,NA,2001251N14332,Felix,2.4150
2001-09-16,NA,2001255N26276,Gabrielle,1.1050
2001-09-17,NA,2001251N14332,Felix,1.5750
2001-09-17,NA,2001255N26276,Gabrielle,1.8250
2001-09-18,NA,2001251N14332,Felix,0.4850
2001-09-18,NA,2001255N26276,Gabrielle,1.3250
2001-09-19,NA,2001255N26276,Gabrielle,0.3600
2001-09-21,EP,2001264N13269,Juliette,0.2450
2001-09-22,EP,2001264N13269,Juliette,0.7675
2001-09-22,EP,2001265N16244,Kiko,0.2825
2001-09-22,NA,2001265N25296,Humberto,0.4100
2001-09-23,EP,2001264N13269,Juliette,1.6975
2001-09-23,EP,2001265N16244,Kiko,1.2875
2001-09-23,EP,2001266N10217,Unnamed,0.1225
2001-09-23,NA,2001265N25296,Humberto,1.6675
2001-09-24,EP,2001264N13269,Juliette,4.4350
2001-09-24,EP,2001265N16244,Kiko,1.1050
2001-09-24,NA,2001265N25296,Humberto,2.2650
2001-09-25,EP,2001264N13269,Juliette,6.0100
2001-09-25,EP,2001265N16244,Kiko,0.2825
2001-09-25,NA,2001265N25296,Humberto,1.6900
2001-09-26,EP,2001264N13269,Juliette,4.9875
2001-09-26,NA,2001265N25296,Humberto,2.4350
2001-09-27,EP,2001264N13269,Juliette,3.0750
2001-09-27,NA,2001265N25296,Humberto,1.4750
2001-09-28,EP,2001264N13269,Juliette,2.0525
2001-09-29,EP,2001264N13269,Juliette,1.4075
2001-09-30,EP,2001264N13269,Juliette,0.1225
2001-10-02,EP,2001275N12258,Lorena,0.2825
2001-10-03,EP,2001275N12258,Lorena,0.8150
2001-10-04,EP,2001275N12258,Lorena,0.2825
2001-10-05,NA,2001278N12302,Iris,0.3250
2001-10-06,NA,2001278N12302,Iris,1.2775
2001-10-07,NA,2001278N12302,Iris,2.2500
2001-10-07,NA,2001280N11309,Jerry,0.6875
2001-10-08,NA,2001278N12302,Iris,4.2125
2001-10-08,NA,2001280N11309,Jerry,0.5275
2001-10-09,NA,2001278N12302,Iris,1.9225
2001-10-11,EP,2001284N14261,Manuel,0.4850
2001-10-12,EP,2001284N14261,Manuel,0.3625
2001-10-12,NA,2001284N28297,Karen,1.4400
2001-10-13,NA,2001284N28297,Karen,1.5025
2001-10-14,NA,2001284N28297,Karen,1.5750
2001-10-15,EP,2001284N14261,Manuel,0.3675
2001-10-15,NA,2001284N28297,Karen,0.6125
2001-10-16,EP,2001284N14261,Manuel,0.8150
2001-10-17,EP,2001284N14261,Manuel,0.4850
2001-10-20,EP,2001294N11235,Narda,0.1225
2001-10-21,EP,2001294N11235,Narda,1.0875
2001-10-22,EP,2001294N11235,Narda,1.9650
2001-10-23,EP,2001294N11235,Narda,0.9450
2001-10-30,NA,2001301N27325,Lorenzo,0.4900
2001-10-31,EP,2001304N12237,Octave,0.4050
2001-10-31,NA,2001301N27325,Lorenzo,0.2450
2001-11-01,EP,2001304N12237,Octave,1.2250
2001-11-01,NA,2001303N13276,Michelle,0.8250
2001-11-02,EP,2001304N12237,Octave,1.9075
2001-11-02,NA,2001303N13276,Michelle,1.7925
2001-11-03,EP,2001304N12237,Octave,0.3250
2001-11-03,NA,2001303N13276,Michelle,4.4450
2001-11-04,NA,2001303N13276,Michelle,5.6425
2001-11-04,NA,2001308N34310,Noel,0.8575
2001-11-05,NA,2001303N13276,Michelle,2.9450
2001-11-05,NA,2001308N34310,Noel,1.5075
2001-11-06,NA,2001308N34310,Noel,0.6625
2001-11-24,NA,2001327N31309,Olga,1.0000
2001-11-25,NA,2001327N31309,Olga,1.1625
2001-11-26,NA,2001327N31309,Olga,1.5650
2001-11-27,NA,2001327N31309,Olga,2.4050
2001-11-28,NA,2001327N31309,Olga,2.1775
2001-11-29,NA,2001327N31309,Olga,1.4450
2001-11-30,NA,2001327N31309,Olga,0.3250
2001-12-02,NA,2001327N31309,Olga,0.5650
2001-12-03,NA,2001327N31309,Olga,0.4900
2002-05-26,EP,2002145N11259,Alma,0.2450
2002-05-27,EP,2002145N11259,Alma,0.6075
2002-05-28,EP,2002145N11259,Alma,1.3350
2002-05-29,EP,2002145N11259,Alma,2.4150
2002-05-30,EP,2002145N11259,Alma,3.7125
2002-05-31,EP,2002145N11259,Alma,1.8950
2002-06-01,EP,2002145N11259,Alma,0.1225
2002-06-09,EP,2002160N16258,Boris,0.9100
2002-06-10,EP,2002160N16258,Boris,0.4850
2002-07-12,EP,2002191N12260,Cristina,0.4050
2002-07-13,EP,2002191N12260,Cristina,0.7250
2002-07-14,EP,2002191N12260,Cristina,1.0050
2002-07-15,EP,2002191N12260,Cristina,0.3250
2002-07-15,NA,2002196N34283,Arthur,0.5275
2002-07-16,NA,2002196N34283,Arthur,1.0000
2002-07-20,EP,2002202N13254,Douglas,0.1600
2002-07-21,EP,2002202N13254,Douglas,1.1150
2002-07-22,EP,2002202N13254,Douglas,2.5175
2002-07-23,EP,2002202N13254,Douglas,2.9825
2002-07-23,EP,2002204N12263,Elida,0.3250
2002-07-24,EP,2002202N13254,Douglas,1.8550
2002-07-24,EP,2002204N12263,Elida,3.4425
2002-07-25,EP,2002202N13254,Douglas,0.6975
2002-07-25,EP,2002204N12263,Elida,6.6625
2002-07-26,EP,2002204N12263,Elida,4.0050
2002-07-27,EP,2002204N12263,Elida,2.0675
2002-07-28,EP,2002204N12263,Elida,1.1575
2002-07-29,EP,2002204N12263,Elida,0.4850
2002-08-05,NA,2002217N29272,Bertha,0.2450
2002-08-06,NA,2002218N32283,Cristobal,0.1225
2002-08-07,NA,2002218N32283,Cristobal,0.6400
2002-08-08,NA,2002218N32283,Cristobal,0.8100
2002-08-21,EP,2002234N11221,Alika,0.2500
2002-08-22,EP,2002234N13253,Fausto,1.0500
2002-08-23,EP,2002234N13253,Fausto,2.9400
2002-08-24,EP,2002234N13253,Fausto,5.7750
2002-08-25,EP,2002234N11221,Alika,0.9625
2002-08-25,EP,2002234N13253,Fausto,4.3625
2002-08-26,EP,2002234N11221,Alika,0.7775
2002-08-26,EP,2002234N13253,Fausto,1.8950
2002-08-27,EP,2002234N13253,Fausto,0.6075
2002-08-27,EP,2002237N10202,Ele,0.8800
2002-08-27,EP,2002238N15250,Genevieve,0.8925
2002-08-28,EP,2002237N10202,Ele,1.9700
2002-08-28,EP,2002238N15250,Genevieve,1.4400
2002-08-29,EP,2002237N10202,Ele,3.1825
2002-08-29,EP,2002238N15250,Genevieve,1.0250
2002-08-29,NA,2002242N10329,Dolly,0.1225
2002-08-30,EP,2002237N10202,Ele,1.2100
2002-08-30,EP,2002238N15250,Genevieve,0.2450
2002-08-30,EP,2002242N14257,Hernan,0.3625
2002-08-30,NA,2002242N10329,Dolly,0.8625
2002-08-31,EP,2002242N14257,Hernan,2.4475
2002-08-31,NA,2002242N10329,Dolly,0.6075
2002-09-01,EP,2002234N13253,Fausto,0.1225
2002-09-01,EP,2002242N14257,Hernan,6.9325
2002-09-01,NA,2002242N10329,Dolly,0.5275
2002-09-02,EP,2002234N13253,Fausto,0.4900
2002-09-02,EP,2002242N14257,Hernan,5.4575
2002-09-02,NA,2002242N10329,Dolly,0.7250
2002-09-02,NA,2002245N29281,Edouard,0.3675
2002-09-03,EP,2002234N13253,Fausto,0.1225
2002-09-03,EP,2002242N14257,Hernan,3.0750
2002-09-03,NA,2002242N10329,Dolly,0.7675
2002-09-03,NA,2002245N29281,Edouard,0.7500
2002-09-04,EP,2002242N14257,Hernan,1.4650
2002-09-04,NA,2002242N10329,Dolly,0.3250
2002-09-04,NA,2002245N29281,Edouard,0.5275
2002-09-05,EP,2002242N14257,Hernan,0.2825
2002-09-05,NA,2002245N29281,Edouard,0.1225
2002-09-06,NA,2002249N28266,Fay,0.8250
2002-09-07,NA,2002249N28266,Fay,0.5000
2002-09-08,NA,2002252N29289,Gustav,0.1225
2002-09-09,NA,2002252N29289,Gustav,0.6400
2002-09-10,NA,2002252N29289,Gustav,1.0050
2002-09-11,NA,2002252N29289,Gustav,1.8750
2002-09-12,NA,2002252N29289,Gustav,1.2025
2002-09-12,NA,2002255N26273,Hanna,0.3675
2002-09-13,NA,2002255N26273,Hanna,0.6875
2002-09-14,NA,2002255N26273,Hanna,0.7500
2002-09-16,EP,2002258N15256,Iselle,0.7250
2002-09-17,EP,2002258N15256,Iselle,1.2150
2002-09-18,EP,2002258N15256,Iselle,0.8450
2002-09-18,NA,2002258N10300,Isidore,0.4850
2002-09-18,NA,2002261N33308,Josephine,0.3675
2002-09-19,EP,2002258N15256,Iselle,0.3675
2002-09-19,NA,2002258N10300,Isidore,1.2825
2002-09-19,NA,2002261N33308,Josephine,0.2450
2002-09-20,NA,2002258N10300,Isidore,2.6575
2002-09-21,NA,2002258N10300,Isidore,3.4950
2002-09-21,NA,2002264N28308,Kyle,0.4050
2002-09-22,NA,2002258N10300,Isidore,4.8400
2002-09-22,NA,2002264N28308,Kyle,0.6825
2002-09-23,NA,2002258N10300,Isidore,2.1000
2002-09-23,NA,2002264N28308,Kyle,0.5275
2002-09-23,NA,2002265N10315,Lili,0.7350
2002-09-24,NA,2002258N10300,Isidore,0.8250
2002-09-24,NA,2002264N28308,Kyle,0.9150
2002-09-24,NA,2002265N10315,Lili,1.1100
2002-09-25,EP,2002268N15258,Julio,0.2825
2002-09-25,NA,2002258N10300,Isidore,1.0525
2002-09-25,NA,2002264N28308,Kyle,1.3875
2002-09-25,NA,2002265N10315,Lili,0.2450
2002-09-26,EP,2002268N15258,Julio,0.2825
2002-09-26,NA,2002258N10300,Isidore,1.0675
2002-09-26,NA,2002264N28308,Kyle,2.0375
2002-09-27,NA,2002264N28308,Kyle,2.1775
2002-09-27,NA,2002265N10315,Lili,0.2825
2002-09-28,NA,2002264N28308,Kyle,1.5225
2002-09-28,NA,2002265N10315,Lili,0.8100
2002-09-29,NA,2002264N28308,Kyle,0.6825
2002-09-29,NA,2002265N10315,Lili,0.8150
2002-09-30,NA,2002264N28308,Kyle,0.4050
2002-09-30,NA,2002265N10315,Lili,1.5075
2002-10-01,NA,2002264N28308,Kyle,0.2825
2002-10-01,NA,2002265N10315,Lili,2.6725
2002-10-02,NA,2002264N28308,Kyle,0.9575
2002-10-02,NA,2002265N10315,Lili,4.4600
2002-10-03,NA,2002264N28308,Kyle,1.0575
2002-10-03,NA,2002265N10315,Lili,3.6650
2002-10-04,NA,2002264N28308,Kyle,0.5700
2002-10-04,NA,2002265N10315,Lili,0.1600
2002-10-05,NA,2002264N28308,Kyle,0.1225
2002-10-06,NA,2002264N28308,Kyle,0.2450
2002-10-07,NA,2002264N28308,Kyle,0.4900
2002-10-08,NA,2002264N28308,Kyle,0.3675
2002-10-11,NA,2002264N28308,Kyle,0.3675
2002-10-12,NA,2002264N28308,Kyle,0.3200
2002-10-22,EP,2002295N11261,Kenna,0.3675
2002-10-23,EP,2002295N11261,Kenna,1.3325
2002-10-23,EP,2002296N11230,Lowell,0.4425
2002-10-24,EP,2002295N11261,Kenna,5.4350
2002-10-24,EP,2002296N11230,Lowell,0.4425
2002-10-25,EP,2002295N11261,Kenna,6.8950
2002-10-26,EP,2002295N11261,Kenna,0.1225
2002-10-26,EP,2002297N09206,Huko,0.6075
2002-10-27,EP,2002296N11230,Lowell,0.1225
2002-10-27,EP,2002297N09206,Huko,1.0575
2002-10-28,EP,2002296N11230,Lowell,0.6875
2002-10-28,EP,2002297N09206,Huko,1.3875
2002-10-29,EP,2002296N11230,Lowell,0.2825
2002-10-29,EP,2002297N09206,Huko,1.6900
2002-10-30,EP,2002297N09206,Huko,1.1575
2002-10-31,EP,2002297N09206,Huko,1.6275
2002-11-01,EP,2002297N09206,Huko,1.9700
2002-11-02,EP,2002297N09206,Huko,2.2500
2002-11-03,EP,2002297N09206,Huko,1.1250
2003-04-20,NA,2003108N29294,Ana,0.5650
2003-04-21,NA,2003108N29294,Ana,1.0000
2003-04-22,NA,2003108N29294,Ana,0.9050
2003-04-23,NA,2003108N29294,Ana,0.6025
2003-04-24,NA,2003108N29294,Ana,0.1225
2003-05-20,EP,2003140N10258,Andres,0.6125
2003-05-21,EP,2003140N10258,Andres,0.9050
2003-05-22,EP,2003140N10258,Andres,0.9050
2003-05-23,EP,2003140N10258,Andres,0.8100
2003-05-24,EP,2003140N10258,Andres,0.7675
2003-05-25,EP,2003140N10258,Andres,0.1225
2003-06-17,EP,2003168N16257,Blanca,0.1225
2003-06-18,EP,2003168N16257,Blanca,0.8575
2003-06-19,EP,2003168N16257,Blanca,0.8100
2003-06-20,EP,2003168N16257,Blanca,0.4050
2003-06-26,EP,2003177N14263,Carlos,0.3250
2003-06-27,EP,2003177N14263,Carlos,0.5050
2003-06-29,NA,2003179N20271,Bill,0.2825
2003-06-30,NA,2003179N20271,Bill,0.9050
2003-07-01,NA,2003179N20271,Bill,0.2025
2003-07-06,EP,2003187N14244,Dolores,0.2450
2003-07-08,NA,2003188N11307,Claudette,0.2025
2003-07-09,NA,2003188N11307,Claudette,1.2150
2003-07-10,NA,2003188N11307,Claudette,1.3975
2003-07-11,EP,2003192N14254,Enrique,0.3625
2003-07-11,NA,2003188N11307,Claudette,0.9525
2003-07-12,EP,2003192N14254,Enrique,1.2100
2003-07-12,NA,2003188N11307,Claudette,0.8100
2003-07-13,EP,2003192N14254,Enrique,0.5750
2003-07-13,NA,2003188N11307,Claudette,0.9050
2003-07-14,NA,2003188N11307,Claudette,1.2675
2003-07-15,NA,2003188N11307,Claudette,1.8350
2003-07-16,NA,2003188N11307,Claudette,0.6550
2003-07-17,NA,2003198N31306,Danny,0.8775
2003-07-18,EP,2003199N14255,Felicia,0.4850
2003-07-18,NA,2003198N31306,Danny,1.3875
2003-07-19,EP,2003199N14255,Felicia,0.6025
2003-07-19,NA,2003198N31306,Danny,1.6275
2003-07-20,EP,2003199N14255,Felicia,0.1225
2003-07-20,NA,2003198N31306,Danny,0.6650
2003-08-08,EP,2003219N16244,Guillermo,0.7725
2003-08-09,EP,2003219N16244,Guillermo,0.9525
2003-08-10,EP,2003219N16244,Guillermo,0.6875
2003-08-10,EP,2003221N14249,Hilda,0.4900
2003-08-11,EP,2003219N16244,Guillermo,0.2450
2003-08-11,EP,2003221N14249,Hilda,0.3675
2003-08-14,NA,2003227N26277,Erika,0.1225
2003-08-15,NA,2003227N26277,Erika,0.7725
2003-08-16,NA,2003227N26277,Erika,1.2075
2003-08-23,EP,2003235N20253,Ignacio,0.7875
2003-08-24,EP,2003235N20253,Ignacio,2.4700
2003-08-25,EP,2003235N20253,Ignacio,2.4150
2003-08-26,EP,2003235N20253,Ignacio,1.0325
2003-08-28,EP,2003240N14230,Jimena,0.2825
2003-08-28,NA,2003240N15329,Fabian,0.2825
2003-08-29,EP,2003240N14230,Jimena,1.5375
2003-08-29,NA,2003240N15329,Fabian,1.0625
2003-08-30,EP,2003240N14230,Jimena,2.9775
2003-08-30,NA,2003240N15329,Fabian,2.6350
2003-08-30,NA,2003243N24268,Grace,0.1225
2003-08-31,EP,2003240N14230,Jimena,2.9050
2003-08-31,NA,2003240N15329,Fabian,4.9525
2003-08-31,NA,2003243N24268,Grace,0.3675
2003-09-01,EP,2003240N14230,Jimena,1.0875
2003-09-01,NA,2003240N15329,Fabian,5.8825
2003-09-02,EP,2003240N14230,Jimena,0.4900
2003-09-02,NA,2003240N15329,Fabian,5.8825
2003-09-03,NA,2003240N15329,Fabian,4.9525
2003-09-04,EP,2003247N19249,Kevin,0.1225
2003-09-04,NA,2003240N15329,Fabian,4.7375
2003-09-05,NA,2003240N15329,Fabian,4.6300
2003-09-05,NA,2003247N27272,Henri,0.5325
2003-09-06,NA,2003240N15329,Fabian,4.0000
2003-09-06,NA,2003249N14329,Isabel,0.4850
2003-09-07,NA,2003240N15329,Fabian,2.7350
2003-09-07,NA,2003249N14329,Isabel,1.5750
2003-09-08,NA,2003240N15329,Fabian,1.4025
2003-09-08,NA,2003249N14329,Isabel,3.9625
2003-09-09,NA,2003249N14329,Isabel,5.2900
2003-09-10,NA,2003249N14329,Isabel,5.1825
2003-09-11,NA,2003249N14329,Isabel,7.0500
2003-09-12,NA,2003249N14329,Isabel,7.8400
2003-09-13,NA,2003249N14329,Isabel,7.2950
2003-09-14,EP,2003257N15252,Linda,0.2825
2003-09-14,NA,2003249N14329,Isabel,7.4275
2003-09-15,EP,2003257N15252,Linda,1.3500
2003-09-15,NA,2003249N14329,Isabel,6.0150
2003-09-16,EP,2003257N15252,Linda,1.0250
2003-09-16,NA,2003249N14329,Isabel,3.9075
2003-09-17,EP,2003257N15252,Linda,0.1225
2003-09-17,NA,2003249N14329,Isabel,3.4250
2003-09-18,NA,2003249N14329,Isabel,3.1525
2003-09-19,EP,2003262N17254,Marty,0.4050
2003-09-19,NA,2003249N14329,Isabel,0.6725
2003-09-20,EP,2003262N17254,Marty,0.8675
2003-09-21,EP,2003262N17254,Marty,1.6900
2003-09-22,EP,2003262N17254,Marty,2.4150
2003-09-23,EP,2003262N17254,Marty,0.7325
2003-09-25,NA,2003268N28298,Juan,0.7350
2003-09-26,NA,2003268N28298,Juan,1.5750
2003-09-27,NA,2003268N28298,Juan,2.4975
2003-09-27,NA,2003269N12322,Kate,0.1225
2003-09-28,NA,2003268N28298,Juan,3.2400
2003-09-28,NA,2003269N12322,Kate,0.9525
2003-09-29,NA,2003268N28298,Juan,1.3475
2003-09-29,NA,2003269N12322,Kate,1.2775
2003-09-30,NA,2003269N12322,Kate,1.2775
2003-10-01,NA,2003269N12322,Kate,1.2250
2003-10-01,NA,2003271N18275,Larry,0.2025
2003-10-02,EP,2003275N16252,Nora,0.4050
2003-10-02,NA,2003269N12322,Kate,2.1875
2003-10-02,NA,2003271N18275,Larry,0.8575
2003-10-03,EP,2003275N16252,Nora,1.2150
2003-10-03,EP,2003276N12262,Olaf,0.4100
2003-10-03,NA,2003269N12322,Kate,3.2600
2003-10-03,NA,2003271N18275,Larry,1.0525
2003-10-04,EP,2003275N16252,Nora,2.6050
2003-10-04,EP,2003276N12262,Olaf,0.9575
2003-10-04,NA,2003269N12322,Kate,4.3125
2003-10-04,NA,2003271N18275,Larry,1.0000
2003-10-05,EP,2003275N16252,Nora,2.9825
2003-10-05,EP,2003276N12262,Olaf,1.3300
2003-10-05,NA,2003269N12322,Kate,3.4350
2003-10-05,NA,2003271N18275,Larry,0.9100
2003-10-06,EP,2003275N16252,Nora,1.4725
2003-10-06,EP,2003276N12262,Olaf,0.7350
2003-10-06,NA,2003269N12322,Kate,2.3325
2003-10-06,NA,2003271N18275,Larry,0.1225
2003-10-07,EP,2003275N16252,Nora,0.1225
2003-10-07,EP,2003276N12262,Olaf,0.6125
2003-10-07,NA,2003269N12322,Kate,1.5025
2003-10-10,NA,2003284N19291,Mindy,0.1600
2003-10-11,NA,2003284N19291,Mindy,0.5650
2003-10-12,NA,2003284N19291,Mindy,0.1225
2003-10-14,NA,2003286N09323,Nicholas,0.1225
2003-10-15,NA,2003286N09323,Nicholas,0.7675
2003-10-16,NA,2003286N09323,Nicholas,0.9575
2003-10-17,NA,2003286N09323,Nicholas,1.2675
2003-10-18,NA,2003286N09323,Nicholas,1.1575
2003-10-19,NA,2003286N09323,Nicholas,0.9525
2003-10-20,EP,2003294N10260,Patricia,0.1225
2003-10-20,NA,2003286N09323,Nicholas,0.6875
2003-10-21,EP,2003294N10260,Patricia,1.3500
2003-10-21,NA,2003286N09323,Nicholas,0.6875
2003-10-22,EP,2003294N10260,Patricia,1.5750
2003-10-22,NA,2003286N09323,Nicholas,0.5275
2003-10-23,EP,2003294N10260,Patricia,0.6450
2003-10-23,NA,2003286N09323,Nicholas,0.1225
2003-10-24,EP,2003294N10260,Patricia,0.5650
2003-10-25,EP,2003294N10260,Patricia,0.2450
2003-12-04,NA,2003339N13284,Odette,0.1225
2003-12-05,NA,2003339N13284,Odette,0.9525
2003-12-06,NA,2003339N13284,Odette,1.1575
2003-12-07,NA,2003339N13284,Odette,0.5225
2003-12-07,NA,2003342N28326,Peter,0.1600
2003-12-08,NA,2003342N28326,Peter,0.6400
2003-12-09,NA,2003342N28326,Peter,0.9300
2003-12-10,NA,2003342N28326,Peter,0.3250
2004-05-22,EP,2004143N15252,Agatha,0.3250
2004-05-23,EP,2004143N15252,Agatha,0.7350
2004-07-12,EP,2004195N15255,Blas,0.1225
2004-07-13,EP,2004195N15255,Blas,1.0050
2004-07-14,EP,2004195N15255,Blas,0.4850
2004-07-19,EP,2004201N14247,Celia,0.3250
2004-07-20,EP,2004201N14247,Celia,0.8575
2004-07-21,EP,2004201N14247,Celia,1.1625
2004-07-22,EP,2004201N14247,Celia,1.8350
2004-07-23,EP,2004201N14247,Celia,0.6550
2004-07-24,EP,2004201N14247,Celia,0.2450
2004-07-27,EP,2004209N12247,Darby,0.9875
2004-07-28,EP,2004209N12247,Darby,2.3625
2004-07-29,EP,2004209N12247,Darby,3.9075
2004-07-30,EP,2004209N12247,Darby,1.4900
2004-07-31,EP,2004209N12247,Darby,0.2825
2004-08-01,NA,2004214N30282,Alex,0.1225
2004-08-02,NA,2004214N30282,Alex,0.7825
2004-08-03,NA,2004214N30282,Alex,2.2950
2004-08-04,NA,2004214N30282,Alex,2.9050
2004-08-05,NA,2004214N30282,Alex,4.0150
2004-08-06,NA,2004214N30282,Alex,1.2350
2004-08-09,NA,2004217N13306,Bonnie,0.2825
2004-08-10,NA,2004217N13306,Bonnie,0.8575
2004-08-10,NA,2004223N11301,Charley,0.4850
2004-08-11,NA,2004217N13306,Bonnie,0.8250
2004-08-11,NA,2004223N11301,Charley,1.3875
2004-08-12,NA,2004217N13306,Bonnie,0.6550
2004-08-12,NA,2004223N11301,Charley,2.4350
2004-08-13,NA,2004223N11301,Charley,4.3775
2004-08-14,NA,2004223N11301,Charley,1.9075
2004-08-14,NA,2004227N09314,Earl,0.1225
2004-08-14,NA,2004227N12338,Danielle,0.7875
2004-08-15,NA,2004227N09314,Earl,0.6500
2004-08-15,NA,2004227N12338,Danielle,2.3475
2004-08-16,NA,2004227N12338,Danielle,3.3325
2004-08-17,NA,2004227N12338,Danielle,3.2450
2004-08-18,NA,2004227N12338,Danielle,1.4900
2004-08-19,NA,2004227N12338,Danielle,0.5650
2004-08-20,EP,2004232N12228,Estelle,0.4475
2004-08-20,NA,2004227N12338,Danielle,0.3675
2004-08-21,EP,2004232N12228,Estelle,1.3250
2004-08-22,EP,2004232N12228,Estelle,0.7975
2004-08-23,EP,2004236N17250,Frank,0.6250
2004-08-24,EP,2004236N17250,Frank,2.0375
2004-08-25,EP,2004236N17250,Frank,1.0350
2004-08-25,NA,2004238N11325,Frances,0.1225
2004-08-26,EP,2004240N15254,Georgette,0.1225
2004-08-26,NA,2004238N11325,Frances,1.0875
2004-08-27,EP,2004240N15254,Georgette,0.9625
2004-08-27,NA,2004238N11325,Frances,2.8625
2004-08-28,EP,2004240N15254,Georgette,0.8575
2004-08-28,NA,2004238N11325,Frances,4.4250
2004-08-28,NA,2004241N32282,Gaston,0.5750
2004-08-29,EP,2004240N15254,Georgette,0.8575
2004-08-29,NA,2004238N11325,Frances,5.1775
2004-08-29,NA,2004241N29295,Hermine,0.2825
2004-08-29,NA,2004241N32282,Gaston,1.2875
2004-08-30,EP,2004240N15254,Georgette,0.1225
2004-08-30,NA,2004238N11325,Frances,4.3125
2004-08-30,NA,2004241N29295,Hermine,0.8150
2004-08-31,EP,2004244N12257,Howard,0.7350
2004-08-31,NA,2004238N11325,Frances,5.5350
2004-08-31,NA,2004241N29295,Hermine,0.2450
2004-08-31,NA,2004241N32282,Gaston,0.4900
2004-09-01,EP,2004244N12257,Howard,1.7775
2004-09-01,NA,2004238N11325,Frances,5.7600
2004-09-01,NA,2004241N32282,Gaston,0.3625
2004-09-02,EP,2004244N12257,Howard,4.5200
2004-09-02,NA,2004238N11325,Frances,5.7650
2004-09-03,EP,2004244N12257,Howard,3.7725
2004-09-03,NA,2004238N11325,Frances,3.8150
2004-09-03,NA,2004247N10332,Ivan,0.4850
2004-09-04,EP,2004244N12257,Howard,1.5225
2004-09-04,NA,2004238N11325,Frances,3.0650
2004-09-04,NA,2004247N10332,Ivan,1.0050
2004-09-05,EP,2004244N12257,Howard,0.1600
2004-09-05,NA,2004238N11325,Frances,2.7125
2004-09-05,NA,2004247N10332,Ivan,2.7150
2004-09-06,NA,2004238N11325,Frances,1.1575
2004-09-06,NA,2004247N10332,Ivan,4.5525
2004-09-07,NA,2004238N11325,Frances,0.1225
2004-09-07,NA,2004247N10332,Ivan,3.8150
2004-09-08,EP,2004252N15250,Isis,0.1225
2004-09-08,NA,2004247N10332,Ivan,5.6425
2004-09-09,EP,2004252N15250,Isis,0.4900
2004-09-09,NA,2004247N10332,Ivan,7.3000
2004-09-10,EP,2004252N15250,Isis,0.2825
2004-09-10,NA,2004247N10332,Ivan,6.2550
2004-09-11,EP,2004255N11267,Javier,0.2825
2004-09-11,NA,2004247N10332,Ivan,7.1775
2004-09-12,EP,2004252N15250,Isis,0.6875
2004-09-12,EP,2004255N11267,Javier,1.2875
2004-09-12,NA,2004247N10332,Ivan,7.4375
2004-09-13,EP,2004252N15250,Isis,0.8100
2004-09-13,EP,2004255N11267,Javier,3.9150
2004-09-13,NA,2004247N10332,Ivan,7.8400
2004-09-14,EP,2004252N15250,Isis,0.6450
2004-09-14,EP,2004255N11267,Javier,6.3775
2004-09-14,NA,2004247N10332,Ivan,6.9225
2004-09-14,NA,2004258N16300,Jeanne,0.3725
2004-09-15,EP,2004252N15250,Isis,1.3350
2004-09-15,EP,2004255N11267,Javier,5.7700
2004-09-15,NA,2004247N10332,Ivan,5.5250
2004-09-15,NA,2004258N16300,Jeanne,1.3250
2004-09-16,EP,2004252N15250,Isis,0.5050
2004-09-16,EP,2004255N11267,Javier,4.2100
2004-09-16,NA,2004247N10332,Ivan,3.0525
2004-09-16,NA,2004258N16300,Jeanne,1.6325
2004-09-16,NA,2004260N11331,Karl,0.1225
2004-09-17,EP,2004255N11267,Javier,3.7125
2004-09-17,NA,2004258N16300,Jeanne,0.9125
2004-09-17,NA,2004260N11331,Karl,1.0150
2004-09-18,EP,2004255N11267,Javier,1.4375
2004-09-18,NA,2004258N16300,Jeanne,0.7250
2004-09-18,NA,2004260N11331,Karl,2.9250
2004-09-19,NA,2004258N16300,Jeanne,0.6825
2004-09-19,NA,2004260N11331,Karl,4.2150
2004-09-20,NA,2004258N16300,Jeanne,1.4750
2004-09-20,NA,2004260N11331,Karl,4.9525
2004-09-20,NA,2004264N13328,Lisa,0.4100
2004-09-21,NA,2004258N16300,Jeanne,2.2500
2004-09-21,NA,2004260N11331,Karl,5.5450
2004-09-21,NA,2004264N13328,Lisa,1.3825
2004-09-22,NA,2004258N16300,Jeanne,2.8075
2004-09-22,NA,2004260N11331,Karl,3.5225
2004-09-22,NA,2004264N13328,Lisa,0.9575
2004-09-23,NA,2004247N10332,Ivan,0.6550
2004-09-23,NA,2004258N16300,Jeanne,2.6475
2004-09-23,NA,2004260N11331,Karl,4.0250
2004-09-23,NA,2004264N13328,Lisa,0.4850
2004-09-24,NA,2004258N16300,Jeanne,2.4150
2004-09-24,NA,2004260N11331,Karl,2.1150
2004-09-24,NA,2004264N13328,Lisa,0.2825
2004-09-25,NA,2004258N16300,Jeanne,3.6350
2004-09-25,NA,2004264N13328,Lisa,0.5275
2004-09-26,NA,2004258N16300,Jeanne,2.8700
2004-09-26,NA,2004264N13328,Lisa,1.0050
2004-09-27,NA,2004258N16300,Jeanne,0.4850
2004-09-27,NA,2004264N13328,Lisa,0.7675
2004-09-28,NA,2004264N13328,Lisa,0.8250
2004-09-29,NA,2004264N13328,Lisa,1.4400
2004-09-30,NA,2004264N13328,Lisa,1.1150
2004-10-01,NA,2004264N13328,Lisa,1.2725
2004-10-02,NA,2004264N13328,Lisa,1.5075
2004-10-03,NA,2004264N13328,Lisa,0.2500
2004-10-05,EP,2004279N14249,Kay,0.2825
2004-10-08,NA,2004283N24265,Matthew,0.1225
2004-10-09,NA,2004283N24265,Matthew,0.5650
2004-10-10,NA,2004283N24265,Matthew,0.3200
2004-10-10,NA,2004284N30295,Nicole,0.4800
2004-10-11,NA,2004284N30295,Nicole,0.7250
2004-10-12,EP,2004286N14263,Lester,0.1225
2004-10-13,EP,2004286N14263,Lester,0.4050
2004-11-29,NA,2004331N28320,Otto,0.3625
2004-11-30,NA,2004331N28320,Otto,0.7250
2004-12-01,NA,2004331N28320,Otto,0.6025
2004-12-02,NA,2004331N28320,Otto,0.2450
2005-05-18,EP,2005138N10265,Adrian,0.7350
2005-05-19,EP,2005138N10265,Adrian,1.3500
2005-05-20,EP,2005138N10265,Adrian,0.7325
2005-06-09,NA,2005160N17276,Arlene,0.3675
2005-06-10,NA,2005160N17276,Arlene,0.9150
2005-06-11,NA,2005160N17276,Arlene,1.2725
2005-06-22,EP,2005173N14258,Beatriz,0.2825
2005-06-23,EP,2005173N14258,Beatriz,0.6875
2005-06-26,EP,2005177N13263,Calvin,0.1225
2005-06-27,EP,2005177N13263,Calvin,0.6875
2005-06-28,EP,2005177N13263,Calvin,0.2825
2005-06-29,NA,2005180N20265,Bret,0.3675
2005-07-04,EP,2005185N15261,Dora,0.4425
2005-07-05,EP,2005185N15261,Dora,0.3675
2005-07-05,NA,2005185N18273,Cindy,0.6850
2005-07-05,NA,2005186N12299,Dennis,0.2825
2005-07-06,NA,2005185N18273,Cindy,0.8325
2005-07-06,NA,2005186N12299,Dennis,1.1150
2005-07-07,NA,2005186N12299,Dennis,2.9400
2005-07-08,NA,2005186N12299,Dennis,5.7800
2005-07-09,NA,2005186N12299,Dennis,3.0125
2005-07-10,NA,2005186N12299,Dennis,5.4225
2005-07-11,NA,2005186N12299,Dennis,0.2025
2005-07-12,NA,2005192N11318,Emily,0.6875
2005-07-13,NA,2005192N11318,Emily,0.9575
2005-07-14,NA,2005192N11318,Emily,2.7750
2005-07-15,NA,2005192N11318,Emily,4.7575
2005-07-16,NA,2005192N11318,Emily,6.1625
2005-07-17,NA,2005192N11318,Emily,7.0350
2005-07-18,EP,2005199N15256,Eugene,0.2450
2005-07-18,NA,2005192N11318,Emily,3.6075
2005-07-19,EP,2005199N15256,Eugene,0.9725
2005-07-19,NA,2005192N11318,Emily,2.5650
2005-07-20,EP,2005199N15256,Eugene,0.4100
2005-07-20,NA,2005192N11318,Emily,4.1200
2005-07-21,NA,2005192N11318,Emily,0.2025
2005-07-22,NA,2005203N25285,Franklin,0.7250
2005-07-23,NA,2005203N25285,Franklin,1.1725
2005-07-24,NA,2005203N25285,Franklin,1.0100
2005-07-24,NA,2005205N19267,Gert,0.3675
2005-07-25,NA,2005203N25285,Franklin,0.6400
2005-07-25,NA,2005205N19267,Gert,0.1600
2005-07-26,NA,2005203N25285,Franklin,0.4900
2005-07-27,NA,2005203N25285,Franklin,0.7250
2005-07-28,NA,2005203N25285,Franklin,0.9525
2005-07-29,NA,2005203N25285,Franklin,1.0000
2005-08-03,NA,2005215N28291,Harvey,0.6125
2005-08-04,NA,2005215N28291,Harvey,1.0525
2005-08-05,NA,2005215N28291,Harvey,1.0575
2005-08-06,NA,2005215N28291,Harvey,0.9525
2005-08-07,NA,2005215N28291,Harvey,0.9050
2005-08-07,NA,2005217N13327,Irene,0.2450
2005-08-08,NA,2005215N28291,Harvey,0.8100
2005-08-08,NA,2005217N13327,Irene,0.2450
2005-08-10,EP,2005222N14246,Fernanda,0.9300
2005-08-11,EP,2005222N14246,Fernanda,1.5700
2005-08-11,EP,2005223N13251,Greg,0.2825
2005-08-11,NA,2005217N13327,Irene,0.6875
2005-08-12,EP,2005222N14246,Fernanda,2.1775
2005-08-12,EP,2005223N13251,Greg,0.7250
2005-08-12,NA,2005217N13327,Irene,1.1100
2005-08-13,EP,2005222N14246,Fernanda,2.1100
2005-08-13,EP,2005223N13251,Greg,0.4900
2005-08-13,NA,2005217N13327,Irene,1.4400
2005-08-14,EP,2005222N14246,Fernanda,1.5025
2005-08-14,EP,2005223N13251,Greg,0.4425
2005-08-14,NA,2005217N13327,Irene,1.3250
2005-08-15,EP,2005222N14246,Fernanda,0.7700
2005-08-15,NA,2005217N13327,Irene,2.2550
2005-08-16,NA,2005217N13327,Irene,2.8125
2005-08-17,NA,2005217N13327,Irene,2.0475
2005-08-18,NA,2005217N13327,Irene,0.9700
2005-08-20,EP,2005232N13263,Hilary,0.7125
2005-08-21,EP,2005232N13263,Hilary,1.9650
2005-08-22,EP,2005232N13263,Hilary,3.1525
2005-08-22,NA,2005235N19266,Jose,0.1225
2005-08-23,EP,2005232N13263,Hilary,2.1825
2005-08-23,NA,2005235N19266,Jose,0.3250
2005-08-24,EP,2005232N13263,Hilary,1.5700
2005-08-24,NA,2005236N23285,Katrina,0.2825
2005-08-25,EP,2005232N13263,Hilary,0.4850
2005-08-25,NA,2005236N23285,Katrina,1.1150
2005-08-26,EP,2005238N17255,Irwin,0.6875
2005-08-26,NA,2005236N23285,Katrina,2.1975
2005-08-27,EP,2005238N17255,Irwin,0.5650
2005-08-27,NA,2005236N23285,Katrina,3.7125
2005-08-28,NA,2005236N23285,Katrina,6.9150
2005-08-29,NA,2005236N23285,Katrina,5.3725
2005-08-30,NA,2005236N23285,Katrina,0.4100
2005-08-31,NA,2005241N14315,Lee,0.2450
2005-09-02,NA,2005245N19315,Maria,0.2825
2005-09-03,NA,2005245N19315,Maria,0.9575
2005-09-04,NA,2005245N19315,Maria,1.7675
2005-09-05,NA,2005245N19315,Maria,2.7350
2005-09-06,NA,2005245N19315,Maria,3.0125
2005-09-06,NA,2005249N28293,Nate,0.7825
2005-09-07,NA,2005245N19315,Maria,2.0375
2005-09-07,NA,2005249N26281,Ophelia,0.4850
2005-09-07,NA,2005249N28293,Nate,1.5750
2005-09-08,NA,2005245N19315,Maria,1.7575
2005-09-08,NA,2005249N26281,Ophelia,1.1150
2005-09-08,NA,2005249N28293,Nate,2.2500
2005-09-09,NA,2005245N19315,Maria,1.2150
2005-09-09,NA,2005249N26281,Ophelia,1.4500
2005-09-09,NA,2005249N28293,Nate,1.8550
2005-09-10,NA,2005245N19315,Maria,0.5000
2005-09-10,NA,2005249N26281,Ophelia,1.6325
2005-09-10,NA,2005249N28293,Nate,0.7075
2005-09-11,NA,2005249N26281,Ophelia,1.9650
2005-09-12,NA,2005249N26281,Ophelia,1.3825
2005-09-13,NA,2005249N26281,Ophelia,1.4400
2005-09-14,NA,2005249N26281,Ophelia,2.0375
2005-09-15,EP,2005255N15246,Jova,0.7875
2005-09-15,EP,2005258N12242,Kenneth,0.7125
2005-09-15,NA,2005249N26281,Ophelia,1.8975
2005-09-16,EP,2005255N15246,Jova,1.8350
2005-09-16,EP,2005258N12242,Kenneth,2.1100
2005-09-16,NA,2005249N26281,Ophelia,1.2150
2005-09-17,EP,2005255N15246,Jova,2.8075
2005-09-17,EP,2005258N12242,Kenneth,4.2450
2005-09-17,EP,2005261N13245,Lidia,0.1225
2005-09-17,NA,2005249N26281,Ophelia,1.0525
2005-09-17,NA,2005261N13306,Philippe,0.1225
2005-09-18,EP,2005255N15246,Jova,3.0650
2005-09-18,EP,2005258N12242,Kenneth,5.0650
2005-09-18,EP,2005261N13245,Lidia,0.3675
2005-09-18,EP,2005261N14252,Max,0.1225
2005-09-18,NA,2005261N13306,Philippe,0.9150
2005-09-18,NA,2005261N21290,Rita,0.1225
2005-09-19,EP,2005255N15246,Jova,3.8150
2005-09-19,EP,2005258N12242,Kenneth,4.4450
2005-09-19,EP,2005261N14252,Max,0.9875
2005-09-19,NA,2005261N13306,Philippe,1.6900
2005-09-19,NA,2005261N21290,Rita,1.1150
2005-09-20,EP,2005255N15246,Jova,4.6250
2005-09-20,EP,2005258N12242,Kenneth,1.8550
2005-09-20,EP,2005261N14252,Max,1.7575
2005-09-20,NA,2005261N13306,Philippe,1.5750
2005-09-20,NA,2005261N21290,Rita,1.9325
2005-09-21,EP,2005255N15246,Jova,4.2050
2005-09-21,EP,2005258N12242,Kenneth,1.0050
2005-09-21,EP,2005261N14252,Max,1.2875
2005-09-21,NA,2005261N13306,Philippe,0.9150
2005-09-21,NA,2005261N21290,Rita,5.6550
2005-09-22,EP,2005255N15246,Jova,2.8425
2005-09-22,EP,2005258N12242,Kenneth,1.0575
2005-09-22,EP,2005261N14252,Max,0.2825
2005-09-22,NA,2005261N13306,Philippe,0.4900
2005-09-22,NA,2005261N21290,Rita,8.1750
2005-09-23,EP,2005255N15246,Jova,0.9875
2005-09-23,EP,2005258N12242,Kenneth,1.1575
2005-09-23,EP,2005266N15252,Norma,0.2825
2005-09-23,NA,2005261N13306,Philippe,0.2450
2005-09-23,NA,2005261N21290,Rita,5.2950
2005-09-24,EP,2005258N12242,Kenneth,1.0050
2005-09-24,EP,2005266N15252,Norma,0.8150
2005-09-24,NA,2005261N21290,Rita,2.7275
2005-09-25,EP,2005258N12242,Kenneth,1.6900
2005-09-25,EP,2005266N15252,Norma,0.8100
2005-09-25,NA,2005261N21290,Rita,0.1225
2005-09-26,EP,2005258N12242,Kenneth,1.5075
2005-09-26,EP,2005266N15252,Norma,0.4425
2005-09-27,EP,2005258N12242,Kenneth,1.0575
2005-09-28,EP,2005258N12242,Kenneth,0.7675
2005-09-29,EP,2005258N12242,Kenneth,0.2450
2005-09-29,EP,2005271N17255,Otis,0.4850
2005-09-30,EP,2005271N17255,Otis,1.7775
2005-10-01,EP,2005271N17255,Otis,2.7350
2005-10-02,EP,2005271N17255,Otis,1.4175
2005-10-02,NA,2005275N19274,Stan,0.4050
2005-10-03,EP,2005271N17255,Otis,0.3625
2005-10-03,NA,2005275N19274,Stan,0.5325
2005-10-04,NA,2005275N19274,Stan,1.4175
2005-10-04,NA,2005277N34328,Unnamed,0.3250
2005-10-05,NA,2005277N34328,Unnamed,0.2025
2005-10-05,NA,2005278N27280,Tammy,0.4850
2005-10-06,NA,2005278N27280,Tammy,0.3250
2005-10-08,NA,2005281N33339,Vince,0.5650
2005-10-09,NA,2005281N33339,Vince,1.1775
2005-10-10,NA,2005281N33339,Vince,0.9350
2005-10-17,NA,2005289N18282,Wilma,0.4850
2005-10-18,NA,2005289N18282,Wilma,1.6475
2005-10-19,NA,2005289N18282,Wilma,8.4600
2005-10-20,NA,2005289N18282,Wilma,6.8925
2005-10-21,NA,2005289N18282,Wilma,6.3825
2005-10-22,NA,2005289N18282,Wilma,4.3725
2005-10-22,NA,2005296N16293,Alpha,0.1225
2005-10-23,NA,2005289N18282,Wilma,2.9775
2005-10-23,NA,2005296N16293,Alpha,0.5275
2005-10-24,NA,2005289N18282,Wilma,4.1175
2005-10-25,NA,2005289N18282,Wilma,3.5825
2005-10-27,NA,2005300N10279,Beta,0.5750
2005-10-28,NA,2005300N10279,Beta,1.0000
2005-10-29,NA,2005300N10279,Beta,1.9750
2005-10-30,NA,2005300N10279,Beta,2.9225
2005-11-15,NA,2005318N13298,Gamma,0.2450
2005-11-18,NA,2005318N13298,Gamma,0.1225
2005-11-19,NA,2005318N13298,Gamma,0.6825
2005-11-20,NA,2005318N13298,Gamma,0.2825
2005-11-22,NA,2005324N27312,Delta,0.2025
2005-11-23,NA,2005324N27312,Delta,0.9050
2005-11-24,NA,2005324N27312,Delta,1.3250
2005-11-25,NA,2005324N27312,Delta,1.2150
2005-11-26,NA,2005324N27312,Delta,0.6075
2005-11-27,NA,2005324N27312,Delta,1.0450
2005-11-28,NA,2005324N27312,Delta,0.7200
2005-11-29,NA,2005333N32311,Epsilon,0.6075
2005-11-30,NA,2005333N32311,Epsilon,1.0050
2005-12-01,NA,2005333N32311,Epsilon,1.0525
2005-12-02,NA,2005333N32311,Epsilon,1.3875
2005-12-03,NA,2005333N32311,Epsilon,1.6900
2005-12-04,NA,2005333N32311,Epsilon,1.8250
2005-12-05,NA,2005333N32311,Epsilon,2.1050
2005-12-06,NA,2005333N32311,Epsilon,1.6900
2005-12-07,NA,2005333N32311,Epsilon,1.6275
2005-12-08,NA,2005333N32311,Epsilon,0.3725
2005-12-30,NA,2005364N24324,Zeta,0.5650
2005-12-31,NA,2005364N24324,Zeta,0.9050
2006-01-01,NA,2005364N24324,Zeta,1.0525
2006-01-02,NA,2005364N24324,Zeta,1.0050
2006-01-03,NA,2005364N24324,Zeta,1.2100
2006-01-04,NA,2005364N24324,Zeta,0.9150
2006-01-05,NA,2005364N24324,Zeta,0.4900
2006-01-06,NA,2005364N24324,Zeta,0.1225
2006-05-27,EP,2006147N15259,Aletta,0.1225
2006-05-28,EP,2006147N15259,Aletta,0.6025
2006-05-29,EP,2006147N15259,Aletta,0.4050
2006-06-11,NA,2006161N20275,Alberto,0.5650
2006-06-12,NA,2006161N20275,Alberto,1.0825
2006-06-13,NA,2006161N20275,Alberto,0.9875
2006-06-14,NA,2006161N20275,Alberto,0.1225
2006-07-11,EP,2006192N13250,Bud,0.7700
2006-07-12,EP,2006192N13250,Bud,2.7350
2006-07-12,EP,2006193N13258,Carlotta,0.5325
2006-07-13,EP,2006192N13250,Bud,4.0200
2006-07-13,EP,2006193N13258,Carlotta,1.8350
2006-07-14,EP,2006192N13250,Bud,1.3325
2006-07-14,EP,2006193N13258,Carlotta,1.7625
2006-07-15,EP,2006192N13250,Bud,0.1225
2006-07-15,EP,2006193N13258,Carlotta,1.5750
2006-07-16,EP,2006193N13258,Carlotta,0.3250
2006-07-17,EP,2006198N12252,Daniel,0.2825
2006-07-17,NA,2006198N37291,Unnamed,0.3625
2006-07-18,EP,2006198N12252,Daniel,1.2875
2006-07-18,NA,2006198N37291,Unnamed,0.2825
2006-07-18,NA,2006200N32287,Beryl,0.1225
2006-07-19,EP,2006198N12252,Daniel,2.4150
2006-07-19,NA,2006200N32287,Beryl,0.6550
2006-07-20,EP,2006198N12252,Daniel,4.1275
2006-07-20,NA,2006200N32287,Beryl,0.9525
2006-07-21,EP,2006198N12252,Daniel,5.7650
2006-07-21,NA,2006200N32287,Beryl,0.5650
2006-07-22,EP,2006198N12252,Daniel,6.6325
2006-07-22,EP,2006203N12257,Emilia,0.3675
2006-07-23,EP,2006198N12252,Daniel,5.1875
2006-07-23,EP,2006203N12257,Emilia,0.9150
2006-07-24,EP,2006198N12252,Daniel,2.8275
2006-07-24,EP,2006203N12257,Emilia,0.8575
2006-07-25,EP,2006198N12252,Daniel,1.0500
2006-07-25,EP,2006203N12257,Emilia,0.9525
2006-07-26,EP,2006203N12257,Emilia,1.1575
2006-07-27,EP,2006203N12257,Emilia,0.3250
2006-08-01,EP,2006213N13256,Gilma,0.2450
2006-08-01,EP,2006213N14239,Fabio,0.6075
2006-08-01,NA,2006213N16302,Chris,0.5325
2006-08-02,EP,2006213N13256,Gilma,0.1225
2006-08-02,EP,2006213N14239,Fabio,0.6875
2006-08-02,NA,2006213N16302,Chris,1.1050
2006-08-03,NA,2006213N16302,Chris,0.5325
2006-08-16,EP,2006228N13247,Hector,0.8350
2006-08-17,EP,2006228N13247,Hector,1.9850
2006-08-18,EP,2006228N13247,Hector,3.2450
2006-08-19,EP,2006228N13247,Hector,2.8225
2006-08-20,EP,2006228N10218,Ioke,0.3625
2006-08-20,EP,2006228N13247,Hector,1.6625
2006-08-21,EP,2006228N10218,Ioke,2.4750
2006-08-21,EP,2006228N13247,Hector,0.8100
2006-08-21,EP,2006234N12258,Ileana,0.1225
2006-08-22,EP,2006228N10218,Ioke,4.7775
2006-08-22,EP,2006228N13247,Hector,0.6075
2006-08-22,EP,2006234N12258,Ileana,1.2600
2006-08-23,EP,2006228N10218,Ioke,3.2400
2006-08-23,EP,2006234N12258,Ileana,3.7475
2006-08-23,NA,2006234N12338,Debby,0.6875
2006-08-24,EP,2006228N10218,Ioke,4.6950
2006-08-24,EP,2006234N12258,Ileana,3.5375
2006-08-24,NA,2006234N12338,Debby,0.8100
2006-08-25,EP,2006228N10218,Ioke,7.4425
2006-08-25,EP,2006234N12258,Ileana,2.1150
2006-08-25,NA,2006234N12338,Debby,0.6875
2006-08-25,NA,2006237N13298,Ernesto,0.2450
2006-08-26,EP,2006228N10218,Ioke,7.3000
2006-08-26,EP,2006234N12258,Ileana,1.0050
2006-08-26,NA,2006234N12338,Debby,0.1225
2006-08-26,NA,2006237N13298,Ernesto,0.9150
2006-08-27,EP,2006228N10218,Ioke,3.9200
2006-08-27,EP,2006234N12258,Ileana,0.2825
2006-08-27,NA,2006237N13298,Ernesto,1.2300
2006-08-28,EP,2006240N12265,John,0.2825
2006-08-28,NA,2006237N13298,Ernesto,0.5650
2006-08-29,EP,2006240N12265,John,2.0750
2006-08-29,NA,2006237N13298,Ernesto,0.6025
2006-08-30,EP,2006240N12265,John,4.7475
2006-08-30,EP,2006242N16246,Kristy,0.6750
2006-08-30,NA,2006237N13298,Ernesto,0.5650
2006-08-31,EP,2006240N12265,John,4.2300
2006-08-31,EP,2006242N16246,Kristy,1.6950
2006-08-31,NA,2006237N13298,Ernesto,0.9875
2006-09-01,EP,2006240N12265,John,3.7125
2006-09-01,EP,2006242N16246,Kristy,1.2350
2006-09-01,NA,2006237N13298,Ernesto,0.6100
2006-09-02,EP,2006240N12265,John,2.4750
2006-09-02,EP,2006242N16246,Kristy,0.4050
2006-09-03,EP,2006240N12265,John,0.7350
2006-09-03,EP,2006242N16246,Kristy,0.1225
2006-09-04,EP,2006242N16246,Kristy,0.1225
2006-09-05,EP,2006242N16246,Kristy,0.2450
2006-09-05,NA,2006247N14321,Florence,0.4050
2006-09-06,EP,2006242N16246,Kristy,0.2450
2006-09-06,NA,2006247N14321,Florence,0.7250
2006-09-07,NA,2006247N14321,Florence,0.7250
2006-09-08,NA,2006247N14321,Florence,0.6825
2006-09-09,NA,2006247N14321,Florence,1.0000
2006-09-10,NA,2006247N14321,Florence,2.0525
2006-09-11,NA,2006247N14321,Florence,2.2550
2006-09-11,NA,2006254N20306,Gordon,0.2825
2006-09-12,NA,2006247N14321,Florence,1.7575
2006-09-12,NA,2006254N20306,Gordon,1.0525
2006-09-13,NA,2006254N20306,Gordon,2.4550
2006-09-14,EP,2006257N16259,Lane,0.4850
2006-09-14,NA,2006254N20306,Gordon,4.4100
2006-09-14,NA,2006256N12338,Helene,0.5650
2006-09-15,EP,2006257N16259,Lane,1.5375
2006-09-15,NA,2006254N20306,Gordon,3.2650
2006-09-15,NA,2006256N12338,Helene,0.9150
2006-09-16,EP,2006257N16259,Lane,4.2300
2006-09-16,EP,2006259N17245,Miriam,0.2450
2006-09-16,NA,2006254N20306,Gordon,1.8975
2006-09-16,NA,2006256N12338,Helene,1.5650
2006-09-17,EP,2006257N16259,Lane,0.5450
2006-09-17,EP,2006259N17245,Miriam,0.6025
2006-09-17,NA,2006254N20306,Gordon,1.8250
2006-09-17,NA,2006256N12338,Helene,2.5025
2006-09-18,EP,2006259N17245,Miriam,0.1225
2006-09-18,NA,2006254N20306,Gordon,2.4875
2006-09-18,NA,2006256N12338,Helene,4.1075
2006-09-19,NA,2006254N20306,Gordon,2.7350
2006-09-19,NA,2006256N12338,Helene,3.5175
2006-09-20,NA,2006254N20306,Gordon,1.8250
2006-09-20,NA,2006256N12338,Helene,3.0700
2006-09-21,NA,2006256N12338,Helene,2.3275
2006-09-22,NA,2006256N12338,Helene,2.0325
2006-09-23,NA,2006256N12338,Helene,2.4050
2006-09-24,NA,2006256N12338,Helene,1.3350
2006-09-28,NA,2006271N26307,Isaac,0.4425
2006-09-29,NA,2006271N26307,Isaac,0.7725
2006-09-30,NA,2006271N26307,Isaac,1.6325
2006-10-01,NA,2006271N26307,Isaac,2.1050
2006-10-02,NA,2006271N26307,Isaac,1.5075
2006-10-09,EP,2006282N14243,Norman,0.2825
2006-10-10,EP,2006282N14243,Norman,0.4850
2006-10-10,EP,2006283N13232,Olivia,0.4425
2006-10-11,EP,2006283N13232,Olivia,0.2825
2006-10-21,EP,2006294N16254,Paul,0.3250
2006-10-22,EP,2006294N16254,Paul,0.9100
2006-10-23,EP,2006294N16254,Paul,2.7350
2006-10-24,EP,2006294N16254,Paul,1.4900
2006-10-25,EP,2006294N16254,Paul,0.6025
2006-11-09,EP,2006312N13256,Rosa,0.3675
2006-11-14,EP,2006318N12256,Sergio,0.3725
2006-11-15,EP,2006318N12256,Sergio,2.2050
2006-11-16,EP,2006318N12256,Sergio,2.8325
2006-11-17,EP,2006318N12256,Sergio,1.2600
2006-11-18,EP,2006318N12256,Sergio,0.7675
2006-11-19,EP,2006318N12256,Sergio,0.5650
2007-05-09,NA,2007127N36286,Andrea,0.6125
2007-05-10,NA,2007127N36286,Andrea,0.2825
2007-05-29,EP,2007147N13249,Alvin,0.4900
2007-05-30,EP,2007147N13249,Alvin,0.1225
2007-05-30,EP,2007150N14263,Barbara,0.2825
2007-05-31,EP,2007150N14263,Barbara,0.5650
2007-06-01,EP,2007150N14263,Barbara,0.5275
2007-06-01,NA,2007151N18273,Barry,0.1600
2007-06-02,EP,2007150N14263,Barbara,0.6075
2007-06-02,NA,2007151N18273,Barry,0.6125
2007-07-15,EP,2007196N11234,Cosme,0.1225
2007-07-16,EP,2007196N11234,Cosme,1.2875
2007-07-17,EP,2007196N11234,Cosme,0.9875
2007-07-18,EP,2007196N11234,Cosme,0.3675
2007-07-24,EP,2007203N13255,Dalila,0.6075
2007-07-25,EP,2007203N13255,Dalila,0.9050
2007-07-26,EP,2007203N13255,Dalila,0.7675
2007-07-27,EP,2007203N13255,Dalila,0.1225
2007-07-31,NA,2007212N36294,Chantal,0.5275
2007-08-01,EP,2007213N13238,Erick,0.4900
2007-08-01,NA,2007212N36294,Chantal,0.2025
2007-08-09,EP,2007221N13234,Flossie,0.8300
2007-08-10,EP,2007221N13234,Flossie,1.7925
2007-08-11,EP,2007221N13234,Flossie,4.4550
2007-08-12,EP,2007221N13234,Flossie,5.7600
2007-08-13,EP,2007221N13234,Flossie,5.4075
2007-08-14,EP,2007221N13234,Flossie,3.9225
2007-08-14,NA,2007225N12331,Dean,0.2825
2007-08-15,EP,2007221N13234,Flossie,1.5550
2007-08-15,NA,2007225N12331,Dean,1.0525
2007-08-15,NA,2007227N24269,Erin,0.1225
2007-08-16,EP,2007221N13234,Flossie,0.1225
2007-08-16,NA,2007225N12331,Dean,2.1300
2007-08-16,NA,2007227N24269,Erin,0.2450
2007-08-17,NA,2007225N12331,Dean,3.3000
2007-08-18,NA,2007225N12331,Dean,7.4575
2007-08-19,NA,2007225N12331,Dean,6.0050
2007-08-20,NA,2007225N12331,Dean,6.7650
2007-08-21,NA,2007225N12331,Dean,6.1250
2007-08-22,NA,2007225N12331,Dean,2.1150
2007-08-29,EP,2007242N19251,Gil,0.1225
2007-08-30,EP,2007242N19251,Gil,0.6025
2007-08-31,EP,2007242N13264,Henriette,0.2825
2007-08-31,EP,2007242N19251,Gil,0.5275
2007-09-01,EP,2007242N13264,Henriette,0.8575
2007-09-01,NA,2007244N12303,Felix,0.8925
2007-09-02,EP,2007242N13264,Henriette,1.1575
2007-09-02,NA,2007244N12303,Felix,3.2775
2007-09-03,EP,2007242N13264,Henriette,1.3250
2007-09-03,NA,2007244N12303,Felix,7.7825
2007-09-04,EP,2007242N13264,Henriette,1.8350
2007-09-04,NA,2007244N12303,Felix,5.8275
2007-09-05,EP,2007242N13264,Henriette,1.6900
2007-09-05,NA,2007244N12303,Felix,0.2500
2007-09-06,EP,2007242N13264,Henriette,0.3600
2007-09-08,NA,2007251N30288,Gabrielle,0.5650
2007-09-09,NA,2007251N30288,Gabrielle,0.8150
2007-09-10,NA,2007251N30288,Gabrielle,0.1600
2007-09-12,NA,2007255N27265,Humberto,0.3250
2007-09-13,NA,2007255N13316,Ingrid,0.3675
2007-09-13,NA,2007255N27265,Humberto,1.4875
2007-09-14,NA,2007255N13316,Ingrid,0.5650
2007-09-15,NA,2007255N13316,Ingrid,0.3675
2007-09-19,EP,2007261N13254,Ivo,1.0725
2007-09-20,EP,2007261N13254,Ivo,1.7575
2007-09-21,EP,2007261N13254,Ivo,1.7625
2007-09-22,EP,2007261N13254,Ivo,0.8775
2007-09-23,NA,2007266N36314,Jerry,0.3675
2007-09-24,NA,2007266N36314,Jerry,0.3675
2007-09-25,NA,2007268N10324,Karen,0.3675
2007-09-26,NA,2007268N10324,Karen,1.2550
2007-09-27,NA,2007268N10324,Karen,1.2150
2007-09-27,NA,2007269N22265,Lorenzo,0.5625
2007-09-28,NA,2007268N10324,Karen,0.6550
2007-09-28,NA,2007269N22265,Lorenzo,0.9125
2007-09-29,EP,2007272N15251,Juliette,0.2450
2007-09-29,NA,2007268N10324,Karen,0.1225
2007-09-29,NA,2007271N14334,Melissa,0.3675
2007-09-30,EP,2007272N15251,Juliette,0.7825
2007-09-30,NA,2007271N14334,Melissa,0.1225
2007-10-01,EP,2007272N15251,Juliette,0.6875
2007-10-16,EP,2007288N15251,Kiko,0.1225
2007-10-17,EP,2007288N15251,Kiko,0.3675
2007-10-18,EP,2007288N15251,Kiko,0.4900
2007-10-19,EP,2007288N15251,Kiko,0.6075
2007-10-20,EP,2007288N15251,Kiko,1.1150
2007-10-21,EP,2007288N15251,Kiko,1.1725
2007-10-22,EP,2007288N15251,Kiko,0.6450
2007-10-28,NA,2007297N18300,Noel,0.4100
2007-10-29,NA,2007297N18300,Noel,0.8150
2007-10-30,NA,2007297N18300,Noel,0.7350
2007-10-31,NA,2007297N18300,Noel,0.6500
2007-11-01,NA,2007297N18300,Noel,1.0525
2007-11-02,NA,2007297N18300,Noel,1.9600
2007-12-11,NA,2007345N18298,Olga,0.7350
2007-12-12,NA,2007345N18298,Olga,0.5325
2008-05-29,EP,2008150N10274,Alma,0.6275
2008-05-30,EP,2008150N10274,Alma,0.2025
2008-05-31,NA,2008152N18273,Arthur,0.5275
2008-06-01,NA,2008152N18273,Arthur,0.2450
2008-06-27,EP,2008179N12252,Boris,0.3250
2008-06-28,EP,2008179N12252,Boris,0.9050
2008-06-28,EP,2008180N14238,Cristina,0.3250
2008-06-29,EP,2008179N12252,Boris,0.9575
2008-06-29,EP,2008180N14238,Cristina,0.7250
2008-06-30,EP,2008179N12252,Boris,1.4400
2008-06-30,EP,2008180N14238,Cristina,0.3200
2008-07-01,EP,2008179N12252,Boris,1.6275
2008-07-02,EP,2008179N12252,Boris,1.6375
2008-07-02,EP,2008184N15254,Douglas,0.2450
2008-07-03,EP,2008179N12252,Boris,0.7825
2008-07-03,EP,2008184N15254,Douglas,0.3675
2008-07-03,NA,2008185N13337,Bertha,0.2450
2008-07-04,NA,2008185N13337,Bertha,0.7250
2008-07-05,NA,2008185N13337,Bertha,0.8100
2008-07-06,NA,2008185N13337,Bertha,0.8100
2008-07-07,NA,2008185N13337,Bertha,2.3650
2008-07-08,NA,2008185N13337,Bertha,3.5775
2008-07-09,NA,2008185N13337,Bertha,2.0575
2008-07-10,NA,2008185N13337,Bertha,2.8225
2008-07-11,NA,2008185N13337,Bertha,2.3275
2008-07-12,EP,2008194N11266,Elida,0.5275
2008-07-12,NA,2008185N13337,Bertha,2.2650
2008-07-13,EP,2008194N11266,Elida,1.1050
2008-07-13,NA,2008185N13337,Bertha,1.5075
2008-07-14,EP,2008194N11266,Elida,1.6475
2008-07-14,NA,2008185N13337,Bertha,1.2675
2008-07-15,EP,2008194N11266,Elida,1.9650
2008-07-15,NA,2008185N13337,Bertha,1.4400
2008-07-16,EP,2008194N11266,Elida,2.2850
2008-07-16,EP,2008198N10265,Fausto,0.2450
2008-07-16,NA,2008185N13337,Bertha,1.4400
2008-07-17,EP,2008194N11266,Elida,2.6625
2008-07-17,EP,2008198N10265,Fausto,0.9625
2008-07-17,NA,2008185N13337,Bertha,1.0525
2008-07-18,EP,2008194N11266,Elida,1.1350
2008-07-18,EP,2008198N10265,Fausto,1.5650
2008-07-18,NA,2008185N13337,Bertha,1.2775
2008-07-19,EP,2008194N11266,Elida,0.1225
2008-07-19,EP,2008198N10265,Fausto,2.1775
2008-07-19,NA,2008185N13337,Bertha,1.6900
2008-07-19,NA,2008201N32280,Cristobal,0.3250
2008-07-20,EP,2008198N10265,Fausto,2.4050
2008-07-20,NA,2008185N13337,Bertha,0.7200
2008-07-20,NA,2008201N32280,Cristobal,0.8100
2008-07-20,NA,2008203N18276,Dolly,0.3200
2008-07-21,EP,2008198N10265,Fausto,2.0525
2008-07-21,EP,2008204N13260,Genevieve,0.1225
2008-07-21,NA,2008201N32280,Cristobal,1.0575
2008-07-21,NA,2008203N18276,Dolly,0.8100
2008-07-22,EP,2008198N10265,Fausto,0.7125
2008-07-22,EP,2008204N13260,Genevieve,0.7825
2008-07-22,NA,2008201N32280,Cristobal,1.1575
2008-07-22,NA,2008203N18276,Dolly,1.0675
2008-07-23,EP,2008204N13260,Genevieve,1.1575
2008-07-23,NA,2008201N32280,Cristobal,0.3625
2008-07-23,NA,2008203N18276,Dolly,2.1975
2008-07-24,EP,2008204N13260,Genevieve,0.8575
2008-07-24,NA,2008203N18276,Dolly,1.0500
2008-07-25,EP,2008204N13260,Genevieve,1.3975
2008-07-26,EP,2008204N13260,Genevieve,1.2350
2008-07-27,EP,2008204N13260,Genevieve,0.1225
2008-08-04,NA,2008217N28273,Edouard,0.6825
2008-08-05,NA,2008217N28273,Edouard,1.0150
2008-08-07,EP,2008218N10224,Kika,0.3675
2008-08-07,EP,2008220N12250,Hernan,0.8775
2008-08-08,EP,2008218N10224,Kika,0.3675
2008-08-08,EP,2008220N12250,Hernan,1.6475
2008-08-09,EP,2008218N10224,Kika,0.3675
2008-08-09,EP,2008220N12250,Hernan,3.6550
2008-08-10,EP,2008218N10224,Kika,0.4900
2008-08-10,EP,2008220N12250,Hernan,3.0125
2008-08-11,EP,2008220N12250,Hernan,2.0375
2008-08-12,EP,2008220N12250,Hernan,0.9150
2008-08-13,EP,2008227N16255,Iselle,0.1225
2008-08-14,EP,2008227N16255,Iselle,0.6825
2008-08-15,EP,2008227N16255,Iselle,0.6025
2008-08-15,NA,2008229N18293,Fay,0.1225
2008-08-16,NA,2008229N18293,Fay,0.6400
2008-08-17,NA,2008229N18293,Fay,0.8100
2008-08-18,NA,2008229N18293,Fay,0.9050
2008-08-19,NA,2008229N18293,Fay,1.2150
2008-08-20,NA,2008229N18293,Fay,0.9575
2008-08-21,NA,2008229N18293,Fay,1.0525
2008-08-22,NA,2008229N18293,Fay,0.8625
2008-08-23,EP,2008237N18253,Julio,0.1225
2008-08-23,NA,2008229N18293,Fay,0.7250
2008-08-24,EP,2008237N18253,Julio,0.7250
2008-08-25,EP,2008237N18253,Julio,0.5275
2008-08-25,NA,2008238N13293,Gustav,0.3725
2008-08-26,NA,2008238N13293,Gustav,2.0525
2008-08-27,NA,2008238N13293,Gustav,0.8575
2008-08-28,NA,2008238N13293,Gustav,1.0825
2008-08-28,NA,2008241N19303,Hanna,0.2450
2008-08-29,NA,2008238N13293,Gustav,1.3350
2008-08-29,NA,2008241N19303,Hanna,0.7675
2008-08-30,NA,2008238N13293,Gustav,4.0575
2008-08-30,NA,2008241N19303,Hanna,0.8100
2008-08-31,NA,2008238N13293,Gustav,4.4450
2008-08-31,NA,2008241N19303,Hanna,0.7725
2008-09-01,NA,2008238N13293,Gustav,3.4300
2008-09-01,NA,2008241N19303,Hanna,1.3025
2008-09-01,NA,2008245N17323,Ike,0.3250
2008-09-02,EP,2008246N19250,Karina,0.2450
2008-09-02,NA,2008238N13293,Gustav,0.5200
2008-09-02,NA,2008241N19303,Hanna,1.6475
2008-09-02,NA,2008245N17323,Ike,0.9575
2008-09-02,NA,2008246N12338,Josephine,0.4475
2008-09-03,NA,2008241N19303,Hanna,1.0050
2008-09-03,NA,2008245N17323,Ike,1.5275
2008-09-03,NA,2008246N12338,Josephine,1.1575
2008-09-04,NA,2008241N19303,Hanna,1.2675
2008-09-04,NA,2008245N17323,Ike,5.4275
2008-09-04,NA,2008246N12338,Josephine,0.8625
2008-09-05,NA,2008241N19303,Hanna,1.2675
2008-09-05,NA,2008245N17323,Ike,4.7475
2008-09-05,NA,2008246N12338,Josephine,0.6025
2008-09-06,NA,2008241N19303,Hanna,1.1250
2008-09-06,NA,2008245N17323,Ike,4.2250
2008-09-07,EP,2008251N15256,Lowell,0.6875
2008-09-07,NA,2008241N19303,Hanna,0.2025
2008-09-07,NA,2008245N17323,Ike,4.9575
2008-09-08,EP,2008251N15256,Lowell,0.7250
2008-09-08,NA,2008245N17323,Ike,3.6075
2008-09-09,EP,2008251N15256,Lowell,0.6400
2008-09-09,NA,2008245N17323,Ike,1.8925
2008-09-10,EP,2008251N15256,Lowell,0.1225
2008-09-10,NA,2008245N17323,Ike,2.2750
2008-09-11,NA,2008245N17323,Ike,2.8900
2008-09-12,NA,2008245N17323,Ike,3.3375
2008-09-13,NA,2008245N17323,Ike,2.7775
2008-09-14,NA,2008245N17323,Ike,0.2450
2008-09-25,NA,2008269N21290,Kyle,0.4425
2008-09-26,NA,2008269N21290,Kyle,0.9525
2008-09-27,NA,2008269N21290,Kyle,1.5750
2008-09-28,NA,2008269N21290,Kyle,2.0325
2008-09-29,NA,2008269N21290,Kyle,0.4225
2008-09-29,NA,2008270N39325,Laura,0.7500
2008-09-30,NA,2008270N39325,Laura,1.0000
2008-10-01,EP,2008275N16245,Marie,0.4050
2008-10-01,NA,2008270N39325,Laura,0.4050
2008-10-02,EP,2008275N16245,Marie,0.8100
2008-10-03,EP,2008275N16245,Marie,1.2350
2008-10-04,EP,2008275N16245,Marie,1.7050
2008-10-05,EP,2008275N16245,Marie,0.6450
2008-10-05,EP,2008278N13261,Norbert,0.7825
2008-10-06,EP,2008275N16245,Marie,0.2450
2008-10-06,EP,2008278N13261,Norbert,1.2150
2008-10-06,NA,2008280N18268,Marco,0.4100
2008-10-07,EP,2008278N13261,Norbert,1.8350
2008-10-07,NA,2008280N18268,Marco,0.9075
2008-10-08,EP,2008278N13261,Norbert,4.3425
2008-10-09,EP,2008278N13261,Norbert,3.4225
2008-10-09,EP,2008283N12271,Odile,0.5275
2008-10-10,EP,2008278N13261,Norbert,2.1825
2008-10-10,EP,2008283N12271,Odile,0.9525
2008-10-11,EP,2008278N13261,Norbert,3.5225
2008-10-11,EP,2008283N12271,Odile,0.9525
2008-10-12,EP,2008278N13261,Norbert,1.0625
2008-10-12,EP,2008283N12271,Odile,0.1225
2008-10-12,NA,2008286N16323,Nana,0.2450
2008-10-13,NA,2008286N16323,Nana,0.2450
2008-10-14,NA,2008287N15291,Omar,0.8925
2008-10-15,NA,2008287N15291,Omar,2.1150
2008-10-16,NA,2008287N15291,Omar,3.5250
2008-10-17,NA,2008287N15291,Omar,1.8975
2008-10-18,NA,2008287N15291,Omar,0.5525
2008-11-03,EP,2008308N08252,Polo,0.5650
2008-11-04,EP,2008308N08252,Polo,0.5650
2008-11-06,NA,2008311N14278,Paloma,0.5850
2008-11-07,NA,2008311N14278,Paloma,2.0475
2008-11-08,NA,2008311N14278,Paloma,5.3350
2008-11-09,NA,2008311N14278,Paloma,1.2350
2009-06-21,EP,2009171N15264,Andres,0.1225
2009-06-22,EP,2009171N15264,Andres,0.9150
2009-06-23,EP,2009171N15264,Andres,1.7625
2009-06-24,EP,2009171N15264,Andres,0.5050
2009-07-06,EP,2009185N13260,Blanca,0.2825
2009-07-07,EP,2009185N13260,Blanca,0.7250
2009-07-08,EP,2009185N13260,Blanca,0.2825
2009-07-10,EP,2009190N09254,Carlos,0.1225
2009-07-11,EP,2009190N09254,Carlos,1.2350
2009-07-12,EP,2009190N09254,Carlos,2.1100
2009-07-13,EP,2009190N09254,Carlos,0.9575
2009-07-14,EP,2009190N09254,Carlos,1.8075
2009-07-15,EP,2009190N09254,Carlos,2.4850
2009-07-15,EP,2009194N11257,Dolores,0.2825
2009-07-16,EP,2009190N09254,Carlos,0.2025
2009-07-16,EP,2009194N11257,Dolores,0.6125
2009-07-30,EP,2009210N11231,Lana,0.1225
2009-07-31,EP,2009210N11231,Lana,1.0050
2009-08-01,EP,2009210N11231,Lana,0.8575
2009-08-02,EP,2009210N11231,Lana,0.4425
2009-08-04,EP,2009215N10242,Felicia,1.0500
2009-08-04,EP,2009215N13252,Enrique,0.9300
2009-08-05,EP,2009215N10242,Felicia,3.6075
2009-08-05,EP,2009215N13252,Enrique,0.8575
2009-08-06,EP,2009215N10242,Felicia,5.8875
2009-08-06,EP,2009215N13252,Enrique,0.6875
2009-08-07,EP,2009215N10242,Felicia,4.3275
2009-08-08,EP,2009215N10242,Felicia,2.7350
2009-08-09,EP,2009215N10242,Felicia,1.6625
2009-08-10,EP,2009215N10242,Felicia,0.7250
2009-08-11,EP,2009215N10242,Felicia,0.2450
2009-08-11,EP,2009221N10201,Maka,0.2450
2009-08-12,NA,2009222N14336,Ana,0.2450
2009-08-13,EP,2009222N09262,Guillermo,0.9875
2009-08-14,EP,2009222N09262,Guillermo,1.9950
2009-08-15,EP,2009222N09262,Guillermo,4.1125
2009-08-15,NA,2009222N14336,Ana,0.3675
2009-08-15,NA,2009227N12328,Bill,0.1225
2009-08-16,EP,2009222N09262,Guillermo,2.9975
2009-08-16,NA,2009222N14336,Ana,0.2450
2009-08-16,NA,2009227N12328,Bill,0.8350
2009-08-16,NA,2009228N27277,Claudette,0.3725
2009-08-17,EP,2009222N09262,Guillermo,1.1775
2009-08-17,NA,2009227N12328,Bill,1.9850
2009-08-17,NA,2009228N27277,Claudette,0.3625
2009-08-18,EP,2009222N09262,Guillermo,0.8100
2009-08-18,NA,2009227N12328,Bill,3.4350
2009-08-19,EP,2009222N09262,Guillermo,0.4050
2009-08-19,NA,2009227N12328,Bill,5.0700
2009-08-20,NA,2009227N12328,Bill,4.9575
2009-08-21,NA,2009227N12328,Bill,4.2150
2009-08-22,EP,2009233N13230,Hilda,0.1225
2009-08-22,NA,2009227N12328,Bill,2.9825
2009-08-23,EP,2009233N13230,Hilda,0.6450
2009-08-23,NA,2009227N12328,Bill,2.1150
2009-08-24,EP,2009233N13230,Hilda,1.1575
2009-08-24,NA,2009227N12328,Bill,0.7825
2009-08-25,EP,2009233N13230,Hilda,0.9525
2009-08-25,EP,2009235N14252,Ignacio,0.6875
2009-08-26,EP,2009233N13230,Hilda,0.6025
2009-08-26,EP,2009235N14252,Ignacio,0.7675
2009-08-26,NA,2009238N24290,Danny,0.3625
2009-08-27,EP,2009235N14252,Ignacio,0.1225
2009-08-27,NA,2009238N24290,Danny,0.9525
2009-08-28,NA,2009238N24290,Danny,0.5275
2009-08-29,EP,2009239N10253,Kevin,0.1225
2009-08-29,EP,2009239N12270,Jimena,1.2475
2009-08-29,NA,2009238N24290,Danny,0.1225
2009-08-30,EP,2009239N10253,Kevin,0.7250
2009-08-30,EP,2009239N12270,Jimena,4.6750
2009-08-31,EP,2009239N10253,Kevin,0.1225
2009-08-31,EP,2009239N12270,Jimena,6.1425
2009-09-01,EP,2009239N12270,Jimena,6.3975
2009-09-01,NA,2009245N17303,Erika,0.2025
2009-09-02,EP,2009239N12270,Jimena,3.4550
2009-09-02,NA,2009245N17303,Erika,0.6500
2009-09-03,EP,2009239N12270,Jimena,1.0350
2009-09-03,NA,2009245N17303,Erika,0.4425
2009-09-04,EP,2009239N12270,Jimena,0.1225
2009-09-07,EP,2009246N12250,Linda,0.2825
2009-09-08,EP,2009246N12250,Linda,0.9525
2009-09-08,NA,2009251N12336,Fred,0.9875
2009-09-09,EP,2009246N12250,Linda,1.3875
2009-09-09,NA,2009251N12336,Fred,3.4025
2009-09-10,EP,2009246N12250,Linda,1.8925
2009-09-10,NA,2009251N12336,Fred,3.0750
2009-09-11,EP,2009246N12250,Linda,0.7875
2009-09-11,NA,2009251N12336,Fred,1.9275
2009-09-12,NA,2009251N12336,Fred,0.5325
2009-09-16,EP,2009257N14256,Marty,0.2825
2009-09-17,EP,2009257N14256,Marty,0.6400
2009-09-18,EP,2009257N14256,Marty,0.3675
2009-09-23,EP,2009264N13252,Nora,0.4850
2009-09-24,EP,2009264N13252,Nora,0.8150
2009-10-01,EP,2009271N15257,Olaf,0.1225
2009-10-02,EP,2009271N15257,Olaf,0.6025
2009-10-03,EP,2009271N15257,Olaf,0.1225
2009-10-04,NA,2009271N46317,Grace,0.6125
2009-10-05,NA,2009271N46317,Grace,1.1575
2009-10-06,NA,2009271N46317,Grace,0.2025
2009-10-06,NA,2009279N15311,Henri,0.3675
2009-10-07,NA,2009279N15311,Henri,0.7250
2009-10-08,NA,2009279N15311,Henri,0.1225
2009-10-12,EP,2009282N16252,Patricia,0.7825
2009-10-13,EP,2009282N16252,Patricia,0.8625
2009-10-14,EP,2009282N16252,Patricia,0.1225
2009-10-16,EP,2009288N07267,Rick,1.2600
2009-10-17,EP,2009288N07267,Rick,4.8875
2009-10-18,EP,2009288N07267,Rick,9.0150
2009-10-19,EP,2009288N07267,Rick,4.2375
2009-10-19,EP,2009289N12230,Neki,0.2450
2009-10-20,EP,2009288N07267,Rick,1.3875
2009-10-20,EP,2009289N12230,Neki,0.9450
2009-10-21,EP,2009288N07267,Rick,0.8550
2009-10-21,EP,2009289N12230,Neki,2.7950
2009-10-22,EP,2009289N12230,Neki,4.1225
2009-10-23,EP,2009289N12230,Neki,2.2125
2009-10-24,EP,2009289N12230,Neki,1.1050
2009-10-25,EP,2009289N12230,Neki,0.9050
2009-10-26,EP,2009289N12230,Neki,0.4050
2009-11-04,NA,2009308N11279,Ida,0.3250
2009-11-05,NA,2009308N11279,Ida,1.4650
2009-11-06,NA,2009308N11279,Ida,0.1225
2009-11-07,NA,2009308N11279,Ida,0.7850
2009-11-08,NA,2009308N11279,Ida,2.5750
2009-11-09,NA,2009308N11279,Ida,2.2325
2009-11-10,NA,2009308N11279,Ida,0.6100
2010-05-29,EP,2010149N13266,Agatha,0.4050
2010-05-30,EP,2010149N13266,Agatha,0.1225
2010-06-17,EP,2010166N15255,Blas,0.2825
2010-06-18,EP,2010166N15255,Blas,0.6400
2010-06-19,EP,2010166N15255,Blas,1.0575
2010-06-19,EP,2010169N13266,Celia,0.2825
2010-06-20,EP,2010166N15255,Blas,0.7350
2010-06-20,EP,2010169N13266,Celia,1.3350
2010-06-21,EP,2010169N13266,Celia,1.8975
2010-06-22,EP,2010169N13266,Celia,2.8075
2010-06-23,EP,2010169N13266,Celia,2.8275
2010-06-23,EP,2010172N08272,Darby,0.6275
2010-06-24,EP,2010169N13266,Celia,3.9425
2010-06-24,EP,2010172N08272,Darby,1.8350
2010-06-25,EP,2010169N13266,Celia,6.6925
2010-06-25,EP,2010172N08272,Darby,3.5525
2010-06-26,EP,2010169N13266,Celia,3.0225
2010-06-26,EP,2010172N08272,Darby,3.6250
2010-06-26,NA,2010176N16278,Alex,0.6225
2010-06-27,EP,2010169N13266,Celia,0.9150
2010-06-27,EP,2010172N08272,Darby,1.2600
2010-06-27,NA,2010176N16278,Alex,0.9300
2010-06-28,EP,2010169N13266,Celia,0.3675
2010-06-28,EP,2010172N08272,Darby,0.2450
2010-06-28,NA,2010176N16278,Alex,0.8200
2010-06-29,NA,2010176N16278,Alex,1.3250
2010-06-30,NA,2010176N16278,Alex,2.1150
2010-07-01,NA,2010176N16278,Alex,1.8925
2010-07-23,NA,2010203N22286,Bonnie,0.4050
2010-08-03,NA,2010215N13319,Colin,0.2450
2010-08-05,NA,2010215N13319,Colin,0.3625
2010-08-06,EP,2010217N15265,Estelle,0.2825
2010-08-06,NA,2010215N13319,Colin,0.7300
2010-08-07,EP,2010217N15265,Estelle,0.9050
2010-08-07,NA,2010215N13319,Colin,0.5275
2010-08-08,EP,2010217N15265,Estelle,1.0575
2010-08-09,EP,2010217N15265,Estelle,0.4050
2010-08-22,EP,2010234N14267,Frank,0.4100
2010-08-22,NA,2010234N11329,Danielle,0.3675
2010-08-23,EP,2010234N14267,Frank,0.9050
2010-08-23,NA,2010234N11329,Danielle,1.1775
2010-08-24,EP,2010234N14267,Frank,1.0575
2010-08-24,NA,2010234N11329,Danielle,2.1150
2010-08-25,EP,2010234N14267,Frank,1.5650
2010-08-25,NA,2010234N11329,Danielle,2.0325
2010-08-25,NA,2010236N12341,Earl,0.2450
2010-08-26,EP,2010234N14267,Frank,2.1825
2010-08-26,NA,2010234N11329,Danielle,2.8950
2010-08-26,NA,2010236N12341,Earl,0.6025
2010-08-27,EP,2010234N14267,Frank,1.7775
2010-08-27,NA,2010234N11329,Danielle,4.6450
2010-08-27,NA,2010236N12341,Earl,0.6400
2010-08-28,EP,2010234N14267,Frank,0.3250
2010-08-28,NA,2010234N11329,Danielle,3.7175
2010-08-28,NA,2010236N12341,Earl,0.9525
2010-08-29,NA,2010234N11329,Danielle,2.4875
2010-08-29,NA,2010236N12341,Earl,1.5900
2010-08-30,NA,2010234N11329,Danielle,1.6950
2010-08-30,NA,2010236N12341,Earl,4.0500
2010-08-30,NA,2010242N14318,Fiona,0.1225
2010-08-31,NA,2010236N12341,Earl,5.2900
2010-08-31,NA,2010242N14318,Fiona,0.5275
2010-09-01,NA,2010236N12341,Earl,4.8450
2010-09-01,NA,2010242N14318,Fiona,1.0050
2010-09-01,NA,2010244N12328,Gaston,0.2450
2010-09-02,NA,2010236N12341,Earl,5.3250
2010-09-02,NA,2010242N14318,Fiona,0.8575
2010-09-03,NA,2010236N12341,Earl,2.5850
2010-09-03,NA,2010242N14318,Fiona,0.5650
2010-09-04,NA,2010236N12341,Earl,1.5650
2010-09-06,NA,2010247N15266,Hermine,0.6125
2010-09-07,NA,2010247N15266,Hermine,0.9675
2010-09-08,NA,2010251N14337,Igor,0.3200
2010-09-09,NA,2010251N14337,Igor,0.2825
2010-09-10,NA,2010251N14337,Igor,0.2825
2010-09-11,NA,2010251N14337,Igor,1.3300
2010-09-12,NA,2010251N14337,Igor,3.0450
2010-09-12,NA,2010255N13340,Julia,0.1225
2010-09-13,NA,2010251N14337,Igor,6.6325
2010-09-13,NA,2010255N13340,Julia,0.6825
2010-09-14,NA,2010251N14337,Igor,5.7700
2010-09-14,NA,2010255N13340,Julia,1.6925
2010-09-14,NA,2010257N16282,Karl,0.1225
2010-09-15,NA,2010251N14337,Igor,6.0300
2010-09-15,NA,2010255N13340,Julia,4.7825
2010-09-15,NA,2010257N16282,Karl,0.9675
2010-09-16,NA,2010251N14337,Igor,5.7650
2010-09-16,NA,2010255N13340,Julia,3.5525
2010-09-16,NA,2010257N16282,Karl,1.1550
2010-09-17,NA,2010251N14337,Igor,4.3425
2010-09-17,NA,2010255N13340,Julia,2.0375
2010-09-17,NA,2010257N16282,Karl,3.6450
2010-09-18,NA,2010251N14337,Igor,2.8950
2010-09-18,NA,2010255N13340,Julia,1.1625
2010-09-18,NA,2010257N16282,Karl,0.3600
2010-09-19,NA,2010251N14337,Igor,2.2550
2010-09-19,NA,2010255N13340,Julia,0.9575
2010-09-20,EP,2010264N20252,Georgette,0.1225
2010-09-20,NA,2010251N14337,Igor,1.6900
2010-09-20,NA,2010255N13340,Julia,0.5225
2010-09-21,EP,2010264N20252,Georgette,0.4900
2010-09-21,NA,2010251N14337,Igor,1.2675
2010-09-21,NA,2010263N15328,Lisa,0.6025
2010-09-22,NA,2010263N15328,Lisa,0.3675
2010-09-23,NA,2010263N15328,Lisa,0.2450
2010-09-23,NA,2010267N14285,Matthew,0.1225
2010-09-24,NA,2010263N15328,Lisa,0.8925
2010-09-24,NA,2010267N14285,Matthew,0.8150
2010-09-25,NA,2010263N15328,Lisa,1.6625
2010-09-25,NA,2010267N14285,Matthew,0.5750
2010-09-26,NA,2010263N15328,Lisa,0.2825
2010-09-28,NA,2010271N19276,Nicole,0.2825
2010-09-29,NA,2010271N19276,Nicole,0.4050
2010-10-06,NA,2010279N22293,Otto,0.4100
2010-10-07,NA,2010279N22293,Otto,1.0050
2010-10-08,NA,2010279N22293,Otto,1.5750
2010-10-09,NA,2010279N22293,Otto,2.0375
2010-10-10,NA,2010279N22293,Otto,0.3600
2010-10-11,NA,2010284N14278,Paula,0.6850
2010-10-12,NA,2010284N14278,Paula,2.2175
2010-10-13,NA,2010284N14278,Paula,2.8175
2010-10-14,NA,2010284N14278,Paula,1.6625
2010-10-15,NA,2010284N14278,Paula,0.1600
2010-10-21,NA,2010293N17277,Richard,0.2450
2010-10-22,NA,2010293N17277,Richard,0.5275
2010-10-23,NA,2010293N17277,Richard,0.9150
2010-10-24,NA,2010293N17277,Richard,1.9850
2010-10-25,NA,2010293N17277,Richard,1.3050
2010-10-29,NA,2010302N09306,Tomas,0.3250
2010-10-29,NA,2010302N26299,Shary,0.8350
2010-10-30,NA,2010302N09306,Tomas,1.7250
2010-10-30,NA,2010302N26299,Shary,1.2675
2010-10-31,NA,2010302N09306,Tomas,2.5075
2010-11-01,NA,2010302N09306,Tomas,0.8250
2010-11-02,NA,2010302N09306,Tomas,0.6450
2010-11-03,NA,2010302N09306,Tomas,0.1225
2010-11-04,NA,2010302N09306,Tomas,0.7725
2010-11-05,NA,2010302N09306,Tomas,1.9025
2010-11-06,NA,2010302N09306,Tomas,1.5025
2010-11-07,NA,2010302N09306,Tomas,1.5225
2010-12-18,EP,2010350N30175,Omeka,0.2450
2010-12-20,EP,2010350N30175,Omeka,0.5275
2010-12-21,EP,2010350N30175,Omeka,0.2450
2011-06-08,EP,2011158N11260,Adrian,0.9875
2011-06-09,EP,2011158N11260,Adrian,2.9650
2011-06-10,EP,2011158N11260,Adrian,5.5300
2011-06-11,EP,2011158N11260,Adrian,2.3650
2011-06-12,EP,2011158N11260,Adrian,0.3250
2011-06-19,EP,2011170N12263,Beatriz,0.1225
2011-06-20,EP,2011170N12263,Beatriz,1.2600
2011-06-21,EP,2011170N12263,Beatriz,1.6500
2011-06-28,NA,2011179N20267,Arlene,0.1225
2011-06-29,NA,2011179N20267,Arlene,0.6975
2011-06-30,NA,2011179N20267,Arlene,1.0575
2011-07-08,EP,2011188N14261,Calvin,1.0500
2011-07-09,EP,2011188N14261,Calvin,1.3750
2011-07-10,EP,2011188N14261,Calvin,0.1225
2011-07-18,EP,2011199N10271,Dora,0.3250
2011-07-18,NA,2011197N31280,Bret,0.8450
2011-07-19,EP,2011199N10271,Dora,1.3350
2011-07-19,NA,2011197N31280,Bret,1.0150
2011-07-20,EP,2011199N10271,Dora,3.0425
2011-07-20,NA,2011197N31280,Bret,0.8100
2011-07-20,NA,2011201N33301,Cindy,0.2825
2011-07-21,EP,2011199N10271,Dora,6.3975
2011-07-21,NA,2011197N31280,Bret,0.6075
2011-07-21,NA,2011201N33301,Cindy,1.1150
2011-07-22,EP,2011199N10271,Dora,3.1475
2011-07-22,NA,2011201N33301,Cindy,0.9150
2011-07-23,EP,2011199N10271,Dora,0.9575
2011-07-24,EP,2011199N10271,Dora,0.2825
2011-07-27,NA,2011208N22274,Don,0.1225
2011-07-28,NA,2011208N22274,Don,0.5650
2011-07-29,NA,2011208N22274,Don,0.8100
2011-07-30,NA,2011208N22274,Don,0.1225
2011-07-31,EP,2011212N10264,Eugene,0.2825
2011-08-01,EP,2011212N10264,Eugene,1.1775
2011-08-02,EP,2011212N10264,Eugene,2.5025
2011-08-02,NA,2011214N15299,Emily,0.6400
2011-08-03,EP,2011212N10264,Eugene,4.3275
2011-08-03,NA,2011214N15299,Emily,0.8100
2011-08-04,EP,2011212N10264,Eugene,4.2350
2011-08-04,NA,2011214N15299,Emily,0.6075
2011-08-05,EP,2011212N10264,Eugene,1.7400
2011-08-06,EP,2011212N10264,Eugene,0.4050
2011-08-07,NA,2011214N15299,Emily,0.2450
2011-08-13,NA,2011225N35294,Franklin,0.2825
2011-08-14,NA,2011225N26302,Gert,0.4425
2011-08-15,NA,2011225N26302,Gert,1.0050
2011-08-16,EP,2011227N12234,Fernanda,0.4850
2011-08-16,NA,2011225N26302,Gert,0.4050
2011-08-17,EP,2011227N12234,Fernanda,0.8100
2011-08-17,EP,2011229N14261,Greg,0.6275
2011-08-18,EP,2011227N12234,Fernanda,1.2725
2011-08-18,EP,2011229N14261,Greg,2.0375
2011-08-19,EP,2011227N12234,Fernanda,0.6275
2011-08-19,EP,2011229N14261,Greg,1.5225
2011-08-19,NA,2011231N15278,Harvey,0.2825
2011-08-20,EP,2011229N14261,Greg,0.4850
2011-08-20,NA,2011231N15278,Harvey,1.0050
2011-08-21,NA,2011231N15278,Harvey,0.1225
2011-08-21,NA,2011233N15301,Irene,0.8575
2011-08-22,NA,2011231N15278,Harvey,0.1225
2011-08-22,NA,2011233N15301,Irene,1.8350
2011-08-23,NA,2011233N15301,Irene,2.5600
2011-08-24,NA,2011233N15301,Irene,3.6450
2011-08-25,NA,2011233N15301,Irene,3.4250
2011-08-26,NA,2011233N15301,Irene,2.9825
2011-08-27,NA,2011233N15301,Irene,2.1100
2011-08-27,NA,2011239N27301,Jose,0.2450
2011-08-28,NA,2011233N15301,Irene,1.3975
2011-08-28,NA,2011239N27301,Jose,0.6025
2011-08-30,NA,2011240N10341,Katia,0.7350
2011-08-31,NA,2011240N10341,Katia,1.2150
2011-09-01,NA,2011240N10341,Katia,1.6900
2011-09-01,NA,2011244N37296,Unnamed,0.2825
2011-09-02,NA,2011240N10341,Katia,1.6900
2011-09-02,NA,2011244N37296,Unnamed,0.5650
2011-09-02,NA,2011245N27269,Lee,0.2825
2011-09-03,NA,2011240N10341,Katia,1.6900
2011-09-03,NA,2011245N27269,Lee,0.8150
2011-09-04,NA,2011240N10341,Katia,2.5850
2011-09-04,NA,2011245N27269,Lee,0.5650
2011-09-05,NA,2011240N10341,Katia,3.9225
2011-09-05,NA,2011245N27269,Lee,0.1225
2011-09-06,NA,2011240N10341,Katia,4.7675
2011-09-07,NA,2011240N10341,Katia,2.7250
2011-09-07,NA,2011250N12324,Maria,0.6875
2011-09-07,NA,2011250N20266,Nate,0.1600
2011-09-08,NA,2011240N10341,Katia,2.5600
2011-09-08,NA,2011250N12324,Maria,0.7250
2011-09-08,NA,2011250N20266,Nate,1.1775
2011-09-09,NA,2011240N10341,Katia,2.3275
2011-09-09,NA,2011250N12324,Maria,0.3200
2011-09-09,NA,2011250N20266,Nate,1.1775
2011-09-10,NA,2011240N10341,Katia,1.1250
2011-09-10,NA,2011250N12324,Maria,0.4050
2011-09-10,NA,2011250N20266,Nate,0.9575
2011-09-11,NA,2011250N12324,Maria,0.9525
2011-09-11,NA,2011250N20266,Nate,0.8350
2011-09-12,NA,2011250N12324,Maria,1.0000
2011-09-13,NA,2011250N12324,Maria,0.8100
2011-09-14,NA,2011250N12324,Maria,1.0050
2011-09-15,NA,2011250N12324,Maria,1.5025
2011-09-16,NA,2011250N12324,Maria,1.7625
2011-09-21,EP,2011264N13264,Hilary,0.2825
2011-09-21,NA,2011263N12323,Ophelia,0.8625
2011-09-22,EP,2011264N13264,Hilary,1.8050
2011-09-22,NA,2011263N12323,Ophelia,1.1050
2011-09-23,EP,2011264N13264,Hilary,5.4275
2011-09-23,NA,2011263N12323,Ophelia,0.8150
2011-09-24,EP,2011264N13264,Hilary,5.7650
2011-09-24,NA,2011263N12323,Ophelia,0.7675
2011-09-24,NA,2011266N08343,Philippe,0.2450
2011-09-25,EP,2011264N13264,Hilary,4.8450
2011-09-25,NA,2011263N12323,Ophelia,0.2825
2011-09-25,NA,2011266N08343,Philippe,0.6450
2011-09-26,EP,2011264N13264,Hilary,4.7375
2011-09-26,NA,2011266N08343,Philippe,0.9050
2011-09-27,EP,2011264N13264,Hilary,4.3275
2011-09-27,NA,2011266N08343,Philippe,0.6875
2011-09-28,EP,2011264N13264,Hilary,2.5025
2011-09-28,NA,2011263N12323,Ophelia,0.5225
2011-09-28,NA,2011266N08343,Philippe,0.2825
2011-09-29,EP,2011264N13264,Hilary,1.3350
2011-09-29,NA,2011263N12323,Ophelia,1.2775
2011-09-29,NA,2011266N08343,Philippe,0.7675
2011-09-30,EP,2011264N13264,Hilary,0.1600
2011-09-30,NA,2011263N12323,Ophelia,3.1150
2011-09-30,NA,2011266N08343,Philippe,0.7250
2011-10-01,NA,2011263N12323,Ophelia,4.5175
2011-10-01,NA,2011266N08343,Philippe,1.2725
2011-10-02,NA,2011263N12323,Ophelia,4.5625
2011-10-02,NA,2011266N08343,Philippe,0.9300
2011-10-03,NA,2011263N12323,Ophelia,0.8500
2011-10-03,NA,2011266N08343,Philippe,1.1150
2011-10-04,NA,2011266N08343,Philippe,1.5650
2011-10-05,NA,2011266N08343,Philippe,1.3250
2011-10-06,EP,2011278N12248,Irwin,0.3725
2011-10-06,EP,2011279N10257,Jova,0.1225
2011-10-06,NA,2011266N08343,Philippe,1.9125
2011-10-07,EP,2011278N12248,Irwin,2.2125
2011-10-07,EP,2011279N10257,Jova,0.9150
2011-10-07,NA,2011266N08343,Philippe,2.4100
2011-10-08,EP,2011278N12248,Irwin,2.2125
2011-10-08,EP,2011279N10257,Jova,1.3875
2011-10-08,NA,2011266N08343,Philippe,1.1425
2011-10-09,EP,2011278N12248,Irwin,0.6075
2011-10-09,EP,2011279N10257,Jova,2.3325
2011-10-10,EP,2011278N12248,Irwin,0.6400
2011-10-10,EP,2011279N10257,Jova,4.1225
2011-10-11,EP,2011278N12248,Irwin,0.6075
2011-10-11,EP,2011279N10257,Jova,3.7275
2011-10-12,EP,2011278N12248,Irwin,0.6450
2011-10-12,EP,2011279N10257,Jova,1.8050
2011-10-13,EP,2011278N12248,Irwin,0.1225
2011-10-14,EP,2011278N12248,Irwin,0.5650
2011-10-15,EP,2011278N12248,Irwin,0.4050
2011-10-24,NA,2011295N13279,Rina,0.9550
2011-10-25,NA,2011295N13279,Rina,3.2750
2011-10-26,NA,2011295N13279,Rina,3.3625
2011-10-27,NA,2011295N13279,Rina,1.7825
2011-10-28,NA,2011295N13279,Rina,0.7125
2011-11-08,NA,2011310N29290,Sean,0.5650
2011-11-09,NA,2011310N29290,Sean,1.0575
2011-11-10,NA,2011310N29290,Sean,1.2100
2011-11-11,NA,2011310N29290,Sean,0.9150
2011-11-20,EP,2011323N09264,Kenneth,0.1225
2011-11-21,EP,2011323N09264,Kenneth,1.5675
2011-11-22,EP,2011323N09264,Kenneth,5.2375
2011-11-23,EP,2011323N09264,Kenneth,3.1475
2011-11-24,EP,2011323N09264,Kenneth,0.9150
2011-11-25,EP,2011323N09264,Kenneth,0.1225
2012-05-15,EP,2012135N10255,Aletta,0.6075
2012-05-16,EP,2012135N10255,Aletta,0.7675
2012-05-17,EP,2012135N10255,Aletta,0.1225
2012-05-19,NA,2012140N33283,Alberto,0.3625
2012-05-20,NA,2012140N33283,Alberto,0.7725
2012-05-21,NA,2012140N33283,Alberto,0.4900
2012-05-22,EP,2012142N09262,Bud,0.5275
2012-05-22,NA,2012140N33283,Alberto,0.2450
2012-05-23,EP,2012142N09262,Bud,1.1150
2012-05-24,EP,2012142N09262,Bud,2.8425
2012-05-25,EP,2012142N09262,Bud,3.1150
2012-05-26,EP,2012142N09262,Bud,0.3025
2012-05-26,NA,2012147N30284,Beryl,0.6400
2012-05-27,NA,2012147N30284,Beryl,0.9575
2012-05-28,NA,2012147N30284,Beryl,0.6100
2012-05-30,NA,2012147N30284,Beryl,0.2825
2012-06-14,EP,2012166N09269,Carlotta,0.4850
2012-06-15,EP,2012166N09269,Carlotta,1.8075
2012-06-16,EP,2012166N09269,Carlotta,1.3000
2012-06-18,NA,2012169N29291,Chris,0.1600
2012-06-19,NA,2012169N29291,Chris,0.6400
2012-06-20,NA,2012169N29291,Chris,0.7725
2012-06-21,NA,2012169N29291,Chris,1.9025
2012-06-22,NA,2012169N29291,Chris,0.6100
2012-06-23,NA,2012176N26272,Debby,0.2825
2012-06-24,NA,2012176N26272,Debby,1.0575
2012-06-25,NA,2012176N26272,Debby,0.7725
2012-06-26,NA,2012176N26272,Debby,0.6450
2012-07-05,EP,2012186N12255,Daniel,0.5325
2012-07-06,EP,2012186N12255,Daniel,1.2675
2012-07-07,EP,2012186N12255,Daniel,2.1150
2012-07-08,EP,2012186N12255,Daniel,3.4300
2012-07-08,EP,2012189N10262,Emilia,0.7350
2012-07-09,EP,2012186N12255,Daniel,2.4150
2012-07-09,EP,2012189N10262,Emilia,2.3500
2012-07-10,EP,2012186N12255,Daniel,1.3350
2012-07-10,EP,2012189N10262,Emilia,5.0750
2012-07-11,EP,2012186N12255,Daniel,0.4850
2012-07-11,EP,2012189N10262,Emilia,3.6150
2012-07-12,EP,2012189N10262,Emilia,3.9125
2012-07-12,EP,2012193N12259,Fabio,0.4850
2012-07-13,EP,2012189N10262,Emilia,1.7400
2012-07-13,EP,2012193N12259,Fabio,1.4025
2012-07-14,EP,2012189N10262,Emilia,0.7675
2012-07-14,EP,2012193N12259,Fabio,2.4875
2012-07-15,EP,2012189N10262,Emilia,0.3675
2012-07-15,EP,2012193N12259,Fabio,3.4250
2012-07-16,EP,2012193N12259,Fabio,2.2125
2012-07-17,EP,2012193N12259,Fabio,0.7350
2012-08-02,NA,2012215N12313,Ernesto,0.3250
2012-08-03,NA,2012215N12313,Ernesto,0.6825
2012-08-04,NA,2012215N12313,Ernesto,0.7675
2012-08-04,NA,2012216N12337,Florence,0.4850
2012-08-05,NA,2012215N12313,Ernesto,0.8100
2012-08-05,NA,2012216N12337,Florence,0.9050
2012-08-06,NA,2012215N12313,Ernesto,1.0575
2012-08-06,NA,2012216N12337,Florence,0.1225
2012-08-07,EP,2012219N12254,Gilma,0.1600
2012-08-07,NA,2012215N12313,Ernesto,1.5900
2012-08-08,EP,2012219N12254,Gilma,1.3350
2012-08-08,NA,2012215N12313,Ernesto,1.8900
2012-08-09,EP,2012219N12254,Gilma,1.6950
2012-08-09,NA,2012215N12313,Ernesto,1.2150
2012-08-10,EP,2012219N12254,Gilma,1.2725
2012-08-10,NA,2012215N12313,Ernesto,0.1600
2012-08-11,EP,2012219N12254,Gilma,0.3625
2012-08-11,EP,2012225N18255,Hector,0.1225
2012-08-12,EP,2012225N18255,Hector,0.7250
2012-08-13,EP,2012225N18255,Hector,0.5275
2012-08-14,EP,2012225N18255,Hector,0.6025
2012-08-15,EP,2012225N18255,Hector,0.2450
2012-08-16,NA,2012229N28305,Gordon,0.7875
2012-08-17,NA,2012223N14317,Helene,0.1600
2012-08-17,NA,2012229N28305,Gordon,1.2675
2012-08-18,NA,2012223N14317,Helene,0.1225
2012-08-18,NA,2012229N28305,Gordon,2.1550
2012-08-19,NA,2012229N28305,Gordon,3.1625
2012-08-20,NA,2012229N28305,Gordon,1.2725
2012-08-21,NA,2012234N16315,Isaac,0.1225
2012-08-22,NA,2012234N16315,Isaac,0.7675
2012-08-23,NA,2012234N16315,Isaac,0.8100
2012-08-23,NA,2012235N11328,Joyce,0.2450
2012-08-24,NA,2012234N16315,Isaac,0.9575
2012-08-25,NA,2012234N16315,Isaac,1.1050
2012-08-26,NA,2012234N16315,Isaac,1.1050
2012-08-27,EP,2012239N11261,Ileana,0.1225
2012-08-27,NA,2012234N16315,Isaac,1.1625
2012-08-28,EP,2012239N11261,Ileana,0.7725
2012-08-28,NA,2012234N16315,Isaac,1.6325
2012-08-29,EP,2012239N11261,Ileana,1.3250
2012-08-29,NA,2012234N16315,Isaac,1.7625
2012-08-29,NA,2012242N24317,Kirk,0.7250
2012-08-30,EP,2012239N11261,Ileana,1.8975
2012-08-30,NA,2012234N16315,Isaac,0.9300
2012-08-30,NA,2012242N13333,Leslie,0.2825
2012-08-30,NA,2012242N24317,Kirk,1.5375
2012-08-31,EP,2012239N11261,Ileana,1.8350
2012-08-31,NA,2012242N13333,Leslie,1.0575
2012-08-31,NA,2012242N24317,Kirk,2.9000
2012-09-01,EP,2012239N11261,Ileana,0.9150
2012-09-01,NA,2012242N13333,Leslie,1.4400
2012-09-01,NA,2012242N24317,Kirk,1.5750
2012-09-02,EP,2012239N11261,Ileana,0.1225
2012-09-02,EP,2012247N18252,John,0.2825
2012-09-02,NA,2012242N13333,Leslie,1.1625
2012-09-02,NA,2012242N24317,Kirk,1.0050
2012-09-03,EP,2012247N18252,John,0.5275
2012-09-03,NA,2012242N13333,Leslie,1.0525
2012-09-04,NA,2012242N13333,Leslie,1.4400
2012-09-04,NA,2012246N29323,Michael,0.4850
2012-09-05,NA,2012242N13333,Leslie,1.7625
2012-09-05,NA,2012246N29323,Michael,1.0775
2012-09-06,NA,2012242N13333,Leslie,1.6900
2012-09-06,NA,2012246N29323,Michael,3.4450
2012-09-07,NA,2012242N13333,Leslie,1.5650
2012-09-07,NA,2012246N29323,Michael,3.1525
2012-09-08,NA,2012242N13333,Leslie,1.2675
2012-09-08,NA,2012246N29323,Michael,2.8125
2012-09-09,NA,2012242N13333,Leslie,1.2100
2012-09-09,NA,2012246N29323,Michael,2.8950
2012-09-10,NA,2012242N13333,Leslie,1.5075
2012-09-10,NA,2012246N29323,Michael,1.9650
2012-09-11,NA,2012242N13333,Leslie,0.8450
2012-09-11,NA,2012246N29323,Michael,0.8650
2012-09-12,EP,2012256N15257,Kristy,0.2825
2012-09-12,NA,2012255N16322,Nadine,0.8775
2012-09-13,EP,2012256N15257,Kristy,0.8100
2012-09-13,NA,2012255N16322,Nadine,1.4400
2012-09-14,EP,2012256N15257,Kristy,0.9050
2012-09-14,NA,2012255N16322,Nadine,1.5025
2012-09-15,EP,2012256N15257,Kristy,0.7675
2012-09-15,EP,2012260N13237,Lane,0.1225
2012-09-15,NA,2012255N16322,Nadine,1.9600
2012-09-16,EP,2012256N15257,Kristy,0.3675
2012-09-16,EP,2012260N13237,Lane,0.9625
2012-09-16,NA,2012255N16322,Nadine,1.7575
2012-09-17,EP,2012260N13237,Lane,1.6950
2012-09-17,NA,2012255N16322,Nadine,1.3250
2012-09-18,EP,2012260N13237,Lane,1.4900
2012-09-18,NA,2012255N16322,Nadine,1.0000
2012-09-19,EP,2012260N13237,Lane,0.1600
2012-09-19,NA,2012255N16322,Nadine,1.0000
2012-09-20,NA,2012255N16322,Nadine,1.0525
2012-09-21,NA,2012255N16322,Nadine,0.8550
2012-09-22,EP,2012266N14254,Miriam,0.2450
2012-09-23,EP,2012266N14254,Miriam,1.0250
2012-09-23,NA,2012255N16322,Nadine,0.9525
2012-09-24,EP,2012266N14254,Miriam,3.4750
2012-09-24,NA,2012255N16322,Nadine,0.8100
2012-09-25,EP,2012266N14254,Miriam,3.1875
2012-09-25,NA,2012255N16322,Nadine,0.6400
2012-09-26,EP,2012266N14254,Miriam,1.3350
2012-09-26,NA,2012255N16322,Nadine,0.7725
2012-09-27,EP,2012266N14254,Miriam,0.4850
2012-09-27,NA,2012255N16322,Nadine,1.0525
2012-09-28,EP,2012272N22251,Norman,0.5650
2012-09-28,NA,2012255N16322,Nadine,1.5075
2012-09-29,EP,2012272N22251,Norman,0.1225
2012-09-29,NA,2012255N16322,Nadine,1.7575
2012-09-30,NA,2012255N16322,Nadine,2.4050
2012-10-01,NA,2012255N16322,Nadine,1.6475
2012-10-02,NA,2012255N16322,Nadine,1.2100
2012-10-03,NA,2012255N16322,Nadine,0.8150
2012-10-03,NA,2012277N12322,Oscar,0.1225
2012-10-04,NA,2012277N12322,Oscar,0.7250
2012-10-05,NA,2012277N12322,Oscar,0.6075
2012-10-06,EP,2012281N14242,Olivia,0.1225
2012-10-07,EP,2012281N14242,Olivia,0.9525
2012-10-08,EP,2012281N14242,Olivia,0.8625
2012-10-11,NA,2012285N26288,Patty,0.3675
2012-10-12,NA,2012285N26288,Patty,0.6025
2012-10-12,NA,2012287N15297,Rafael,0.1225
2012-10-13,EP,2012288N14248,Paul,0.1225
2012-10-13,NA,2012285N26288,Patty,0.1225
2012-10-13,NA,2012287N15297,Rafael,0.5275
2012-10-14,EP,2012288N14248,Paul,0.9150
2012-10-14,NA,2012287N15297,Rafael,0.9575
2012-10-15,EP,2012288N14248,Paul,2.5250
2012-10-15,NA,2012287N15297,Rafael,1.8350
2012-10-16,EP,2012288N14248,Paul,3.2125
2012-10-16,NA,2012287N15297,Rafael,2.4825
2012-10-17,EP,2012288N14248,Paul,0.3025
2012-10-17,NA,2012287N15297,Rafael,1.4750
2012-10-22,NA,2012296N14283,Sandy,0.1225
2012-10-23,NA,2012296N14283,Sandy,0.6825
2012-10-24,NA,2012296N14283,Sandy,1.6475
2012-10-24,NA,2012296N20309,Tony,0.6875
2012-10-25,NA,2012296N14283,Sandy,3.4350
2012-10-25,NA,2012296N20309,Tony,0.5275
2012-10-26,NA,2012296N14283,Sandy,1.8975
2012-10-27,NA,2012296N14283,Sandy,1.7000
2012-10-28,NA,2012296N14283,Sandy,1.6900
2012-10-29,NA,2012296N14283,Sandy,2.4925
2012-10-30,EP,2012304N14246,Rosa,0.2825
2012-10-31,EP,2012304N14246,Rosa,0.7675
2012-11-01,EP,2012304N14246,Rosa,0.8100
2012-11-02,EP,2012304N14246,Rosa,0.6400
2012-11-03,EP,2012304N14246,Rosa,0.2450
2013-05-15,EP,2013134N07265,Alvin,0.1225
2013-05-16,EP,2013134N07265,Alvin,0.7725
2013-05-17,EP,2013134N07265,Alvin,0.1225
2013-05-28,EP,2013149N14264,Barbara,0.1225
2013-05-29,EP,2013149N14264,Barbara,1.1350
2013-05-30,EP,2013149N14264,Barbara,0.2500
2013-06-05,NA,2013157N25273,Andrea,0.1225
2013-06-06,NA,2013157N25273,Andrea,1.0150
2013-06-07,NA,2013157N25273,Andrea,0.4800
2013-06-19,NA,2013167N12279,Barry,0.2825
2013-06-20,NA,2013167N12279,Barry,0.4800
2013-06-24,EP,2013175N12256,Cosme,0.7350
2013-06-25,EP,2013175N12256,Cosme,1.5750
2013-06-26,EP,2013175N12256,Cosme,1.8350
2013-06-27,EP,2013175N12256,Cosme,0.4525
2013-06-30,EP,2013180N11256,Dalila,0.3675
2013-07-01,EP,2013180N11256,Dalila,0.9150
2013-07-02,EP,2013180N11256,Dalila,1.5175
2013-07-03,EP,2013180N11256,Dalila,1.6950
2013-07-04,EP,2013180N11256,Dalila,0.7825
2013-07-05,EP,2013186N13262,Erick,0.8350
2013-07-06,EP,2013186N13262,Erick,1.7625
2013-07-07,EP,2013186N13262,Erick,1.7050
2013-07-07,NA,2013189N09319,Chantal,0.2450
2013-07-08,EP,2013186N13262,Erick,0.7725
2013-07-08,NA,2013189N09319,Chantal,0.6075
2013-07-09,EP,2013186N13262,Erick,0.1225
2013-07-09,NA,2013189N09319,Chantal,1.1050
2013-07-10,NA,2013189N09319,Chantal,0.5225
2013-07-24,NA,2013204N11340,Dorian,0.4850
2013-07-25,EP,2013206N15238,Flossie,0.4050
2013-07-25,NA,2013204N11340,Dorian,0.9525
2013-07-26,EP,2013206N15238,Flossie,0.8150
2013-07-26,NA,2013204N11340,Dorian,0.7675
2013-07-27,EP,2013206N15238,Flossie,1.2150
2013-07-27,NA,2013204N11340,Dorian,0.3675
2013-07-28,EP,2013206N15238,Flossie,1.0525
2013-07-29,EP,2013206N15238,Flossie,0.7350
2013-07-30,EP,2013211N11248,Gil,0.1225
2013-07-31,EP,2013211N11248,Gil,1.0875
2013-08-01,EP,2013211N11248,Gil,2.0325
2013-08-02,EP,2013211N11248,Gil,1.9075
2013-08-03,EP,2013211N11248,Gil,1.0050
2013-08-04,EP,2013211N11248,Gil,0.2825
2013-08-04,EP,2013214N13243,Henriette,0.6075
2013-08-05,EP,2013214N13243,Henriette,0.9575
2013-08-06,EP,2013211N11248,Gil,0.2450
2013-08-06,EP,2013214N13243,Henriette,2.0525
2013-08-07,EP,2013214N13243,Henriette,2.5600
2013-08-08,EP,2013214N13243,Henriette,2.8125
2013-08-09,EP,2013214N13243,Henriette,1.8075
2013-08-10,EP,2013214N13243,Henriette,0.8575
2013-08-11,EP,2013214N13243,Henriette,0.2450
2013-08-15,NA,2013227N14337,Erin,0.3675
2013-08-16,EP,2013227N08193,Pewa,0.2450
2013-08-16,NA,2013227N14337,Erin,0.4900
2013-08-17,EP,2013227N08193,Pewa,0.9575
2013-08-17,NA,2013227N14337,Erin,0.5650
2013-08-18,EP,2013227N08193,Pewa,0.6050
2013-08-18,NA,2013227N14337,Erin,0.1225
2013-08-19,EP,2013224N12220,Unala,0.1225
2013-08-23,EP,2013232N14252,Ivo,0.4900
2013-08-24,EP,2013232N14252,Ivo,0.6025
2013-08-25,NA,2013238N19266,Fernand,0.2025
2013-08-26,NA,2013238N19266,Fernand,0.4525
2013-08-28,EP,2013241N19254,Juliette,0.2825
2013-08-29,EP,2013241N19254,Juliette,0.8775
2013-08-31,EP,2013242N15245,Kiko,0.3250
2013-09-01,EP,2013242N15245,Kiko,1.4500
2013-09-02,EP,2013242N15245,Kiko,0.3250
2013-09-05,EP,2013248N17255,Lorena,0.2450
2013-09-06,EP,2013248N17255,Lorena,0.6875
2013-09-07,EP,2013248N17255,Lorena,0.2825
2013-09-09,NA,2013251N13342,Humberto,0.4850
2013-09-10,NA,2013248N16294,Gabrielle,0.7125
2013-09-10,NA,2013251N13342,Humberto,1.1575
2013-09-11,NA,2013248N16294,Gabrielle,0.7350
2013-09-11,NA,2013251N13342,Humberto,1.7925
2013-09-12,NA,2013248N16294,Gabrielle,0.2450
2013-09-12,NA,2013251N13342,Humberto,2.4050
2013-09-13,EP,2013257N15259,Manuel,0.1225
2013-09-13,NA,2013248N16294,Gabrielle,0.1225
2013-09-13,NA,2013251N13342,Humberto,1.3550
2013-09-13,NA,2013255N19268,Ingrid,0.2825
2013-09-14,EP,2013257N15259,Manuel,0.8150
2013-09-14,NA,2013255N19268,Ingrid,1.3350
2013-09-15,EP,2013257N15259,Manuel,1.2250
2013-09-15,NA,2013251N13342,Humberto,0.4900
2013-09-15,NA,2013255N19268,Ingrid,1.9700
2013-09-16,NA,2013251N13342,Humberto,0.5650
2013-09-16,NA,2013255N19268,Ingrid,1.3125
2013-09-17,NA,2013251N13342,Humberto,0.5650
2013-09-18,EP,2013257N15259,Manuel,0.6275
2013-09-18,NA,2013251N13342,Humberto,0.1225
2013-09-19,EP,2013257N15259,Manuel,1.4275
2013-09-30,NA,2013271N21310,Jerry,0.4050
2013-10-01,NA,2013271N21310,Jerry,0.6825
2013-10-02,NA,2013271N21310,Jerry,0.4900
2013-10-03,NA,2013271N21310,Jerry,0.3675
2013-10-03,NA,2013276N21273,Karen,0.8075
2013-10-04,NA,2013276N21273,Karen,0.8575
2013-10-05,NA,2013276N21273,Karen,0.6025
2013-10-07,EP,2013280N13242,Narda,0.8350
2013-10-08,EP,2013280N13242,Narda,0.8350
2013-10-13,EP,2013286N15251,Octave,0.7875
2013-10-14,EP,2013286N15251,Octave,1.0575
2013-10-14,EP,2013287N13243,Priscilla,0.4425
2013-10-15,EP,2013286N15251,Octave,0.3200
2013-10-15,EP,2013287N13243,Priscilla,0.3675
2013-10-20,EP,2013293N13260,Raymond,0.6850
2013-10-21,EP,2013293N13260,Raymond,3.8550
2013-10-21,NA,2013294N28304,Lorenzo,0.2450
2013-10-22,EP,2013293N13260,Raymond,3.2900
2013-10-22,NA,2013294N28304,Lorenzo,0.6875
2013-10-23,EP,2013293N13260,Raymond,1.2875
2013-10-23,NA,2013294N28304,Lorenzo,0.6875
2013-10-24,EP,2013293N13260,Raymond,0.6400
2013-10-25,EP,2013293N13260,Raymond,0.9050
2013-10-26,EP,2013293N13260,Raymond,1.2100
2013-10-27,EP,2013293N13260,Raymond,1.8650
2013-10-28,EP,2013293N13260,Raymond,2.6825
2013-10-29,EP,2013293N13260,Raymond,0.7725
2013-10-30,EP,2013293N13260,Raymond,0.1600
2013-11-03,EP,2013305N16252,Sonia,0.5650
2013-11-04,EP,2013305N16252,Sonia,0.1600
2013-11-18,NA,2013321N24308,Melissa,0.5000
2013-11-19,NA,2013321N24308,Melissa,1.1050
2013-11-20,NA,2013321N24308,Melissa,0.8100
2013-11-21,NA,2013321N24308,Melissa,1.0575
2013-12-05,NA,2013338N34332,Unnamed,0.7675
2013-12-06,NA,2013338N34332,Unnamed,0.6400
2013-12-07,NA,2013338N34332,Unnamed,0.1225
2014-05-23,EP,2014142N10254,Amanda,0.1225
2014-05-24,EP,2014142N10254,Amanda,1.4900
2014-05-25,EP,2014142N10254,Amanda,5.8950
2014-05-26,EP,2014142N10254,Amanda,5.5350
2014-05-27,EP,2014142N10254,Amanda,3.7275
2014-05-28,EP,2014142N10254,Amanda,1.5375
2014-05-29,EP,2014142N10254,Amanda,0.3250
2014-06-03,EP,2014153N12267,Boris,0.2825
2014-06-04,EP,2014153N12267,Boris,0.1225
2014-06-10,EP,2014160N15259,Cristina,0.4850
2014-06-11,EP,2014160N15259,Cristina,1.7775
2014-06-12,EP,2014160N15259,Cristina,5.0775
2014-06-13,EP,2014160N15259,Cristina,3.4750
2014-06-14,EP,2014160N15259,Cristina,1.7400
2014-06-15,EP,2014160N15259,Cristina,0.1600
2014-06-30,EP,2014180N14255,Douglas,0.4900
2014-06-30,EP,2014181N17257,Elida,0.6075
2014-07-01,EP,2014180N14255,Douglas,0.6825
2014-07-01,EP,2014181N17257,Elida,0.6875
2014-07-01,NA,2014180N32282,Arthur,0.2825
2014-07-02,EP,2014180N14255,Douglas,0.6825
2014-07-02,NA,2014180N32282,Arthur,1.1150
2014-07-03,EP,2014180N14255,Douglas,0.4900
2014-07-03,NA,2014180N32282,Arthur,2.1925
2014-07-04,EP,2014180N14255,Douglas,0.4900
2014-07-04,NA,2014180N32282,Arthur,2.5750
2014-07-05,EP,2014180N14255,Douglas,0.1225
2014-07-05,NA,2014180N32282,Arthur,0.7825
2014-07-07,EP,2014187N11247,Fausto,0.1600
2014-07-08,EP,2014187N11247,Fausto,0.5650
2014-07-17,EP,2014195N11232,Wali,0.1225
2014-07-18,EP,2014195N11232,Wali,0.4425
2014-07-25,EP,2014204N10239,Genevieve,0.4425
2014-07-26,EP,2014204N10239,Genevieve,0.2825
2014-07-26,EP,2014207N12255,Hernan,0.1225
2014-07-27,EP,2014207N12255,Hernan,1.2875
2014-07-28,EP,2014207N12255,Hernan,1.2875
2014-07-29,EP,2014207N12255,Hernan,0.2825
2014-07-30,EP,2014204N10239,Genevieve,0.2450
2014-07-31,EP,2014212N11242,Iselle,0.1600
2014-08-01,EP,2014212N11242,Iselle,1.1150
2014-08-01,NA,2014210N10323,Bertha,0.7250
2014-08-02,EP,2014204N10239,Genevieve,0.2450
2014-08-02,EP,2014212N11242,Iselle,2.1975
2014-08-02,NA,2014210N10323,Bertha,0.6825
2014-08-03,EP,2014212N11242,Iselle,3.8050
2014-08-03,NA,2014210N10323,Bertha,0.6825
2014-08-04,EP,2014212N11242,Iselle,4.9725
2014-08-04,EP,2014214N13249,Julio,0.4850
2014-08-04,NA,2014210N10323,Bertha,1.6425
2014-08-05,EP,2014204N10239,Genevieve,0.2825
2014-08-05,EP,2014212N11242,Iselle,4.6450
2014-08-05,EP,2014214N13249,Julio,1.0525
2014-08-05,NA,2014210N10323,Bertha,1.1775
2014-08-06,EP,2014204N10239,Genevieve,1.4900
2014-08-06,EP,2014212N11242,Iselle,2.8275
2014-08-06,EP,2014214N13249,Julio,1.8350
2014-08-06,NA,2014210N10323,Bertha,0.6075
2014-08-07,EP,2014204N10239,Genevieve,1.0000
2014-08-07,EP,2014212N11242,Iselle,2.4150
2014-08-07,EP,2014214N13249,Julio,3.0750
2014-08-08,EP,2014212N11242,Iselle,1.2600
2014-08-08,EP,2014214N13249,Julio,4.0050
2014-08-09,EP,2014212N11242,Iselle,0.1225
2014-08-09,EP,2014214N13249,Julio,2.9775
2014-08-10,EP,2014214N13249,Julio,2.5600
2014-08-11,EP,2014214N13249,Julio,1.8975
2014-08-12,EP,2014214N13249,Julio,1.3250
2014-08-13,EP,2014214N13249,Julio,1.6950
2014-08-13,EP,2014225N15255,Karina,0.2825
2014-08-14,EP,2014214N13249,Julio,1.3350
2014-08-14,EP,2014225N15255,Karina,1.2350
2014-08-15,EP,2014214N13249,Julio,0.3625
2014-08-15,EP,2014225N15255,Karina,1.1150
2014-08-16,EP,2014225N15255,Karina,0.6400
2014-08-17,EP,2014225N15255,Karina,0.6400
2014-08-18,EP,2014225N15255,Karina,0.6075
2014-08-18,EP,2014229N16246,Lowell,0.1225
2014-08-19,EP,2014225N15255,Karina,0.9050
2014-08-19,EP,2014229N16246,Lowell,0.7675
2014-08-20,EP,2014225N15255,Karina,0.9050
2014-08-20,EP,2014229N16246,Lowell,0.9575
2014-08-21,EP,2014225N15255,Karina,1.0525
2014-08-21,EP,2014229N16246,Lowell,1.5075
2014-08-22,EP,2014225N15255,Karina,1.3875
2014-08-22,EP,2014229N16246,Lowell,1.2150
2014-08-22,EP,2014234N12261,Marie,0.5750
2014-08-23,EP,2014225N15255,Karina,2.1050
2014-08-23,EP,2014229N16246,Lowell,0.6075
2014-08-23,EP,2014234N12261,Marie,1.9850
2014-08-24,EP,2014225N15255,Karina,1.2875
2014-08-24,EP,2014234N12261,Marie,5.7825
2014-08-24,NA,2014236N22288,Cristobal,0.4850
2014-08-25,EP,2014225N15255,Karina,0.2825
2014-08-25,EP,2014234N12261,Marie,6.3975
2014-08-25,NA,2014236N22288,Cristobal,0.9050
2014-08-26,EP,2014234N12261,Marie,3.2550
2014-08-26,NA,2014236N22288,Cristobal,1.6900
2014-08-27,EP,2014234N12261,Marie,1.9275
2014-08-27,NA,2014236N22288,Cristobal,1.8925
2014-08-28,EP,2014234N12261,Marie,0.6125
2014-08-28,NA,2014236N22288,Cristobal,1.8975
2014-08-29,NA,2014236N22288,Cristobal,1.0525
2014-09-02,EP,2014246N17254,Norbert,0.2450
2014-09-02,NA,2014245N19268,Dolly,0.6450
2014-09-03,EP,2014246N17254,Norbert,1.0250
2014-09-03,NA,2014245N19268,Dolly,0.2825
2014-09-04,EP,2014246N17254,Norbert,2.1150
2014-09-05,EP,2014246N17254,Norbert,2.5600
2014-09-06,EP,2014246N17254,Norbert,3.9225
2014-09-07,EP,2014246N17254,Norbert,1.6350
2014-09-10,EP,2014253N13260,Odile,0.4425
2014-09-11,EP,2014253N13260,Odile,0.8150
2014-09-12,EP,2014253N13260,Odile,1.1050
2014-09-12,NA,2014254N14327,Edouard,0.5650
2014-09-13,EP,2014253N13260,Odile,1.9125
2014-09-13,NA,2014254N14327,Edouard,0.8150
2014-09-14,EP,2014253N13260,Odile,4.8750
2014-09-14,NA,2014254N14327,Edouard,1.7150
2014-09-15,EP,2014253N13260,Odile,3.7625
2014-09-15,NA,2014254N14327,Edouard,3.0750
2014-09-16,EP,2014253N13260,Odile,1.4025
2014-09-16,EP,2014259N11262,Polo,0.6450
2014-09-16,NA,2014254N14327,Edouard,3.9075
2014-09-17,EP,2014253N13260,Odile,0.4850
2014-09-17,EP,2014259N11262,Polo,1.0150
2014-09-17,NA,2014254N14327,Edouard,2.7250
2014-09-18,EP,2014259N11262,Polo,1.6275
2014-09-18,NA,2014254N14327,Edouard,1.9650
2014-09-19,EP,2014259N11262,Polo,1.4400
2014-09-19,NA,2014254N14327,Edouard,0.8650
2014-09-20,EP,2014259N11262,Polo,0.9150
2014-09-21,EP,2014259N11262,Polo,0.5650
2014-09-22,EP,2014259N11262,Polo,0.1225
2014-09-25,EP,2014267N15257,Rachel,0.6075
2014-09-26,EP,2014267N15257,Rachel,0.8575
2014-09-27,EP,2014267N15257,Rachel,1.3300
2014-09-28,EP,2014267N15257,Rachel,2.1775
2014-09-29,EP,2014267N15257,Rachel,1.3350
2014-09-30,EP,2014267N15257,Rachel,0.3250
2014-10-02,EP,2014274N15260,Simon,0.4050
2014-10-03,EP,2014274N15260,Simon,0.9575
2014-10-04,EP,2014274N15260,Simon,2.8975
2014-10-05,EP,2014274N15260,Simon,3.6225
2014-10-06,EP,2014274N15260,Simon,1.1150
2014-10-07,EP,2014274N15260,Simon,0.5650
2014-10-10,NA,2014283N22299,Fay,0.4050
2014-10-11,NA,2014283N22299,Fay,1.2725
2014-10-12,NA,2014283N22299,Fay,1.6325
2014-10-12,NA,2014285N16305,Gonzalo,0.2825
2014-10-13,NA,2014283N22299,Fay,0.2500
2014-10-13,NA,2014285N16305,Gonzalo,1.4175
2014-10-14,EP,2014284N10231,Ana,0.7875
2014-10-14,NA,2014285N16305,Gonzalo,3.3525
2014-10-15,EP,2014284N10231,Ana,1.3825
2014-10-15,NA,2014285N16305,Gonzalo,5.1775
2014-10-16,EP,2014284N10231,Ana,1.0525
2014-10-16,NA,2014285N16305,Gonzalo,5.6575
2014-10-17,EP,2014284N10231,Ana,1.3350
2014-10-17,EP,2014290N14261,Trudy,0.1225
2014-10-17,NA,2014285N16305,Gonzalo,5.0750
2014-10-18,EP,2014284N10231,Ana,2.0325
2014-10-18,EP,2014290N14261,Trudy,0.6125
2014-10-18,NA,2014285N16305,Gonzalo,3.1575
2014-10-19,EP,2014284N10231,Ana,1.8925
2014-10-19,NA,2014285N16305,Gonzalo,1.8525
2014-10-20,EP,2014284N10231,Ana,1.3825
2014-10-21,EP,2014284N10231,Ana,0.7350
2014-10-22,EP,2014284N10231,Ana,0.4900
2014-10-23,EP,2014284N10231,Ana,0.6875
2014-10-24,EP,2014284N10231,Ana,0.9575
2014-10-25,EP,2014284N10231,Ana,1.6900
2014-10-26,EP,2014284N10231,Ana,0.6625
2014-10-27,NA,2014294N20265,Hanna,0.2450
2014-10-30,EP,2014303N11261,Vance,0.1225
2014-10-31,EP,2014303N11261,Vance,0.7250
2014-11-01,EP,2014303N11261,Vance,0.5650
2014-11-02,EP,2014303N11261,Vance,1.4900
2014-11-03,EP,2014303N11261,Vance,3.3325
2014-11-04,EP,2014303N11261,Vance,2.7950
2014-11-05,EP,2014303N11261,Vance,0.1600
2015-05-08,NA,2015126N27281,Ana,0.6825
2015-05-09,NA,2015126N27281,Ana,0.9525
2015-05-10,NA,2015126N27281,Ana,0.4850
2015-05-28,EP,2015148N11250,Andres,0.4100
2015-05-29,EP,2015148N11250,Andres,1.5025
2015-05-30,EP,2015148N11250,Andres,2.8275
2015-05-31,EP,2015148N11250,Andres,4.2100
2015-06-01,EP,2015148N11250,Andres,5.8875
2015-06-01,EP,2015152N12258,Blanca,0.2825
2015-06-02,EP,2015148N11250,Andres,3.0125
2015-06-02,EP,2015152N12258,Blanca,1.1300
2015-06-03,EP,2015148N11250,Andres,1.4025
2015-06-03,EP,2015152N12258,Blanca,4.2575
2015-06-04,EP,2015148N11250,Andres,0.4050
2015-06-04,EP,2015152N12258,Blanca,4.2750
2015-06-05,EP,2015152N12258,Blanca,2.7250
2015-06-06,EP,2015152N12258,Blanca,4.2350
2015-06-07,EP,2015152N12258,Blanca,3.0875
2015-06-08,EP,2015152N12258,Blanca,0.7875
2015-06-11,EP,2015162N12262,Carlos,0.3250
2015-06-12,EP,2015162N12262,Carlos,1.0000
2015-06-13,EP,2015162N12262,Carlos,1.5950
2015-06-14,EP,2015162N12262,Carlos,1.8975
2015-06-15,EP,2015162N12262,Carlos,1.5025
2015-06-16,EP,2015162N12262,Carlos,2.1150
2015-06-16,NA,2015167N27266,Bill,0.9050
2015-06-17,EP,2015162N12262,Carlos,0.9150
2015-06-17,NA,2015167N27266,Bill,0.1600
2015-07-08,EP,2015189N13223,Ela,0.2825
2015-07-09,EP,2015189N13223,Ela,0.5650
2015-07-11,EP,2015188N08194,Halola,0.6075
2015-07-11,EP,2015190N12210,Iune,0.1225
2015-07-11,EP,2015192N11263,Dolores,0.1225
2015-07-12,EP,2015188N08194,Halola,0.9525
2015-07-12,EP,2015190N12210,Iune,0.3675
2015-07-12,EP,2015192N11263,Dolores,0.8150
2015-07-13,EP,2015192N11263,Dolores,1.5750
2015-07-13,EP,2015194N13235,Enrique,0.3675
2015-07-13,NA,2015193N35285,Claudette,0.3625
2015-07-14,EP,2015192N11263,Dolores,2.2550
2015-07-14,EP,2015194N13235,Enrique,0.6450
2015-07-14,NA,2015193N35285,Claudette,0.7675
2015-07-15,EP,2015192N11263,Dolores,4.5375
2015-07-15,EP,2015194N13235,Enrique,0.6875
2015-07-16,EP,2015192N11263,Dolores,3.2450
2015-07-16,EP,2015194N13235,Enrique,0.4900
2015-07-17,EP,2015192N11263,Dolores,1.5675
2015-07-17,EP,2015194N13235,Enrique,0.2450
2015-07-18,EP,2015192N11263,Dolores,0.4850
2015-07-23,EP,2015204N16247,Felicia,0.2450
2015-07-30,EP,2015209N07248,Guillermo,0.6075
2015-07-31,EP,2015209N07248,Guillermo,2.4175
2015-08-01,EP,2015209N07248,Guillermo,3.2400
2015-08-02,EP,2015209N07248,Guillermo,3.0700
2015-08-03,EP,2015209N07248,Guillermo,1.7150
2015-08-04,EP,2015209N07248,Guillermo,1.3825
2015-08-05,EP,2015209N07248,Guillermo,1.1625
2015-08-06,EP,2015209N07248,Guillermo,0.6075
2015-08-06,EP,2015218N12231,Hilda,0.3250
2015-08-07,EP,2015218N12231,Hilda,1.4750
2015-08-08,EP,2015218N12231,Hilda,4.7725
2015-08-09,EP,2015218N12231,Hilda,4.6650
2015-08-10,EP,2015218N12231,Hilda,2.8950
2015-08-11,EP,2015218N12231,Hilda,2.2650
2015-08-12,EP,2015218N12231,Hilda,0.9150
2015-08-13,EP,2015218N12231,Hilda,0.4425
2015-08-18,NA,2015229N10331,Danny,0.2825
2015-08-19,NA,2015229N10331,Danny,0.8575
2015-08-20,NA,2015229N10331,Danny,1.6475
2015-08-21,EP,2015231N13183,Loke,0.1225
2015-08-21,NA,2015229N10331,Danny,3.9375
2015-08-22,EP,2015231N13183,Loke,0.2450
2015-08-22,NA,2015229N10331,Danny,2.6100
2015-08-23,EP,2015231N13183,Loke,0.5275
2015-08-23,NA,2015229N10331,Danny,0.9150
2015-08-24,EP,2015231N13183,Loke,1.2875
2015-08-24,NA,2015229N10331,Danny,0.2825
2015-08-24,NA,2015237N14315,Erika,0.1600
2015-08-25,EP,2015231N13183,Loke,1.6275
2015-08-25,EP,2015236N12231,Ignacio,0.1225
2015-08-25,NA,2015237N14315,Erika,0.6025
2015-08-26,EP,2015229N08212,Kilo,0.1225
2015-08-26,EP,2015231N13183,Loke,1.1050
2015-08-26,EP,2015236N12231,Ignacio,0.9150
2015-08-26,NA,2015237N14315,Erika,0.5650
2015-08-27,EP,2015229N08212,Kilo,0.9150
2015-08-27,EP,2015236N12231,Ignacio,2.2650
2015-08-27,EP,2015238N10255,Jimena,0.5325
2015-08-27,NA,2015237N14315,Erika,0.7675
2015-08-28,EP,2015229N08212,Kilo,1.4400
2015-08-28,EP,2015236N12231,Ignacio,2.5600
2015-08-28,EP,2015238N10255,Jimena,2.3925
2015-08-28,NA,2015237N14315,Erika,0.6075
2015-08-29,EP,2015229N08212,Kilo,2.6325
2015-08-29,EP,2015236N12231,Ignacio,3.7200
2015-08-29,EP,2015238N10255,Jimena,6.3975
2015-08-30,EP,2015229N08212,Kilo,5.2950
2015-08-30,EP,2015236N12231,Ignacio,5.4275
2015-08-30,EP,2015238N10255,Jimena,5.8825
2015-08-30,NA,2015242N12343,Fred,0.6275
2015-08-31,EP,2015229N08212,Kilo,4.3125
2015-08-31,EP,2015236N12231,Ignacio,3.6200
2015-08-31,EP,2015238N10255,Jimena,6.6325
2015-08-31,NA,2015242N12343,Fred,1.9650
2015-09-01,EP,2015229N08212,Kilo,3.0000
2015-09-01,EP,2015236N12231,Ignacio,2.3475
2015-09-01,EP,2015238N10255,Jimena,4.9675
2015-09-01,EP,2015244N12248,Kevin,0.1225
2015-09-01,NA,2015242N12343,Fred,1.2350
2015-09-02,EP,2015236N12231,Ignacio,1.5025
2015-09-02,EP,2015238N10255,Jimena,3.7125
2015-09-02,EP,2015244N12248,Kevin,0.4900
2015-09-02,NA,2015242N12343,Fred,0.6450
2015-09-03,EP,2015236N12231,Ignacio,1.6275
2015-09-03,EP,2015238N10255,Jimena,3.2400
2015-09-03,EP,2015244N12248,Kevin,0.8150
2015-09-03,NA,2015242N12343,Fred,0.5650
2015-09-04,EP,2015236N12231,Ignacio,1.4400
2015-09-04,EP,2015238N10255,Jimena,2.4150
2015-09-04,EP,2015244N12248,Kevin,0.7675
2015-09-04,NA,2015242N12343,Fred,0.2450
2015-09-05,EP,2015238N10255,Jimena,1.6950
2015-09-05,EP,2015244N12248,Kevin,0.1225
2015-09-05,NA,2015242N12343,Fred,0.2450
2015-09-05,NA,2015248N12337,Grace,0.1225
2015-09-06,EP,2015238N10255,Jimena,1.0050
2015-09-06,EP,2015248N10256,Linda,0.5325
2015-09-06,NA,2015248N12337,Grace,0.8150
2015-09-07,EP,2015238N10255,Jimena,0.8100
2015-09-07,EP,2015248N10256,Linda,2.3675
2015-09-07,NA,2015248N12337,Grace,0.7250
2015-09-08,EP,2015238N10255,Jimena,0.9050
2015-09-08,EP,2015248N10256,Linda,3.9525
2015-09-08,NA,2015248N12337,Grace,0.2450
2015-09-09,EP,2015238N10255,Jimena,0.3625
2015-09-09,EP,2015248N10256,Linda,2.8350
2015-09-09,NA,2015251N31298,Henri,0.6075
2015-09-10,EP,2015248N10256,Linda,0.5050
2015-09-10,NA,2015251N31298,Henri,0.7250
2015-09-11,NA,2015251N31298,Henri,0.3200
2015-09-19,NA,2015259N09336,Ida,0.4900
2015-09-20,NA,2015259N09336,Ida,0.6400
2015-09-21,EP,2015260N12187,Malia,0.6450
2015-09-21,NA,2015259N09336,Ida,0.7675
2015-09-22,EP,2015260N12187,Malia,0.4050
2015-09-22,NA,2015259N09336,Ida,0.6400
2015-09-23,NA,2015259N09336,Ida,0.4900
2015-09-24,NA,2015259N09336,Ida,0.1225
2015-09-25,EP,2015266N11214,Niala,0.4050
2015-09-26,EP,2015266N11214,Niala,0.9575
2015-09-27,EP,2015266N11214,Niala,0.8575
2015-09-27,EP,2015270N13257,Marty,0.8625
2015-09-28,EP,2015266N11214,Niala,0.2825
2015-09-28,EP,2015270N13257,Marty,1.5750
2015-09-29,EP,2015270N13257,Marty,1.2875
2015-09-29,NA,2015270N27291,Joaquin,0.7500
2015-09-30,EP,2015270N13257,Marty,0.1600
2015-09-30,NA,2015270N27291,Joaquin,1.9125
2015-10-01,NA,2015270N27291,Joaquin,4.8550
2015-10-02,NA,2015270N27291,Joaquin,5.4125
2015-10-03,EP,2015274N13201,Oho,0.2450
2015-10-03,NA,2015270N27291,Joaquin,6.2750
2015-10-04,EP,2015274N13201,Oho,0.4900
2015-10-04,NA,2015270N27291,Joaquin,4.0500
2015-10-05,EP,2015274N13201,Oho,0.9150
2015-10-05,NA,2015270N27291,Joaquin,2.2500
2015-10-06,EP,2015274N13201,Oho,1.6475
2015-10-06,NA,2015270N27291,Joaquin,2.1050
2015-10-07,EP,2015274N13201,Oho,3.1625
2015-10-07,NA,2015270N27291,Joaquin,1.6325
2015-10-08,EP,2015274N13201,Oho,0.9850
2015-10-10,EP,2015282N11230,Nora,0.6075
2015-10-11,EP,2015282N11230,Nora,1.1150
2015-10-12,EP,2015282N11230,Nora,1.2725
2015-10-13,EP,2015282N11230,Nora,0.6825
2015-10-14,EP,2015282N11230,Nora,0.1225
2015-10-17,EP,2015288N10243,Olaf,0.8250
2015-10-18,EP,2015288N10243,Olaf,1.7775
2015-10-19,EP,2015288N10243,Olaf,4.0500
2015-10-20,EP,2015288N10243,Olaf,6.3925
2015-10-21,EP,2015288N10243,Olaf,5.0900
2015-10-21,EP,2015293N13266,Patricia,0.6550
2015-10-22,EP,2015288N10243,Olaf,4.1075
2015-10-22,EP,2015293N13266,Patricia,3.0550
2015-10-23,EP,2015288N10243,Olaf,4.3075
2015-10-23,EP,2015293N13266,Patricia,12.1525
2015-10-24,EP,2015288N10243,Olaf,4.2100
2015-10-24,EP,2015293N13266,Patricia,1.4600
2015-10-25,EP,2015288N10243,Olaf,2.6425
2015-10-26,EP,2015288N10243,Olaf,1.5375
2015-10-27,EP,2015288N10243,Olaf,0.4050
2015-11-09,NA,2015313N22289,Kate,0.4850
2015-11-10,NA,2015313N22289,Kate,1.2725
2015-11-11,NA,2015313N22289,Kate,1.8975
2015-11-19,EP,2015322N13253,Rick,0.2450
2015-11-20,EP,2015322N13253,Rick,0.4900
2015-11-21,EP,2015322N13253,Rick,0.4900
2015-11-22,EP,2015322N13253,Rick,0.1225
2015-11-24,EP,2015328N11260,Sandra,0.7350
2015-11-25,EP,2015328N11260,Sandra,2.4750
2015-11-26,EP,2015328N11260,Sandra,5.6625
2015-11-27,EP,2015328N11260,Sandra,3.3975
2015-11-28,EP,2015328N11260,Sandra,0.3600
2016-01-07,EP,2016006N02188,Pali,0.3250
2016-01-08,EP,2016006N02188,Pali,1.2150
2016-01-09,EP,2016006N02188,Pali,0.7350
2016-01-10,EP,2016006N02188,Pali,0.6075
2016-01-11,EP,2016006N02188,Pali,1.2150
2016-01-12,EP,2016006N02188,Pali,2.4150
2016-01-12,NA,2016007N27285,Alex,0.2500
2016-01-13,EP,2016006N02188,Pali,2.0525
2016-01-13,NA,2016007N27285,Alex,0.8575
2016-01-14,EP,2016006N02188,Pali,0.4100
2016-01-14,NA,2016007N27285,Alex,1.8500
2016-01-15,NA,2016007N27285,Alex,1.2150
2016-05-28,NA,2016148N27288,Bonnie,0.2825
2016-05-29,NA,2016148N27288,Bonnie,0.2825
2016-06-03,NA,2016148N27288,Bonnie,0.2450
2016-06-04,NA,2016148N27288,Bonnie,0.2450
2016-06-05,NA,2016158N22272,Colin,0.1225
2016-06-06,NA,2016158N22272,Colin,0.6875
2016-06-07,NA,2016158N22272,Colin,0.4050
2016-06-20,NA,2016171N19268,Danielle,0.4050
2016-07-02,EP,2016183N13246,Agatha,0.1225
2016-07-03,EP,2016183N13246,Agatha,0.7250
2016-07-03,EP,2016185N11253,Blas,0.7125
2016-07-04,EP,2016183N13246,Agatha,0.4425
2016-07-04,EP,2016185N11253,Blas,1.5750
2016-07-05,EP,2016185N11253,Blas,3.2900
2016-07-06,EP,2016185N11253,Blas,5.1825
2016-07-07,EP,2016185N11253,Blas,4.5225
2016-07-08,EP,2016185N11253,Blas,2.9975
2016-07-08,EP,2016188N12254,Celia,0.2825
2016-07-09,EP,2016185N11253,Blas,1.3550
2016-07-09,EP,2016188N12254,Celia,0.7250
2016-07-10,EP,2016185N11253,Blas,0.1225
2016-07-10,EP,2016188N12254,Celia,1.2825
2016-07-11,EP,2016188N12254,Celia,2.4150
2016-07-12,EP,2016188N12254,Celia,2.5750
2016-07-12,EP,2016194N15255,Darby,0.3250
2016-07-13,EP,2016188N12254,Celia,1.3350
2016-07-13,EP,2016194N15255,Darby,1.4450
2016-07-14,EP,2016188N12254,Celia,0.8100
2016-07-14,EP,2016194N15255,Darby,2.0325
2016-07-15,EP,2016188N12254,Celia,0.6075
2016-07-15,EP,2016194N15255,Darby,2.9825
2016-07-16,EP,2016194N15255,Darby,3.8150
2016-07-16,EP,2016197N14256,Estelle,0.6875
2016-07-17,EP,2016194N15255,Darby,3.4350
2016-07-17,EP,2016197N14256,Estelle,1.1150
2016-07-18,EP,2016194N15255,Darby,2.1150
2016-07-18,EP,2016197N14256,Estelle,1.3250
2016-07-19,EP,2016194N15255,Darby,1.4450
2016-07-19,EP,2016197N14256,Estelle,1.3250
2016-07-20,EP,2016194N15255,Darby,1.1050
2016-07-20,EP,2016197N14256,Estelle,1.3825
2016-07-21,EP,2016194N15255,Darby,1.1575
2016-07-21,EP,2016197N14256,Estelle,1.0575
2016-07-21,EP,2016203N13259,Frank,0.2825
2016-07-22,EP,2016194N15255,Darby,1.1050
2016-07-22,EP,2016203N10249,Georgette,0.4100
2016-07-22,EP,2016203N13259,Frank,0.8575
2016-07-23,EP,2016194N15255,Darby,0.8625
2016-07-23,EP,2016203N10249,Georgette,1.2675
2016-07-23,EP,2016203N13259,Frank,1.2100
2016-07-24,EP,2016194N15255,Darby,0.1225
2016-07-24,EP,2016203N10249,Georgette,2.2850
2016-07-24,EP,2016203N13259,Frank,1.2675
2016-07-25,EP,2016203N10249,Georgette,4.6350
2016-07-25,EP,2016203N13259,Frank,1.1150
2016-07-26,EP,2016203N10249,Georgette,2.0100
2016-07-26,EP,2016203N13259,Frank,1.4650
2016-07-27,EP,2016203N10249,Georgette,0.2025
2016-07-27,EP,2016203N13259,Frank,1.7875
2016-07-28,EP,2016203N13259,Frank,0.3250
2016-08-01,EP,2016214N15240,Howard,0.4425
2016-08-02,EP,2016214N15240,Howard,0.9525
2016-08-02,NA,2016215N16283,Earl,0.5225
2016-08-03,EP,2016214N15240,Howard,0.3625
2016-08-03,EP,2016216N14243,Ivette,0.4425
2016-08-03,NA,2016215N16283,Earl,1.3875
2016-08-04,EP,2016216N14243,Ivette,0.6825
2016-08-04,NA,2016215N16283,Earl,1.5725
2016-08-05,EP,2016216N14243,Ivette,0.8575
2016-08-05,NA,2016215N16283,Earl,0.6550
2016-08-06,EP,2016216N14243,Ivette,0.8575
2016-08-06,NA,2016215N16283,Earl,0.4525
2016-08-07,EP,2016216N14243,Ivette,0.5650
2016-08-07,EP,2016220N18258,Javier,0.2825
2016-08-08,EP,2016216N14243,Ivette,0.1225
2016-08-08,EP,2016220N18258,Javier,0.9575
2016-08-09,EP,2016220N18258,Javier,0.3725
2016-08-17,NA,2016230N12328,Fiona,0.2450
2016-08-18,NA,2016230N12328,Fiona,0.6025
2016-08-19,EP,2016230N12254,Kay,0.3675
2016-08-19,NA,2016230N12328,Fiona,0.7250
2016-08-20,EP,2016230N12254,Kay,0.6825
2016-08-20,NA,2016230N12328,Fiona,0.7250
2016-08-21,EP,2016230N12254,Kay,0.6450
2016-08-21,NA,2016230N12328,Fiona,0.6075
2016-08-22,EP,2016230N12254,Kay,0.7675
2016-08-22,NA,2016230N12328,Fiona,0.1225
2016-08-22,NA,2016235N11341,Gaston,0.1225
2016-08-23,EP,2016230N12254,Kay,0.1225
2016-08-23,NA,2016235N11341,Gaston,0.9675
2016-08-24,NA,2016235N11341,Gaston,1.5075
2016-08-25,EP,2016237N14253,Lester,0.5750
2016-08-25,NA,2016235N11341,Gaston,1.5075
2016-08-26,EP,2016237N14253,Lester,1.1625
2016-08-26,NA,2016235N11341,Gaston,1.2100
2016-08-27,EP,2016237N14253,Lester,2.6100
2016-08-27,EP,2016240N13224,Madeline,0.7775
2016-08-27,NA,2016235N11341,Gaston,1.3875
2016-08-28,EP,2016237N14253,Lester,2.6575
2016-08-28,EP,2016240N13224,Madeline,1.0525
2016-08-28,NA,2016235N11341,Gaston,3.0125
2016-08-29,EP,2016237N14253,Lester,3.9675
2016-08-29,EP,2016240N13224,Madeline,2.6450
2016-08-29,NA,2016235N11341,Gaston,3.8150
2016-08-30,EP,2016237N14253,Lester,4.7375
2016-08-30,EP,2016240N13224,Madeline,4.6350
2016-08-30,NA,2016235N11341,Gaston,3.0700
2016-08-31,EP,2016237N14253,Lester,5.7650
2016-08-31,EP,2016240N13224,Madeline,2.3000
2016-08-31,NA,2016235N11341,Gaston,4.1075
2016-08-31,NA,2016242N24279,Hermine,0.4850
2016-09-01,EP,2016237N14253,Lester,3.8150
2016-09-01,EP,2016240N13224,Madeline,0.8675
2016-09-01,NA,2016235N11341,Gaston,2.7350
2016-09-01,NA,2016242N24279,Hermine,1.3350
2016-09-02,EP,2016237N14253,Lester,3.9225
2016-09-02,EP,2016240N13224,Madeline,0.1225
2016-09-02,NA,2016235N11341,Gaston,1.2725
2016-09-02,NA,2016242N24279,Hermine,1.4125
2016-09-03,EP,2016237N14253,Lester,2.4150
2016-09-03,NA,2016242N24279,Hermine,0.5525
2016-09-04,EP,2016237N14253,Lester,1.1775
2016-09-04,EP,2016248N15255,Newton,0.1225
2016-09-05,EP,2016237N14253,Lester,0.9525
2016-09-05,EP,2016248N15255,Newton,1.0875
2016-09-06,EP,2016237N14253,Lester,1.0000
2016-09-06,EP,2016248N15255,Newton,2.2550
2016-09-07,EP,2016237N14253,Lester,0.6075
2016-09-07,EP,2016248N15255,Newton,0.9425
2016-09-11,EP,2016255N12247,Orlene,0.4850
2016-09-12,EP,2016255N12247,Orlene,2.2675
2016-09-12,NA,2016256N20312,Ian,0.3675
2016-09-13,EP,2016255N12247,Orlene,3.0750
2016-09-13,NA,2016256N20312,Ian,0.6875
2016-09-13,NA,2016257N27280,Julia,0.3250
2016-09-14,EP,2016255N12247,Orlene,1.9650
2016-09-14,NA,2016256N20312,Ian,0.8100
2016-09-14,NA,2016257N27280,Julia,0.6825
2016-09-15,EP,2016255N12247,Orlene,1.6325
2016-09-15,NA,2016256N20312,Ian,0.8100
2016-09-15,NA,2016257N13341,Karl,0.3675
2016-09-15,NA,2016257N27280,Julia,0.6400
2016-09-16,EP,2016255N12247,Orlene,0.7875
2016-09-16,NA,2016256N20312,Ian,0.4525
2016-09-16,NA,2016257N13341,Karl,0.6400
2016-09-16,NA,2016257N27280,Julia,0.6400
2016-09-17,NA,2016257N13341,Karl,0.6400
2016-09-18,EP,2016262N16251,Paine,0.5325
2016-09-18,NA,2016257N13341,Karl,0.4900
2016-09-19,EP,2016262N16251,Paine,2.0525
2016-09-19,NA,2016257N13341,Karl,0.4900
2016-09-20,EP,2016262N16251,Paine,0.9950
2016-09-20,NA,2016257N13341,Karl,0.4900
2016-09-20,NA,2016263N13333,Lisa,0.2825
2016-09-21,NA,2016257N13341,Karl,0.1225
2016-09-21,NA,2016263N13333,Lisa,0.7250
2016-09-22,NA,2016257N13341,Karl,0.1225
2016-09-22,NA,2016263N13333,Lisa,0.7250
2016-09-23,NA,2016257N13341,Karl,0.9625
2016-09-23,NA,2016263N13333,Lisa,0.5275
2016-09-24,NA,2016257N13341,Karl,1.2100
2016-09-24,NA,2016263N13333,Lisa,0.5650
2016-09-25,NA,2016257N13341,Karl,0.6625
2016-09-26,EP,2016270N15240,Roslyn,0.6875
2016-09-27,EP,2016270N12223,Ulika,0.5750
2016-09-27,EP,2016270N15240,Roslyn,0.6825
2016-09-28,EP,2016270N12223,Ulika,1.5075
2016-09-28,EP,2016270N15240,Roslyn,0.4900
2016-09-28,NA,2016273N13300,Matthew,0.5000
2016-09-29,EP,2016270N12223,Ulika,0.9150
2016-09-29,NA,2016273N13300,Matthew,1.3875
2016-09-30,EP,2016270N12223,Ulika,0.1225
2016-09-30,NA,2016273N13300,Matthew,3.6525
2016-10-01,NA,2016273N13300,Matthew,7.5750
2016-10-02,NA,2016273N13300,Matthew,6.7650
2016-10-03,NA,2016273N13300,Matthew,6.3775
2016-10-04,NA,2016273N13300,Matthew,6.3825
2016-10-04,NA,2016278N23300,Nicole,0.4850
2016-10-05,NA,2016273N13300,Matthew,4.7375
2016-10-05,NA,2016278N23300,Nicole,0.8575
2016-10-06,NA,2016273N13300,Matthew,5.1925
2016-10-06,NA,2016278N23300,Nicole,1.4750
2016-10-07,NA,2016273N13300,Matthew,4.6350
2016-10-07,NA,2016278N23300,Nicole,2.0350
2016-10-08,NA,2016273N13300,Matthew,2.7550
2016-10-08,NA,2016278N23300,Nicole,0.7725
2016-10-09,NA,2016273N13300,Matthew,0.9800
2016-10-09,NA,2016278N23300,Nicole,1.1100
2016-10-10,NA,2016278N23300,Nicole,1.0000
2016-10-11,NA,2016278N23300,Nicole,1.3500
2016-10-12,NA,2016278N23300,Nicole,3.2900
2016-10-13,NA,2016278N23300,Nicole,4.8750
2016-10-14,NA,2016278N23300,Nicole,2.1975
2016-10-15,NA,2016278N23300,Nicole,2.1100
2016-10-16,NA,2016278N23300,Nicole,1.9650
2016-10-17,NA,2016278N23300,Nicole,1.6900
2016-10-18,NA,2016278N23300,Nicole,0.6625
2016-10-23,EP,2016296N11262,Seymour,0.2825
2016-10-24,EP,2016296N11262,Seymour,1.7400
2016-10-25,EP,2016296N11262,Seymour,4.0500
2016-10-26,EP,2016296N11262,Seymour,6.1525
2016-10-27,EP,2016296N11262,Seymour,2.2675
2016-10-28,EP,2016296N11262,Seymour,0.1600
2016-11-13,EP,2016318N18253,Tina,0.3675
2016-11-14,EP,2016318N18253,Tina,0.1225
2016-11-21,NA,2016323N13279,Otto,0.4850
2016-11-22,NA,2016323N13279,Otto,1.2725
2016-11-23,NA,2016323N13279,Otto,1.5025
2016-11-24,NA,2016323N13279,Otto,3.3525
2016-11-25,EP,2016323N13279,Otto,0.9125
2016-11-25,NA,2016323N13279,Otto,0.4225
2016-11-26,EP,2016323N13279,Otto,0.3625
2017-04-20,NA,2017106N36310,Arlene,0.4050
2017-04-21,NA,2017106N36310,Arlene,0.4050
2017-05-10,EP,2017130N09269,Adrian,0.5275
2017-06-01,EP,2017152N14262,Beatriz,0.4425
2017-06-02,EP,2017152N14262,Beatriz,0.1600
2017-06-12,EP,2017163N14265,Calvin,0.1225
2017-06-13,EP,2017163N14265,Calvin,0.1600
2017-06-19,NA,2017170N08310,Bret,0.1600
2017-06-20,NA,2017170N08310,Bret,0.3625
2017-06-20,NA,2017171N24271,Cindy,0.2025
2017-06-21,NA,2017171N24271,Cindy,0.9525
2017-06-22,NA,2017171N24271,Cindy,0.6875
2017-06-25,EP,2017175N13264,Dora,0.4850
2017-06-26,EP,2017175N13264,Dora,2.2575
2017-06-27,EP,2017175N13264,Dora,2.0100
2017-06-28,EP,2017175N13264,Dora,0.2025
2017-07-07,EP,2017189N11250,Eugene,0.1225
2017-07-08,EP,2017189N11250,Eugene,0.8925
2017-07-09,EP,2017189N11250,Eugene,3.1150
2017-07-10,EP,2017189N11250,Eugene,2.5850
2017-07-11,EP,2017189N11250,Eugene,1.1150
2017-07-12,EP,2017189N11250,Eugene,0.2825
2017-07-12,EP,2017193N12252,Fernanda,0.1225
2017-07-13,EP,2017193N12252,Fernanda,1.0875
2017-07-14,EP,2017193N12252,Fernanda,3.3975
2017-07-15,EP,2017193N12252,Fernanda,5.8875
2017-07-16,EP,2017193N12252,Fernanda,5.2900
2017-07-17,EP,2017193N12252,Fernanda,4.5225
2017-07-17,NA,2017198N10312,Don,0.2825
2017-07-18,EP,2017193N12252,Fernanda,3.3325
2017-07-18,EP,2017199N14255,Greg,0.2450
2017-07-18,NA,2017198N10312,Don,0.4850
2017-07-19,EP,2017193N12252,Fernanda,2.4150
2017-07-19,EP,2017199N14255,Greg,0.5650
2017-07-20,EP,2017193N12252,Fernanda,1.2875
2017-07-20,EP,2017199N14255,Greg,0.6075
2017-07-21,EP,2017193N12252,Fernanda,0.6875
2017-07-21,EP,2017199N14255,Greg,0.9050
2017-07-22,EP,2017193N12252,Fernanda,0.3675
2017-07-22,EP,2017199N14255,Greg,0.8100
2017-07-22,EP,2017202N08274,Hilary,0.2450
2017-07-23,EP,2017199N14255,Greg,0.8100
2017-07-23,EP,2017202N08274,Hilary,0.6075
2017-07-23,EP,2017203N14248,Irwin,0.4050
2017-07-24,EP,2017199N14255,Greg,0.6825
2017-07-24,EP,2017202N08274,Hilary,1.7775
2017-07-24,EP,2017203N14248,Irwin,1.1150
2017-07-25,EP,2017199N14255,Greg,0.5650
2017-07-25,EP,2017202N08274,Hilary,2.9825
2017-07-25,EP,2017203N14248,Irwin,2.1150
2017-07-26,EP,2017202N08274,Hilary,3.2450
2017-07-26,EP,2017203N14248,Irwin,1.6825
2017-07-27,EP,2017202N08274,Hilary,2.2750
2017-07-27,EP,2017203N14248,Irwin,1.0000
2017-07-28,EP,2017202N08274,Hilary,1.3250
2017-07-28,EP,2017203N14248,Irwin,1.0000
2017-07-29,EP,2017202N08274,Hilary,1.1575
2017-07-29,EP,2017203N14248,Irwin,1.0000
2017-07-30,EP,2017202N08274,Hilary,0.9525
2017-07-30,EP,2017203N14248,Irwin,1.2100
2017-07-31,EP,2017203N14248,Irwin,1.0525
2017-07-31,NA,2017212N28275,Emily,0.6075
2017-08-01,EP,2017203N14248,Irwin,0.5275
2017-08-07,NA,2017219N16279,Franklin,0.7350
2017-08-08,NA,2017219N16279,Franklin,0.7825
2017-08-09,NA,2017219N16279,Franklin,1.2450
2017-08-10,NA,2017219N16279,Franklin,0.9225
2017-08-11,EP,2017224N19253,Jova,0.1225
2017-08-12,EP,2017224N19253,Jova,0.3675
2017-08-13,NA,2017224N22293,Gert,0.4900
2017-08-14,NA,2017224N22293,Gert,0.9150
2017-08-15,NA,2017224N22293,Gert,1.7625
2017-08-16,NA,2017224N22293,Gert,2.8275
2017-08-17,NA,2017224N22293,Gert,1.8100
2017-08-17,NA,2017228N14314,Harvey,0.1225
2017-08-18,NA,2017228N14314,Harvey,0.6025
2017-08-19,EP,2017230N13249,Kenneth,0.7350
2017-08-19,NA,2017228N14314,Harvey,0.2450
2017-08-20,EP,2017230N13249,Kenneth,1.7250
2017-08-21,EP,2017230N13249,Kenneth,4.6500
2017-08-22,EP,2017230N13249,Kenneth,2.6100
2017-08-23,EP,2017230N13249,Kenneth,0.6100
2017-08-23,NA,2017228N14314,Harvey,0.1225
2017-08-24,NA,2017228N14314,Harvey,1.2600
2017-08-25,NA,2017228N14314,Harvey,3.4550
2017-08-26,NA,2017228N14314,Harvey,3.0975
2017-08-27,NA,2017228N14314,Harvey,0.6075
2017-08-28,NA,2017228N14314,Harvey,0.6025
2017-08-29,NA,2017228N14314,Harvey,0.6825
2017-08-30,EP,2017242N17253,Lidia,0.1225
2017-08-30,NA,2017228N14314,Harvey,0.6450
2017-08-30,NA,2017242N16333,Irma,0.5750
2017-08-31,EP,2017242N17253,Lidia,0.7875
2017-08-31,NA,2017242N16333,Irma,2.2675
2017-09-01,EP,2017242N17253,Lidia,1.1050
2017-09-01,NA,2017242N16333,Irma,4.0000
2017-09-02,EP,2017242N17253,Lidia,0.6075
2017-09-02,NA,2017242N16333,Irma,3.8050
2017-09-03,NA,2017242N16333,Irma,3.8050
2017-09-04,NA,2017242N16333,Irma,4.6350
2017-09-05,NA,2017242N16333,Irma,8.0375
2017-09-05,NA,2017247N09327,Jose,0.2825
2017-09-06,NA,2017242N16333,Irma,9.4575
2017-09-06,NA,2017247N09327,Jose,1.1775
2017-09-06,NA,2017249N22263,Katia,0.7475
2017-09-07,NA,2017242N16333,Irma,8.5575
2017-09-07,NA,2017247N09327,Jose,2.9400
2017-09-07,NA,2017249N22263,Katia,1.9600
2017-09-08,NA,2017242N16333,Irma,7.5650
2017-09-08,NA,2017247N09327,Jose,5.9375
2017-09-08,NA,2017249N22263,Katia,2.7350
2017-09-09,NA,2017242N16333,Irma,5.9050
2017-09-09,NA,2017247N09327,Jose,6.5150
2017-09-09,NA,2017249N22263,Katia,0.6125
2017-09-10,NA,2017242N16333,Irma,4.6450
2017-09-10,NA,2017247N09327,Jose,5.0700
2017-09-11,NA,2017242N16333,Irma,1.5150
2017-09-11,NA,2017247N09327,Jose,3.1725
2017-09-12,NA,2017242N16333,Irma,0.1225
2017-09-12,NA,2017247N09327,Jose,2.0325
2017-09-13,EP,2017254N16251,Otis,0.2450
2017-09-13,EP,2017257N16258,Max,0.1225
2017-09-13,NA,2017247N09327,Jose,1.9600
2017-09-14,EP,2017257N16251,Norma,0.2825
2017-09-14,EP,2017257N16258,Max,1.6925
2017-09-14,NA,2017247N09327,Jose,1.8250
2017-09-15,EP,2017257N16251,Norma,1.1150
2017-09-15,EP,2017257N16258,Max,0.3600
2017-09-15,NA,2017247N09327,Jose,1.5025
2017-09-16,EP,2017254N16251,Otis,0.1225
2017-09-16,EP,2017257N16251,Norma,1.5075
2017-09-16,NA,2017247N09327,Jose,1.6900
2017-09-16,NA,2017258N10337,Lee,0.2450
2017-09-16,NA,2017260N12310,Maria,0.1600
2017-09-17,EP,2017254N16251,Otis,1.4725
2017-09-17,EP,2017257N16251,Norma,0.8575
2017-09-17,NA,2017247N09327,Jose,2.3325
2017-09-17,NA,2017258N10337,Lee,0.2450
2017-09-17,NA,2017260N12310,Maria,1.2875
2017-09-18,EP,2017254N16251,Otis,2.4350
2017-09-18,EP,2017257N16251,Norma,0.7675
2017-09-18,NA,2017247N09327,Jose,2.1150
2017-09-18,NA,2017260N12310,Maria,3.4125
2017-09-19,EP,2017254N16251,Otis,0.2825
2017-09-19,EP,2017257N16251,Norma,0.1225
2017-09-19,NA,2017247N09327,Jose,1.5650
2017-09-19,NA,2017258N10337,Lee,0.1225
2017-09-19,NA,2017260N12310,Maria,7.9875
2017-09-20,NA,2017247N09327,Jose,1.4400
2017-09-20,NA,2017258N10337,Lee,0.2825
2017-09-20,NA,2017260N12310,Maria,6.4350
2017-09-21,NA,2017247N09327,Jose,1.1575
2017-09-21,NA,2017260N12310,Maria,4.0050
2017-09-22,NA,2017247N09327,Jose,0.5650
2017-09-22,NA,2017260N12310,Maria,4.8400
2017-09-23,EP,2017265N17257,Pilar,0.1225
2017-09-23,NA,2017258N10337,Lee,0.6075
2017-09-23,NA,2017260N12310,Maria,4.1025
2017-09-24,EP,2017265N17257,Pilar,0.6875
2017-09-24,NA,2017258N10337,Lee,1.8750
2017-09-24,NA,2017260N12310,Maria,3.6150
2017-09-25,EP,2017265N17257,Pilar,0.2825
2017-09-25,NA,2017258N10337,Lee,2.5650
2017-09-25,NA,2017260N12310,Maria,2.2650
2017-09-26,NA,2017258N10337,Lee,3.0750
2017-09-26,NA,2017260N12310,Maria,1.7575
2017-09-27,NA,2017258N10337,Lee,3.8050
2017-09-27,NA,2017260N12310,Maria,1.6900
2017-09-28,NA,2017258N10337,Lee,3.0750
2017-09-28,NA,2017260N12310,Maria,1.4450
2017-09-29,NA,2017258N10337,Lee,1.7775
2017-09-29,NA,2017260N12310,Maria,1.0525
2017-09-30,NA,2017258N10337,Lee,0.2500
2017-09-30,NA,2017260N12310,Maria,0.7500
2017-10-04,EP,2017277N14265,Ramon,0.4425
2017-10-05,NA,2017277N11279,Nate,0.3675
2017-10-06,NA,2017277N11279,Nate,0.6450
2017-10-07,NA,2017277N11279,Nate,2.0725
2017-10-08,NA,2017277N11279,Nate,1.0450
2017-10-09,NA,2017280N32321,Ophelia,0.4050
2017-10-10,NA,2017280N32321,Ophelia,0.7675
2017-10-11,NA,2017280N32321,Ophelia,1.3350
2017-10-12,NA,2017280N32321,Ophelia,2.4150
2017-10-13,NA,2017280N32321,Ophelia,2.9000
2017-10-14,NA,2017280N32321,Ophelia,3.6250
2017-10-15,NA,2017280N32321,Ophelia,3.0750
2017-10-27,EP,2017300N10271,Selma,0.3675
2017-10-28,EP,2017300N10271,Selma,0.2450
2017-10-28,NA,2017301N18276,Philippe,0.1225
2017-11-07,NA,2017309N26308,Rina,0.6025
2017-11-08,NA,2017309N26308,Rina,0.8575
2017-11-09,NA,2017309N26308,Rina,0.2025
2018-05-26,NA,2018146N19273,Alberto,0.1225
2018-05-27,NA,2018146N19273,Alberto,0.6075
2018-05-28,NA,2018146N19273,Alberto,1.0575
2018-06-06,EP,2018157N14255,Aletta,0.4850
2018-06-07,EP,2018157N14255,Aletta,1.2775
2018-06-08,EP,2018157N14255,Aletta,4.7925
2018-06-09,EP,2018157N14255,Aletta,3.5100
2018-06-10,EP,2018157N14255,Aletta,0.8250
2018-06-10,EP,2018161N12260,Bud,1.0500
2018-06-11,EP,2018157N14255,Aletta,0.2825
2018-06-11,EP,2018161N12260,Bud,3.5825
2018-06-12,EP,2018161N12260,Bud,4.9725
2018-06-13,EP,2018161N12260,Bud,1.7750
2018-06-14,EP,2018161N12260,Bud,0.6825
2018-06-15,EP,2018161N12260,Bud,0.2825
2018-06-15,EP,2018166N15260,Carlotta,0.1225
2018-06-16,EP,2018166N15260,Carlotta,0.7300
2018-06-17,EP,2018166N15260,Carlotta,0.6275
2018-06-24,EP,2018174N12244,Daniel,0.2825
2018-06-25,EP,2018174N12244,Daniel,0.4425
2018-06-28,EP,2018178N12253,Emilia,0.2825
2018-06-29,EP,2018178N12253,Emilia,0.9050
2018-06-30,EP,2018178N12253,Emilia,0.2825
2018-07-01,EP,2018182N11256,Fabio,0.6125
2018-07-02,EP,2018182N11256,Fabio,1.5750
2018-07-03,EP,2018182N11256,Fabio,2.9975
2018-07-04,EP,2018182N11256,Fabio,3.0750
2018-07-05,EP,2018182N11256,Fabio,1.4275
2018-07-05,NA,2018186N10325,Beryl,0.6075
2018-07-06,EP,2018182N11256,Fabio,0.1600
2018-07-06,NA,2018186N10325,Beryl,1.7050
2018-07-07,NA,2018186N10325,Beryl,1.3500
2018-07-08,NA,2018186N10325,Beryl,0.4050
2018-07-08,NA,2018186N31292,Chris,0.4050
2018-07-09,NA,2018186N31292,Chris,0.9575
2018-07-10,NA,2018186N31292,Chris,1.7050
2018-07-11,NA,2018186N31292,Chris,2.9825
2018-07-12,NA,2018186N31292,Chris,1.3450
2018-07-14,NA,2018186N10325,Beryl,0.2450
2018-07-15,NA,2018186N10325,Beryl,0.4900
2018-07-26,EP,2018208N13238,Gilma,0.1225
2018-07-27,EP,2018208N13238,Gilma,0.4050
2018-08-01,EP,2018213N12245,Hector,0.6075
2018-08-02,EP,2018213N12245,Hector,1.9825
2018-08-03,EP,2018213N12245,Hector,2.9825
2018-08-04,EP,2018213N12245,Hector,4.4150
2018-08-05,EP,2018213N12245,Hector,4.9525
2018-08-05,EP,2018217N12266,Ileana,0.3250
2018-08-06,EP,2018213N12245,Hector,6.5150
2018-08-06,EP,2018217N12266,Ileana,1.1050
2018-08-06,EP,2018218N14255,John,1.0500
2018-08-07,EP,2018213N12245,Hector,6.3925
2018-08-07,EP,2018217N12266,Ileana,0.4525
2018-08-07,EP,2018218N14255,John,2.8425
2018-08-07,EP,2018219N15237,Kristy,0.7300
2018-08-07,NA,2018215N41326,Debby,0.3675
2018-08-08,EP,2018213N12245,Hector,4.8550
2018-08-08,EP,2018218N14255,John,2.5750
2018-08-08,EP,2018219N15237,Kristy,0.6400
2018-08-08,NA,2018215N41326,Debby,0.6025
2018-08-09,EP,2018213N12245,Hector,4.2050
2018-08-09,EP,2018218N14255,John,1.5750
2018-08-09,EP,2018219N15237,Kristy,1.0575
2018-08-09,NA,2018215N41326,Debby,0.5225
2018-08-10,EP,2018213N12245,Hector,5.2950
2018-08-10,EP,2018218N14255,John,0.4525
2018-08-10,EP,2018219N15237,Kristy,1.3825
2018-08-11,EP,2018213N12245,Hector,4.3275
2018-08-11,EP,2018219N15237,Kristy,0.5325
2018-08-12,EP,2018213N12245,Hector,2.5175
2018-08-13,EP,2018213N12245,Hector,0.8650
2018-08-15,EP,2018226N11245,Lane,0.2825
2018-08-15,NA,2018227N37315,Ernesto,0.2450
2018-08-16,EP,2018226N11245,Lane,0.9575
2018-08-16,NA,2018227N37315,Ernesto,0.5650
2018-08-17,EP,2018226N11245,Lane,2.4450
2018-08-17,NA,2018227N37315,Ernesto,0.6400
2018-08-18,EP,2018226N11245,Lane,5.2025
2018-08-19,EP,2018226N11245,Lane,4.7375
2018-08-20,EP,2018226N11245,Lane,4.5175
2018-08-21,EP,2018226N11245,Lane,6.1425
2018-08-22,EP,2018226N11245,Lane,7.3000
2018-08-23,EP,2018226N11245,Lane,5.8875
2018-08-24,EP,2018226N11245,Lane,3.5525
2018-08-25,EP,2018226N11245,Lane,1.1775
2018-08-26,EP,2018226N11245,Lane,0.2825
2018-08-26,EP,2018238N13239,Miriam,0.2825
2018-08-27,EP,2018226N11245,Lane,0.2450
2018-08-27,EP,2018238N13239,Miriam,1.0575
2018-08-28,EP,2018238N13239,Miriam,1.1575
2018-08-28,EP,2018240N15251,Norman,0.1225
2018-08-29,EP,2018238N13239,Miriam,1.3350
2018-08-29,EP,2018240N15251,Norman,1.1775
2018-08-30,EP,2018238N13239,Miriam,1.9650
2018-08-30,EP,2018240N15251,Norman,4.7175
2018-08-31,EP,2018238N13239,Miriam,2.5650
2018-08-31,EP,2018240N15251,Norman,5.7850
2018-09-01,EP,2018238N13239,Miriam,1.9575
2018-09-01,EP,2018240N15251,Norman,3.4300
2018-09-01,NA,2018242N13343,Florence,0.4050
2018-09-02,EP,2018238N13239,Miriam,0.2825
2018-09-02,EP,2018240N15251,Norman,4.4750
2018-09-02,EP,2018244N14252,Olivia,0.6025
2018-09-02,NA,2018242N13343,Florence,0.9525
2018-09-03,EP,2018240N15251,Norman,4.3425
2018-09-03,EP,2018244N14252,Olivia,0.9725
2018-09-03,NA,2018242N13343,Florence,1.1625
2018-09-03,NA,2018246N22283,Gordon,0.4525
2018-09-04,EP,2018240N15251,Norman,2.2550
2018-09-04,EP,2018244N14252,Olivia,2.7950
2018-09-04,NA,2018242N13343,Florence,1.8975
2018-09-04,NA,2018246N22283,Gordon,1.2675
2018-09-05,EP,2018240N15251,Norman,3.2325
2018-09-05,EP,2018244N14252,Olivia,3.8350
2018-09-05,NA,2018242N13343,Florence,4.0500
2018-09-05,NA,2018246N22283,Gordon,0.5625
2018-09-06,EP,2018240N15251,Norman,4.1075
2018-09-06,EP,2018244N14252,Olivia,3.7425
2018-09-06,NA,2018242N13343,Florence,3.7975
2018-09-07,EP,2018240N15251,Norman,2.0675
2018-09-07,EP,2018244N14252,Olivia,4.1375
2018-09-07,NA,2018242N13343,Florence,1.2675
2018-09-08,EP,2018240N15251,Norman,1.1150
2018-09-08,EP,2018244N14252,Olivia,2.4875
2018-09-08,NA,2018242N13343,Florence,1.2675
2018-09-08,NA,2018251N13325,Isaac,0.2825
2018-09-08,NA,2018251N13343,Helene,0.6875
2018-09-09,EP,2018244N14252,Olivia,1.8975
2018-09-09,EP,2018251N15248,Paul,0.5275
2018-09-09,NA,2018242N13343,Florence,1.6325
2018-09-09,NA,2018251N13325,Isaac,1.1150
2018-09-09,NA,2018251N13343,Helene,1.3350
2018-09-10,EP,2018244N14252,Olivia,2.1775
2018-09-10,EP,2018251N15248,Paul,0.5275
2018-09-10,NA,2018242N13343,Florence,3.9925
2018-09-10,NA,2018251N13325,Isaac,1.6900
2018-09-10,NA,2018251N13343,Helene,2.7350
2018-09-11,EP,2018244N14252,Olivia,1.3350
2018-09-11,EP,2018251N15248,Paul,0.1225
2018-09-11,NA,2018242N13343,Florence,5.8975
2018-09-11,NA,2018251N13325,Isaac,1.4400
2018-09-11,NA,2018251N13343,Helene,3.5175
2018-09-12,EP,2018244N14252,Olivia,0.6825
2018-09-12,NA,2018242N13343,Florence,5.2950
2018-09-12,NA,2018251N13325,Isaac,1.1575
2018-09-12,NA,2018251N13343,Helene,2.5650
2018-09-12,NA,2018255N37320,Joyce,0.3200
2018-09-13,EP,2018244N14252,Olivia,0.2450
2018-09-13,NA,2018242N13343,Florence,3.8150
2018-09-13,NA,2018251N13325,Isaac,0.6450
2018-09-13,NA,2018251N13343,Helene,1.6325
2018-09-13,NA,2018255N37320,Joyce,0.5650
2018-09-14,EP,2018244N14252,Olivia,0.1225
2018-09-14,NA,2018242N13343,Florence,2.5950
2018-09-14,NA,2018251N13325,Isaac,0.4900
2018-09-14,NA,2018251N13343,Helene,1.4400
2018-09-14,NA,2018255N37320,Joyce,0.5275
2018-09-15,NA,2018242N13343,Florence,1.2150
2018-09-15,NA,2018251N13343,Helene,1.3250
2018-09-15,NA,2018255N37320,Joyce,0.7250
2018-09-16,NA,2018242N13343,Florence,0.4850
2018-09-16,NA,2018251N13343,Helene,0.4525
2018-09-16,NA,2018255N37320,Joyce,0.2450
2018-09-22,NA,2018265N08338,Kirk,0.2450
2018-09-23,NA,2018265N08338,Kirk,0.2450
2018-09-23,NA,2018265N35315,Leslie,0.2450
2018-09-24,NA,2018265N35315,Leslie,0.4900
2018-09-25,EP,2018268N14253,Rosa,0.3625
2018-09-26,EP,2018268N14253,Rosa,1.5375
2018-09-26,NA,2018265N08338,Kirk,1.0575
2018-09-27,EP,2018268N14253,Rosa,3.0375
2018-09-27,NA,2018265N08338,Kirk,1.0000
2018-09-28,EP,2018268N14253,Rosa,5.7950
2018-09-28,NA,2018265N08338,Kirk,0.6875
2018-09-28,NA,2018265N35315,Leslie,0.4050
2018-09-29,EP,2018268N14253,Rosa,3.1575
2018-09-29,EP,2018269N11220,Walaka,0.1225
2018-09-29,EP,2018273N12259,Sergio,0.2450
2018-09-29,NA,2018265N35315,Leslie,0.6825
2018-09-30,EP,2018268N14253,Rosa,2.2750
2018-09-30,EP,2018269N11220,Walaka,1.1925
2018-09-30,EP,2018273N12259,Sergio,0.9150
2018-09-30,NA,2018265N35315,Leslie,0.8100
2018-10-01,EP,2018268N14253,Rosa,0.7875
2018-10-01,EP,2018269N11220,Walaka,4.2725
2018-10-01,EP,2018273N12259,Sergio,1.3250
2018-10-01,NA,2018265N35315,Leslie,0.9525
2018-10-02,EP,2018269N11220,Walaka,7.4325
2018-10-02,EP,2018273N12259,Sergio,2.8975
2018-10-02,NA,2018265N35315,Leslie,1.2150
2018-10-03,EP,2018269N11220,Walaka,5.7650
2018-10-03,EP,2018273N12259,Sergio,4.5175
2018-10-03,NA,2018265N35315,Leslie,1.9075
2018-10-04,EP,2018269N11220,Walaka,4.2550
2018-10-04,EP,2018273N12259,Sergio,5.6425
2018-10-04,NA,2018265N35315,Leslie,1.8350
2018-10-05,EP,2018269N11220,Walaka,1.3350
2018-10-05,EP,2018273N12259,Sergio,4.3125
2018-10-05,NA,2018265N35315,Leslie,1.1575
2018-10-06,EP,2018269N11220,Walaka,0.4050
2018-10-06,EP,2018273N12259,Sergio,4.8400
2018-10-06,NA,2018265N35315,Leslie,1.0000
2018-10-07,EP,2018273N12259,Sergio,3.6350
2018-10-07,NA,2018265N35315,Leslie,1.0000
2018-10-07,NA,2018280N18273,Michael,0.3250
2018-10-08,EP,2018273N12259,Sergio,2.3275
2018-10-08,NA,2018265N35315,Leslie,0.8575
2018-10-08,NA,2018280N18273,Michael,1.5950
2018-10-09,EP,2018273N12259,Sergio,1.7625
2018-10-09,NA,2018265N35315,Leslie,1.2675
2018-10-09,NA,2018280N18273,Michael,3.2550
2018-10-09,NA,2018282N09333,Nadine,0.2825
2018-10-10,EP,2018273N12259,Sergio,1.2675
2018-10-10,NA,2018265N35315,Leslie,1.6900
2018-10-10,NA,2018280N18273,Michael,6.0350
2018-10-10,NA,2018282N09333,Nadine,1.1050
2018-10-11,EP,2018273N12259,Sergio,1.2100
2018-10-11,NA,2018265N35315,Leslie,2.0325
2018-10-11,NA,2018280N18273,Michael,1.2950
2018-10-11,NA,2018282N09333,Nadine,0.8575
2018-10-12,EP,2018273N12259,Sergio,0.8075
2018-10-12,NA,2018265N35315,Leslie,2.4050
2018-10-12,NA,2018282N09333,Nadine,0.4425
2018-10-13,NA,2018265N35315,Leslie,1.3350
2018-10-15,EP,2018288N17257,Tara,0.4850
2018-10-16,EP,2018288N17257,Tara,0.8350
2018-10-19,EP,2018292N13269,Vicente,0.1225
2018-10-20,EP,2018292N13269,Vicente,0.6075
2018-10-20,EP,2018292N14261,Willa,0.3250
2018-10-21,EP,2018292N13269,Vicente,0.7675
2018-10-21,EP,2018292N14261,Willa,2.5150
2018-10-22,EP,2018292N13269,Vicente,0.6025
2018-10-22,EP,2018292N14261,Willa,6.9125
2018-10-23,EP,2018292N13269,Vicente,0.1225
2018-10-23,EP,2018292N14261,Willa,4.7525
2018-10-24,EP,2018292N14261,Willa,1.2025
2018-10-26,NA,2018300N25315,Oscar,0.1225
2018-10-27,NA,2018300N25315,Oscar,0.8625
2018-10-28,NA,2018300N25315,Oscar,1.3875
2018-10-29,NA,2018300N25315,Oscar,2.1975
2018-10-30,NA,2018300N25315,Oscar,2.9975
2018-10-31,NA,2018300N25315,Oscar,1.4700
2018-11-03,EP,2018306N14249,Xavier,0.6875
2018-11-04,EP,2018306N14249,Xavier,1.1050
2018-11-05,EP,2018306N14249,Xavier,1.0050
2019-05-20,NA,2019141N28291,Andrea,0.1225
2019-05-21,NA,2019141N28291,Andrea,0.2450
2019-06-26,EP,2019177N15256,Alvin,0.2825
2019-06-27,EP,2019177N15256,Alvin,1.0050
2019-06-28,EP,2019177N15256,Alvin,1.3350
2019-06-29,EP,2019177N15256,Alvin,0.1600
2019-06-30,EP,2019181N10252,Barbara,0.4050
2019-07-01,EP,2019181N10252,Barbara,1.3550
2019-07-02,EP,2019181N10252,Barbara,4.3350
2019-07-03,EP,2019181N10252,Barbara,6.7750
2019-07-04,EP,2019181N10252,Barbara,4.2350
2019-07-05,EP,2019181N10252,Barbara,1.9575
2019-07-06,EP,2019188N16245,Cosme,0.4050
2019-07-07,EP,2019188N16245,Cosme,0.5275
2019-07-11,NA,2019192N29274,Barry,0.4050
2019-07-12,NA,2019192N29274,Barry,0.9575
2019-07-13,NA,2019192N29274,Barry,1.5025
2019-07-14,NA,2019192N29274,Barry,0.6550
2019-07-23,EP,2019203N15244,Dalila,0.4425
2019-07-24,EP,2019203N15244,Dalila,0.1225
2019-07-27,EP,2019209N11237,Erick,0.1225
2019-07-28,EP,2019209N11237,Erick,0.5275
2019-07-29,EP,2019209N11237,Erick,1.3350
2019-07-29,EP,2019210N11253,Flossie,0.5750
2019-07-30,EP,2019209N11237,Erick,3.4525
2019-07-30,EP,2019210N11253,Flossie,1.3875
2019-07-31,EP,2019209N11237,Erick,4.6350
2019-07-31,EP,2019210N11253,Flossie,1.7625
2019-08-01,EP,2019209N11237,Erick,2.5025
2019-08-01,EP,2019210N11253,Flossie,1.2100
2019-08-02,EP,2019209N11237,Erick,0.9725
2019-08-02,EP,2019210N11253,Flossie,1.3825
2019-08-03,EP,2019209N11237,Erick,0.4900
2019-08-03,EP,2019210N11253,Flossie,0.9525
2019-08-03,EP,2019215N13242,Gil,0.1225
2019-08-04,EP,2019210N11253,Flossie,0.5650
2019-08-04,EP,2019215N13242,Gil,0.1225
2019-08-12,EP,2019224N18252,Henriette,0.4425
2019-08-13,EP,2019224N18252,Henriette,0.1225
2019-08-21,EP,2019233N15255,Ivo,0.2825
2019-08-21,NA,2019233N40300,Chantal,0.4900
2019-08-22,EP,2019233N15255,Ivo,1.1725
2019-08-23,EP,2019233N15255,Ivo,1.1575
2019-08-24,EP,2019233N15255,Ivo,0.7250
2019-08-24,NA,2019236N10314,Dorian,0.1225
2019-08-25,EP,2019233N15255,Ivo,0.1225
2019-08-25,NA,2019236N10314,Dorian,0.6075
2019-08-26,NA,2019236N10314,Dorian,0.8100
2019-08-27,NA,2019236N10314,Dorian,0.8100
2019-08-27,NA,2019239N32287,Erin,0.1225
2019-08-28,NA,2019236N10314,Dorian,1.4025
2019-08-28,NA,2019239N32287,Erin,0.3675
2019-08-29,NA,2019236N10314,Dorian,2.2500
2019-08-30,NA,2019236N10314,Dorian,3.3525
2019-08-31,NA,2019236N10314,Dorian,6.0150
2019-09-01,EP,2019244N13253,Juliette,0.7350
2019-09-01,NA,2019236N10314,Dorian,8.8875
2019-09-02,EP,2019244N13253,Juliette,1.5375
2019-09-02,NA,2019236N10314,Dorian,7.8900
2019-09-03,EP,2019244N13253,Juliette,4.1425
2019-09-03,NA,2019236N10314,Dorian,4.3275
2019-09-03,NA,2019246N24266,Fernand,0.2825
2019-09-04,EP,2019244N13253,Juliette,3.4500
2019-09-04,NA,2019236N10314,Dorian,3.3325
2019-09-04,NA,2019246N16330,Gabrielle,0.6875
2019-09-04,NA,2019246N24266,Fernand,0.5650
2019-09-05,EP,2019244N13253,Juliette,2.5600
2019-09-05,EP,2019246N15225,Akoni,0.1225
2019-09-05,NA,2019236N10314,Dorian,3.9025
2019-09-05,NA,2019246N16330,Gabrielle,0.7675
2019-09-06,EP,2019244N13253,Juliette,1.9025
2019-09-06,EP,2019246N15225,Akoni,0.2450
2019-09-06,NA,2019236N10314,Dorian,3.0650
2019-09-06,NA,2019246N16330,Gabrielle,0.6075
2019-09-07,EP,2019244N13253,Juliette,0.2500
2019-09-07,NA,2019236N10314,Dorian,2.1675
2019-09-07,NA,2019246N16330,Gabrielle,0.8575
2019-09-08,NA,2019246N16330,Gabrielle,1.0050
2019-09-09,NA,2019246N16330,Gabrielle,1.0525
2019-09-10,NA,2019246N16330,Gabrielle,0.4050
2019-09-12,EP,2019255N15251,Kiko,0.1225
2019-09-13,EP,2019255N15251,Kiko,0.4900
2019-09-14,EP,2019255N15251,Kiko,1.3325
2019-09-14,NA,2019256N23286,Humberto,0.6075
2019-09-15,EP,2019255N15251,Kiko,4.6500
2019-09-15,NA,2019256N23286,Humberto,1.1625
2019-09-16,EP,2019255N15251,Kiko,3.7425
2019-09-16,NA,2019256N23286,Humberto,2.0375
2019-09-17,EP,2019255N15251,Kiko,1.6625
2019-09-17,EP,2019260N12262,Lorena,0.4425
2019-09-17,NA,2019256N23286,Humberto,3.0750
2019-09-17,NA,2019261N28264,Imelda,0.1600
2019-09-18,EP,2019255N15251,Kiko,0.9575
2019-09-18,EP,2019260N10253,Mario,0.9875
2019-09-18,EP,2019260N12262,Lorena,1.1150
2019-09-18,NA,2019256N23286,Humberto,4.4150
2019-09-18,NA,2019260N13317,Jerry,0.5750
2019-09-19,EP,2019255N15251,Kiko,1.0575
2019-09-19,EP,2019260N10253,Mario,1.2675
2019-09-19,EP,2019260N12262,Lorena,1.5750
2019-09-19,NA,2019256N23286,Humberto,3.8550
2019-09-19,NA,2019260N13317,Jerry,1.7925
2019-09-20,EP,2019255N15251,Kiko,0.9050
2019-09-20,EP,2019260N10253,Mario,1.2100
2019-09-20,EP,2019260N12262,Lorena,1.6475
2019-09-20,NA,2019260N13317,Jerry,2.5175
2019-09-21,EP,2019255N15251,Kiko,1.0575
2019-09-21,EP,2019260N10253,Mario,0.9150
2019-09-21,EP,2019260N12262,Lorena,1.3550
2019-09-21,NA,2019260N13317,Jerry,1.2675
2019-09-22,EP,2019255N15251,Kiko,0.5275
2019-09-22,EP,2019260N10253,Mario,0.1225
2019-09-22,EP,2019260N12262,Lorena,0.1225
2019-09-22,NA,2019260N13317,Jerry,1.2100
2019-09-22,NA,2019265N12301,Karen,0.3675
2019-09-23,EP,2019255N15251,Kiko,0.6975
2019-09-23,NA,2019260N13317,Jerry,1.2100
2019-09-23,NA,2019265N12301,Karen,0.1225
2019-09-23,NA,2019266N11341,Lorenzo,0.4850
2019-09-24,EP,2019255N15251,Kiko,0.6125
2019-09-24,NA,2019260N13317,Jerry,0.7550
2019-09-24,NA,2019265N12301,Karen,0.4050
2019-09-24,NA,2019266N11341,Lorenzo,1.1575
2019-09-25,NA,2019265N12301,Karen,0.5650
2019-09-25,NA,2019266N11341,Lorenzo,2.0525
2019-09-26,NA,2019265N12301,Karen,0.5650
2019-09-26,NA,2019266N11341,Lorenzo,4.0500
2019-09-27,NA,2019265N12301,Karen,0.2450
2019-09-27,NA,2019266N11341,Lorenzo,5.7750
2019-09-28,NA,2019266N11341,Lorenzo,4.5275
2019-09-29,EP,2019272N14261,Narda,0.5650
2019-09-29,NA,2019266N11341,Lorenzo,5.4000
2019-09-30,EP,2019272N14261,Narda,0.6075
2019-09-30,NA,2019266N11341,Lorenzo,3.2400
2019-10-01,EP,2019272N14261,Narda,0.2025
2019-10-01,NA,2019266N11341,Lorenzo,2.9775
2019-10-02,NA,2019266N11341,Lorenzo,1.3625
2019-10-11,NA,2019282N35286,Melissa,0.8025
2019-10-12,EP,2019285N15198,Ema,0.3250
2019-10-12,NA,2019282N35286,Melissa,0.8575
2019-10-13,EP,2019285N15198,Ema,0.4050
2019-10-13,NA,2019282N35286,Melissa,0.6450
2019-10-14,NA,2019282N35286,Melissa,0.2450
2019-10-18,EP,2019290N11234,Octave,0.5650
2019-10-18,NA,2019291N22264,Nestor,0.2500
2019-10-19,EP,2019290N11234,Octave,0.1225
2019-10-19,NA,2019291N22264,Nestor,0.5000
2019-10-20,EP,2019293N17257,Priscilla,0.4050
2019-10-25,NA,2019297N40322,Pablo,0.7250
2019-10-25,NA,2019299N25265,Olga,0.2825
2019-10-26,NA,2019297N40322,Pablo,0.7725
2019-10-27,NA,2019297N40322,Pablo,1.5750
2019-10-28,NA,2019297N40322,Pablo,0.5625
2019-10-30,NA,2019300N41309,Rebekah,0.4050
2019-10-31,NA,2019300N41309,Rebekah,0.6825
2019-11-01,NA,2019300N41309,Rebekah,0.1225
2019-11-15,EP,2019317N11248,Raymond,0.4850
2019-11-16,EP,2019317N11248,Raymond,0.7675
2019-11-17,EP,2019317N11248,Raymond,0.1225
2019-11-19,NA,2019323N19302,Sebastien,0.4425
2019-11-20,NA,2019323N19302,Sebastien,0.7675
2019-11-21,NA,2019323N19302,Sebastien,1.0000
2019-11-22,NA,2019323N19302,Sebastien,1.0525
2019-11-23,NA,2019323N19302,Sebastien,1.3250
2019-11-24,NA,2019323N19302,Sebastien,1.2100
2020-05-17,NA,2020138N28281,Arthur,0.5275
2020-05-18,NA,2020138N28281,Arthur,0.7250
2020-05-19,NA,2020138N28281,Arthur,0.5000
2020-05-27,NA,2020148N32281,Bertha,0.3625
2020-05-31,EP,2020152N12269,Amanda,0.2450
2020-06-02,NA,2020154N19269,Cristobal,0.2825
2020-06-03,NA,2020154N19269,Cristobal,0.9050
2020-06-04,NA,2020154N19269,Cristobal,0.2825
2020-06-05,NA,2020154N19269,Cristobal,0.4850
2020-06-06,NA,2020154N19269,Cristobal,0.9050
2020-06-07,NA,2020154N19269,Cristobal,0.8100
2020-06-08,NA,2020154N19269,Cristobal,0.3250
2020-06-23,NA,2020174N39293,Dolly,0.4425
2020-06-24,NA,2020174N39293,Dolly,0.1225
2020-06-25,EP,2020176N10228,Boris,0.1225
2020-06-26,EP,2020176N10228,Boris,0.1225
2020-07-06,NA,2020186N30289,Edouard,0.5650
2020-07-07,EP,2020189N10261,Cristina,0.4050
2020-07-08,EP,2020189N10261,Cristina,0.7250
2020-07-09,EP,2020189N10261,Cristina,1.0525
2020-07-09,NA,2020188N28271,Fay,0.1600
2020-07-10,EP,2020189N10261,Cristina,1.2675
2020-07-10,NA,2020188N28271,Fay,0.8625
2020-07-11,EP,2020189N10261,Cristina,1.1150
2020-07-11,NA,2020188N28271,Fay,0.1225
2020-07-12,EP,2020189N10261,Cristina,0.4850
2020-07-20,EP,2020202N15234,Unnamed,0.2450
2020-07-20,EP,2020202N15241,Douglas,0.1225
2020-07-21,EP,2020202N15234,Unnamed,0.1225
2020-07-21,EP,2020202N15241,Douglas,1.0150
2020-07-22,EP,2020202N15241,Douglas,1.4550
2020-07-22,NA,2020203N09323,Gonzalo,0.4850
2020-07-23,EP,2020202N15241,Douglas,3.9525
2020-07-23,NA,2020203N09323,Gonzalo,1.1050
2020-07-24,EP,2020202N15241,Douglas,4.7475
2020-07-24,NA,2020203N09323,Gonzalo,0.8250
2020-07-24,NA,2020205N26272,Hanna,0.7350
2020-07-25,EP,2020202N15241,Douglas,3.4350
2020-07-25,NA,2020203N09323,Gonzalo,0.3675
2020-07-25,NA,2020205N26272,Hanna,1.7925
2020-07-26,EP,2020202N15241,Douglas,2.4825
2020-07-26,NA,2020205N26272,Hanna,1.0250
2020-07-27,EP,2020202N15241,Douglas,2.3325
2020-07-28,EP,2020202N15241,Douglas,0.9725
2020-07-29,EP,2020202N15241,Douglas,0.2825
2020-07-30,NA,2020211N13306,Isaias,1.1150
2020-07-31,NA,2020211N13306,Isaias,1.8250
2020-08-01,NA,2020211N13306,Isaias,1.9750
2020-08-02,NA,2020211N13306,Isaias,1.3250
2020-08-03,NA,2020211N13306,Isaias,1.5025
2020-08-04,NA,2020211N13306,Isaias,1.6625
2020-08-09,EP,2020221N13262,Elida,0.4850
2020-08-10,EP,2020221N13262,Elida,1.3350
2020-08-11,EP,2020221N13262,Elida,2.8225
2020-08-12,EP,2020221N13262,Elida,1.5675
2020-08-13,NA,2020224N11326,Josephine,0.3200
2020-08-14,NA,2020224N11326,Josephine,0.5275
2020-08-14,NA,2020228N37286,Kyle,0.2450
2020-08-15,NA,2020224N11326,Josephine,0.5650
2020-08-15,NA,2020228N37286,Kyle,0.7250
2020-08-16,EP,2020229N18242,Fausto,0.1225
2020-08-16,EP,2020230N11264,Genevieve,0.1225
2020-08-16,NA,2020224N11326,Josephine,0.1225
2020-08-17,EP,2020230N11264,Genevieve,1.4900
2020-08-18,EP,2020230N11264,Genevieve,4.0650
2020-08-19,EP,2020230N11264,Genevieve,3.4550
2020-08-20,EP,2020230N11264,Genevieve,1.8350
2020-08-21,EP,2020230N11264,Genevieve,0.6650
2020-08-21,NA,2020233N14313,Laura,0.3200
2020-08-22,NA,2020233N14313,Laura,0.7250
2020-08-22,NA,2020234N14280,Marco,0.8875
2020-08-23,NA,2020233N14313,Laura,0.9100
2020-08-23,NA,2020234N14280,Marco,1.5075
2020-08-24,NA,2020233N14313,Laura,1.0525
2020-08-24,NA,2020234N14280,Marco,0.9150
2020-08-25,NA,2020233N14313,Laura,1.5750
2020-08-25,NA,2020234N14280,Marco,0.1225
2020-08-26,EP,2020238N16252,Hernan,0.3675
2020-08-26,EP,2020239N15243,Iselle,0.1225
2020-08-26,NA,2020233N14313,Laura,3.8125
2020-08-27,EP,2020238N16252,Hernan,0.5650
2020-08-27,EP,2020239N15243,Iselle,0.6450
2020-08-27,NA,2020233N14313,Laura,4.4050
2020-08-28,EP,2020238N16252,Hernan,0.2450
2020-08-28,EP,2020239N15243,Iselle,0.9050
2020-08-28,NA,2020233N14313,Laura,0.1225
2020-08-29,EP,2020239N15243,Iselle,0.6825
2020-08-30,EP,2020239N15243,Iselle,0.1225
2020-09-01,NA,2020244N30279,Omar,0.2450
2020-09-01,NA,2020245N16285,Nana,0.5325
2020-09-02,NA,2020244N30279,Omar,0.4900
2020-09-02,NA,2020245N16285,Nana,1.0000
2020-09-03,NA,2020245N16285,Nana,0.9850
2020-09-05,EP,2020249N14265,Julio,0.4900
2020-09-06,EP,2020249N14265,Julio,0.5650
2020-09-07,NA,2020251N15342,Rene,0.1225
2020-09-07,NA,2020251N17319,Paulette,0.2450
2020-09-08,NA,2020251N15342,Rene,0.3675
2020-09-08,NA,2020251N17319,Paulette,0.8625
2020-09-09,NA,2020251N15342,Rene,0.2450
2020-09-09,NA,2020251N17319,Paulette,1.0000
2020-09-10,NA,2020251N15342,Rene,0.5650
2020-09-10,NA,2020251N17319,Paulette,0.9050
2020-09-11,NA,2020251N15342,Rene,0.4900
2020-09-11,NA,2020251N17319,Paulette,1.1575
2020-09-12,NA,2020251N15342,Rene,0.2450
2020-09-12,NA,2020251N17319,Paulette,1.4400
2020-09-12,NA,2020256N25281,Sally,0.2450
2020-09-13,EP,2020257N16248,Karina,0.4425
2020-09-13,NA,2020251N17319,Paulette,1.8975
2020-09-13,NA,2020256N25281,Sally,0.8250
2020-09-14,EP,2020257N16248,Karina,0.6825
2020-09-14,NA,2020251N17319,Paulette,2.7350
2020-09-14,NA,2020256N11329,Teddy,0.5275
2020-09-14,NA,2020256N25281,Sally,1.5375
2020-09-14,NA,2020258N18332,Vicky,0.4850
2020-09-15,EP,2020257N16248,Karina,1.0000
2020-09-15,NA,2020251N17319,Paulette,3.1525
2020-09-15,NA,2020256N11329,Teddy,1.0575
2020-09-15,NA,2020256N25281,Sally,2.0325
2020-09-15,NA,2020258N18332,Vicky,0.8100
2020-09-16,EP,2020257N16248,Karina,0.5325
2020-09-16,NA,2020251N17319,Paulette,1.3625
2020-09-16,NA,2020256N11329,Teddy,2.5075
2020-09-16,NA,2020256N25281,Sally,2.5475
2020-09-16,NA,2020258N18332,Vicky,0.6075
2020-09-17,NA,2020256N11329,Teddy,3.8550
2020-09-17,NA,2020256N25281,Sally,0.1225
2020-09-17,NA,2020258N18332,Vicky,0.2450
2020-09-17,NA,2020259N47338,Alpha,0.4050
2020-09-17,NA,2020261N10335,Wilfred,0.1225
2020-09-18,NA,2020256N11329,Teddy,5.0750
2020-09-18,NA,2020259N47338,Alpha,0.8100
2020-09-18,NA,2020261N10335,Wilfred,0.4900
2020-09-18,NA,2020261N21265,Beta,0.1600
2020-09-19,NA,2020256N11329,Teddy,4.1025
2020-09-19,NA,2020261N10335,Wilfred,0.4900
2020-09-19,NA,2020261N21265,Beta,1.0000
2020-09-20,NA,2020251N17319,Paulette,0.1225
2020-09-20,NA,2020256N11329,Teddy,3.0750
2020-09-20,NA,2020261N10335,Wilfred,0.2450
2020-09-20,NA,2020261N21265,Beta,1.0525
2020-09-21,EP,2020265N16252,Lowell,0.1225
2020-09-21,NA,2020251N17319,Paulette,0.5275
2020-09-21,NA,2020256N11329,Teddy,2.5600
2020-09-21,NA,2020261N21265,Beta,0.8150
2020-09-22,EP,2020265N16252,Lowell,0.6400
2020-09-22,NA,2020251N17319,Paulette,0.5000
2020-09-22,NA,2020256N11329,Teddy,2.9825
2020-09-22,NA,2020261N21265,Beta,0.4850
2020-09-23,EP,2020265N16252,Lowell,0.7675
2020-09-23,NA,2020256N11329,Teddy,0.4225
2020-09-24,EP,2020265N16252,Lowell,0.6400
2020-09-25,EP,2020265N16252,Lowell,0.4425
2020-09-29,EP,2020272N12257,Marie,0.1225
2020-09-30,EP,2020272N12257,Marie,0.9150
2020-10-01,EP,2020272N12257,Marie,2.6100
2020-10-02,EP,2020272N12257,Marie,5.3050
2020-10-02,NA,2020276N17277,Gamma,0.1225
2020-10-03,EP,2020272N12257,Marie,4.9575
2020-10-03,NA,2020276N17277,Gamma,1.0250
2020-10-04,EP,2020272N12257,Marie,2.9400
2020-10-04,NA,2020276N17277,Gamma,1.0050
2020-10-05,EP,2020272N12257,Marie,1.1150
2020-10-05,EP,2020279N11256,Norbert,0.1225
2020-10-05,NA,2020276N17277,Gamma,0.6125
2020-10-05,NA,2020279N16284,Delta,0.4625
2020-10-06,EP,2020272N12257,Marie,0.5650
2020-10-06,EP,2020279N11256,Norbert,0.8150
2020-10-06,NA,2020279N16284,Delta,3.4250
2020-10-07,EP,2020279N11256,Norbert,0.5275
2020-10-07,NA,2020279N16284,Delta,3.0950
2020-10-08,NA,2020279N16284,Delta,3.1725
2020-10-09,NA,2020279N16284,Delta,4.0150
2020-10-10,NA,2020279N16284,Delta,0.9350
2020-10-14,EP,2020279N11256,Norbert,0.5650
2020-10-19,NA,2020291N32305,Epsilon,0.2825
2020-10-20,NA,2020291N32305,Epsilon,0.9150
2020-10-21,NA,2020291N32305,Epsilon,2.7075
2020-10-22,NA,2020291N32305,Epsilon,3.0125
2020-10-23,NA,2020291N32305,Epsilon,2.2500
2020-10-24,NA,2020291N32305,Epsilon,2.1775
2020-10-25,NA,2020291N32305,Epsilon,1.6275
2020-10-25,NA,2020299N18277,Zeta,0.7350
2020-10-26,NA,2020291N32305,Epsilon,0.3600
2020-10-26,NA,2020299N18277,Zeta,1.6375
2020-10-27,NA,2020299N18277,Zeta,1.5750
2020-10-28,NA,2020299N18277,Zeta,2.2675
2020-10-29,NA,2020299N18277,Zeta,1.2850
2020-11-01,NA,2020306N15288,Eta,0.6550
2020-11-02,NA,2020306N15288,Eta,2.9825
2020-11-03,EP,2020309N14245,Odalys,0.1225
2020-11-03,NA,2020306N15288,Eta,6.3825
2020-11-04,EP,2020309N14245,Odalys,0.5650
2020-11-04,NA,2020306N15288,Eta,1.8025
2020-11-05,EP,2020309N14245,Odalys,0.5650
2020-11-07,NA,2020306N15288,Eta,0.6275
2020-11-08,NA,2020306N15288,Eta,1.1575
2020-11-09,NA,2020306N15288,Eta,1.0575
2020-11-10,NA,2020306N15288,Eta,0.9050
2020-11-10,NA,2020314N28313,Theta,1.2725
2020-11-11,NA,2020306N15288,Eta,1.4450
2020-11-11,NA,2020314N28313,Theta,1.2100
2020-11-12,NA,2020306N15288,Eta,0.8350
2020-11-12,NA,2020314N28313,Theta,1.2675
2020-11-13,NA,2020306N15288,Eta,0.3200
2020-11-13,NA,2020314N28313,Theta,0.9050
2020-11-13,NA,2020318N16289,Iota,0.1225
2020-11-14,NA,2020314N28313,Theta,0.5275
2020-11-14,NA,2020318N16289,Iota,0.6075
2020-11-15,NA,2020314N28313,Theta,0.1225
2020-11-15,NA,2020318N16289,Iota,1.7775
2020-11-16,NA,2020318N16289,Iota,5.7625
2020-11-17,NA,2020318N16289,Iota,3.7650
2020-11-18,EP,2020323N15248,Polo,0.5650
2020-11-18,NA,2020318N16289,Iota,0.2825
2020-11-19,EP,2020323N15248,Polo,0.2825
2021-05-09,EP,2021129N13254,Andres,0.2450
2021-05-10,EP,2021129N13254,Andres,0.3675
2021-05-22,NA,2021140N30305,Ana,0.3675
2021-05-23,NA,2021140N30305,Ana,0.4425
2021-05-31,EP,2021151N11257,Blanca,0.2825
2021-06-01,EP,2021151N11257,Blanca,0.9050
2021-06-02,EP,2021151N11257,Blanca,0.4850
2021-06-12,EP,2021163N11240,Carlos,0.1225
2021-06-13,EP,2021163N11240,Carlos,0.7675
2021-06-14,EP,2021163N11240,Carlos,0.4050
2021-06-14,NA,2021165N32282,Bill,0.1225
2021-06-15,NA,2021165N32282,Bill,0.9150
2021-06-18,EP,2021169N14260,Dolores,0.2825
2021-06-19,EP,2021169N14260,Dolores,1.0625
2021-06-19,NA,2021169N23268,Claudette,0.4425
2021-06-21,NA,2021169N23268,Claudette,0.4800
2021-06-22,NA,2021169N23268,Claudette,0.1600
2021-06-25,EP,2021176N15259,Enrique,0.4850
2021-06-26,EP,2021176N15259,Enrique,1.7150
2021-06-27,EP,2021176N15259,Enrique,2.4825
2021-06-28,EP,2021176N15259,Enrique,2.0525
2021-06-28,NA,2021179N30287,Danny,0.4050
2021-06-29,EP,2021176N15259,Enrique,0.7350
2021-06-30,EP,2021176N15259,Enrique,0.2450
2021-07-01,NA,2021182N09317,Elsa,0.6075
2021-07-02,NA,2021182N09317,Elsa,1.5375
2021-07-03,NA,2021182N09317,Elsa,1.6325
2021-07-04,NA,2021182N09317,Elsa,1.1050
2021-07-05,NA,2021182N09317,Elsa,1.2100
2021-07-06,NA,2021182N09317,Elsa,1.1625
2021-07-07,NA,2021182N09317,Elsa,1.2300
2021-07-08,NA,2021182N09317,Elsa,0.7250
2021-07-09,NA,2021182N09317,Elsa,0.7025
2021-07-14,EP,2021195N13249,Felicia,0.6275
2021-07-15,EP,2021195N13249,Felicia,2.3000
2021-07-16,EP,2021195N13249,Felicia,4.4350
2021-07-17,EP,2021195N13249,Felicia,5.8875
2021-07-17,EP,2021198N15254,Guillermo,0.2450
2021-07-18,EP,2021195N13249,Felicia,5.4125
2021-07-18,EP,2021198N15254,Guillermo,0.7350
2021-07-19,EP,2021195N13249,Felicia,2.2675
2021-07-19,EP,2021198N15254,Guillermo,0.5700
2021-07-20,EP,2021195N13249,Felicia,0.4850
2021-07-30,EP,2021212N12248,Hilda,0.2825
2021-07-31,EP,2021212N12248,Hilda,1.1775
2021-08-01,EP,2021212N12248,Hilda,2.2500
2021-08-02,EP,2021212N12248,Hilda,1.9600
2021-08-02,EP,2021213N14253,Ignacio,0.2450
2021-08-03,EP,2021212N12248,Hilda,1.3350
2021-08-03,EP,2021213N14253,Ignacio,0.1225
2021-08-04,EP,2021212N12248,Hilda,0.6825
2021-08-05,EP,2021208N13245,Jimena,0.2450
2021-08-05,EP,2021212N12248,Hilda,0.5650
2021-08-06,EP,2021208N13245,Jimena,0.3675
2021-08-07,EP,2021219N15258,Kevin,0.1225
2021-08-08,EP,2021219N15258,Kevin,0.9150
2021-08-09,EP,2021219N15258,Kevin,0.8150
2021-08-10,EP,2021219N15258,Kevin,0.6400
2021-08-10,EP,2021222N12262,Linda,0.2825
2021-08-11,EP,2021219N15258,Kevin,0.6025
2021-08-11,EP,2021222N12262,Linda,1.0575
2021-08-11,NA,2021222N14301,Fred,0.5275
2021-08-12,EP,2021219N15258,Kevin,0.1225
2021-08-12,EP,2021222N12262,Linda,1.5075
2021-08-13,EP,2021222N12262,Linda,2.9400
2021-08-13,NA,2021222N14301,Fred,0.2450
2021-08-14,EP,2021222N12262,Linda,4.8500
2021-08-14,NA,2021225N15313,Grace,0.2450
2021-08-15,EP,2021222N12262,Linda,4.2150
2021-08-15,NA,2021222N14301,Fred,0.2825
2021-08-16,EP,2021222N12262,Linda,3.2450
2021-08-16,NA,2021222N14301,Fred,1.0525
2021-08-16,NA,2021225N15313,Grace,0.2450
2021-08-16,NA,2021227N36297,Henri,0.1225
2021-08-17,EP,2021222N12262,Linda,2.5650
2021-08-17,NA,2021222N14301,Fred,0.3250
2021-08-17,NA,2021225N15313,Grace,0.7350
2021-08-17,NA,2021227N36297,Henri,0.8675
2021-08-18,EP,2021222N12262,Linda,3.3325
2021-08-18,NA,2021225N15313,Grace,1.4650
2021-08-18,NA,2021227N36297,Henri,1.2675
2021-08-19,EP,2021222N12262,Linda,1.4325
2021-08-19,NA,2021225N15313,Grace,1.5425
2021-08-19,NA,2021227N36297,Henri,1.3825
2021-08-20,NA,2021225N15313,Grace,1.9475
2021-08-20,NA,2021227N36297,Henri,1.2675
2021-08-21,NA,2021225N15313,Grace,2.4625
2021-08-21,NA,2021227N36297,Henri,1.5650
2021-08-22,NA,2021227N36297,Henri,1.3075
2021-08-23,EP,2021235N20251,Marty,0.5650
2021-08-24,EP,2021235N20251,Marty,0.1225
2021-08-25,EP,2021236N12265,Nora,0.1225
2021-08-26,EP,2021236N12265,Nora,0.4900
2021-08-26,NA,2021239N17281,Ida,0.1225
2021-08-27,EP,2021236N12265,Nora,0.9150
2021-08-27,NA,2021239N17281,Ida,1.1550
2021-08-28,EP,2021236N12265,Nora,1.7150
2021-08-28,NA,2021239N17281,Ida,2.1100
2021-08-29,EP,2021236N12265,Nora,1.1925
2021-08-29,NA,2021239N17281,Ida,5.3850
2021-08-29,NA,2021241N32308,Julian,0.5750
2021-08-30,EP,2021236N12265,Nora,0.1225
2021-08-30,NA,2021239N17281,Ida,1.8075
2021-08-30,NA,2021240N13313,Kate,0.4050
2021-08-30,NA,2021241N32308,Julian,0.5000
2021-08-31,NA,2021240N13313,Kate,0.2450
2021-09-01,NA,2021244N12339,Larry,0.7875
2021-09-02,NA,2021244N12339,Larry,1.7625
2021-09-03,NA,2021244N12339,Larry,2.6525
2021-09-04,NA,2021244N12339,Larry,4.5225
2021-09-05,NA,2021244N12339,Larry,4.6250
2021-09-06,NA,2021244N12339,Larry,4.5175
2021-09-07,NA,2021244N12339,Larry,3.9075
2021-09-08,EP,2021250N17254,Olaf,0.2825
2021-09-08,NA,2021244N12339,Larry,3.4250
2021-09-08,NA,2021252N28273,Mindy,0.1225
2021-09-09,EP,2021250N17254,Olaf,1.4900
2021-09-09,NA,2021244N12339,Larry,2.6425
2021-09-09,NA,2021252N28273,Mindy,0.3250
2021-09-10,EP,2021250N17254,Olaf,1.8475
2021-09-10,NA,2021244N12339,Larry,2.1825
2021-09-11,EP,2021250N17254,Olaf,0.1225
2021-09-11,NA,2021244N12339,Larry,0.9125
2021-09-12,NA,2021256N21265,Nicholas,0.2450
2021-09-13,NA,2021256N21265,Nicholas,0.9625
2021-09-14,NA,2021256N21265,Nicholas,1.2175
2021-09-17,NA,2021259N30286,Odette,0.1225
2021-09-18,NA,2021259N30286,Odette,0.3200
2021-09-19,NA,2021262N10333,Rose,0.1225
2021-09-19,NA,2021262N16307,Peter,0.4850
2021-09-20,NA,2021262N10333,Rose,0.5275
2021-09-20,NA,2021262N16307,Peter,0.8100
2021-09-21,NA,2021262N10333,Rose,0.6550
2021-09-21,NA,2021262N16307,Peter,0.4850
2021-09-22,NA,2021262N10333,Rose,0.1225
2021-09-23,NA,2021266N10327,Sam,0.5750
2021-09-24,NA,2021266N10327,Sam,1.6950
2021-09-24,NA,2021267N31298,Teresa,0.2825
2021-09-25,NA,2021266N10327,Sam,4.0500
2021-09-25,NA,2021267N31298,Teresa,0.2825
2021-09-26,NA,2021266N10327,Sam,6.8925
2021-09-27,NA,2021266N10327,Sam,5.2175
2021-09-28,NA,2021266N10327,Sam,5.0700
2021-09-29,NA,2021266N10327,Sam,5.2900
2021-09-29,NA,2021272N07338,Victor,0.1225
2021-09-30,NA,2021266N10327,Sam,6.2500
2021-09-30,NA,2021272N07338,Victor,0.6450
2021-10-01,NA,2021266N10327,Sam,6.6325
2021-10-01,NA,2021272N07338,Victor,1.1050
2021-10-02,NA,2021266N10327,Sam,5.5350
2021-10-02,NA,2021272N07338,Victor,0.5750
2021-10-03,NA,2021266N10327,Sam,3.2550
2021-10-04,NA,2021266N10327,Sam,2.9825
2021-10-05,NA,2021266N10327,Sam,0.5625
2021-10-10,EP,2021283N14258,Pamela,0.2825
2021-10-11,EP,2021283N14258,Pamela,0.9575
2021-10-12,EP,2021283N14258,Pamela,1.5650
2021-10-13,EP,2021283N14258,Pamela,1.3650
2021-10-22,EP,2021296N13260,Rick,0.1225
2021-10-23,EP,2021296N13260,Rick,1.7650
2021-10-24,EP,2021296N13260,Rick,2.4050
2021-10-25,EP,2021296N13260,Rick,2.4225
2021-10-30,NA,2021299N33284,Wanda,0.3200
2021-10-31,NA,2021299N33284,Wanda,0.9525
2021-11-01,NA,2021299N33284,Wanda,0.6450
2021-11-02,NA,2021299N33284,Wanda,0.6025
2021-11-03,NA,2021299N33284,Wanda,0.6825
2021-11-04,NA,2021299N33284,Wanda,0.7250
2021-11-05,NA,2021299N33284,Wanda,0.8100
2021-11-06,NA,2021299N33284,Wanda,0.6875
2021-11-07,EP,2021307N09275,Terry,0.2450
2021-11-07,EP,2021311N13248,Sandra,0.2450
2021-11-07,NA,2021299N33284,Wanda,0.2450
2021-11-08,EP,2021307N09275,Terry,0.2450
2021-11-08,EP,2021311N13248,Sandra,0.3675
2022-05-28,EP,2022148N13263,Agatha,0.5325
2022-05-29,EP,2022148N13263,Agatha,2.1900
2022-05-30,EP,2022148N13263,Agatha,3.2450
2022-05-31,EP,2022148N13263,Agatha,0.7400
2022-06-05,NA,2022154N21273,Alex,0.9725
2022-06-06,NA,2022154N21273,Alex,0.6625
2022-06-14,EP,2022165N14258,Blas,0.4850
2022-06-15,EP,2022165N14258,Blas,1.4900
2022-06-16,EP,2022165N14258,Blas,2.1050
2022-06-17,EP,2022165N14258,Blas,2.1775
2022-06-17,EP,2022167N11269,Celia,0.4900
2022-06-18,EP,2022165N14258,Blas,1.1300
2022-06-19,EP,2022165N14258,Blas,0.4800
2022-06-21,EP,2022167N11269,Celia,0.2450
2022-06-22,EP,2022167N11269,Celia,0.6075
2022-06-23,EP,2022167N11269,Celia,0.8100
2022-06-24,EP,2022167N11269,Celia,0.9525
2022-06-25,EP,2022167N11269,Celia,0.9525
2022-06-26,EP,2022167N11269,Celia,0.8100
2022-06-27,EP,2022167N11269,Celia,0.6875
2022-06-28,EP,2022167N11269,Celia,0.1225
2022-07-01,NA,2022179N08310,Bonnie,0.4050
2022-07-02,EP,2022179N08310,Bonnie,0.3250
2022-07-02,NA,2022179N08310,Bonnie,0.4100
2022-07-02,NA,2022183N32280,Colin,0.3675
2022-07-03,EP,2022179N08310,Bonnie,1.1625
2022-07-04,EP,2022179N08310,Bonnie,2.1975
2022-07-05,EP,2022179N08310,Bonnie,3.6150
2022-07-06,EP,2022179N08310,Bonnie,2.9775
2022-07-07,EP,2022179N08310,Bonnie,2.6425
2022-07-08,EP,2022179N08310,Bonnie,2.0100
2022-07-09,EP,2022179N08310,Bonnie,0.6125
2022-07-09,EP,2022191N14249,Darby,0.1225
2022-07-10,EP,2022191N14249,Darby,0.8725
2022-07-11,EP,2022191N14249,Darby,3.6875
2022-07-12,EP,2022191N14249,Darby,5.1875
2022-07-13,EP,2022191N14249,Darby,3.4350
2022-07-14,EP,2022191N14249,Darby,3.4350
2022-07-15,EP,2022191N14249,Darby,1.5950
2022-07-16,EP,2022191N14249,Darby,0.6025
2022-07-16,EP,2022197N12260,Estelle,0.9875
2022-07-17,EP,2022191N14249,Darby,0.1225
2022-07-17,EP,2022197N12260,Estelle,2.0375
2022-07-18,EP,2022197N12260,Estelle,1.9600
2022-07-19,EP,2022197N12260,Estelle,1.3875
2022-07-20,EP,2022197N12260,Estelle,1.0050
2022-07-21,EP,2022197N12260,Estelle,0.1600
2022-07-26,EP,2022207N11262,Frank,0.3675
2022-07-27,EP,2022207N11262,Frank,0.5275
2022-07-27,EP,2022209N16246,Georgette,0.1225
2022-07-28,EP,2022207N11262,Frank,0.8575
2022-07-28,EP,2022209N16246,Georgette,0.7675
2022-07-29,EP,2022207N11262,Frank,1.2675
2022-07-29,EP,2022209N16246,Georgette,0.9050
2022-07-30,EP,2022207N11262,Frank,2.4100
2022-07-30,EP,2022209N16246,Georgette,0.8100
2022-07-31,EP,2022207N11262,Frank,2.1825
2022-07-31,EP,2022209N16246,Georgette,0.4850
2022-08-01,EP,2022207N11262,Frank,1.2875
2022-08-02,EP,2022207N11262,Frank,0.4425
2022-08-07,EP,2022219N14255,Howard,0.1225
2022-08-08,EP,2022219N14255,Howard,1.0875
2022-08-09,EP,2022219N14255,Howard,2.0375
2022-08-10,EP,2022219N14255,Howard,1.1150
2022-08-15,EP,2022225N15253,Ivette,0.2450
2022-09-01,NA,2022244N38313,Danielle,0.3250
2022-09-02,EP,2022244N15254,Javier,0.4425
2022-09-02,NA,2022244N38313,Danielle,1.5075
2022-09-02,NA,2022246N18301,Earl,0.1225
2022-09-03,EP,2022244N15254,Javier,0.6075
2022-09-03,NA,2022244N38313,Danielle,1.5025
2022-09-03,NA,2022246N18301,Earl,0.6825
2022-09-04,EP,2022248N14259,Kay,0.1225
2022-09-04,NA,2022244N38313,Danielle,1.9650
2022-09-04,NA,2022246N18301,Earl,0.8575
2022-09-05,EP,2022248N14259,Kay,1.0500
2022-09-05,NA,2022244N38313,Danielle,2.2500
2022-09-05,NA,2022246N18301,Earl,1.2150
2022-09-06,EP,2022248N14259,Kay,2.1050
2022-09-06,NA,2022244N38313,Danielle,1.7575
2022-09-06,NA,2022246N18301,Earl,1.3875
2022-09-07,EP,2022248N14259,Kay,2.6425
2022-09-07,NA,2022244N38313,Danielle,1.8925
2022-09-07,NA,2022246N18301,Earl,2.2550
2022-09-08,EP,2022248N14259,Kay,1.8350
2022-09-08,NA,2022244N38313,Danielle,0.7825
2022-09-08,NA,2022246N18301,Earl,2.9825
2022-09-09,EP,2022248N14259,Kay,0.7125
2022-09-09,NA,2022246N18301,Earl,2.8125
2022-09-10,NA,2022246N18301,Earl,2.3525
2022-09-14,NA,2022257N16312,Fiona,0.1225
2022-09-15,NA,2022257N16312,Fiona,0.8575
2022-09-16,EP,2022259N12265,Lester,0.3675
2022-09-16,NA,2022257N16312,Fiona,0.9050
2022-09-17,EP,2022255N16256,Madeline,0.4425
2022-09-17,EP,2022259N12265,Lester,0.2450
2022-09-17,NA,2022257N16312,Fiona,1.0000
2022-09-18,EP,2022255N16256,Madeline,0.6400
2022-09-18,NA,2022257N16312,Fiona,1.5375
2022-09-19,EP,2022255N16256,Madeline,1.0050
2022-09-19,NA,2022257N16312,Fiona,2.4875
2022-09-20,EP,2022255N16256,Madeline,0.3250
2022-09-20,NA,2022257N16312,Fiona,3.9025
2022-09-20,NA,2022263N29314,Gaston,0.1225
2022-09-21,EP,2022265N17256,Newton,0.1225
2022-09-21,NA,2022257N16312,Fiona,5.2950
2022-09-21,NA,2022263N29314,Gaston,1.1100
2022-09-22,EP,2022265N17256,Newton,0.9625
2022-09-22,NA,2022257N16312,Fiona,5.2900
2022-09-22,NA,2022263N29314,Gaston,1.2100
2022-09-23,EP,2022265N17256,Newton,0.8150
2022-09-23,NA,2022257N16312,Fiona,5.1775
2022-09-23,NA,2022263N29314,Gaston,1.1575
2022-09-23,NA,2022266N17341,Hermine,0.1225
2022-09-24,EP,2022265N17256,Newton,0.4050
2022-09-24,NA,2022263N29314,Gaston,0.7675
2022-09-24,NA,2022266N12294,Ian,0.5650
2022-09-24,NA,2022266N17341,Hermine,0.2450
2022-09-25,NA,2022263N29314,Gaston,0.7675
2022-09-25,NA,2022266N12294,Ian,0.6400
2022-09-26,NA,2022266N12294,Ian,1.8025
2022-09-27,NA,2022266N12294,Ian,3.8250
2022-09-28,NA,2022266N12294,Ian,6.3250
2022-09-29,EP,2022272N14258,Orlene,0.6450
2022-09-29,NA,2022266N12294,Ian,2.2050
2022-09-30,EP,2022272N14258,Orlene,0.9525
2022-09-30,NA,2022266N12294,Ian,2.1050
2022-10-01,EP,2022272N14258,Orlene,1.6475
2022-10-02,EP,2022272N14258,Orlene,4.2350
2022-10-03,EP,2022272N14258,Orlene,2.3900
2022-10-03,EP,2022276N15249,Paine,0.1225
2022-10-04,EP,2022276N15249,Paine,0.5275
2022-10-05,EP,2022276N15249,Paine,0.1225
2022-10-07,NA,2022280N11294,Julia,0.2825
2022-10-08,NA,2022280N11294,Julia,1.1150
2022-10-09,NA,2022280N11294,Julia,1.6100
2022-10-10,EP,2022280N11294,Julia,0.2825
2022-10-11,NA,2022285N19266,Karl,0.1225
2022-10-12,NA,2022285N19266,Karl,0.6550
2022-10-13,NA,2022285N19266,Karl,0.8150
2022-10-14,NA,2022285N19266,Karl,0.5275
2022-10-20,EP,2022293N15259,Roslyn,0.2825
2022-10-21,EP,2022293N15259,Roslyn,1.1150
2022-10-22,EP,2022293N15259,Roslyn,4.0950
2022-10-23,EP,2022293N15259,Roslyn,3.8925
2022-10-31,NA,2022304N16287,Lisa,0.2825
2022-11-01,NA,2022304N16287,Lisa,0.7725
2022-11-01,NA,2022304N34296,Martin,0.3625
2022-11-02,NA,2022304N16287,Lisa,1.7150
2022-11-02,NA,2022304N34296,Martin,1.5375
2022-11-03,NA,2022304N16287,Lisa,0.6250
2022-11-03,NA,2022304N34296,Martin,1.1250
2022-11-07,NA,2022311N21293,Nicole,0.4800
2022-11-08,NA,2022311N21293,Nicole,0.7725
2022-11-09,NA,2022311N21293,Nicole,1.3825
2022-11-10,NA,2022311N21293,Nicole,1.3075
2022-11-11,NA,2022311N21293,Nicole,0.1225
2023-01-16,NA,2023015N36289,Unnamed,0.5525
2023-01-17,NA,2023015N36289,Unnamed,0.8650
2023-06-02,NA,2023152N26274,Arlene,0.3675
2023-06-03,NA,2023152N26274,Arlene,0.1225
2023-06-19,NA,2023170N11323,Bret,0.1225
2023-06-20,NA,2023170N11323,Bret,0.5275
2023-06-21,NA,2023170N11323,Bret,1.0050
2023-06-22,NA,2023170N11323,Bret,1.3250
2023-06-23,NA,2023170N11323,Bret,1.0050
2023-06-23,NA,2023173N10320,Cindy,0.6875
2023-06-24,NA,2023170N11323,Bret,0.5225
2023-06-24,NA,2023173N10320,Cindy,0.9525
2023-06-25,NA,2023173N10320,Cindy,0.7250
2023-06-26,NA,2023173N10320,Cindy,0.1225
2023-06-27,EP,2023179N15256,Adrian,0.1600
2023-06-28,EP,2023179N15256,Adrian,1.4650
2023-06-29,EP,2023179N15256,Adrian,2.1775
2023-06-29,EP,2023180N13264,Beatriz,0.2825
2023-06-30,EP,2023179N15256,Adrian,2.9825
2023-06-30,EP,2023180N13264,Beatriz,1.5575
2023-07-01,EP,2023179N15256,Adrian,1.6825
2023-07-01,EP,2023180N13264,Beatriz,0.7250
2023-07-02,EP,2023179N15256,Adrian,0.3250
2023-07-11,EP,2023191N10262,Calvin,0.3675
2023-07-12,EP,2023191N10262,Calvin,0.7875
2023-07-13,EP,2023191N10262,Calvin,1.6325
2023-07-14,EP,2023191N10262,Calvin,3.9375
2023-07-14,NA,2023193N37305,Don,0.7250
2023-07-15,EP,2023191N10262,Calvin,3.4300
2023-07-15,NA,2023193N37305,Don,0.6025
2023-07-16,EP,2023191N10262,Calvin,1.9850
2023-07-16,NA,2023193N37305,Don,0.2450
2023-07-17,EP,2023191N10262,Calvin,0.9575
2023-07-18,EP,2023191N10262,Calvin,0.6825
2023-07-18,NA,2023193N37305,Don,0.4900
2023-07-19,EP,2023191N10262,Calvin,0.6125
2023-07-19,NA,2023193N37305,Don,0.5275
2023-07-20,NA,2023193N37305,Don,0.7250
2023-07-21,NA,2023193N37305,Don,0.7250
2023-07-22,NA,2023193N37305,Don,1.1300
2023-07-23,NA,2023193N37305,Don,1.3350
2023-07-24,NA,2023193N37305,Don,0.2025
2023-08-01,EP,2023213N14257,Dora,0.6275
2023-08-02,EP,2023213N14257,Dora,2.6825
2023-08-03,EP,2023213N14257,Dora,4.8450
2023-08-04,EP,2023213N14257,Dora,4.8650
2023-08-05,EP,2023213N14257,Dora,3.8450
2023-08-05,EP,2023217N15256,Eugene,0.1225
2023-08-06,EP,2023213N14257,Dora,6.3825
2023-08-06,EP,2023217N15256,Eugene,1.2825
2023-08-07,EP,2023213N14257,Dora,5.5250
2023-08-07,EP,2023217N15256,Eugene,0.4525
2023-08-08,EP,2023213N14257,Dora,5.2900
2023-08-09,EP,2023213N14257,Dora,5.4075
2023-08-10,EP,2023213N14257,Dora,5.2075
2023-08-11,EP,2023213N14257,Dora,4.1075
2023-08-12,EP,2023213N14257,Dora,1.1025
2023-08-13,EP,2023225N14248,Fernanda,0.9975
2023-08-14,EP,2023225N14248,Fernanda,4.4700
2023-08-14,EP,2023226N11222,Greg,0.4050
2023-08-15,EP,2023225N14248,Fernanda,3.9225
2023-08-15,EP,2023226N11222,Greg,0.7675
2023-08-16,EP,2023225N14248,Fernanda,1.7175
2023-08-16,EP,2023226N11222,Greg,0.7675
2023-08-16,EP,2023228N12259,Hilary,0.2825
2023-08-17,EP,2023225N14248,Fernanda,0.1600
2023-08-17,EP,2023226N11222,Greg,0.4425
2023-08-17,EP,2023228N12259,Hilary,1.9350
2023-08-18,EP,2023228N12259,Hilary,5.0750
2023-08-19,EP,2023228N12259,Hilary,4.3675
2023-08-20,EP,2023228N12259,Hilary,1.5375
2023-08-20,NA,2023231N15313,Gert,0.2450
2023-08-20,NA,2023231N15327,Emily,0.6875
2023-08-20,NA,2023232N13300,Franklin,0.2825
2023-08-21,NA,2023231N15313,Gert,0.2450
2023-08-21,NA,2023231N15327,Emily,0.1600
2023-08-21,NA,2023232N13300,Franklin,0.8100
2023-08-22,NA,2023232N13300,Franklin,0.6450
2023-08-22,NA,2023234N25271,Harold,0.5700
2023-08-23,NA,2023232N13300,Franklin,0.5650
2023-08-24,NA,2023232N13300,Franklin,0.8625
2023-08-25,NA,2023232N13300,Franklin,0.9050
2023-08-26,NA,2023232N13300,Franklin,1.4650
2023-08-27,EP,2023239N16242,Irwin,0.2450
2023-08-27,NA,2023232N13300,Franklin,2.4050
2023-08-27,NA,2023239N21274,Idalia,0.2825
2023-08-28,EP,2023239N16242,Irwin,0.4900
2023-08-28,NA,2023232N13300,Franklin,4.8475
2023-08-28,NA,2023239N21274,Idalia,1.1675
2023-08-29,EP,2023239N16242,Irwin,0.3200
2023-08-29,NA,2023232N13300,Franklin,5.6625
2023-08-29,NA,2023239N21274,Idalia,1.9125
2023-08-30,NA,2023232N13300,Franklin,3.6150
2023-08-30,NA,2023239N21274,Idalia,3.2725
2023-08-31,NA,2023232N13300,Franklin,2.8950
2023-08-31,NA,2023239N21274,Idalia,0.5000
2023-08-31,NA,2023241N28308,Jose,0.7350
2023-09-01,NA,2023231N15313,Gert,0.1225
2023-09-01,NA,2023232N13300,Franklin,1.4750
2023-09-01,NA,2023241N28308,Jose,1.1050
2023-09-02,NA,2023231N15313,Gert,0.6875
2023-09-02,NA,2023242N15339,Katia,0.7350
2023-09-03,NA,2023231N15313,Gert,0.9525
2023-09-03,NA,2023242N15339,Katia,0.6075
2023-09-04,NA,2023231N15313,Gert,0.4050
2023-09-05,EP,2023248N12257,Jova,0.5750
2023-09-05,NA,2023249N12320,Lee,0.1225
2023-09-06,EP,2023248N12257,Jova,3.0550
2023-09-06,NA,2023249N12320,Lee,1.2875
2023-09-07,EP,2023248N12257,Jova,7.3050
2023-09-07,NA,2023249N12320,Lee,2.8775
2023-09-07,NA,2023251N16334,Margot,0.1225
2023-09-08,EP,2023248N12257,Jova,3.6075
2023-09-08,NA,2023249N12320,Lee,7.3100
2023-09-08,NA,2023251N16334,Margot,0.4900
2023-09-09,EP,2023248N12257,Jova,1.3550
2023-09-09,NA,2023249N12320,Lee,4.0050
2023-09-09,NA,2023251N16334,Margot,0.6025
2023-09-10,EP,2023248N12257,Jova,0.2025
2023-09-10,NA,2023249N12320,Lee,3.5375
2023-09-10,NA,2023251N16334,Margot,0.8575
2023-09-11,NA,2023249N12320,Lee,4.3075
2023-09-11,NA,2023251N16334,Margot,1.3875
2023-09-12,NA,2023249N12320,Lee,4.0000
2023-09-12,NA,2023251N16334,Margot,2.1775
2023-09-13,NA,2023249N12320,Lee,3.7125
2023-09-13,NA,2023251N16334,Margot,2.4050
2023-09-14,NA,2023249N12320,Lee,2.7350
2023-09-14,NA,2023251N16334,Margot,2.0325
2023-09-15,NA,2023249N12320,Lee,2.2500
2023-09-15,NA,2023251N16334,Margot,1.3875
2023-09-16,NA,2023249N12320,Lee,0.5625
2023-09-16,NA,2023251N16334,Margot,1.0575
2023-09-17,NA,2023258N14318,Nigel,0.8775
2023-09-18,NA,2023258N14318,Nigel,1.6950
2023-09-19,EP,2023261N13248,Kenneth,0.2825
2023-09-19,NA,2023258N14318,Nigel,2.4875
2023-09-20,EP,2023261N13248,Kenneth,0.7250
2023-09-20,NA,2023258N14318,Nigel,2.7250
2023-09-21,EP,2023261N13248,Kenneth,0.6875
2023-09-21,NA,2023258N14318,Nigel,2.2550
2023-09-22,EP,2023261N13248,Kenneth,0.1225
2023-09-22,NA,2023258N14318,Nigel,0.4225
2023-09-22,NA,2023265N29284,Ophelia,0.3600
2023-09-23,NA,2023265N29284,Ophelia,1.1300
2023-09-23,NA,2023266N16323,Philippe,0.1225
2023-09-24,NA,2023266N16323,Philippe,0.7675
2023-09-25,NA,2023266N16323,Philippe,0.9050
2023-09-26,NA,2023266N16323,Philippe,0.7250
2023-09-27,NA,2023266N16323,Philippe,0.7250
2023-09-28,NA,2023266N16323,Philippe,0.6400
2023-09-28,NA,2023271N16316,Rina,0.3675
2023-09-29,NA,2023266N16323,Philippe,0.7250
2023-09-29,NA,2023271N16316,Rina,0.7675
2023-09-30,NA,2023266N16323,Philippe,0.8575
2023-09-30,NA,2023271N16316,Rina,0.7250
2023-10-01,NA,2023266N16323,Philippe,0.9050
2023-10-01,NA,2023271N16316,Rina,0.3675
2023-10-02,NA,2023266N16323,Philippe,0.8100
2023-10-03,EP,2023276N11254,Lidia,0.3675
2023-10-03,NA,2023266N16323,Philippe,0.7250
2023-10-04,EP,2023276N11254,Lidia,0.6875
2023-10-04,NA,2023266N16323,Philippe,0.6025
2023-10-05,EP,2023276N11254,Lidia,0.9050
2023-10-05,NA,2023266N16323,Philippe,0.6875
2023-10-06,EP,2023276N11254,Lidia,1.3825
2023-10-06,NA,2023266N16323,Philippe,0.4050
2023-10-07,EP,2023276N11254,Lidia,1.2100
2023-10-08,EP,2023276N11254,Lidia,1.4400
2023-10-09,EP,2023276N11254,Lidia,1.3875
2023-10-09,EP,2023281N14260,Max,1.0725
2023-10-10,EP,2023276N11254,Lidia,2.7950
2023-10-10,EP,2023281N14260,Max,0.1225
2023-10-11,EP,2023276N11254,Lidia,1.8000
2023-10-11,NA,2023284N10330,Sean,0.3675
2023-10-12,NA,2023284N10330,Sean,0.2825
2023-10-13,NA,2023284N10330,Sean,0.5650
2023-10-14,NA,2023284N10330,Sean,0.1225
2023-10-17,EP,2023290N12256,Norma,0.1225
2023-10-18,EP,2023290N12256,Norma,1.2875
2023-10-18,NA,2023292N13309,Tammy,0.1225
2023-10-19,EP,2023290N12256,Norma,4.2750
2023-10-19,NA,2023292N13309,Tammy,0.8250
2023-10-20,EP,2023290N12256,Norma,4.2050
2023-10-20,NA,2023292N13309,Tammy,1.2825
2023-10-21,EP,2023290N12256,Norma,3.4750
2023-10-21,NA,2023292N13309,Tammy,2.1050
2023-10-22,EP,2023290N12256,Norma,1.2150
2023-10-22,EP,2023294N09264,Otis,0.1225
2023-10-22,NA,2023292N13309,Tammy,2.3275
2023-10-23,EP,2023290N12256,Norma,0.3250
2023-10-23,EP,2023294N09264,Otis,0.6075
2023-10-23,NA,2023292N13309,Tammy,1.9650
2023-10-24,EP,2023294N09264,Otis,1.9750
2023-10-24,NA,2023292N13309,Tammy,1.6900
2023-10-25,EP,2023294N09264,Otis,4.6750
2023-10-25,NA,2023292N13309,Tammy,2.9100
2023-10-26,NA,2023292N13309,Tammy,2.1150
2023-10-27,NA,2023292N13309,Tammy,1.2675
2023-10-28,NA,2023292N13309,Tammy,0.8150
2023-10-30,EP,2023302N10267,Pilar,0.6075
2023-10-31,EP,2023302N10267,Pilar,0.8575
2023-11-01,EP,2023302N10267,Pilar,1.0575
2023-11-02,EP,2023302N10267,Pilar,0.9575
2023-11-03,EP,2023302N10267,Pilar,0.8150
2023-11-04,EP,2023302N10267,Pilar,0.6400
2023-11-05,EP,2023302N10267,Pilar,0.4800
2023-11-24,EP,2023326N10240,Ramon,0.2450
2023-11-25,EP,2023326N10240,Ramon,0.5275
2023-11-26,EP,2023326N10240,Ramon,0.1600
2024-06-19,NA,2024170N20267,Alberto,0.2825
2024-06-20,NA,2024170N20267,Alberto,0.5275
2024-06-29,NA,2024181N09320,Beryl,0.9875
2024-06-30,NA,2024181N09320,Beryl,3.5350
2024-07-01,NA,2024181N09320,Beryl,5.2225
2024-07-01,NA,2024183N20265,Chris,0.1225
2024-07-02,NA,2024181N09320,Beryl,7.8450
2024-07-03,NA,2024181N09320,Beryl,6.2550
2024-07-04,EP,2024186N15256,Aletta,0.2450
2024-07-04,NA,2024181N09320,Beryl,4.1375
2024-07-05,EP,2024186N15256,Aletta,0.1225
2024-07-05,NA,2024181N09320,Beryl,2.8250
2024-07-06,NA,2024181N09320,Beryl,0.9525
2024-07-07,NA,2024181N09320,Beryl,1.1050
2024-07-08,NA,2024181N09320,Beryl,1.5900
2024-07-24,EP,2024207N16250,Bud,0.1225
2024-07-25,EP,2024207N16250,Bud,0.9050
2024-07-26,EP,2024207N16250,Bud,0.1600
2024-07-31,EP,2024213N14254,Carlotta,0.2825
2024-08-01,EP,2024213N14254,Carlotta,1.0050
2024-08-02,EP,2024213N14254,Carlotta,1.8350
2024-08-03,EP,2024213N14254,Carlotta,2.4825
2024-08-03,EP,2024216N12231,Daniel,0.3675
2024-08-03,NA,2024216N20284,Debby,0.1225
2024-08-04,EP,2024213N14254,Carlotta,1.5750
2024-08-04,EP,2024216N12231,Daniel,0.4900
2024-08-04,NA,2024216N20284,Debby,0.8925
2024-08-05,EP,2024213N14254,Carlotta,0.7725
2024-08-05,EP,2024216N12231,Daniel,0.3675
2024-08-05,EP,2024218N14254,Fabio,0.2825
2024-08-05,EP,2024218N16247,Emilia,0.6075
2024-08-05,NA,2024216N20284,Debby,1.6525
2024-08-06,EP,2024218N14254,Fabio,1.1050
2024-08-06,EP,2024218N16247,Emilia,1.1100
2024-08-06,NA,2024216N20284,Debby,0.7250
2024-08-07,EP,2024218N14254,Fabio,0.5225
2024-08-07,EP,2024218N16247,Emilia,1.3250
2024-08-07,NA,2024216N20284,Debby,0.8625
2024-08-08,EP,2024218N16247,Emilia,0.5325
2024-08-08,NA,2024216N20284,Debby,0.6825
2024-08-12,NA,2024225N14313,Ernesto,0.1225
2024-08-13,NA,2024225N14313,Ernesto,0.6550
2024-08-14,NA,2024225N14313,Ernesto,1.5075
2024-08-15,NA,2024225N14313,Ernesto,2.2550
2024-08-16,NA,2024225N14313,Ernesto,2.8900
2024-08-17,NA,2024225N14313,Ernesto,2.1150
2024-08-18,EP,2024231N14251,Gilma,0.1225
2024-08-18,NA,2024225N14313,Ernesto,1.5025
2024-08-19,EP,2024231N14251,Gilma,0.7675
2024-08-19,NA,2024225N14313,Ernesto,2.4150
2024-08-20,EP,2024231N14251,Gilma,0.9575
2024-08-20,NA,2024225N14313,Ernesto,0.9850
2024-08-21,EP,2024231N14251,Gilma,2.1550
2024-08-22,EP,2024231N14251,Gilma,4.5225
2024-08-22,EP,2024235N16223,Hone,0.1225
2024-08-23,EP,2024231N14251,Gilma,4.2150
2024-08-23,EP,2024235N16223,Hone,0.6450
2024-08-24,EP,2024231N14251,Gilma,3.4300
2024-08-24,EP,2024235N16223,Hone,1.0050
2024-08-25,EP,2024231N14251,Gilma,4.8550
2024-08-25,EP,2024235N16223,Hone,1.6575
2024-08-25,EP,2024236N14248,Hector,0.2825
2024-08-26,EP,2024231N14251,Gilma,3.3325
2024-08-26,EP,2024235N16223,Hone,1.3250
2024-08-26,EP,2024236N14248,Hector,0.7250
2024-08-27,EP,2024231N14251,Gilma,2.5775
2024-08-27,EP,2024235N16223,Hone,0.9050
2024-08-27,EP,2024236N14248,Hector,0.9050
2024-08-28,EP,2024231N14251,Gilma,0.7250
2024-08-28,EP,2024235N16223,Hone,0.8100
2024-08-28,EP,2024236N14248,Hector,0.6075
2024-08-29,EP,2024231N14251,Gilma,0.2450
2024-08-29,EP,2024235N16223,Hone,0.6075
2024-08-31,EP,2024235N16223,Hone,0.4050
2024-09-01,EP,2024235N16223,Hone,0.1225
2024-09-09,NA,2024253N21266,Francine,0.4525
2024-09-10,NA,2024253N21266,Francine,1.2100
2024-09-11,NA,2024253N21266,Francine,2.4250
2024-09-12,EP,2024256N18254,Ileana,0.1225
2024-09-12,NA,2024253N21266,Francine,0.6925
2024-09-13,EP,2024256N18254,Ileana,0.6400
2024-09-13,NA,2024256N16332,Gordon,0.2450
2024-09-14,EP,2024256N18254,Ileana,0.6825
2024-09-14,NA,2024256N16332,Gordon,0.6400
2024-09-15,EP,2024256N18254,Ileana,0.2025
2024-09-15,NA,2024256N16332,Gordon,0.3675
2024-09-23,EP,2024267N14261,John,1.2825
2024-09-24,EP,2024267N14261,John,1.9250
2024-09-24,NA,2024268N17278,Helene,0.3625
2024-09-25,EP,2024267N14261,John,0.3250
2024-09-25,NA,2024268N17278,Helene,1.4650
2024-09-25,NA,2024269N39302,Isaac,0.2025
2024-09-26,EP,2024267N14261,John,1.5075
2024-09-26,NA,2024268N17278,Helene,2.8775
2024-09-26,NA,2024269N39302,Isaac,0.8575
2024-09-27,EP,2024267N14261,John,1.0350
2024-09-27,NA,2024268N17278,Helene,2.2825
2024-09-27,NA,2024269N39302,Isaac,1.6475
2024-09-27,NA,2024271N17319,Joyce,0.3250
2024-09-28,NA,2024269N39302,Isaac,3.0650
2024-09-28,NA,2024271N17319,Joyce,0.7675
2024-09-29,NA,2024269N39302,Isaac,1.8350
2024-09-29,NA,2024271N17319,Joyce,0.6025
2024-09-30,NA,2024269N39302,Isaac,0.3025
2024-09-30,NA,2024274N14328,Kirk,0.5750
2024-10-01,NA,2024274N14328,Kirk,1.2825
2024-10-02,EP,2024275N14264,Unnamed,0.3675
2024-10-02,NA,2024274N14328,Kirk,2.1150
2024-10-03,EP,2024275N14264,Unnamed,0.3675
2024-10-03,NA,2024274N14328,Kirk,4.6350
2024-10-03,NA,2024275N10336,Leslie,0.6875
2024-10-04,NA,2024274N14328,Kirk,6.1425
2024-10-04,NA,2024275N10336,Leslie,1.1625
2024-10-05,NA,2024274N14328,Kirk,4.7375
2024-10-05,NA,2024275N10336,Leslie,1.8925
2024-10-05,NA,2024279N21265,Milton,0.1225
2024-10-06,NA,2024274N14328,Kirk,3.2650
2024-10-06,NA,2024275N10336,Leslie,2.4825
2024-10-06,NA,2024279N21265,Milton,1.1175
2024-10-07,NA,2024274N14328,Kirk,0.9125
2024-10-07,NA,2024275N10336,Leslie,2.1150
2024-10-07,NA,2024279N21265,Milton,5.0625
2024-10-08,NA,2024275N10336,Leslie,1.5025
2024-10-08,NA,2024279N21265,Milton,7.1875
2024-10-09,NA,2024275N10336,Leslie,2.4150
2024-10-09,NA,2024279N21265,Milton,7.0650
2024-10-10,NA,2024275N10336,Leslie,2.5175
2024-10-10,NA,2024279N21265,Milton,2.0150
2024-10-11,NA,2024275N10336,Leslie,0.9575
2024-10-12,NA,2024275N10336,Leslie,0.4050
2024-10-19,NA,2024293N17275,Nadine,0.6875
2024-10-19,NA,2024293N21294,Oscar,1.1175
2024-10-20,NA,2024293N21294,Oscar,2.1050
2024-10-21,EP,2024296N13260,Kristy,0.1225
2024-10-21,NA,2024293N21294,Oscar,0.9550
2024-10-22,EP,2024296N13260,Kristy,0.9725
2024-10-22,NA,2024293N21294,Oscar,0.3675
2024-10-23,EP,2024296N13260,Kristy,3.8775
2024-10-24,EP,2024296N13260,Kristy,7.2950
2024-10-25,EP,2024296N13260,Kristy,6.0750
2024-10-26,EP,2024296N13260,Kristy,2.4750
2024-10-27,EP,2024296N13260,Kristy,0.5525
2024-11-01,NA,2024306N39319,Patty,0.2025
2024-11-02,EP,2024307N11232,Lane,0.4425
2024-11-02,NA,2024306N39319,Patty,1.0575
2024-11-03,EP,2024307N11232,Lane,0.1225
2024-11-03,NA,2024306N39319,Patty,0.7725
2024-11-04,NA,2024306N39319,Patty,0.2825
2024-11-04,NA,2024309N13283,Rafael,0.1225
2024-11-05,NA,2024309N13283,Rafael,0.9725
2024-11-06,NA,2024309N13283,Rafael,2.9400
2024-11-07,NA,2024309N13283,Rafael,3.3325
2024-11-08,NA,2024309N13283,Rafael,3.4550
2024-11-09,NA,2024309N13283,Rafael,1.1775
2024-11-10,NA,2024309N13283,Rafael,0.2825
2024-11-14,NA,2024319N16282,Sara,0.2450
2024-11-15,NA,2024319N16282,Sara,0.7250
2024-11-16,NA,2024319N16282,Sara,0.6450
2024-11-17,NA,2024319N16282,Sara,0.3675
2025-05-29,EP,2025149N12256,Alvin,0.4100
2025-05-30,EP,2025149N12256,Alvin,0.8575
2025-05-31,EP,2025149N12256,Alvin,0.1600
2025-06-08,EP,2025159N12250,Cosme,0.2825
2025-06-08,EP,2025159N15258,Barbara,0.6600
2025-06-09,EP,2025159N12250,Cosme,1.0250
2025-06-09,EP,2025159N15258,Barbara,1.6275
2025-06-10,EP,2025159N12250,Cosme,1.3300
2025-06-10,EP,2025159N15258,Barbara,0.8125
2025-06-11,EP,2025159N12250,Cosme,0.2025
2025-06-13,EP,2025164N11260,Dalila,0.1225
2025-06-14,EP,2025164N11260,Dalila,0.9150
2025-06-15,EP,2025164N11260,Dalila,1.0150
2025-06-17,EP,2025168N11269,Erick,0.3250
2025-06-18,EP,2025168N11269,Erick,2.1900
2025-06-19,EP,2025168N11269,Erick,4.1750
2025-06-23,NA,2025173N30302,Andrea,0.2450
2025-06-24,NA,2025173N30302,Andrea,0.3675
2025-06-29,EP,2025180N13261,Flossie,0.1225
2025-06-29,NA,2025180N19266,Barry,0.2825
2025-06-30,EP,2025180N13261,Flossie,0.7875
2025-06-30,NA,2025180N19266,Barry,0.1225
2025-07-01,EP,2025180N13261,Flossie,2.4550
2025-07-02,EP,2025180N13261,Flossie,3.6250
2025-07-03,EP,2025180N13261,Flossie,0.7400
2025-07-05,NA,2025185N30280,Chantal,0.4050
2025-07-06,NA,2025185N30280,Chantal,0.5750
2025-07-27,EP,2025207N11219,Iona,0.1225
2025-07-28,EP,2025207N11219,Iona,1.0875
2025-07-28,EP,2025209N12220,Keli,0.1225
2025-07-29,EP,2025207N11219,Iona,4.0950
2025-07-29,EP,2025209N12220,Keli,0.7250
2025-07-30,EP,2025207N11219,Iona,2.6025
2025-07-30,EP,2025209N12220,Keli,0.3675
2025-07-31,EP,2025207N11219,Iona,0.7250
2025-07-31,EP,2025212N13247,Gil,0.7350
2025-08-01,EP,2025207N11219,Iona,0.1225
2025-08-01,EP,2025212N13247,Gil,1.2675
2025-08-02,EP,2025212N13247,Gil,1.6275
2025-08-03,EP,2025212N13247,Gil,0.5525
2025-08-03,NA,2025215N33284,Dexter,0.1225
2025-08-04,EP,2025216N13243,Henriette,0.2825
2025-08-04,NA,2025215N33284,Dexter,0.6400
2025-08-05,EP,2025216N13243,Henriette,0.8100
2025-08-05,NA,2025215N33284,Dexter,0.5275
2025-08-06,EP,2025216N13243,Henriette,0.8100
2025-08-06,EP,2025219N13264,Ivo,0.1225
2025-08-06,NA,2025215N33284,Dexter,0.8625
2025-08-07,EP,2025216N13243,Henriette,0.7300
2025-08-07,EP,2025219N13264,Ivo,0.7350
2025-08-08,EP,2025216N13243,Henriette,0.1225
2025-08-08,EP,2025219N13264,Ivo,1.0525
2025-08-09,EP,2025216N13243,Henriette,0.1225
2025-08-09,EP,2025219N13264,Ivo,1.0050
2025-08-10,EP,2025216N13243,Henriette,1.0875
2025-08-10,EP,2025219N13264,Ivo,0.6075
2025-08-11,EP,2025216N13243,Henriette,2.1050
2025-08-11,NA,2025223N17337,Erin,0.4425
2025-08-12,EP,2025216N13243,Henriette,1.5750
2025-08-12,NA,2025223N17337,Erin,0.6400
2025-08-13,EP,2025216N13243,Henriette,0.2500
2025-08-13,NA,2025223N17337,Erin,0.7250
2025-08-14,NA,2025223N17337,Erin,0.9575
2025-08-15,NA,2025223N17337,Erin,1.5650
2025-08-16,NA,2025223N17337,Erin,5.1150
2025-08-17,NA,2025223N17337,Erin,5.1925
2025-08-18,NA,2025223N17337,Erin,5.2950
2025-08-19,NA,2025223N17337,Erin,3.2550
2025-08-20,NA,2025223N17337,Erin,3.3375
2025-08-21,NA,2025223N17337,Erin,3.2450
2025-08-22,NA,2025223N17337,Erin,2.0025
2025-08-23,NA,2025236N27298,Fernand,0.1225
2025-08-24,NA,2025236N27298,Fernand,0.5275
2025-08-25,EP,2025237N16251,Juliette,0.5325
2025-08-25,NA,2025236N27298,Fernand,0.9050
2025-08-26,EP,2025237N16251,Juliette,1.3250
2025-08-26,NA,2025236N27298,Fernand,0.6075
2025-08-27,EP,2025237N16251,Juliette,0.9150
2025-08-27,NA,2025236N27298,Fernand,0.5650
2025-08-28,EP,2025237N16251,Juliette,0.1600
2025-08-31,EP,2025243N14239,Kiko,0.2450
2025-09-01,EP,2025243N14239,Kiko,0.8250
2025-09-02,EP,2025243N14239,Kiko,1.9275
2025-09-02,EP,2025245N17255,Lorena,0.4850
2025-09-03,EP,2025243N14239,Kiko,3.6400
2025-09-03,EP,2025245N17255,Lorena,1.7775
2025-09-04,EP,2025243N14239,Kiko,5.7700
2025-09-04,EP,2025245N17255,Lorena,1.6150
2025-09-05,EP,2025243N14239,Kiko,4.4150
2025-09-06,EP,2025243N14239,Kiko,5.1825
2025-09-07,EP,2025243N14239,Kiko,4.5375
2025-09-08,EP,2025243N14239,Kiko,3.0750
2025-09-09,EP,2025243N14239,Kiko,0.9925
2025-09-10,EP,2025243N14239,Kiko,0.2450
2025-09-12,EP,2025254N14262,Mario,0.3675
2025-09-14,EP,2025254N14262,Mario,0.2825
2025-09-15,EP,2025254N14262,Mario,1.0575
2025-09-16,EP,2025254N14262,Mario,0.4525
2025-09-17,NA,2025261N19312,Gabrielle,0.2025
2025-09-18,NA,2025261N19312,Gabrielle,0.8100
2025-09-19,NA,2025261N19312,Gabrielle,0.8100
2025-09-20,NA,2025261N19312,Gabrielle,0.9575
2025-09-21,EP,2025265N14261,Narda,0.1225
2025-09-21,NA,2025261N19312,Gabrielle,1.3875
2025-09-22,EP,2025265N14261,Narda,0.7350
2025-09-22,NA,2025261N19312,Gabrielle,3.4525
2025-09-23,EP,2025265N14261,Narda,1.9275
2025-09-23,NA,2025261N19312,Gabrielle,5.6425
2025-09-24,EP,2025265N14261,Narda,3.0650
2025-09-24,NA,2025261N19312,Gabrielle,3.7425
2025-09-24,NA,2025268N19306,Humberto,0.2450
2025-09-25,EP,2025265N14261,Narda,2.5600
2025-09-25,NA,2025261N19312,Gabrielle,1.4750
2025-09-25,NA,2025268N19306,Humberto,0.9150
2025-09-26,EP,2025265N14261,Narda,2.2500
2025-09-26,NA,2025268N19306,Humberto,2.3925
2025-09-27,EP,2025265N14261,Narda,2.1775
2025-09-27,NA,2025268N19306,Humberto,6.5350
2025-09-28,EP,2025265N14261,Narda,0.8125
2025-09-28,NA,2025268N19306,Humberto,6.9075
2025-09-28,NA,2025270N21285,Imelda,0.1225
2025-09-29,NA,2025268N19306,Humberto,5.7650
2025-09-29,NA,2025270N21285,Imelda,0.7350
2025-09-30,EP,2025273N09248,Octave,0.2450
2025-09-30,NA,2025268N19306,Humberto,2.7900
2025-09-30,NA,2025270N21285,Imelda,1.5175
2025-10-01,EP,2025273N09248,Octave,0.8625
2025-10-01,NA,2025268N19306,Humberto,0.9800
2025-10-01,NA,2025270N21285,Imelda,2.3325
2025-10-02,EP,2025273N09248,Octave,1.2100
2025-10-02,NA,2025270N21285,Imelda,1.2800
2025-10-03,EP,2025273N09248,Octave,0.9050
2025-10-04,EP,2025273N09248,Octave,1.1050
2025-10-04,EP,2025278N15254,Priscilla,0.1600
2025-10-05,EP,2025273N09248,Octave,1.8350
2025-10-05,EP,2025278N15254,Priscilla,1.1675
2025-10-06,EP,2025273N09248,Octave,1.8125
2025-10-06,EP,2025278N15254,Priscilla,2.1100
2025-10-07,EP,2025273N09248,Octave,0.8100
2025-10-07,EP,2025278N15254,Priscilla,3.1875
2025-10-07,NA,2025280N11319,Jerry,0.4425
2025-10-08,EP,2025273N09248,Octave,0.6400
2025-10-08,EP,2025278N15254,Priscilla,2.3000
2025-10-08,NA,2025280N11319,Jerry,1.0100
2025-10-09,EP,2025273N09248,Octave,0.2825
2025-10-09,EP,2025278N15254,Priscilla,0.9575
2025-10-09,EP,2025282N16261,Raymond,0.2825
2025-10-09,NA,2025280N11319,Jerry,1.1050
2025-10-09,NA,2025281N38324,Karen,0.3200
2025-10-10,EP,2025278N15254,Priscilla,0.5650
2025-10-10,EP,2025282N16261,Raymond,0.9050
2025-10-10,NA,2025280N11319,Jerry,1.0000
2025-10-10,NA,2025281N38324,Karen,0.6025
2025-10-11,EP,2025282N16261,Raymond,0.4850
2025-10-11,NA,2025280N11319,Jerry,0.6550
2025-10-13,NA,2025286N14320,Lorenzo,0.5650
2025-10-14,NA,2025286N14320,Lorenzo,0.7825
2025-10-15,NA,2025286N14320,Lorenzo,0.3675
2025-10-21,NA,2025294N14290,Melissa,0.5650
2025-10-22,NA,2025294N14290,Melissa,0.8100
2025-10-23,NA,2025294N14290,Melissa,0.6825
2025-10-24,NA,2025294N14290,Melissa,0.7725
2025-10-25,EP,2025297N13247,Sonia,0.6875
2025-10-25,NA,2025294N14290,Melissa,1.5850
2025-10-26,EP,2025297N13247,Sonia,0.7675
2025-10-26,NA,2025294N14290,Melissa,4.6750
2025-10-27,EP,2025297N13247,Sonia,0.5650
2025-10-27,NA,2025294N14290,Melissa,7.8900
2025-10-28,EP,2025297N13247,Sonia,0.5650
2025-10-28,NA,2025294N14290,Melissa,9.6300
2025-10-29,NA,2025294N14290,Melissa,3.5675
2025-10-30,NA,2025294N14290,Melissa,2.8950
2025-10-31,NA,2025294N14290,Melissa,1.2025
2026-06-03,EP,2026152N08237,Amanda,0.2450
2026-06-04,EP,2026152N08237,Amanda,0.5275
2026-06-05,EP,2026152N08237,Amanda,0.6025
2026-06-06,EP,2026152N08237,Amanda,0.3675
2026-06-08,EP,2026157N14255,Boris,0.4425
2026-06-08,EP,2026158N10271,Cristina,0.3200
2026-06-09,EP,2026157N14255,Boris,0.2825
2026-06-09,EP,2026158N10271,Cristina,0.5275
2026-06-10,EP,2026158N10271,Cristina,0.3675
2026-06-17,NA,2026166N24260,Arthur,0.2825
2026-06-18,NA,2026166N24260,Arthur,0.1225
2026-07-01,EP,2026180N11238,Douglas,0.1225
2026-07-02,EP,2026180N11238,Douglas,0.4900
2026-07-03,EP,2026180N11238,Douglas,0.1225
2026-07-15,EP,2026194N12265,Elida,0.4850
2026-07-16,EP,2026194N12265,Elida,0.9525
2026-07-17,EP,2026194N12265,Elida,1.2100
2026-07-18,EP,2026194N12265,Elida,1.3250
2026-07-19,EP,2026194N12265,Elida,1.1100
2026-07-19,EP,2026198N08260,Fausto,0.1225
2026-07-20,EP,2026194N12265,Elida,0.5650
2026-07-20,EP,2026198N08260,Fausto,0.9725
2026-07-21,EP,2026198N08260,Fausto,1.7575
2026-07-21,NA,2026199N26277,Bertha,0.8250
2026-07-22,EP,2026198N08260,Fausto,2.0325
2026-07-22,NA,2026199N26277,Bertha,0.8150
2026-07-23,EP,2026198N08260,Fausto,2.0325
2026-07-23,NA,2026199N26277,Bertha,0.6025
2026-07-24,EP,2026198N08260,Fausto,2.9000
2026-07-24,EP,2026205N09261,Genevieve,0.2825
2026-07-25,EP,2026198N08260,Fausto,2.9775
2026-07-25,EP,2026205N09261,Genevieve,0.9575
2026-07-26,EP,2026198N08260,Fausto,2.4875
2026-07-26,EP,2026205N09261,Genevieve,3.3850
2026-07-27,EP,2026198N08260,Fausto,2.0375
2026-07-27,EP,2026205N09261,Genevieve,7.1625
2026-07-28,EP,2026198N08260,Fausto,1.1150
2026-07-28,EP,2026205N09261,Genevieve,5.4225
2026-07-29,EP,2026198N08260,Fausto,0.2450
2026-07-29,EP,2026205N09261,Genevieve,4.3425
2026-07-30,EP,2026205N09261,Genevieve,2.2750
2026-07-31,EP,2026205N09261,Genevieve,1.1625
2026-08-01,EP,2026205N09261,Genevieve,0.8100
2026-08-02,EP,2026205N09261,Genevieve,0.5650
2026-08-12,NA,2026223N36297,Cristobal,0.3200
2026-08-13,EP,2026222N15223,Lala,0.2825
2026-08-13,EP,2026223N14233,Hernan,0.4800
2026-08-13,NA,2026223N36297,Cristobal,0.1225
2026-08-14,EP,2026222N15223,Lala,0.9525
2026-08-14,EP,2026223N14233,Hernan,0.3675
2026-08-15,EP,2026222N15223,Lala,1.3300
2026-08-16,EP,2026222N15223,Lala,1.5075
2026-08-17,EP,2026222N15223,Lala,1.1050
2026-08-18,EP,2026222N15223,Lala,1.9950
2026-08-19,EP,2026222N15223,Lala,4.6350
2026-08-20,EP,2026222N15223,Lala,3.1825
2026-08-21,EP,2026222N15223,Lala,2.6425
2026-08-21,EP,2026231N10228,Moke,0.1225
2026-08-22,EP,2026222N15223,Lala,2.0375
2026-08-22,EP,2026231N10228,Moke,0.7250
2026-08-23,EP,2026222N15223,Lala,1.3875
2026-08-23,EP,2026231N10228,Moke,0.6450
2026-08-23,EP,2026234N10255,Iselle,0.3625
2026-08-24,EP,2026222N15223,Lala,1.2100
2026-08-24,EP,2026231N10228,Moke,0.1225
2026-08-24,EP,2026234N10255,Iselle,1.1150
2026-08-25,EP,2026222N15223,Lala,0.9050
2026-08-25,EP,2026232N10250,Julio,0.4850
2026-08-25,EP,2026234N10255,Iselle,1.2725
2026-08-26,EP,2026222N15223,Lala,0.6825
2026-08-26,EP,2026234N10255,Iselle,0.7250
2026-08-27,EP,2026222N15223,Lala,0.6400
2026-08-27,EP,2026237N09256,Karina,0.1600
2026-08-27,EP,2026238N10223,Lowell,0.1225
2026-08-27,NA,2026236N11344,Dolly,0.2450
2026-08-28,EP,2026222N15223,Lala,0.1225
2026-08-28,EP,2026237N09256,Karina,0.9575
2026-08-28,EP,2026238N10223,Lowell,0.6025
2026-08-28,NA,2026236N11344,Dolly,0.2450
2026-08-29,EP,2026237N09256,Karina,1.2675
2026-08-29,EP,2026238N10223,Lowell,0.6400
2026-08-30,EP,2026237N09256,Karina,1.9125
2026-08-30,EP,2026238N10223,Lowell,0.8100
2026-08-31,EP,2026237N09256,Karina,5.4125
2026-08-31,EP,2026238N10223,Lowell,1.0575
2026-09-01,EP,2026237N09256,Karina,5.5250
2026-09-01,EP,2026238N10223,Lowell,1.7250
2026-09-01,EP,2026242N10255,Marie,0.5700
2026-09-01,NA,2026241N30273,Edouard,0.6550
2026-09-02,EP,2026237N09256,Karina,6.0050
2026-09-02,EP,2026238N10223,Lowell,6.3000
2026-09-02,EP,2026242N10255,Marie,1.3875
2026-09-02,NA,2026241N30273,Edouard,0.1600
2026-09-03,EP,2026237N09256,Karina,4.2350
2026-09-03,EP,2026238N10223,Lowell,6.3925
2026-09-03,EP,2026242N10255,Marie,2.3325
2026-09-04,EP,2026237N09256,Karina,2.8175
2026-09-04,EP,2026238N10223,Lowell,5.4325
2026-09-04,EP,2026242N10255,Marie,2.8075
2026-09-05,EP,2026237N09256,Karina,1.7675
2026-09-05,EP,2026238N10223,Lowell,6.9025
2026-09-05,EP,2026242N10255,Marie,2.7250
2026-09-06,EP,2026237N09256,Karina,1.0575
2026-09-06,EP,2026238N10223,Lowell,5.0650
2026-09-06,EP,2026242N10255,Marie,2.1925
2026-09-07,EP,2026237N09256,Karina,0.1600
2026-09-07,EP,2026238N10223,Lowell,4.1075
2026-09-07,EP,2026242N10255,Marie,1.1625
2026-09-08,EP,2026238N10223,Lowell,3.0175
2026-09-08,EP,2026242N10255,Marie,0.3625
2026-09-09,EP,2026238N10223,Lowell,1.1625
2026-09-10,EP,2026238N10223,Lowell,1.0050
2026-09-10,EP,2026251N13251,Norbert,0.4050
2026-09-11,EP,2026251N13251,Norbert,1.0150
2026-09-12,EP,2026251N13251,Norbert,1.0050
2026-09-13,EP,2026251N13251,Norbert,0.7675
2026-09-14,EP,2026251N13251,Norbert,0.5275
2026-09-20,EP,2026260N11250,Odalys,0.4850
2026-09-20,NA,2026261N32326,Fay,0.6750
2026-09-21,EP,2026260N11250,Odalys,0.7250
2026-09-21,EP,2026261N07257,Polo,1.0750
2026-09-21,NA,2026261N32326,Fay,1.0250
2026-09-22,EP,2026260N11250,Odalys,1.1150
2026-09-22,EP,2026261N07257,Polo,6.6125
2026-09-22,NA,2026261N32326,Fay,0.2450
2026-09-23,EP,2026260N11250,Odalys,1.6950
2026-09-23,EP,2026261N07257,Polo,7.3150
2026-09-24,EP,2026254N11252,Nolo,0.9150
2026-09-24,EP,2026260N11250,Odalys,2.4050
2026-09-24,EP,2026261N07257,Polo,7.4325
2026-09-24,NA,2026261N32326,Fay,0.6500
2026-09-25,EP,2026254N11252,Nolo,2.3000
2026-09-25,EP,2026260N11250,Odalys,4.7775
2026-09-25,EP,2026261N07257,Polo,8.3175
2026-09-25,NA,2026261N32326,Fay,0.8575
2026-09-25,NA,2026266N08347,Gonzalo,0.7250
2026-09-26,EP,2026254N11252,Nolo,3.0650
2026-09-26,EP,2026260N11250,Odalys,3.6600
2026-09-26,EP,2026261N07257,Polo,7.8850
2026-09-26,NA,2026261N32326,Fay,0.1225
2026-09-26,NA,2026266N08347,Gonzalo,0.5650
2026-09-27,EP,2026254N11252,Nolo,3.0850
2026-09-27,EP,2026260N11250,Odalys,1.4475
2026-09-27,EP,2026261N07257,Polo,4.6250
2026-09-27,EP,2026268N09267,Rachel,0.1225
2026-09-28,EP,2026254N11252,Nolo,6.6575
2026-09-28,EP,2026261N07257,Polo,4.3125
2026-09-28,EP,2026268N09267,Rachel,0.6875
2026-09-28,NA,2026270N28302,Hanna,0.3200
2026-09-29,EP,2026254N11252,Nolo,4.3725
2026-09-29,EP,2026261N07257,Polo,2.5925
2026-09-29,EP,2026268N09267,Rachel,1.1625
2026-09-29,NA,2026261N32326,Fay,0.2450
2026-09-29,NA,2026270N28302,Hanna,0.6025
2026-09-30,EP,2026254N11252,Nolo,1.6150
2026-09-30,EP,2026268N09267,Rachel,1.9750
2026-09-30,NA,2026270N28302,Hanna,0.3675
2026-10-01,EP,2026254N11252,Nolo,1.0000
2026-10-01,EP,2026268N09267,Rachel,3.0125
2026-10-02,EP,2026254N11252,Nolo,1.3350
2026-10-02,EP,2026268N09267,Rachel,3.9175
2026-10-03,EP,2026254N11252,Nolo,3.3050
2026-10-03,EP,2026268N09267,Rachel,2.5850
2026-10-04,EP,2026254N11252,Nolo,3.8050
2026-10-04,EP,2026268N09267,Rachel,2.8225
2026-10-05,EP,2026268N09267,Rachel,2.5650
2026-10-06,EP,2026268N09267,Rachel,2.3325
2026-10-07,EP,2026268N09267,Rachel,1.9600
2026-10-07,EP,2026278N12269,Simon,0.1225
2026-10-07,NA,2026278N22264,Isaias,0.5325
2026-10-08,EP,2026268N09267,Rachel,0.4225
2026-10-08,EP,2026278N12269,Simon,0.1600
2026-10-08,NA,2026278N22264,Isaias,0.3600
