date,nh,sh,arctic,antarctic,tropics,world
2004-01-01,9.4783,16.0853,-22.4301,-11.3613,24.9942,12.7532
2004-01-02,9.3551,16.1779,-22.1837,-11.2248,25.0477,12.7375
2004-01-03,9.2303,16.2268,-21.9240,-11.2671,25.0941,12.6998
2004-01-04,9.1186,16.1977,-21.5548,-11.4980,25.1137,12.6291
2004-01-05,8.9434,16.1630,-22.2874,-11.9464,25.1235,12.5243
2004-01-06,8.6920,16.1275,-23.3660,-12.3400,25.0829,12.3803
2004-01-07,8.3671,16.0739,-23.7085,-12.5098,25.0214,12.1910
2004-01-08,8.2758,16.0254,-23.7426,-12.5633,24.9438,12.1206
2004-01-09,8.3770,16.0864,-24.2679,-12.5829,24.9168,12.2021
2004-01-10,8.5405,16.1282,-24.5355,-12.7011,24.9390,12.3045
2004-01-11,8.7001,16.1328,-24.9726,-12.9030,24.9479,12.3870
2004-01-12,8.7017,16.1376,-25.3842,-13.1706,24.9527,12.3901
2004-01-13,8.6851,16.1381,-25.3411,-13.4315,24.9382,12.3820
2004-01-14,8.6901,16.1356,-25.0362,-13.5038,24.9460,12.3833
2004-01-15,8.7264,16.1541,-24.7846,-13.5411,25.0193,12.4107
2004-01-16,8.7035,16.1273,-25.5647,-13.6183,25.0647,12.3856
2004-01-17,8.7085,16.0937,-26.0690,-13.6357,25.0747,12.3715
2004-01-18,8.6275,16.1735,-25.5573,-13.2897,25.0629,12.3708
2004-01-19,8.5239,16.2942,-25.0593,-12.8312,25.0651,12.3792
2004-01-20,8.4658,16.3039,-25.1582,-13.0291,25.0179,12.3553
2004-01-21,8.3975,16.2765,-24.9997,-13.1783,24.9510,12.3073
2004-01-22,8.2341,16.2735,-25.3173,-13.0741,24.8627,12.2242
2004-01-23,8.2402,16.3062,-25.1892,-13.0079,24.8381,12.2431
2004-01-24,8.2933,16.3686,-24.4405,-13.0610,24.8972,12.3011
2004-01-25,8.3541,16.4174,-23.4142,-13.3782,24.9712,12.3556
2004-01-26,8.3672,16.4350,-22.2736,-13.7616,25.0316,12.3713
2004-01-27,8.4218,16.4276,-21.6746,-14.1307,25.0295,12.3950
2004-01-28,8.5083,16.3920,-22.1762,-14.4326,25.0359,12.4203
2004-01-29,8.5745,16.3780,-23.0364,-14.3942,25.0419,12.4464
2004-01-30,8.6152,16.4163,-23.7795,-14.2369,25.0988,12.4860
2004-01-31,8.6716,16.3683,-24.4987,-14.5213,25.1231,12.4905
2004-02-01,8.7521,16.3406,-25.1384,-14.5630,25.1302,12.5171
2004-02-02,8.6829,16.2732,-25.6139,-14.6868,25.0512,12.4484
2004-02-03,8.5986,16.2974,-25.6828,-14.7310,25.0005,12.4183
2004-02-04,8.5674,16.3434,-26.0880,-14.8775,25.0146,12.4254
2004-02-05,8.6798,16.3310,-26.4717,-15.3364,25.0286,12.4755
2004-02-06,8.7886,16.2980,-26.9948,-15.9573,25.0251,12.5137
2004-02-07,8.8554,16.2705,-26.9829,-16.2282,24.9534,12.5334
2004-02-08,9.0441,16.2733,-26.6508,-16.4363,24.9640,12.6292
2004-02-09,9.2748,16.2780,-26.3163,-16.7661,25.0484,12.7470
2004-02-10,9.4610,16.2887,-25.5927,-17.0936,25.1793,12.8454
2004-02-11,9.4585,16.2621,-24.9135,-17.3720,25.2540,12.8309
2004-02-12,9.3788,16.1927,-24.8698,-17.6652,25.3183,12.7564
2004-02-13,9.3022,16.1356,-24.6917,-17.7879,25.3218,12.6894
2004-02-14,9.2833,16.1150,-24.3518,-17.7334,25.2705,12.6695
2004-02-15,9.1094,16.0771,-24.3953,-17.8814,25.1770,12.5635
2004-02-16,9.0490,16.1353,-24.6417,-17.6968,25.1755,12.5624
2004-02-17,9.1846,16.1716,-24.7796,-17.3038,25.2355,12.6482
2004-02-18,9.3357,16.1664,-24.9773,-17.2776,25.2622,12.7215
2004-02-19,9.4286,16.1515,-25.1887,-17.6380,25.2869,12.7604
2004-02-20,9.5146,16.0511,-25.4533,-18.1010,25.2621,12.7534
2004-02-21,9.6049,15.9828,-25.4833,-18.1166,25.2661,12.7644
2004-02-22,9.7817,16.0076,-25.3567,-17.1638,25.3193,12.8651
2004-02-23,9.8842,16.0817,-25.7151,-16.6249,25.3623,12.9543
2004-02-24,9.9431,16.1316,-25.8557,-16.7883,25.4077,13.0086
2004-02-25,10.1128,16.1528,-25.9593,-16.9925,25.4641,13.1042
2004-02-26,10.2779,16.1608,-25.1980,-17.5112,25.5367,13.1909
2004-02-27,10.3482,16.0981,-24.6117,-18.1282,25.5387,13.1949
2004-02-28,10.3971,16.0336,-24.5885,-18.5497,25.5663,13.1872
2004-02-29,10.4089,15.9616,-24.4021,-19.1768,25.6063,13.1567
2004-03-01,10.4601,15.8859,-23.9908,-19.9505,25.6359,13.1443
2004-03-02,10.4844,15.8021,-23.4037,-20.7242,25.6494,13.1144
2004-03-03,10.4797,15.7333,-22.8303,-21.5672,25.6197,13.0777
2004-03-04,10.4701,15.6299,-22.8661,-22.2720,25.4807,13.0212
2004-03-05,10.4462,15.6117,-23.5175,-22.6462,25.4215,13.0003
2004-03-06,10.4931,15.5655,-24.2794,-23.2044,25.4117,13.0003
2004-03-07,10.6046,15.5189,-24.4690,-23.7185,25.4366,13.0328
2004-03-08,10.7952,15.4581,-24.3342,-24.2403,25.4524,13.0980
2004-03-09,10.9749,15.4011,-23.8890,-24.2633,25.4966,13.1595
2004-03-10,11.1040,15.4295,-22.9074,-24.0892,25.5921,13.2382
2004-03-11,11.0716,15.4110,-22.2586,-24.1010,25.6298,13.2129
2004-03-12,11.1633,15.3424,-22.1057,-24.3852,25.6726,13.2242
2004-03-13,11.3400,15.3060,-22.0451,-24.6879,25.7362,13.2942
2004-03-14,11.3717,15.3409,-22.0505,-24.5880,25.7224,13.3274
2004-03-15,11.3963,15.3700,-22.0690,-24.6587,25.6954,13.3546
2004-03-16,11.4343,15.3649,-22.3474,-24.8580,25.7333,13.3710
2004-03-17,11.4187,15.3736,-22.8900,-24.7070,25.7508,13.3672
2004-03-18,11.6011,15.3748,-22.9459,-24.6021,25.7920,13.4590
2004-03-19,11.7239,15.3902,-22.9767,-24.3231,25.8193,13.5284
2004-03-20,11.7428,15.3883,-22.3405,-24.1521,25.8891,13.5367
2004-03-21,11.8393,15.2868,-21.4898,-24.4277,25.8704,13.5344
2004-03-22,11.9716,15.1848,-20.9896,-25.2210,25.8812,13.5497
2004-03-23,12.1192,15.1254,-20.6497,-25.2891,25.9054,13.5940
2004-03-24,12.2493,15.1222,-20.9788,-25.2998,25.9774,13.6573
2004-03-25,12.3075,15.1334,-20.8510,-25.1807,26.0170,13.6919
2004-03-26,12.2522,15.1805,-20.9038,-24.6732,25.9636,13.6881
2004-03-27,12.3301,15.1526,-20.8124,-24.8180,25.9398,13.7131
2004-03-28,12.5676,15.0414,-20.4947,-25.0734,25.9480,13.7765
2004-03-29,12.7311,14.9324,-20.2788,-25.9763,25.9611,13.8036
2004-03-30,12.8458,14.9500,-20.0499,-26.3473,25.9894,13.8702
2004-03-31,12.8840,14.9500,-19.5817,-26.5484,26.0142,13.8892
2004-04-01,12.9473,14.8962,-19.1551,-26.5758,26.0257,13.8939
2004-04-02,13.0492,14.8680,-18.4353,-26.5549,26.0035,13.9312
2004-04-03,13.1713,14.8536,-17.9821,-27.1765,26.0295,13.9852
2004-04-04,13.3103,14.7654,-17.7351,-27.6267,25.9859,14.0109
2004-04-05,13.3774,14.8192,-17.8835,-26.7125,25.9801,14.0710
2004-04-06,13.4600,14.8244,-18.0903,-26.0351,26.0158,14.1154
2004-04-07,13.6901,14.7454,-17.9583,-26.3717,26.0811,14.1910
2004-04-08,13.8213,14.6438,-17.5693,-27.0750,26.0427,14.2059
2004-04-09,13.9206,14.5348,-16.8320,-27.4587,25.9786,14.2010
2004-04-10,14.0012,14.4907,-16.2883,-27.8563,25.9739,14.2195
2004-04-11,14.0572,14.4628,-15.8005,-27.8941,25.9470,14.2335
2004-04-12,14.1488,14.4846,-15.3282,-27.7696,25.9794,14.2902
2004-04-13,14.2115,14.4895,-14.5253,-27.9397,26.0073,14.3237
2004-04-14,14.3126,14.4564,-14.0291,-28.0687,25.9796,14.3578
2004-04-15,14.3935,14.4165,-13.9553,-28.0975,25.9357,14.3784
2004-04-16,14.4819,14.3824,-13.7419,-28.1675,25.9719,14.4058
2004-04-17,14.6213,14.3003,-13.6084,-27.9674,26.0176,14.4341
2004-04-18,14.7482,14.2709,-13.4644,-27.6215,26.0210,14.4835
2004-04-19,14.8707,14.2320,-13.2815,-27.6653,26.0264,14.5252
2004-04-20,15.0789,14.1606,-12.7383,-27.8043,26.0613,14.5942
2004-04-21,15.2096,14.1150,-12.0684,-27.7600,26.0851,14.6365
2004-04-22,15.1786,14.0962,-11.6990,-27.8013,26.0831,14.6117
2004-04-23,15.1454,14.0224,-11.1642,-28.1807,26.0438,14.5583
2004-04-24,15.1868,13.9413,-10.6089,-28.2081,25.9540,14.5387
2004-04-25,15.2430,13.8577,-10.3235,-28.5468,25.9369,14.5245
2004-04-26,15.4467,13.8014,-10.2203,-29.3829,25.9797,14.5988
2004-04-27,15.6255,13.6450,-9.9637,-30.3621,25.9217,14.6100
2004-04-28,15.6055,13.5228,-9.7576,-31.0933,25.8758,14.5388
2004-04-29,15.5880,13.4148,-9.4663,-32.0882,25.8348,14.4759
2004-04-30,15.6800,13.3043,-9.0979,-32.4107,25.8376,14.4664
2004-05-01,15.8584,13.2369,-8.8322,-32.2409,25.8878,14.5218
2004-05-02,15.9913,13.1935,-8.8907,-33.2355,25.9825,14.5669
2004-05-03,16.1192,13.1170,-8.6741,-33.7741,25.9938,14.5927
2004-05-04,16.2796,13.0591,-8.5357,-33.8628,25.9413,14.6439
2004-05-05,16.4163,13.0629,-8.4360,-33.0408,25.8838,14.7143
2004-05-06,16.5106,13.0690,-8.1921,-32.5299,25.8522,14.7646
2004-05-07,16.7013,13.0451,-7.8689,-32.4813,25.8586,14.8481
2004-05-08,16.8824,13.0275,-7.3902,-32.7842,25.8908,14.9303
2004-05-09,16.9607,13.0598,-7.2822,-32.6572,25.9418,14.9854
2004-05-10,17.0316,13.0799,-7.1201,-31.7342,25.9833,15.0307
2004-05-11,17.0930,13.0814,-6.8418,-30.8645,26.0209,15.0622
2004-05-12,17.1153,13.0204,-6.6107,-30.8073,26.0130,15.0427
2004-05-13,17.1531,12.9496,-6.3616,-29.8762,25.9607,15.0261
2004-05-14,17.1357,12.9495,-6.1662,-29.1744,25.8927,15.0175
2004-05-15,17.2716,12.9662,-6.0482,-28.4447,25.8507,15.0939
2004-05-16,17.4770,12.9496,-5.8195,-28.3692,25.8299,15.1884
2004-05-17,17.6292,12.8660,-5.6997,-29.0494,25.7775,15.2231
2004-05-18,17.7754,12.8333,-5.7065,-29.4349,25.7810,15.2800
2004-05-19,17.8767,12.7959,-5.2384,-29.4836,25.8094,15.3123
2004-05-20,17.8583,12.7304,-4.6650,-30.2728,25.7345,15.2698
2004-05-21,17.8446,12.6844,-3.9360,-30.8502,25.6510,15.2408
2004-05-22,17.8448,12.5937,-3.5338,-32.1666,25.6519,15.1951
2004-05-23,17.9171,12.5460,-3.1055,-32.8740,25.6544,15.2079
2004-05-24,17.9959,12.4945,-2.8623,-33.0772,25.6408,15.2216
2004-05-25,18.0859,12.3560,-2.7784,-33.6046,25.6054,15.1973
2004-05-26,18.2011,12.1941,-2.5656,-34.2930,25.5606,15.1739
2004-05-27,18.2972,12.0255,-2.5277,-34.6265,25.4754,15.1377
2004-05-28,18.4130,11.9308,-2.3022,-34.2313,25.4176,15.1487
2004-05-29,18.5306,11.9686,-1.9241,-33.0922,25.3627,15.2264
2004-05-30,18.6434,12.0380,-1.7304,-32.1203,25.4000,15.3179
2004-05-31,18.7482,12.1024,-1.3890,-31.5474,25.4017,15.4028
2004-06-01,18.8209,12.1589,-1.1996,-31.1809,25.3757,15.4675
2004-06-02,18.8527,12.2725,-1.1513,-30.2482,25.3515,15.5407
2004-06-03,18.8769,12.3226,-0.9631,-29.9493,25.3247,15.5776
2004-06-04,19.0169,12.2267,-0.6037,-31.1193,25.3670,15.5998
2004-06-05,19.1798,12.2332,-0.3103,-30.8144,25.4474,15.6847
2004-06-06,19.2306,12.2869,0.0323,-30.5488,25.4874,15.7370
2004-06-07,19.3210,12.2561,0.2465,-30.9732,25.4393,15.7667
2004-06-08,19.4451,12.2250,0.4918,-30.8532,25.4228,15.8131
2004-06-09,19.5325,12.2031,0.7956,-31.0638,25.4230,15.8458
2004-06-10,19.5933,12.1918,0.8084,-30.9440,25.3961,15.8706
2004-06-11,19.6452,12.0006,0.9200,-31.4581,25.3551,15.8010
2004-06-12,19.7137,11.8415,1.1049,-32.2361,25.2826,15.7558
2004-06-13,19.7285,11.7592,1.1001,-31.6809,25.2057,15.7218
2004-06-14,19.8077,11.8006,1.2292,-31.2109,25.2292,15.7823
2004-06-15,19.8529,11.7594,1.2836,-31.3832,25.2526,15.7844
2004-06-16,19.8826,11.7408,1.5101,-30.9805,25.2289,15.7902
2004-06-17,20.0076,11.8052,1.9352,-29.2564,25.2319,15.8848
2004-06-18,20.1854,11.8700,2.4535,-28.2410,25.2340,16.0063
2004-06-19,20.2631,11.8878,2.5434,-28.2416,25.2552,16.0543
2004-06-20,20.3171,11.8692,2.5576,-27.9565,25.1943,16.0724
2004-06-21,20.4073,11.8274,2.6315,-27.9138,25.1555,16.0963
2004-06-22,20.4921,11.7660,2.8719,-28.5193,25.1435,16.1086
2004-06-23,20.5164,11.7224,3.2965,-29.2758,25.1360,16.0991
2004-06-24,20.5851,11.7515,3.6610,-29.2437,25.1594,16.1482
2004-06-25,20.6020,11.8142,3.7268,-29.8410,25.1049,16.1880
2004-06-26,20.6960,11.6490,3.6872,-31.2083,25.0926,16.1524
2004-06-27,20.7864,11.5125,3.2943,-31.8305,25.0641,16.1292
2004-06-28,20.7933,11.4137,3.1212,-32.5169,25.0883,16.0833
2004-06-29,20.7796,11.4104,3.2099,-32.7580,25.0987,16.0746
2004-06-30,20.7850,11.3356,3.0148,-33.0345,25.0814,16.0399
2004-07-01,20.7981,11.3250,3.0750,-32.9578,25.0835,16.0415
2004-07-02,20.8389,11.3346,3.3794,-32.9560,25.0857,16.0667
2004-07-03,20.8581,11.2427,3.8417,-33.1981,25.0628,16.0302
2004-07-04,20.9114,11.0883,4.1159,-33.8104,25.0682,15.9800
2004-07-05,20.9665,10.9822,4.4459,-34.2684,25.0106,15.9546
2004-07-06,21.0380,10.8799,4.6513,-35.1727,24.9575,15.9389
2004-07-07,21.0443,10.8540,4.6866,-34.9241,24.8848,15.9294
2004-07-08,21.0433,10.8448,4.5194,-33.6949,24.8341,15.9241
2004-07-09,21.0858,10.8782,4.5368,-33.3839,24.8018,15.9621
2004-07-10,21.1262,10.9051,4.5510,-33.4942,24.8180,15.9959
2004-07-11,21.2152,10.8204,4.6000,-32.9300,24.7935,15.9977
2004-07-12,21.3209,10.7908,4.6061,-33.2600,24.7749,16.0358
2004-07-13,21.4025,10.8234,4.3211,-34.4465,24.8728,16.0934
2004-07-14,21.4389,10.7748,4.3671,-34.8344,24.8721,16.0873
2004-07-15,21.4867,10.6124,4.4191,-35.7433,24.8582,16.0297
2004-07-16,21.5088,10.5270,4.4461,-36.1120,24.8321,15.9981
2004-07-17,21.4745,10.4236,4.3311,-35.3752,24.7420,15.9292
2004-07-18,21.4285,10.3370,4.0616,-35.4140,24.6652,15.8629
2004-07-19,21.4229,10.3829,4.0108,-35.3789,24.6601,15.8831
2004-07-20,21.4083,10.4242,4.1082,-35.9109,24.6507,15.8962
2004-07-21,21.4237,10.4279,4.0896,-36.8993,24.6768,15.9057
2004-07-22,21.3958,10.4535,3.9417,-37.1637,24.6752,15.9047
2004-07-23,21.3389,10.5149,3.8209,-37.2545,24.6839,15.9070
2004-07-24,21.3328,10.5250,3.8242,-37.4977,24.7241,15.9090
2004-07-25,21.3556,10.5653,3.8735,-37.1181,24.7722,15.9404
2004-07-26,21.3579,10.4740,3.7343,-37.2108,24.7880,15.8958
2004-07-27,21.3740,10.4005,3.8042,-37.1365,24.7886,15.8672
2004-07-28,21.4128,10.4498,3.8361,-36.6412,24.8112,15.9113
2004-07-29,21.3959,10.3890,3.7135,-37.6353,24.7885,15.8719
2004-07-30,21.4652,10.3655,3.8483,-37.5697,24.8044,15.8948
2004-07-31,21.4949,10.3381,3.8527,-36.9856,24.8306,15.8961
2004-08-01,21.5127,10.4547,3.8375,-36.5391,24.8843,15.9636
2004-08-02,21.5244,10.5933,3.8423,-36.2320,24.9854,16.0388
2004-08-03,21.4843,10.6110,3.7873,-35.9785,24.9946,16.0276
2004-08-04,21.4289,10.6165,3.5316,-35.8959,24.9676,16.0025
2004-08-05,21.3836,10.6558,3.2837,-35.4731,24.9064,15.9997
2004-08-06,21.3517,10.6467,3.2526,-34.8789,24.9255,15.9791
2004-08-07,21.3388,10.5755,3.3549,-34.0909,24.8695,15.9369
2004-08-08,21.3580,10.5744,3.5929,-32.9175,24.8589,15.9460
2004-08-09,21.3443,10.6659,3.6622,-32.5414,24.8943,15.9854
2004-08-10,21.3633,10.7230,3.7792,-32.3482,24.9329,16.0230
2004-08-11,21.3639,10.7483,3.8522,-32.2916,24.9128,16.0363
2004-08-12,21.3628,10.7995,3.9763,-32.1026,24.8482,16.0613
2004-08-13,21.3643,10.9671,3.6813,-31.2882,24.8865,16.1460
2004-08-14,21.3342,11.0224,3.5866,-31.6537,24.9511,16.1582
2004-08-15,21.3156,10.9622,3.4159,-32.5580,25.0123,16.1188
2004-08-16,21.3322,10.8945,3.3855,-33.0419,25.0289,16.0930
2004-08-17,21.3294,10.8338,3.3118,-33.4906,25.0146,16.0616
2004-08-18,21.3186,10.8153,3.2883,-32.8885,24.9742,16.0465
2004-08-19,21.2382,10.8455,3.1015,-32.7613,24.9810,16.0215
2004-08-20,21.1399,10.7938,2.9783,-33.3190,24.9921,15.9467
2004-08-21,21.0943,10.6842,3.0167,-34.4253,25.0040,15.8686
2004-08-22,21.0177,10.6275,2.8632,-34.9369,24.9802,15.8017
2004-08-23,20.9522,10.6399,2.7040,-35.1313,25.0063,15.7750
2004-08-24,20.8988,10.7796,2.3986,-34.4154,25.0211,15.8184
2004-08-25,20.8799,10.7474,2.1419,-35.2187,25.0702,15.7931
2004-08-26,20.8880,10.7900,2.0340,-34.1943,25.1011,15.8185
2004-08-27,20.7862,10.9166,1.9181,-33.2461,25.0788,15.8304
2004-08-28,20.7620,10.9194,1.7776,-33.5203,25.0914,15.8198
2004-08-29,20.7676,10.8832,1.5205,-33.8996,25.1379,15.8047
2004-08-30,20.7246,10.8744,1.4880,-34.6003,25.1376,15.7786
2004-08-31,20.6531,10.8746,1.2845,-34.3074,25.1190,15.7429
2004-09-01,20.6305,10.8709,1.2601,-33.8815,25.1250,15.7299
2004-09-02,20.5452,10.9739,0.9759,-33.5328,25.1545,15.7387
2004-09-03,20.4106,11.0349,0.8157,-32.9877,25.1206,15.7014
2004-09-04,20.3027,11.0655,0.5518,-32.5404,25.0831,15.6626
2004-09-05,20.2072,11.0987,0.3113,-32.4998,25.1184,15.6316
2004-09-06,20.1139,11.1859,0.1294,-32.3483,25.1612,15.6287
2004-09-07,19.9946,11.1833,0.0214,-32.0527,25.1144,15.5678
2004-09-08,19.8624,11.1939,-0.0510,-31.6485,25.0537,15.5067
2004-09-09,19.7949,11.2323,-0.4153,-31.5404,25.0332,15.4921
2004-09-10,19.7516,11.3096,-0.5150,-31.1771,25.0663,15.5090
2004-09-11,19.6898,11.2946,-0.9039,-30.6067,25.0820,15.4710
2004-09-12,19.6125,11.2621,-1.1191,-30.5739,25.0307,15.4156
2004-09-13,19.5468,11.2830,-1.1840,-30.6646,24.9481,15.3935
2004-09-14,19.5305,11.3703,-1.4410,-30.4794,24.9506,15.4287
2004-09-15,19.4621,11.4578,-1.6214,-30.1430,25.0354,15.4381
2004-09-16,19.4328,11.5422,-1.7851,-29.9610,25.1072,15.4660
2004-09-17,19.3666,11.5998,-1.8633,-30.6359,25.1498,15.4614
2004-09-18,19.2563,11.6255,-2.1742,-31.1784,25.2091,15.4190
2004-09-19,19.1501,11.5688,-2.5763,-30.8005,25.2283,15.3373
2004-09-20,19.0465,11.6016,-2.8614,-30.1397,25.2155,15.3019
2004-09-21,18.9444,11.7262,-3.2603,-29.8802,25.2027,15.3136
2004-09-22,18.9459,11.7972,-3.5001,-30.1430,25.2303,15.3497
2004-09-23,18.9185,11.8033,-3.6831,-30.3827,25.2707,15.3386
2004-09-24,18.8102,11.8407,-4.0702,-30.7256,25.3147,15.3032
2004-09-25,18.7546,11.8863,-4.2627,-30.3960,25.3478,15.2981
2004-09-26,18.6149,11.9036,-4.4760,-30.4229,25.3469,15.2368
2004-09-27,18.5483,11.8190,-4.3666,-31.1269,25.3454,15.1609
2004-09-28,18.4797,11.7746,-4.3341,-31.1303,25.3427,15.1040
2004-09-29,18.2877,11.6659,-4.5211,-31.6246,25.2996,14.9533
2004-09-30,18.0704,11.6232,-4.7178,-32.1746,25.2412,14.8235
2004-10-01,17.9041,11.6673,-5.0324,-31.9407,25.2578,14.7622
2004-10-02,17.8129,11.7605,-5.4795,-31.1885,25.2443,14.7632
2004-10-03,17.8061,11.8453,-5.9183,-30.5407,25.2905,14.8021
2004-10-04,17.7476,11.9463,-5.8974,-30.0536,25.3274,14.8231
2004-10-05,17.6452,12.0856,-5.7936,-29.6198,25.3647,14.8418
2004-10-06,17.5748,12.2087,-5.9840,-28.9470,25.4186,14.8677
2004-10-07,17.5729,12.2744,-6.4309,-27.8027,25.4530,14.9001
2004-10-08,17.5280,12.3669,-7.0882,-26.9660,25.4989,14.9235
2004-10-09,17.4031,12.5124,-7.4737,-25.4408,25.4842,14.9336
2004-10-10,17.2231,12.6571,-7.6819,-24.2588,25.4368,14.9159
2004-10-11,16.9916,12.6913,-8.0743,-24.5588,25.3705,14.8171
2004-10-12,16.8233,12.6634,-8.4921,-25.2259,25.3405,14.7187
2004-10-13,16.6320,12.5187,-8.9284,-25.9092,25.3161,14.5502
2004-10-14,16.4781,12.4495,-8.8010,-26.6116,25.2965,14.4387
2004-10-15,16.3860,12.5115,-8.4916,-27.2094,25.3324,14.4238
2004-10-16,16.2739,12.6129,-8.8721,-27.0294,25.3675,14.4183
2004-10-17,16.1970,12.6242,-9.3604,-26.4969,25.3954,14.3852
2004-10-18,16.1327,12.6932,-9.1766,-25.9708,25.4228,14.3878
2004-10-19,16.0685,12.7213,-8.4860,-25.9347,25.3869,14.3697
2004-10-20,15.9399,12.7514,-8.5224,-25.8151,25.3671,14.3208
2004-10-21,15.8443,12.7611,-9.0800,-25.7795,25.3825,14.2776
2004-10-22,15.7035,12.8139,-9.6867,-25.5946,25.3721,14.2337
2004-10-23,15.6000,12.8508,-10.2947,-25.5580,25.4096,14.1999
2004-10-24,15.4513,12.8634,-11.4431,-25.6681,25.4044,14.1318
2004-10-25,15.3545,12.8756,-12.0782,-25.9932,25.4003,14.0896
2004-10-26,15.2124,12.9215,-12.4088,-25.7232,25.3809,14.0417
2004-10-27,15.1134,12.8745,-12.7072,-25.2190,25.3602,13.9684
2004-10-28,15.1574,12.9221,-13.6106,-25.0938,25.3470,14.0144
2004-10-29,15.0403,13.0169,-14.4956,-25.1649,25.3375,14.0032
2004-10-30,14.7991,13.0379,-15.1419,-24.9597,25.3326,13.8929
2004-10-31,14.6239,13.0752,-15.2436,-24.3393,25.3151,13.8237
2004-11-01,14.3556,13.2339,-15.6912,-23.5335,25.2905,13.7686
2004-11-02,14.1717,13.2991,-16.1562,-23.4649,25.3006,13.7094
2004-11-03,14.1224,13.3071,-16.3980,-23.5377,25.3006,13.6884
2004-11-04,14.0498,13.2529,-16.2094,-23.8702,25.2949,13.6251
2004-11-05,13.9362,13.1917,-16.0674,-24.2257,25.2775,13.5371
2004-11-06,13.8368,13.1531,-16.4039,-24.3024,25.2263,13.4683
2004-11-07,13.7194,13.2605,-16.5626,-23.4907,25.2378,13.4632
2004-11-08,13.6782,13.4363,-16.3171,-22.6274,25.2934,13.5305
2004-11-09,13.5537,13.6052,-16.1648,-21.7546,25.3361,13.5529
2004-11-10,13.5102,13.6921,-16.2060,-21.1724,25.4320,13.5739
2004-11-11,13.4162,13.6557,-16.7288,-20.6927,25.4629,13.5088
2004-11-12,13.2703,13.8095,-16.9634,-19.6200,25.4364,13.5123
2004-11-13,13.1929,13.9415,-17.2947,-18.8313,25.4376,13.5398
2004-11-14,13.1226,14.0605,-17.5046,-18.1354,25.4586,13.5646
2004-11-15,13.1076,14.1522,-17.7398,-17.8204,25.3965,13.6031
2004-11-16,13.1945,14.2702,-18.1527,-17.7143,25.4115,13.7056
2004-11-17,13.2269,14.2953,-18.3585,-17.5209,25.3671,13.7345
2004-11-18,13.1517,14.3123,-18.4052,-17.2395,25.3224,13.7054
2004-11-19,12.9947,14.3657,-17.8685,-17.2841,25.2715,13.6534
2004-11-20,12.7853,14.3667,-18.0510,-17.3844,25.2109,13.5491
2004-11-21,12.6471,14.3080,-18.3862,-17.4153,25.1416,13.4506
2004-11-22,12.5131,14.3009,-18.2836,-17.6148,25.1187,13.3800
2004-11-23,12.2264,14.3552,-17.9763,-17.7066,25.0826,13.2634
2004-11-24,11.8269,14.4445,-18.5917,-17.4358,25.0722,13.1080
2004-11-25,11.5761,14.5492,-19.3961,-17.1216,25.0845,13.0348
2004-11-26,11.5171,14.6569,-19.8002,-16.7320,25.0944,13.0591
2004-11-27,11.4407,14.7401,-19.9242,-16.3259,25.1258,13.0626
2004-11-28,11.2163,14.8492,-20.2844,-15.7888,25.1256,13.0044
2004-11-29,11.1057,14.8977,-20.2249,-15.3078,25.1264,12.9734
2004-11-30,10.9817,14.8985,-20.3889,-14.9735,25.1366,12.9118
2004-12-01,10.8138,14.8553,-20.8413,-14.8704,25.1005,12.8059
2004-12-02,10.7413,14.9337,-21.5288,-14.7865,25.1241,12.8090
2004-12-03,10.6378,15.0172,-22.1939,-14.5766,25.1234,12.7989
2004-12-04,10.4243,15.0498,-22.4541,-14.3826,25.0841,12.7086
2004-12-05,10.2938,15.1601,-22.4774,-13.8655,25.0927,12.6982
2004-12-06,10.2348,15.2031,-22.5161,-13.6041,25.1296,12.6907
2004-12-07,10.1845,15.1875,-23.0942,-13.5281,25.1239,12.6572
2004-12-08,10.1411,15.2150,-23.8729,-13.5043,25.1192,12.6489
2004-12-09,10.0527,15.2512,-24.4005,-13.4008,25.1541,12.6230
2004-12-10,10.0150,15.3148,-24.5594,-13.3576,25.1623,12.6362
2004-12-11,10.0162,15.3898,-24.7443,-13.3574,25.1781,12.6740
2004-12-12,10.0398,15.4853,-24.7688,-13.1684,25.1758,12.7336
2004-12-13,9.9662,15.5856,-24.8737,-12.9801,25.2138,12.7467
2004-12-14,9.8307,15.6421,-25.1477,-12.8919,25.2597,12.7074
2004-12-15,9.6238,15.6322,-25.5747,-12.9670,25.2242,12.5987
2004-12-16,9.4702,15.6366,-25.5695,-12.9005,25.1427,12.5238
2004-12-17,9.4713,15.6443,-24.4961,-12.8199,25.0623,12.5281
2004-12-18,9.4480,15.6728,-23.0616,-12.7470,25.0903,12.5310
2004-12-19,9.4364,15.6887,-22.3534,-12.7864,25.1411,12.5332
2004-12-20,9.2844,15.7447,-21.9718,-12.5226,25.1671,12.4851
2004-12-21,9.0917,15.8014,-21.6189,-12.2551,25.1427,12.4167
2004-12-22,9.0516,15.8270,-20.9044,-12.2431,25.1692,12.4098
2004-12-23,8.9791,15.8234,-20.0865,-12.0569,25.1225,12.3715
2004-12-24,9.0046,15.8260,-20.3526,-11.9172,25.1103,12.3857
2004-12-25,9.0947,15.8290,-20.0437,-11.7678,25.0402,12.4322
2004-12-26,9.0369,15.8662,-19.5898,-11.7788,24.9642,12.4217
2004-12-27,8.9130,15.8575,-19.9681,-11.8616,24.9145,12.3552
2004-12-28,8.9894,15.8115,-20.6440,-12.0366,24.8631,12.3707
2004-12-29,9.0591,15.8329,-20.6744,-12.1728,24.8223,12.4166
2004-12-30,9.1289,15.8503,-20.2743,-12.4525,24.8090,12.4602
2004-12-31,9.0698,15.9422,-20.6055,-12.4343,24.8243,12.4767
2005-01-01,9.0782,16.0378,-20.9292,-12.0303,24.8343,12.5291
2005-01-02,9.2401,16.0440,-20.4015,-11.9224,24.8472,12.6131
2005-01-03,9.3883,16.0718,-19.7985,-11.8453,24.9165,12.7010
2005-01-04,9.3465,16.0865,-19.7353,-11.8567,24.9543,12.6872
2005-01-05,9.3155,16.1270,-20.0010,-11.7335,24.9690,12.6920
2005-01-06,9.2452,16.1662,-20.4370,-11.7437,24.9270,12.6765
2005-01-07,9.2013,16.2795,-20.2533,-11.5195,24.9275,12.7111
2005-01-08,9.1035,16.3937,-20.4492,-11.3082,24.9423,12.7195
2005-01-09,9.0765,16.4443,-21.3164,-10.9996,24.9363,12.7312
2005-01-10,9.1004,16.4394,-22.0732,-11.0273,24.9519,12.7412
2005-01-11,9.0615,16.4558,-22.1550,-11.1042,24.9257,12.7295
2005-01-12,9.0193,16.4558,-22.2591,-11.0373,24.8975,12.7081
2005-01-13,8.9500,16.4423,-22.6453,-11.1542,24.9067,12.6667
2005-01-14,8.8636,16.4650,-22.6905,-11.4400,24.9541,12.6346
2005-01-15,8.7136,16.4478,-22.3830,-11.8453,24.9964,12.5506
2005-01-16,8.7036,16.3555,-21.8755,-12.2544,24.9918,12.4994
2005-01-17,8.7094,16.3308,-21.8580,-12.6623,24.9834,12.4898
2005-01-18,8.7070,16.3788,-22.1561,-12.8963,24.9787,12.5129
2005-01-19,8.6370,16.3733,-22.6660,-13.2529,24.9824,12.4749
2005-01-20,8.6488,16.3181,-22.7835,-13.6455,25.0073,12.4528
2005-01-21,8.6405,16.3526,-22.5679,-13.9368,25.0455,12.4663
2005-01-22,8.5200,16.3387,-22.2221,-14.3807,25.0208,12.3989
2005-01-23,8.5117,16.3097,-20.7061,-14.6631,25.0249,12.3807
2005-01-24,8.7161,16.3016,-19.5360,-14.8463,25.0608,12.4792
2005-01-25,8.8936,16.3207,-19.0188,-14.6428,25.1634,12.5774
2005-01-26,8.9146,16.3257,-18.1860,-14.6724,25.2497,12.5904
2005-01-27,8.8875,16.3308,-17.7473,-14.7123,25.2749,12.5790
2005-01-28,8.8729,16.3458,-17.6662,-14.6446,25.2494,12.5797
2005-01-29,8.8079,16.3347,-18.2099,-14.5348,25.2192,12.5417
2005-01-30,8.8228,16.3253,-18.7690,-14.4927,25.2219,12.5441
2005-01-31,9.0028,16.2735,-18.9861,-14.8425,25.2226,12.6088
2005-02-01,9.0723,16.1386,-20.0758,-15.2634,25.1586,12.5756
2005-02-02,9.0030,16.0455,-20.8915,-15.4227,25.0822,12.4946
2005-02-03,8.8975,16.0728,-20.9394,-15.7157,25.0843,12.4560
2005-02-04,8.8561,16.2236,-20.3156,-16.1726,25.2240,12.5105
2005-02-05,8.7448,16.3180,-20.6552,-16.3366,25.2861,12.5019
2005-02-06,8.7095,16.3751,-21.3494,-16.1793,25.3784,12.5126
2005-02-07,8.7450,16.3707,-21.8841,-16.1595,25.4229,12.5279
2005-02-08,8.7758,16.3166,-22.3268,-16.5707,25.3879,12.5162
2005-02-09,8.8570,16.2473,-21.8630,-16.8154,25.3795,12.5223
2005-02-10,8.9058,16.2893,-21.8676,-16.7224,25.4690,12.5677
2005-02-11,8.9538,16.3149,-22.3637,-16.7841,25.5529,12.6045
2005-02-12,9.0725,16.2569,-22.5920,-16.9771,25.4955,12.6346
2005-02-13,9.1112,16.2398,-22.0258,-17.1732,25.3739,12.6456
2005-02-14,9.1407,16.3134,-21.4053,-17.1786,25.3877,12.6971
2005-02-15,9.2747,16.2936,-20.8849,-17.4750,25.5029,12.7545
2005-02-16,9.3614,16.2646,-20.6221,-17.8967,25.6354,12.7830
2005-02-17,9.2852,16.2562,-21.0170,-18.0055,25.7026,12.7407
2005-02-18,9.2774,16.2205,-20.7615,-18.3383,25.7809,12.7191
2005-02-19,9.4052,16.1643,-19.6204,-18.8265,25.7682,12.7544
2005-02-20,9.5622,16.1532,-18.9380,-19.4675,25.7372,12.8280
2005-02-21,9.7346,16.1964,-18.6039,-19.7877,25.7799,12.9360
2005-02-22,9.8354,16.1569,-18.9524,-20.3591,25.8516,12.9666
2005-02-23,9.9220,16.1379,-19.8138,-20.6705,25.9698,13.0002
2005-02-24,10.0345,16.1157,-20.6187,-21.0466,26.0463,13.0454
2005-02-25,10.0529,16.1331,-21.2040,-20.5124,26.0140,13.0635
2005-02-26,10.0159,16.1576,-21.9810,-19.9403,25.9320,13.0579
2005-02-27,10.1124,16.1356,-22.6516,-19.9019,25.9320,13.0950
2005-02-28,10.1723,16.0414,-22.7356,-20.2660,25.9274,13.0775
2005-03-01,10.1955,15.9627,-22.9708,-20.9386,25.9497,13.0496
2005-03-02,10.3267,15.9244,-23.1701,-21.4961,25.9747,13.0960
2005-03-03,10.4470,15.9368,-23.2106,-21.6880,25.9739,13.1627
2005-03-04,10.5533,15.9384,-22.9875,-21.9071,25.9804,13.2168
2005-03-05,10.6175,15.8735,-22.8032,-22.2810,25.9319,13.2165
2005-03-06,10.6774,15.8294,-22.0588,-22.4403,25.9143,13.2243
2005-03-07,10.8250,15.8068,-21.2650,-22.1362,25.9622,13.2870
2005-03-08,10.9281,15.8287,-20.8696,-21.3135,26.0440,13.3497
2005-03-09,11.0008,15.8829,-20.5210,-20.5144,26.0209,13.4132
2005-03-10,11.0782,15.9120,-20.2156,-20.6125,25.9732,13.4665
2005-03-11,11.0647,15.8551,-19.8058,-21.3264,25.9003,13.4312
2005-03-12,11.1441,15.7744,-19.8573,-21.9296,25.8185,13.4306
2005-03-13,11.3298,15.6540,-19.8510,-22.2208,25.7348,13.4634
2005-03-14,11.5589,15.6034,-19.5033,-22.2792,25.7313,13.5531
2005-03-15,11.7585,15.5127,-18.9567,-22.8500,25.7908,13.6074
2005-03-16,11.7195,15.4539,-19.2904,-23.1849,25.8714,13.5588
2005-03-17,11.7219,15.3945,-19.7245,-24.0359,25.8969,13.5295
2005-03-18,11.8047,15.2975,-19.8752,-24.6710,25.9135,13.5226
2005-03-19,11.8832,15.2965,-19.9979,-24.6552,25.9234,13.5615
2005-03-20,11.9301,15.3523,-20.2924,-24.2258,25.9416,13.6132
2005-03-21,12.0171,15.3301,-19.7571,-24.0012,25.9690,13.6458
2005-03-22,12.1063,15.1867,-19.1418,-24.5508,26.0002,13.6185
2005-03-23,12.1386,15.1339,-18.6336,-24.9966,25.9761,13.6085
2005-03-24,12.1425,15.1164,-18.6103,-25.4745,25.9441,13.6019
2005-03-25,12.1636,15.0980,-19.1283,-25.8788,25.9422,13.6030
2005-03-26,12.3113,15.0455,-19.3519,-26.1539,25.9862,13.6508
2005-03-27,12.4771,15.0212,-19.2826,-26.5322,26.0288,13.7214
2005-03-28,12.5965,14.9505,-19.3449,-27.0941,26.0789,13.7459
2005-03-29,12.7989,14.8544,-19.0995,-27.5223,26.1130,13.7988
2005-03-30,12.9703,14.7093,-18.7112,-28.1073,26.1257,13.8120
2005-03-31,13.0637,14.7129,-18.3667,-28.2152,26.1626,13.8607
2005-04-01,13.1591,14.7056,-18.1045,-28.4611,26.1667,13.9049
2005-04-02,13.3080,14.7275,-17.7854,-28.0599,26.2076,13.9906
2005-04-03,13.3734,14.6814,-17.8492,-27.7710,26.1627,13.9995
2005-04-04,13.4249,14.6790,-18.1012,-27.3122,26.0858,14.0243
2005-04-05,13.4904,14.6966,-18.4003,-27.4718,26.0840,14.0660
2005-04-06,13.6565,14.6882,-18.1005,-28.0237,26.1572,14.1451
2005-04-07,13.8078,14.6582,-17.4280,-28.6163,26.1934,14.2059
2005-04-08,13.8480,14.6053,-16.3283,-28.9641,26.1892,14.1999
2005-04-09,13.8650,14.5595,-15.6450,-28.8710,26.1526,14.1851
2005-04-10,13.8856,14.5797,-15.4805,-28.7684,26.1480,14.2057
2005-04-11,13.9364,14.5614,-15.6825,-29.0275,26.1817,14.2221
2005-04-12,14.0530,14.4502,-16.0271,-29.5438,26.2278,14.2248
2005-04-13,14.2550,14.3452,-15.9948,-29.2624,26.2400,14.2731
2005-04-14,14.4547,14.2455,-15.2506,-29.7149,26.2534,14.3234
2005-04-15,14.6537,14.1640,-14.4700,-30.6305,26.2423,14.3821
2005-04-16,14.7755,14.1382,-14.1053,-30.8126,26.2089,14.4305
2005-04-17,14.9185,14.1208,-13.5436,-31.1775,26.2100,14.4931
2005-04-18,15.0214,14.0646,-13.0159,-31.4362,26.2262,14.5166
2005-04-19,15.1458,13.9979,-12.3263,-31.3835,26.2544,14.5453
2005-04-20,15.3586,13.9427,-11.6023,-31.3296,26.2667,14.6243
2005-04-21,15.5636,13.9120,-11.1219,-31.6294,26.2883,14.7117
2005-04-22,15.6933,13.9033,-11.0870,-31.6901,26.2494,14.7724
2005-04-23,15.7346,13.9276,-11.3429,-31.0340,26.2583,14.8050
2005-04-24,15.7050,13.9060,-11.7767,-30.3251,26.2796,14.7795
2005-04-25,15.7499,13.8101,-12.0807,-29.6524,26.2312,14.7535
2005-04-26,15.8398,13.7447,-11.7516,-29.4254,26.0883,14.7661
2005-04-27,15.9357,13.7688,-11.2166,-29.3374,26.0446,14.8261
2005-04-28,15.9614,13.7774,-10.5273,-28.6427,26.0325,14.8436
2005-04-29,16.0070,13.7691,-9.8015,-27.8574,26.0704,14.8622
2005-04-30,16.0540,13.7474,-9.0276,-27.7725,26.0801,14.8751
2005-05-01,16.1139,13.7196,-8.5215,-28.2762,26.0642,14.8910
2005-05-02,16.2535,13.6695,-7.9828,-28.6851,26.0599,14.9360
2005-05-03,16.2996,13.6697,-7.7723,-29.0161,26.0562,14.9590
2005-05-04,16.3711,13.6309,-7.4656,-29.4453,26.0260,14.9758
2005-05-05,16.4936,13.5291,-7.3594,-29.7333,26.0167,14.9862
2005-05-06,16.6013,13.4568,-7.1417,-29.6280,26.0244,15.0040
2005-05-07,16.7153,13.3649,-6.8763,-29.9770,26.0572,15.0149
2005-05-08,16.8817,13.3216,-6.7650,-30.3002,26.0931,15.0765
2005-05-09,17.0375,13.3632,-6.8937,-30.1381,26.1433,15.1757
2005-05-10,17.1123,13.4195,-6.7912,-29.8003,26.1448,15.2412
2005-05-11,17.1984,13.3790,-6.7428,-29.8776,26.1648,15.2641
2005-05-12,17.2333,13.3324,-6.4509,-29.8060,26.1280,15.2584
2005-05-13,17.3208,13.2601,-5.9444,-30.1392,26.0791,15.2661
2005-05-14,17.3960,13.2042,-5.9207,-30.1698,26.0965,15.2758
2005-05-15,17.4729,13.1926,-5.3145,-29.3787,26.1003,15.3086
2005-05-16,17.5860,13.0802,-4.6003,-29.2598,26.0231,15.3089
2005-05-17,17.7784,13.0479,-3.7641,-29.6643,26.0084,15.3894
2005-05-18,17.9138,12.9726,-3.4930,-30.7836,26.0503,15.4190
2005-05-19,18.0886,12.8509,-3.4475,-31.6496,26.0459,15.4462
2005-05-20,18.2811,12.7354,-3.2809,-31.8299,26.0387,15.4843
2005-05-21,18.3949,12.5450,-2.9703,-32.6210,25.9486,15.4459
2005-05-22,18.4576,12.4384,-2.5044,-33.2219,25.8501,15.4242
2005-05-23,18.5806,12.4868,-1.9714,-33.5611,25.8715,15.5102
2005-05-24,18.6412,12.5093,-1.7222,-33.1686,25.8887,15.5522
2005-05-25,18.6911,12.4350,-1.4516,-33.2784,25.8796,15.5403
2005-05-26,18.7631,12.4400,-1.2951,-32.5241,25.7779,15.5784
2005-05-27,18.9066,12.4904,-0.9130,-32.0170,25.7831,15.6759
2005-05-28,18.9469,12.4783,-0.7611,-32.0458,25.7816,15.6901
2005-05-29,19.0289,12.4362,-0.6287,-32.0234,25.7531,15.7103
2005-05-30,19.1507,12.3328,-0.4016,-32.3162,25.7617,15.7195
2005-05-31,19.2320,12.2785,-0.0964,-33.5266,25.7563,15.7330
2005-06-01,19.2467,12.2798,0.2200,-33.2667,25.7579,15.7408
2005-06-02,19.3617,12.3469,0.4650,-31.7732,25.8034,15.8321
2005-06-03,19.4628,12.3035,0.8491,-31.5918,25.8040,15.8608
2005-06-04,19.4646,12.3395,1.0262,-31.2777,25.7477,15.8798
2005-06-05,19.5186,12.3975,1.1275,-31.0125,25.7309,15.9358
2005-06-06,19.6103,12.3397,1.3102,-31.3375,25.7345,15.9532
2005-06-07,19.6696,12.2610,1.4340,-31.4063,25.7111,15.9436
2005-06-08,19.7521,12.1644,1.5077,-31.1094,25.7133,15.9364
2005-06-09,19.9004,12.1164,1.8106,-31.0591,25.7345,15.9866
2005-06-10,20.0328,12.0843,2.2618,-30.9233,25.7028,16.0370
2005-06-11,20.1485,12.0735,2.4655,-30.4604,25.7127,16.0895
2005-06-12,20.1698,12.0987,2.4347,-30.5773,25.6966,16.1129
2005-06-13,20.2364,12.0529,2.4545,-30.8150,25.6654,16.1233
2005-06-14,20.3519,11.8664,2.4539,-31.2089,25.6363,16.0878
2005-06-15,20.3867,11.8658,2.4897,-31.5442,25.6391,16.1050
2005-06-16,20.4303,11.8294,2.6273,-32.0294,25.6475,16.1083
2005-06-17,20.4499,11.7773,2.4569,-31.6984,25.6249,16.0923
2005-06-18,20.4673,11.7837,2.4368,-30.8655,25.6214,16.1045
2005-06-19,20.4891,11.8220,2.4612,-29.3961,25.5810,16.1348
2005-06-20,20.5948,11.8571,2.5898,-27.4058,25.5101,16.2049
2005-06-21,20.6609,11.7703,2.6534,-27.2800,25.3961,16.1948
2005-06-22,20.6991,11.6786,2.7293,-28.1339,25.3019,16.1681
2005-06-23,20.6934,11.5424,2.9771,-29.5436,25.2307,16.0973
2005-06-24,20.6369,11.4775,3.0103,-30.4268,25.2185,16.0363
2005-06-25,20.6434,11.5353,2.9135,-30.2151,25.2328,16.0686
2005-06-26,20.7023,11.5810,3.0184,-30.0370,25.2749,16.1207
2005-06-27,20.7664,11.5795,3.4282,-29.9332,25.2189,16.1523
2005-06-28,20.8585,11.5362,3.7829,-29.7193,25.2166,16.1767
2005-06-29,20.9596,11.5355,4.0872,-29.0457,25.2355,16.2270
2005-06-30,21.0415,11.5251,4.1008,-28.9387,25.2420,16.2629
2005-07-01,21.1090,11.5525,4.1493,-29.2406,25.2922,16.3107
2005-07-02,21.1418,11.5342,4.4904,-30.0560,25.2322,16.3179
2005-07-03,21.2165,11.4370,4.5366,-31.0928,25.1779,16.3065
2005-07-04,21.2645,11.3420,4.5910,-32.4135,25.2020,16.2832
2005-07-05,21.3191,11.2204,4.6919,-33.0472,25.2119,16.2497
2005-07-06,21.3510,11.1739,4.5498,-32.3191,25.1329,16.2420
2005-07-07,21.3517,11.0806,4.2990,-32.3405,25.0469,16.1961
2005-07-08,21.3937,11.0737,4.1538,-32.9639,25.0255,16.2141
2005-07-09,21.3824,11.1014,3.8123,-32.8785,24.9650,16.2222
2005-07-10,21.3574,11.0503,3.4305,-32.2616,24.8953,16.1840
2005-07-11,21.4592,11.0455,3.4138,-32.1968,24.9677,16.2329
2005-07-12,21.5252,11.0917,3.6350,-32.6841,25.0027,16.2889
2005-07-13,21.5473,11.1692,3.9352,-32.2344,25.0252,16.3386
2005-07-14,21.5835,11.2996,4.1452,-30.6759,25.0719,16.4220
2005-07-15,21.6240,11.2936,4.2454,-30.1460,25.1141,16.4392
2005-07-16,21.5964,11.2706,4.1923,-30.0042,25.1045,16.4140
2005-07-17,21.5751,11.2231,4.3762,-29.5957,24.9973,16.3795
2005-07-18,21.6134,11.0617,4.4627,-30.0139,24.9361,16.3178
2005-07-19,21.6222,10.9875,4.2139,-30.2079,24.9286,16.2851
2005-07-20,21.6020,10.9755,4.0790,-31.2310,24.9770,16.2691
2005-07-21,21.6758,11.0024,4.3395,-32.3536,25.0828,16.3198
2005-07-22,21.7605,11.0561,4.4778,-32.5482,25.1458,16.3885
2005-07-23,21.8819,11.0735,4.6573,-32.3031,25.2028,16.4582
2005-07-24,21.9536,11.0334,4.7608,-32.2436,25.2352,16.4738
2005-07-25,21.9375,10.9522,4.6742,-32.5206,25.1491,16.4251
2005-07-26,21.8542,10.8429,4.4362,-32.8481,25.0985,16.3289
2005-07-27,21.8460,10.7726,4.3332,-33.6188,25.1451,16.2895
2005-07-28,21.8313,10.7834,4.0909,-33.6738,25.1573,16.2874
2005-07-29,21.8173,10.8228,4.0095,-33.7843,25.1615,16.3001
2005-07-30,21.7902,10.8247,3.8162,-34.1393,25.1258,16.2878
2005-07-31,21.7796,10.7886,3.5750,-34.8647,25.1164,16.2644
2005-08-01,21.8208,10.7515,3.7230,-34.9903,25.0797,16.2660
2005-08-02,21.8459,10.8122,3.9164,-34.7437,25.1074,16.3094
2005-08-03,21.8248,10.8577,4.0261,-33.7092,25.1430,16.3218
2005-08-04,21.7961,10.8933,3.9651,-33.4901,25.1875,16.3253
2005-08-05,21.7629,10.8997,3.8447,-33.4084,25.1866,16.3118
2005-08-06,21.7219,10.8682,3.6341,-33.6584,25.1574,16.2755
2005-08-07,21.7026,10.7937,3.4799,-34.5865,25.1221,16.2282
2005-08-08,21.6464,10.6847,3.3158,-34.0800,25.0275,16.1457
2005-08-09,21.5917,10.6781,3.2576,-33.7055,24.9505,16.1148
2005-08-10,21.5308,10.8033,3.3469,-32.5759,24.9744,16.1469
2005-08-11,21.4677,10.8757,3.3088,-33.0490,25.0194,16.1518
2005-08-12,21.4140,10.8708,3.2922,-33.5550,24.9786,16.1225
2005-08-13,21.3403,10.8540,3.0444,-33.3018,24.9677,16.0773
2005-08-14,21.2794,11.0091,3.0554,-31.5436,25.0129,16.1247
2005-08-15,21.2332,11.1716,2.9827,-30.1871,25.0366,16.1829
2005-08-16,21.2326,11.3107,2.9432,-29.3021,25.0339,16.2520
2005-08-17,21.2472,11.3722,2.8782,-29.1262,25.0608,16.2901
2005-08-18,21.2127,11.3448,2.8086,-29.0925,25.0401,16.2592
2005-08-19,21.1538,11.2890,2.8484,-28.9113,25.0199,16.2017
2005-08-20,21.1461,11.2821,2.8403,-29.5252,25.0748,16.1945
2005-08-21,21.1577,11.2459,2.6274,-31.1965,25.1770,16.1819
2005-08-22,21.1120,11.1254,2.5456,-32.3810,25.2026,16.0983
2005-08-23,21.0385,11.0091,2.3925,-32.9540,25.1459,16.0035
2005-08-24,21.0058,10.9256,2.3423,-32.7658,25.0799,15.9456
2005-08-25,21.0561,10.9475,2.3913,-31.7822,25.0617,15.9815
2005-08-26,21.0279,10.9969,2.2765,-31.6777,25.0690,15.9924
2005-08-27,20.9682,11.0755,2.1082,-32.0387,25.1133,16.0020
2005-08-28,20.9304,11.1915,2.0261,-32.0785,25.1865,16.0414
2005-08-29,20.8612,11.2577,1.7795,-32.3797,25.2353,16.0399
2005-08-30,20.7827,11.1744,1.7459,-32.5793,25.2367,15.9583
2005-08-31,20.7041,10.9819,1.6232,-33.2448,25.1965,15.8224
2005-09-01,20.6947,10.9517,1.2758,-33.4505,25.1889,15.8023
2005-09-02,20.7079,10.9595,1.0593,-33.6604,25.1538,15.8130
2005-09-03,20.6551,10.9831,0.8599,-33.6394,25.1728,15.7984
2005-09-04,20.6017,11.0729,0.5192,-33.1786,25.2904,15.8166
2005-09-05,20.5870,11.0931,0.5655,-32.6556,25.3470,15.8194
2005-09-06,20.5254,11.0842,0.3059,-32.4109,25.3401,15.7840
2005-09-07,20.5110,11.1740,0.0300,-31.4671,25.3466,15.8217
2005-09-08,20.4601,11.2613,-0.2251,-30.2017,25.3086,15.8402
2005-09-09,20.3601,11.3073,-0.7139,-30.7388,25.3180,15.8128
2005-09-10,20.2213,11.2582,-0.7937,-31.0275,25.2772,15.7187
2005-09-11,20.0795,11.2225,-0.8629,-30.4322,25.2358,15.6296
2005-09-12,19.9992,11.2329,-0.8950,-29.3870,25.1952,15.5949
2005-09-13,19.9408,11.3867,-1.0369,-28.3034,25.1678,15.6424
2005-09-14,19.8751,11.5305,-1.1261,-27.6916,25.2083,15.6817
2005-09-15,19.8163,11.5704,-1.2261,-27.5903,25.2286,15.6724
2005-09-16,19.7615,11.6412,-1.1706,-27.5855,25.2285,15.6805
2005-09-17,19.6910,11.7911,-1.2740,-26.7292,25.2809,15.7200
2005-09-18,19.6205,11.8657,-1.4842,-26.8471,25.3422,15.7217
2005-09-19,19.5609,11.8776,-1.8655,-27.4940,25.3698,15.6981
2005-09-20,19.4900,11.8447,-2.0356,-28.4976,25.3572,15.6457
2005-09-21,19.4137,11.8419,-2.3114,-29.2257,25.4062,15.6061
2005-09-22,19.3021,11.8449,-2.8097,-30.0101,25.4536,15.5518
2005-09-23,19.2256,11.7740,-3.1617,-31.3255,25.4835,15.4774
2005-09-24,19.1360,11.6663,-3.3244,-32.3999,25.5026,15.3784
2005-09-25,19.0417,11.5330,-3.5148,-32.9279,25.4321,15.2647
2005-09-26,18.9777,11.3745,-3.7299,-33.6356,25.3244,15.1531
2005-09-27,18.8665,11.3525,-4.1060,-33.4475,25.2877,15.0863
2005-09-28,18.6692,11.4169,-4.3777,-32.1326,25.2740,15.0202
2005-09-29,18.4969,11.4987,-4.6960,-30.3012,25.2559,14.9745
2005-09-30,18.4463,11.6937,-5.0482,-28.8755,25.2788,15.0469
2005-10-01,18.3839,11.8759,-5.1292,-28.6995,25.3094,15.1070
2005-10-02,18.2701,12.0086,-5.2028,-28.9960,25.3945,15.1164
2005-10-03,18.0867,12.0946,-5.6017,-28.8694,25.4114,15.0680
2005-10-04,17.9167,12.1396,-6.2040,-28.7828,25.3736,15.0054
2005-10-05,17.7656,12.1217,-6.1932,-28.5031,25.2674,14.9205
2005-10-06,17.6756,12.0909,-6.2652,-28.9997,25.2497,14.8599
2005-10-07,17.5708,12.1726,-6.6157,-28.7470,25.2976,14.8484
2005-10-08,17.4887,12.2477,-6.9944,-28.2605,25.3119,14.8449
2005-10-09,17.3842,12.4120,-7.2872,-27.3827,25.3503,14.8746
2005-10-10,17.3665,12.5895,-7.4672,-26.2939,25.4573,14.9549
2005-10-11,17.3220,12.6891,-7.4018,-25.3487,25.5058,14.9821
2005-10-12,17.2070,12.7552,-7.5428,-24.8841,25.5400,14.9578
2005-10-13,17.1173,12.6846,-7.7846,-24.8228,25.5089,14.8773
2005-10-14,17.0001,12.6186,-7.9900,-24.5968,25.4205,14.7857
2005-10-15,16.8620,12.6461,-8.2683,-24.3813,25.3558,14.7302
2005-10-16,16.6730,12.7011,-8.6351,-24.1435,25.3204,14.6633
2005-10-17,16.6238,12.6917,-8.7964,-24.2496,25.2809,14.6341
2005-10-18,16.5562,12.6538,-8.8272,-24.4899,25.2902,14.5807
2005-10-19,16.4403,12.6988,-8.6920,-24.5766,25.3111,14.5455
2005-10-20,16.2687,12.7856,-8.7363,-24.2445,25.3383,14.5031
2005-10-21,16.0137,12.8773,-9.0977,-23.5925,25.3482,14.4210
2005-10-22,15.8902,12.9348,-9.2691,-23.5983,25.3464,14.3881
2005-10-23,15.7697,12.9469,-9.4667,-23.4056,25.3478,14.3337
2005-10-24,15.6096,12.9362,-9.8794,-23.2213,25.3339,14.2481
2005-10-25,15.5478,12.9519,-9.8326,-23.1274,25.3212,14.2251
2005-10-26,15.5518,12.9786,-10.2833,-23.1242,25.3265,14.2404
2005-10-27,15.3972,13.0630,-10.9388,-23.0485,25.2873,14.2052
2005-10-28,15.2310,13.0753,-10.8929,-23.2268,25.2861,14.1282
2005-10-29,15.1117,13.0659,-11.2456,-23.0335,25.2818,14.0637
2005-10-30,15.0095,13.1102,-11.9883,-22.5414,25.2602,14.0344
2005-10-31,14.9112,13.1599,-12.6820,-22.7906,25.2366,14.0101
2005-11-01,14.8594,13.2500,-13.0156,-23.2255,25.2651,14.0295
2005-11-02,14.7322,13.2989,-13.4742,-23.3303,25.2316,13.9904
2005-11-03,14.5669,13.2719,-13.9407,-23.4135,25.2235,13.8941
2005-11-04,14.4513,13.2938,-14.2542,-23.3324,25.2304,13.8470
2005-11-05,14.2350,13.2990,-14.3864,-22.8327,25.2088,13.7413
2005-11-06,14.0411,13.3119,-15.0860,-22.7325,25.2249,13.6506
2005-11-07,13.9596,13.3890,-15.2942,-22.3663,25.2139,13.6484
2005-11-08,13.8631,13.4945,-15.1731,-21.9646,25.1583,13.6528
2005-11-09,13.7418,13.6023,-15.0067,-21.3327,25.1556,13.6459
2005-11-10,13.6117,13.6518,-15.0714,-20.2191,25.1101,13.6058
2005-11-11,13.5248,13.7293,-15.7360,-19.4171,25.0906,13.6009
2005-11-12,13.4038,13.8682,-16.0048,-18.8679,25.0837,13.6100
2005-11-13,13.1822,13.9582,-16.6347,-18.9464,25.1416,13.5437
2005-11-14,13.0553,14.0201,-16.9156,-19.0699,25.1685,13.5109
2005-11-15,12.9358,14.1052,-16.3793,-18.8999,25.2026,13.4940
2005-11-16,12.7060,14.2066,-16.3089,-18.8092,25.2582,13.4294
2005-11-17,12.6385,14.2486,-16.1513,-18.6455,25.2429,13.4168
2005-11-18,12.6027,14.2943,-15.7311,-18.2525,25.2237,13.4217
2005-11-19,12.6400,14.3051,-15.4851,-18.3078,25.1870,13.4458
2005-11-20,12.5791,14.3606,-16.0833,-18.2188,25.2205,13.4433
2005-11-21,12.4313,14.4126,-16.2604,-17.8406,25.2010,13.3953
2005-11-22,12.3238,14.3995,-16.6695,-17.5996,25.1386,13.3350
2005-11-23,12.1130,14.4319,-17.4973,-17.3543,25.1064,13.2457
2005-11-24,12.0342,14.4483,-17.1555,-17.2634,25.1072,13.2145
2005-11-25,12.0935,14.4615,-15.9173,-17.2869,25.1198,13.2506
2005-11-26,12.1062,14.4335,-15.7384,-17.0376,25.1284,13.2430
2005-11-27,12.0530,14.5395,-16.0022,-16.3010,25.1497,13.2696
2005-11-28,11.9183,14.5971,-16.5024,-16.1713,25.1377,13.2310
2005-11-29,11.7752,14.6274,-16.8135,-16.1592,25.1575,13.1743
2005-11-30,11.5477,14.6458,-17.4308,-15.9091,25.1256,13.0699
2005-12-01,11.2372,14.6708,-18.0270,-15.3765,25.0818,12.9267
2005-12-02,11.0694,14.7682,-18.3192,-14.3323,25.0756,12.8913
2005-12-03,10.9528,14.9292,-18.4497,-13.5625,25.1053,12.9138
2005-12-04,10.7333,15.0198,-18.8116,-13.5010,25.0911,12.8490
2005-12-05,10.5206,15.0891,-19.1565,-13.1955,25.0316,12.7772
2005-12-06,10.2903,15.0565,-19.5021,-12.6582,24.9024,12.6457
2005-12-07,10.2082,15.0785,-19.2932,-12.4363,24.9048,12.6155
2005-12-08,10.1534,15.1816,-18.8029,-12.3407,24.9523,12.6394
2005-12-09,10.2386,15.2628,-17.6262,-12.3942,25.0449,12.7229
2005-12-10,10.3341,15.3445,-17.1146,-12.2242,25.0644,12.8117
2005-12-11,10.3551,15.3627,-17.1234,-12.1701,25.0724,12.8316
2005-12-12,10.3317,15.3293,-17.6840,-12.3280,25.0294,12.8033
2005-12-13,10.2708,15.3609,-18.7503,-12.4529,24.9556,12.7882
2005-12-14,10.1327,15.4905,-19.7336,-12.3066,24.9398,12.7837
2005-12-15,10.0238,15.5161,-20.3585,-12.0565,24.9701,12.7420
2005-12-16,10.0641,15.5467,-20.3699,-12.1189,25.0172,12.7774
2005-12-17,10.0316,15.5801,-20.2985,-11.9383,25.0167,12.7779
2005-12-18,9.9188,15.6286,-20.4264,-11.7867,25.0108,12.7454
2005-12-19,9.9182,15.7499,-20.2253,-11.5200,25.0463,12.8061
2005-12-20,9.9351,15.7502,-19.7667,-11.4680,25.0294,12.8152
2005-12-21,9.8818,15.7978,-19.8530,-11.6709,24.9699,12.8121
2005-12-22,9.8080,15.9178,-20.0974,-11.7469,24.9286,12.8355
2005-12-23,9.8359,15.9586,-20.0152,-11.6742,24.9743,12.8698
2005-12-24,9.7944,15.8527,-19.9372,-11.7905,24.9284,12.7959
2005-12-25,9.7487,15.8032,-19.9519,-11.9351,24.8208,12.7483
2005-12-26,9.6092,15.8582,-20.1224,-11.9527,24.7236,12.7058
2005-12-27,9.4579,15.9154,-20.6302,-12.0706,24.6992,12.6588
2005-12-28,9.4237,15.9300,-21.0695,-11.8907,24.7169,12.6490
2005-12-29,9.4971,15.9588,-21.2534,-11.8749,24.7430,12.7002
2005-12-30,9.4652,15.9437,-21.7812,-11.7729,24.7744,12.6764
2005-12-31,9.3887,15.9486,-21.8798,-11.6127,24.7985,12.6404
2006-01-01,9.3410,15.9140,-21.7364,-11.8034,24.8087,12.5992
2006-01-02,9.3652,15.9616,-21.1209,-11.8668,24.8207,12.6352
2006-01-03,9.2758,16.0141,-20.6629,-11.8516,24.8130,12.6168
2006-01-04,9.1660,16.0251,-20.9525,-11.9592,24.7963,12.5675
2006-01-05,9.0453,16.0645,-20.9214,-12.1903,24.7938,12.5268
2006-01-06,8.8827,16.1175,-21.1288,-12.1996,24.7650,12.4718
2006-01-07,8.7621,16.1820,-21.8022,-12.1043,24.7377,12.4437
2006-01-08,8.6909,16.2086,-22.5583,-12.0282,24.7121,12.4216
2006-01-09,8.6286,16.2143,-22.9014,-12.2676,24.7825,12.3930
2006-01-10,8.5760,16.2174,-23.0873,-12.4967,24.8463,12.3681
2006-01-11,8.6511,16.2331,-23.2483,-12.3987,24.9009,12.4135
2006-01-12,8.7194,16.2567,-23.7198,-12.1455,24.9156,12.4598
2006-01-13,8.7015,16.2739,-23.7026,-12.0623,24.9460,12.4589
2006-01-14,8.6240,16.3186,-23.2969,-12.0646,24.9161,12.4430
2006-01-15,8.4092,16.3233,-22.9970,-12.2266,24.8359,12.3374
2006-01-16,8.2523,16.2778,-22.6943,-12.4548,24.8159,12.2363
2006-01-17,8.1788,16.2757,-22.2506,-12.6640,24.8570,12.1984
2006-01-18,8.2247,16.2540,-21.3780,-12.9659,24.8402,12.2105
2006-01-19,8.2457,16.2600,-20.5961,-13.4739,24.8611,12.2238
2006-01-20,8.2738,16.2716,-19.9121,-13.7836,24.9284,12.2435
2006-01-21,8.3793,16.2758,-19.5262,-13.7755,24.9920,12.2982
2006-01-22,8.3289,16.2364,-19.8779,-13.7859,25.0035,12.2531
2006-01-23,8.4005,16.2583,-19.8604,-13.9972,25.0332,12.3003
2006-01-24,8.5584,16.2629,-19.3693,-14.1655,25.0610,12.3815
2006-01-25,8.5951,16.2707,-19.3776,-14.3414,25.0743,12.4038
2006-01-26,8.4852,16.2570,-20.1626,-14.2398,25.0604,12.3417
2006-01-27,8.4582,16.2913,-21.7049,-14.0385,25.0485,12.3454
2006-01-28,8.5135,16.3995,-22.9831,-14.0550,25.0803,12.4271
2006-01-29,8.5834,16.3883,-23.6842,-14.3635,25.0650,12.4566
2006-01-30,8.6001,16.3164,-23.8906,-14.7539,25.0376,12.4289
2006-01-31,8.6022,16.3185,-23.9524,-15.2176,25.0838,12.4312
2006-02-01,8.7220,16.3017,-23.8504,-15.5228,25.1364,12.4823
2006-02-02,8.8656,16.3154,-23.5665,-15.5070,25.1862,12.5613
2006-02-03,8.8467,16.3557,-23.3277,-15.5753,25.1928,12.5724
2006-02-04,8.7306,16.3441,-23.1934,-15.8232,25.1578,12.5086
2006-02-05,8.7341,16.2868,-23.4389,-16.0429,25.1635,12.4815
2006-02-06,8.8782,16.2206,-23.6482,-16.2577,25.2367,12.5200
2006-02-07,9.0936,16.1940,-23.5555,-16.5011,25.3012,12.6145
2006-02-08,9.1996,16.1544,-23.1347,-16.9085,25.2799,12.6480
2006-02-09,9.2407,16.1096,-22.9351,-16.9557,25.1831,12.6465
2006-02-10,9.2580,16.1551,-23.2399,-16.6294,25.1741,12.6779
2006-02-11,9.2986,16.1381,-23.5575,-16.7996,25.2001,12.6896
2006-02-12,9.4405,16.1555,-22.7987,-17.0949,25.2029,12.7696
2006-02-13,9.5892,16.1977,-21.8992,-17.4639,25.2586,12.8650
2006-02-14,9.7361,16.2562,-20.9224,-17.7064,25.3346,12.9678
2006-02-15,9.8452,16.2393,-19.3459,-18.0558,25.3996,13.0138
2006-02-16,9.7822,16.2175,-18.6878,-18.3115,25.4065,12.9717
2006-02-17,9.5716,16.2431,-18.9347,-18.2618,25.3567,12.8788
2006-02-18,9.5822,16.2271,-19.6825,-18.2352,25.3400,12.8758
2006-02-19,9.7611,16.2075,-19.8942,-18.0363,25.3577,12.9558
2006-02-20,9.9545,16.1926,-19.6693,-17.9857,25.4270,13.0455
2006-02-21,10.0709,16.1410,-19.4778,-18.3161,25.5297,13.0775
2006-02-22,10.1398,16.0795,-19.7927,-18.6183,25.6077,13.0813
2006-02-23,10.1036,16.0138,-20.2360,-18.9590,25.6056,13.0300
2006-02-24,10.0648,16.0053,-20.3943,-19.1643,25.5732,13.0064
2006-02-25,10.0804,15.9777,-19.8169,-19.4840,25.5741,13.0002
2006-02-26,10.0512,15.9653,-19.5396,-20.0373,25.5938,12.9796
2006-02-27,10.0949,15.9110,-19.9142,-20.6802,25.6036,12.9744
2006-02-28,10.2532,15.8595,-20.4841,-21.1970,25.6162,13.0278
2006-03-01,10.4917,15.8403,-20.6027,-21.3856,25.6568,13.1374
2006-03-02,10.6056,15.8939,-20.9224,-20.7703,25.6895,13.2210
2006-03-03,10.6457,15.9736,-21.4067,-19.2274,25.7209,13.2808
2006-03-04,10.6969,15.9230,-22.1207,-19.2336,25.6730,13.2814
2006-03-05,10.7703,15.8602,-22.8126,-19.9556,25.6681,13.2869
2006-03-06,10.8230,15.8551,-23.2200,-20.5830,25.7208,13.3107
2006-03-07,10.7709,15.8102,-23.1844,-21.6606,25.6938,13.2621
2006-03-08,10.7367,15.7662,-23.0890,-22.2943,25.5606,13.2235
2006-03-09,10.7679,15.6912,-22.6489,-22.2583,25.4221,13.2014
2006-03-10,10.7582,15.5998,-22.3132,-22.3966,25.3521,13.1505
2006-03-11,10.7780,15.5902,-22.0341,-22.2658,25.3963,13.1558
2006-03-12,10.7561,15.5495,-21.6547,-21.9980,25.4639,13.1247
2006-03-13,10.7928,15.4779,-21.6643,-22.1501,25.4477,13.1070
2006-03-14,11.0033,15.4860,-21.2391,-22.5205,25.5110,13.2167
2006-03-15,11.2165,15.4540,-20.6278,-23.1337,25.6311,13.3074
2006-03-16,11.3488,15.4518,-20.6127,-23.3305,25.7037,13.3726
2006-03-17,11.3975,15.3869,-20.6718,-23.6931,25.7140,13.3646
2006-03-18,11.3964,15.2869,-21.0871,-24.2862,25.6487,13.3135
2006-03-19,11.4909,15.2757,-21.6705,-24.4851,25.6539,13.3555
2006-03-20,11.7200,15.2233,-21.2162,-25.1271,25.6903,13.4439
2006-03-21,11.8878,15.1533,-20.3611,-25.4524,25.6977,13.4929
2006-03-22,11.9433,15.1730,-19.5611,-25.2632,25.7064,13.5308
2006-03-23,12.0820,15.2055,-19.2237,-25.1436,25.7730,13.6161
2006-03-24,12.1889,15.1687,-19.3278,-25.1773,25.8102,13.6511
2006-03-25,12.2984,15.1002,-19.3486,-25.0539,25.8153,13.6720
2006-03-26,12.3799,15.0104,-19.3657,-25.5133,25.8174,13.6679
2006-03-27,12.4821,14.8921,-19.2422,-25.9792,25.7873,13.6600
2006-03-28,12.5841,14.8620,-18.9245,-26.1961,25.7519,13.6956
2006-03-29,12.6503,14.8106,-18.8810,-26.7721,25.6986,13.7031
2006-03-30,12.8451,14.6768,-19.0537,-27.3879,25.6858,13.7335
2006-03-31,13.0158,14.6049,-18.9283,-27.7681,25.7406,13.7832
2006-04-01,13.1683,14.6100,-18.8259,-27.9227,25.7668,13.8620
2006-04-02,13.2279,14.6126,-18.7736,-27.9847,25.7816,13.8930
2006-04-03,13.3312,14.6277,-18.6202,-27.7364,25.8268,13.9526
2006-04-04,13.3434,14.6221,-18.4927,-27.5040,25.8650,13.9556
2006-04-05,13.3730,14.5695,-18.0908,-27.4973,25.8558,13.9439
2006-04-06,13.4384,14.5055,-17.6621,-27.1656,25.8249,13.9452
2006-04-07,13.5479,14.4536,-17.2854,-26.9302,25.7472,13.9738
2006-04-08,13.6069,14.4519,-17.0965,-27.2480,25.7816,14.0025
2006-04-09,13.7233,14.4602,-16.6896,-27.1492,25.8141,14.0647
2006-04-10,13.7873,14.4376,-16.1860,-27.0158,25.8412,14.0854
2006-04-11,13.7765,14.4748,-15.6076,-26.5634,25.8665,14.0993
2006-04-12,13.8383,14.4610,-15.1364,-26.9215,25.9118,14.1233
2006-04-13,13.9910,14.4317,-14.7065,-27.0217,25.8805,14.1850
2006-04-14,14.1921,14.2815,-14.4243,-27.9952,25.8967,14.2106
2006-04-15,14.3750,14.0689,-14.1802,-29.1077,25.8467,14.1957
2006-04-16,14.4947,13.9243,-14.3069,-29.7114,25.7715,14.1834
2006-04-17,14.5614,13.8243,-14.3603,-30.3311,25.7396,14.1662
2006-04-18,14.6893,13.8167,-14.4486,-30.5035,25.7635,14.2264
2006-04-19,14.8287,13.9477,-14.3157,-29.4925,25.7836,14.3623
2006-04-20,14.9687,14.0485,-13.9841,-28.5533,25.8198,14.4831
2006-04-21,15.1179,13.9499,-13.9192,-28.9287,25.8981,14.5087
2006-04-22,15.2352,13.9487,-13.6524,-28.8263,25.9533,14.5668
2006-04-23,15.3170,13.9429,-13.1994,-28.3198,25.9991,14.6050
2006-04-24,15.3626,13.9507,-12.5538,-28.2314,25.9940,14.6314
2006-04-25,15.3957,14.0234,-11.7131,-27.6861,25.9847,14.6844
2006-04-26,15.3992,14.0427,-10.9098,-27.5874,25.9591,14.6958
2006-04-27,15.5345,13.9992,-10.1634,-27.7504,25.9614,14.7421
2006-04-28,15.7073,13.9395,-9.5500,-28.1004,25.9670,14.7983
2006-04-29,15.8593,13.8035,-9.1565,-28.6196,25.9538,14.8063
2006-04-30,16.0141,13.6204,-8.8406,-29.3814,25.9608,14.7921
2006-05-01,16.2370,13.4494,-8.5577,-30.1732,25.9376,14.8182
2006-05-02,16.3799,13.3206,-8.2030,-30.3954,25.8442,14.8254
2006-05-03,16.3956,13.3477,-7.8646,-29.3343,25.7690,14.8468
2006-05-04,16.4419,13.3594,-7.4978,-29.2228,25.7916,14.8760
2006-05-05,16.5569,13.2866,-7.0606,-29.6862,25.8225,14.8968
2006-05-06,16.6756,13.2053,-6.6646,-30.0643,25.8398,14.9155
2006-05-07,16.7671,13.0077,-6.1347,-31.2833,25.8108,14.8625
2006-05-08,16.8421,12.8072,-5.7952,-32.6569,25.7816,14.7993
2006-05-09,16.9922,12.7630,-5.3445,-32.7612,25.7132,14.8523
2006-05-10,17.0837,12.7896,-4.9685,-32.2493,25.6490,14.9120
2006-05-11,17.1361,12.8151,-4.7313,-32.3532,25.6699,14.9508
2006-05-12,17.2267,12.8068,-4.6814,-32.8015,25.6923,14.9921
2006-05-13,17.3870,12.8322,-4.5259,-32.1740,25.6649,15.0853
2006-05-14,17.5780,12.8364,-4.1912,-31.8638,25.6762,15.1828
2006-05-15,17.7322,12.9449,-4.0402,-30.9097,25.7212,15.3143
2006-05-16,17.8356,12.9765,-3.5683,-31.3145,25.7148,15.3823
2006-05-17,17.9184,12.9049,-3.1992,-31.9862,25.7146,15.3879
2006-05-18,18.0269,12.7544,-3.0207,-32.3634,25.7019,15.3671
2006-05-19,17.9777,12.6449,-3.0232,-32.6482,25.7110,15.2875
2006-05-20,17.9194,12.6083,-2.8704,-32.6309,25.7053,15.2398
2006-05-21,17.9580,12.5180,-2.5414,-32.3520,25.6423,15.2136
2006-05-22,18.1246,12.3558,-2.3276,-31.9089,25.5335,15.2164
2006-05-23,18.2955,12.3161,-2.1341,-31.3272,25.4745,15.2825
2006-05-24,18.4034,12.3732,-2.0085,-30.9612,25.4918,15.3648
2006-05-25,18.4320,12.4521,-1.7929,-30.7924,25.5499,15.4185
2006-05-26,18.5404,12.4916,-1.5871,-31.0139,25.6079,15.4927
2006-05-27,18.6872,12.4909,-1.5661,-30.7210,25.6411,15.5658
2006-05-28,18.7978,12.4207,-1.2734,-30.7195,25.6274,15.5864
2006-05-29,18.8128,12.3975,-0.7607,-30.4949,25.6414,15.5822
2006-05-30,18.8986,12.4094,-0.7156,-29.9366,25.6781,15.6308
2006-05-31,19.0449,12.4638,-0.6756,-29.2501,25.6993,15.7314
2006-06-01,19.1801,12.4963,-0.4817,-28.9481,25.6990,15.8149
2006-06-02,19.3648,12.5080,-0.0887,-28.4836,25.7107,15.9140
2006-06-03,19.4539,12.4765,0.2018,-28.0396,25.6296,15.9429
2006-06-04,19.4743,12.3743,0.2263,-28.7557,25.5242,15.9018
2006-06-05,19.4923,12.2576,0.1595,-29.2359,25.4511,15.8528
2006-06-06,19.6141,12.1951,0.4488,-30.3466,25.5129,15.8826
2006-06-07,19.7583,12.1659,0.9844,-31.5255,25.5731,15.9402
2006-06-08,19.8205,12.1394,1.2451,-31.8248,25.5904,15.9580
2006-06-09,19.8110,12.1114,1.5105,-31.3143,25.5952,15.9394
2006-06-10,19.8235,12.1408,1.5693,-28.9567,25.5297,15.9605
2006-06-11,19.8895,12.1661,1.6195,-26.9180,25.4221,16.0066
2006-06-12,19.9672,12.2182,1.8439,-25.8768,25.4024,16.0712
2006-06-13,20.0473,12.2690,2.2342,-25.6903,25.4497,16.1367
2006-06-14,20.1224,12.2378,2.3611,-26.3752,25.4784,16.1589
2006-06-15,20.2316,12.1696,2.4317,-27.2659,25.4769,16.1792
2006-06-16,20.2749,12.0739,2.4954,-28.2000,25.4661,16.1530
2006-06-17,20.2848,11.9542,2.4530,-29.1627,25.3943,16.0983
2006-06-18,20.4375,11.8219,2.5345,-30.5924,25.3661,16.1085
2006-06-19,20.5590,11.7152,2.7263,-32.0773,25.3300,16.1159
2006-06-20,20.5828,11.6566,2.6417,-32.9194,25.3056,16.0983
2006-06-21,20.6584,11.5449,2.7458,-33.6687,25.3032,16.0802
2006-06-22,20.7975,11.4696,2.7738,-33.3686,25.3492,16.1121
2006-06-23,20.8996,11.4595,2.8886,-32.6887,25.3910,16.1582
2006-06-24,20.9509,11.4629,3.0453,-32.9116,25.3617,16.1858
2006-06-25,21.0218,11.4738,3.2131,-32.1087,25.3796,16.2267
2006-06-26,21.0277,11.4521,3.1904,-31.3260,25.3817,16.2188
2006-06-27,21.0527,11.3329,2.8982,-31.2934,25.3051,16.1716
2006-06-28,21.1175,11.2105,2.9292,-32.3045,25.2972,16.1430
2006-06-29,21.1355,11.2148,2.9188,-32.7383,25.2334,16.1542
2006-06-30,21.1825,11.3231,2.9497,-32.8938,25.2687,16.2318
2006-07-01,21.2389,11.3550,2.9080,-33.2395,25.3023,16.2762
2006-07-02,21.2745,11.3056,2.9590,-33.8887,25.2882,16.2693
2006-07-03,21.3346,11.2006,3.0292,-34.4856,25.2903,16.2467
2006-07-04,21.3338,11.1571,3.2051,-34.5143,25.2740,16.2245
2006-07-05,21.2834,11.1424,3.3341,-34.2676,25.2630,16.1921
2006-07-06,21.1932,11.1355,3.2420,-34.3656,25.2429,16.1435
2006-07-07,21.1822,11.0347,3.6173,-34.6950,25.2225,16.0875
2006-07-08,21.2123,11.0295,4.1703,-34.2675,25.1903,16.0999
2006-07-09,21.2243,11.1511,4.4746,-32.7506,25.1509,16.1667
2006-07-10,21.3005,11.1570,4.5313,-32.7637,25.1784,16.2082
2006-07-11,21.3743,11.1991,4.4343,-32.4886,25.1759,16.2664
2006-07-12,21.4596,11.2070,4.4161,-32.7647,25.1255,16.3132
2006-07-13,21.5685,11.1674,4.5030,-32.7191,25.1301,16.3478
2006-07-14,21.6204,11.0729,4.3700,-33.1790,25.0973,16.3264
2006-07-15,21.6528,11.0394,4.2428,-33.6245,25.0102,16.3261
2006-07-16,21.7074,10.9932,4.1186,-34.2378,24.9878,16.3303
2006-07-17,21.7300,10.8717,3.8642,-35.1541,24.9990,16.2810
2006-07-18,21.7320,10.8205,4.0457,-35.0884,24.9789,16.2561
2006-07-19,21.7193,10.7941,4.3702,-34.3890,24.9586,16.2368
2006-07-20,21.6759,10.8311,4.5412,-34.0638,24.9766,16.2335
2006-07-21,21.6559,10.7679,4.9687,-34.5163,25.0026,16.1917
2006-07-22,21.6078,10.6640,4.7410,-34.9797,25.0062,16.1154
2006-07-23,21.6472,10.6461,4.8196,-34.5121,25.0428,16.1261
2006-07-24,21.6745,10.6815,4.8197,-34.1770,25.0410,16.1575
2006-07-25,21.6662,10.8272,4.8053,-33.4881,25.0135,16.2265
2006-07-26,21.6400,10.8688,4.5455,-33.6506,25.0089,16.2344
2006-07-27,21.6203,10.9579,4.4688,-32.6632,24.9977,16.2689
2006-07-28,21.5659,10.9977,4.2627,-30.8745,24.9831,16.2619
2006-07-29,21.5702,10.9689,4.5597,-30.1869,24.9559,16.2495
2006-07-30,21.6556,10.9028,4.8094,-29.9320,24.9502,16.2595
2006-07-31,21.6620,10.9200,5.1514,-29.7593,24.9279,16.2710
2006-08-01,21.6626,11.0198,5.1397,-29.3186,24.9647,16.3216
2006-08-02,21.7034,11.0998,4.8278,-28.2870,25.0358,16.3818
2006-08-03,21.7179,11.1666,4.6218,-28.0900,25.0181,16.4223
2006-08-04,21.6953,11.1799,4.2709,-28.4662,25.0098,16.4178
2006-08-05,21.6817,11.1179,3.9999,-29.4568,25.0162,16.3799
2006-08-06,21.7259,11.0588,4.0154,-30.0884,25.0205,16.3723
2006-08-07,21.6650,11.1228,3.8850,-29.6255,24.9694,16.3741
2006-08-08,21.6203,11.1567,3.7813,-28.8102,24.9325,16.3686
2006-08-09,21.5876,11.1040,3.7371,-29.8420,24.9579,16.3260
2006-08-10,21.5464,11.0168,3.8061,-30.9973,25.0167,16.2614
2006-08-11,21.5206,10.9714,3.6465,-31.3388,25.0474,16.2259
2006-08-12,21.5064,11.0621,3.4087,-30.1546,25.1125,16.2639
2006-08-13,21.5256,11.1650,3.3469,-28.7519,25.1954,16.3250
2006-08-14,21.4649,11.2843,3.2107,-28.0455,25.2057,16.3544
2006-08-15,21.4989,11.2189,3.3687,-28.9484,25.2150,16.3389
2006-08-16,21.5426,11.0763,3.6182,-29.6995,25.1623,16.2894
2006-08-17,21.5511,11.0195,3.4300,-29.8327,25.1013,16.2653
2006-08-18,21.4879,10.9462,3.0271,-30.2897,25.0417,16.1971
2006-08-19,21.4062,10.9236,2.8155,-30.8000,25.0331,16.1446
2006-08-20,21.3852,10.8962,2.6291,-31.3322,25.1010,16.1204
2006-08-21,21.3631,10.8783,2.4951,-31.9083,25.1149,16.1002
2006-08-22,21.2943,10.9025,2.5951,-32.2134,25.0800,16.0781
2006-08-23,21.2886,10.9251,2.6107,-32.7300,25.0938,16.0868
2006-08-24,21.2020,10.9230,2.2624,-33.1177,25.0965,16.0421
2006-08-25,21.0942,11.0072,1.7983,-32.3342,25.1387,16.0300
2006-08-26,20.9992,11.0480,1.5904,-31.5355,25.1335,16.0031
2006-08-27,20.9156,10.9784,1.4114,-32.2970,25.1536,15.9260
2006-08-28,20.9117,10.8607,1.4189,-33.9018,25.1816,15.8654
2006-08-29,20.9021,10.7825,1.6241,-34.9815,25.1635,15.8214
2006-08-30,20.8675,10.7718,1.6036,-35.4376,25.1802,15.7986
2006-08-31,20.7667,10.7760,1.2593,-35.1966,25.1687,15.7501
2006-09-01,20.6750,10.8329,0.8532,-35.0259,25.1811,15.7325
2006-09-02,20.5390,10.7641,0.4134,-35.9864,25.1273,15.6299
2006-09-03,20.4123,10.6425,0.1277,-36.9881,25.1114,15.5052
2006-09-04,20.3901,10.6131,0.0018,-37.3440,25.1499,15.4795
2006-09-05,20.2999,10.6136,-0.1603,-36.3455,25.0455,15.4347
2006-09-06,20.1757,10.7176,-0.4232,-35.2555,25.0210,15.4247
2006-09-07,20.0860,10.8671,-0.4644,-34.5680,25.0479,15.4548
2006-09-08,20.0230,10.9725,-0.5218,-33.7608,25.0538,15.4762
2006-09-09,19.9344,11.0181,-0.5955,-33.2217,24.9894,15.4546
2006-09-10,19.9185,11.0539,-0.7819,-34.0985,25.0194,15.4646
2006-09-11,19.8483,11.1800,-0.9490,-33.6620,25.1201,15.4922
2006-09-12,19.8086,11.1959,-1.2083,-34.1929,25.2778,15.4803
2006-09-13,19.7742,11.1689,-1.2474,-34.9250,25.3456,15.4493
2006-09-14,19.7416,11.3089,-1.0490,-34.0964,25.3593,15.5035
2006-09-15,19.7274,11.4039,-0.4945,-33.4195,25.4004,15.5438
2006-09-16,19.6422,11.4521,-0.1954,-31.7996,25.3787,15.5250
2006-09-17,19.5313,11.5850,-0.1140,-29.7392,25.3708,15.5362
2006-09-18,19.4135,11.7398,-0.3799,-28.2587,25.3819,15.5545
2006-09-19,19.3554,11.8571,-0.5268,-26.8678,25.3754,15.5842
2006-09-20,19.3131,11.8904,-0.9345,-26.2437,25.3895,15.5792
2006-09-21,19.2699,11.8911,-1.0482,-26.6088,25.2980,15.5583
2006-09-22,19.2566,11.8751,-0.8724,-27.4010,25.2848,15.5435
2006-09-23,19.2135,11.8782,-0.9216,-27.4156,25.3289,15.5234
2006-09-24,19.1686,11.7696,-1.0845,-27.5611,25.3197,15.4466
2006-09-25,19.1137,11.8319,-1.2790,-27.5464,25.4051,15.4500
2006-09-26,19.0594,11.9521,-1.5811,-28.1262,25.4864,15.4831
2006-09-27,18.9990,11.9634,-2.0660,-28.9957,25.5320,15.4584
2006-09-28,18.8972,11.9052,-2.5785,-29.8149,25.4892,15.3782
2006-09-29,18.7938,11.9210,-3.0541,-30.5718,25.4733,15.3344
2006-09-30,18.7718,11.9675,-3.4927,-30.3398,25.5023,15.3466
2006-10-01,18.6721,11.9836,-3.8520,-29.3000,25.5016,15.3047
2006-10-02,18.5738,11.9694,-4.2080,-28.8331,25.5139,15.2484
2006-10-03,18.4538,11.9894,-4.6215,-28.5471,25.5683,15.1981
2006-10-04,18.2240,12.0299,-5.4157,-28.2560,25.6178,15.1031
2006-10-05,18.0771,12.0211,-5.9774,-28.1319,25.6746,15.0248
2006-10-06,17.8969,12.0523,-6.4163,-28.0594,25.6312,14.9499
2006-10-07,17.6390,12.1946,-6.6636,-27.9104,25.6184,14.8922
2006-10-08,17.4896,12.2911,-6.8589,-26.7917,25.5804,14.8654
2006-10-09,17.3297,12.3639,-7.2484,-26.2029,25.5420,14.8224
2006-10-10,17.1981,12.4489,-7.0015,-26.5714,25.4995,14.7990
2006-10-11,17.1087,12.4900,-6.7710,-26.8750,25.4618,14.7750
2006-10-12,17.0816,12.4746,-6.5233,-27.1516,25.4625,14.7538
2006-10-13,16.9599,12.4981,-6.4083,-27.4567,25.4939,14.7046
2006-10-14,16.8723,12.4786,-6.6798,-27.8650,25.5341,14.6510
2006-10-15,16.8288,12.4153,-6.8253,-28.1435,25.5573,14.5972
2006-10-16,16.6870,12.4372,-6.8388,-28.1538,25.5575,14.5371
2006-10-17,16.4928,12.4601,-7.0015,-28.1015,25.5422,14.4512
2006-10-18,16.3803,12.4791,-7.4959,-27.3204,25.5338,14.4041
2006-10-19,16.3237,12.5658,-8.1364,-26.7544,25.5019,14.4195
2006-10-20,16.1874,12.6175,-8.4560,-26.8290,25.4947,14.3773
2006-10-21,16.0154,12.6929,-8.8191,-26.7813,25.4913,14.3289
2006-10-22,15.9014,12.7822,-9.4518,-26.1524,25.4736,14.3167
2006-10-23,15.8096,12.8604,-10.0368,-25.8748,25.4376,14.3099
2006-10-24,15.6930,12.8935,-10.7302,-26.2447,25.4313,14.2681
2006-10-25,15.5717,12.8880,-11.6423,-26.1615,25.4488,14.2044
2006-10-26,15.5402,13.0189,-11.9034,-24.6922,25.4763,14.2542
2006-10-27,15.4564,13.0791,-12.3682,-24.6100,25.4632,14.2423
2006-10-28,15.3068,13.1091,-13.0170,-24.8400,25.4734,14.1820
2006-10-29,15.1168,13.0917,-13.7399,-24.9171,25.4773,14.0782
2006-10-30,15.0344,13.1105,-14.1621,-24.6011,25.4595,14.0462
2006-10-31,14.8692,13.1784,-14.3913,-23.9243,25.4558,13.9977
2006-11-01,14.7255,13.2373,-14.8546,-23.4937,25.4171,13.9551
2006-11-02,14.5279,13.2830,-14.9085,-22.6823,25.3924,13.8795
2006-11-03,14.3070,13.3683,-15.2060,-21.7176,25.4051,13.8110
2006-11-04,14.1938,13.4363,-15.5782,-21.6903,25.4313,13.7885
2006-11-05,14.0602,13.4924,-15.9452,-22.0885,25.4465,13.7491
2006-11-06,13.9220,13.5207,-15.9491,-21.7913,25.3600,13.6946
2006-11-07,13.8518,13.5744,-15.8442,-20.8657,25.2590,13.6865
2006-11-08,13.8308,13.6294,-15.6725,-20.2947,25.2379,13.7034
2006-11-09,13.7735,13.7503,-15.5575,-20.1863,25.3251,13.7353
2006-11-10,13.6743,13.8246,-15.3926,-20.3398,25.3764,13.7228
2006-11-11,13.5217,13.8359,-15.4718,-20.6329,25.3868,13.6519
2006-11-12,13.2601,13.8330,-15.8994,-20.6749,25.2941,13.5198
2006-11-13,13.2022,13.8397,-16.2721,-20.2647,25.2414,13.4937
2006-11-14,13.2324,14.0768,-15.8746,-18.8909,25.2586,13.6276
2006-11-15,13.1964,14.1363,-15.6272,-18.1142,25.2617,13.6396
2006-11-16,13.1134,14.1353,-15.1217,-17.8818,25.2042,13.5976
2006-11-17,12.9412,14.1851,-14.8285,-17.9072,25.1540,13.5366
2006-11-18,12.7245,14.2916,-14.8662,-17.6825,25.1788,13.4811
2006-11-19,12.5404,14.3461,-14.5746,-17.1422,25.1445,13.4165
2006-11-20,12.3898,14.4297,-14.8797,-16.7919,25.1128,13.3829
2006-11-21,12.1699,14.5811,-15.8332,-16.2326,25.1406,13.3481
2006-11-22,11.8532,14.6941,-17.0094,-15.9933,25.1522,13.2458
2006-11-23,11.6965,14.7481,-17.5720,-16.0212,25.1466,13.1948
2006-11-24,11.6222,14.7841,-17.7171,-15.6538,25.2059,13.1751
2006-11-25,11.5377,14.8474,-16.8844,-15.2331,25.2638,13.1645
2006-11-26,11.4193,14.8282,-16.0987,-14.9458,25.2604,13.0954
2006-11-27,11.2703,14.8446,-16.0885,-14.6507,25.2487,13.0288
2006-11-28,11.1309,14.8984,-16.4944,-14.6213,25.2291,12.9861
2006-11-29,10.9687,14.9347,-16.8610,-14.7739,25.2196,12.9230
2006-11-30,10.8920,14.9743,-17.0320,-14.8964,25.2291,12.9043
2006-12-01,10.8939,14.9942,-17.2560,-14.9427,25.1997,12.9153
2006-12-02,10.8016,14.9784,-16.9341,-14.7900,25.1782,12.8613
2006-12-03,10.7717,15.0010,-17.3107,-14.5573,25.1836,12.8575
2006-12-04,10.8466,15.0725,-18.1024,-14.2665,25.1744,12.9308
2006-12-05,10.8875,15.1546,-18.7990,-13.9952,25.1816,12.9923
2006-12-06,10.8934,15.1718,-19.0928,-13.8398,25.1718,13.0043
2006-12-07,10.8961,15.2255,-19.5974,-13.7862,25.1765,13.0324
2006-12-08,10.8021,15.2628,-20.1596,-13.8228,25.1587,13.0037
2006-12-09,10.7107,15.3017,-20.3310,-14.0869,25.1778,12.9773
2006-12-10,10.7077,15.2854,-20.1245,-14.4772,25.1409,12.9677
2006-12-11,10.7424,15.2326,-20.0348,-14.5972,25.0593,12.9588
2006-12-12,10.6239,15.3008,-20.1224,-14.7331,25.0234,12.9340
2006-12-13,10.5567,15.3466,-20.0477,-14.9224,24.9940,12.9231
2006-12-14,10.6735,15.3215,-20.0781,-15.1527,25.0108,12.9690
2006-12-15,10.7203,15.3810,-19.7899,-14.8659,25.0437,13.0224
2006-12-16,10.6615,15.4931,-19.7842,-14.4997,25.0827,13.0492
2006-12-17,10.5112,15.5364,-20.2362,-14.1911,25.0400,12.9956
2006-12-18,10.4140,15.6082,-20.1345,-13.9612,25.0481,12.9825
2006-12-19,10.4068,15.5987,-20.0655,-14.0777,25.0298,12.9743
2006-12-20,10.3543,15.5364,-20.2647,-14.4144,25.0561,12.9166
2006-12-21,10.2912,15.5322,-20.3639,-14.4209,25.0556,12.8827
2006-12-22,10.1967,15.5425,-20.6899,-14.3950,25.0384,12.8408
2006-12-23,10.0661,15.5601,-20.8441,-14.7101,25.0561,12.7838
2006-12-24,9.9379,15.5561,-20.9507,-14.7154,25.0502,12.7173
2006-12-25,9.8257,15.5637,-20.6472,-14.7310,24.9769,12.6650
2006-12-26,9.7379,15.5842,-20.3106,-14.5813,24.9203,12.6313
2006-12-27,9.5327,15.6173,-20.4172,-14.4903,24.8662,12.5454
2006-12-28,9.4154,15.6906,-20.5118,-14.1444,24.8783,12.5233
2006-12-29,9.3714,15.7653,-20.8113,-13.7384,24.8289,12.5388
2006-12-30,9.4387,15.8154,-20.8927,-13.4358,24.8180,12.5974
2006-12-31,9.5098,15.9149,-21.1662,-12.8723,24.8343,12.6826
2007-01-01,9.4768,15.9908,-21.4556,-12.6010,24.8053,12.7044
2007-01-02,9.5833,16.0476,-21.4871,-12.4819,24.8159,12.7859
2007-01-03,9.6739,16.0892,-21.8187,-12.1562,24.8215,12.8523
2007-01-04,9.7837,16.1285,-22.4836,-12.2701,24.8433,12.9271
2007-01-05,9.8043,16.1139,-22.8357,-12.3843,24.8403,12.9298
2007-01-06,9.6592,16.1342,-22.8931,-12.3201,24.8338,12.8673
2007-01-07,9.4161,16.1023,-22.8443,-12.2341,24.8025,12.7295
2007-01-08,9.2984,16.1677,-22.7131,-12.3248,24.8585,12.7033
2007-01-09,9.2235,16.2742,-22.7091,-12.3301,24.9328,12.7191
2007-01-10,9.2380,16.3100,-21.8851,-12.3181,24.9594,12.7446
2007-01-11,9.2835,16.3076,-20.9238,-12.0789,24.9514,12.7660
2007-01-12,9.2740,16.3433,-20.6832,-12.0191,24.9582,12.7793
2007-01-13,9.2906,16.3768,-20.0305,-11.8055,24.9715,12.8042
2007-01-14,9.2591,16.3114,-20.2274,-11.9861,24.9539,12.7556
2007-01-15,9.1816,16.3146,-20.9975,-12.0050,25.0058,12.7181
2007-01-16,9.1614,16.3325,-21.1966,-12.0522,25.0399,12.7172
2007-01-17,9.1724,16.3469,-21.3871,-12.0146,25.0417,12.7296
2007-01-18,9.2366,16.3991,-21.6885,-12.1928,25.0478,12.7883
2007-01-19,9.3419,16.3991,-22.1894,-12.5750,25.0946,12.8410
2007-01-20,9.3291,16.3544,-22.9647,-12.6278,25.1162,12.8121
2007-01-21,9.3669,16.3410,-22.8469,-12.5684,25.0931,12.8245
2007-01-22,9.3128,16.4319,-22.1704,-12.5480,25.1248,12.8426
2007-01-23,9.2656,16.5148,-21.5738,-12.2793,25.1588,12.8608
2007-01-24,9.2614,16.5348,-21.6305,-12.2409,25.2069,12.8688
2007-01-25,9.2158,16.4925,-22.6697,-12.6729,25.2285,12.8242
2007-01-26,9.1646,16.5131,-23.2858,-13.0003,25.2975,12.8090
2007-01-27,9.2693,16.4398,-22.7244,-13.4674,25.3442,12.8247
2007-01-28,9.3419,16.4041,-23.0545,-13.6790,25.3402,12.8430
2007-01-29,9.2676,16.4326,-22.9421,-13.6791,25.2800,12.8204
2007-01-30,9.2746,16.4579,-22.6363,-13.8241,25.3168,12.8367
2007-01-31,9.4059,16.5027,-21.7276,-13.9950,25.3560,12.9250
2007-02-01,9.4579,16.5481,-20.7380,-14.3736,25.3830,12.9737
2007-02-02,9.4804,16.5384,-20.8712,-14.9187,25.3846,12.9802
2007-02-03,9.4438,16.4832,-20.8169,-15.5317,25.3800,12.9341
2007-02-04,9.3563,16.4281,-21.1899,-16.0725,25.3797,12.8626
2007-02-05,9.3894,16.3999,-21.8162,-16.3313,25.4231,12.8648
2007-02-06,9.5072,16.3936,-22.1484,-16.5174,25.5117,12.9209
2007-02-07,9.6094,16.2726,-22.1380,-16.8469,25.5248,12.9115
2007-02-08,9.5940,16.2262,-22.1019,-16.9142,25.5225,12.8808
2007-02-09,9.5760,16.2413,-22.5184,-16.9275,25.5484,12.8792
2007-02-10,9.6051,16.2750,-22.3858,-16.7502,25.5622,12.9107
2007-02-11,9.6515,16.3104,-22.1170,-16.5309,25.5602,12.9519
2007-02-12,9.6448,16.2734,-22.4161,-16.6050,25.4876,12.9297
2007-02-13,9.5329,16.2770,-22.8092,-16.3786,25.4342,12.8755
2007-02-14,9.3032,16.2652,-23.2687,-16.6193,25.3841,12.7544
2007-02-15,9.2707,16.2205,-23.5780,-16.9934,25.3244,12.7157
2007-02-16,9.3595,16.1744,-23.1974,-17.6052,25.3672,12.7374
2007-02-17,9.3926,16.1127,-22.6616,-18.2169,25.4013,12.7231
2007-02-18,9.3599,16.0958,-22.7479,-18.3677,25.4071,12.6981
2007-02-19,9.3036,16.0738,-22.9001,-18.8743,25.3736,12.6588
2007-02-20,9.4143,16.0392,-22.8934,-20.0026,25.3979,12.6969
2007-02-21,9.5921,16.0201,-22.3776,-20.8242,25.4484,12.7769
2007-02-22,9.6537,16.0202,-22.2846,-21.0958,25.5089,12.8076
2007-02-23,9.6367,15.9860,-22.7513,-21.5733,25.5613,12.7819
2007-02-24,9.6236,15.9240,-23.0248,-22.1441,25.5568,12.7443
2007-02-25,9.6839,15.8699,-23.3534,-22.2715,25.5603,12.7476
2007-02-26,9.6919,15.8218,-24.4235,-22.3942,25.5810,12.7276
2007-02-27,9.7277,15.7483,-25.3324,-22.3594,25.5700,12.7087
2007-02-28,9.7600,15.7577,-25.8422,-22.2253,25.6053,12.7295
2007-03-01,9.7231,15.7722,-26.2428,-22.3267,25.5823,12.7182
2007-03-02,9.7231,15.7269,-25.8356,-22.2382,25.5333,12.6957
2007-03-03,9.8671,15.7050,-25.4795,-21.6865,25.5331,12.7568
2007-03-04,9.9729,15.7489,-24.7978,-21.0228,25.6055,12.8319
2007-03-05,10.0230,15.8166,-23.7803,-20.9276,25.6501,12.8907
2007-03-06,10.1212,15.7678,-23.3009,-21.4840,25.6625,12.9150
2007-03-07,10.3116,15.7080,-22.9772,-21.9180,25.6647,12.9806
2007-03-08,10.4638,15.6474,-22.5571,-22.1261,25.6597,13.0266
2007-03-09,10.6131,15.5976,-22.1394,-22.4562,25.6755,13.0762
2007-03-10,10.7766,15.5652,-21.5006,-22.7731,25.7089,13.1417
2007-03-11,10.8540,15.5326,-20.8128,-22.8591,25.6384,13.1643
2007-03-12,11.0768,15.5135,-20.1429,-22.9975,25.6873,13.2665
2007-03-13,11.3341,15.4932,-20.2517,-23.1790,25.7405,13.3850
2007-03-14,11.4098,15.4630,-20.3695,-23.2315,25.7301,13.4080
2007-03-15,11.3418,15.4187,-19.9845,-23.5653,25.6850,13.3516
2007-03-16,11.2653,15.4098,-19.8266,-23.5135,25.6533,13.3089
2007-03-17,11.3340,15.3882,-19.9527,-23.1112,25.6230,13.3328
2007-03-18,11.5850,15.3913,-19.5375,-22.5255,25.6289,13.4600
2007-03-19,11.6604,15.3900,-19.3203,-22.6873,25.6311,13.4975
2007-03-20,11.8997,15.4348,-18.6231,-22.6285,25.7230,13.6401
2007-03-21,12.2140,15.4558,-18.3009,-22.9508,25.8332,13.8083
2007-03-22,12.4059,15.4045,-18.5563,-23.6237,25.8791,13.8783
2007-03-23,12.5279,15.2234,-18.4618,-24.6222,25.8928,13.8489
2007-03-24,12.6717,14.9972,-18.2026,-25.4739,25.8761,13.8075
2007-03-25,12.8020,14.9186,-17.6947,-26.2221,25.8989,13.8336
2007-03-26,12.8571,14.9104,-17.0384,-26.7236,25.9133,13.8571
2007-03-27,12.9684,14.8728,-16.7933,-26.9988,25.9357,13.8936
2007-03-28,13.0935,14.8479,-16.7076,-26.6612,25.9242,13.9438
2007-03-29,13.1743,14.8212,-17.0279,-26.1874,25.9389,13.9708
2007-03-30,13.2062,14.8494,-17.1054,-25.8668,25.9932,14.0010
2007-03-31,13.2843,14.7840,-16.5977,-26.4088,25.9937,14.0073
2007-04-01,13.2895,14.8514,-15.9389,-26.3494,26.0489,14.0438
2007-04-02,13.3112,14.9445,-15.2572,-26.2077,26.0732,14.1013
2007-04-03,13.3387,14.8840,-14.6621,-26.4772,26.0460,14.0851
2007-04-04,13.4360,14.7869,-14.5839,-27.2603,26.0246,14.0852
2007-04-05,13.6761,14.7052,-13.9862,-27.7752,26.0676,14.1644
2007-04-06,13.8639,14.6258,-13.4018,-27.9690,26.0879,14.2182
2007-04-07,13.9473,14.5949,-12.7556,-27.8919,26.0629,14.2447
2007-04-08,14.0560,14.5341,-12.1309,-27.9103,26.0474,14.2686
2007-04-09,14.2702,14.4323,-11.7043,-28.6744,26.0772,14.3249
2007-04-10,14.4214,14.3824,-11.3319,-29.0021,26.0729,14.3755
2007-04-11,14.5088,14.3551,-11.0570,-28.7888,26.0086,14.4057
2007-04-12,14.5040,14.3349,-11.2061,-28.5330,25.9288,14.3935
2007-04-13,14.5177,14.2743,-11.2604,-28.8816,25.8866,14.3700
2007-04-14,14.6086,14.2971,-11.3039,-28.9663,25.9062,14.4267
2007-04-15,14.7122,14.2045,-11.4517,-29.4301,25.9088,14.4323
2007-04-16,14.8507,14.1499,-11.2970,-29.3669,25.9463,14.4742
2007-04-17,15.0260,14.1917,-11.0243,-28.7184,25.9777,14.5833
2007-04-18,15.2273,14.2104,-10.3917,-28.0036,25.9950,14.6934
2007-04-19,15.3158,14.1939,-10.1442,-28.0890,26.0042,14.7295
2007-04-20,15.4328,14.1424,-10.0200,-28.2615,26.0488,14.7626
2007-04-21,15.5294,14.2099,-9.9038,-27.4767,26.0908,14.8445
2007-04-22,15.6079,14.2023,-10.0524,-27.3078,26.1276,14.8800
2007-04-23,15.6815,14.1457,-9.9194,-27.7282,26.1355,14.8887
2007-04-24,15.7520,14.0725,-9.4670,-27.8962,26.0972,14.8876
2007-04-25,15.7757,13.9523,-9.2665,-27.9107,26.0179,14.8390
2007-04-26,15.8249,13.8502,-9.5711,-28.2629,25.9883,14.8125
2007-04-27,15.9240,13.7155,-9.8206,-28.6127,25.9533,14.7947
2007-04-28,16.1169,13.6272,-9.5917,-28.5212,25.9703,14.8471
2007-04-29,16.2759,13.7134,-9.4176,-27.4398,25.9996,14.9700
2007-04-30,16.3677,13.8953,-9.1084,-26.0245,26.0111,15.1070
2007-05-01,16.4622,14.0614,-8.9673,-24.5133,26.0488,15.2376
2007-05-02,16.4967,14.0906,-9.0917,-24.3295,26.0705,15.2695
2007-05-03,16.5364,14.0381,-9.2998,-24.8897,26.0974,15.2631
2007-05-04,16.5449,13.9603,-9.2895,-25.4127,26.0851,15.2287
2007-05-05,16.5852,13.8827,-9.2370,-25.9761,26.0287,15.2103
2007-05-06,16.6853,13.8428,-8.9628,-25.9362,26.0147,15.2402
2007-05-07,16.7289,13.7595,-8.8732,-26.0390,26.0546,15.2203
2007-05-08,16.8152,13.5885,-8.6470,-26.7043,26.0193,15.1773
2007-05-09,16.9360,13.4537,-8.2219,-27.2548,25.9735,15.1703
2007-05-10,16.9867,13.4320,-7.7520,-27.3617,25.9208,15.1856
2007-05-11,17.0254,13.3695,-7.6063,-28.4922,25.9276,15.1735
2007-05-12,17.1461,13.2277,-7.3854,-29.9717,25.9473,15.1629
2007-05-13,17.2953,13.1455,-7.0158,-31.0417,25.9641,15.1963
2007-05-14,17.3740,13.1072,-6.6158,-31.2001,25.9601,15.2166
2007-05-15,17.3483,13.1319,-6.3043,-30.6284,25.9741,15.2162
2007-05-16,17.3250,13.1313,-6.0586,-30.1814,25.9532,15.2039
2007-05-17,17.4322,13.0164,-5.8319,-30.1882,25.9096,15.2000
2007-05-18,17.5990,12.9397,-5.2002,-30.2012,25.8749,15.2452
2007-05-19,17.7318,12.8915,-4.7174,-30.2916,25.8911,15.2875
2007-05-20,17.9038,12.8586,-4.2970,-30.1284,25.9333,15.3574
2007-05-21,18.0237,12.7957,-4.0559,-30.2821,25.9466,15.3860
2007-05-22,18.1153,12.7186,-3.9435,-29.4595,25.8791,15.3928
2007-05-23,18.2010,12.6704,-3.6287,-28.6941,25.7706,15.4120
2007-05-24,18.3187,12.6919,-3.1763,-27.9133,25.7113,15.4819
2007-05-25,18.4907,12.7737,-2.8038,-26.9341,25.6611,15.6095
2007-05-26,18.6286,12.7752,-2.7924,-27.0511,25.6665,15.6794
2007-05-27,18.7327,12.7314,-2.8097,-27.1773,25.6953,15.7097
2007-05-28,18.7801,12.6448,-2.3916,-27.7800,25.7495,15.6901
2007-05-29,18.8260,12.4583,-1.8203,-28.1477,25.6853,15.6196
2007-05-30,18.9034,12.3260,-1.3190,-28.4331,25.6385,15.5922
2007-05-31,19.0048,12.3755,-1.3128,-28.7496,25.6552,15.6674
2007-06-01,19.0254,12.3911,-0.9206,-29.4402,25.6822,15.6859
2007-06-02,19.0781,12.3502,-0.3605,-29.8423,25.6728,15.6916
2007-06-03,19.1083,12.2660,0.0741,-30.4637,25.6199,15.6648
2007-06-04,19.1668,12.2503,0.2718,-30.3482,25.6060,15.6860
2007-06-05,19.2602,12.2703,0.6549,-29.6433,25.6076,15.7431
2007-06-06,19.3115,12.2525,1.1636,-28.9533,25.5535,15.7598
2007-06-07,19.3885,12.2342,1.1794,-27.8671,25.5107,15.7895
2007-06-08,19.5206,12.2584,1.0538,-27.0232,25.5116,15.8678
2007-06-09,19.6420,12.2318,1.1556,-27.1698,25.4978,15.9155
2007-06-10,19.7250,12.2704,1.2913,-26.3972,25.5227,15.9766
2007-06-11,19.8125,12.2650,1.6534,-26.2961,25.5347,16.0175
2007-06-12,19.9116,12.1995,1.9052,-27.1817,25.5462,16.0342
2007-06-13,20.0412,12.0807,2.1395,-28.3706,25.5500,16.0398
2007-06-14,20.1026,11.9537,2.1954,-29.4556,25.5209,16.0070
2007-06-15,20.1605,11.8311,2.2008,-30.3731,25.5236,15.9743
2007-06-16,20.2251,11.7090,2.3455,-30.8491,25.5156,15.9456
2007-06-17,20.2128,11.6736,2.4726,-30.6561,25.4498,15.9215
2007-06-18,20.2761,11.6437,2.6751,-30.2503,25.4542,15.9385
2007-06-19,20.3984,11.5625,2.7980,-29.8556,25.4077,15.9590
2007-06-20,20.4979,11.5531,2.8577,-29.2781,25.3467,16.0041
2007-06-21,20.5980,11.5970,3.1573,-28.8283,25.3664,16.0759
2007-06-22,20.6305,11.6117,3.4734,-29.5190,25.3097,16.0996
2007-06-23,20.6226,11.6328,3.4655,-29.5415,25.2953,16.1062
2007-06-24,20.6906,11.6020,3.4658,-29.0716,25.3037,16.1251
2007-06-25,20.7825,11.5820,3.6199,-28.3245,25.2096,16.1612
2007-06-26,20.8477,11.5096,3.8583,-28.9282,25.1644,16.1580
2007-06-27,20.8864,11.3791,4.2933,-29.7893,25.0815,16.1121
2007-06-28,20.9328,11.2788,4.4481,-30.8827,25.0382,16.0854
2007-06-29,21.0117,11.2440,4.4590,-31.9060,25.0654,16.1069
2007-06-30,21.0692,11.2008,4.4045,-32.0473,25.0993,16.1141
2007-07-01,21.1264,11.1763,4.3391,-32.1987,25.1400,16.1307
2007-07-02,21.1499,11.1750,4.2097,-32.2278,25.1467,16.1421
2007-07-03,21.2024,11.3122,4.2299,-30.8279,25.1075,16.2371
2007-07-04,21.2744,11.4826,4.3188,-29.4377,25.0763,16.3586
2007-07-05,21.3507,11.5693,4.3909,-29.1990,25.1041,16.4404
2007-07-06,21.4259,11.5189,4.5307,-29.3772,25.1410,16.4527
2007-07-07,21.4582,11.4040,4.6166,-29.5563,25.1303,16.4116
2007-07-08,21.4340,11.2815,4.6035,-30.1257,25.0998,16.3382
2007-07-09,21.3737,11.1416,4.6724,-30.8104,25.0488,16.2376
2007-07-10,21.3622,11.0156,4.9135,-31.6325,24.9730,16.1690
2007-07-11,21.3961,10.9107,4.7443,-32.4151,24.9534,16.1334
2007-07-12,21.3588,10.8707,4.6859,-32.7895,24.9551,16.0947
2007-07-13,21.3409,10.9188,4.7220,-32.2680,24.9843,16.1101
2007-07-14,21.3517,10.9842,4.6636,-31.4616,24.9982,16.1483
2007-07-15,21.3924,11.0061,4.5849,-30.4689,24.9854,16.1798
2007-07-16,21.4146,11.0021,4.6073,-30.4319,24.9752,16.1891
2007-07-17,21.4141,11.1101,4.6200,-29.9128,24.9987,16.2431
2007-07-18,21.4077,11.1014,4.5702,-30.2639,24.9563,16.2355
2007-07-19,21.4140,10.9853,4.7139,-31.3778,24.8997,16.1804
2007-07-20,21.3809,10.9520,4.8483,-31.7458,24.9015,16.1473
2007-07-21,21.4026,10.8770,4.8065,-32.2434,24.9340,16.1203
2007-07-22,21.4435,10.9156,4.6150,-32.0849,24.9527,16.1603
2007-07-23,21.5444,10.9647,4.6254,-31.0775,24.9433,16.2352
2007-07-24,21.5941,11.0251,4.8074,-30.1912,24.9372,16.2908
2007-07-25,21.6398,11.0484,4.7303,-30.4038,24.9284,16.3250
2007-07-26,21.6643,10.9518,4.6657,-31.1838,24.8475,16.2889
2007-07-27,21.6909,10.8872,4.7165,-31.5081,24.8447,16.2703
2007-07-28,21.7096,10.7665,4.5939,-32.0031,24.8546,16.2189
2007-07-29,21.7301,10.7934,4.7182,-32.2727,24.8698,16.2426
2007-07-30,21.7039,10.8815,4.8938,-32.3829,24.8483,16.2735
2007-07-31,21.6772,10.9282,4.6507,-32.2794,24.8478,16.2835
2007-08-01,21.6496,11.0507,4.1304,-31.2517,24.8780,16.3313
2007-08-02,21.6653,11.0374,3.8917,-31.3660,24.9225,16.3325
2007-08-03,21.6537,10.8740,3.9340,-31.6687,24.9240,16.2448
2007-08-04,21.6050,10.8863,4.0126,-31.0807,24.8846,16.2265
2007-08-05,21.5442,10.9494,3.9509,-30.7390,24.8156,16.2277
2007-08-06,21.5515,11.0059,3.9398,-31.0453,24.8230,16.2594
2007-08-07,21.5957,10.8592,3.8377,-31.9520,24.8243,16.2084
2007-08-08,21.5898,10.8083,4.1075,-32.7518,24.8292,16.1800
2007-08-09,21.5387,10.9124,4.0614,-33.0080,24.8442,16.2064
2007-08-10,21.4697,10.9051,3.9392,-33.3183,24.8379,16.1685
2007-08-11,21.4252,10.8599,3.9983,-32.9468,24.8562,16.1238
2007-08-12,21.3770,10.8717,4.1100,-32.8498,24.8758,16.1055
2007-08-13,21.3974,10.9610,4.2712,-32.9454,24.9508,16.1601
2007-08-14,21.3997,11.0323,4.2942,-32.6265,24.9810,16.1972
2007-08-15,21.4308,10.9439,4.2707,-33.6346,24.9830,16.1688
2007-08-16,21.4690,10.8142,4.0516,-33.8154,24.9543,16.1224
2007-08-17,21.4332,10.7052,3.9761,-33.6880,24.9019,16.0498
2007-08-18,21.3705,10.6239,3.7773,-33.4564,24.8343,15.9776
2007-08-19,21.3541,10.6708,3.5950,-33.1658,24.7915,15.9932
2007-08-20,21.3355,10.6785,3.3388,-33.5640,24.7876,15.9880
2007-08-21,21.2766,10.7451,3.1074,-33.1526,24.7674,15.9917
2007-08-22,21.2133,10.8879,3.0095,-32.3073,24.8520,16.0315
2007-08-23,21.1336,10.9402,2.9875,-32.1584,24.8916,16.0176
2007-08-24,21.0823,10.9471,2.8552,-32.1272,24.8715,15.9955
2007-08-25,21.0467,10.9534,2.8627,-32.1603,24.8985,15.9807
2007-08-26,21.0406,11.0005,2.9214,-32.4145,24.8916,16.0013
2007-08-27,20.9994,10.9662,2.8592,-32.6467,24.8430,15.9633
2007-08-28,20.9578,10.9257,2.8794,-32.7264,24.8209,15.9220
2007-08-29,20.9338,10.9501,2.6150,-32.7905,24.8759,15.9226
2007-08-30,20.9216,10.9464,2.4474,-33.4057,24.9291,15.9142
2007-08-31,20.8667,10.8925,2.1734,-33.7499,24.9549,15.8599
2007-09-01,20.6334,10.9251,1.8808,-33.9134,24.8654,15.7592
2007-09-02,20.7338,10.9942,1.7476,-34.1676,25.0638,15.8438
2007-09-03,20.6938,11.0417,1.3968,-33.5132,25.1128,15.8477
2007-09-04,20.6028,11.0755,1.1732,-33.2483,25.0775,15.8191
2007-09-05,20.4336,11.0210,0.9937,-33.2885,25.0247,15.7069
2007-09-06,20.3079,11.0242,0.7401,-32.9715,25.0232,15.6456
2007-09-07,20.2549,11.1175,0.7337,-32.2668,25.0711,15.6660
2007-09-08,20.1263,11.1627,0.5332,-31.8812,25.0664,15.6241
2007-09-09,19.9759,11.1979,0.3252,-31.2979,25.0122,15.5666
2007-09-10,19.8911,11.1421,0.1329,-31.9666,25.0294,15.4962
2007-09-11,19.8126,10.9896,0.0099,-33.1659,25.0550,15.3803
2007-09-12,19.7189,10.9389,-0.2346,-34.2350,25.0895,15.3077
2007-09-13,19.5992,10.9891,-0.4264,-34.2108,25.0921,15.2730
2007-09-14,19.5130,11.0748,-0.7273,-32.9640,25.1121,15.2724
2007-09-15,19.4396,11.1550,-0.9209,-32.1467,25.1301,15.2757
2007-09-16,19.3952,11.2366,-1.1141,-31.9414,25.1836,15.2944
2007-09-17,19.4173,11.2806,-1.0303,-31.4033,25.2525,15.3275
2007-09-18,19.3590,11.2828,-0.9559,-31.6684,25.2532,15.2994
2007-09-19,19.2056,11.2898,-1.1388,-31.3418,25.2086,15.2261
2007-09-20,19.1192,11.3358,-1.3416,-30.9899,25.1792,15.2059
2007-09-21,19.1132,11.4174,-1.2907,-31.3175,25.2055,15.2435
2007-09-22,18.9933,11.4872,-1.4099,-30.9765,25.2704,15.2186
2007-09-23,18.9072,11.5262,-1.6949,-29.9474,25.2981,15.1946
2007-09-24,18.8214,11.5212,-1.9892,-29.0016,25.2709,15.1492
2007-09-25,18.7064,11.4797,-2.1394,-29.1548,25.1576,15.0710
2007-09-26,18.6843,11.4469,-2.0098,-29.9535,25.0674,15.0436
2007-09-27,18.6399,11.4312,-2.0711,-31.1483,25.0343,15.0139
2007-09-28,18.5379,11.5213,-2.4781,-31.7174,25.0931,15.0078
2007-09-29,18.4107,11.5819,-2.8476,-32.4557,25.1202,14.9748
2007-09-30,18.2815,11.6303,-3.5512,-32.7510,25.0930,14.9342
2007-10-01,18.2185,11.6393,-3.9929,-33.0555,25.1135,14.9072
2007-10-02,18.1836,11.6699,-4.2165,-32.4628,25.1535,14.9049
2007-10-03,18.0940,11.7170,-4.3426,-31.5536,25.1888,14.8834
2007-10-04,18.0030,11.8313,-4.3511,-30.8679,25.2075,14.8950
2007-10-05,17.8700,11.9228,-4.5681,-30.1771,25.1822,14.8744
2007-10-06,17.7400,11.8928,-4.7615,-30.3244,25.1471,14.7942
2007-10-07,17.5341,11.8733,-4.8125,-30.6526,25.0945,14.6814
2007-10-08,17.3824,11.9217,-5.2024,-30.4156,25.0618,14.6296
2007-10-09,17.2625,12.0550,-5.4313,-29.5383,25.0529,14.6366
2007-10-10,17.1284,12.1434,-5.6934,-28.8595,25.1057,14.6132
2007-10-11,16.9562,12.1512,-5.7536,-28.4922,25.1220,14.5309
2007-10-12,16.8622,12.1642,-5.8443,-27.4562,25.1307,14.4900
2007-10-13,16.7869,12.1454,-6.0124,-27.1480,25.0539,14.4431
2007-10-14,16.7277,12.1748,-6.2572,-27.2331,25.0084,14.4285
2007-10-15,16.6730,12.2234,-6.4155,-27.5487,25.0447,14.4254
2007-10-16,16.5825,12.2776,-6.7451,-27.7637,25.0636,14.4073
2007-10-17,16.4847,12.3514,-6.9270,-27.5959,25.0908,14.3947
2007-10-18,16.3945,12.3773,-7.1946,-27.5256,25.1224,14.3625
2007-10-19,16.2833,12.4288,-7.5319,-27.2929,25.0566,14.3329
2007-10-20,16.1373,12.5375,-8.3181,-27.0072,24.9979,14.3142
2007-10-21,15.9811,12.6014,-8.7419,-26.1867,25.0030,14.2682
2007-10-22,15.8444,12.5777,-8.9875,-25.6439,25.0483,14.1876
2007-10-23,15.7902,12.5550,-8.7927,-25.5344,25.0696,14.1491
2007-10-24,15.7725,12.6046,-8.8947,-25.5346,25.0928,14.1648
2007-10-25,15.7044,12.6771,-9.0423,-25.4431,25.1056,14.1667
2007-10-26,15.5351,12.8018,-9.0413,-24.9722,25.0842,14.1443
2007-10-27,15.3787,12.9182,-9.4127,-24.1834,25.1071,14.1245
2007-10-28,15.2548,12.9625,-9.9962,-23.5653,25.1380,14.0845
2007-10-29,15.1120,13.0535,-10.6362,-23.0688,25.1683,14.0586
2007-10-30,15.0257,13.1667,-11.3951,-22.8448,25.1529,14.0717
2007-10-31,14.9247,13.1744,-12.0299,-22.9751,25.1334,14.0255
2007-11-01,14.7800,13.1872,-12.8218,-22.8161,25.1321,13.9593
2007-11-02,14.6037,13.1731,-13.7352,-22.6561,25.0767,13.8640
2007-11-03,14.4688,13.2290,-14.1995,-22.5259,25.0547,13.8244
2007-11-04,14.3929,13.2234,-14.7201,-22.0505,25.0019,13.7837
2007-11-05,14.2124,13.2686,-14.7845,-21.0543,24.9746,13.7159
2007-11-06,13.9642,13.4408,-14.7947,-19.5358,24.9638,13.6775
2007-11-07,13.8065,13.6079,-14.8236,-18.4115,24.9516,13.6826
2007-11-08,13.6406,13.7482,-14.7554,-17.7731,24.9820,13.6695
2007-11-09,13.4765,13.8034,-14.8334,-18.0057,25.0373,13.6150
2007-11-10,13.3350,13.8364,-15.5355,-18.5384,25.0865,13.5604
2007-11-11,13.1975,13.8148,-15.9707,-18.3248,25.0471,13.4810
2007-11-12,12.9456,13.8744,-16.1686,-17.9485,25.0005,13.3843
2007-11-13,12.8525,13.9562,-16.7939,-17.9411,24.9759,13.3787
2007-11-14,12.7432,13.9151,-17.5159,-18.4403,24.9921,13.3036
2007-11-15,12.6043,13.8639,-17.8456,-18.8311,24.9845,13.2085
2007-11-16,12.5140,13.9388,-17.6918,-18.7663,25.0034,13.2006
2007-11-17,12.4667,14.0329,-17.1008,-18.7216,25.0724,13.2239
2007-11-18,12.3664,14.1114,-15.9731,-18.7390,25.1114,13.2126
2007-11-19,12.3432,14.1867,-15.6237,-18.6182,25.1204,13.2390
2007-11-20,12.2708,14.1956,-15.7569,-18.4029,25.1140,13.2072
2007-11-21,12.2133,14.2092,-15.8589,-18.1714,25.0895,13.1853
2007-11-22,11.9562,14.2274,-16.2899,-18.2066,24.9940,13.0654
2007-11-23,11.7746,14.2355,-17.0449,-18.2498,24.9199,12.9785
2007-11-24,11.7490,14.2642,-17.4598,-18.2449,24.8945,12.9801
2007-11-25,11.6649,14.3613,-17.6263,-18.0080,24.8793,12.9863
2007-11-26,11.6075,14.4095,-17.3617,-17.6631,24.8703,12.9814
2007-11-27,11.4488,14.4600,-17.6471,-17.4682,24.8552,12.9279
2007-11-28,11.3206,14.4980,-17.7579,-17.1211,24.7820,12.8824
2007-11-29,11.2624,14.5239,-17.4267,-17.0213,24.7743,12.8664
2007-11-30,11.2524,14.6008,-16.2940,-16.9776,24.8309,12.9003
2007-12-01,11.2306,14.6346,-15.2847,-17.1149,24.8613,12.9062
2007-12-02,11.1665,14.6215,-14.7822,-17.2519,24.9029,12.8676
2007-12-03,11.0724,14.6190,-14.6947,-17.1559,24.8684,12.8190
2007-12-04,11.0876,14.6213,-14.9433,-17.0713,24.8120,12.8277
2007-12-05,11.1275,14.6244,-15.4256,-17.0118,24.7197,12.8489
2007-12-06,11.1861,14.6706,-15.3116,-16.7312,24.7078,12.9018
2007-12-07,11.0961,14.7477,-15.2215,-16.2786,24.6865,12.8956
2007-12-08,10.9150,14.8629,-15.6002,-15.6078,24.6959,12.8628
2007-12-09,10.7261,14.9114,-16.7363,-15.0650,24.6836,12.7926
2007-12-10,10.6535,14.9334,-17.4262,-14.5364,24.6899,12.7667
2007-12-11,10.6336,14.9610,-17.4298,-14.2206,24.7330,12.7708
2007-12-12,10.5475,15.0807,-17.6891,-13.8191,24.7716,12.7878
2007-12-13,10.2942,15.2009,-17.8028,-13.3566,24.7624,12.7209
2007-12-14,9.9506,15.2331,-18.4354,-12.9204,24.7053,12.5648
2007-12-15,9.7897,15.2342,-19.1778,-12.9801,24.7053,12.4848
2007-12-16,9.6786,15.2549,-19.8484,-13.0835,24.7099,12.4393
2007-12-17,9.5467,15.2971,-20.7648,-13.2508,24.7170,12.3942
2007-12-18,9.6017,15.3213,-21.7600,-13.2895,24.7116,12.4340
2007-12-19,9.6623,15.3570,-22.0782,-13.1918,24.6537,12.4823
2007-12-20,9.6493,15.4101,-22.4200,-12.8106,24.6366,12.5021
2007-12-21,9.5684,15.4886,-22.7016,-12.5330,24.6671,12.5010
2007-12-22,9.4661,15.4524,-23.1115,-12.6151,24.6258,12.4318
2007-12-23,9.3166,15.4612,-23.0579,-12.7409,24.5839,12.3608
2007-12-24,9.2365,15.4722,-22.9052,-12.8423,24.5520,12.3262
2007-12-25,9.1569,15.5223,-22.6361,-13.0809,24.5561,12.3113
2007-12-26,9.1490,15.6060,-22.2587,-13.1164,24.6514,12.3491
2007-12-27,9.0290,15.6248,-22.1026,-13.1813,24.6355,12.2986
2007-12-28,8.9842,15.7233,-22.2282,-13.1298,24.6782,12.3255
2007-12-29,8.9368,15.7743,-22.6636,-13.1987,24.6850,12.3274
2007-12-30,8.8630,15.7879,-22.8528,-13.3502,24.6651,12.2969
2007-12-31,8.8102,15.7658,-22.7178,-13.5406,24.6271,12.2597
2008-01-01,8.6383,15.7895,-22.7068,-13.6390,24.6149,12.1858
2008-01-02,8.4436,15.8477,-22.5398,-13.6030,24.6143,12.1171
2008-01-03,8.3005,15.8810,-22.5358,-13.3688,24.5731,12.0619
2008-01-04,8.4287,15.8746,-22.4908,-13.2500,24.5863,12.1231
2008-01-05,8.6941,15.9401,-22.7996,-13.2951,24.6148,12.2892
2008-01-06,8.8354,15.9773,-23.1536,-13.1991,24.6558,12.3787
2008-01-07,8.7769,16.0054,-22.9797,-13.1135,24.6287,12.3631
2008-01-08,8.6520,15.9810,-22.9922,-13.1072,24.5897,12.2886
2008-01-09,8.5096,16.0016,-22.9238,-12.9355,24.5963,12.2276
2008-01-10,8.4861,16.0341,-22.7661,-12.6917,24.6579,12.2315
2008-01-11,8.4187,15.9800,-22.5925,-12.5421,24.7099,12.1710
2008-01-12,8.2360,16.0039,-22.7115,-12.7408,24.6635,12.0913
2008-01-13,8.0945,16.0172,-23.2280,-12.7689,24.6125,12.0271
2008-01-14,8.0073,16.0684,-23.6406,-12.8393,24.5684,12.0092
2008-01-15,8.0020,16.1139,-23.8298,-12.9570,24.4791,12.0294
2008-01-16,7.9534,16.1070,-23.6589,-13.1686,24.4628,12.0015
2008-01-17,7.9929,16.0688,-23.1823,-13.3676,24.4913,12.0019
2008-01-18,8.0735,16.0091,-22.3434,-13.7379,24.4918,12.0125
2008-01-19,8.0669,16.0312,-21.7047,-14.1105,24.5489,12.0204
2008-01-20,8.0196,16.0408,-20.3625,-14.1834,24.5715,12.0012
2008-01-21,7.9637,16.0340,-19.9701,-14.1167,24.5753,11.9703
2008-01-22,8.0379,16.0348,-20.4509,-14.3984,24.5833,12.0075
2008-01-23,8.0684,16.0513,-20.7079,-14.7842,24.5582,12.0313
2008-01-24,8.0425,16.0766,-21.3719,-15.1062,24.5728,12.0307
2008-01-25,8.0381,16.1041,-22.2438,-15.2257,24.5921,12.0423
2008-01-26,8.1658,16.0636,-23.0400,-15.2314,24.6096,12.0858
2008-01-27,8.2880,16.0804,-23.2169,-15.1264,24.6027,12.1554
2008-01-28,8.3224,16.1182,-23.0590,-15.1549,24.5931,12.1913
2008-01-29,8.2418,16.1337,-23.1359,-15.6413,24.6170,12.1585
2008-01-30,8.1984,16.1152,-23.1265,-16.1204,24.6373,12.1272
2008-01-31,8.1569,16.0871,-22.5154,-16.4906,24.6205,12.0924
2008-02-01,8.1289,16.1042,-21.8346,-16.8277,24.6421,12.0870
2008-02-02,8.2608,16.0341,-21.7035,-17.1399,24.6470,12.1179
2008-02-03,8.4770,15.9778,-21.9984,-17.4195,24.7234,12.1979
2008-02-04,8.6469,15.9664,-22.2643,-17.7634,24.8036,12.2776
2008-02-05,8.6574,15.9537,-22.2952,-18.1227,24.8586,12.2764
2008-02-06,8.5633,15.9491,-22.5388,-17.9430,24.8130,12.2273
2008-02-07,8.4543,15.8608,-22.8375,-18.2340,24.7619,12.1286
2008-02-08,8.4239,15.7544,-22.7834,-18.7544,24.7461,12.0603
2008-02-09,8.4573,15.7258,-21.9377,-18.7917,24.7653,12.0623
2008-02-10,8.4760,15.7255,-22.2296,-18.5313,24.7793,12.0715
2008-02-11,8.4339,15.7130,-23.2638,-18.7724,24.7553,12.0445
2008-02-12,8.4005,15.7125,-23.8531,-19.0867,24.7528,12.0274
2008-02-13,8.4506,15.7688,-24.3314,-19.4438,24.8012,12.0808
2008-02-14,8.6556,15.8359,-23.7496,-19.5761,24.8217,12.2170
2008-02-15,8.8021,15.8772,-23.3187,-19.4334,24.7988,12.3108
2008-02-16,8.8680,15.9100,-23.3707,-19.1797,24.8148,12.3603
2008-02-17,9.0057,15.8883,-22.9907,-19.2853,24.8880,12.4184
2008-02-18,9.0984,15.8736,-22.5546,-19.7309,24.9132,12.4575
2008-02-19,9.1564,15.8350,-22.0483,-19.8722,24.8489,12.4672
2008-02-20,9.2203,15.8657,-21.9459,-19.2644,24.7761,12.5149
2008-02-21,9.3385,15.9197,-21.5599,-18.6072,24.7803,12.6012
2008-02-22,9.6295,15.8763,-21.0463,-18.7108,24.9289,12.7247
2008-02-23,9.7819,15.7802,-21.1813,-19.3120,25.0034,12.7529
2008-02-24,9.9649,15.7294,-21.7925,-19.7667,25.0571,12.8192
2008-02-25,10.0868,15.6928,-22.0468,-20.0711,25.0159,12.8624
2008-02-26,10.1049,15.6934,-22.1458,-20.1501,24.9969,12.8715
2008-02-27,10.1350,15.7382,-22.4253,-20.5192,24.9829,12.9091
2008-02-28,10.2545,15.6643,-22.6149,-21.1672,24.9885,12.9315
2008-02-29,10.4300,15.5637,-22.8069,-21.6452,25.0150,12.9693
2008-03-01,10.5840,15.5662,-23.3456,-21.3769,25.1009,13.0475
2008-03-02,10.7290,15.6160,-23.3615,-21.1547,25.1886,13.1451
2008-03-03,10.7602,15.6729,-23.4145,-20.8079,25.2280,13.1890
2008-03-04,10.7944,15.7565,-23.2313,-20.5664,25.2380,13.2479
2008-03-05,10.7233,15.6967,-22.5367,-21.2198,25.2064,13.1827
2008-03-06,10.8068,15.6171,-22.1639,-21.5697,25.2292,13.1844
2008-03-07,10.9091,15.6014,-22.2837,-21.9399,25.2264,13.2280
2008-03-08,11.0062,15.5809,-22.7542,-22.2794,25.2235,13.2664
2008-03-09,11.0599,15.4613,-22.7090,-22.9525,25.2526,13.2338
2008-03-10,11.2561,15.4023,-22.0335,-23.2712,25.3510,13.3022
2008-03-11,11.4707,15.3836,-21.4719,-23.3788,25.3669,13.4004
2008-03-12,11.5203,15.3346,-21.5405,-23.8370,25.3519,13.4007
2008-03-13,11.5390,15.3062,-21.6777,-24.3069,25.3556,13.3961
2008-03-14,11.5335,15.2182,-22.1432,-25.0010,25.3503,13.3491
2008-03-15,11.5091,15.1583,-22.5115,-25.6652,25.3559,13.3065
2008-03-16,11.5172,15.1063,-22.5752,-26.2009,25.3931,13.2842
2008-03-17,11.5847,15.0283,-22.5899,-26.5091,25.4069,13.2792
2008-03-18,11.6653,14.9622,-22.7739,-26.4267,25.4293,13.2862
2008-03-19,11.7516,14.9934,-22.6381,-26.0220,25.4524,13.3450
2008-03-20,11.8024,15.0642,-21.8846,-25.3897,25.5099,13.4058
2008-03-21,11.9469,15.0767,-21.2453,-24.4236,25.5047,13.4847
2008-03-22,12.1401,15.0308,-20.4823,-24.5647,25.5299,13.5583
2008-03-23,12.2320,15.0500,-19.5052,-24.1643,25.5576,13.6139
2008-03-24,12.3338,15.0829,-18.5785,-23.7801,25.6039,13.6815
2008-03-25,12.5351,15.0370,-17.9054,-24.3246,25.6604,13.7591
2008-03-26,12.7247,14.9166,-17.7520,-24.7343,25.6586,13.7944
2008-03-27,12.8348,14.7877,-17.1851,-25.0442,25.5961,13.7847
2008-03-28,12.8638,14.6696,-16.5237,-25.4520,25.5881,13.7399
2008-03-29,13.0289,14.5994,-16.0816,-25.8763,25.6343,13.7874
2008-03-30,13.0768,14.5655,-16.2027,-26.2628,25.5910,13.7941
2008-03-31,13.0939,14.5227,-16.7076,-26.2474,25.5249,13.7816
2008-04-01,13.1641,14.4543,-16.9016,-26.7391,25.4925,13.7827
2008-04-02,13.2381,14.4353,-16.8971,-26.6959,25.5412,13.8099
2008-04-03,13.3298,14.3370,-17.0205,-27.2394,25.5358,13.8067
2008-04-04,13.4029,14.3105,-16.6475,-27.7142,25.4961,13.8301
2008-04-05,13.4692,14.3527,-16.0388,-27.5972,25.5055,13.8847
2008-04-06,13.6347,14.3598,-15.5188,-27.2362,25.5710,13.9708
2008-04-07,13.6938,14.4757,-15.7023,-26.4119,25.6362,14.0582
2008-04-08,13.6337,14.5744,-16.2158,-25.2568,25.6249,14.0779
2008-04-09,13.7187,14.5591,-16.2465,-24.7794,25.5847,14.1128
2008-04-10,13.8156,14.4681,-16.1928,-25.2656,25.5443,14.1160
2008-04-11,13.9346,14.4112,-16.1082,-25.3807,25.5951,14.1473
2008-04-12,13.9826,14.3113,-16.5197,-25.7114,25.6234,14.1213
2008-04-13,14.0561,14.2095,-16.5718,-26.3476,25.6338,14.1067
2008-04-14,14.0468,14.0808,-16.3145,-27.0800,25.6003,14.0377
2008-04-15,14.1257,13.9829,-15.6491,-27.9825,25.5792,14.0284
2008-04-16,14.3498,13.8869,-14.9718,-29.4900,25.6649,14.0924
2008-04-17,14.5484,13.7863,-14.2596,-30.4519,25.7552,14.1414
2008-04-18,14.6736,13.7345,-13.5475,-30.5982,25.7746,14.1783
2008-04-19,14.8012,13.6144,-12.7889,-31.4205,25.8057,14.1819
2008-04-20,14.9112,13.5558,-12.4860,-31.4354,25.8549,14.2075
2008-04-21,14.9958,13.6053,-11.9667,-30.5013,25.8738,14.2744
2008-04-22,15.1578,13.6698,-11.2911,-29.5667,25.8421,14.3879
2008-04-23,15.2937,13.7305,-10.9833,-28.9923,25.8147,14.4864
2008-04-24,15.3497,13.8640,-10.7658,-27.0501,25.7724,14.5817
2008-04-25,15.3998,14.0429,-10.5305,-24.7350,25.7190,14.6967
2008-04-26,15.5016,14.0102,-10.0502,-24.5848,25.6961,14.7311
2008-04-27,15.6335,13.9504,-9.7153,-25.1609,25.7506,14.7674
2008-04-28,15.7071,13.9554,-9.4388,-25.4678,25.8118,14.8062
2008-04-29,15.8051,13.8648,-9.2254,-25.5394,25.8111,14.8098
2008-04-30,15.9141,13.7547,-8.9352,-25.0535,25.7346,14.8090
2008-05-01,16.0567,13.5971,-8.7569,-26.1149,25.7202,14.8020
2008-05-02,16.0943,13.4768,-8.5769,-27.0119,25.6562,14.7607
2008-05-03,16.1726,13.4413,-8.4948,-27.2718,25.6109,14.7823
2008-05-04,16.3123,13.4403,-8.4593,-27.2958,25.6183,14.8520
2008-05-05,16.4780,13.3966,-8.1226,-27.7135,25.6286,14.9134
2008-05-06,16.6110,13.3849,-7.8596,-28.2729,25.7334,14.9737
2008-05-07,16.6957,13.3507,-7.6192,-28.8929,25.8183,14.9992
2008-05-08,16.7280,13.2806,-7.2665,-29.1940,25.8356,14.9802
2008-05-09,16.7917,13.2218,-6.7586,-29.2963,25.7645,14.9823
2008-05-10,16.9355,13.2046,-6.3514,-29.1863,25.7460,15.0457
2008-05-11,17.0527,13.1480,-6.0935,-29.3131,25.7278,15.0766
2008-05-12,17.2077,12.9766,-5.8073,-30.4105,25.7000,15.0680
2008-05-13,17.3681,12.8440,-5.2515,-31.2648,25.6746,15.0818
2008-05-14,17.4901,12.7897,-5.0159,-31.2835,25.7009,15.1158
2008-05-15,17.6121,12.7962,-4.8344,-30.8572,25.7197,15.1799
2008-05-16,17.6984,12.7733,-4.6486,-30.7996,25.7024,15.2120
2008-05-17,17.7843,12.6779,-4.4385,-31.3456,25.6527,15.2073
2008-05-18,17.8439,12.6763,-4.3261,-30.8100,25.6032,15.2368
2008-05-19,17.8682,12.7043,-4.0507,-30.6333,25.5722,15.2625
2008-05-20,17.9316,12.6204,-3.8679,-31.1267,25.5823,15.2526
2008-05-21,17.9766,12.6289,-3.5715,-30.9988,25.6071,15.2795
2008-05-22,18.0326,12.6043,-2.9620,-31.1253,25.5740,15.2953
2008-05-23,18.1258,12.6207,-2.2929,-31.2162,25.5407,15.3505
2008-05-24,18.2636,12.5467,-1.8522,-31.5170,25.5092,15.3825
2008-05-25,18.3530,12.5044,-1.4546,-31.3183,25.4580,15.4062
2008-05-26,18.3290,12.5082,-1.2970,-31.0964,25.4696,15.3958
2008-05-27,18.4026,12.4112,-1.0035,-31.1849,25.4527,15.3842
2008-05-28,18.5066,12.2942,-0.8546,-31.6670,25.4438,15.3780
2008-05-29,18.6224,12.1503,-0.7376,-32.4948,25.4012,15.3638
2008-05-30,18.8174,12.0013,-0.7060,-32.6315,25.3315,15.3866
2008-05-31,18.9609,11.9570,-0.7389,-31.5637,25.2672,15.4365
2008-06-01,19.0881,11.9399,-0.6424,-31.1303,25.2465,15.4917
2008-06-02,19.1557,11.9202,-0.7906,-31.5253,25.2852,15.5161
2008-06-03,19.2019,11.9505,-0.8987,-31.3148,25.3658,15.5540
2008-06-04,19.2158,11.9525,-0.6808,-31.6359,25.4273,15.5620
2008-06-05,19.2461,11.9701,-0.5058,-31.2977,25.4586,15.5862
2008-06-06,19.3150,12.0776,-0.3242,-29.6191,25.4362,15.6745
2008-06-07,19.3684,12.1386,-0.0673,-28.2872,25.3518,15.7319
2008-06-08,19.4053,12.0919,0.3763,-28.8332,25.3250,15.7269
2008-06-09,19.4350,12.0491,0.7885,-29.6148,25.3230,15.7202
2008-06-10,19.5715,11.9236,0.8136,-30.6590,25.3080,15.7258
2008-06-11,19.6719,11.8504,1.2696,-31.4568,25.3218,15.7393
2008-06-12,19.7166,11.8158,1.3836,-31.6912,25.3112,15.7442
2008-06-13,19.8416,11.7884,1.8647,-31.7469,25.3063,15.7935
2008-06-14,19.9912,11.7348,2.1575,-32.4025,25.2980,15.8409
2008-06-15,20.0536,11.6004,1.9935,-33.2946,25.2626,15.8053
2008-06-16,20.0887,11.4069,2.0496,-34.2976,25.2074,15.7257
2008-06-17,20.1698,11.3661,2.1737,-34.5133,25.1923,15.7465
2008-06-18,20.2447,11.3339,2.5114,-34.5917,25.1953,15.7680
2008-06-19,20.3457,11.2539,2.5761,-35.0096,25.1995,15.7784
2008-06-20,20.4541,11.1284,2.5842,-35.4207,25.1967,15.7699
2008-06-21,20.5729,11.0496,2.7257,-35.3193,25.0900,15.7900
2008-06-22,20.6578,10.9460,2.6575,-35.4108,25.0828,15.7803
2008-06-23,20.6867,10.9076,2.8696,-35.2708,25.0984,15.7760
2008-06-24,20.7103,10.9020,3.1228,-35.1199,25.0585,15.7846
2008-06-25,20.7575,11.0295,3.5057,-33.6016,25.0124,15.8726
2008-06-26,20.8119,11.3391,3.7689,-31.1549,25.0225,16.0551
2008-06-27,20.8745,11.5004,4.0200,-30.6533,25.0039,16.1674
2008-06-28,20.9120,11.4535,3.8933,-31.5353,24.9991,16.1623
2008-06-29,20.9528,11.2841,3.7063,-33.3729,25.0192,16.0981
2008-06-30,20.9758,11.1497,3.4763,-34.4961,25.0765,16.0419
2008-07-01,20.9374,11.0170,3.2354,-35.6679,25.0706,15.9560
2008-07-02,20.9145,10.9557,3.2966,-36.1854,25.0460,15.9137
2008-07-03,20.9826,10.9341,3.6479,-36.0286,25.0494,15.9372
2008-07-04,20.9940,10.9675,3.9591,-35.6237,25.0264,15.9601
2008-07-05,21.0130,11.0829,3.9611,-34.8273,25.0193,16.0273
2008-07-06,21.0804,11.1458,3.8986,-33.6922,25.0507,16.0923
2008-07-07,21.1140,11.1344,4.1155,-33.4268,25.0307,16.1037
2008-07-08,21.1059,11.0680,4.2777,-33.7597,24.9119,16.0666
2008-07-09,21.1536,10.9676,4.4145,-34.5577,24.8346,16.0403
2008-07-10,21.2104,10.9700,4.5265,-33.8341,24.8023,16.0704
2008-07-11,21.2861,11.0777,4.4277,-31.9145,24.8609,16.1625
2008-07-12,21.3271,11.1977,4.3419,-31.5007,24.9438,16.2427
2008-07-13,21.3642,11.2298,4.3455,-31.4304,24.9932,16.2769
2008-07-14,21.3939,11.1747,4.3153,-31.6713,24.9686,16.2645
2008-07-15,21.4495,11.0807,4.4038,-32.3118,24.8956,16.2454
2008-07-16,21.5184,10.9862,4.4523,-32.6451,24.8946,16.2320
2008-07-17,21.5560,11.0310,4.6939,-32.0872,24.8857,16.2736
2008-07-18,21.5789,11.0595,4.5251,-31.5340,24.8955,16.2994
2008-07-19,21.6192,10.9899,4.3248,-32.0884,24.8965,16.2848
2008-07-20,21.6417,10.9303,4.1243,-31.6782,24.9037,16.2664
2008-07-21,21.6262,10.8870,4.0590,-31.3758,24.9187,16.2364
2008-07-22,21.6086,10.8226,3.8876,-31.5155,24.9047,16.1954
2008-07-23,21.6157,10.8322,3.9193,-31.6511,24.8781,16.2041
2008-07-24,21.6744,10.8177,4.0064,-32.1330,24.8618,16.2259
2008-07-25,21.7537,10.9086,4.2764,-31.2812,24.8571,16.3114
2008-07-26,21.7760,11.0454,4.3226,-30.2165,24.8583,16.3911
2008-07-27,21.7402,11.1823,4.1106,-29.5991,24.9192,16.4418
2008-07-28,21.7061,11.2056,4.0525,-29.5172,24.9501,16.4365
2008-07-29,21.6437,11.1896,4.0276,-30.2067,24.9300,16.3972
2008-07-30,21.6256,11.2225,4.1195,-30.4395,24.9119,16.4044
2008-07-31,21.6319,11.2169,4.0023,-30.6508,24.9003,16.4046
2008-08-01,21.6110,11.1022,4.0001,-31.4753,24.9710,16.3370
2008-08-02,21.6186,11.0401,4.2188,-31.9937,25.0080,16.3099
2008-08-03,21.5630,11.0159,4.2411,-32.0189,25.0177,16.2697
2008-08-04,21.5574,10.8986,4.3541,-32.7090,24.9905,16.2082
2008-08-05,21.5492,10.8935,4.1862,-32.9078,24.9786,16.2014
2008-08-06,21.5245,10.8914,4.0222,-33.3555,24.9375,16.1883
2008-08-07,21.5243,10.8885,4.0400,-33.4501,24.9352,16.1867
2008-08-08,21.5104,10.7833,4.1112,-33.5137,24.9327,16.1265
2008-08-09,21.4706,10.6811,4.1509,-33.7742,24.9690,16.0557
2008-08-10,21.4532,10.6250,4.1877,-34.5308,24.9914,16.0184
2008-08-11,21.4906,10.5691,4.2494,-34.9612,24.9964,16.0093
2008-08-12,21.5361,10.5521,4.1683,-34.7253,24.9658,16.0231
2008-08-13,21.5489,10.6276,3.9486,-34.0437,24.9652,16.0677
2008-08-14,21.5809,10.7950,3.8313,-33.2998,25.0105,16.1678
2008-08-15,21.5289,10.9919,3.5062,-32.4324,25.0187,16.2407
2008-08-16,21.4238,11.0553,3.2124,-32.4374,24.9942,16.2194
2008-08-17,21.3780,10.8451,3.2050,-33.7551,24.9629,16.0913
2008-08-18,21.3652,10.6918,3.0750,-34.4233,24.9014,16.0084
2008-08-19,21.3165,10.6827,3.0080,-34.7798,24.9130,15.9792
2008-08-20,21.1890,10.7953,3.0161,-35.1172,24.9437,15.9721
2008-08-21,21.1630,10.8357,2.9319,-35.2847,24.9770,15.9794
2008-08-22,21.1567,10.7519,2.6941,-35.2593,24.9905,15.9341
2008-08-23,21.1045,10.7551,2.5954,-34.7228,24.9877,15.9094
2008-08-24,21.0433,10.8052,2.5833,-34.1833,24.9939,15.9035
2008-08-25,20.9641,10.9021,2.5224,-34.5559,25.0787,15.9127
2008-08-26,20.8702,10.9518,2.4383,-35.1541,25.1191,15.8905
2008-08-27,20.8071,10.9821,2.1688,-35.4096,25.1433,15.8743
2008-08-28,20.7792,10.8393,1.9332,-35.7544,25.1470,15.7885
2008-08-29,20.7733,10.7259,1.9546,-35.3405,25.1438,15.7292
2008-08-30,20.7326,10.7466,1.8300,-34.7456,25.1562,15.7189
2008-08-31,20.6311,10.7761,1.6697,-33.9510,25.1388,15.6828
2008-09-01,20.5797,10.9828,1.7290,-32.3592,25.1925,15.7600
2008-09-02,20.5351,11.1977,1.8103,-31.1050,25.2437,15.8452
2008-09-03,20.4112,11.2942,1.3079,-30.0069,25.2337,15.8320
2008-09-04,20.3042,11.3307,1.2328,-29.8770,25.1771,15.7965
2008-09-05,20.2599,11.2782,1.1005,-29.8001,25.1537,15.7477
2008-09-06,20.2071,11.2385,1.1593,-30.7007,25.1527,15.7017
2008-09-07,20.1869,11.2603,1.1010,-31.2070,25.1575,15.7026
2008-09-08,20.1105,11.3731,0.8522,-30.6202,25.1992,15.7209
2008-09-09,19.9951,11.4755,0.6782,-30.5617,25.2833,15.7142
2008-09-10,19.9528,11.5340,0.2112,-30.7242,25.3530,15.7222
2008-09-11,19.9304,11.5256,-0.0778,-30.8984,25.3670,15.7066
2008-09-12,19.8424,11.4351,-0.3432,-31.0839,25.2946,15.6172
2008-09-13,19.7861,11.3274,-0.4216,-31.2678,25.2313,15.5350
2008-09-14,19.6558,11.2181,-0.5174,-31.9658,25.1941,15.4151
2008-09-15,19.5047,11.2299,-0.5815,-32.6377,25.2331,15.3451
2008-09-16,19.3416,11.2043,-0.5809,-33.0211,25.2292,15.2506
2008-09-17,19.2279,11.2425,-0.6780,-33.1242,25.2388,15.2128
2008-09-18,19.1826,11.3851,-0.8028,-32.5673,25.2961,15.2618
2008-09-19,19.1650,11.4121,-0.9769,-31.6118,25.3429,15.2662
2008-09-20,19.1301,11.4121,-1.1231,-30.8183,25.3072,15.2483
2008-09-21,18.9910,11.5293,-1.4759,-30.0963,25.2405,15.2375
2008-09-22,18.8652,11.4906,-1.8766,-30.7254,25.2371,15.1554
2008-09-23,18.7299,11.5677,-2.2710,-30.7543,25.2793,15.1259
2008-09-24,18.6276,11.6269,-2.6895,-30.4193,25.3080,15.1043
2008-09-25,18.6373,11.6530,-3.0635,-30.7862,25.3094,15.1224
2008-09-26,18.5475,11.7261,-3.4014,-31.4241,25.3227,15.1141
2008-09-27,18.4091,11.8372,-3.5138,-31.5520,25.3821,15.1002
2008-09-28,18.3316,11.8360,-3.7943,-31.2539,25.4390,15.0607
2008-09-29,18.2439,11.8729,-4.2357,-30.3075,25.4546,15.0352
2008-09-30,18.1676,11.9253,-4.7289,-30.0195,25.4846,15.0233
2008-10-01,18.1572,12.0241,-4.9216,-30.1024,25.4957,15.0675
2008-10-02,18.1118,12.0390,-5.1310,-30.2810,25.4574,15.0526
2008-10-03,18.0239,11.9412,-5.2626,-30.5801,25.3990,14.9596
2008-10-04,17.9023,11.9280,-5.4833,-30.4772,25.4088,14.8916
2008-10-05,17.8049,12.0290,-6.0475,-29.9471,25.3989,14.8937
2008-10-06,17.7238,12.0764,-6.2721,-29.0970,25.3697,14.8767
2008-10-07,17.5760,12.0131,-6.1271,-29.2598,25.3250,14.7712
2008-10-08,17.4809,11.9781,-6.0002,-29.8187,25.3082,14.7064
2008-10-09,17.3619,12.0190,-5.9774,-30.2017,25.3338,14.6670
2008-10-10,17.2162,12.1607,-6.4620,-30.1058,25.3429,14.6651
2008-10-11,17.0825,12.3480,-6.5344,-29.0485,25.3396,14.6916
2008-10-12,16.9463,12.4305,-6.9412,-28.3163,25.3316,14.6649
2008-10-13,16.8794,12.4668,-7.3961,-28.3424,25.3696,14.6496
2008-10-14,16.8148,12.5220,-8.1832,-28.3416,25.4222,14.6449
2008-10-15,16.7624,12.5456,-8.9317,-28.4181,25.4871,14.6301
2008-10-16,16.6787,12.5297,-9.4455,-28.2050,25.5057,14.5799
2008-10-17,16.5204,12.6066,-10.0624,-27.4177,25.5194,14.5392
2008-10-18,16.3458,12.6458,-10.5581,-26.8744,25.4974,14.4711
2008-10-19,16.1428,12.6591,-10.8059,-26.8382,25.4718,14.3763
2008-10-20,16.0360,12.6729,-10.5607,-26.7776,25.4146,14.3295
2008-10-21,15.8913,12.6655,-10.1167,-26.6676,25.3914,14.2533
2008-10-22,15.6200,12.7127,-10.0392,-26.4425,25.4126,14.1412
2008-10-23,15.4906,12.7591,-10.0678,-26.3855,25.3980,14.0998
2008-10-24,15.4664,12.7992,-9.8568,-26.2739,25.3692,14.1074
2008-10-25,15.5053,12.8056,-10.1321,-26.3900,25.3895,14.1300
2008-10-26,15.4117,12.7937,-10.7581,-26.6898,25.3918,14.0773
2008-10-27,15.2479,12.8761,-10.9739,-26.6264,25.3921,14.0366
2008-10-28,15.0677,13.0172,-11.1410,-25.9703,25.4177,14.0166
2008-10-29,14.9860,13.0468,-11.9998,-25.6824,25.4087,13.9904
2008-10-30,14.9701,13.0655,-12.2968,-24.9083,25.3349,13.9918
2008-10-31,14.9043,13.1624,-12.2326,-24.2555,25.3268,14.0073
2008-11-01,14.8340,13.2534,-12.7345,-23.6682,25.3547,14.0186
2008-11-02,14.7078,13.3161,-13.1859,-23.0829,25.3418,13.9867
2008-11-03,14.4837,13.5386,-13.5711,-21.0281,25.3219,13.9862
2008-11-04,14.3692,13.6356,-13.7893,-20.2953,25.2963,13.9771
2008-11-05,14.2608,13.7078,-13.7497,-20.2518,25.2734,13.9591
2008-11-06,14.0475,13.7341,-13.5920,-20.4681,25.2632,13.8652
2008-11-07,13.8541,13.6316,-13.7867,-21.0761,25.2386,13.7169
2008-11-08,13.7013,13.6255,-13.6499,-20.8704,25.1742,13.6374
2008-11-09,13.5836,13.7396,-14.2403,-20.4535,25.1319,13.6356
2008-11-10,13.4401,13.8225,-15.2005,-20.3839,25.0871,13.6056
2008-11-11,13.2360,13.8879,-15.8811,-20.4144,25.1254,13.5359
2008-11-12,13.1574,13.8839,-16.1752,-20.6538,25.1640,13.4940
2008-11-13,13.0706,13.8847,-16.3840,-20.5434,25.1364,13.4509
2008-11-14,12.9171,13.9219,-16.5888,-20.0482,25.1484,13.3926
2008-11-15,12.7644,13.9849,-16.8066,-19.3488,25.2185,13.3480
2008-11-16,12.5924,13.9681,-16.9630,-19.1091,25.2028,13.2529
2008-11-17,12.4063,13.9445,-17.5458,-18.9074,25.1663,13.1481
2008-11-18,12.2573,13.9223,-17.7657,-19.1751,25.1187,13.0625
2008-11-19,12.1186,13.9827,-18.2940,-19.3536,25.0946,13.0231
2008-11-20,12.1065,14.0256,-18.4561,-19.3335,25.0958,13.0382
2008-11-21,12.1378,14.0464,-17.6344,-19.3078,25.1161,13.0642
2008-11-22,12.1194,14.0638,-17.1250,-19.3531,25.1490,13.0637
2008-11-23,12.1013,14.2032,-17.5931,-19.0432,25.1696,13.1249
2008-11-24,12.0877,14.3567,-18.1778,-18.4383,25.1941,13.1947
2008-11-25,12.0591,14.4273,-18.6816,-17.9473,25.1604,13.2161
2008-11-26,11.9893,14.4820,-19.2154,-17.7393,25.1665,13.2083
2008-11-27,11.9233,14.5560,-19.6228,-17.4055,25.1668,13.2121
2008-11-28,11.8360,14.5565,-20.0176,-17.0831,25.1449,13.1684
2008-11-29,11.7429,14.5573,-20.2402,-16.7386,25.1055,13.1225
2008-11-30,11.6728,14.6681,-19.8709,-16.3172,25.0957,13.1431
2008-12-01,11.4893,14.7414,-19.4333,-15.9404,25.0655,13.0880
2008-12-02,11.3117,14.7998,-19.5508,-15.5200,25.0250,13.0288
2008-12-03,10.9858,14.8581,-19.8692,-15.0538,24.9676,12.8947
2008-12-04,10.7131,14.8850,-20.0377,-15.0432,24.9191,12.7712
2008-12-05,10.5483,14.9653,-20.8740,-15.0414,24.8654,12.7290
2008-12-06,10.5807,15.0185,-21.3013,-15.0371,24.8784,12.7715
2008-12-07,10.5794,15.0885,-21.0985,-14.8409,24.8939,12.8061
2008-12-08,10.4718,15.1549,-20.9927,-14.7533,24.8901,12.7856
2008-12-09,10.3558,15.1740,-20.6292,-14.7266,24.9541,12.7369
2008-12-10,10.2424,15.1075,-19.8637,-14.7371,24.9497,12.6469
2008-12-11,10.2062,15.0881,-20.2143,-14.7378,24.8882,12.6190
2008-12-12,10.1897,15.1532,-20.3011,-14.5003,24.8929,12.6436
2008-12-13,10.0636,15.2203,-19.6857,-14.3624,24.8884,12.6140
2008-12-14,9.8529,15.2963,-19.4564,-14.4059,24.8943,12.5463
2008-12-15,9.7517,15.3078,-19.6933,-14.7029,24.9086,12.5015
2008-12-16,9.7676,15.3338,-19.9430,-14.8938,24.8682,12.5222
2008-12-17,9.6200,15.3836,-19.3474,-14.7138,24.8744,12.4732
2008-12-18,9.4093,15.4900,-19.1067,-13.9872,24.8121,12.4210
2008-12-19,9.3606,15.5613,-18.4323,-13.4997,24.7995,12.4324
2008-12-20,9.3448,15.5971,-18.0995,-13.2776,24.8239,12.4423
2008-12-21,9.2384,15.6316,-18.3920,-13.2696,24.8680,12.4060
2008-12-22,9.1067,15.6331,-19.3911,-13.0890,24.7653,12.3411
2008-12-23,9.1180,15.6709,-19.4540,-12.6509,24.7038,12.3662
2008-12-24,9.1842,15.7315,-19.1655,-12.1984,24.6970,12.4297
2008-12-25,9.2002,15.8196,-19.1464,-12.0462,24.7154,12.4816
2008-12-26,9.1771,15.8263,-19.7651,-11.9387,24.6938,12.4738
2008-12-27,9.3293,15.8527,-19.5203,-11.8871,24.7553,12.5629
2008-12-28,9.5313,15.9048,-19.5499,-11.8815,24.8776,12.6900
2008-12-29,9.5813,15.9240,-20.1315,-11.7557,24.8901,12.7249
2008-12-30,9.4434,15.9692,-20.4494,-11.7144,24.9150,12.6785
2008-12-31,9.3246,15.9948,-19.7870,-11.7112,24.9051,12.6320
2009-01-01,9.2412,15.9626,-19.1458,-11.7582,24.8294,12.5741
2009-01-02,9.0959,15.9611,-19.1762,-11.7850,24.7297,12.5002
2009-01-03,8.9214,16.0120,-19.8561,-11.8201,24.6680,12.4384
2009-01-04,8.7797,16.1093,-20.2972,-11.8102,24.7148,12.4158
2009-01-05,8.7217,16.1983,-20.8424,-11.8129,24.7817,12.4317
2009-01-06,8.7268,16.2480,-21.3966,-11.8218,24.8526,12.4589
2009-01-07,8.6864,16.2292,-21.4458,-12.1677,24.8964,12.4292
2009-01-08,8.6439,16.2299,-22.0522,-12.4256,24.9205,12.4086
2009-01-09,8.5731,16.2177,-22.3461,-12.5893,24.9293,12.3667
2009-01-10,8.4404,16.2170,-22.9956,-12.8758,24.9398,12.3000
2009-01-11,8.3877,16.2153,-23.3913,-13.1083,24.9341,12.2730
2009-01-12,8.4570,16.2357,-23.1382,-13.2127,24.9253,12.3176
2009-01-13,8.4978,16.2796,-22.6663,-13.2452,24.9029,12.3601
2009-01-14,8.5225,16.2806,-22.0533,-13.3811,24.8554,12.3729
2009-01-15,8.6592,16.2113,-21.0625,-13.5482,24.8466,12.4067
2009-01-16,8.8168,16.1829,-20.4333,-13.7264,24.8269,12.4714
2009-01-17,9.0956,16.1794,-20.0393,-13.6136,24.7816,12.6095
2009-01-18,9.2648,16.1926,-19.6479,-13.3118,24.8168,12.7007
2009-01-19,9.3139,16.1660,-19.8202,-13.2906,24.7530,12.7124
2009-01-20,9.2014,16.1801,-20.2064,-13.5513,24.7521,12.6627
2009-01-21,9.0880,16.1719,-20.2262,-13.8618,24.7506,12.6019
2009-01-22,9.0401,16.2107,-19.6644,-13.5430,24.7495,12.5970
2009-01-23,8.7845,16.2681,-19.6319,-13.6727,24.7268,12.4979
2009-01-24,8.7507,16.2824,-20.0730,-13.9622,24.7197,12.4879
2009-01-25,8.8403,16.2624,-20.5654,-14.1250,24.7798,12.5226
2009-01-26,8.8581,16.2426,-20.6542,-14.3435,24.8616,12.5219
2009-01-27,8.9393,16.2532,-20.4682,-14.2448,24.8891,12.5678
2009-01-28,9.0372,16.2541,-20.4886,-14.2143,24.9765,12.6173
2009-01-29,9.0184,16.3245,-20.7576,-13.7050,24.9999,12.6431
2009-01-30,8.9343,16.4428,-21.1805,-13.1963,25.0186,12.6602
2009-01-31,8.8282,16.4646,-22.3914,-13.5942,25.0205,12.6182
2009-02-01,8.7618,16.4525,-23.2901,-13.9442,25.0045,12.5787
2009-02-02,8.7426,16.4287,-24.3800,-14.3082,25.0401,12.5572
2009-02-03,8.7913,16.4125,-25.0173,-14.8071,25.0848,12.5736
2009-02-04,8.9853,16.3833,-24.7744,-14.9520,25.1130,12.6562
2009-02-05,9.1276,16.4585,-24.9925,-14.5497,25.1567,12.7650
2009-02-06,9.2830,16.5113,-25.1480,-14.5236,25.2076,12.8689
2009-02-07,9.2934,16.4356,-25.3487,-15.0490,25.2073,12.8358
2009-02-08,9.2411,16.3498,-25.4617,-15.9168,25.1753,12.7667
2009-02-09,9.2706,16.2281,-25.2561,-16.7489,25.1925,12.7208
2009-02-10,9.3804,16.1215,-24.9921,-17.3171,25.2186,12.7222
2009-02-11,9.3920,16.0659,-24.8718,-17.5318,25.1486,12.7000
2009-02-12,9.2967,16.0431,-24.6645,-17.7154,25.0951,12.6412
2009-02-13,9.2557,15.9895,-24.7338,-18.0459,25.0983,12.5936
2009-02-14,9.2258,15.9736,-24.1757,-18.6108,25.1013,12.5709
2009-02-15,9.1408,15.9771,-23.5686,-19.1943,25.1459,12.5303
2009-02-16,9.1127,15.9385,-22.9121,-19.6088,25.2060,12.4966
2009-02-17,9.1428,15.9371,-23.0002,-19.8340,25.2381,12.5107
2009-02-18,9.2207,15.8966,-23.4882,-20.3523,25.2894,12.5295
2009-02-19,9.2845,15.9410,-23.0070,-20.0461,25.3034,12.5842
2009-02-20,9.4053,16.0790,-22.5342,-19.0571,25.3662,12.7138
2009-02-21,9.5172,16.0702,-23.0680,-18.6704,25.4137,12.7650
2009-02-22,9.5471,16.0124,-22.6570,-18.9916,25.4382,12.7512
2009-02-23,9.5641,15.9959,-22.2171,-19.4293,25.4154,12.7513
2009-02-24,9.7039,15.9448,-22.3026,-19.9806,25.4123,12.7959
2009-02-25,9.8266,15.9488,-22.3160,-20.4223,25.4340,12.8594
2009-02-26,9.8755,15.9596,-22.5778,-20.4797,25.5091,12.8890
2009-02-27,9.9047,15.9027,-22.4716,-20.9701,25.4573,12.8747
2009-02-28,9.8645,15.8890,-22.0999,-20.9603,25.3917,12.8480
2009-03-01,9.7670,15.8300,-22.6954,-21.5095,25.3895,12.7697
2009-03-02,9.9055,15.7467,-23.2580,-21.9146,25.4042,12.7971
2009-03-03,10.1467,15.7017,-23.3918,-21.6228,25.4405,12.8954
2009-03-04,10.3202,15.6834,-23.8250,-21.2745,25.4664,12.9736
2009-03-05,10.4649,15.6404,-23.9215,-21.5869,25.5290,13.0242
2009-03-06,10.5259,15.6466,-23.5877,-22.1097,25.5903,13.0580
2009-03-07,10.6676,15.6578,-23.2766,-22.2460,25.6008,13.1346
2009-03-08,10.7123,15.6607,-23.3748,-21.7630,25.6190,13.1585
2009-03-09,10.6390,15.6249,-23.1308,-21.7941,25.5538,13.1040
2009-03-10,10.4947,15.6042,-22.8599,-21.9379,25.4773,13.0207
2009-03-11,10.4250,15.5845,-22.8108,-22.4690,25.5026,12.9761
2009-03-12,10.4641,15.5450,-23.2085,-22.8692,25.5306,12.9758
2009-03-13,10.5448,15.5259,-23.7166,-23.3372,25.5358,13.0068
2009-03-14,10.7294,15.4280,-23.6013,-24.0585,25.5273,13.0503
2009-03-15,10.9817,15.2829,-22.8085,-24.6795,25.5199,13.1046
2009-03-16,11.2334,15.2746,-22.2240,-24.7368,25.5833,13.2263
2009-03-17,11.4097,15.2733,-21.8591,-24.9124,25.6408,13.3136
2009-03-18,11.5038,15.2760,-20.9989,-25.0631,25.6794,13.3622
2009-03-19,11.5976,15.3133,-20.5877,-24.7313,25.6927,13.4284
2009-03-20,11.6821,15.3769,-20.3413,-24.2256,25.7335,13.5025
2009-03-21,11.7567,15.4156,-20.0610,-23.8385,25.8240,13.5588
2009-03-22,11.8412,15.3811,-19.9038,-24.0796,25.8847,13.5836
2009-03-23,11.8179,15.3110,-19.8327,-24.5629,25.8584,13.5366
2009-03-24,11.9174,15.2146,-19.7883,-25.2036,25.7517,13.5382
2009-03-25,12.0137,15.1752,-19.5927,-25.3421,25.6656,13.5670
2009-03-26,12.1211,15.1025,-19.4678,-25.6558,25.6439,13.5843
2009-03-27,12.2815,15.0768,-18.8418,-26.0030,25.7023,13.6516
2009-03-28,12.4388,15.0771,-18.2329,-26.6833,25.7862,13.7307
2009-03-29,12.5603,14.9893,-17.8166,-27.5865,25.7550,13.7472
2009-03-30,12.6506,14.8831,-17.5876,-28.0043,25.7548,13.7396
2009-03-31,12.8383,14.8176,-17.6280,-28.1103,25.7966,13.8006
2009-04-01,13.0066,14.7057,-18.1437,-28.2378,25.7998,13.8285
2009-04-02,13.1328,14.7192,-18.6438,-27.9412,25.8169,13.8994
2009-04-03,13.2040,14.6844,-18.8275,-28.2185,25.8621,13.9167
2009-04-04,13.2344,14.6260,-18.7451,-28.3193,25.9126,13.9033
2009-04-05,13.3598,14.6085,-18.5264,-27.8458,25.9531,13.9568
2009-04-06,13.5119,14.6733,-18.4350,-27.3182,25.9693,14.0655
2009-04-07,13.5983,14.5796,-18.0324,-27.9784,25.9558,14.0622
2009-04-08,13.6862,14.4451,-17.5354,-28.8902,25.9144,14.0388
2009-04-09,13.7682,14.3635,-17.1465,-29.5381,25.9402,14.0384
2009-04-10,13.7937,14.3022,-16.9041,-30.3238,25.9593,14.0208
2009-04-11,13.8402,14.2652,-16.5378,-30.3578,25.9441,14.0254
2009-04-12,13.9026,14.2887,-16.4393,-29.7344,25.9557,14.0688
2009-04-13,14.0586,14.3059,-15.8513,-28.8498,25.9964,14.1555
2009-04-14,14.2009,14.2875,-15.4844,-29.0109,26.0705,14.2174
2009-04-15,14.3278,14.2084,-15.2767,-29.6795,26.0903,14.2417
2009-04-16,14.5139,14.1354,-14.5306,-30.2358,26.0482,14.2985
2009-04-17,14.6328,14.1287,-14.0766,-30.3867,26.0860,14.3545
2009-04-18,14.7510,14.0869,-13.5594,-30.1599,26.0787,14.3925
2009-04-19,14.8899,14.0364,-13.2333,-29.6338,26.1075,14.4368
2009-04-20,15.0626,13.9641,-12.5277,-29.7007,26.1696,14.4871
2009-04-21,15.1457,13.9712,-11.9550,-29.4198,26.1581,14.5326
2009-04-22,15.2316,13.9286,-11.7229,-29.9144,26.1168,14.5537
2009-04-23,15.3245,13.8222,-11.1740,-30.5733,26.0760,14.5473
2009-04-24,15.4220,13.7182,-10.6413,-30.8698,26.0821,14.5437
2009-04-25,15.5185,13.6807,-10.5184,-31.2972,26.0644,14.5733
2009-04-26,15.5730,13.6306,-10.4891,-31.5431,26.0153,14.5759
2009-04-27,15.6201,13.6786,-10.2896,-30.1536,26.0068,14.6233
2009-04-28,15.7866,13.7915,-9.8625,-28.6827,26.0505,14.7635
2009-04-29,16.0217,13.8445,-9.2892,-27.5684,26.0750,14.9075
2009-04-30,16.1658,13.9084,-8.6016,-25.7459,26.0873,15.0119
2009-05-01,16.2561,13.9850,-8.1154,-25.1256,26.0999,15.0956
2009-05-02,16.3663,13.9421,-7.9052,-25.4208,26.0723,15.1291
2009-05-03,16.4388,13.8650,-8.0924,-26.2996,26.0350,15.1268
2009-05-04,16.4513,13.8099,-7.9711,-27.2009,25.9566,15.1052
2009-05-05,16.6157,13.7009,-7.7525,-28.2737,25.9784,15.1333
2009-05-06,16.7025,13.5506,-7.6297,-29.1284,25.9550,15.1016
2009-05-07,16.7615,13.4764,-7.6322,-28.5254,25.9228,15.0944
2009-05-08,16.7641,13.4411,-7.6497,-27.8771,25.8951,15.0777
2009-05-09,16.7669,13.3883,-7.5574,-28.3073,25.8497,15.0526
2009-05-10,16.8017,13.2489,-7.7071,-29.5113,25.7850,15.0007
2009-05-11,16.8960,13.1294,-7.4771,-30.4359,25.7591,14.9879
2009-05-12,16.9649,13.0455,-7.1101,-30.2577,25.7757,14.9806
2009-05-13,17.0193,12.9683,-6.7595,-30.9891,25.8184,14.9687
2009-05-14,17.0764,12.8906,-6.3718,-31.4713,25.8537,14.9587
2009-05-15,17.0908,12.8912,-6.2558,-31.3788,25.8332,14.9661
2009-05-16,17.1717,12.8668,-5.8364,-31.3968,25.8263,14.9941
2009-05-17,17.3441,12.8659,-5.2984,-31.4426,25.8749,15.0804
2009-05-18,17.5106,12.9092,-4.6999,-30.7616,25.9238,15.1854
2009-05-19,17.7498,12.9507,-4.1667,-29.7286,25.9669,15.3260
2009-05-20,17.8329,12.9507,-3.7423,-30.1307,25.9243,15.3678
2009-05-21,17.8975,12.8947,-3.4103,-30.2880,25.8591,15.3721
2009-05-22,18.0427,12.8297,-3.2188,-30.5868,25.8328,15.4122
2009-05-23,18.1316,12.7674,-3.2415,-31.2852,25.8684,15.4251
2009-05-24,18.1973,12.7854,-3.1195,-30.7544,25.9527,15.4673
2009-05-25,18.2957,12.8766,-2.7440,-29.1877,25.9914,15.5619
2009-05-26,18.3770,12.9391,-2.3765,-27.6484,25.9966,15.6341
2009-05-27,18.4178,12.8164,-1.8914,-27.6386,25.9458,15.5937
2009-05-28,18.5372,12.7173,-1.4902,-27.7298,25.9067,15.6038
2009-05-29,18.6778,12.6687,-1.1498,-27.5443,25.8497,15.6497
2009-05-30,18.8230,12.6710,-0.8722,-27.2701,25.8303,15.7235
2009-05-31,18.9879,12.6642,-0.6059,-27.7077,25.8503,15.8030
2009-06-01,19.0869,12.5551,-0.4215,-28.3273,25.8314,15.7979
2009-06-02,19.1999,12.4020,-0.1993,-29.2781,25.8163,15.7780
2009-06-03,19.3185,12.2417,0.2038,-30.1453,25.7670,15.7570
2009-06-04,19.3819,12.2780,0.3270,-29.6696,25.7603,15.8073
2009-06-05,19.3848,12.2768,0.3119,-30.2451,25.7975,15.8079
2009-06-06,19.3603,12.1336,0.4765,-31.7845,25.7949,15.7239
2009-06-07,19.4588,11.8728,0.6652,-33.4452,25.7406,15.6427
2009-06-08,19.6049,11.7408,0.7763,-34.4213,25.7060,15.6501
2009-06-09,19.7656,11.6880,0.9592,-34.8032,25.6689,15.7044
2009-06-10,19.8550,11.6514,1.0379,-34.9209,25.6371,15.7306
2009-06-11,19.9357,11.6493,1.2317,-34.4687,25.5974,15.7698
2009-06-12,20.0486,11.6942,1.3519,-33.5035,25.5810,15.8489
2009-06-13,20.1188,11.8823,1.1945,-31.6919,25.5883,15.9784
2009-06-14,20.1304,11.9151,1.2581,-31.5787,25.6209,16.0007
2009-06-15,20.1300,11.8862,1.4517,-31.8029,25.5967,15.9863
2009-06-16,20.1233,11.8378,1.4329,-31.1049,25.5689,15.9584
2009-06-17,20.1647,11.8073,1.4208,-30.5497,25.5555,15.9637
2009-06-18,20.1761,11.8368,1.6448,-30.1055,25.5461,15.9844
2009-06-19,20.2252,11.9833,1.5740,-29.2956,25.5721,16.0823
2009-06-20,20.3049,11.9443,1.7597,-29.8747,25.5603,16.1025
2009-06-21,20.4634,11.8863,2.1655,-30.7087,25.5637,16.1532
2009-06-22,20.6038,11.7622,2.5372,-31.7439,25.5420,16.1616
2009-06-23,20.7491,11.6855,2.6682,-31.8299,25.5503,16.1958
2009-06-24,20.8057,11.5906,2.6279,-31.4550,25.5090,16.1772
2009-06-25,20.8842,11.6004,2.8033,-30.3610,25.5167,16.2216
2009-06-26,20.8664,11.6722,3.1686,-29.0019,25.4711,16.2481
2009-06-27,20.8928,11.7162,3.5877,-27.9640,25.4154,16.2836
2009-06-28,20.9052,11.8111,3.5035,-27.5769,25.4281,16.3375
2009-06-29,20.9046,11.9441,3.4916,-26.7216,25.4427,16.4040
2009-06-30,20.8836,11.8680,3.4955,-26.6896,25.3881,16.3552
2009-07-01,20.8615,11.8471,3.3409,-26.6387,25.3504,16.3338
2009-07-02,20.8628,11.8104,3.2907,-27.2054,25.3464,16.3161
2009-07-03,20.8858,11.6842,3.2009,-28.2302,25.3402,16.2642
2009-07-04,20.9305,11.5863,3.3373,-29.1480,25.2971,16.2379
2009-07-05,20.9900,11.5438,3.5602,-29.7472,25.2574,16.2462
2009-07-06,21.1517,11.5179,3.9351,-29.9819,25.3013,16.3145
2009-07-07,21.2336,11.5089,4.2613,-30.1562,25.3280,16.3512
2009-07-08,21.1683,11.3837,4.1589,-30.8329,25.2385,16.2553
2009-07-09,21.2363,11.3073,4.2926,-30.9429,25.2312,16.2513
2009-07-10,21.3523,11.3078,4.3992,-30.3057,25.2382,16.3099
2009-07-11,21.4470,11.3315,4.6616,-30.3383,25.2461,16.3689
2009-07-12,21.5329,11.2873,4.6904,-29.7529,25.2787,16.3897
2009-07-13,21.5931,11.2651,4.4789,-30.0426,25.3813,16.4086
2009-07-14,21.5635,11.2437,4.3148,-30.3631,25.3565,16.3832
2009-07-15,21.5449,11.1062,4.3032,-31.3807,25.2815,16.3048
2009-07-16,21.6146,10.9915,4.4330,-32.4189,25.2806,16.2823
2009-07-17,21.6488,10.9625,4.6243,-31.9241,25.2213,16.2850
2009-07-18,21.6809,11.1229,4.6769,-30.3152,25.1829,16.3818
2009-07-19,21.7082,11.2300,4.8075,-30.2095,25.1903,16.4493
2009-07-20,21.7117,11.3129,4.7452,-29.8565,25.2153,16.4924
2009-07-21,21.6916,11.3886,4.4014,-29.3281,25.2498,16.5200
2009-07-22,21.6890,11.3719,4.4646,-28.6615,25.2795,16.5103
2009-07-23,21.7768,11.2287,4.6803,-29.2062,25.3208,16.4827
2009-07-24,21.8308,10.9873,4.5294,-30.7033,25.2361,16.3888
2009-07-25,21.8430,10.9530,4.6254,-31.4431,25.1305,16.3777
2009-07-26,21.8364,11.0204,4.5778,-31.4818,25.1399,16.4083
2009-07-27,21.8585,11.0178,4.6102,-31.4746,25.1966,16.4182
2009-07-28,21.8292,11.0212,4.7343,-30.8794,25.2078,16.4051
2009-07-29,21.7919,11.0800,4.4686,-30.7219,25.2469,16.4154
2009-07-30,21.7690,11.1028,4.4744,-30.7089,25.2918,16.4156
2009-07-31,21.7314,11.0913,4.3538,-30.9648,25.3010,16.3912
2009-08-01,21.7291,11.1420,4.2909,-31.0325,25.2996,16.4154
2009-08-02,21.7665,11.1870,4.2333,-30.7189,25.2881,16.4568
2009-08-03,21.7920,11.1255,4.2126,-31.4549,25.2973,16.4384
2009-08-04,21.7868,11.0819,4.1340,-32.4261,25.3304,16.4139
2009-08-05,21.7728,11.1288,4.0669,-32.3568,25.3851,16.4307
2009-08-06,21.7406,11.0928,4.0208,-31.8919,25.3992,16.3967
2009-08-07,21.6365,10.9795,3.7534,-32.2835,25.3595,16.2878
2009-08-08,21.5633,10.8488,3.5905,-33.3153,25.3227,16.1855
2009-08-09,21.5381,10.8087,3.5007,-33.9693,25.2512,16.1531
2009-08-10,21.5269,10.7862,3.4650,-34.1167,25.1743,16.1360
2009-08-11,21.5534,10.7571,3.3393,-34.3076,25.2044,16.1351
2009-08-12,21.5589,10.7365,3.4181,-34.2669,25.2278,16.1276
2009-08-13,21.4825,10.8321,3.4192,-32.9954,25.2476,16.1367
2009-08-14,21.4737,10.9820,3.6405,-31.4937,25.2693,16.2071
2009-08-15,21.4764,11.0005,3.7509,-32.1787,25.2495,16.2182
2009-08-16,21.4724,10.9429,3.6207,-32.4715,25.2613,16.1873
2009-08-17,21.4280,10.9019,3.5133,-32.1019,25.2487,16.1445
2009-08-18,21.3865,10.9173,3.5124,-31.5101,25.2472,16.1314
2009-08-19,21.3966,10.9680,3.4739,-31.7798,25.2729,16.1622
2009-08-20,21.4034,11.0110,3.3823,-32.3594,25.2890,16.1868
2009-08-21,21.3341,10.9852,3.1456,-32.6580,25.2767,16.1394
2009-08-22,21.2462,10.9840,2.7804,-33.6336,25.2776,16.0949
2009-08-23,21.1421,11.0583,2.5127,-33.9056,25.2742,16.0798
2009-08-24,21.0280,11.0326,2.4487,-33.7628,25.2528,16.0100
2009-08-25,20.9763,10.9566,2.6231,-33.8417,25.2365,15.9457
2009-08-26,20.9950,10.9566,2.7954,-33.7224,25.2365,15.9550
2009-08-27,21.0014,11.0109,2.7376,-33.9105,25.2855,15.9851
2009-08-28,20.9626,11.0795,2.4539,-34.1030,25.3264,16.0002
2009-08-29,20.9083,11.0726,2.2053,-34.7126,25.3661,15.9693
2009-08-30,20.7898,11.0609,1.7861,-35.1900,25.3718,15.9044
2009-08-31,20.6968,10.9830,1.4455,-36.2752,25.3673,15.8187
2009-09-01,20.6473,10.9860,1.2147,-36.7989,25.4122,15.7950
2009-09-02,20.6158,11.0472,1.1440,-35.7346,25.4720,15.8094
2009-09-03,20.6216,11.0889,1.1927,-33.9526,25.5324,15.8337
2009-09-04,20.5688,11.1071,1.1389,-32.8770,25.5583,15.8159
2009-09-05,20.4324,11.1766,0.9249,-33.2122,25.5607,15.7824
2009-09-06,20.3333,11.1797,0.8352,-34.3673,25.5661,15.7340
2009-09-07,20.2779,11.0834,0.7765,-35.1990,25.5794,15.6583
2009-09-08,20.2795,10.9912,0.6056,-35.2624,25.5447,15.6130
2009-09-09,20.2534,10.9206,0.3164,-34.4264,25.4683,15.5645
2009-09-10,20.2064,10.9936,0.0579,-33.6606,25.4228,15.5776
2009-09-11,20.1710,11.1968,0.2141,-32.5783,25.4218,15.6620
2009-09-12,20.1004,11.4820,-0.0723,-31.1440,25.4526,15.7693
2009-09-13,20.0489,11.5965,-0.4513,-30.7637,25.5044,15.8013
2009-09-14,19.9817,11.6819,-0.5836,-31.2687,25.5659,15.8101
2009-09-15,19.8606,11.7286,-0.9170,-31.6933,25.6325,15.7727
2009-09-16,19.7774,11.6406,-1.0873,-31.9853,25.6393,15.6871
2009-09-17,19.7419,11.5580,-1.1552,-31.8097,25.6675,15.6277
2009-09-18,19.5800,11.6128,-1.3455,-30.8596,25.6196,15.5743
2009-09-19,19.4352,11.5760,-1.9821,-30.8205,25.6149,15.4829
2009-09-20,19.2958,11.5819,-2.5439,-30.9357,25.5748,15.4157
2009-09-21,19.2058,11.5736,-2.6237,-31.3220,25.5454,15.3669
2009-09-22,19.1367,11.5009,-2.5160,-31.8644,25.5840,15.2957
2009-09-23,19.1901,11.3979,-2.5652,-32.3325,25.6178,15.2708
2009-09-24,19.1773,11.4537,-2.6214,-32.2912,25.6364,15.2920
2009-09-25,19.0372,11.5296,-2.7164,-31.7197,25.6702,15.2598
2009-09-26,19.0183,11.5821,-2.6524,-30.9560,25.6912,15.2769
2009-09-27,18.9960,11.7116,-2.9767,-30.0024,25.7028,15.3307
2009-09-28,18.8854,11.7749,-3.2364,-29.6506,25.6767,15.3064
2009-09-29,18.7556,11.6865,-3.5649,-30.7352,25.5640,15.1974
2009-09-30,18.6131,11.6555,-3.9313,-31.7389,25.5134,15.1107
2009-10-01,18.4568,11.6569,-4.2934,-32.0337,25.5385,15.0331
2009-10-02,18.3210,11.6874,-4.4114,-31.8743,25.5862,14.9802
2009-10-03,18.1576,11.7801,-4.5575,-31.6313,25.6109,14.9449
2009-10-04,18.0459,11.8945,-4.7280,-31.6457,25.7071,14.9460
2009-10-05,17.9392,11.9858,-5.2128,-31.2123,25.7304,14.9382
2009-10-06,17.8974,12.0122,-5.5098,-30.7303,25.7519,14.9307
2009-10-07,17.7665,12.0193,-5.5909,-29.9412,25.6945,14.8685
2009-10-08,17.5804,12.0811,-5.5226,-29.3968,25.6190,14.8064
2009-10-09,17.3693,12.1452,-5.4012,-29.6204,25.6165,14.7328
2009-10-10,17.1344,12.2254,-5.6181,-29.0912,25.6176,14.6551
2009-10-11,17.0027,12.2895,-5.8503,-28.1046,25.6187,14.6213
2009-10-12,16.9260,12.3404,-5.8591,-27.1085,25.5761,14.6084
2009-10-13,16.8860,12.4580,-5.6641,-26.4677,25.5572,14.6472
2009-10-14,16.7765,12.5756,-5.7812,-26.3679,25.5658,14.6515
2009-10-15,16.7070,12.6663,-6.0645,-26.0501,25.5531,14.6623
2009-10-16,16.6949,12.7045,-6.5087,-25.6413,25.5623,14.6758
2009-10-17,16.6384,12.7233,-7.2084,-25.7059,25.5744,14.6565
2009-10-18,16.4488,12.7945,-7.7936,-25.1712,25.5711,14.5972
2009-10-19,16.3020,12.8395,-8.3747,-25.0047,25.5633,14.5461
2009-10-20,16.2100,12.8602,-8.9830,-24.9284,25.5217,14.5104
2009-10-21,16.0811,12.8739,-9.5397,-25.3346,25.5128,14.4526
2009-10-22,15.9580,12.8978,-9.8988,-25.4987,25.5485,14.4029
2009-10-23,15.8231,12.9150,-10.1765,-25.8368,25.5711,14.3438
2009-10-24,15.6282,12.9214,-10.5187,-26.1130,25.5618,14.2496
2009-10-25,15.4133,12.9494,-11.0097,-25.6678,25.5849,14.1557
2009-10-26,15.2263,12.9776,-12.1073,-24.8804,25.5936,14.0758
2009-10-27,15.0004,13.0512,-12.7878,-24.6296,25.5584,13.9998
2009-10-28,14.8273,13.1250,-13.1715,-24.6690,25.5214,13.9500
2009-10-29,14.6998,13.1997,-13.5476,-24.2920,25.5316,13.9236
2009-10-30,14.5631,13.3129,-13.6328,-23.7446,25.5435,13.9116
2009-10-31,14.3714,13.3457,-13.4736,-23.8112,25.5083,13.8324
2009-11-01,14.2161,13.3675,-13.3189,-23.9069,25.4925,13.7652
2009-11-02,14.1514,13.4546,-12.7761,-23.8094,25.5579,13.7761
2009-11-03,14.1639,13.4981,-13.3306,-22.8800,25.5356,13.8043
2009-11-04,14.1930,13.5217,-13.7448,-22.2647,25.5687,13.8306
2009-11-05,14.2071,13.5851,-13.8752,-21.6194,25.5724,13.8694
2009-11-06,14.1418,13.6522,-13.9617,-21.7386,25.5453,13.8705
2009-11-07,13.9897,13.6323,-14.1974,-21.8514,25.5878,13.7841
2009-11-08,13.7358,13.7152,-14.4529,-21.0163,25.5943,13.6984
2009-11-09,13.4666,13.8714,-14.8352,-20.0480,25.5997,13.6420
2009-11-10,13.3003,13.9780,-15.4277,-19.2316,25.6366,13.6116
2009-11-11,13.0926,14.1050,-15.5961,-18.4691,25.6518,13.5715
2009-11-12,12.9424,14.2518,-15.4370,-17.5657,25.6243,13.5698
2009-11-13,12.9020,14.4027,-15.3989,-16.8662,25.5727,13.6250
2009-11-14,12.8959,14.4638,-15.1639,-16.3575,25.5341,13.6528
2009-11-15,12.8163,14.4907,-14.8012,-16.0024,25.4688,13.6263
2009-11-16,12.6084,14.5236,-14.8597,-15.9746,25.4058,13.5386
2009-11-17,12.4336,14.5194,-15.6470,-16.2866,25.3433,13.4486
2009-11-18,12.3325,14.4957,-16.3047,-16.5321,25.2830,13.3859
2009-11-19,12.2461,14.5302,-17.0393,-16.7396,25.2887,13.3606
2009-11-20,12.1696,14.4960,-17.6913,-16.3670,25.3194,13.3047
2009-11-21,12.1744,14.4957,-17.8017,-16.1324,25.3207,13.3069
2009-11-22,12.1612,14.5346,-17.8490,-16.1938,25.3709,13.3192
2009-11-23,12.1003,14.5287,-17.9749,-16.4304,25.3709,13.2863
2009-11-24,11.9997,14.6436,-18.3608,-16.2115,25.3446,13.2931
2009-11-25,11.8897,14.7940,-19.0382,-15.9808,25.3903,13.3135
2009-11-26,11.7746,14.7946,-19.5345,-15.9789,25.3914,13.2560
2009-11-27,11.6786,14.8310,-19.6208,-15.7974,25.3707,13.2262
2009-11-28,11.5388,14.9371,-19.8784,-15.4993,25.3640,13.2097
2009-11-29,11.4649,14.9778,-19.7220,-15.0702,25.3463,13.1930
2009-11-30,11.4457,14.9995,-19.4985,-14.7027,25.3499,13.1940
2009-12-01,11.2789,15.0629,-19.3276,-14.2738,25.3160,13.1425
2009-12-02,11.0935,15.1171,-18.8785,-14.0335,25.3274,13.0768
2009-12-03,10.9786,15.1837,-18.9963,-13.7671,25.3381,13.0524
2009-12-04,10.8819,15.2468,-19.4672,-13.4179,25.3403,13.0352
2009-12-05,10.7920,15.3066,-19.5755,-13.1126,25.3357,13.0206
2009-12-06,10.6498,15.4158,-19.0662,-12.7614,25.3465,13.0037
2009-12-07,10.4490,15.4262,-18.8459,-12.8368,25.3589,12.9085
2009-12-08,10.3286,15.4569,-18.4847,-12.8382,25.3963,12.8635
2009-12-09,10.2621,15.4880,-17.7550,-13.0988,25.3865,12.8459
2009-12-10,10.1046,15.4697,-18.3670,-13.3082,25.3268,12.7577
2009-12-11,9.9391,15.4410,-19.5080,-13.4950,25.2909,12.6604
2009-12-12,9.8371,15.5009,-19.9408,-13.7117,25.3241,12.6392
2009-12-13,9.7582,15.5287,-19.7978,-14.0046,25.3591,12.6138
2009-12-14,9.6919,15.5074,-18.8923,-13.9826,25.3597,12.5700
2009-12-15,9.5636,15.5667,-18.4544,-13.7475,25.3756,12.5353
2009-12-16,9.4477,15.6744,-18.7767,-13.4078,25.3935,12.5309
2009-12-17,9.4647,15.6876,-18.9741,-13.2806,25.3794,12.5462
2009-12-18,9.5157,15.6899,-19.5416,-13.3521,25.3370,12.5727
2009-12-19,9.5677,15.7187,-19.9746,-13.6369,25.2829,12.6135
2009-12-20,9.6144,15.7596,-20.1727,-13.6998,25.2270,12.6574
2009-12-21,9.6743,15.7922,-20.0959,-13.6841,25.2266,12.7038
2009-12-22,9.6575,15.8503,-20.2864,-13.8288,25.2554,12.7243
2009-12-23,9.6737,15.8779,-20.2410,-13.9294,25.2772,12.7461
2009-12-24,9.6130,15.8095,-20.0639,-13.9940,25.2689,12.6813
2009-12-25,9.5376,15.8038,-20.7169,-13.9970,25.2118,12.6411
2009-12-26,9.4607,15.8821,-22.1234,-14.0394,25.2229,12.6418
2009-12-27,9.3502,15.9731,-22.8171,-14.0577,25.2596,12.6323
2009-12-28,9.2993,16.0266,-22.6638,-13.9597,25.2604,12.6333
2009-12-29,9.2091,16.0307,-22.0439,-13.8925,25.2732,12.5903
2009-12-30,9.1938,15.9971,-21.2556,-13.5317,25.2359,12.5655
2009-12-31,9.1085,16.0068,-20.5892,-13.1462,25.2343,12.5275
2010-01-01,8.9862,16.0607,-20.4995,-12.8888,25.2539,12.4934
2010-01-02,8.8809,16.1350,-21.3784,-12.4964,25.2230,12.4778
2010-01-03,8.9207,16.2353,-22.0604,-12.1364,25.2331,12.5474
2010-01-04,8.8893,16.2738,-22.3801,-12.0124,25.2164,12.5513
2010-01-05,8.7773,16.3140,-22.1785,-12.0329,25.1918,12.5159
2010-01-06,8.7008,16.3521,-22.1546,-11.8610,25.1517,12.4963
2010-01-07,8.5561,16.3910,-23.1623,-11.5681,25.1505,12.4432
2010-01-08,8.4824,16.4389,-23.4460,-11.3639,25.1987,12.4302
2010-01-09,8.4889,16.4840,-23.3043,-11.6036,25.2291,12.4559
2010-01-10,8.4866,16.4781,-23.0135,-11.8939,25.2857,12.4518
2010-01-11,8.4897,16.4300,-22.8093,-12.0833,25.2999,12.4293
2010-01-12,8.6419,16.3081,-23.1235,-12.2027,25.2689,12.4447
2010-01-13,8.7343,16.2599,-23.7742,-12.0539,25.1912,12.4668
2010-01-14,8.8871,16.3121,-24.0751,-12.0542,25.1597,12.5699
2010-01-15,8.9824,16.4022,-23.7137,-12.0246,25.2386,12.6627
2010-01-16,8.9690,16.5027,-23.3379,-11.5847,25.3215,12.7065
2010-01-17,8.9730,16.5474,-22.5668,-11.5863,25.3269,12.7307
2010-01-18,8.9994,16.5236,-22.2979,-11.8294,25.2542,12.7318
2010-01-19,8.9706,16.5470,-22.4911,-11.8633,25.2642,12.7293
2010-01-20,8.9244,16.5997,-22.5153,-11.8827,25.2809,12.7324
2010-01-21,8.9137,16.6212,-22.4320,-11.9195,25.3188,12.7377
2010-01-22,9.0210,16.6208,-21.7318,-12.0080,25.3176,12.7912
2010-01-23,9.0814,16.5824,-20.9402,-12.5184,25.3358,12.8021
2010-01-24,9.1170,16.5799,-20.2917,-12.7820,25.3649,12.8184
2010-01-25,8.9511,16.6368,-19.6588,-12.7786,25.3401,12.7641
2010-01-26,8.7851,16.6718,-19.9718,-13.0702,25.3330,12.6985
2010-01-27,8.8582,16.6818,-20.8601,-13.1726,25.3471,12.7402
2010-01-28,9.0001,16.7125,-21.3649,-13.3567,25.4869,12.8265
2010-01-29,9.0306,16.6608,-21.8103,-13.4726,25.5522,12.8156
2010-01-30,9.0966,16.6421,-21.3983,-13.6646,25.6363,12.8392
2010-01-31,9.0646,16.5946,-20.7717,-14.0334,25.6866,12.7992
2010-02-01,9.0876,16.6241,-20.1482,-14.0385,25.7096,12.8256
2010-02-02,9.1222,16.6239,-19.9494,-14.2390,25.7408,12.8431
2010-02-03,9.0468,16.5877,-19.6066,-14.5779,25.6834,12.7873
2010-02-04,8.9647,16.5387,-20.0801,-14.6286,25.6098,12.7212
2010-02-05,8.9969,16.5982,-20.7885,-14.5962,25.5754,12.7671
2010-02-06,9.0682,16.5453,-21.0210,-15.2248,25.5038,12.7765
2010-02-07,9.0763,16.5631,-20.7603,-15.2134,25.4367,12.7895
2010-02-08,9.0044,16.6641,-20.8021,-14.5174,25.4317,12.8041
2010-02-09,8.9665,16.6505,-21.1353,-14.8527,25.4974,12.7784
2010-02-10,8.9601,16.5766,-21.1510,-15.6979,25.5789,12.7379
2010-02-11,8.9988,16.6102,-21.0292,-15.8428,25.6894,12.7740
2010-02-12,9.1143,16.6588,-21.2084,-15.7225,25.7599,12.8560
2010-02-13,9.2260,16.6021,-22.0431,-16.0856,25.8086,12.8839
2010-02-14,9.3784,16.5273,-22.8484,-16.2896,25.8463,12.9229
2010-02-15,9.5106,16.5009,-23.1968,-16.5631,25.8748,12.9754
2010-02-16,9.5919,16.4407,-23.3013,-17.0812,25.8625,12.9861
2010-02-17,9.7090,16.3841,-23.4261,-17.9420,25.8841,13.0159
2010-02-18,9.8802,16.3676,-23.6666,-18.7555,25.9173,13.0938
2010-02-19,10.0258,16.3690,-23.5331,-19.4007,25.9434,13.1676
2010-02-20,10.1185,16.3639,-23.3527,-19.5088,26.0108,13.2114
2010-02-21,10.1076,16.3124,-23.5805,-19.4505,26.0263,13.1798
2010-02-22,10.1321,16.2560,-23.8160,-19.6149,26.0239,13.1641
2010-02-23,10.1197,16.2668,-23.9755,-19.4484,26.0876,13.1629
2010-02-24,10.0830,16.2405,-24.1043,-19.0708,26.1066,13.1318
2010-02-25,10.0606,16.1885,-24.1134,-19.0714,26.0483,13.0944
2010-02-26,10.0768,16.0721,-24.3215,-19.7734,25.9588,13.0441
2010-02-27,10.1764,16.0202,-24.7150,-20.2124,25.9539,13.0678
2010-02-28,10.2333,15.9855,-24.8333,-20.7073,25.9260,13.0789
2010-03-01,10.3258,15.9929,-24.3253,-20.6784,25.9819,13.1291
2010-03-02,10.4396,15.9998,-23.7309,-20.2494,26.0247,13.1897
2010-03-03,10.4923,15.9707,-23.0674,-20.5133,26.0057,13.2015
2010-03-04,10.5539,15.9759,-22.5444,-21.1229,26.0469,13.2348
2010-03-05,10.6883,15.9351,-21.9272,-21.5160,26.0708,13.2819
2010-03-06,10.8267,15.9268,-21.5950,-21.6248,26.0954,13.3466
2010-03-07,10.9008,15.9106,-21.7162,-21.9585,26.1132,13.3756
2010-03-08,10.9635,15.8950,-21.4475,-22.1793,26.1601,13.3995
2010-03-09,11.1340,15.9660,-20.5575,-21.6569,26.1861,13.5205
2010-03-10,11.3375,15.9997,-19.7722,-21.0720,26.1471,13.6397
2010-03-11,11.4531,15.9390,-19.6404,-21.3451,26.1901,13.6667
2010-03-12,11.7222,15.8724,-19.5440,-22.0277,26.3214,13.7684
2010-03-13,11.8723,15.8402,-19.5837,-22.6930,26.3694,13.8274
2010-03-14,11.9030,15.7466,-19.8431,-23.3674,26.3812,13.7958
2010-03-15,11.9764,15.7047,-20.0144,-23.1407,26.3400,13.8113
2010-03-16,11.9825,15.6922,-20.3741,-22.8008,26.2406,13.8086
2010-03-17,12.0249,15.7055,-20.4561,-22.7136,26.1887,13.8368
2010-03-18,12.0639,15.7566,-20.0327,-22.5241,26.0976,13.8822
2010-03-19,12.0415,15.7114,-19.4007,-22.6548,26.0448,13.8476
2010-03-20,12.0126,15.6284,-19.2070,-23.4524,26.0664,13.7920
2010-03-21,12.0568,15.5924,-18.8747,-24.1186,26.0903,13.7961
2010-03-22,12.0794,15.5037,-18.8489,-24.8004,26.0721,13.7626
2010-03-23,12.1696,15.4052,-18.7181,-25.6572,26.0920,13.7587
2010-03-24,12.2315,15.3050,-18.2715,-26.1949,26.1076,13.7394
2010-03-25,12.3890,15.2731,-18.0715,-26.4627,26.1493,13.8023
2010-03-26,12.4591,15.2527,-17.7781,-26.5083,26.1649,13.8270
2010-03-27,12.4797,15.1920,-17.5133,-26.8508,26.1618,13.8074
2010-03-28,12.7302,15.1535,-16.8754,-27.0187,26.2069,13.9136
2010-03-29,12.9398,15.1103,-16.5155,-27.1064,26.2491,13.9965
2010-03-30,13.1257,15.0920,-16.5353,-27.1179,26.2590,14.0806
2010-03-31,13.3433,15.0623,-16.2195,-27.3414,26.2769,14.1750
2010-04-01,13.5306,14.9733,-16.1298,-28.0891,26.3092,14.2241
2010-04-02,13.6553,14.8914,-16.0704,-28.4462,26.3415,14.2455
2010-04-03,13.7263,14.8068,-16.0564,-28.5777,26.3914,14.2389
2010-04-04,13.9046,14.8241,-16.1258,-27.4690,26.4175,14.3368
2010-04-05,13.9761,14.8538,-16.0411,-26.3568,26.3760,14.3878
2010-04-06,13.9459,14.7939,-15.4874,-26.8760,26.3348,14.3426
2010-04-07,13.9849,14.7109,-14.7679,-27.3037,26.3187,14.3205
2010-04-08,13.9750,14.5777,-14.4458,-28.3489,26.3478,14.2489
2010-04-09,13.9574,14.5246,-14.2581,-29.2140,26.3555,14.2133
2010-04-10,14.0478,14.4066,-13.7783,-29.9314,26.3629,14.1993
2010-04-11,14.1982,14.2923,-13.0920,-30.3724,26.3660,14.2176
2010-04-12,14.3319,14.2848,-12.7401,-30.6970,26.4401,14.2806
2010-04-13,14.3744,14.2374,-12.2290,-31.2028,26.3664,14.2779
2010-04-14,14.5758,14.1815,-11.5365,-31.5033,26.3757,14.3510
2010-04-15,14.8612,14.2099,-11.1846,-30.6893,26.3702,14.5084
2010-04-16,15.1303,14.2379,-11.0800,-30.0159,26.3606,14.6571
2010-04-17,15.2789,14.2754,-10.9410,-29.8152,26.4237,14.7504
2010-04-18,15.4824,14.3058,-10.9007,-29.7391,26.5514,14.8676
2010-04-19,15.6188,14.3018,-10.7577,-29.7116,26.6199,14.9341
2010-04-20,15.7357,14.2862,-10.7370,-29.4241,26.7185,14.9846
2010-04-21,15.7928,14.2122,-10.5164,-29.4305,26.7514,14.9757
2010-04-22,15.7172,14.1719,-10.4253,-29.0187,26.6760,14.9183
2010-04-23,15.6836,14.1800,-10.4374,-28.2412,26.5647,14.9054
2010-04-24,15.6997,14.1111,-9.8850,-28.3692,26.4557,14.8791
2010-04-25,15.7889,14.0679,-9.2127,-28.4911,26.4669,14.9022
2010-04-26,15.9017,14.1255,-8.5736,-28.1157,26.4814,14.9873
2010-04-27,15.9936,14.1096,-8.0588,-28.1424,26.3917,15.0257
2010-04-28,16.1689,14.0292,-7.8738,-28.8713,26.4032,15.0733
2010-04-29,16.2561,13.9271,-7.9988,-29.8762,26.4241,15.0661
2010-04-30,16.3693,13.8704,-8.1159,-30.4296,26.3442,15.0944
2010-05-01,16.5089,13.8523,-7.9908,-29.9735,26.3209,15.1553
2010-05-02,16.5711,13.8712,-7.4692,-28.7331,26.2646,15.1957
2010-05-03,16.6137,13.9000,-7.0473,-27.6740,26.2597,15.2318
2010-05-04,16.7418,13.8035,-6.6871,-27.8700,26.2812,15.2479
2010-05-05,16.8733,13.7035,-6.4209,-28.3758,26.3328,15.2634
2010-05-06,16.9430,13.7109,-6.4390,-28.4820,26.4013,15.3019
2010-05-07,17.0411,13.6514,-6.0862,-28.3889,26.3917,15.3211
2010-05-08,17.1571,13.5306,-5.5096,-28.5741,26.3952,15.3188
2010-05-09,17.2477,13.4656,-4.9782,-28.3562,26.4086,15.3316
2010-05-10,17.3533,13.3834,-4.5743,-29.0189,26.3874,15.3435
2010-05-11,17.4950,13.1986,-4.2936,-30.0575,26.3617,15.3221
2010-05-12,17.6502,13.0909,-4.2552,-30.6425,26.3367,15.3455
2010-05-13,17.7378,13.1035,-4.0646,-30.8024,26.3095,15.3960
2010-05-14,17.8415,13.1360,-3.7501,-30.9612,26.2823,15.4643
2010-05-15,17.9050,13.0879,-3.6679,-31.3861,26.3210,15.4719
2010-05-16,18.0116,13.0137,-3.6040,-31.9872,26.3356,15.4883
2010-05-17,18.1031,12.9033,-3.3070,-33.0579,26.3083,15.4786
2010-05-18,18.1872,12.8033,-2.9476,-33.7217,26.2551,15.4707
2010-05-19,18.2159,12.7598,-2.8871,-33.5953,26.2087,15.4636
2010-05-20,18.1791,12.8076,-2.8273,-33.0405,26.2106,15.4691
2010-05-21,18.2083,12.7744,-2.6068,-33.1559,26.2001,15.4672
2010-05-22,18.3847,12.7496,-2.0002,-33.0000,26.2333,15.5430
2010-05-23,18.4739,12.7448,-1.7510,-33.0639,26.2546,15.5855
2010-05-24,18.6023,12.7076,-1.2883,-32.9393,26.2324,15.6310
2010-05-25,18.7005,12.5899,-1.0810,-33.3685,26.2139,15.6214
2010-05-26,18.7554,12.5467,-1.1339,-33.3380,26.1428,15.6276
2010-05-27,18.8582,12.5712,-0.7893,-32.3465,26.0784,15.6915
2010-05-28,18.9065,12.6285,-0.5782,-31.2861,26.0667,15.7445
2010-05-29,19.0079,12.6359,-0.4977,-31.1298,26.0688,15.7986
2010-05-30,19.0782,12.4853,-0.4746,-32.3422,26.0118,15.7584
2010-05-31,19.2258,12.2268,-0.3688,-33.6695,25.9038,15.7033
2010-06-01,19.3474,12.0976,-0.1748,-34.2696,25.8372,15.6995
2010-06-02,19.4469,12.1501,0.1551,-33.9826,25.8524,15.7756
2010-06-03,19.5393,12.2261,0.1570,-33.4948,25.8865,15.8599
2010-06-04,19.5993,12.2518,0.0712,-32.9223,25.8593,15.9034
2010-06-05,19.6898,12.2116,0.2856,-32.1508,25.8069,15.9286
2010-06-06,19.7277,12.1802,0.8779,-31.7279,25.7673,15.9320
2010-06-07,19.7297,12.1244,1.2031,-32.0875,25.8073,15.9049
2010-06-08,19.7833,12.0007,1.3951,-32.7988,25.8209,15.8702
2010-06-09,19.9203,11.9205,1.5760,-33.0390,25.7907,15.8984
2010-06-10,20.0297,11.8881,2.0354,-33.2042,25.7218,15.9367
2010-06-11,20.1145,11.9112,2.2874,-33.0496,25.7091,15.9910
2010-06-12,20.2388,11.9240,2.1654,-32.5444,25.7446,16.0599
2010-06-13,20.2509,11.9654,2.0807,-31.8146,25.7101,16.0867
2010-06-14,20.2459,12.0057,2.1692,-31.9949,25.6700,16.1045
2010-06-15,20.2956,11.9380,2.2482,-32.1539,25.6416,16.0954
2010-06-16,20.3995,11.8091,2.0967,-32.9671,25.6169,16.0833
2010-06-17,20.4895,11.7625,2.1674,-32.9626,25.5763,16.1052
2010-06-18,20.5695,11.7988,2.3147,-32.6442,25.6383,16.1637
2010-06-19,20.6441,11.7529,2.4084,-33.2135,25.6329,16.1777
2010-06-20,20.6888,11.6992,2.5061,-33.1467,25.6143,16.1731
2010-06-21,20.7403,11.6586,2.4931,-33.0920,25.6368,16.1784
2010-06-22,20.7868,11.6391,2.6632,-33.2405,25.6768,16.1919
2010-06-23,20.8397,11.6035,2.8205,-33.5717,25.6576,16.2008
2010-06-24,20.8657,11.6677,3.0465,-33.0650,25.6245,16.2463
2010-06-25,20.9239,11.6540,3.3455,-32.3768,25.5605,16.2683
2010-06-26,20.9532,11.5742,3.4687,-32.1523,25.4991,16.2434
2010-06-27,20.9763,11.5300,3.5437,-32.2146,25.4571,16.2326
2010-06-28,21.0254,11.5034,3.5575,-32.0030,25.4240,16.2440
2010-06-29,21.1170,11.4763,3.6969,-32.6432,25.4304,16.2761
2010-06-30,21.1651,11.3679,4.0791,-33.8490,25.4311,16.2457
2010-07-01,21.1965,11.2770,4.2908,-34.7204,25.4260,16.2164
2010-07-02,21.2447,11.1289,4.1923,-35.9016,25.3456,16.1657
2010-07-03,21.2653,11.0602,4.2593,-36.4708,25.2747,16.1421
2010-07-04,21.3319,11.0505,4.4006,-36.5943,25.2866,16.1713
2010-07-05,21.4253,11.0424,4.6312,-35.9081,25.3021,16.2136
2010-07-06,21.4436,10.9330,4.8985,-35.6304,25.2191,16.1682
2010-07-07,21.4751,10.9212,4.8094,-35.2434,25.1974,16.1778
2010-07-08,21.5316,11.0335,4.6111,-34.6000,25.1761,16.2631
2010-07-09,21.5506,11.0149,4.5726,-35.1027,25.1419,16.2634
2010-07-10,21.6623,11.0493,4.5429,-33.8447,25.1676,16.3370
2010-07-11,21.6757,11.1735,4.4646,-33.0651,25.1495,16.4058
2010-07-12,21.6385,11.1433,4.4986,-33.2028,25.1703,16.3716
2010-07-13,21.7326,10.9878,4.7632,-32.8680,25.1100,16.3407
2010-07-14,21.8148,10.8793,4.8458,-32.8832,25.0319,16.3279
2010-07-15,21.8967,10.8089,4.9990,-33.4913,24.9955,16.3337
2010-07-16,21.9418,10.7999,4.8708,-33.3444,24.9366,16.3516
2010-07-17,21.9273,10.7570,4.7464,-33.9269,24.9009,16.3231
2010-07-18,21.9071,10.7213,4.7948,-34.3521,24.9157,16.2954
2010-07-19,21.8816,10.7422,4.8396,-34.2907,24.9362,16.2931
2010-07-20,21.8085,10.7648,4.7430,-34.8869,24.9413,16.2679
2010-07-21,21.7727,10.8651,4.6054,-34.7831,24.9316,16.3002
2010-07-22,21.8014,10.8708,4.5143,-34.6607,24.9205,16.3175
2010-07-23,21.7884,10.7740,4.5504,-35.7565,24.9385,16.2623
2010-07-24,21.7737,10.7163,4.4076,-36.9855,24.9810,16.2260
2010-07-25,21.7868,10.7080,4.4310,-37.7627,25.0636,16.2281
2010-07-26,21.8273,10.7346,4.4431,-37.1488,25.0820,16.2618
2010-07-27,21.8025,10.7951,4.4490,-36.4574,25.0133,16.2800
2010-07-28,21.7628,10.8871,4.4327,-35.9057,25.0590,16.3065
2010-07-29,21.7770,11.0400,4.3542,-34.5743,25.1479,16.3904
2010-07-30,21.7323,11.0751,4.5754,-33.2428,25.1236,16.3852
2010-07-31,21.7732,10.8932,4.5705,-33.9314,25.1079,16.3144
2010-08-01,21.8053,10.6586,4.5573,-34.7258,25.0137,16.2130
2010-08-02,21.8469,10.5331,4.4191,-34.5827,24.9569,16.1709
2010-08-03,21.8592,10.4354,4.1102,-34.7467,24.9390,16.1280
2010-08-04,21.8614,10.4421,3.8132,-34.8580,24.9702,16.1323
2010-08-05,21.8580,10.4398,3.8339,-35.0375,24.9724,16.1295
2010-08-06,21.8624,10.4131,3.8693,-35.6658,24.9583,16.1182
2010-08-07,21.8839,10.4487,4.0286,-36.3010,24.9777,16.1471
2010-08-08,21.8477,10.5106,4.0575,-36.8487,25.0121,16.1598
2010-08-09,21.8266,10.4760,3.8380,-37.1572,24.9950,16.1318
2010-08-10,21.8837,10.3246,3.8661,-37.9324,24.9517,16.0849
2010-08-11,21.8870,10.2584,3.8131,-38.1287,24.8940,16.0531
2010-08-12,21.8425,10.2403,3.6794,-37.8801,24.8388,16.0220
2010-08-13,21.7653,10.2189,3.5858,-37.3107,24.8194,15.9723
2010-08-14,21.6960,10.2733,3.5427,-36.7025,24.8440,15.9652
2010-08-15,21.6808,10.4111,3.4426,-35.4749,24.9161,16.0262
2010-08-16,21.5892,10.6302,3.4228,-33.9706,24.9722,16.0902
2010-08-17,21.5102,10.8154,3.4522,-32.7702,25.0048,16.1436
2010-08-18,21.4198,10.9110,3.5960,-32.2712,24.9863,16.1461
2010-08-19,21.4196,11.0271,3.7823,-31.8314,25.0189,16.2043
2010-08-20,21.4391,11.0691,3.7768,-31.5953,25.0419,16.2350
2010-08-21,21.4323,11.1764,3.4036,-30.4283,25.0718,16.2855
2010-08-22,21.3876,11.2984,3.1498,-29.7885,25.1314,16.3242
2010-08-23,21.3050,11.3613,3.2589,-30.0168,25.1730,16.3145
2010-08-24,21.2742,11.3594,3.2589,-30.7541,25.1956,16.2979
2010-08-25,21.2511,11.3390,2.8407,-31.5186,25.1829,16.2763
2010-08-26,21.2766,11.3061,2.6331,-32.3378,25.1672,16.2723
2010-08-27,21.2324,11.2520,2.6883,-32.8478,25.1498,16.2233
2010-08-28,21.1777,11.2670,2.8422,-33.1604,25.1674,16.2035
2010-08-29,21.1109,11.2418,2.8430,-33.8207,25.1889,16.1574
2010-08-30,21.1173,11.1941,2.6193,-34.1988,25.1802,16.1370
2010-08-31,21.1092,11.1629,2.4170,-33.5982,25.1785,16.1170
2010-09-01,21.0408,11.0654,2.3029,-33.7824,25.1587,16.0337
2010-09-02,20.9162,10.9958,2.2809,-34.3424,25.1298,15.9361
2010-09-03,20.7071,11.0632,2.0883,-34.4720,25.1247,15.8653
2010-09-04,20.5983,11.0905,1.8230,-34.6699,25.1588,15.8246
2010-09-05,20.4730,11.0361,1.5739,-34.1478,25.1194,15.7346
2010-09-06,20.3429,10.9953,1.2447,-34.3676,25.1101,15.6489
2010-09-07,20.2090,10.9691,0.7631,-34.9307,25.1085,15.5687
2010-09-08,20.1496,11.0855,0.4856,-34.2175,25.1675,15.5971
2010-09-09,20.0784,11.2564,0.4479,-33.0043,25.2119,15.6471
2010-09-10,20.0019,11.2373,0.5686,-33.1337,25.2165,15.5990
2010-09-11,19.9794,11.2064,0.4553,-33.0900,25.2244,15.5722
2010-09-12,19.9591,11.0958,0.3195,-33.6928,25.1762,15.5067
2010-09-13,19.8640,11.2504,0.2489,-33.0655,25.1902,15.5366
2010-09-14,19.7752,11.3307,-0.1149,-31.9198,25.1301,15.5320
2010-09-15,19.6540,11.4649,-0.5094,-30.2761,25.1200,15.5385
2010-09-16,19.5091,11.7147,-0.7215,-28.6998,25.1814,15.5912
2010-09-17,19.4166,11.7958,-0.9086,-28.4029,25.2256,15.5857
2010-09-18,19.3826,11.8179,-1.3199,-28.2799,25.2102,15.5793
2010-09-19,19.3419,11.7764,-1.3895,-28.6612,25.1370,15.5386
2010-09-20,19.2028,11.8160,-1.5564,-28.8156,25.1452,15.4886
2010-09-21,19.1153,11.8217,-1.9753,-28.7565,25.1897,15.4472
2010-09-22,19.0435,11.8774,-2.1603,-28.5768,25.2224,15.4392
2010-09-23,18.9882,11.9386,-2.3203,-28.2191,25.2699,15.4422
2010-09-24,18.8815,11.9903,-2.5471,-28.4319,25.3076,15.4146
2010-09-25,18.7704,12.0680,-2.9558,-28.6610,25.3600,15.3974
2010-09-26,18.6967,12.1017,-3.1896,-28.7847,25.4209,15.3775
2010-09-27,18.5940,12.0464,-3.3020,-29.4869,25.4752,15.2981
2010-09-28,18.5773,12.0148,-3.1596,-28.9575,25.4831,15.2742
2010-09-29,18.5126,11.9307,-3.4415,-28.6867,25.3947,15.1999
2010-09-30,18.4030,11.9204,-3.6980,-29.2905,25.3613,15.1397
2010-10-01,18.3010,11.9872,-3.7046,-29.3843,25.4105,15.1221
2010-10-02,18.2355,12.0072,-3.9934,-29.2713,25.4180,15.0988
2010-10-03,18.1095,12.0416,-4.5123,-29.2102,25.4038,15.0530
2010-10-04,17.9670,12.1265,-4.8253,-29.2524,25.4521,15.0244
2010-10-05,17.8210,12.1761,-4.8514,-29.1538,25.4667,14.9762
2010-10-06,17.7273,12.2389,-5.0827,-28.4492,25.5090,14.9606
2010-10-07,17.6848,12.1895,-5.5196,-27.7975,25.4795,14.9142
2010-10-08,17.6258,12.1315,-5.8926,-28.1902,25.4439,14.8555
2010-10-09,17.5141,12.1866,-6.0548,-28.4582,25.4428,14.8272
2010-10-10,17.4154,12.2724,-6.4563,-28.1538,25.4240,14.8213
2010-10-11,17.3249,12.3118,-6.8254,-27.8290,25.4095,14.7953
2010-10-12,17.1794,12.3870,-6.8303,-27.4599,25.4078,14.7602
2010-10-13,17.0265,12.4208,-6.9599,-26.6059,25.3967,14.7006
2010-10-14,16.8477,12.4539,-7.0888,-25.6330,25.3717,14.6277
2010-10-15,16.6984,12.4509,-7.4618,-24.9515,25.2992,14.5511
2010-10-16,16.6058,12.4473,-7.7183,-25.0876,25.2537,14.5030
2010-10-17,16.5557,12.4871,-7.6884,-25.1294,25.2528,14.4979
2010-10-18,16.4903,12.5832,-7.5444,-25.1174,25.2704,14.5132
2010-10-19,16.4574,12.6961,-7.2492,-25.3239,25.2976,14.5533
2010-10-20,16.3914,12.8359,-7.2732,-24.9609,25.3086,14.5907
2010-10-21,16.1833,12.9643,-7.7008,-24.2253,25.3222,14.5505
2010-10-22,15.9892,12.9542,-8.2000,-24.2977,25.3422,14.4480
2010-10-23,15.7998,12.9193,-8.8797,-24.5212,25.3135,14.3357
2010-10-24,15.6590,12.9291,-9.5043,-24.8207,25.3211,14.2703
2010-10-25,15.4902,12.9179,-10.1935,-25.3272,25.3084,14.1797
2010-10-26,15.2940,12.9403,-11.1633,-25.6068,25.2710,14.0927
2010-10-27,15.1152,12.9436,-11.9847,-25.5414,25.2552,14.0050
2010-10-28,14.9681,13.0103,-12.5078,-24.8217,25.2779,13.9645
2010-10-29,14.8397,13.0637,-12.8424,-23.8415,25.2556,13.9268
2010-10-30,14.8490,13.0438,-12.7088,-23.6454,25.2307,13.9215
2010-10-31,14.8809,13.1612,-12.5338,-22.4901,25.1675,13.9963
2010-11-01,14.7193,13.2545,-12.6090,-22.3599,25.1432,13.9621
2010-11-02,14.6013,13.3446,-12.9746,-22.7140,25.1367,13.9482
2010-11-03,14.5435,13.3711,-13.4437,-22.6985,25.1611,13.9327
2010-11-04,14.5357,13.3693,-13.8479,-22.3689,25.1907,13.9279
2010-11-05,14.4960,13.4422,-13.7904,-21.6208,25.1981,13.9443
2010-11-06,14.4062,13.5547,-13.4946,-20.9006,25.1574,13.9560
2010-11-07,14.2371,13.6980,-13.4367,-19.9888,25.1384,13.9432
2010-11-08,14.1319,13.7917,-13.6946,-18.7717,25.1487,13.9370
2010-11-09,14.0910,13.8578,-14.1122,-18.0670,25.1464,13.9497
2010-11-10,13.9984,13.8902,-14.4666,-17.9822,25.1186,13.9197
2010-11-11,13.9052,13.8863,-14.6449,-18.0310,25.1016,13.8711
2010-11-12,13.7811,13.8714,-14.7897,-18.3582,25.0818,13.8015
2010-11-13,13.6443,13.9195,-15.0818,-18.5229,25.0473,13.7573
2010-11-14,13.5323,13.9572,-15.8170,-18.6142,25.0349,13.7199
2010-11-15,13.5006,13.9438,-16.4646,-18.9581,25.0398,13.6971
2010-11-16,13.3651,13.9180,-16.7054,-19.0462,25.0316,13.6166
2010-11-17,13.0959,13.9704,-16.6693,-18.8148,24.9981,13.5078
2010-11-18,12.7916,14.0661,-16.8704,-18.5685,24.9904,13.4033
2010-11-19,12.6088,14.1481,-17.2784,-18.5727,25.0110,13.3531
2010-11-20,12.4517,14.2426,-17.3887,-18.6183,25.0583,13.3212
2010-11-21,12.2613,14.2488,-16.6603,-18.6653,25.0426,13.2290
2010-11-22,12.0597,14.2786,-16.3115,-18.8946,25.0394,13.1428
2010-11-23,11.8345,14.3071,-16.7870,-19.1522,25.0472,13.0441
2010-11-24,11.8005,14.3191,-16.7603,-19.0959,25.0249,13.0330
2010-11-25,11.6864,14.2984,-17.0701,-19.0572,24.9519,12.9653
2010-11-26,11.5518,14.3722,-17.4335,-18.9223,24.9574,12.9354
2010-11-27,11.4701,14.3996,-17.3972,-18.8741,25.0048,12.9082
2010-11-28,11.3976,14.4086,-17.0588,-18.4910,25.0310,12.8760
2010-11-29,11.3115,14.3627,-17.0733,-18.6898,25.0450,12.8098
2010-11-30,11.0776,14.3936,-17.8900,-18.6794,25.0177,12.7078
2010-12-01,10.8142,14.4846,-18.7697,-18.6783,24.9552,12.6219
2010-12-02,10.6326,14.5856,-19.9260,-18.5435,24.9457,12.5814
2010-12-03,10.6196,14.6972,-20.5851,-18.1806,24.9840,12.6308
2010-12-04,10.6905,14.7778,-20.9602,-17.8690,25.0167,12.7067
2010-12-05,10.6076,14.8032,-21.7451,-17.4688,24.9701,12.6781
2010-12-06,10.3884,14.8757,-22.3103,-16.8384,24.8933,12.6049
2010-12-07,10.2555,14.9662,-22.4694,-15.5242,24.8150,12.5832
2010-12-08,10.1324,15.0690,-22.4094,-13.9800,24.7570,12.5732
2010-12-09,10.1074,15.1198,-21.7752,-13.0652,24.7026,12.5862
2010-12-10,9.9982,15.2224,-20.9251,-12.2791,24.6956,12.5826
2010-12-11,9.8783,15.2972,-20.4246,-12.1112,24.7469,12.5598
2010-12-12,9.7046,15.3061,-19.8481,-12.2194,24.7472,12.4774
2010-12-13,9.6504,15.3333,-19.5880,-12.2609,24.6471,12.4640
2010-12-14,9.7077,15.3154,-19.7462,-12.3623,24.5511,12.4837
2010-12-15,9.6930,15.3444,-19.9478,-12.3523,24.5475,12.4912
2010-12-16,9.8178,15.4001,-18.9442,-12.2436,24.5778,12.5814
2010-12-17,9.8147,15.4385,-18.4625,-12.0453,24.5897,12.5991
2010-12-18,9.8054,15.4676,-18.5100,-11.9844,24.6386,12.6089
2010-12-19,9.7718,15.4796,-18.7259,-12.0763,24.6404,12.5980
2010-12-20,9.7216,15.4829,-18.7822,-11.9787,24.5922,12.5746
2010-12-21,9.6497,15.5358,-18.3864,-11.8260,24.5500,12.5654
2010-12-22,9.6644,15.6754,-18.4585,-11.6956,24.6028,12.6426
2010-12-23,9.6546,15.8164,-18.9346,-11.7148,24.6536,12.7087
2010-12-24,9.4386,15.8979,-20.1337,-11.6374,24.7159,12.6411
2010-12-25,9.3387,15.9494,-20.9644,-11.5023,24.6907,12.6168
2010-12-26,9.2961,15.9173,-21.5345,-11.5331,24.6197,12.5795
2010-12-27,9.1271,15.8961,-21.8913,-11.6668,24.5640,12.4842
2010-12-28,8.9941,15.9144,-22.5979,-11.8818,24.5003,12.4266
2010-12-29,8.9586,15.9880,-22.8865,-12.0232,24.4998,12.4458
2010-12-30,8.8479,16.0377,-22.7600,-12.3288,24.4783,12.4145
2010-12-31,8.7682,16.0051,-21.8895,-12.5055,24.4856,12.3585
2011-01-01,8.7972,15.9417,-20.4187,-12.5570,24.4876,12.3411
2011-01-02,8.8571,15.9240,-20.0620,-12.5162,24.4953,12.3623
2011-01-03,8.8562,15.9203,-19.3780,-12.4942,24.5431,12.3600
2011-01-04,8.8641,15.9152,-18.9561,-12.5862,24.6105,12.3617
2011-01-05,8.9029,15.9314,-18.9626,-12.3948,24.6167,12.3894
2011-01-06,8.9091,16.0023,-19.1036,-12.2611,24.5721,12.4277
2011-01-07,8.9261,16.0521,-19.2113,-12.3489,24.5170,12.4611
2011-01-08,8.9214,16.0597,-19.4235,-12.3555,24.5026,12.4626
2011-01-09,8.7660,16.0867,-19.5741,-12.4172,24.5252,12.3985
2011-01-10,8.6150,16.1326,-19.8282,-12.4097,24.5432,12.3455
2011-01-11,8.5039,16.1399,-20.2997,-12.3913,24.5205,12.2932
2011-01-12,8.5077,16.1590,-20.7342,-12.1898,24.4994,12.3049
2011-01-13,8.5739,16.1051,-20.9020,-12.3884,24.4964,12.3111
2011-01-14,8.5647,16.1422,-21.1946,-12.4032,24.5358,12.3252
2011-01-15,8.4492,16.2454,-21.2871,-12.2988,24.5376,12.3191
2011-01-16,8.3918,16.2770,-21.5247,-12.2882,24.4843,12.3064
2011-01-17,8.3402,16.2644,-22.0012,-12.3811,24.4399,12.2737
2011-01-18,8.2845,16.2470,-22.2390,-12.5176,24.4094,12.2373
2011-01-19,8.2006,16.2460,-22.1111,-12.7695,24.4291,12.1946
2011-01-20,8.0889,16.2306,-22.1068,-12.7650,24.4647,12.1309
2011-01-21,8.0750,16.2306,-22.1746,-12.6578,24.5016,12.1239
2011-01-22,8.0695,16.2726,-22.3681,-12.6411,24.5746,12.1425
2011-01-23,8.0617,16.3177,-22.8505,-12.9145,24.6699,12.1610
2011-01-24,8.1828,16.3208,-22.5740,-13.2379,24.7360,12.2232
2011-01-25,8.4086,16.3712,-22.2832,-13.3170,24.7998,12.3613
2011-01-26,8.5140,16.4166,-22.1231,-13.4648,24.8076,12.4368
2011-01-27,8.5987,16.4355,-22.2747,-13.4640,24.8141,12.4890
2011-01-28,8.7632,16.4301,-22.8087,-13.4243,24.8632,12.5688
2011-01-29,8.8312,16.4206,-22.5355,-13.6685,24.9088,12.5979
2011-01-30,8.8463,16.4224,-22.0677,-14.2756,24.9478,12.6063
2011-01-31,8.8241,16.3827,-22.1802,-14.6412,24.9795,12.5751
2011-02-01,8.7866,16.3012,-22.5243,-15.0591,24.9603,12.5162
2011-02-02,8.8556,16.2376,-22.7774,-15.4573,24.9301,12.5183
2011-02-03,8.9740,16.2339,-23.2164,-15.6102,24.8789,12.5758
2011-02-04,9.0379,16.1839,-24.0253,-15.7984,24.7881,12.5825
2011-02-05,9.1334,16.1107,-24.6427,-15.9366,24.7842,12.5937
2011-02-06,9.1232,16.0538,-25.0506,-16.2214,24.8348,12.5600
2011-02-07,8.9840,16.0818,-24.8606,-16.5519,24.8743,12.5042
2011-02-08,8.8415,16.1211,-24.2590,-16.9049,24.8892,12.4522
2011-02-09,8.6743,16.1527,-23.4616,-17.0295,24.9580,12.3844
2011-02-10,8.6341,16.1135,-22.9146,-17.2791,24.9687,12.3446
2011-02-11,8.7403,16.0767,-22.4218,-17.3815,24.9711,12.3794
2011-02-12,8.8222,16.0697,-21.6519,-17.5917,24.9333,12.4166
2011-02-13,8.8340,16.0849,-21.2494,-17.4570,24.8863,12.4302
2011-02-14,8.9284,16.0889,-21.5900,-17.4974,24.8988,12.4795
2011-02-15,9.1544,16.1146,-21.0255,-17.2108,24.9575,12.6056
2011-02-16,9.3048,16.1739,-20.9525,-16.7333,25.0852,12.7106
2011-02-17,9.3914,16.2147,-21.2442,-16.6233,25.2049,12.7741
2011-02-18,9.3703,16.1552,-21.0311,-16.9621,25.2280,12.7337
2011-02-19,9.3332,16.0864,-21.5211,-17.2521,25.2320,12.6808
2011-02-20,9.3676,16.0186,-22.2239,-17.4831,25.2295,12.6641
2011-02-21,9.3294,15.9788,-22.7181,-17.3338,25.2083,12.6247
2011-02-22,9.2850,15.9331,-22.9724,-17.5632,25.1618,12.5799
2011-02-23,9.3265,15.8692,-22.5727,-18.4515,25.1712,12.5688
2011-02-24,9.3960,15.7592,-21.7238,-19.2032,25.1517,12.5488
2011-02-25,9.3634,15.7709,-21.1333,-19.4594,25.1187,12.5383
2011-02-26,9.3144,15.7807,-21.0804,-20.0993,25.0915,12.5183
2011-02-27,9.4851,15.7174,-20.7311,-20.7199,25.1361,12.5724
2011-02-28,9.6678,15.6602,-20.2116,-21.3832,25.2393,12.6348
2011-03-01,9.7666,15.6045,-20.0841,-21.4454,25.2731,12.6566
2011-03-02,9.7646,15.6140,-20.4280,-21.5402,25.2892,12.6599
2011-03-03,9.9314,15.5832,-20.4092,-21.3601,25.2855,12.7284
2011-03-04,10.1142,15.5414,-20.2428,-21.4936,25.3074,12.7990
2011-03-05,10.3357,15.5284,-19.5011,-21.6356,25.3625,12.9031
2011-03-06,10.5211,15.5656,-19.2525,-21.9356,25.4259,13.0149
2011-03-07,10.6218,15.5420,-19.7670,-22.6441,25.4680,13.0535
2011-03-08,10.7189,15.5027,-20.3213,-23.0651,25.4801,13.0823
2011-03-09,10.7454,15.4454,-20.8349,-23.5426,25.4712,13.0673
2011-03-10,10.7697,15.3988,-21.0479,-23.7167,25.4344,13.0561
2011-03-11,10.8859,15.4386,-20.6252,-23.6439,25.4036,13.1342
2011-03-12,10.9869,15.4840,-20.3484,-23.6202,25.4596,13.2073
2011-03-13,11.0927,15.3535,-20.3590,-24.1688,25.4753,13.1946
2011-03-14,11.2024,15.2882,-19.7001,-24.2186,25.4371,13.2173
2011-03-15,11.2142,15.2983,-19.4287,-24.3109,25.3551,13.2281
2011-03-16,11.3137,15.3569,-19.1503,-23.6425,25.3068,13.3074
2011-03-17,11.4086,15.3631,-18.8159,-23.5324,25.3312,13.3584
2011-03-18,11.5680,15.2950,-18.4587,-23.6060,25.4185,13.4036
2011-03-19,11.7468,15.1976,-18.2254,-24.0749,25.4707,13.4446
2011-03-20,11.8743,15.1685,-17.2852,-24.5829,25.5167,13.4937
2011-03-21,12.0070,15.1489,-16.2614,-24.6830,25.5646,13.5506
2011-03-22,12.0866,15.1061,-15.8946,-25.0054,25.5365,13.5690
2011-03-23,12.1921,15.0666,-15.5605,-25.1953,25.5777,13.6016
2011-03-24,12.3493,15.0596,-14.5645,-25.3155,25.6069,13.6772
2011-03-25,12.4458,15.0528,-13.5393,-25.2316,25.5773,13.7219
2011-03-26,12.5977,15.0036,-12.9376,-25.3043,25.5527,13.7733
2011-03-27,12.7202,15.0133,-13.3982,-24.8746,25.5628,13.8393
2011-03-28,12.8998,15.0425,-13.9513,-24.8034,25.6403,13.9439
2011-03-29,13.0699,15.0179,-14.4425,-25.3475,25.7169,14.0164
2011-03-30,13.1863,14.9713,-14.6080,-26.0182,25.7527,14.0517
2011-03-31,13.3453,14.9185,-14.6861,-26.4683,25.8031,14.1048
2011-04-01,13.4017,14.8478,-15.2682,-26.6028,25.8044,14.0979
2011-04-02,13.3566,14.7389,-15.9195,-26.7938,25.8081,14.0207
2011-04-03,13.3292,14.7034,-16.3980,-26.8775,25.7870,13.9892
2011-04-04,13.2059,14.6107,-17.0173,-27.0689,25.7005,13.8809
2011-04-05,13.1337,14.5411,-17.2211,-27.3347,25.6064,13.8099
2011-04-06,13.2060,14.4656,-17.6807,-27.9280,25.6293,13.8082
2011-04-07,13.3399,14.4589,-17.7226,-28.1133,25.6916,13.8721
2011-04-08,13.5951,14.4068,-17.2422,-28.4633,25.7068,13.9733
2011-04-09,13.8277,14.3673,-17.0331,-28.1066,25.6697,14.0706
2011-04-10,13.9582,14.3437,-17.1084,-27.6182,25.6784,14.1238
2011-04-11,14.0897,14.3171,-17.1462,-27.4706,25.7258,14.1771
2011-04-12,14.0758,14.3034,-16.5167,-27.1460,25.7291,14.1630
2011-04-13,14.1757,14.4372,-15.4860,-25.7723,25.7879,14.2800
2011-04-14,14.2724,14.5099,-14.1086,-24.7281,25.8288,14.3652
2011-04-15,14.3755,14.4211,-13.2647,-25.0232,25.8336,14.3725
2011-04-16,14.5553,14.2837,-12.5595,-26.2064,25.8495,14.3936
2011-04-17,14.7996,14.2533,-11.9719,-27.1652,25.9166,14.5012
2011-04-18,15.0609,14.1836,-11.5966,-27.6147,25.9138,14.5967
2011-04-19,15.0728,14.1569,-11.4916,-27.6643,25.8701,14.5893
2011-04-20,15.0724,14.0935,-11.2529,-28.2363,25.8230,14.5575
2011-04-21,15.1588,14.0037,-10.7980,-29.0390,25.8643,14.5557
2011-04-22,15.2248,13.9770,-10.3100,-29.3793,25.8613,14.5750
2011-04-23,15.2860,13.9104,-9.8396,-29.4391,25.8153,14.5728
2011-04-24,15.4442,13.8586,-8.9748,-29.0508,25.7888,14.6258
2011-04-25,15.6231,13.9145,-8.5577,-27.6540,25.8075,14.7437
2011-04-26,15.8096,13.9323,-8.4892,-27.3307,25.8433,14.8460
2011-04-27,15.9675,13.9080,-8.5392,-27.3502,25.8717,14.9131
2011-04-28,16.0415,13.8567,-8.6230,-27.9458,25.9026,14.9241
2011-04-29,16.1023,13.8257,-8.4131,-28.2761,25.9281,14.9388
2011-04-30,16.1442,13.7313,-8.0966,-28.8725,25.9163,14.9122
2011-05-01,16.1138,13.5973,-8.2558,-29.4379,25.8447,14.8299
2011-05-02,16.1356,13.3923,-8.3426,-30.2191,25.8064,14.7381
2011-05-03,16.2434,13.2659,-7.9051,-30.9897,25.7813,14.7289
2011-05-04,16.3977,13.3049,-7.6675,-30.9919,25.8136,14.8260
2011-05-05,16.5857,13.2926,-7.8906,-31.2008,25.9019,14.9139
2011-05-06,16.7933,13.2344,-7.9833,-31.0979,25.9787,14.9888
2011-05-07,16.8764,13.2926,-8.1189,-30.5415,26.0010,15.0598
2011-05-08,16.9204,13.3158,-7.9380,-30.1385,26.0160,15.0931
2011-05-09,16.9477,13.2491,-7.8748,-30.2314,25.9771,15.0738
2011-05-10,17.0359,13.2545,-7.7036,-29.3977,25.9166,15.1208
2011-05-11,17.0408,13.2951,-7.3407,-28.0396,25.8445,15.1435
2011-05-12,17.0639,13.2062,-7.0982,-28.2175,25.7756,15.1102
2011-05-13,17.1401,13.1063,-6.8059,-28.8242,25.7705,15.0985
2011-05-14,17.1897,13.0718,-6.1424,-28.8785,25.7892,15.1060
2011-05-15,17.2077,13.0166,-6.0177,-29.3198,25.7057,15.0873
2011-05-16,17.3513,12.9787,-5.8893,-29.7346,25.6890,15.1403
2011-05-17,17.4894,12.8950,-5.5971,-30.2247,25.6957,15.1679
2011-05-18,17.6262,12.8428,-4.8462,-30.5896,25.6785,15.2104
2011-05-19,17.7894,12.7891,-4.0793,-30.9052,25.6645,15.2654
2011-05-20,17.9867,12.7806,-3.3162,-30.7403,25.6603,15.3602
2011-05-21,18.1558,12.8346,-2.5964,-30.3933,25.7038,15.4722
2011-05-22,18.2587,12.7927,-2.1072,-30.9708,25.7136,15.5027
2011-05-23,18.2760,12.6601,-1.5023,-32.1846,25.6930,15.4447
2011-05-24,18.3442,12.5725,-1.2308,-32.0456,25.6791,15.4351
2011-05-25,18.4575,12.4959,-1.0185,-31.9810,25.6252,15.4533
2011-05-26,18.5845,12.3754,-0.8550,-31.9300,25.5757,15.4565
2011-05-27,18.7408,12.3290,-0.6286,-31.8262,25.5631,15.5117
2011-05-28,18.8365,12.2778,-0.3389,-32.1462,25.5517,15.5340
2011-05-29,18.9693,12.2398,0.0258,-32.4977,25.5868,15.5819
2011-05-30,19.1280,12.2041,0.1218,-32.4431,25.6293,15.6430
2011-05-31,19.2420,12.2245,0.1881,-31.6830,25.6515,15.7106
2011-06-01,19.2786,12.2279,-0.0057,-31.3271,25.6465,15.7303
2011-06-02,19.2833,12.2056,-0.1826,-30.9383,25.6300,15.7215
2011-06-03,19.3729,12.1946,0.1254,-31.1643,25.6399,15.7610
2011-06-04,19.5171,12.1732,0.4974,-31.1833,25.6294,15.8227
2011-06-05,19.6996,12.1470,0.9577,-31.1177,25.6151,15.9011
2011-06-06,19.8556,12.1543,1.3459,-30.5591,25.6471,15.9826
2011-06-07,19.9267,12.2481,1.5308,-29.7893,25.6869,16.0652
2011-06-08,19.9671,12.2313,1.6299,-29.9567,25.6520,16.0770
2011-06-09,19.9474,12.1551,1.5189,-30.2256,25.6718,16.0290
2011-06-10,19.9328,12.0220,1.6088,-30.6349,25.5682,15.9550
2011-06-11,19.9531,11.9636,1.6864,-30.7450,25.4705,15.9363
2011-06-12,20.0161,11.9289,1.7939,-31.1014,25.4261,15.9507
2011-06-13,20.1197,11.8100,1.9833,-31.6652,25.4211,15.9433
2011-06-14,20.2129,11.7151,2.2699,-31.7703,25.4123,15.9419
2011-06-15,20.2741,11.7750,2.2942,-30.7624,25.4220,16.0030
2011-06-16,20.2964,11.8737,2.5122,-29.8727,25.4175,16.0638
2011-06-17,20.3232,11.8546,2.6999,-30.2145,25.3840,16.0673
2011-06-18,20.4094,11.8189,2.8231,-31.1532,25.3419,16.0931
2011-06-19,20.4624,11.8331,2.9503,-31.6186,25.3285,16.1266
2011-06-20,20.4812,11.8183,3.1045,-31.7840,25.3395,16.1288
2011-06-21,20.5639,11.7623,3.1072,-31.3880,25.3242,16.1422
2011-06-22,20.6385,11.6558,3.4445,-31.7902,25.2933,16.1264
2011-06-23,20.6521,11.5641,3.5990,-32.6582,25.2133,16.0874
2011-06-24,20.6840,11.5521,3.7389,-32.2347,25.1949,16.0974
2011-06-25,20.6733,11.5694,3.5001,-31.3517,25.1939,16.1002
2011-06-26,20.7175,11.4822,3.4202,-31.9944,25.1196,16.0790
2011-06-27,20.7940,11.3508,3.2326,-32.2783,25.0498,16.0519
2011-06-28,20.8310,11.2846,3.3084,-32.7850,25.0179,16.0373
2011-06-29,20.8256,11.2635,3.3121,-33.6295,25.0301,16.0240
2011-06-30,20.8465,11.2873,3.4344,-34.1681,25.0936,16.0462
2011-07-01,20.9022,11.2787,3.8137,-33.3137,25.1150,16.0695
2011-07-02,20.9831,11.2395,4.2008,-32.8195,25.0670,16.0904
2011-07-03,21.0842,11.2510,4.3852,-31.8044,25.0529,16.1469
2011-07-04,21.1031,11.3446,4.4531,-30.0756,24.9948,16.2032
2011-07-05,21.1764,11.3259,4.4646,-30.0243,24.9489,16.2307
2011-07-06,21.2798,11.3262,4.4781,-30.9402,24.9684,16.2830
2011-07-07,21.3494,11.3402,4.4499,-31.2493,25.0005,16.3248
2011-07-08,21.4161,11.2930,4.4996,-31.0689,24.9573,16.3347
2011-07-09,21.4639,11.3442,4.5723,-30.3518,24.9430,16.3842
2011-07-10,21.4545,11.4543,4.7226,-29.2080,24.8994,16.4350
2011-07-11,21.4699,11.5484,4.8037,-28.1191,24.8825,16.4899
2011-07-12,21.4960,11.6131,4.7032,-27.4629,24.9320,16.5352
2011-07-13,21.4988,11.5774,4.5883,-27.7529,24.9639,16.5187
2011-07-14,21.5164,11.5865,4.7258,-27.6802,24.9829,16.5318
2011-07-15,21.5649,11.4699,4.8197,-28.9009,24.9959,16.4979
2011-07-16,21.6216,11.4145,4.8648,-29.4841,25.0429,16.4984
2011-07-17,21.7370,11.3585,4.8566,-29.7410,25.0774,16.5282
2011-07-18,21.7988,11.2998,4.8400,-30.0040,25.0714,16.5297
2011-07-19,21.8539,11.1770,4.9741,-30.9834,25.1160,16.4956
2011-07-20,21.8152,11.0859,5.1069,-31.7065,25.0920,16.4308
2011-07-21,21.7342,11.0447,4.9636,-31.3200,24.9909,16.3696
2011-07-22,21.7185,11.0240,4.8636,-30.9789,24.9453,16.3516
2011-07-23,21.7064,10.9805,5.0377,-31.6878,24.9186,16.3235
2011-07-24,21.7174,10.9550,5.0025,-32.0868,24.9120,16.3164
2011-07-25,21.7543,10.9271,4.8119,-31.8614,24.8970,16.3211
2011-07-26,21.7750,10.9268,4.5411,-31.1323,24.8889,16.3311
2011-07-27,21.7896,10.9835,4.6606,-30.5269,24.9147,16.3672
2011-07-28,21.8022,11.0616,4.6321,-30.1903,24.9340,16.4126
2011-07-29,21.7732,11.0397,4.5021,-30.5763,24.9501,16.3870
2011-07-30,21.7540,10.9992,4.4725,-30.1309,24.9347,16.3571
2011-07-31,21.8272,11.0716,4.7414,-29.3766,24.9760,16.4300
2011-08-01,21.8731,11.0938,4.9143,-29.1782,24.9716,16.4644
2011-08-02,21.9259,11.0619,4.8578,-29.6328,24.9717,16.4746
2011-08-03,21.8497,10.9741,4.6713,-30.2684,24.9601,16.3922
2011-08-04,21.8614,10.8192,4.4976,-30.8771,24.9841,16.3206
2011-08-05,21.8101,10.8625,4.4679,-30.4464,24.9820,16.3167
2011-08-06,21.7864,10.9809,4.7434,-30.3550,25.0043,16.3643
2011-08-07,21.7476,11.0190,4.7245,-30.2031,25.0143,16.3637
2011-08-08,21.7010,11.0879,4.4549,-29.9151,25.0364,16.3751
2011-08-09,21.6550,11.1496,4.3773,-29.5730,25.0749,16.3829
2011-08-10,21.5995,11.2173,4.3892,-29.1035,25.1073,16.3893
2011-08-11,21.5922,11.2375,4.5265,-29.0682,25.0868,16.3960
2011-08-12,21.5283,11.1745,4.4734,-29.9623,25.0036,16.3324
2011-08-13,21.5141,11.1490,4.1764,-30.5149,24.9826,16.3128
2011-08-14,21.4628,11.0189,3.8738,-31.4318,24.9298,16.2218
2011-08-15,21.4230,11.0218,3.5891,-32.0207,24.9018,16.2028
2011-08-16,21.3345,11.0759,3.4689,-31.8606,24.8956,16.1859
2011-08-17,21.2953,11.0054,3.4147,-31.6472,24.8518,16.1309
2011-08-18,21.2948,10.9024,3.3325,-32.3704,24.8663,16.0790
2011-08-19,21.2376,10.8043,3.1819,-32.9638,24.8552,16.0008
2011-08-20,21.2507,10.6558,3.1066,-33.0794,24.8106,15.9328
2011-08-21,21.2762,10.6460,3.0283,-32.5670,24.7751,15.9408
2011-08-22,21.2485,10.7226,2.8423,-32.4053,24.7809,15.9656
2011-08-23,21.1790,10.8973,2.7198,-31.5466,24.7826,16.0182
2011-08-24,21.1152,11.1581,2.4331,-30.3966,24.8529,16.1173
2011-08-25,21.0963,11.3255,2.2458,-29.7203,25.0063,16.1915
2011-08-26,21.1077,11.4244,2.3496,-29.2643,25.0997,16.2466
2011-08-27,21.0677,11.5327,2.4152,-28.5772,25.1503,16.2805
2011-08-28,20.9952,11.5700,2.4427,-28.1133,25.1697,16.2631
2011-08-29,20.9063,11.4735,2.2229,-28.7753,25.1763,16.1700
2011-08-30,20.8438,11.3436,2.1258,-29.8531,25.1544,16.0736
2011-08-31,20.8220,11.1777,1.9700,-30.4437,25.1269,15.9794
2011-09-01,20.7554,11.1663,1.6796,-30.4447,25.0975,15.9403
2011-09-02,20.6790,11.2667,1.4964,-30.0982,25.1310,15.9523
2011-09-03,20.5982,11.4203,1.2939,-29.7328,25.1640,15.9890
2011-09-04,20.4823,11.4478,1.2152,-30.1142,25.1332,15.9443
2011-09-05,20.4181,11.4730,1.1492,-30.4037,25.1217,15.9250
2011-09-06,20.2514,11.4239,0.8672,-30.7326,25.1489,15.8170
2011-09-07,20.1527,11.4519,0.6943,-31.0151,25.1587,15.7814
2011-09-08,20.0860,11.4615,0.5373,-30.7542,25.0998,15.7529
2011-09-09,20.0833,11.4617,0.4835,-30.3213,25.0543,15.7518
2011-09-10,20.0787,11.4657,0.3690,-30.2799,25.0508,15.7518
2011-09-11,20.0554,11.3839,0.3052,-31.1491,25.0626,15.6990
2011-09-12,20.0257,11.3383,0.3455,-31.9932,25.0846,15.6612
2011-09-13,19.9245,11.3312,0.4734,-32.3239,25.1157,15.6069
2011-09-14,19.7455,11.3307,0.2113,-32.7694,25.0972,15.5169
2011-09-15,19.5881,11.3169,-0.1729,-33.4892,25.1138,15.4312
2011-09-16,19.4264,11.3090,-0.2563,-33.8917,25.0769,15.3464
2011-09-17,19.3772,11.2697,-0.2616,-33.5490,25.0657,15.3018
2011-09-18,19.3695,11.2321,-0.2970,-33.5353,25.0444,15.2792
2011-09-19,19.3386,11.1914,-0.5931,-34.2244,25.1072,15.2431
2011-09-20,19.2520,11.1316,-0.8656,-34.5437,25.1283,15.1697
2011-09-21,19.2162,11.2405,-1.0463,-33.9717,25.1915,15.2060
2011-09-22,19.1420,11.3221,-1.4512,-33.6984,25.2683,15.2097
2011-09-23,19.0621,11.3220,-1.8304,-33.7468,25.3115,15.1697
2011-09-24,19.0901,11.3220,-2.1589,-33.5479,25.3086,15.1838
2011-09-25,19.0765,11.4046,-2.2074,-32.6736,25.2736,15.2183
2011-09-26,18.9979,11.5818,-2.4462,-31.1640,25.2703,15.2678
2011-09-27,18.8134,11.7064,-2.8616,-30.0423,25.2825,15.2377
2011-09-28,18.6679,11.7550,-2.9348,-29.2380,25.3108,15.1892
2011-09-29,18.4666,11.8352,-2.9216,-28.4896,25.3234,15.1286
2011-09-30,18.3656,11.9402,-3.1598,-27.4922,25.3370,15.1305
2011-10-01,18.2410,11.8696,-3.3674,-27.4123,25.2880,15.0325
2011-10-02,18.0971,11.8847,-3.6937,-26.7275,25.2393,14.9682
2011-10-03,18.0308,11.9991,-3.8297,-25.4288,25.1862,14.9925
2011-10-04,17.9970,12.1277,-4.0822,-24.1593,25.1769,15.0396
2011-10-05,17.9432,12.1829,-4.5454,-24.1962,25.2057,15.0400
2011-10-06,17.8946,12.1733,-4.8887,-24.8822,25.1741,15.0113
2011-10-07,17.8383,12.2061,-5.2820,-25.3624,25.1664,14.9992
2011-10-08,17.7411,12.1928,-5.7826,-25.6261,25.1867,14.9440
2011-10-09,17.6444,12.2225,-6.1380,-26.3363,25.2382,14.9102
2011-10-10,17.5272,12.1747,-6.3790,-27.4534,25.2562,14.8276
2011-10-11,17.4498,12.1638,-6.6804,-28.1889,25.2144,14.7837
2011-10-12,17.3003,12.1873,-6.9766,-28.8040,25.1815,14.7204
2011-10-13,17.1577,12.2832,-7.1935,-28.8319,25.1977,14.6970
2011-10-14,17.0122,12.2660,-7.1955,-28.7669,25.1419,14.6158
2011-10-15,16.8560,12.2930,-7.2102,-28.5212,25.1580,14.5512
2011-10-16,16.7041,12.3144,-7.5987,-28.2364,25.1798,14.4856
2011-10-17,16.5644,12.2884,-7.9629,-28.1419,25.1478,14.4028
2011-10-18,16.4386,12.2964,-8.1547,-28.4244,25.0954,14.3437
2011-10-19,16.3349,12.3167,-8.2949,-28.4267,25.0832,14.3020
2011-10-20,16.1691,12.3908,-8.6790,-27.6339,25.0359,14.2560
2011-10-21,15.9983,12.4837,-8.9046,-27.1403,25.0095,14.2171
2011-10-22,15.8020,12.5705,-9.3644,-26.9204,25.0040,14.1623
2011-10-23,15.6655,12.7187,-9.6260,-26.2001,25.0711,14.1679
2011-10-24,15.5655,12.8013,-10.0541,-26.1890,25.1802,14.1594
2011-10-25,15.4289,12.8971,-10.5332,-25.5161,25.2561,14.1385
2011-10-26,15.2176,12.9063,-10.9921,-25.3207,25.2353,14.0373
2011-10-27,15.0431,12.9733,-11.3253,-24.8760,25.2336,13.9839
2011-10-28,14.8056,13.0143,-11.7463,-24.9932,25.2492,13.8850
2011-10-29,14.6383,12.9886,-12.3638,-25.1590,25.2251,13.7882
2011-10-30,14.4773,12.8881,-13.1519,-25.2115,25.1185,13.6571
2011-10-31,14.3987,12.9049,-13.8291,-24.5706,25.0988,13.6263
2011-11-01,14.3651,13.0153,-13.9651,-23.4416,25.0667,13.6646
2011-11-02,14.2710,13.1531,-14.2629,-22.3347,25.0604,13.6866
2011-11-03,14.0814,13.3334,-14.9425,-21.1544,25.0504,13.6816
2011-11-04,13.9383,13.4541,-15.0839,-20.5830,25.0699,13.6704
2011-11-05,13.7687,13.5489,-14.8304,-20.0899,25.0951,13.6332
2011-11-06,13.5318,13.6027,-14.9598,-19.9359,25.0883,13.5415
2011-11-07,13.4381,13.6790,-14.8981,-19.7804,25.0922,13.5326
2011-11-08,13.3043,13.7161,-14.9760,-19.6324,25.0509,13.4840
2011-11-09,13.1443,13.7445,-15.5686,-19.4555,25.0436,13.4183
2011-11-10,13.0398,13.7757,-15.2498,-19.2351,25.0454,13.3812
2011-11-11,13.0365,13.8340,-14.9175,-19.4881,24.9967,13.4095
2011-11-12,13.0415,13.9625,-15.1284,-19.3350,25.0748,13.4763
2011-11-13,13.0683,14.0402,-15.1078,-18.8851,25.0959,13.5288
2011-11-14,12.9633,14.0633,-15.3956,-18.6995,25.0831,13.4877
2011-11-15,12.7686,14.0784,-15.5194,-18.6692,25.0263,13.3974
2011-11-16,12.5783,14.1120,-15.2271,-18.5240,25.0220,13.3193
2011-11-17,12.4381,14.1903,-15.3062,-18.2111,25.0412,13.2880
2011-11-18,12.2822,14.2040,-15.4361,-17.9211,25.0250,13.2166
2011-11-19,12.1714,14.1535,-15.8625,-17.8880,25.0010,13.1359
2011-11-20,11.9929,14.0840,-16.4125,-17.6661,24.9315,13.0117
2011-11-21,11.8732,14.1326,-16.6854,-17.0844,24.9143,12.9756
2011-11-22,11.7961,14.1394,-16.5296,-16.6903,24.8640,12.9403
2011-11-23,11.6135,14.2676,-16.7600,-16.0859,24.8148,12.9133
2011-11-24,11.4572,14.4221,-17.4426,-15.4848,24.8518,12.9124
2011-11-25,11.4645,14.5320,-18.3368,-15.6132,24.9135,12.9710
2011-11-26,11.4144,14.5749,-18.8364,-15.7598,24.9177,12.9672
2011-11-27,11.3614,14.6469,-19.0276,-15.6335,24.8991,12.9768
2011-11-28,11.2807,14.7077,-19.1193,-15.8453,24.8957,12.9670
2011-11-29,11.1742,14.6591,-18.8470,-16.1350,24.8585,12.8893
2011-11-30,11.0712,14.5635,-18.9088,-16.3617,24.8274,12.7896
2011-12-01,10.9690,14.5746,-19.4197,-16.6209,24.8191,12.7435
2011-12-02,10.8967,14.6416,-19.5577,-16.5134,24.7977,12.7413
2011-12-03,10.7862,14.6631,-19.4911,-16.3331,24.7350,12.6968
2011-12-04,10.7291,14.6594,-19.2509,-16.1904,24.7156,12.6665
2011-12-05,10.7241,14.6734,-18.8154,-16.0066,24.7163,12.6708
2011-12-06,10.7008,14.7231,-18.7371,-15.9519,24.7555,12.6839
2011-12-07,10.6321,14.8304,-18.3295,-16.0734,24.8267,12.7034
2011-12-08,10.5472,14.8825,-17.9358,-15.9654,24.8044,12.6870
2011-12-09,10.4817,14.9171,-17.8634,-15.9069,24.7698,12.6715
2011-12-10,10.3739,14.9735,-18.1413,-15.5650,24.7279,12.6461
2011-12-11,10.1936,14.9890,-18.1109,-15.5874,24.6851,12.5638
2011-12-12,10.1823,15.0183,-18.1341,-15.6004,24.6831,12.5724
2011-12-13,10.2531,14.9773,-18.2459,-15.7329,24.6432,12.5874
2011-12-14,10.2184,15.0157,-18.1050,-15.6530,24.6589,12.5890
2011-12-15,10.0701,15.0780,-18.4162,-15.2665,24.6645,12.5460
2011-12-16,9.9574,15.1699,-18.8335,-14.4957,24.6345,12.5358
2011-12-17,9.8646,15.2582,-18.9239,-13.5136,24.6053,12.5334
2011-12-18,9.7396,15.3918,-18.9756,-12.6115,24.6165,12.5376
2011-12-19,9.7261,15.5052,-19.4893,-12.1320,24.6673,12.5874
2011-12-20,9.7321,15.6680,-19.6603,-11.4992,24.7139,12.6722
2011-12-21,9.5934,15.7390,-19.8795,-11.3937,24.7056,12.6382
2011-12-22,9.4841,15.7492,-20.1195,-11.3860,24.6873,12.5883
2011-12-23,9.3826,15.8187,-20.3796,-11.1163,24.7176,12.5726
2011-12-24,9.2702,15.8503,-21.1231,-11.0688,24.7225,12.5319
2011-12-25,9.2270,15.8563,-21.6708,-11.2773,24.6935,12.5131
2011-12-26,9.2765,15.8737,-21.5879,-11.3691,24.7284,12.5468
2011-12-27,9.3505,15.9303,-21.6180,-11.3584,24.7700,12.6121
2011-12-28,9.4033,15.9289,-21.6988,-11.6183,24.7804,12.6380
2011-12-29,9.4897,15.9240,-21.9190,-11.7216,24.7776,12.6790
2011-12-30,9.5673,15.9507,-21.7281,-11.8327,24.7719,12.7312
2011-12-31,9.6053,15.9668,-21.4218,-12.1428,24.7682,12.7580
2012-01-01,9.4438,15.9695,-21.3805,-12.3886,24.7468,12.6783
2012-01-02,9.2901,15.9623,-21.2291,-12.7512,24.7142,12.5980
2012-01-03,9.0634,15.9693,-21.0459,-13.0478,24.7322,12.4879
2012-01-04,8.9740,15.9890,-21.3557,-12.8529,24.6843,12.4530
2012-01-05,9.0888,16.0191,-21.6056,-12.6175,24.6679,12.5257
2012-01-06,9.1406,16.0296,-21.2297,-12.6093,24.6631,12.5567
2012-01-07,9.0486,16.0019,-21.1429,-12.8874,24.6851,12.4966
2012-01-08,8.9226,15.9770,-21.3417,-13.1812,24.7013,12.4210
2012-01-09,8.8673,15.9841,-21.1571,-13.0602,24.7046,12.3968
2012-01-10,8.8080,15.9899,-21.2761,-12.8392,24.7050,12.3703
2012-01-11,8.6452,15.9734,-21.3697,-12.7538,24.6674,12.2801
2012-01-12,8.4946,15.9730,-21.8666,-12.8959,24.6378,12.2046
2012-01-13,8.5221,15.9990,-22.1104,-12.9691,24.5771,12.2318
2012-01-14,8.5662,16.0576,-22.0383,-13.0181,24.5457,12.2833
2012-01-15,8.5146,16.1181,-21.1749,-13.1398,24.5710,12.2875
2012-01-16,8.5287,16.1396,-19.4941,-13.3527,24.6406,12.3055
2012-01-17,8.4392,16.1438,-18.0862,-13.5208,24.7089,12.2623
2012-01-18,8.4124,16.1626,-17.0527,-13.6769,24.7188,12.2580
2012-01-19,8.4230,16.1454,-16.8719,-13.9462,24.7036,12.2552
2012-01-20,8.3239,16.1326,-18.0648,-14.0956,24.6995,12.1991
2012-01-21,8.1896,16.1195,-19.7089,-14.2929,24.6777,12.1251
2012-01-22,8.1182,16.1176,-21.1939,-14.4523,24.6489,12.0884
2012-01-23,8.1244,16.1041,-22.3199,-14.7626,24.6993,12.0846
2012-01-24,8.1373,16.0684,-23.2158,-15.1619,24.7635,12.0732
2012-01-25,8.2319,16.0285,-22.9272,-15.3923,24.7503,12.1005
2012-01-26,8.3582,16.0020,-22.1331,-15.5996,24.7290,12.1504
2012-01-27,8.3217,15.9763,-21.6300,-15.8078,24.7331,12.1194
2012-01-28,8.2164,16.0066,-21.5105,-15.9844,24.7983,12.0815
2012-01-29,8.1739,16.0643,-21.1595,-16.0279,24.8625,12.0893
2012-01-30,8.1701,16.0094,-20.8806,-16.1615,24.8753,12.0604
2012-01-31,8.1970,15.9416,-20.6783,-16.2476,24.8715,12.0400
2012-02-01,8.2485,15.9266,-20.6587,-16.4277,24.8631,12.0583
2012-02-02,8.3125,15.9579,-20.7404,-16.7730,24.8671,12.1060
2012-02-03,8.4907,15.9878,-20.6265,-17.1516,24.9079,12.2098
2012-02-04,8.6011,16.0486,-20.6054,-17.1684,25.0208,12.2959
2012-02-05,8.6023,16.0323,-20.7612,-17.1438,25.0810,12.2884
2012-02-06,8.6364,16.0428,-19.9565,-17.2649,25.0315,12.3103
2012-02-07,8.5824,16.0943,-19.0340,-16.9683,24.9501,12.3093
2012-02-08,8.4682,16.1083,-18.3289,-16.8847,24.9195,12.2590
2012-02-09,8.5679,16.1001,-17.7803,-16.8152,24.9675,12.3047
2012-02-10,8.6579,16.0546,-17.0320,-16.9334,24.9881,12.3269
2012-02-11,8.7476,16.0662,-17.3741,-17.0355,25.0478,12.3776
2012-02-12,8.8420,16.0939,-17.9780,-17.1841,25.0853,12.4390
2012-02-13,9.0654,16.1152,-18.7932,-17.1644,25.1112,12.5618
2012-02-14,9.3534,16.1623,-19.1803,-17.6917,25.1769,12.7296
2012-02-15,9.5839,16.1646,-19.6991,-18.0069,25.2033,12.8462
2012-02-16,9.6275,16.1869,-20.0293,-17.9521,25.2394,12.8793
2012-02-17,9.5688,16.2504,-20.3583,-17.5582,25.2376,12.8813
2012-02-18,9.4588,16.2601,-20.4577,-17.0803,25.1424,12.8312
2012-02-19,9.3536,16.2346,-20.8629,-16.8123,25.0671,12.7660
2012-02-20,9.3375,16.1980,-21.3195,-17.0002,25.0902,12.7396
2012-02-21,9.4403,16.0997,-21.7207,-17.6710,25.1234,12.7418
2012-02-22,9.6740,16.0140,-21.9405,-18.4887,25.1762,12.8154
2012-02-23,9.8271,15.9431,-22.1034,-18.8198,25.2200,12.8567
2012-02-24,9.7667,15.8610,-22.3852,-19.0091,25.2247,12.7853
2012-02-25,9.5922,15.8263,-22.8538,-19.3353,25.2355,12.6802
2012-02-26,9.4307,15.8363,-23.5038,-19.3460,25.2133,12.6042
2012-02-27,9.3969,15.8370,-23.6857,-19.5083,25.2285,12.5876
2012-02-28,9.5387,15.8036,-23.2447,-20.0037,25.2862,12.6421
2012-02-29,9.7047,15.8057,-22.9807,-19.9390,25.3433,12.7266
2012-03-01,9.8006,15.6918,-23.0810,-20.7714,25.3644,12.7168
2012-03-02,9.8418,15.6194,-23.0965,-21.7872,25.3750,12.7018
2012-03-03,9.8039,15.5984,-22.5229,-22.4634,25.3606,12.6720
2012-03-04,9.7718,15.6015,-22.2089,-22.9409,25.3142,12.6577
2012-03-05,9.8859,15.6075,-21.6391,-22.8497,25.3294,12.7173
2012-03-06,10.0549,15.5355,-20.8431,-22.8508,25.3549,12.7659
2012-03-07,10.1797,15.5142,-20.3424,-22.9626,25.3466,12.8177
2012-03-08,10.3250,15.5674,-19.9795,-22.7082,25.4124,12.9176
2012-03-09,10.3469,15.5830,-19.9609,-22.7807,25.4081,12.9362
2012-03-10,10.4026,15.5686,-20.1428,-22.6414,25.4214,12.9568
2012-03-11,10.4569,15.5964,-20.3742,-22.3101,25.4521,12.9980
2012-03-12,10.6336,15.5804,-21.0383,-22.4473,25.4778,13.0785
2012-03-13,10.9556,15.5563,-21.4293,-22.7908,25.5642,13.2276
2012-03-14,11.2164,15.5000,-21.4504,-22.4407,25.5851,13.3300
2012-03-15,11.3587,15.4076,-21.3450,-22.5453,25.5850,13.3548
2012-03-16,11.4376,15.3344,-20.9367,-22.9924,25.5795,13.3578
2012-03-17,11.5264,15.2904,-20.5956,-23.4598,25.5653,13.3801
2012-03-18,11.5580,15.2362,-20.2724,-23.7202,25.5017,13.3689
2012-03-19,11.5904,15.2963,-20.2484,-23.2795,25.4909,13.4154
2012-03-20,11.7294,15.2756,-20.0438,-23.1276,25.5634,13.4743
2012-03-21,11.9213,15.1683,-20.1502,-23.3874,25.5680,13.5167
2012-03-22,12.0489,15.1499,-20.2367,-23.1892,25.5788,13.5713
2012-03-23,12.1769,15.0699,-19.8099,-23.5176,25.5818,13.5956
2012-03-24,12.2191,14.9727,-19.2797,-24.5602,25.5666,13.5684
2012-03-25,12.3498,14.9254,-18.8940,-25.4959,25.5719,13.6103
2012-03-26,12.4847,14.9261,-18.8716,-25.9088,25.6189,13.6785
2012-03-27,12.6413,14.9053,-19.0839,-25.9146,25.6616,13.7459
2012-03-28,12.7356,14.8432,-19.1705,-26.3507,25.6605,13.7618
2012-03-29,12.7733,14.8593,-18.5136,-26.7443,25.7278,13.7890
2012-03-30,12.8920,14.8582,-17.7827,-26.8552,25.8240,13.8481
2012-03-31,13.0772,14.8216,-17.0524,-26.8055,25.8292,13.9224
2012-04-01,13.2608,14.7964,-16.2615,-27.0407,25.8422,14.0017
2012-04-02,13.4723,14.8037,-15.4130,-26.9992,25.9022,14.1110
2012-04-03,13.6687,14.7912,-14.8743,-26.6374,25.8910,14.2031
2012-04-04,13.8269,14.7264,-14.6422,-27.2847,25.8761,14.2503
2012-04-05,13.9576,14.6399,-13.9550,-27.9858,25.9091,14.2724
2012-04-06,14.0061,14.5474,-13.5480,-28.4308,25.9202,14.2506
2012-04-07,14.0464,14.4496,-13.9278,-28.7772,25.9077,14.2214
2012-04-08,14.2020,14.3837,-14.1895,-29.0270,25.9419,14.2665
2012-04-09,14.3157,14.2949,-14.2329,-29.2397,25.9509,14.2792
2012-04-10,14.3871,14.2171,-14.2457,-29.7063,25.9216,14.2759
2012-04-11,14.4558,14.1611,-14.2144,-30.1808,25.8848,14.2824
2012-04-12,14.4389,14.1927,-14.1443,-30.2913,25.8565,14.2897
2012-04-13,14.4510,14.1802,-13.8243,-30.4746,25.8007,14.2894
2012-04-14,14.5726,14.0783,-13.5133,-30.9112,25.8317,14.2995
2012-04-15,14.7059,14.0073,-13.0925,-31.0880,25.8542,14.3301
2012-04-16,14.7826,14.0330,-12.5037,-30.6524,25.8710,14.3818
2012-04-17,14.8525,14.0420,-12.0975,-30.1768,25.8535,14.4211
2012-04-18,14.9286,14.0631,-12.1871,-29.8420,25.8880,14.4697
2012-04-19,14.9978,14.0038,-12.2958,-30.3716,25.8796,14.4748
2012-04-20,15.1191,13.9404,-12.1131,-30.7605,25.9194,14.5034
2012-04-21,15.2792,13.7949,-12.2041,-30.4084,25.9712,14.5109
2012-04-22,15.3979,13.7642,-12.2358,-29.4877,26.0015,14.5551
2012-04-23,15.4904,13.8300,-12.2236,-28.8742,25.9981,14.6340
2012-04-24,15.5241,13.8251,-12.1808,-28.4486,25.9662,14.6487
2012-04-25,15.5811,13.7450,-12.1590,-28.5881,25.8921,14.6374
2012-04-26,15.7454,13.7202,-11.8510,-28.5409,25.9155,14.7074
2012-04-27,15.7663,13.6501,-11.6938,-28.6146,25.9033,14.6826
2012-04-28,15.8132,13.5909,-11.7111,-29.2505,25.9496,14.6764
2012-04-29,16.0001,13.5399,-11.5880,-29.7407,25.9674,14.7446
2012-04-30,16.1237,13.5289,-11.3932,-29.7786,25.9821,14.8008
2012-05-01,16.2353,13.5625,-11.0652,-29.3516,25.9565,14.8735
2012-05-02,16.3490,13.4931,-10.4186,-29.7353,25.9118,14.8966
2012-05-03,16.5380,13.4455,-9.6404,-30.2780,25.9406,14.9674
2012-05-04,16.7581,13.5062,-8.4439,-29.7575,25.9622,15.1078
2012-05-05,16.9127,13.4843,-7.2884,-29.4779,25.9344,15.1737
2012-05-06,16.9959,13.4760,-7.0113,-29.0269,25.9502,15.2115
2012-05-07,17.0608,13.5184,-6.8876,-27.9499,25.9619,15.2649
2012-05-08,17.1092,13.5705,-6.9402,-27.0998,25.9248,15.3160
2012-05-09,17.2584,13.6161,-6.7164,-26.4153,25.9032,15.4136
2012-05-10,17.3904,13.6185,-6.4053,-26.3784,25.8994,15.4809
2012-05-11,17.3675,13.6067,-6.3110,-25.9597,25.9297,15.4639
2012-05-12,17.4213,13.5219,-5.9837,-26.0713,25.9358,15.4480
2012-05-13,17.5539,13.3541,-5.4704,-27.2433,25.9215,15.4306
2012-05-14,17.7108,13.2655,-5.0609,-27.4393,25.8934,15.4647
2012-05-15,17.8535,13.1504,-4.7954,-27.6924,25.8670,15.4782
2012-05-16,17.9195,13.0631,-4.4587,-28.1653,25.8207,15.4675
2012-05-17,17.9617,13.0448,-4.1365,-28.8602,25.8856,15.4795
2012-05-18,18.0039,12.9771,-3.8927,-30.0033,25.9019,15.4671
2012-05-19,18.1074,12.8424,-3.6376,-30.8738,25.8648,15.4510
2012-05-20,18.2912,12.7711,-3.1814,-30.8713,25.8410,15.5076
2012-05-21,18.4005,12.7214,-2.8715,-30.7126,25.8455,15.5373
2012-05-22,18.4988,12.7333,-2.7036,-30.4118,25.8534,15.5924
2012-05-23,18.5600,12.6892,-2.1822,-31.1908,25.8585,15.6012
2012-05-24,18.6071,12.5098,-1.5452,-31.9239,25.8220,15.5348
2012-05-25,18.6367,12.3978,-1.1765,-32.2045,25.7064,15.4937
2012-05-26,18.6966,12.4206,-1.2875,-32.0294,25.6771,15.5350
2012-05-27,18.8281,12.4464,-0.9105,-31.5204,25.7048,15.6142
2012-05-28,18.9228,12.4597,-0.0374,-31.0530,25.6764,15.6683
2012-05-29,19.1002,12.5196,0.7478,-30.9283,25.6945,15.7870
2012-05-30,19.3231,12.4323,1.2887,-31.1493,25.7272,15.8551
2012-05-31,19.5008,12.3451,1.4543,-31.4466,25.7713,15.9002
2012-06-01,19.6363,12.2667,1.4989,-32.4066,25.8003,15.9291
2012-06-02,19.6674,12.1873,1.2938,-33.8996,25.7994,15.9044
2012-06-03,19.6669,12.1420,1.3095,-33.8390,25.7490,15.8815
2012-06-04,19.7434,12.0910,1.4566,-32.5687,25.6999,15.8944
2012-06-05,19.7348,11.9136,1.3453,-32.7768,25.6217,15.8010
2012-06-06,19.7363,11.7740,1.5531,-33.0282,25.5322,15.7317
2012-06-07,19.8571,11.7178,1.7369,-32.9139,25.5059,15.7645
2012-06-08,19.9804,11.6619,1.8686,-33.2807,25.4998,15.7981
2012-06-09,20.0716,11.6794,1.9852,-32.6931,25.5442,15.8531
2012-06-10,20.1569,11.6471,2.1883,-32.4301,25.5431,15.8795
2012-06-11,20.2520,11.7063,2.4257,-31.7091,25.5515,15.9571
2012-06-12,20.2561,11.8695,2.6261,-31.1451,25.5177,16.0408
2012-06-13,20.2558,12.1015,3.0093,-29.3412,25.5132,16.1571
2012-06-14,20.4299,12.1192,3.5070,-29.3049,25.5481,16.2530
2012-06-15,20.5870,12.1016,3.8237,-29.3897,25.5417,16.3229
2012-06-16,20.6432,12.0829,3.7189,-28.9461,25.4975,16.3420
2012-06-17,20.6607,12.0440,3.5666,-29.2443,25.4395,16.3313
2012-06-18,20.7166,11.9802,3.2392,-30.1234,25.4377,16.3272
2012-06-19,20.6936,11.8922,3.2709,-31.0042,25.4389,16.2719
2012-06-20,20.6578,11.7547,3.1363,-32.1322,25.3950,16.1848
2012-06-21,20.7034,11.7349,3.2584,-32.0517,25.4102,16.1979
2012-06-22,20.7859,11.6005,3.8439,-32.8195,25.3291,16.1720
2012-06-23,20.8046,11.5261,4.1374,-32.7114,25.2270,16.1440
2012-06-24,20.8268,11.5363,4.1366,-32.0097,25.1873,16.1609
2012-06-25,20.8654,11.5547,4.3035,-31.6182,25.1844,16.1892
2012-06-26,20.9383,11.4835,4.3622,-32.2244,25.1655,16.1902
2012-06-27,20.9639,11.5135,4.2223,-32.4307,25.1981,16.2186
2012-06-28,21.0399,11.6054,4.3197,-32.2135,25.2227,16.3024
2012-06-29,21.1438,11.7032,4.5681,-31.1421,25.2068,16.4036
2012-06-30,21.2342,11.7209,4.8072,-30.7198,25.2082,16.4577
2012-07-01,21.2340,11.6538,4.8861,-30.8916,25.1165,16.4238
2012-07-02,21.2708,11.5139,4.7074,-31.3991,25.0370,16.3723
2012-07-03,21.3213,11.3151,4.4187,-32.1345,25.0109,16.2979
2012-07-04,21.3023,11.2281,4.2656,-32.3562,24.9402,16.2449
2012-07-05,21.3462,11.1233,4.4183,-32.8381,24.9569,16.2147
2012-07-06,21.4157,11.0259,4.5878,-33.3033,24.9601,16.2008
2012-07-07,21.4657,10.9248,4.7235,-34.1418,24.9369,16.1750
2012-07-08,21.5430,10.8905,4.8849,-34.5874,24.9765,16.1964
2012-07-09,21.6082,10.8678,4.8850,-34.5020,25.0390,16.2180
2012-07-10,21.6835,10.8770,5.2931,-34.6698,25.1171,16.2600
2012-07-11,21.6672,10.9140,5.3509,-34.8261,25.1224,16.2705
2012-07-12,21.6781,10.8957,5.3929,-34.7197,25.0834,16.2668
2012-07-13,21.7360,10.7776,5.4098,-35.5563,25.0775,16.2367
2012-07-14,21.7504,10.7534,5.3010,-35.1814,25.0686,16.2319
2012-07-15,21.7297,10.7557,5.4039,-34.8500,25.0324,16.2225
2012-07-16,21.7476,10.6922,5.3556,-35.0568,24.9809,16.1996
2012-07-17,21.7798,10.6854,5.4678,-35.3176,24.9175,16.2126
2012-07-18,21.7573,10.7405,5.3018,-35.5459,24.8559,16.2292
2012-07-19,21.7034,10.7877,5.1771,-35.1986,24.8167,16.2257
2012-07-20,21.7487,10.8570,5.0500,-34.9974,24.8941,16.2831
2012-07-21,21.8029,10.9952,4.9458,-34.4916,24.9752,16.3793
2012-07-22,21.8174,10.9958,4.8870,-34.2280,25.0128,16.3867
2012-07-23,21.8436,10.9502,5.1336,-34.5263,25.0558,16.3770
2012-07-24,21.8366,10.9463,5.0537,-34.9659,25.1278,16.3713
2012-07-25,21.8384,10.8246,4.8641,-35.5383,25.1078,16.3113
2012-07-26,21.8690,10.7278,4.8162,-35.5248,25.0790,16.2782
2012-07-27,21.9013,10.7499,4.9112,-35.4946,25.0725,16.3055
2012-07-28,21.9328,10.7186,5.1202,-35.9252,25.0545,16.3053
2012-07-29,21.9511,10.6660,5.0899,-36.0489,25.0623,16.2881
2012-07-30,21.9470,10.5059,4.9378,-36.6125,25.0441,16.2060
2012-07-31,21.9481,10.3881,4.7734,-36.6942,24.9927,16.1479
2012-08-01,21.9595,10.4074,4.8010,-36.5320,25.0185,16.1631
2012-08-02,21.9575,10.4605,4.8368,-36.4852,25.0524,16.1882
2012-08-03,21.9077,10.5921,4.7266,-35.4077,25.0886,16.2294
2012-08-04,21.8562,10.7084,4.7539,-34.7588,25.0743,16.2620
2012-08-05,21.8402,10.7956,4.6808,-34.7731,25.1029,16.2976
2012-08-06,21.8354,10.8490,4.6131,-34.5295,25.1025,16.3219
2012-08-07,21.8563,10.9014,4.5993,-33.8940,25.0548,16.3586
2012-08-08,21.8592,10.9113,4.5767,-33.2400,24.9853,16.3651
2012-08-09,21.8362,10.9205,4.5463,-33.0721,24.9878,16.3586
2012-08-10,21.7491,10.9488,4.4223,-33.5302,25.0195,16.3294
2012-08-11,21.6671,10.9059,4.0984,-34.2878,25.0009,16.2664
2012-08-12,21.5786,10.8390,3.8384,-34.0410,24.9323,16.1888
2012-08-13,21.5297,10.7715,3.5810,-34.2501,24.9076,16.1305
2012-08-14,21.4883,10.8110,3.5740,-35.0696,24.9434,16.1296
2012-08-15,21.4020,10.8549,3.4712,-35.7269,24.9532,16.1082
2012-08-16,21.3306,10.8583,3.3216,-34.7495,24.9611,16.0743
2012-08-17,21.3086,10.9153,3.2684,-33.6360,24.9736,16.0916
2012-08-18,21.3530,10.8909,3.2131,-33.9873,24.9589,16.1018
2012-08-19,21.3317,10.9081,3.1182,-34.3951,24.9661,16.1000
2012-08-20,21.2619,11.0704,2.9985,-33.2617,25.0182,16.1459
2012-08-21,21.1615,11.2535,2.8386,-32.3718,25.0844,16.1873
2012-08-22,21.0881,11.3588,2.6188,-32.0937,25.1581,16.2033
2012-08-23,21.0947,11.2969,2.5338,-32.1288,25.1592,16.1757
2012-08-24,21.0938,11.2407,2.6747,-31.9770,25.1361,16.1471
2012-08-25,21.1043,11.2689,2.6302,-30.8650,25.0838,16.1667
2012-08-26,21.1301,11.2631,2.4462,-30.1623,25.0874,16.1764
2012-08-27,21.1356,11.2453,2.2452,-30.3544,25.1441,16.1700
2012-08-28,21.1352,11.1729,1.9499,-30.6116,25.1300,16.1336
2012-08-29,21.0651,11.2026,1.7997,-30.4629,25.1419,16.1135
2012-08-30,20.9053,11.3049,1.7281,-30.2885,25.2046,16.0847
2012-08-31,20.7262,11.4121,1.7380,-30.0621,25.2385,16.0485
2012-09-01,20.5938,11.3890,1.5709,-30.5631,25.2304,15.9705
2012-09-02,20.5435,11.3014,1.4492,-31.5819,25.2286,15.9008
2012-09-03,20.5220,11.3572,1.2824,-31.5455,25.2630,15.9184
2012-09-04,20.5282,11.3808,1.3159,-31.6572,25.2352,15.9336
2012-09-05,20.5378,11.2395,1.3004,-33.0037,25.2270,15.8674
2012-09-06,20.5079,11.1987,1.1867,-33.8706,25.2368,15.8321
2012-09-07,20.4078,11.1987,0.9351,-33.7096,25.2212,15.7820
2012-09-08,20.3509,11.1737,0.6107,-33.7406,25.2470,15.7409
2012-09-09,20.2899,11.1547,0.6379,-33.8673,25.2803,15.7008
2012-09-10,20.2214,11.1520,0.7298,-33.7304,25.3017,15.6650
2012-09-11,20.0882,11.2240,0.7395,-33.6408,25.3361,15.6345
2012-09-12,19.9116,11.3171,0.7282,-33.7233,25.3626,15.5925
2012-09-13,19.7847,11.3256,0.3555,-33.1194,25.3893,15.5330
2012-09-14,19.7484,11.3166,0.1822,-33.0620,25.3936,15.5105
2012-09-15,19.7278,11.2682,0.0909,-33.7137,25.3935,15.4758
2012-09-16,19.6747,11.2403,0.1151,-34.5042,25.3925,15.4354
2012-09-17,19.6334,11.2353,0.1801,-35.1554,25.3837,15.4118
2012-09-18,19.6040,11.2705,0.0040,-35.0838,25.3902,15.4149
2012-09-19,19.5218,11.3982,-0.2414,-33.9146,25.4120,15.4372
2012-09-20,19.4234,11.5073,-0.1221,-32.4902,25.3939,15.4428
2012-09-21,19.3898,11.5838,0.0075,-31.1323,25.4034,15.4645
2012-09-22,19.3062,11.5884,-0.1695,-30.9057,25.3867,15.4246
2012-09-23,19.2039,11.5488,-0.6167,-31.2245,25.3640,15.3540
2012-09-24,19.0900,11.5823,-0.9421,-31.1392,25.4166,15.3135
2012-09-25,19.0123,11.6525,-1.2444,-30.5587,25.4302,15.3096
2012-09-26,19.0005,11.6752,-1.4823,-30.5208,25.3720,15.3151
2012-09-27,18.9486,11.7881,-1.6809,-29.7073,25.3260,15.3453
2012-09-28,18.9116,11.8317,-1.8623,-28.5964,25.3061,15.3489
2012-09-29,18.8434,11.8840,-2.3475,-28.2642,25.3361,15.3410
2012-09-30,18.7590,11.9904,-2.6598,-28.5774,25.3526,15.3521
2012-10-01,18.6611,12.0534,-3.0133,-28.3431,25.3760,15.3344
2012-10-02,18.5421,12.2235,-3.3487,-27.4277,25.4071,15.3602
2012-10-03,18.3949,12.3365,-3.1494,-26.6144,25.4181,15.3429
2012-10-04,18.2138,12.4024,-3.2478,-26.7384,25.4688,15.2851
2012-10-05,17.9867,12.4331,-3.9055,-27.2198,25.5113,15.1868
2012-10-06,17.7733,12.4295,-4.5480,-27.4974,25.5293,15.0781
2012-10-07,17.6024,12.4719,-5.2159,-27.3713,25.5153,15.0139
2012-10-08,17.5104,12.5019,-5.6305,-27.3531,25.5314,14.9827
2012-10-09,17.4278,12.5111,-5.8948,-27.4719,25.5490,14.9457
2012-10-10,17.3057,12.4646,-6.1326,-26.7981,25.4834,14.8614
2012-10-11,17.1732,12.3190,-6.3011,-27.1345,25.3819,14.7223
2012-10-12,17.0344,12.3189,-6.3161,-27.6304,25.3614,14.6530
2012-10-13,16.9748,12.4177,-6.2459,-28.0578,25.3821,14.6727
2012-10-14,16.9350,12.5253,-6.2767,-27.8024,25.4143,14.7062
2012-10-15,16.8219,12.6231,-6.7777,-27.1095,25.4494,14.6984
2012-10-16,16.6973,12.6822,-7.0017,-26.7107,25.4333,14.6659
2012-10-17,16.5898,12.7136,-7.4087,-26.4039,25.4205,14.6280
2012-10-18,16.4314,12.8084,-7.8201,-25.6559,25.4746,14.5957
2012-10-19,16.3423,12.8406,-8.1800,-25.0723,25.4934,14.5674
2012-10-20,16.2237,12.8836,-8.5915,-24.7367,25.4737,14.5293
2012-10-21,15.9726,12.9256,-9.2622,-25.0062,25.4672,14.4246
2012-10-22,15.8104,13.0187,-9.8991,-25.2158,25.5456,14.3895
2012-10-23,15.7057,13.0730,-10.1301,-24.3697,25.5471,14.3648
2012-10-24,15.6236,13.0274,-10.0434,-24.1708,25.4886,14.3004
2012-10-25,15.5261,13.0463,-9.6522,-24.1444,25.4743,14.2609
2012-10-26,15.3835,13.0840,-9.0516,-24.0825,25.4768,14.2085
2012-10-27,15.2066,13.2344,-9.4014,-23.6328,25.5208,14.1949
2012-10-28,15.1088,13.3507,-9.9988,-23.4772,25.5712,14.2042
2012-10-29,14.9451,13.4235,-10.9643,-23.3079,25.6086,14.1588
2012-10-30,14.8805,13.4981,-11.8241,-22.8325,25.6604,14.1639
2012-10-31,14.7689,13.5274,-12.2836,-22.6845,25.5748,14.1229
2012-11-01,14.7838,13.4500,-11.8753,-22.4988,25.5002,14.0914
2012-11-02,14.6756,13.4564,-12.0530,-22.2199,25.4740,14.0403
2012-11-03,14.5430,13.5030,-12.1813,-21.9999,25.4170,13.9975
2012-11-04,14.4410,13.5723,-12.4027,-21.8008,25.3992,13.9810
2012-11-05,14.3853,13.6016,-13.1806,-21.4797,25.4161,13.9679
2012-11-06,14.1832,13.6258,-13.7481,-21.0862,25.4358,13.8785
2012-11-07,14.0021,13.7363,-13.9397,-20.5183,25.5056,13.8428
2012-11-08,13.8343,13.8116,-13.7115,-20.1063,25.4351,13.7967
2012-11-09,13.6954,13.8632,-13.8381,-19.7099,25.4070,13.7529
2012-11-10,13.6250,13.9369,-13.9549,-19.4044,25.4611,13.7541
2012-11-11,13.4423,14.0024,-13.9078,-19.5526,25.4206,13.6952
2012-11-12,13.2314,14.0165,-14.2401,-19.7427,25.4028,13.5971
2012-11-13,13.0787,14.1199,-14.6679,-19.3289,25.4116,13.5723
2012-11-14,13.0244,14.2057,-15.1690,-19.1743,25.4176,13.5883
2012-11-15,12.9638,14.3061,-15.4225,-18.6127,25.4568,13.6076
2012-11-16,12.8188,14.3788,-15.5861,-18.0804,25.4911,13.5715
2012-11-17,12.7627,14.4503,-15.9113,-17.6752,25.5142,13.5793
2012-11-18,12.6459,14.4811,-16.3902,-17.5745,25.4832,13.5362
2012-11-19,12.5234,14.5371,-16.7945,-17.4294,25.4655,13.5026
2012-11-20,12.5800,14.6016,-16.8972,-17.2941,25.5272,13.5635
2012-11-21,12.6129,14.6031,-16.8736,-17.1903,25.5379,13.5805
2012-11-22,12.4265,14.5945,-17.0623,-17.2438,25.5373,13.4828
2012-11-23,12.1624,14.6522,-17.3697,-17.1724,25.4705,13.3794
2012-11-24,11.9676,14.6491,-17.3892,-17.0699,25.3914,13.2803
2012-11-25,11.7412,14.6342,-17.3638,-16.8428,25.3279,13.1594
2012-11-26,11.5418,14.6535,-16.8230,-16.6056,25.2474,13.0696
2012-11-27,11.4009,14.7197,-15.9399,-16.5953,25.2284,13.0322
2012-11-28,11.3742,14.7892,-15.3634,-16.2703,25.2514,13.0538
2012-11-29,11.2384,14.9188,-14.9852,-15.5609,25.3007,13.0501
2012-11-30,11.0908,14.9262,-15.8283,-15.0754,25.2660,12.9801
2012-12-01,11.1109,14.9430,-16.3690,-14.8405,25.2422,12.9991
2012-12-02,11.0987,15.0297,-17.4676,-14.5856,25.2502,13.0363
2012-12-03,11.0572,15.0987,-18.3919,-14.3576,25.2748,13.0501
2012-12-04,10.8574,15.1131,-19.1051,-14.2579,25.2752,12.9569
2012-12-05,10.7153,15.1397,-20.0547,-14.0536,25.2247,12.8988
2012-12-06,10.6625,15.2486,-20.0817,-13.7690,25.2140,12.9271
2012-12-07,10.5509,15.3371,-19.9654,-13.6428,25.2173,12.9158
2012-12-08,10.4275,15.3677,-19.6355,-13.5852,25.2150,12.8693
2012-12-09,10.3028,15.4505,-19.1602,-13.1126,25.2469,12.8483
2012-12-10,10.0916,15.5131,-19.2313,-12.7821,25.1981,12.7738
2012-12-11,9.8697,15.5205,-18.8636,-12.6654,25.1203,12.6663
2012-12-12,9.6893,15.5451,-18.0843,-12.8679,25.0985,12.5881
2012-12-13,9.6530,15.5211,-18.0624,-12.9593,25.1175,12.5582
2012-12-14,9.6487,15.5502,-18.3807,-13.0932,25.1243,12.5705
2012-12-15,9.6450,15.5687,-18.9482,-13.1454,25.1597,12.5780
2012-12-16,9.6391,15.5918,-19.4196,-12.9338,25.1452,12.5867
2012-12-17,9.5727,15.6404,-19.4218,-12.6846,25.1173,12.5776
2012-12-18,9.4684,15.7423,-20.0601,-12.2511,25.0886,12.5766
2012-12-19,9.2522,15.7770,-21.2543,-11.9770,25.0950,12.4857
2012-12-20,9.0974,15.7634,-21.0382,-11.7609,25.1115,12.4012
2012-12-21,9.0016,15.7913,-20.7120,-11.6945,25.0956,12.3674
2012-12-22,8.8870,15.8857,-20.4444,-11.6646,25.0550,12.3571
2012-12-23,8.8325,15.9800,-20.5374,-11.6668,25.0286,12.3775
2012-12-24,8.8742,16.0540,-20.8989,-11.5457,25.0721,12.4353
2012-12-25,8.8156,16.0966,-21.2536,-11.4016,25.1167,12.4272
2012-12-26,8.7387,16.0594,-21.5504,-11.4260,25.0932,12.3700
2012-12-27,8.8655,16.0249,-21.6019,-11.7291,25.0250,12.4158
2012-12-28,8.9968,16.0164,-21.2898,-11.9694,25.0312,12.4775
2012-12-29,9.0224,16.1225,-21.5096,-12.0110,25.0612,12.5435
2012-12-30,8.9285,16.1461,-21.3318,-11.8856,24.9788,12.5084
2012-12-31,8.8565,16.1694,-21.2931,-11.6349,24.9164,12.4839
2013-01-01,8.8947,16.1710,-21.1609,-11.6021,24.9788,12.5039
2013-01-02,8.8544,16.2157,-20.9631,-11.2605,25.0170,12.5058
2013-01-03,8.8066,16.3114,-21.1611,-11.0332,25.0575,12.5301
2013-01-04,8.8716,16.3585,-20.6003,-10.9970,25.0489,12.5860
2013-01-05,8.8884,16.3498,-19.7052,-11.1580,25.0135,12.5900
2013-01-06,8.8297,16.3630,-19.5907,-11.3932,25.0129,12.5671
2013-01-07,8.7609,16.4496,-20.0357,-11.3388,25.0300,12.5760
2013-01-08,8.7245,16.4651,-20.3967,-11.4782,25.0456,12.5658
2013-01-09,8.7547,16.4256,-20.7179,-11.5556,25.0378,12.5611
2013-01-10,8.7331,16.4502,-20.6519,-11.6892,25.0102,12.5621
2013-01-11,8.5825,16.4849,-21.0470,-11.6975,24.9489,12.5043
2013-01-12,8.5467,16.4836,-21.6549,-11.5805,24.9372,12.4856
2013-01-13,8.6272,16.4697,-22.3177,-11.2814,24.9657,12.5187
2013-01-14,8.6405,16.4885,-22.4617,-11.4070,24.9994,12.5348
2013-01-15,8.5984,16.5169,-22.6347,-11.6214,25.0262,12.5282
2013-01-16,8.5691,16.5288,-22.7165,-11.6492,25.0195,12.5194
2013-01-17,8.4320,16.5260,-22.7138,-11.7969,25.0181,12.4492
2013-01-18,8.3822,16.4107,-22.6629,-12.3776,24.9759,12.3669
2013-01-19,8.5464,16.3733,-22.2412,-12.6947,25.0387,12.4306
2013-01-20,8.7206,16.3959,-22.1980,-12.9377,25.1514,12.5289
2013-01-21,8.8305,16.4962,-21.9308,-13.0041,25.2672,12.6338
2013-01-22,8.8590,16.5787,-21.9911,-13.1240,25.3397,12.6894
2013-01-23,8.9378,16.5905,-22.0803,-13.3467,25.3432,12.7352
2013-01-24,9.0123,16.5933,-22.2260,-13.3571,25.3777,12.7737
2013-01-25,8.9580,16.5487,-22.8809,-13.1556,25.3626,12.7245
2013-01-26,8.9575,16.5146,-23.3932,-13.2197,25.3254,12.7073
2013-01-27,8.9837,16.5344,-23.8739,-13.6097,25.3314,12.7300
2013-01-28,8.9960,16.5041,-24.4836,-14.1813,25.3108,12.7211
2013-01-29,8.9908,16.4628,-25.0480,-14.7472,25.2511,12.6980
2013-01-30,8.9785,16.4883,-25.3468,-15.0327,25.2172,12.7044
2013-01-31,8.9833,16.5009,-25.1903,-15.4460,25.1848,12.7129
2013-02-01,8.9234,16.4377,-24.7913,-15.9324,25.1363,12.6512
2013-02-02,8.9467,16.4010,-23.9877,-16.1622,25.1586,12.6447
2013-02-03,9.0236,16.3836,-23.5527,-16.3180,25.2216,12.6743
2013-02-04,9.1603,16.3637,-23.1296,-16.5935,25.3152,12.7328
2013-02-05,9.2858,16.3255,-23.0744,-17.0646,25.3603,12.7766
2013-02-06,9.2639,16.3227,-22.6797,-17.6114,25.3158,12.7647
2013-02-07,9.1584,16.2732,-22.4915,-18.1442,25.3184,12.6869
2013-02-08,9.0580,16.2843,-22.5724,-18.1822,25.3490,12.6420
2013-02-09,9.1224,16.2527,-22.7843,-18.3508,25.3633,12.6587
2013-02-10,9.2908,16.1767,-22.7618,-18.5872,25.3740,12.7051
2013-02-11,9.3604,16.1661,-22.7443,-18.4609,25.3538,12.7347
2013-02-12,9.4358,16.1636,-22.8259,-18.6508,25.3463,12.7710
2013-02-13,9.4922,16.1633,-23.3174,-18.9731,25.3915,12.7989
2013-02-14,9.3671,16.1435,-24.2207,-19.3947,25.4204,12.7264
2013-02-15,9.2305,16.1400,-24.8001,-19.4815,25.4004,12.6562
2013-02-16,9.1453,16.1936,-25.1403,-19.2344,25.3875,12.6404
2013-02-17,9.0089,16.1980,-25.4241,-19.1690,25.3769,12.5742
2013-02-18,8.9703,16.1312,-25.6771,-19.4320,25.4314,12.5213
2013-02-19,9.0045,16.1099,-26.1884,-19.2484,25.4739,12.5276
2013-02-20,9.0189,16.1595,-26.8291,-18.9996,25.5001,12.5598
2013-02-21,9.1670,16.1935,-26.7123,-18.4375,25.5346,12.6507
2013-02-22,9.4088,16.2214,-26.4714,-18.0856,25.6018,12.7855
2013-02-23,9.6500,16.2442,-25.9501,-18.0727,25.6632,12.9175
2013-02-24,9.7422,16.2977,-25.7404,-17.7561,25.6880,12.9909
2013-02-25,9.8101,16.2527,-25.6551,-17.9033,25.7305,13.0021
2013-02-26,9.9122,16.1720,-25.8124,-18.2411,25.7552,13.0126
2013-02-27,10.0534,16.0739,-26.0443,-19.0455,25.8018,13.0343
2013-02-28,10.1215,15.9713,-25.4195,-19.8315,25.8592,13.0170
2013-03-01,10.1637,15.9448,-24.8757,-20.7216,25.9003,13.0244
2013-03-02,10.3003,15.9271,-24.8352,-21.5157,25.9051,13.0840
2013-03-03,10.4011,15.8901,-25.6270,-21.6240,25.8560,13.1162
2013-03-04,10.6133,15.8717,-25.5000,-21.9177,25.8602,13.2136
2013-03-05,10.8231,15.8656,-24.5139,-22.2038,25.9185,13.3155
2013-03-06,10.7894,15.8498,-23.9466,-22.6724,25.9704,13.2905
2013-03-07,10.7467,15.8137,-23.8531,-23.2253,26.0218,13.2507
2013-03-08,10.8309,15.7840,-23.5472,-23.0608,26.0044,13.2782
2013-03-09,10.9333,15.7694,-22.9028,-22.7903,26.0217,13.3223
2013-03-10,11.0338,15.7213,-23.0338,-22.8384,26.0224,13.3484
2013-03-11,11.1025,15.7168,-22.8626,-22.6624,25.9771,13.3804
2013-03-12,11.1828,15.7149,-21.5853,-22.4390,25.9788,13.4196
2013-03-13,11.2229,15.6602,-21.3978,-22.3093,26.0085,13.4120
2013-03-14,11.3242,15.5707,-21.1139,-22.5103,25.9859,13.4184
2013-03-15,11.4286,15.5753,-21.0053,-22.7042,25.9913,13.4730
2013-03-16,11.5119,15.5562,-19.6638,-22.8759,25.9753,13.5052
2013-03-17,11.4973,15.5462,-18.5363,-22.8795,25.9604,13.4933
2013-03-18,11.4995,15.4977,-17.8733,-23.2934,25.9551,13.4699
2013-03-19,11.5764,15.3881,-17.7455,-24.2111,25.9528,13.4534
2013-03-20,11.7831,15.3189,-18.0240,-25.2268,26.0136,13.5223
2013-03-21,11.8863,15.2342,-18.2407,-26.0642,26.0220,13.5320
2013-03-22,11.8700,15.1980,-18.7017,-26.3993,26.0262,13.5055
2013-03-23,11.9122,15.1323,-18.8733,-26.7647,26.0071,13.4942
2013-03-24,12.0145,15.0150,-18.9482,-27.6147,25.9779,13.4865
2013-03-25,11.9752,15.0075,-18.9896,-27.4433,25.9919,13.4631
2013-03-26,12.0331,14.9795,-18.8919,-27.3976,25.9634,13.4779
2013-03-27,12.2838,14.8613,-18.6943,-27.5838,25.9654,13.5440
2013-03-28,12.5276,14.8159,-18.7696,-27.3706,25.9886,13.6440
2013-03-29,12.7325,14.8540,-18.7143,-26.9134,26.0250,13.7656
2013-03-30,12.9112,14.8498,-18.5660,-26.9603,26.0463,13.8526
2013-03-31,13.0319,14.7464,-18.2826,-28.0009,26.1219,13.8613
2013-04-01,13.0728,14.7275,-18.0619,-28.2002,26.1766,13.8724
2013-04-02,13.0720,14.6710,-17.8871,-28.5065,26.2003,13.8433
2013-04-03,13.0991,14.6262,-17.5412,-28.7346,26.2183,13.8347
2013-04-04,13.2072,14.5969,-17.0443,-28.8245,26.1680,13.8741
2013-04-05,13.2770,14.5678,-16.5780,-29.1249,26.1753,13.8944
2013-04-06,13.2896,14.5856,-16.2510,-28.9311,26.1147,13.9095
2013-04-07,13.3666,14.5610,-16.0223,-28.6897,26.0702,13.9358
2013-04-08,13.5652,14.5727,-15.4940,-28.0054,26.1238,14.0413
2013-04-09,13.7529,14.5976,-15.0796,-27.4115,26.1367,14.1477
2013-04-10,13.9086,14.5919,-14.3742,-27.1563,26.0936,14.2233
2013-04-11,14.0588,14.5617,-13.7808,-27.3393,26.1166,14.2832
2013-04-12,14.1981,14.4076,-13.4487,-28.0865,26.0968,14.2759
2013-04-13,14.3036,14.2899,-13.1914,-28.8611,26.0478,14.2696
2013-04-14,14.4417,14.2519,-13.0904,-29.6417,26.0500,14.3200
2013-04-15,14.5743,14.2630,-12.8811,-29.6349,26.1305,14.3919
2013-04-16,14.5785,14.2081,-12.7828,-29.9146,26.1429,14.3668
2013-04-17,14.5606,14.1249,-12.7768,-29.8818,26.1110,14.3161
2013-04-18,14.5976,14.0617,-12.4705,-29.7551,26.0664,14.3034
2013-04-19,14.6062,14.0356,-11.8325,-29.7459,26.0542,14.2948
2013-04-20,14.6901,13.9640,-11.0617,-30.5335,26.0185,14.3007
2013-04-21,14.8710,13.9253,-10.6810,-30.4316,26.0111,14.3719
2013-04-22,15.0110,13.9418,-10.6459,-29.8114,25.9786,14.4501
2013-04-23,15.1072,13.9536,-10.8832,-29.2218,25.9786,14.5048
2013-04-24,15.2326,13.9995,-11.1222,-28.6901,25.9990,14.5906
2013-04-25,15.4089,14.0553,-11.2893,-28.5759,26.0068,14.7066
2013-04-26,15.6140,14.0528,-11.1022,-28.3448,25.9664,14.8081
2013-04-27,15.8100,13.9876,-10.8970,-28.6467,25.9760,14.8738
2013-04-28,15.8773,13.9246,-10.3834,-28.9516,25.9871,14.8762
2013-04-29,16.0037,13.8317,-9.8314,-29.0684,26.0246,14.8926
2013-04-30,16.1874,13.8128,-8.8319,-29.2884,26.1018,14.9759
2013-05-01,16.2151,13.8043,-8.1521,-29.6577,26.0620,14.9853
2013-05-02,16.1969,13.7121,-8.1235,-30.6851,26.0805,14.9299
2013-05-03,16.3050,13.6500,-8.1986,-31.1664,26.0717,14.9525
2013-05-04,16.4859,13.5591,-8.1340,-31.4293,26.0714,14.9978
2013-05-05,16.6684,13.4247,-8.1857,-31.8321,26.0866,15.0221
2013-05-06,16.8265,13.3632,-8.2231,-31.8294,26.0792,15.0704
2013-05-07,16.9168,13.2644,-8.1624,-32.0713,26.0730,15.0662
2013-05-08,16.9656,13.2999,-7.8608,-31.1529,26.0405,15.1088
2013-05-09,17.0748,13.3030,-7.3745,-30.4253,26.0604,15.1648
2013-05-10,17.1231,13.2945,-6.8055,-30.7147,26.1011,15.1848
2013-05-11,17.1786,13.2912,-6.4699,-30.8236,26.1477,15.2110
2013-05-12,17.2182,13.1660,-6.6279,-31.5298,26.0841,15.1679
2013-05-13,17.3787,13.0742,-6.6817,-31.7651,26.0530,15.2023
2013-05-14,17.5170,13.0738,-6.6903,-30.7794,26.0645,15.2711
2013-05-15,17.5826,13.0648,-6.8576,-30.3710,26.0755,15.2993
2013-05-16,17.6645,12.9857,-6.6226,-30.0369,26.0441,15.3009
2013-05-17,17.7753,12.9113,-5.8484,-30.1584,26.0373,15.3196
2013-05-18,17.8192,12.8418,-5.5600,-30.7015,26.0133,15.3063
2013-05-19,17.8660,12.7970,-5.5611,-31.2860,26.0377,15.3076
2013-05-20,17.9602,12.7064,-5.1726,-31.5688,25.9921,15.3092
2013-05-21,18.0442,12.6748,-4.4362,-31.3172,25.9610,15.3358
2013-05-22,18.1397,12.7028,-4.0182,-30.5110,25.9645,15.3976
2013-05-23,18.2154,12.6713,-3.5908,-30.0449,25.9096,15.4200
2013-05-24,18.3193,12.5772,-3.1178,-30.1225,25.8646,15.4248
2013-05-25,18.4252,12.4312,-2.9533,-30.6924,25.8112,15.4050
2013-05-26,18.5738,12.3927,-2.3657,-31.4850,25.7870,15.4605
2013-05-27,18.6577,12.3582,-1.5592,-32.0897,25.7762,15.4849
2013-05-28,18.7219,12.4689,-0.9908,-31.4857,25.7425,15.5728
2013-05-29,18.8510,12.4945,-0.8644,-31.5409,25.7709,15.6504
2013-05-30,18.9799,12.4644,-0.4890,-31.5948,25.7913,15.6995
2013-05-31,19.0915,12.4316,-0.0693,-31.8968,25.8223,15.7390
2013-06-01,19.1754,12.4082,0.0292,-31.2880,25.8374,15.7691
2013-06-02,19.1827,12.3587,0.0713,-30.5865,25.7650,15.7482
2013-06-03,19.2376,12.2321,0.0504,-31.1131,25.6923,15.7123
2013-06-04,19.3251,12.1030,-0.1544,-32.5779,25.6135,15.6918
2013-06-05,19.4117,12.0437,-0.2017,-33.9466,25.5747,15.7053
2013-06-06,19.5602,12.0231,0.3036,-34.3560,25.6264,15.7696
2013-06-07,19.7139,11.9945,0.7876,-34.8112,25.6677,15.8322
2013-06-08,19.7440,11.9452,1.2003,-34.9725,25.6723,15.8229
2013-06-09,19.7949,11.9475,1.4207,-34.2642,25.6641,15.8494
2013-06-10,19.9041,12.1222,1.4551,-31.7445,25.6448,15.9913
2013-06-11,20.0379,12.2366,1.7419,-30.4075,25.5949,16.1156
2013-06-12,20.1875,12.2530,2.2733,-29.7368,25.5465,16.1992
2013-06-13,20.2660,12.2376,2.8867,-29.5027,25.5697,16.2307
2013-06-14,20.2630,12.0733,3.3154,-30.0779,25.5231,16.1468
2013-06-15,20.2980,11.9108,3.4098,-30.8536,25.5170,16.0828
2013-06-16,20.4071,11.7988,3.2171,-31.3056,25.5150,16.0815
2013-06-17,20.4935,11.6681,2.8833,-31.3920,25.4656,16.0597
2013-06-18,20.5087,11.6780,2.8537,-30.5478,25.4048,16.0721
2013-06-19,20.5775,11.6999,2.8451,-29.9017,25.3745,16.1179
2013-06-20,20.6625,11.7314,3.1226,-29.3742,25.3236,16.1759
2013-06-21,20.7393,11.8266,2.9683,-28.4809,25.2855,16.2620
2013-06-22,20.7581,11.9426,2.8253,-27.6493,25.2682,16.3296
2013-06-23,20.7718,12.0317,2.9640,-26.9833,25.3009,16.3815
2013-06-24,20.8253,11.9931,3.3188,-27.7014,25.3031,16.3887
2013-06-25,20.8302,11.9720,3.3709,-27.5871,25.2601,16.3806
2013-06-26,20.8784,11.9695,3.2719,-27.4656,25.2552,16.4037
2013-06-27,20.9030,11.9388,3.3086,-28.1132,25.2500,16.4008
2013-06-28,20.9006,11.9250,3.4930,-28.7138,25.2735,16.3928
2013-06-29,20.8724,11.8257,3.3011,-29.0294,25.2731,16.3289
2013-06-30,20.9005,11.6588,3.4638,-29.9083,25.1807,16.2600
2013-07-01,20.9433,11.4967,3.4335,-30.9513,25.1365,16.2000
2013-07-02,21.0222,11.4367,3.5304,-31.2324,25.0946,16.2097
2013-07-03,21.1013,11.3853,3.5909,-31.9044,25.0970,16.2235
2013-07-04,21.2227,11.3633,3.6655,-31.8665,25.1212,16.2737
2013-07-05,21.2433,11.3246,3.6449,-31.9178,25.1342,16.2643
2013-07-06,21.2221,11.2497,3.7236,-32.5759,25.1139,16.2161
2013-07-07,21.1638,11.2244,3.8861,-32.2424,25.0679,16.1743
2013-07-08,21.1581,11.2003,3.7423,-31.9233,25.0302,16.1597
2013-07-09,21.2509,11.1486,3.9381,-32.7231,25.0415,16.1801
2013-07-10,21.3009,11.1378,4.1599,-33.7551,25.0655,16.1999
2013-07-11,21.3400,11.0736,4.1707,-35.0529,25.0327,16.1870
2013-07-12,21.4015,10.9869,4.0091,-35.6148,25.0276,16.1742
2013-07-13,21.4650,10.8841,4.1315,-36.3705,25.0344,16.1548
2013-07-14,21.4631,10.7828,4.1951,-37.3633,25.0403,16.1030
2013-07-15,21.5018,10.6507,4.2862,-37.9397,25.0485,16.0564
2013-07-16,21.5657,10.7154,4.4784,-37.0912,25.0552,16.1206
2013-07-17,21.5950,10.7855,4.6449,-36.7179,25.1059,16.1707
2013-07-18,21.6329,10.7554,4.9504,-36.9170,25.1152,16.1741
2013-07-19,21.6698,10.6674,5.1425,-36.1110,25.0790,16.1485
2013-07-20,21.6359,10.6399,5.0650,-34.9325,25.0274,16.1178
2013-07-21,21.6242,10.6787,4.9753,-34.1536,25.0062,16.1314
2013-07-22,21.7043,10.6346,5.1036,-34.6503,24.9583,16.1496
2013-07-23,21.7614,10.6197,5.3719,-34.3477,24.8540,16.1708
2013-07-24,21.8054,10.6094,5.4603,-33.9830,24.8100,16.1877
2013-07-25,21.8145,10.7001,5.4589,-33.9164,24.8177,16.2381
2013-07-26,21.8206,10.8701,5.4878,-33.4993,24.8721,16.3262
2013-07-27,21.8380,10.9819,5.2659,-33.5906,25.0011,16.3909
2013-07-28,21.8360,10.9459,5.1629,-34.5394,25.0401,16.3722
2013-07-29,21.7955,10.8383,4.8971,-35.2009,25.0374,16.2976
2013-07-30,21.7747,10.7848,4.6171,-35.2047,25.0326,16.2604
2013-07-31,21.7985,10.8028,4.6338,-34.8204,25.0036,16.2816
2013-08-01,21.7704,10.8528,4.7048,-34.3436,24.9549,16.2924
2013-08-02,21.7410,10.8913,4.6270,-33.6090,24.9314,16.2969
2013-08-03,21.7791,10.8910,4.7891,-32.8843,24.9218,16.3163
2013-08-04,21.7933,10.9510,5.0276,-32.3478,24.9379,16.3533
2013-08-05,21.7539,11.0286,5.1597,-32.1063,24.9490,16.3725
2013-08-06,21.6863,11.0312,5.0750,-32.2381,24.9074,16.3399
2013-08-07,21.6661,11.0544,4.9232,-32.5217,24.9225,16.3413
2013-08-08,21.7082,11.1125,4.5935,-30.7794,24.9665,16.3916
2013-08-09,21.7357,11.0630,4.5759,-29.9130,24.9736,16.3802
2013-08-10,21.7208,11.0631,4.8533,-29.8072,24.8868,16.3725
2013-08-11,21.6766,11.0970,4.9160,-29.8355,24.8466,16.3677
2013-08-12,21.6572,11.0953,4.6161,-29.8203,24.8972,16.3576
2013-08-13,21.6255,11.1364,4.0753,-29.7168,25.0019,16.3619
2013-08-14,21.5767,11.0240,3.8209,-30.2573,25.0160,16.2813
2013-08-15,21.5030,10.9402,3.4025,-31.0505,24.9442,16.2020
2013-08-16,21.4200,10.9974,2.8482,-31.0663,24.9494,16.1893
2013-08-17,21.4327,11.0536,2.7078,-30.7197,25.0132,16.2241
2013-08-18,21.4265,11.1528,2.6515,-30.8418,25.0645,16.2702
2013-08-19,21.3634,11.1195,2.3627,-31.8441,25.0951,16.2219
2013-08-20,21.3065,11.0321,1.9824,-32.6263,25.0759,16.1496
2013-08-21,21.2497,11.0030,1.7785,-32.9298,25.0721,16.1067
2013-08-22,21.1465,10.9749,1.5317,-32.5020,25.0948,16.0408
2013-08-23,21.1521,10.8534,1.4940,-32.2040,25.0919,15.9828
2013-08-24,21.1331,10.7566,1.5890,-32.4925,25.0428,15.9251
2013-08-25,21.0656,10.7602,1.6100,-33.0086,24.9964,15.8928
2013-08-26,20.9559,10.7668,1.5782,-33.0423,24.9264,15.8412
2013-08-27,20.8959,10.8435,1.5945,-32.9955,24.9158,15.8498
2013-08-28,20.8511,10.9268,1.4298,-33.4219,24.9459,15.8690
2013-08-29,20.7954,10.9385,1.2658,-33.9197,24.9815,15.8471
2013-08-30,20.7538,11.0069,1.0555,-33.5010,25.0587,15.8603
2013-08-31,20.7098,11.0235,1.1118,-32.7396,25.0924,15.8467
2013-09-01,20.6116,11.1827,1.0734,-31.4965,25.1223,15.8768
2013-09-02,20.5326,11.2759,0.8099,-31.1563,25.1090,15.8843
2013-09-03,20.4933,11.2559,0.6616,-31.1367,25.0924,15.8543
2013-09-04,20.5062,11.2663,0.8332,-31.5036,25.1482,15.8661
2013-09-05,20.4864,11.3151,1.0483,-31.5414,25.1359,15.8803
2013-09-06,20.3968,11.3130,1.0780,-32.2912,25.0731,15.8343
2013-09-07,20.3112,11.3153,0.7370,-32.5328,25.0320,15.7927
2013-09-08,20.2140,11.4056,0.4084,-32.0902,25.1038,15.7894
2013-09-09,20.0707,11.5417,0.1523,-30.7071,25.1700,15.7855
2013-09-10,19.9740,11.5666,-0.1299,-30.5384,25.1968,15.7500
2013-09-11,19.9679,11.6633,-0.2960,-29.2116,25.2909,15.7949
2013-09-12,19.9372,11.7871,-0.5947,-27.0875,25.3124,15.8411
2013-09-13,19.8698,11.8242,-1.0647,-25.6596,25.3209,15.8260
2013-09-14,19.7255,11.7550,-1.2419,-26.5562,25.3277,15.7191
2013-09-15,19.6224,11.7645,-1.2699,-27.1802,25.3919,15.6716
2013-09-16,19.5276,11.7528,-1.5476,-27.6910,25.4222,15.6183
2013-09-17,19.4359,11.7538,-1.5974,-27.5750,25.3960,15.5726
2013-09-18,19.3795,11.7972,-1.4832,-27.3570,25.3806,15.5666
2013-09-19,19.3117,11.9037,-1.5187,-27.1512,25.4621,15.5857
2013-09-20,19.2412,12.0007,-1.6681,-26.9304,25.5003,15.5991
2013-09-21,19.1933,11.9958,-1.9624,-27.2551,25.5483,15.5724
2013-09-22,19.0969,12.0013,-2.2649,-27.2678,25.5373,15.5268
2013-09-23,18.9185,11.9515,-2.8489,-27.5713,25.4862,15.4123
2013-09-24,18.8544,11.9060,-3.0527,-28.2658,25.4395,15.3578
2013-09-25,18.7734,11.9094,-3.2003,-28.7141,25.3897,15.3194
2013-09-26,18.6953,12.0045,-3.5188,-27.9614,25.4600,15.3277
2013-09-27,18.5402,12.1106,-3.7922,-26.9835,25.5008,15.3028
2013-09-28,18.4449,12.1226,-3.6119,-26.2899,25.4909,15.2613
2013-09-29,18.3767,12.0391,-4.0263,-26.2733,25.4335,15.1853
2013-09-30,18.2755,11.9664,-4.5101,-26.3136,25.3530,15.0982
2013-10-01,18.2171,11.9312,-4.4195,-26.1240,25.2764,15.0514
2013-10-02,18.0645,12.0796,-4.6589,-26.1167,25.3018,15.0494
2013-10-03,17.8981,12.1765,-5.1023,-26.1217,25.3606,15.0144
2013-10-04,17.7683,12.2443,-5.5062,-25.9187,25.3801,14.9834
2013-10-05,17.6439,12.3358,-5.8239,-25.6458,25.3823,14.9670
2013-10-06,17.5124,12.3495,-6.3210,-26.0928,25.3908,14.9077
2013-10-07,17.4283,12.2810,-6.9493,-27.0474,25.3553,14.8315
2013-10-08,17.3048,12.2477,-7.5044,-28.0722,25.2868,14.7529
2013-10-09,17.2570,12.2483,-7.3814,-28.4203,25.2901,14.7291
2013-10-10,17.1974,12.2063,-7.5569,-28.5022,25.2799,14.6784
2013-10-11,17.0991,12.1969,-7.8008,-28.9182,25.3068,14.6244
2013-10-12,16.9816,12.3222,-7.8408,-28.9415,25.4298,14.6283
2013-10-13,16.8067,12.3511,-8.3300,-28.5530,25.4846,14.5548
2013-10-14,16.7095,12.3655,-8.4816,-28.0487,25.4680,14.5132
2013-10-15,16.5914,12.4911,-8.3497,-27.2764,25.4268,14.5171
2013-10-16,16.4680,12.6130,-8.4177,-26.1516,25.4298,14.5163
2013-10-17,16.4080,12.6891,-8.5812,-25.2991,25.4552,14.5242
2013-10-18,16.3820,12.8006,-8.6905,-25.1277,25.4690,14.5670
2013-10-19,16.3312,12.8454,-8.5566,-25.6230,25.4661,14.5640
2013-10-20,16.2035,12.8304,-8.7125,-26.2167,25.4519,14.4926
2013-10-21,16.0338,12.7532,-8.7935,-26.7355,25.4769,14.3690
2013-10-22,15.8541,12.6922,-9.0254,-27.1711,25.4271,14.2483
2013-10-23,15.6763,12.6714,-9.7357,-27.4565,25.3792,14.1487
2013-10-24,15.5125,12.6633,-10.5528,-27.2322,25.3283,14.0626
2013-10-25,15.3895,12.7340,-11.4354,-26.7578,25.2963,14.0366
2013-10-26,15.2546,12.8786,-12.0075,-26.4767,25.3353,14.0413
2013-10-27,15.2191,12.9462,-11.9785,-26.0619,25.3171,14.0575
2013-10-28,15.1547,12.9965,-12.3388,-25.4618,25.3304,14.0506
2013-10-29,15.0091,13.0377,-13.0561,-25.0035,25.3204,13.9983
2013-10-30,14.9167,13.0953,-13.8874,-24.9350,25.2934,13.9809
2013-10-31,14.8364,13.1532,-15.0044,-24.6071,25.2886,13.9694
2013-11-01,14.7799,13.2106,-15.6098,-24.3494,25.3263,13.9699
2013-11-02,14.5749,13.2550,-16.1028,-24.2174,25.3227,13.8894
2013-11-03,14.3220,13.3203,-16.7935,-23.9430,25.2977,13.7952
2013-11-04,14.0481,13.3865,-16.7006,-23.3262,25.2450,13.6916
2013-11-05,13.8812,13.4760,-16.4942,-22.7927,25.2134,13.6529
2013-11-06,13.8660,13.5487,-15.8879,-22.2727,25.2335,13.6816
2013-11-07,13.8550,13.6123,-15.0361,-21.8734,25.3060,13.7079
2013-11-08,13.7848,13.6934,-14.6951,-20.7839,25.3482,13.7135
2013-11-09,13.6299,13.8359,-15.1586,-19.4976,25.3616,13.7070
2013-11-10,13.5116,13.9752,-14.8825,-18.6818,25.4046,13.7175
2013-11-11,13.3664,14.0589,-15.0011,-18.4337,25.3968,13.6865
2013-11-12,13.3095,14.0635,-15.6180,-18.4858,25.3097,13.6603
2013-11-13,13.2204,14.0971,-16.2219,-18.6918,25.2624,13.6327
2013-11-14,13.1148,14.1186,-16.8967,-18.9850,25.2359,13.5906
2013-11-15,13.0825,14.1055,-17.5029,-19.2474,25.2469,13.5678
2013-11-16,13.0281,14.0706,-17.5478,-19.3966,25.2888,13.5230
2013-11-17,13.0199,14.0890,-17.1761,-19.0816,25.3093,13.5280
2013-11-18,12.9124,14.2616,-16.6802,-18.1386,25.3007,13.5606
2013-11-19,12.6970,14.3476,-16.9748,-17.2852,25.2415,13.4957
2013-11-20,12.4974,14.3682,-16.6160,-16.9659,25.2041,13.4060
2013-11-21,12.3941,14.3558,-16.8824,-17.2197,25.1676,13.3479
2013-11-22,12.2645,14.3592,-17.3842,-17.4423,25.1578,13.2846
2013-11-23,12.1274,14.4071,-17.8078,-16.8304,25.1514,13.2400
2013-11-24,11.9687,14.4661,-18.2247,-16.1965,25.1578,13.1901
2013-11-25,11.8112,14.5265,-18.2116,-15.7928,25.1530,13.1417
2013-11-26,11.7681,14.6590,-17.8544,-15.4227,25.2012,13.1863
2013-11-27,11.7185,14.7640,-18.3637,-15.2469,25.2046,13.2141
2013-11-28,11.7458,14.7865,-18.8911,-15.0187,25.2037,13.2390
2013-11-29,11.7779,14.8044,-18.8524,-15.0642,25.2179,13.2639
2013-11-30,11.8102,14.8792,-18.3243,-14.9123,25.2183,13.3177
2013-12-01,11.7435,14.9659,-18.2349,-14.7391,25.2275,13.3276
2013-12-02,11.7452,15.0223,-18.0797,-14.5649,25.2150,13.3570
2013-12-03,11.6939,15.0466,-18.2745,-14.5734,25.2825,13.3433
2013-12-04,11.4180,15.0146,-18.7753,-14.6628,25.2696,13.1890
2013-12-05,11.1515,15.0046,-18.8715,-14.8474,25.2453,13.0506
2013-12-06,10.9554,14.9851,-18.4735,-14.6316,25.1421,12.9424
2013-12-07,10.6927,15.0688,-18.8691,-14.4921,25.0617,12.8530
2013-12-08,10.5485,15.1736,-19.1454,-14.1212,25.0461,12.8330
2013-12-09,10.4257,15.2541,-19.4783,-13.3858,25.0737,12.8117
2013-12-10,10.2635,15.3139,-19.0415,-12.7262,25.0983,12.7604
2013-12-11,9.9729,15.4137,-19.1459,-12.3923,25.0650,12.6649
2013-12-12,9.8753,15.4898,-19.6570,-12.2758,25.0350,12.6543
2013-12-13,9.9357,15.5639,-19.3838,-12.2896,24.9545,12.7216
2013-12-14,10.0490,15.6439,-18.9055,-12.3537,24.9327,12.8184
2013-12-15,10.0249,15.7442,-18.7473,-12.4547,24.8865,12.8563
2013-12-16,9.9085,15.7749,-18.4056,-12.5838,24.8047,12.8133
2013-12-17,9.7881,15.7694,-18.1584,-12.8867,24.7605,12.7504
2013-12-18,9.6983,15.7428,-18.7623,-12.9810,24.7690,12.6919
2013-12-19,9.6289,15.7140,-18.9897,-13.1870,24.7632,12.6428
2013-12-20,9.5369,15.6876,-18.8089,-13.1154,24.7733,12.5834
2013-12-21,9.5164,15.7161,-18.7310,-12.8317,24.7948,12.5873
2013-12-22,9.5034,15.7164,-19.2543,-12.7627,24.8017,12.5810
2013-12-23,9.5039,15.7331,-20.3041,-12.7199,24.8205,12.5897
2013-12-24,9.5312,15.8063,-21.1612,-12.7335,24.8370,12.6397
2013-12-25,9.5445,15.8761,-21.4668,-12.8256,24.8757,12.6816
2013-12-26,9.4827,15.9839,-21.9407,-12.7835,24.9343,12.7049
2013-12-27,9.4187,16.0622,-22.8065,-12.5587,24.9536,12.7119
2013-12-28,9.3324,16.0796,-23.4542,-12.5230,24.9385,12.6777
2013-12-29,9.1592,16.1282,-23.7067,-12.5197,24.9357,12.6152
2013-12-30,8.9731,16.1600,-23.8326,-12.2503,24.8734,12.5380
2013-12-31,8.9768,16.2035,-23.5703,-11.8669,24.8501,12.5618
2014-01-01,8.8962,16.2684,-23.4178,-11.3695,24.9080,12.5537
2014-01-02,8.8320,16.3373,-23.4095,-11.0669,25.0115,12.5560
2014-01-03,8.8338,16.2957,-23.1768,-11.0375,25.0405,12.5361
2014-01-04,8.7460,16.2330,-23.5663,-11.1144,24.9721,12.4606
2014-01-05,8.6769,16.2678,-23.6539,-11.1790,24.9425,12.4435
2014-01-06,8.6021,16.3197,-23.4434,-11.1960,24.9083,12.4321
2014-01-07,8.5982,16.3344,-23.2370,-11.3118,24.8600,12.4376
2014-01-08,8.6694,16.3144,-22.6127,-11.4375,24.8563,12.4632
2014-01-09,8.8263,16.3542,-22.3485,-11.3508,24.8681,12.5619
2014-01-10,8.9267,16.3886,-22.5877,-11.4618,24.8353,12.6295
2014-01-11,9.0408,16.3972,-22.9568,-11.8401,24.8438,12.6907
2014-01-12,9.0797,16.3999,-23.3404,-12.0117,24.8571,12.7114
2014-01-13,9.1674,16.4133,-23.4506,-12.1353,24.8716,12.7621
2014-01-14,9.1710,16.4099,-24.1087,-12.3135,24.8803,12.7621
2014-01-15,9.1037,16.4216,-24.4005,-12.5502,24.8612,12.7342
2014-01-16,8.9951,16.4289,-24.5644,-12.6736,24.8923,12.6833
2014-01-17,8.9145,16.4581,-24.5057,-12.6335,24.9638,12.6574
2014-01-18,8.8724,16.4686,-24.5450,-12.5582,24.9405,12.6417
2014-01-19,8.8363,16.4831,-24.1071,-12.4829,24.8870,12.6308
2014-01-20,8.7631,16.4951,-23.5772,-12.5067,24.8990,12.5999
2014-01-21,8.7021,16.4756,-23.2072,-12.8116,24.9282,12.5597
2014-01-22,8.6810,16.4604,-22.5590,-13.1249,24.9436,12.5416
2014-01-23,8.7520,16.4650,-22.7110,-13.3522,24.9758,12.5795
2014-01-24,8.8206,16.3089,-22.5276,-13.8083,25.0091,12.5359
2014-01-25,8.8413,16.2133,-22.1162,-14.3072,25.0327,12.4983
2014-01-26,8.8815,16.2123,-21.3452,-14.7564,25.0399,12.5179
2014-01-27,8.7423,16.2321,-21.0014,-15.2282,25.0158,12.4580
2014-01-28,8.6116,16.1908,-20.5627,-15.6864,25.0074,12.3719
2014-01-29,8.7233,16.2407,-19.2835,-15.9519,25.0805,12.4530
2014-01-30,8.8741,16.2972,-18.0063,-16.1361,25.1397,12.5565
2014-01-31,9.0153,16.2773,-17.1170,-16.3230,25.1347,12.6174
2014-02-01,9.1184,16.2518,-17.0893,-16.6241,25.0874,12.6565
2014-02-02,9.0759,16.2530,-16.8889,-16.9326,25.0744,12.6360
2014-02-03,8.9177,16.2150,-17.4924,-17.2372,25.1244,12.5372
2014-02-04,8.7740,16.1879,-18.2796,-17.4496,25.1403,12.4516
2014-02-05,8.6654,16.1945,-18.6800,-17.6135,25.1387,12.4007
2014-02-06,8.5428,16.1942,-19.3851,-17.8274,25.1458,12.3391
2014-02-07,8.5944,16.2413,-19.8481,-17.8620,25.1693,12.3885
2014-02-08,8.7130,16.2956,-19.8661,-17.3118,25.2128,12.4750
2014-02-09,8.7366,16.2950,-19.8214,-17.0573,25.1770,12.4865
2014-02-10,8.6568,16.3378,-20.3003,-16.8005,25.1162,12.4680
2014-02-11,8.6373,16.3640,-20.2757,-16.4082,25.0716,12.4714
2014-02-12,8.6833,16.3502,-20.2910,-16.2339,25.0869,12.4876
2014-02-13,8.8261,16.2727,-20.8454,-16.7065,25.1076,12.5203
2014-02-14,8.9630,16.1935,-20.8997,-17.0599,25.0866,12.5490
2014-02-15,9.1770,16.1147,-20.7990,-17.4316,25.0382,12.6168
2014-02-16,9.2755,16.0568,-20.8609,-18.1158,24.9967,12.6373
2014-02-17,9.3997,16.0636,-21.2363,-18.7472,25.0375,12.7028
2014-02-18,9.5896,16.0833,-21.6422,-19.1143,25.1584,12.8075
2014-02-19,9.7704,16.0062,-22.1775,-19.3746,25.1724,12.8594
2014-02-20,9.7940,15.9850,-23.0655,-19.0580,25.1706,12.8608
2014-02-21,9.7518,15.9904,-23.7468,-19.0669,25.2360,12.8421
2014-02-22,9.7539,15.9517,-24.1882,-19.6025,25.2821,12.8239
2014-02-23,9.8040,15.9176,-23.6853,-20.3319,25.3192,12.8320
2014-02-24,9.8319,15.8960,-23.0387,-20.4972,25.3761,12.8353
2014-02-25,9.8226,15.8076,-22.3391,-20.9031,25.4148,12.7863
2014-02-26,9.7806,15.7315,-21.7094,-21.1605,25.4086,12.7273
2014-02-27,9.7987,15.7596,-21.4114,-21.2133,25.4046,12.7504
2014-02-28,9.8680,15.7796,-20.7198,-21.0735,25.4148,12.7948
2014-03-01,9.9155,15.7503,-19.6533,-21.5109,25.4534,12.8038
2014-03-02,10.0146,15.7375,-19.2110,-21.7913,25.5057,12.8471
2014-03-03,10.0166,15.7249,-19.0891,-21.8198,25.4855,12.8417
2014-03-04,10.1207,15.7228,-18.9202,-22.1861,25.4969,12.8926
2014-03-05,10.3234,15.6897,-18.7659,-22.5402,25.5412,12.9774
2014-03-06,10.5568,15.6500,-18.8294,-22.8748,25.6219,13.0747
2014-03-07,10.7675,15.6204,-18.8703,-23.1271,25.6329,13.1655
2014-03-08,10.9024,15.5787,-19.5471,-23.6415,25.6475,13.2122
2014-03-09,11.0274,15.5295,-19.9472,-24.2772,25.6285,13.2500
2014-03-10,11.1274,15.5083,-19.8377,-24.5559,25.5734,13.2895
2014-03-11,11.2650,15.4999,-19.6004,-24.5455,25.5825,13.3543
2014-03-12,11.3792,15.4360,-19.5352,-24.6239,25.6282,13.3796
2014-03-13,11.3701,15.4470,-19.6178,-24.1450,25.6004,13.3804
2014-03-14,11.4568,15.4804,-19.5909,-24.1149,25.5770,13.4409
2014-03-15,11.6533,15.3805,-19.2731,-24.7280,25.6299,13.4892
2014-03-16,11.8654,15.3093,-19.0496,-25.3089,25.7223,13.5597
2014-03-17,12.1128,15.3728,-18.3974,-25.0488,25.8119,13.7154
2014-03-18,12.2813,15.3679,-17.6756,-24.8600,25.8370,13.7974
2014-03-19,12.3487,15.3053,-17.8422,-25.6718,25.9230,13.7997
2014-03-20,12.3745,15.2910,-17.6830,-25.8073,25.9474,13.8053
2014-03-21,12.4729,15.1788,-17.3319,-26.1075,25.9115,13.7983
2014-03-22,12.5360,15.0583,-17.3077,-26.8145,25.9129,13.7695
2014-03-23,12.5925,14.9824,-17.0133,-27.2753,25.8940,13.7601
2014-03-24,12.6870,14.9350,-16.2582,-27.6066,25.9113,13.7835
2014-03-25,12.7575,14.8845,-16.0713,-28.0095,25.9364,13.7935
2014-03-26,12.7982,14.8529,-16.0653,-27.9407,25.9711,13.7977
2014-03-27,12.8911,14.8351,-16.1191,-27.5132,25.9678,13.8358
2014-03-28,13.0222,14.8402,-16.3925,-27.4297,25.9824,13.9040
2014-03-29,13.1790,14.8473,-16.4725,-27.7301,26.0052,13.9856
2014-03-30,13.1715,14.8451,-16.2332,-27.6797,26.0554,13.9808
2014-03-31,13.1996,14.8711,-16.1693,-27.3487,26.1266,14.0080
2014-04-01,13.2949,14.8340,-15.5573,-27.8054,26.1570,14.0375
2014-04-02,13.3634,14.7254,-15.3798,-28.4728,26.1365,14.0175
2014-04-03,13.4315,14.6871,-15.3877,-28.8290,26.1254,14.0319
2014-04-04,13.4637,14.6628,-15.4384,-28.8427,26.0826,14.0356
2014-04-05,13.5600,14.6254,-15.7025,-28.8158,26.0431,14.0654
2014-04-06,13.7748,14.5322,-15.8567,-29.5017,26.0276,14.1266
2014-04-07,13.9806,14.3985,-15.8754,-30.3445,26.0039,14.1626
2014-04-08,14.1092,14.2649,-15.8155,-30.9646,25.9923,14.1601
2014-04-09,14.1596,14.2083,-15.9973,-31.0177,26.0104,14.1566
2014-04-10,14.1642,14.1517,-15.5078,-31.2948,25.9598,14.1308
2014-04-11,14.2398,14.1392,-14.8903,-30.8466,25.9871,14.1625
2014-04-12,14.3856,14.2085,-14.4821,-29.6243,26.0159,14.2702
2014-04-13,14.4714,14.2773,-13.9014,-28.2068,26.0173,14.3478
2014-04-14,14.5068,14.2666,-13.1736,-28.1722,26.0314,14.3603
2014-04-15,14.5258,14.1909,-12.6673,-28.7331,25.9940,14.3321
2014-04-16,14.6209,14.2409,-12.7892,-27.8946,26.0257,14.4049
2014-04-17,14.7928,14.3596,-12.9744,-26.9634,26.1191,14.5504
2014-04-18,15.0774,14.2879,-12.2793,-27.6984,26.1484,14.6568
2014-04-19,15.3656,14.2324,-11.5131,-27.7034,26.2032,14.7734
2014-04-20,15.5150,14.2146,-11.2235,-28.0252,26.2092,14.8392
2014-04-21,15.6114,14.1933,-11.1848,-28.1528,26.1815,14.8770
2014-04-22,15.7565,14.1480,-10.7242,-28.1038,26.1778,14.9268
2014-04-23,15.7340,14.0984,-10.1387,-27.8674,26.1763,14.8907
2014-04-24,15.6791,14.0036,-9.9545,-28.3706,26.2276,14.8157
2014-04-25,15.7209,13.9297,-10.1442,-28.8074,26.2513,14.7994
2014-04-26,15.8319,13.8466,-10.1592,-29.3573,26.2308,14.8134
2014-04-27,16.0077,13.7699,-9.8810,-30.1274,26.2511,14.8630
2014-04-28,16.0845,13.6953,-9.8009,-30.6502,26.2257,14.8643
2014-04-29,16.1604,13.5419,-9.8963,-31.4706,26.2048,14.8252
2014-04-30,16.2406,13.4815,-9.6589,-31.9682,26.1840,14.8352
2014-05-01,16.3225,13.4624,-9.2486,-31.7821,26.1238,14.8667
2014-05-02,16.4619,13.4818,-8.7421,-31.1375,26.1400,14.9464
2014-05-03,16.5389,13.4880,-8.4100,-30.8638,26.1209,14.9878
2014-05-04,16.5877,13.4352,-8.1019,-30.7539,26.1219,14.9859
2014-05-05,16.6274,13.4193,-7.9004,-30.7826,26.1059,14.9978
2014-05-06,16.7230,13.4451,-7.6122,-30.9454,26.0851,15.0588
2014-05-07,16.8087,13.3629,-7.1845,-31.5698,26.0308,15.0607
2014-05-08,16.8284,13.3113,-6.8433,-31.1393,25.9438,15.0449
2014-05-09,16.9375,13.3879,-6.3573,-29.6727,25.9554,15.1379
2014-05-10,17.0908,13.5020,-6.2631,-28.0452,26.0204,15.2715
2014-05-11,17.1775,13.5299,-6.1437,-27.0680,26.0148,15.3291
2014-05-12,17.2478,13.5934,-6.0484,-26.4724,26.0403,15.3964
2014-05-13,17.3033,13.6164,-5.7336,-26.4450,26.0381,15.4354
2014-05-14,17.4114,13.5454,-5.5213,-26.8620,26.0558,15.4540
2014-05-15,17.5325,13.4890,-5.2943,-27.2400,26.0608,15.4865
2014-05-16,17.7025,13.4363,-4.9336,-27.5766,26.0806,15.5452
2014-05-17,17.8438,13.3066,-4.5987,-28.4050,26.1166,15.5510
2014-05-18,17.9009,13.2026,-4.4578,-29.3169,26.0935,15.5273
2014-05-19,17.9818,13.1071,-4.3155,-30.3627,26.0633,15.5202
2014-05-20,18.1597,12.9624,-3.9695,-30.8306,26.0930,15.5369
2014-05-21,18.3435,12.9596,-3.5635,-30.0365,26.1207,15.6277
2014-05-22,18.4764,12.9328,-3.3195,-29.1549,26.1503,15.6809
2014-05-23,18.5160,12.7936,-3.2801,-29.0519,26.0565,15.6310
2014-05-24,18.5810,12.6949,-3.1554,-29.4302,25.9359,15.6141
2014-05-25,18.6700,12.7638,-2.9296,-29.5181,25.9339,15.6931
2014-05-26,18.8068,12.8577,-2.6571,-28.7128,25.9809,15.8088
2014-05-27,18.8985,12.8565,-2.3925,-28.3544,25.9759,15.8544
2014-05-28,18.9766,12.8624,-2.1643,-27.7955,25.9640,15.8965
2014-05-29,19.0297,12.8897,-1.8336,-27.6114,25.9757,15.9370
2014-05-30,19.0955,12.8670,-1.5348,-28.2316,25.9959,15.9588
2014-05-31,19.2389,12.7070,-1.4094,-29.6065,26.0398,15.9501
2014-06-01,19.2460,12.5855,-1.5152,-30.2843,26.0271,15.8924
2014-06-02,19.2400,12.4198,-1.2197,-31.1136,25.9913,15.8063
2014-06-03,19.2916,12.3961,-0.5863,-31.3436,25.9957,15.8204
2014-06-04,19.4122,12.3393,0.0753,-31.9327,26.0419,15.8525
2014-06-05,19.5034,12.2998,0.5468,-31.6270,26.0404,15.8786
2014-06-06,19.6186,12.2233,0.9327,-31.4176,25.9633,15.8977
2014-06-07,19.7685,12.2162,1.1184,-30.8331,25.8722,15.9694
2014-06-08,19.9210,12.1123,0.8821,-31.4554,25.8840,15.9936
2014-06-09,20.0253,12.0004,1.0132,-31.9518,25.8605,15.9899
2014-06-10,20.1540,11.9200,1.3767,-33.1146,25.8600,16.0141
2014-06-11,20.2055,11.9381,1.4812,-33.4434,25.8676,16.0491
2014-06-12,20.1940,11.9643,1.3912,-33.3189,25.8713,16.0566
2014-06-13,20.1603,11.8624,1.4350,-33.0624,25.8187,15.9888
2014-06-14,20.1825,11.8038,1.7204,-31.9245,25.7157,15.9706
2014-06-15,20.2595,11.8125,2.1231,-31.2898,25.7073,16.0138
2014-06-16,20.3835,11.8342,2.5877,-31.3248,25.7287,16.0867
2014-06-17,20.4858,11.8286,2.7527,-31.6102,25.7490,16.1352
2014-06-18,20.5506,11.7822,2.9106,-31.0733,25.7272,16.1447
2014-06-19,20.5710,11.7153,2.6711,-31.5825,25.7130,16.1213
2014-06-20,20.6717,11.5958,2.6886,-32.8025,25.6677,16.1118
2014-06-21,20.7667,11.5927,2.7892,-33.0738,25.6250,16.1579
2014-06-22,20.8161,11.6384,2.7843,-32.8110,25.5478,16.2059
2014-06-23,20.8841,11.6830,2.8989,-32.3751,25.5555,16.2621
2014-06-24,20.9216,11.6563,3.3449,-32.4495,25.5838,16.2676
2014-06-25,20.9008,11.5914,3.5023,-32.7211,25.5445,16.2250
2014-06-26,20.9351,11.4883,3.3229,-33.6334,25.4735,16.1908
2014-06-27,21.0225,11.3756,3.0479,-34.1301,25.4835,16.1781
2014-06-28,21.0932,11.2139,3.0169,-33.8479,25.3974,16.1323
2014-06-29,21.1731,11.1200,3.2444,-34.1223,25.3224,16.1255
2014-06-30,21.2052,11.0575,3.4214,-34.3596,25.3112,16.1102
2014-07-01,21.2304,11.0907,3.6623,-34.4432,25.3712,16.1396
2014-07-02,21.2873,11.1452,3.6914,-34.3791,25.4607,16.1952
2014-07-03,21.2917,11.1934,3.7045,-34.0641,25.5025,16.2214
2014-07-04,21.3240,11.2346,3.7908,-34.4004,25.4928,16.2584
2014-07-05,21.4035,11.2724,3.9210,-34.3614,25.4435,16.3172
2014-07-06,21.4792,11.1824,4.0335,-33.9399,25.3721,16.3103
2014-07-07,21.4900,11.1682,4.1600,-33.6398,25.2697,16.3087
2014-07-08,21.4856,11.1463,4.2165,-33.8766,25.2119,16.2956
2014-07-09,21.4690,11.1138,4.2284,-33.9524,25.1978,16.2712
2014-07-10,21.5321,10.9697,4.5199,-34.3370,25.1801,16.2310
2014-07-11,21.6189,10.9556,4.7237,-34.4252,25.1830,16.2673
2014-07-12,21.7056,10.8855,4.8050,-35.3155,25.1970,16.2756
2014-07-13,21.7573,10.8859,4.7846,-35.4434,25.2353,16.3015
2014-07-14,21.7571,11.0112,4.7935,-35.1159,25.2680,16.3640
2014-07-15,21.7323,11.0749,4.4934,-34.6611,25.2990,16.3835
2014-07-16,21.7370,11.0656,4.2787,-34.0487,25.2921,16.3814
2014-07-17,21.6870,11.0978,4.2945,-33.5705,25.2799,16.3726
2014-07-18,21.6463,11.0116,4.4427,-33.2068,25.2501,16.3090
2014-07-19,21.6512,10.9240,4.3216,-33.3224,25.2259,16.2674
2014-07-20,21.7451,10.9147,4.3814,-32.7423,25.2617,16.3099
2014-07-21,21.7851,10.8736,4.4829,-32.8021,25.2510,16.3096
2014-07-22,21.8265,10.8160,4.6658,-33.8118,25.1710,16.3014
2014-07-23,21.8851,10.7374,4.6394,-34.1103,25.1411,16.2914
2014-07-24,21.8276,10.7154,4.8671,-33.6290,25.0639,16.2517
2014-07-25,21.7974,10.6856,4.9703,-33.5926,24.9769,16.2214
2014-07-26,21.8503,10.7481,4.9075,-33.1618,24.9937,16.2794
2014-07-27,21.9261,10.8353,4.7629,-33.1094,25.1055,16.3611
2014-07-28,21.8792,10.8518,4.4992,-33.8193,25.1976,16.3460
2014-07-29,21.8301,10.8540,4.4528,-34.7339,25.2264,16.3226
2014-07-30,21.8346,10.8430,4.4156,-35.0763,25.2027,16.3195
2014-07-31,21.8477,10.8918,4.5061,-34.8765,25.1824,16.3505
2014-08-01,21.8335,10.8739,4.5182,-34.8019,25.2106,16.3340
2014-08-02,21.8519,10.8746,4.5769,-34.0514,25.1588,16.3438
2014-08-03,21.9146,10.8902,4.8124,-33.9949,25.1613,16.3830
2014-08-04,21.9539,10.8186,4.7094,-33.7305,25.1697,16.3670
2014-08-05,21.8950,10.8088,4.2024,-33.3415,25.1334,16.3326
2014-08-06,21.8492,10.8722,3.8783,-32.8606,25.1294,16.3417
2014-08-07,21.8108,10.9179,3.6767,-32.2025,25.1327,16.3454
2014-08-08,21.7650,10.9082,3.4812,-32.2646,25.0837,16.3172
2014-08-09,21.7146,10.9337,3.6688,-32.5214,25.0318,16.3048
2014-08-10,21.7385,10.9920,3.8185,-32.9083,25.0655,16.3461
2014-08-11,21.7037,10.9429,3.7049,-33.6287,25.0880,16.3041
2014-08-12,21.6512,10.8170,3.6167,-34.4641,25.0835,16.2148
2014-08-13,21.6437,10.6032,3.6899,-35.1477,25.0110,16.1039
2014-08-14,21.5921,10.5093,3.4271,-34.3076,24.9313,16.0311
2014-08-15,21.5826,10.6404,3.2773,-33.4161,24.9603,16.0920
2014-08-16,21.6276,10.7322,3.3871,-33.2290,25.0121,16.1605
2014-08-17,21.6431,10.8242,3.5993,-33.3222,25.0204,16.2143
2014-08-18,21.6417,10.7708,3.5663,-34.5034,25.0197,16.1867
2014-08-19,21.6546,10.7098,3.6164,-34.9298,25.0325,16.1626
2014-08-20,21.6113,10.7318,3.6103,-34.6340,25.0426,16.1520
2014-08-21,21.5553,10.8166,3.5127,-34.0214,25.1123,16.1661
2014-08-22,21.5011,10.9721,3.3815,-32.0431,25.1898,16.2165
2014-08-23,21.4557,11.0845,3.2476,-31.5649,25.2090,16.2502
2014-08-24,21.4550,11.2299,3.0694,-30.7021,25.2456,16.3227
2014-08-25,21.4017,11.3221,2.8867,-29.5758,25.2624,16.3421
2014-08-26,21.2739,11.3026,2.4675,-28.8190,25.1839,16.2685
2014-08-27,21.2142,11.3136,2.0088,-28.2847,25.1660,16.2440
2014-08-28,21.1512,11.3446,1.7774,-27.9521,25.2015,16.2282
2014-08-29,21.1042,11.4081,1.8170,-27.4878,25.2559,16.2362
2014-08-30,21.0011,11.4434,1.7361,-27.7497,25.2437,16.2019
2014-08-31,20.9364,11.4129,1.6726,-28.4239,25.2459,16.1544
2014-09-01,20.8796,11.4302,1.5967,-28.7708,25.2701,16.1346
2014-09-02,20.8425,11.4491,1.5315,-28.9398,25.3372,16.1254
2014-09-03,20.7600,11.3879,1.4028,-29.1656,25.2809,16.0532
2014-09-04,20.6739,11.3130,0.8778,-30.1100,25.2744,15.9727
2014-09-05,20.5653,11.2904,0.5363,-30.7764,25.2401,15.9072
2014-09-06,20.4248,11.3079,0.3331,-31.3323,25.1859,15.8455
2014-09-07,20.3507,11.3619,0.3261,-31.3332,25.2145,15.8353
2014-09-08,20.2893,11.4281,0.2627,-30.8802,25.2376,15.8378
2014-09-09,20.2085,11.4643,0.4855,-29.9816,25.2510,15.8155
2014-09-10,20.1184,11.4494,0.2520,-29.1612,25.3266,15.7627
2014-09-11,20.0041,11.5252,-0.2509,-28.9334,25.3769,15.7435
2014-09-12,19.8732,11.5582,-0.4466,-29.4832,25.3816,15.6945
2014-09-13,19.7398,11.5339,-0.6136,-30.3377,25.4100,15.6150
2014-09-14,19.6920,11.5045,-0.6482,-31.2999,25.4293,15.5764
2014-09-15,19.6822,11.4758,-0.9537,-31.9122,25.4429,15.5569
2014-09-16,19.6401,11.4860,-1.0109,-32.2398,25.4465,15.5409
2014-09-17,19.6201,11.5376,-1.0717,-31.6820,25.4910,15.5568
2014-09-18,19.5849,11.5278,-1.4135,-30.7363,25.5410,15.5343
2014-09-19,19.4856,11.5904,-1.7797,-29.3131,25.5166,15.5161
2014-09-20,19.3709,11.6230,-2.1756,-28.7444,25.4646,15.4750
2014-09-21,19.3611,11.6916,-2.1572,-28.6613,25.4409,15.5042
2014-09-22,19.2567,11.7055,-2.3338,-28.9964,25.4260,15.4590
2014-09-23,19.1440,11.7190,-2.7959,-29.7002,25.4643,15.4090
2014-09-24,19.0509,11.7682,-3.2495,-29.3615,25.4975,15.3870
2014-09-25,18.9911,11.8107,-3.5664,-29.1129,25.5059,15.3783
2014-09-26,18.9083,11.8831,-3.7115,-28.7711,25.5400,15.3732
2014-09-27,18.7587,11.9813,-3.8725,-28.2995,25.5211,15.3475
2014-09-28,18.5849,12.1275,-4.1670,-26.9801,25.5721,15.3336
2014-09-29,18.3971,12.2998,-4.3961,-25.8873,25.6301,15.3256
2014-09-30,18.2609,12.3950,-4.3427,-25.3473,25.6115,15.3053
2014-10-01,18.1878,12.2910,-4.3262,-26.2105,25.5804,15.2163
2014-10-02,18.1372,12.1564,-4.3417,-27.3996,25.5366,15.1233
2014-10-03,17.9698,12.0583,-4.5436,-28.4132,25.5055,14.9903
2014-10-04,17.8345,12.0556,-4.6326,-28.6966,25.4539,14.9212
2014-10-05,17.7811,12.0712,-4.8473,-28.9320,25.4048,14.9022
2014-10-06,17.7774,12.0790,-5.1380,-28.9254,25.4065,14.9042
2014-10-07,17.7720,12.1405,-5.4231,-29.2375,25.4803,14.9322
2014-10-08,17.6612,12.3172,-5.9502,-29.0753,25.6286,14.9652
2014-10-09,17.5683,12.4206,-6.2389,-29.1524,25.7229,14.9704
2014-10-10,17.4671,12.4014,-6.1850,-28.9518,25.7453,14.9102
2014-10-11,17.2798,12.4080,-6.2547,-28.6468,25.6616,14.8199
2014-10-12,17.0788,12.5017,-6.8579,-28.5481,25.6117,14.7662
2014-10-13,16.9420,12.5285,-7.4291,-28.0902,25.5937,14.7111
2014-10-14,16.9231,12.5556,-7.7288,-28.1494,25.5860,14.7151
2014-10-15,16.8461,12.5823,-8.0894,-28.4374,25.5886,14.6898
2014-10-16,16.7625,12.6444,-8.4689,-28.1011,25.6251,14.6788
2014-10-17,16.6188,12.6374,-9.0703,-27.9711,25.6007,14.6033
2014-10-18,16.4690,12.5894,-9.8158,-27.8259,25.5549,14.5043
2014-10-19,16.2337,12.5996,-10.2331,-27.0498,25.5264,14.3917
2014-10-20,16.0143,12.6845,-10.7476,-26.3020,25.4809,14.3243
2014-10-21,15.9372,12.7816,-10.7621,-25.6218,25.4777,14.3343
2014-10-22,15.8577,12.8592,-10.4198,-25.3486,25.4687,14.3332
2014-10-23,15.7138,12.9201,-10.4957,-25.2468,25.4383,14.2917
2014-10-24,15.6734,13.0325,-10.4867,-24.6311,25.4703,14.3277
2014-10-25,15.6212,13.1618,-10.1738,-23.6679,25.5091,14.3661
2014-10-26,15.4797,13.2403,-10.2073,-23.5144,25.5342,14.3345
2014-10-27,15.2230,13.2684,-10.6331,-23.2710,25.5301,14.2200
2014-10-28,15.0689,13.3571,-11.5147,-22.9548,25.5309,14.1873
2014-10-29,14.9529,13.4554,-12.4752,-22.6103,25.5538,14.1782
2014-10-30,14.8608,13.5175,-13.2253,-21.6684,25.5951,14.1630
2014-10-31,14.7714,13.5432,-13.8643,-20.8542,25.6063,14.1311
2014-11-01,14.5843,13.5159,-14.4154,-20.1853,25.5451,14.0239
2014-11-02,14.3612,13.5764,-14.7332,-19.9493,25.5009,13.9423
2014-11-03,14.2504,13.6706,-15.1017,-20.0807,25.5290,13.9339
2014-11-04,14.2515,13.7090,-15.1493,-19.9291,25.5167,13.9538
2014-11-05,14.1602,13.7469,-15.3532,-20.1672,25.4986,13.9275
2014-11-06,14.0305,13.8328,-15.7108,-20.2950,25.4835,13.9056
2014-11-07,13.7928,13.8822,-16.0775,-20.4457,25.5280,13.8111
2014-11-08,13.6067,13.9201,-16.0649,-20.3828,25.5343,13.7368
2014-11-09,13.6134,13.9782,-16.1286,-20.3612,25.5354,13.7693
2014-11-10,13.5536,13.9349,-15.5604,-20.4752,25.4946,13.7179
2014-11-11,13.3317,13.9102,-15.1181,-20.6653,25.5038,13.5944
2014-11-12,13.0631,13.9068,-15.1437,-20.5926,25.4746,13.4578
2014-11-13,12.9021,13.9381,-15.1825,-19.8739,25.4017,13.3930
2014-11-14,12.8623,13.9588,-14.7696,-19.2500,25.3368,13.3834
2014-11-15,12.8409,13.9436,-14.2098,-19.2783,25.3305,13.3649
2014-11-16,12.7499,13.9729,-14.2966,-19.5736,25.3754,13.3341
2014-11-17,12.6111,14.0518,-14.5356,-19.5938,25.3749,13.3040
2014-11-18,12.4300,14.1295,-15.6909,-19.7362,25.3211,13.2523
2014-11-19,12.3852,14.2297,-16.6876,-19.5257,25.3146,13.2800
2014-11-20,12.3298,14.3126,-17.0778,-19.3990,25.3400,13.2937
2014-11-21,12.3044,14.4044,-17.3422,-19.1854,25.3803,13.3271
2014-11-22,12.1589,14.4526,-17.7212,-18.9164,25.3979,13.2782
2014-11-23,11.9716,14.4804,-17.7944,-18.7937,25.3836,13.1982
2014-11-24,11.7409,14.5228,-18.0774,-18.7648,25.3977,13.1037
2014-11-25,11.5720,14.5680,-18.7253,-18.4009,25.3615,13.0418
2014-11-26,11.4336,14.6060,-18.7568,-18.2893,25.2996,12.9914
2014-11-27,11.2246,14.6286,-18.3620,-18.0611,25.2802,12.8979
2014-11-28,11.0233,14.6836,-17.9253,-17.9240,25.3202,12.8246
2014-11-29,10.9641,14.7231,-17.9273,-17.8653,25.3872,12.8147
2014-11-30,10.9122,14.7276,-18.0012,-17.6599,25.4131,12.7906
2014-12-01,10.7355,14.7166,-17.9973,-17.1347,25.2838,12.6968
2014-12-02,10.6952,14.7819,-17.8719,-16.5966,25.1979,12.7094
2014-12-03,10.7733,14.8661,-18.2022,-16.2556,25.2365,12.7907
2014-12-04,10.7905,15.0200,-18.6089,-15.8188,25.3001,12.8766
2014-12-05,10.6999,15.0940,-19.1605,-15.5593,25.3131,12.8683
2014-12-06,10.6406,15.1460,-19.7580,-15.5927,25.3194,12.8647
2014-12-07,10.5812,15.2170,-20.2131,-15.6032,25.3332,12.8702
2014-12-08,10.5100,15.2195,-20.6418,-15.6483,25.2922,12.8360
2014-12-09,10.4853,15.2440,-20.8306,-15.5485,25.2439,12.8359
2014-12-10,10.4998,15.2245,-20.5258,-15.3234,25.1983,12.8334
2014-12-11,10.4066,15.2067,-20.6278,-15.2404,25.1142,12.7779
2014-12-12,10.4317,15.2746,-20.5450,-15.0955,25.0807,12.8246
2014-12-13,10.4973,15.3702,-20.5249,-14.9920,25.0916,12.9050
2014-12-14,10.5337,15.4152,-20.1911,-14.8752,25.1070,12.9457
2014-12-15,10.4626,15.4592,-19.4949,-14.7992,25.1220,12.9322
2014-12-16,10.3372,15.4958,-19.0595,-14.5123,25.1131,12.8877
2014-12-17,10.2187,15.5624,-19.2502,-14.0264,25.0568,12.8617
2014-12-18,10.2151,15.6321,-19.7372,-13.4716,25.0527,12.8947
2014-12-19,10.2956,15.7200,-19.8795,-13.1009,25.0634,12.9792
2014-12-20,10.3041,15.7615,-20.2445,-12.8321,25.0961,13.0043
2014-12-21,10.2560,15.7428,-21.0034,-12.8568,25.0719,12.9708
2014-12-22,10.3233,15.7400,-21.8188,-12.9786,25.0236,13.0030
2014-12-23,10.3771,15.7455,-22.3829,-12.9011,24.9896,13.0329
2014-12-24,10.3098,15.8173,-22.7344,-12.9875,25.0112,13.0353
2014-12-25,10.1893,15.8689,-23.1155,-13.1182,25.0259,13.0006
2014-12-26,10.0018,15.8526,-23.4918,-13.0602,24.9989,12.8985
2014-12-27,9.7915,15.9023,-23.0913,-12.9348,25.0162,12.8181
2014-12-28,9.5866,16.0448,-22.0725,-12.9624,25.0449,12.7868
2014-12-29,9.3613,16.0942,-21.1766,-12.8732,25.0576,12.6988
2014-12-30,9.0765,16.0657,-21.1117,-12.7556,25.0773,12.5417
2014-12-31,8.9416,16.0798,-21.4397,-12.5593,25.0623,12.4813
2015-01-01,8.9697,16.1228,-21.5066,-12.4429,24.9949,12.5169
2015-01-02,9.0511,16.1022,-21.1729,-12.2714,24.9255,12.5473
2015-01-03,9.1465,16.0857,-20.7705,-12.2731,24.8680,12.5869
2015-01-04,9.1986,16.1379,-21.0485,-12.6201,24.8722,12.6391
2015-01-05,9.0644,16.2176,-21.6503,-12.8299,24.8454,12.6120
2015-01-06,8.9865,16.2474,-20.9584,-12.7976,24.8578,12.5881
2015-01-07,8.8740,16.2081,-20.5664,-12.9591,24.8926,12.5119
2015-01-08,8.6897,16.1589,-20.4017,-13.1551,24.8425,12.3950
2015-01-09,8.6868,16.1621,-20.2349,-13.1018,24.7793,12.3953
2015-01-10,8.8637,16.1827,-20.1772,-13.0498,24.7403,12.4939
2015-01-11,8.9691,16.2220,-20.5461,-13.0982,24.7297,12.5665
2015-01-12,9.0921,16.2778,-21.1988,-13.3055,24.7666,12.6561
2015-01-13,9.1774,16.2980,-21.4810,-13.5703,24.8366,12.7088
2015-01-14,9.2308,16.2784,-21.9228,-13.8611,24.8767,12.7258
2015-01-15,9.3209,16.2567,-22.4998,-14.1214,24.9274,12.7598
2015-01-16,9.3873,16.2730,-22.8412,-14.1280,24.9975,12.8011
2015-01-17,9.3330,16.2877,-23.2126,-13.6668,24.9970,12.7812
2015-01-18,9.3469,16.3111,-22.7655,-13.5216,25.0179,12.8001
2015-01-19,9.3750,16.3359,-22.4964,-13.6810,24.9954,12.8268
2015-01-20,9.3282,16.3398,-22.9406,-13.6233,24.9959,12.8056
2015-01-21,9.1955,16.3359,-23.4016,-13.6270,25.0229,12.7372
2015-01-22,9.0772,16.4035,-23.4230,-13.6177,25.0558,12.7115
2015-01-23,8.9058,16.4103,-23.6178,-13.7572,25.0662,12.6294
2015-01-24,8.8038,16.4242,-23.7882,-13.8950,25.0628,12.5854
2015-01-25,8.8850,16.3200,-23.7390,-14.1270,25.0087,12.5739
2015-01-26,8.9346,16.3391,-23.6379,-14.1737,25.0438,12.6079
2015-01-27,8.8584,16.3957,-24.1434,-14.3098,25.1385,12.5979
2015-01-28,8.8324,16.3828,-24.9040,-14.3461,25.1621,12.5785
2015-01-29,8.9136,16.4241,-25.5898,-14.0153,25.1843,12.6397
2015-01-30,8.9456,16.4560,-25.2690,-14.1106,25.2072,12.6715
2015-01-31,8.8623,16.4332,-24.8128,-14.5820,25.2376,12.6184
2015-02-01,8.8012,16.3814,-25.2002,-15.0944,25.2382,12.5621
2015-02-02,8.8013,16.3870,-25.4584,-15.5551,25.2832,12.5652
2015-02-03,8.9453,16.3785,-24.5038,-15.6981,25.3271,12.6331
2015-02-04,9.0375,16.3154,-24.6879,-16.0367,25.3492,12.6476
2015-02-05,8.9900,16.3869,-24.3861,-15.7901,25.3644,12.6594
2015-02-06,8.8837,16.4516,-24.2908,-15.4427,25.3776,12.6384
2015-02-07,8.9753,16.4780,-24.0093,-15.5302,25.4374,12.6973
2015-02-08,9.2192,16.4751,-23.7696,-15.8314,25.4781,12.8181
2015-02-09,9.3746,16.4720,-24.1033,-16.2114,25.4934,12.8946
2015-02-10,9.6107,16.4682,-23.8901,-16.7273,25.5006,13.0109
2015-02-11,9.7387,16.4753,-23.4609,-17.0788,25.4822,13.0785
2015-02-12,9.7499,16.4815,-23.4260,-17.4487,25.4795,13.0870
2015-02-13,9.8402,16.4140,-23.2711,-17.6641,25.4937,13.0988
2015-02-14,9.8698,16.3093,-23.2240,-17.9313,25.4823,13.0609
2015-02-15,9.8033,16.2820,-22.6741,-18.1344,25.5095,13.0137
2015-02-16,9.8001,16.3092,-22.2217,-17.9974,25.5818,13.0255
2015-02-17,9.8426,16.2869,-22.2248,-17.8931,25.5907,13.0357
2015-02-18,9.7380,16.2588,-22.1766,-18.1639,25.5501,12.9693
2015-02-19,9.7608,16.2553,-21.7076,-18.3799,25.5252,12.9789
2015-02-20,9.8480,16.1974,-21.3151,-18.7189,25.4591,12.9938
2015-02-21,9.8701,16.1870,-21.1614,-18.8604,25.4232,12.9996
2015-02-22,9.9455,16.1672,-21.0042,-19.1031,25.4090,13.0275
2015-02-23,10.1084,16.1363,-20.9947,-19.1028,25.4183,13.0938
2015-02-24,10.2182,16.1427,-20.6393,-19.1642,25.4337,13.1518
2015-02-25,10.2818,16.0392,-20.3656,-19.5834,25.4501,13.1319
2015-02-26,10.2819,15.9881,-20.0937,-20.2177,25.4920,13.1062
2015-02-27,10.1620,15.9341,-20.1743,-20.7010,25.4621,13.0194
2015-02-28,10.1525,15.8904,-20.9882,-20.8570,25.4600,12.9927
2015-03-01,10.3295,15.8464,-21.1171,-20.7125,25.4676,13.0591
2015-03-02,10.4995,15.8816,-21.0964,-20.3302,25.5290,13.1619
2015-03-03,10.4264,15.9333,-21.2283,-20.0569,25.5685,13.1511
2015-03-04,10.3553,15.8829,-21.1265,-20.3464,25.5554,13.0903
2015-03-05,10.4141,15.7568,-20.5281,-21.3337,25.6122,13.0565
2015-03-06,10.5328,15.7226,-19.8062,-21.6218,25.6561,13.0990
2015-03-07,10.7792,15.7482,-18.6239,-21.7907,25.6990,13.2352
2015-03-08,11.0585,15.7885,-17.9492,-22.1600,25.7921,13.3951
2015-03-09,11.2280,15.8327,-18.2809,-22.1441,25.8923,13.5020
2015-03-10,11.3459,15.8543,-18.4854,-22.2745,25.8939,13.5722
2015-03-11,11.5317,15.8221,-18.2679,-22.6403,25.9056,13.6488
2015-03-12,11.6422,15.7410,-18.1307,-23.3569,25.8809,13.6633
2015-03-13,11.7160,15.6952,-18.0169,-23.5193,25.9253,13.6772
2015-03-14,11.8977,15.6195,-17.8029,-24.0571,25.9525,13.7305
2015-03-15,12.0997,15.5325,-17.9215,-24.5966,25.9585,13.7881
2015-03-16,12.2756,15.5510,-17.6144,-24.7623,26.0394,13.8853
2015-03-17,12.4281,15.5127,-17.2399,-24.9304,26.0576,13.9427
2015-03-18,12.3985,15.4486,-17.4746,-24.9606,26.0283,13.8959
2015-03-19,12.3216,15.4876,-18.1122,-24.4835,26.0129,13.8773
2015-03-20,12.3350,15.4865,-18.3218,-24.2864,26.0205,13.8832
2015-03-21,12.4673,15.3955,-18.1743,-24.5489,26.0421,13.9037
2015-03-22,12.5271,15.2552,-18.1068,-25.4064,26.0311,13.8634
2015-03-23,12.5261,15.1609,-18.4271,-25.4518,26.0026,13.8158
2015-03-24,12.5302,15.1218,-18.5040,-25.2762,25.9045,13.7984
2015-03-25,12.6937,15.1174,-18.0988,-25.4852,25.9156,13.8778
2015-03-26,12.7663,15.0314,-18.0201,-26.2897,25.9230,13.8711
2015-03-27,12.7819,14.9755,-18.1800,-26.9764,25.9491,13.8510
2015-03-28,12.8473,14.9416,-18.1378,-27.4119,25.9514,13.8666
2015-03-29,12.8813,14.9124,-18.1021,-27.5549,25.9460,13.8692
2015-03-30,12.9157,14.8508,-18.3505,-27.9362,25.9445,13.8557
2015-03-31,13.0802,14.7421,-18.2510,-28.6966,26.0091,13.8836
2015-04-01,13.1272,14.7319,-18.0522,-28.7394,26.1041,13.9018
2015-04-02,13.0707,14.7215,-17.8313,-28.4008,26.1346,13.8682
2015-04-03,13.0735,14.7162,-17.1728,-28.2027,26.1186,13.8669
2015-04-04,13.0602,14.7453,-16.6727,-27.4350,26.1487,13.8745
2015-04-05,13.1212,14.7588,-16.2279,-27.2454,26.1738,13.9119
2015-04-06,13.2686,14.6736,-15.9089,-27.4196,26.1831,13.9430
2015-04-07,13.4877,14.5236,-15.6451,-28.0043,26.1691,13.9778
2015-04-08,13.6909,14.4034,-15.4204,-28.5907,26.1404,14.0194
2015-04-09,13.8268,14.3279,-15.0191,-29.4539,26.1135,14.0499
2015-04-10,14.0192,14.3197,-14.5205,-29.6986,26.0743,14.1420
2015-04-11,14.1388,14.3845,-13.8524,-28.8305,25.9675,14.2343
2015-04-12,14.2444,14.4692,-13.6899,-27.7812,25.8779,14.3300
2015-04-13,14.4066,14.4213,-13.7678,-28.1373,25.8674,14.3868
2015-04-14,14.5185,14.4104,-13.4699,-28.1117,25.8924,14.4375
2015-04-15,14.5445,14.3611,-12.7785,-28.0464,25.9524,14.4260
2015-04-16,14.7614,14.2548,-12.1711,-28.8925,25.9923,14.4815
2015-04-17,14.9154,14.1142,-11.9675,-29.6753,25.9996,14.4884
2015-04-18,15.0142,13.9804,-11.7244,-30.2843,26.0098,14.4706
2015-04-19,15.1484,13.9613,-11.2227,-30.6310,26.0478,14.5284
2015-04-20,15.3013,13.9928,-10.7821,-30.1280,26.0880,14.6207
2015-04-21,15.4183,13.9852,-10.9843,-29.1826,26.0861,14.6756
2015-04-22,15.5565,14.0528,-10.8447,-28.3007,26.1115,14.7786
2015-04-23,15.6225,14.0197,-10.5860,-29.0291,26.1415,14.7948
2015-04-24,15.7364,13.9669,-10.2315,-29.1584,26.1158,14.8258
2015-04-25,15.8970,13.8712,-9.7556,-29.4609,26.0795,14.8584
2015-04-26,15.9890,13.7693,-9.3348,-29.7035,26.0408,14.8535
2015-04-27,16.2048,13.6318,-9.1207,-30.3974,26.0959,14.8926
2015-04-28,16.4056,13.4971,-9.2449,-31.0382,26.1421,14.9257
2015-04-29,16.5414,13.4808,-9.3677,-31.5168,26.1861,14.9858
2015-04-30,16.5579,13.4767,-9.4596,-31.7665,26.1984,14.9919
2015-05-01,16.6282,13.3903,-9.5589,-32.2314,26.2129,14.9837
2015-05-02,16.7161,13.4731,-9.4152,-30.9768,26.2223,15.0693
2015-05-03,16.7561,13.4877,-9.3049,-30.6116,26.1826,15.0968
2015-05-04,16.8137,13.4290,-9.0809,-30.9803,26.1683,15.0962
2015-05-05,16.8620,13.3795,-8.3211,-30.6346,26.1651,15.0956
2015-05-06,16.9535,13.3998,-7.6068,-29.5786,26.2243,15.1513
2015-05-07,17.0364,13.3550,-7.5987,-29.4922,26.2474,15.1708
2015-05-08,17.1364,13.2612,-7.6014,-29.8266,26.2416,15.1736
2015-05-09,17.1285,13.2630,-7.4395,-30.2582,26.2096,15.1705
2015-05-10,17.1771,13.2420,-7.4600,-30.4862,26.2377,15.1844
2015-05-11,17.2827,13.2383,-7.5509,-29.3427,26.2490,15.2350
2015-05-12,17.4045,13.2437,-6.8878,-28.7714,26.1813,15.2987
2015-05-13,17.5316,13.1488,-6.5451,-29.5945,26.1724,15.3150
2015-05-14,17.6589,13.0713,-6.4170,-30.7883,26.1501,15.3399
2015-05-15,17.7306,13.0204,-6.2924,-31.9197,26.1093,15.3501
2015-05-16,17.8222,12.9358,-5.7670,-32.5345,26.1190,15.3537
2015-05-17,17.9495,12.9800,-5.0952,-32.2126,26.2042,15.4397
2015-05-18,18.0908,13.0479,-4.3426,-31.9091,26.2705,15.5447
2015-05-19,18.1687,13.0557,-4.1159,-31.4342,26.2645,15.5876
2015-05-20,18.2381,12.9842,-3.9788,-31.0180,26.2477,15.5867
2015-05-21,18.2788,12.8905,-3.6502,-31.0234,26.2120,15.5601
2015-05-22,18.3184,12.8301,-3.6494,-31.1339,26.1537,15.5498
2015-05-23,18.4340,12.8609,-3.3231,-30.6971,26.0822,15.6233
2015-05-24,18.5840,12.9133,-2.8752,-29.5932,26.0875,15.7247
2015-05-25,18.7292,12.9190,-2.4297,-29.6295,26.1175,15.8002
2015-05-26,18.8895,12.8346,-2.0753,-30.5510,26.1115,15.8386
2015-05-27,19.0061,12.6341,-1.7743,-31.6444,26.0905,15.7966
2015-05-28,19.0191,12.5174,-1.1419,-31.9813,26.0884,15.7444
2015-05-29,19.0691,12.6279,-0.6976,-30.9059,26.0993,15.8250
2015-05-30,19.2094,12.6969,-0.4701,-30.2133,26.0925,15.9300
2015-05-31,19.2959,12.6463,-0.3109,-30.4090,26.0635,15.9482
2015-06-01,19.3303,12.5728,-0.2616,-30.7628,26.0197,15.9285
2015-06-02,19.4176,12.5522,0.0823,-30.1962,25.9670,15.9621
2015-06-03,19.6016,12.6182,0.4533,-29.2208,26.0039,16.0872
2015-06-04,19.7228,12.6356,0.8743,-29.0161,26.0348,16.1567
2015-06-05,19.8144,12.5065,1.1847,-29.5666,25.9712,16.1382
2015-06-06,19.9005,12.4314,1.2602,-28.8941,25.9239,16.1438
2015-06-07,19.9943,12.4132,1.4718,-28.9499,25.9361,16.1815
2015-06-08,20.0479,12.3694,1.5726,-30.0453,25.9536,16.1864
2015-06-09,20.0528,12.2762,1.6727,-31.2311,25.9302,16.1423
2015-06-10,20.1319,12.1768,2.1218,-31.7633,25.9514,16.1321
2015-06-11,20.1749,12.1599,2.0549,-31.6059,25.8973,16.1452
2015-06-12,20.2007,12.1185,1.7267,-31.4728,25.8289,16.1375
2015-06-13,20.2021,12.1068,1.6328,-32.1351,25.8183,16.1324
2015-06-14,20.2758,12.0796,1.7732,-32.7568,25.8313,16.1557
2015-06-15,20.2987,11.9200,1.8616,-33.6793,25.8237,16.0871
2015-06-16,20.3379,11.7583,2.2216,-34.2876,25.7715,16.0257
2015-06-17,20.4636,11.6848,2.6450,-34.1562,25.8085,16.0519
2015-06-18,20.6365,11.4746,3.0997,-34.9165,25.7769,16.0333
2015-06-19,20.7930,11.3203,3.2283,-34.9961,25.7042,16.0344
2015-06-20,20.8982,11.3688,3.1460,-34.2644,25.6650,16.1113
2015-06-21,20.9962,11.4360,3.4015,-33.7972,25.6680,16.1941
2015-06-22,21.0120,11.5240,3.4784,-33.5601,25.6765,16.2463
2015-06-23,21.0164,11.5635,3.4533,-33.4405,25.7016,16.2681
2015-06-24,21.0189,11.5940,3.3153,-33.2283,25.6699,16.2844
2015-06-25,21.0986,11.6117,3.4920,-33.3378,25.6236,16.3333
2015-06-26,21.1417,11.5458,3.6020,-33.6725,25.5699,16.3219
2015-06-27,21.1806,11.4757,3.6973,-34.0380,25.5805,16.3063
2015-06-28,21.2455,11.4904,3.6440,-34.2117,25.6084,16.3461
2015-06-29,21.2945,11.5143,3.6247,-34.1733,25.6322,16.3828
2015-06-30,21.3991,11.4764,3.9263,-34.2370,25.6612,16.4163
2015-07-01,21.4750,11.3444,4.0839,-34.7807,25.6749,16.3882
2015-07-02,21.4951,11.2785,4.0072,-34.7581,25.6652,16.3652
2015-07-03,21.4723,11.2180,3.9365,-34.6441,25.6155,16.3237
2015-07-04,21.4804,11.0980,4.2025,-34.3767,25.5706,16.2675
2015-07-05,21.4753,11.1150,4.4378,-33.0557,25.5159,16.2734
2015-07-06,21.4415,11.2008,4.3568,-32.6784,25.5780,16.2993
2015-07-07,21.4290,11.2054,4.5004,-32.6006,25.6385,16.2952
2015-07-08,21.3544,11.0867,3.9931,-34.1242,25.5951,16.1981
2015-07-09,21.4078,11.0733,4.1815,-34.7827,25.5416,16.2182
2015-07-10,21.5208,11.0436,4.2843,-35.3034,25.5522,16.2602
2015-07-11,21.6346,11.0100,4.2834,-35.3854,25.5601,16.3006
2015-07-12,21.6920,10.9874,4.4737,-35.3404,25.5101,16.3183
2015-07-13,21.8239,11.0412,4.7867,-34.9654,25.5015,16.4113
2015-07-14,21.8646,10.9839,4.8405,-34.9637,25.4968,16.4031
2015-07-15,21.7769,10.9009,4.8245,-35.6506,25.4151,16.3175
2015-07-16,21.7546,10.8818,4.7114,-35.5681,25.3654,16.2969
2015-07-17,21.8527,10.9164,4.7248,-34.5071,25.3834,16.3634
2015-07-18,21.8580,11.0828,4.7033,-33.0815,25.3884,16.4495
2015-07-19,21.8207,11.1890,4.8132,-32.9646,25.3755,16.4845
2015-07-20,21.7779,11.1927,4.9994,-33.4128,25.3423,16.4650
2015-07-21,21.7160,11.1463,4.7354,-34.2267,25.3061,16.4109
2015-07-22,21.7947,11.1053,4.6940,-34.5135,25.3273,16.4300
2015-07-23,21.8361,11.0574,4.8249,-34.7249,25.3507,16.4265
2015-07-24,21.9057,11.0018,4.8959,-34.3842,25.3513,16.4337
2015-07-25,21.9406,11.0090,4.7751,-33.8751,25.3399,16.4550
2015-07-26,21.9158,11.0428,4.5370,-33.0757,25.3406,16.4592
2015-07-27,21.9359,11.0775,4.4381,-32.7581,25.3694,16.4866
2015-07-28,21.9484,11.0478,4.3683,-33.0676,25.3659,16.4781
2015-07-29,21.9754,11.0398,4.2897,-33.5370,25.3704,16.4878
2015-07-30,22.0237,11.1108,4.2587,-33.5339,25.4034,16.5471
2015-07-31,22.0496,11.0835,4.3957,-33.9367,25.4180,16.5464
2015-08-01,22.0723,11.0758,4.5956,-33.2144,25.4150,16.5540
2015-08-02,22.1113,11.1383,4.5718,-32.4383,25.3714,16.6046
2015-08-03,22.0836,11.0694,4.3795,-32.4759,25.3171,16.5565
2015-08-04,22.0615,11.0446,4.2162,-32.5678,25.3245,16.5328
2015-08-05,22.0253,10.9562,3.9695,-33.3428,25.3201,16.4704
2015-08-06,21.9727,10.9968,3.6645,-33.1497,25.3410,16.4643
2015-08-07,21.9228,11.0468,3.6612,-32.0503,25.3261,16.4645
2015-08-08,21.8868,11.0362,3.5529,-32.6721,25.3354,16.4411
2015-08-09,21.9318,11.0517,3.6998,-33.5094,25.3470,16.4712
2015-08-10,22.0223,11.0019,3.9416,-34.1740,25.4239,16.4913
2015-08-11,22.0254,10.9883,3.8702,-34.6784,25.4633,16.4861
2015-08-12,21.9899,10.9243,3.6289,-35.0148,25.4431,16.4364
2015-08-13,21.9472,10.8949,3.4556,-34.9342,25.4316,16.4004
2015-08-14,21.9191,10.9149,3.4640,-35.1147,25.4552,16.3963
2015-08-15,21.8248,10.9428,3.5651,-35.1262,25.4364,16.3630
2015-08-16,21.7335,11.0097,3.4445,-34.8805,25.4635,16.3509
2015-08-17,21.6618,11.0911,3.1495,-35.2824,25.5178,16.3557
2015-08-18,21.5933,11.1505,3.0062,-34.8923,25.5317,16.3510
2015-08-19,21.5450,11.1634,2.6763,-34.1474,25.5689,16.3335
2015-08-20,21.5472,11.2251,2.3945,-33.3244,25.6470,16.3655
2015-08-21,21.5689,11.2839,2.4254,-32.9511,25.6832,16.4057
2015-08-22,21.4625,11.3373,2.4164,-32.7786,25.6791,16.3792
2015-08-23,21.3614,11.2217,2.4427,-33.6763,25.6866,16.2707
2015-08-24,21.3407,11.0623,2.3990,-34.5947,25.6781,16.1802
2015-08-25,21.2704,10.9647,2.2416,-35.1589,25.6335,16.0962
2015-08-26,21.1908,10.9871,2.0865,-35.5479,25.6350,16.0674
2015-08-27,21.1939,10.9363,2.0198,-35.5114,25.6014,16.0436
2015-08-28,21.2109,11.0019,1.9948,-34.7409,25.5703,16.0849
2015-08-29,21.2171,11.1849,1.9196,-33.6181,25.6093,16.1797
2015-08-30,21.1831,11.2976,1.8573,-33.1437,25.6305,16.2192
2015-08-31,21.1019,11.2313,1.7693,-33.5129,25.6399,16.1453
2015-09-01,21.0247,11.1578,1.4238,-33.3630,25.6664,16.0696
2015-09-02,20.9399,11.1220,1.3154,-34.0559,25.6880,16.0093
2015-09-03,20.8676,11.1220,1.4021,-33.9256,25.6803,15.9728
2015-09-04,20.8099,11.1831,1.6029,-33.6052,25.6690,15.9745
2015-09-05,20.7483,11.2888,1.3973,-32.9074,25.6805,15.9966
2015-09-06,20.7165,11.3204,1.3465,-32.9089,25.7058,15.9965
2015-09-07,20.6235,11.3138,1.3191,-33.3487,25.7117,15.9465
2015-09-08,20.5367,11.3656,1.0135,-33.4545,25.7136,15.9290
2015-09-09,20.5159,11.3565,0.7441,-33.3976,25.6933,15.9140
2015-09-10,20.4789,11.3356,0.5311,-33.9758,25.6850,15.8847
2015-09-11,20.3937,11.3421,0.3438,-34.2767,25.7297,15.8455
2015-09-12,20.3078,11.2218,0.0043,-34.7722,25.7306,15.7417
2015-09-13,20.1616,11.3018,-0.3248,-34.0454,25.7030,15.7082
2015-09-14,20.0755,11.3949,-0.5296,-33.5783,25.6910,15.7119
2015-09-15,20.0014,11.5569,-0.5693,-33.0234,25.7122,15.7564
2015-09-16,19.9821,11.6530,-0.7386,-33.0627,25.8415,15.7948
2015-09-17,19.9213,11.6339,-1.2626,-33.2024,25.9243,15.7544
2015-09-18,19.8604,11.6210,-1.5870,-33.0868,25.9475,15.7172
2015-09-19,19.8228,11.6476,-1.8783,-32.6291,25.9721,15.7120
2015-09-20,19.7569,11.6513,-1.9189,-32.6504,25.9968,15.6809
2015-09-21,19.5834,11.6737,-2.2807,-32.7010,25.9788,15.6052
2015-09-22,19.4577,11.6421,-2.5117,-33.0123,25.9913,15.5260
2015-09-23,19.3639,11.6153,-2.7601,-33.5731,26.0049,15.4658
2015-09-24,19.2814,11.6876,-2.8553,-33.2126,25.9988,15.4608
2015-09-25,19.2124,11.7545,-2.9349,-32.6873,25.9807,15.4598
2015-09-26,19.0972,11.6828,-3.1839,-32.9642,25.9123,15.3660
2015-09-27,18.9946,11.6431,-3.4398,-33.1029,25.9154,15.2946
2015-09-28,18.9475,11.7697,-3.3710,-32.0426,25.9459,15.3344
2015-09-29,18.8091,11.9548,-3.4578,-29.7560,25.9472,15.3577
2015-09-30,18.7132,12.1507,-3.6016,-27.5782,25.9286,15.4079
2015-10-01,18.6350,12.2787,-3.8192,-26.8246,25.9217,15.4332
2015-10-02,18.5815,12.3618,-3.9359,-26.5240,25.9846,15.4478
2015-10-03,18.4793,12.3690,-4.2247,-26.1647,25.9964,15.4002
2015-10-04,18.3978,12.5387,-4.6748,-25.4741,26.0141,15.4442
2015-10-05,18.3825,12.6472,-5.0009,-25.6515,26.1226,15.4909
2015-10-06,18.3671,12.6501,-5.1163,-25.8665,26.1607,15.4845
2015-10-07,18.2056,12.6473,-5.1695,-26.0444,26.0799,15.4019
2015-10-08,17.9961,12.7140,-5.5135,-25.8516,26.0442,15.3307
2015-10-09,17.7759,12.7258,-5.9123,-25.6358,26.0117,15.2262
2015-10-10,17.6323,12.6832,-6.3228,-25.7826,25.9176,15.1331
2015-10-11,17.5297,12.6763,-6.7842,-26.2432,25.8785,15.0782
2015-10-12,17.4665,12.6300,-7.2345,-27.1165,25.8881,15.0234
2015-10-13,17.4212,12.6198,-7.6724,-27.3761,25.9462,14.9957
2015-10-14,17.3680,12.6763,-7.6767,-27.6273,26.0505,14.9972
2015-10-15,17.2402,12.6897,-7.5011,-27.8809,26.0954,14.9398
2015-10-16,17.0771,12.6615,-7.4733,-28.0280,26.1068,14.8440
2015-10-17,16.8582,12.7533,-7.9114,-27.2501,26.0656,14.7803
2015-10-18,16.7418,12.8546,-8.6187,-26.2910,26.0298,14.7726
2015-10-19,16.6066,12.9822,-9.3226,-25.6015,26.0324,14.7689
2015-10-20,16.4124,13.1660,-9.9281,-25.0700,26.0777,14.7637
2015-10-21,16.2127,13.2167,-10.5522,-24.5558,26.1362,14.6889
2015-10-22,16.1048,13.2521,-10.8966,-24.2219,26.1877,14.6524
2015-10-23,16.0449,13.1823,-11.1120,-24.2402,26.1246,14.5875
2015-10-24,15.8435,13.2101,-11.3323,-24.6099,26.0888,14.5007
2015-10-25,15.6757,13.2090,-11.4124,-25.0365,26.0353,14.4160
2015-10-26,15.5983,13.2078,-11.0358,-25.0251,26.0320,14.3767
2015-10-27,15.6202,13.2078,-10.7478,-25.2660,25.9848,14.3876
2015-10-28,15.5170,13.2613,-10.9287,-25.4487,25.9360,14.3627
2015-10-29,15.4113,13.2910,-10.9332,-25.6880,25.8943,14.3247
2015-10-30,15.2993,13.2619,-11.2666,-25.8081,25.8805,14.2539
2015-10-31,15.2019,13.2679,-11.8056,-25.7143,25.8650,14.2082
2015-11-01,15.0974,13.2885,-12.5607,-25.4354,25.8523,14.1662
2015-11-02,14.9729,13.3040,-13.1136,-24.6131,25.7975,14.1116
2015-11-03,14.8405,13.3076,-13.8082,-23.9060,25.7465,14.0471
2015-11-04,14.6349,13.3441,-14.8944,-23.7017,25.7081,13.9622
2015-11-05,14.3919,13.4684,-15.4572,-22.8214,25.6208,13.9030
2015-11-06,14.2129,13.5450,-15.5434,-22.7588,25.6382,13.8517
2015-11-07,14.0933,13.6489,-15.5214,-22.6009,25.6912,13.8438
2015-11-08,13.9326,13.8709,-15.6257,-21.3310,25.7560,13.8746
2015-11-09,13.7727,14.1130,-15.4322,-19.6361,25.8017,13.9155
2015-11-10,13.7436,14.2826,-15.0907,-18.9655,25.8265,13.9860
2015-11-11,13.7642,14.3550,-14.8917,-19.2303,25.8458,14.0324
2015-11-12,13.7427,14.3974,-14.7453,-19.4796,25.8835,14.0428
2015-11-13,13.7156,14.4223,-14.8314,-19.3203,25.9570,14.0415
2015-11-14,13.5801,14.3877,-14.8674,-19.2343,25.9609,13.9565
2015-11-15,13.3104,14.3687,-15.3083,-19.3250,25.8806,13.8118
2015-11-16,13.1306,14.3550,-15.5547,-19.3491,25.8294,13.7147
2015-11-17,12.9819,14.4073,-15.5549,-18.8441,25.7905,13.6665
2015-11-18,12.8333,14.4904,-15.5094,-18.2741,25.8181,13.6336
2015-11-19,12.7260,14.5354,-15.0650,-18.3091,25.8320,13.6021
2015-11-20,12.6735,14.4472,-14.4968,-18.5784,25.8255,13.5317
2015-11-21,12.5495,14.4323,-14.1379,-18.3016,25.7998,13.4622
2015-11-22,12.3955,14.6126,-14.4862,-17.5719,25.8102,13.4753
2015-11-23,12.2152,14.7999,-15.1847,-16.8612,25.8301,13.4788
2015-11-24,12.1360,14.9518,-15.9577,-16.2443,25.8426,13.5153
2015-11-25,12.0998,15.0501,-16.6999,-15.4557,25.8117,13.5462
2015-11-26,12.0027,15.0537,-17.6750,-15.0539,25.8105,13.4994
2015-11-27,11.9333,15.1091,-18.5189,-14.8754,25.8459,13.4923
2015-11-28,11.8973,15.1133,-18.9391,-15.0077,25.8229,13.4763
2015-11-29,11.9418,15.1351,-19.2896,-14.9379,25.8065,13.5096
2015-11-30,11.9671,15.1663,-19.7000,-14.8862,25.7902,13.5378
2015-12-01,11.9045,15.1334,-20.1430,-15.1357,25.7434,13.4900
2015-12-02,11.8266,15.1849,-20.2279,-15.0182,25.6992,13.4768
2015-12-03,11.6948,15.3396,-20.2244,-14.6369,25.6697,13.4885
2015-12-04,11.5698,15.4532,-20.1890,-14.2138,25.6306,13.4828
2015-12-05,11.4483,15.4538,-20.4100,-14.1140,25.5888,13.4223
2015-12-06,11.3791,15.5121,-20.7957,-13.6142,25.5592,13.4166
2015-12-07,11.4065,15.6197,-21.2578,-12.9981,25.5463,13.4841
2015-12-08,11.4342,15.6811,-21.1834,-12.5385,25.5303,13.5289
2015-12-09,11.4133,15.7109,-21.3590,-12.6220,25.5582,13.5334
2015-12-10,11.3202,15.7764,-21.6639,-12.7304,25.6032,13.5194
2015-12-11,11.1815,15.7824,-22.0602,-12.8297,25.5928,13.4528
2015-12-12,10.9950,15.8089,-22.4207,-12.9321,25.6005,13.3729
2015-12-13,10.8047,15.8905,-22.7406,-12.6435,25.5943,13.3183
2015-12-14,10.6772,15.9459,-22.7254,-12.3964,25.5318,13.2821
2015-12-15,10.6043,15.9180,-22.1748,-12.4626,25.4884,13.2316
2015-12-16,10.3947,15.9531,-22.2776,-12.1795,25.4160,13.1444
2015-12-17,10.1111,16.0425,-22.8396,-11.9681,25.3825,13.0475
2015-12-18,9.8666,16.0722,-23.4924,-11.8930,25.3400,12.9397
2015-12-19,9.7345,16.0274,-23.6049,-11.9842,25.2934,12.8509
2015-12-20,9.7708,15.9552,-23.5284,-12.2099,25.3159,12.8329
2015-12-21,9.8813,16.0020,-23.6010,-12.4030,25.4019,12.9117
2015-12-22,10.0257,16.0234,-23.6592,-12.6922,25.4559,12.9948
2015-12-23,10.1583,16.0814,-23.6280,-12.8253,25.5190,13.0901
2015-12-24,10.0611,16.0697,-23.5472,-13.1089,25.4982,13.0354
2015-12-25,9.9106,16.0380,-23.1107,-13.1959,25.4459,12.9441
2015-12-26,9.8427,16.0181,-22.2889,-13.1207,25.3812,12.9003
2015-12-27,9.8353,16.0772,-22.0438,-13.4604,25.4128,12.9259
2015-12-28,9.8115,16.1508,-21.3085,-13.3207,25.4401,12.9508
2015-12-29,9.8507,16.2616,-20.0241,-12.9913,25.4797,13.0260
2015-12-30,9.9524,16.3194,-18.7438,-12.8849,25.5194,13.1057
2015-12-31,9.9820,16.3649,-17.7706,-12.9599,25.5863,13.1433
2016-01-01,10.0151,16.3835,-16.7264,-12.7951,25.6482,13.1692
2016-01-02,9.9611,16.3774,-16.3918,-12.6705,25.6505,13.1393
2016-01-03,9.8669,16.3892,-16.3602,-12.7177,25.6279,13.0979
2016-01-04,9.7906,16.4237,-16.9750,-12.9247,25.6127,13.0771
2016-01-05,9.7453,16.4816,-17.8669,-13.0102,25.6497,13.0833
2016-01-06,9.7927,16.5148,-18.2322,-13.1527,25.7009,13.1237
2016-01-07,9.8163,16.5215,-18.5250,-13.3739,25.8097,13.1387
2016-01-08,9.7857,16.5167,-18.8470,-13.4351,25.8208,13.1207
2016-01-09,9.7526,16.4815,-19.3268,-13.4378,25.7738,13.0867
2016-01-10,9.6467,16.5826,-19.8620,-13.0808,25.7233,13.0845
2016-01-11,9.6841,16.6619,-19.8140,-12.6595,25.7113,13.1428
2016-01-12,9.7465,16.6823,-18.9810,-12.4552,25.6975,13.1844
2016-01-13,9.7105,16.6308,-18.4065,-12.4793,25.7263,13.1402
2016-01-14,9.7240,16.5261,-18.6315,-12.6112,25.6781,13.0946
2016-01-15,9.7233,16.5411,-18.5444,-12.7800,25.6810,13.1019
2016-01-16,9.4534,16.5776,-19.0872,-12.8594,25.6874,12.9849
2016-01-17,9.2097,16.5927,-19.8730,-12.9267,25.6657,12.8705
2016-01-18,8.9962,16.5846,-20.3088,-12.9785,25.5461,12.7593
2016-01-19,8.9535,16.5850,-20.5865,-13.2121,25.4465,12.7385
2016-01-20,9.0505,16.6264,-20.2736,-13.2878,25.4874,12.8079
2016-01-21,9.1298,16.6964,-19.7785,-13.3458,25.5552,12.8827
2016-01-22,9.1105,16.7738,-19.8432,-13.4627,25.6691,12.9116
2016-01-23,9.0487,16.7685,-20.3110,-13.6732,25.6503,12.8779
2016-01-24,9.0070,16.7574,-20.2396,-14.0646,25.5372,12.8514
2016-01-25,9.0341,16.6774,-20.3478,-14.5081,25.4675,12.8250
2016-01-26,9.0709,16.6189,-20.1642,-15.0804,25.4322,12.8142
2016-01-27,9.1673,16.5833,-19.2802,-15.3767,25.4162,12.8446
2016-01-28,9.1729,16.6038,-18.8680,-15.6864,25.4462,12.8577
2016-01-29,9.2855,16.5679,-19.0181,-15.8491,25.4401,12.8961
2016-01-30,9.4849,16.5447,-19.5917,-15.5350,25.4095,12.9847
2016-01-31,9.7017,16.5412,-20.1126,-15.6244,25.4692,13.0915
2016-02-01,9.8187,16.5367,-20.0433,-15.6119,25.5008,13.1480
2016-02-02,9.8535,16.5184,-20.2234,-15.4281,25.5100,13.1563
2016-02-03,9.7508,16.5371,-20.5748,-15.5268,25.5935,13.1142
2016-02-04,9.7710,16.5772,-20.8695,-15.8418,25.6944,13.1441
2016-02-05,9.7938,16.5987,-21.5361,-16.1630,25.7358,13.1663
2016-02-06,9.8200,16.6286,-22.3391,-16.6071,25.7690,13.1942
2016-02-07,9.7368,16.6768,-22.7574,-17.0110,25.7381,13.1769
2016-02-08,9.7095,16.7094,-22.7198,-17.3155,25.7355,13.1795
2016-02-09,9.7917,16.7184,-22.7387,-17.5024,25.7879,13.2250
2016-02-10,9.8005,16.6659,-22.7210,-17.9354,25.7713,13.2032
2016-02-11,9.8446,16.6333,-22.0131,-18.3158,25.7699,13.2089
2016-02-12,9.8341,16.6489,-21.0039,-18.6007,25.8357,13.2114
2016-02-13,9.8590,16.6057,-20.7467,-18.5314,25.9016,13.2023
2016-02-14,9.9530,16.5176,-21.1440,-18.4703,25.9432,13.2053
2016-02-15,10.1507,16.4829,-21.3451,-18.7533,25.9750,13.2869
2016-02-16,10.3948,16.4948,-21.1380,-18.7219,26.0488,13.4150
2016-02-17,10.5256,16.4941,-20.2338,-19.0929,26.1307,13.4803
2016-02-18,10.6225,16.4918,-19.2907,-19.6147,26.1409,13.5276
2016-02-19,10.6656,16.4973,-19.5101,-19.7811,26.1555,13.5522
2016-02-20,10.6616,16.4952,-19.9289,-19.8581,26.1673,13.5492
2016-02-21,10.6263,16.4760,-19.4424,-19.9931,26.1625,13.5218
2016-02-22,10.7312,16.4989,-18.3965,-19.6492,26.1408,13.5857
2016-02-23,10.8787,16.4769,-17.7612,-19.3079,26.1190,13.6487
2016-02-24,10.9473,16.5347,-17.7862,-18.6683,26.0904,13.7122
2016-02-25,11.0472,16.5505,-17.8769,-18.3349,26.0736,13.7701
2016-02-26,11.2040,16.5147,-18.0451,-18.6158,26.1064,13.8305
2016-02-27,11.3358,16.4625,-17.9116,-19.1722,26.1797,13.8705
2016-02-28,11.4858,16.4189,-17.4815,-19.5746,26.2546,13.9236
2016-02-29,11.4606,16.3756,-17.6910,-19.6881,26.2667,13.8893
2016-03-01,11.4188,16.4172,-18.6692,-19.6525,26.2855,13.8892
2016-03-02,11.3941,16.4155,-19.6602,-19.9614,26.3043,13.8761
2016-03-03,11.4107,16.3562,-20.1940,-20.5916,26.2688,13.8547
2016-03-04,11.4581,16.3142,-20.2828,-21.4024,26.3390,13.8572
2016-03-05,11.5612,16.2399,-19.5774,-21.9887,26.3902,13.8716
2016-03-06,11.7236,16.1764,-18.9773,-22.3843,26.4414,13.9209
2016-03-07,11.7674,16.1154,-19.0498,-22.5126,26.4489,13.9124
2016-03-08,11.7310,16.0484,-18.9112,-22.9012,26.4156,13.8607
2016-03-09,11.6757,15.9554,-18.8670,-23.4628,26.4185,13.7866
2016-03-10,11.7914,15.9495,-19.3066,-23.2425,26.4168,13.8412
2016-03-11,11.9680,15.9626,-19.1309,-22.5010,26.3747,13.9367
2016-03-12,12.0492,15.9371,-19.1436,-22.5218,26.3778,13.9644
2016-03-13,12.0815,15.9148,-19.3111,-23.1748,26.3800,13.9695
2016-03-14,12.0743,15.8477,-19.2618,-24.0452,26.3951,13.9321
2016-03-15,12.2036,15.7648,-19.5996,-24.6891,26.4285,13.9554
2016-03-16,12.2806,15.7301,-19.8975,-25.2204,26.4839,13.9764
2016-03-17,12.4545,15.6593,-19.5446,-25.9340,26.5098,14.0281
2016-03-18,12.5870,15.5189,-18.8209,-26.5014,26.5840,14.0241
2016-03-19,12.6820,15.3925,-18.3586,-27.0780,26.6304,14.0082
2016-03-20,12.7371,15.4097,-17.7883,-26.9119,26.6535,14.0444
2016-03-21,12.7820,15.4111,-17.2631,-26.6633,26.6049,14.0676
2016-03-22,12.8385,15.3942,-16.7204,-26.7096,26.5518,14.0876
2016-03-23,12.8824,15.4511,-16.5666,-26.5139,26.5814,14.1380
2016-03-24,12.9369,15.4570,-16.5167,-26.1979,26.5366,14.1684
2016-03-25,13.0421,15.3697,-16.9042,-26.5803,26.4936,14.1774
2016-03-26,13.1433,15.2270,-17.3622,-27.2869,26.4526,14.1566
2016-03-27,13.2399,15.1641,-17.6312,-27.9476,26.4808,14.1734
2016-03-28,13.3796,15.2218,-17.7375,-28.0048,26.5483,14.2722
2016-03-29,13.5281,15.3286,-17.8106,-26.9089,26.5985,14.4002
2016-03-30,13.6715,15.3473,-17.7787,-26.3530,26.6090,14.4816
2016-03-31,13.6819,15.2731,-17.3441,-26.8421,26.5363,14.4496
2016-04-01,13.6196,15.2648,-16.6627,-27.0993,26.4612,14.4146
2016-04-02,13.6560,15.1592,-16.2792,-27.9012,26.4768,14.3797
2016-04-03,13.7868,15.0762,-16.2078,-28.5618,26.5839,14.4036
2016-04-04,13.9346,15.0384,-16.4193,-28.8827,26.6439,14.4589
2016-04-05,13.9724,15.0011,-16.3054,-28.5824,26.6751,14.4590
2016-04-06,14.0646,14.9093,-16.0295,-28.4103,26.6780,14.4593
2016-04-07,14.2374,14.8914,-15.4940,-28.0843,26.6833,14.5368
2016-04-08,14.3654,14.8676,-14.8490,-28.1667,26.7232,14.5888
2016-04-09,14.4511,14.7903,-14.4723,-28.8609,26.6966,14.5933
2016-04-10,14.5629,14.7747,-13.6917,-29.1263,26.7165,14.6414
2016-04-11,14.6982,14.6525,-12.8342,-29.4721,26.7086,14.6482
2016-04-12,14.9148,14.6004,-12.2004,-29.5091,26.7215,14.7307
2016-04-13,15.0588,14.6265,-12.3808,-29.6710,26.7099,14.8159
2016-04-14,15.1852,14.6979,-12.2755,-29.0015,26.7281,14.9149
2016-04-15,15.2323,14.7187,-12.1518,-28.4027,26.7131,14.9490
2016-04-16,15.2819,14.6426,-12.5161,-28.7669,26.7409,14.9357
2016-04-17,15.3437,14.6309,-12.7976,-28.7088,26.7473,14.9608
2016-04-18,15.5328,14.6822,-13.0317,-27.6772,26.7271,15.0815
2016-04-19,15.6706,14.7856,-13.0166,-26.2728,26.6954,15.2025
2016-04-20,15.7455,14.8064,-12.4591,-25.5769,26.6849,15.2504
2016-04-21,15.8330,14.7682,-11.5469,-25.6547,26.7547,15.2752
2016-04-22,15.9705,14.6067,-10.5607,-26.6701,26.8087,15.2628
2016-04-23,16.0355,14.5196,-9.8634,-27.3163,26.8171,15.2521
2016-04-24,16.1078,14.4542,-8.9472,-27.5904,26.8312,15.2554
2016-04-25,16.2276,14.3492,-8.0419,-27.7465,26.7948,15.2630
2016-04-26,16.3355,14.1742,-7.6591,-28.2950,26.7122,15.2294
2016-04-27,16.4721,13.9903,-7.5039,-28.9542,26.5780,15.2056
2016-04-28,16.5777,13.8743,-7.6696,-29.7197,26.4804,15.2009
2016-04-29,16.5990,13.8039,-7.6861,-29.8999,26.3844,15.1770
2016-04-30,16.6733,13.7511,-7.5681,-30.4597,26.4333,15.1877
2016-05-01,16.7135,13.6219,-7.2162,-31.1307,26.4534,15.1428
2016-05-02,16.7575,13.6445,-7.4021,-30.7144,26.5111,15.1760
2016-05-03,16.9192,13.7402,-7.4214,-29.4288,26.5467,15.3050
2016-05-04,17.0124,13.8017,-7.2416,-28.0416,26.5122,15.3828
2016-05-05,17.1015,13.8855,-6.8641,-26.7434,26.4907,15.4693
2016-05-06,17.1278,13.9435,-6.6633,-25.8164,26.4399,15.5113
2016-05-07,17.2245,13.9702,-6.4217,-25.7092,26.4433,15.5732
2016-05-08,17.2991,13.8894,-6.2617,-26.0967,26.4160,15.5702
2016-05-09,17.4571,13.7823,-6.0501,-26.8009,26.4171,15.5957
2016-05-10,17.5478,13.7153,-5.8293,-27.4910,26.4408,15.6074
2016-05-11,17.5693,13.6578,-5.4738,-27.5351,26.4498,15.5895
2016-05-12,17.6675,13.5581,-4.7526,-28.1932,26.4715,15.5886
2016-05-13,17.7569,13.4591,-4.3182,-28.9845,26.4834,15.5838
2016-05-14,17.7932,13.4297,-4.0461,-29.3705,26.5033,15.5873
2016-05-15,17.8307,13.4749,-3.9442,-29.3553,26.5116,15.6287
2016-05-16,17.9420,13.3432,-3.7476,-30.2263,26.4965,15.6186
2016-05-17,18.1873,13.1902,-3.2001,-30.9805,26.5209,15.6648
2016-05-18,18.3085,13.1497,-2.8734,-30.5441,26.4904,15.7052
2016-05-19,18.3887,13.1195,-2.3286,-29.7419,26.4149,15.7304
2016-05-20,18.4760,13.0740,-1.8565,-29.9313,26.4023,15.7513
2016-05-21,18.5884,13.0737,-1.6618,-30.0111,26.3448,15.8076
2016-05-22,18.7073,13.1207,-1.7601,-28.7544,26.3435,15.8906
2016-05-23,18.7314,13.0566,-1.7646,-28.4127,26.2659,15.8706
2016-05-24,18.7580,12.9647,-1.7373,-28.8853,26.2104,15.8381
2016-05-25,18.7849,12.9954,-1.5672,-28.5947,26.2352,15.8672
2016-05-26,18.9306,13.0956,-1.3900,-27.7658,26.2645,15.9904
2016-05-27,19.0200,13.0378,-1.0957,-27.9357,26.2199,16.0063
2016-05-28,19.0561,12.8954,-0.8074,-28.6607,26.1002,15.9533
2016-05-29,19.1819,12.8273,-0.4615,-29.4662,26.0835,15.9821
2016-05-30,19.2467,12.7930,-0.1262,-30.0207,26.0936,15.9975
2016-05-31,19.3253,12.7145,0.1491,-30.1508,26.1007,15.9976
2016-06-01,19.4241,12.6556,0.1945,-30.5137,26.1263,16.0175
2016-06-02,19.5902,12.5416,0.3754,-31.1789,26.1969,16.0435
2016-06-03,19.7501,12.5068,0.8460,-30.9549,26.2273,16.1061
2016-06-04,19.9099,12.4524,1.1227,-30.9584,26.2103,16.1590
2016-06-05,20.0486,12.3707,1.3198,-30.7893,26.1757,16.1876
2016-06-06,20.1121,12.3389,1.3796,-31.1823,26.1616,16.2034
2016-06-07,20.1444,12.2187,1.6519,-31.9707,26.1055,16.1593
2016-06-08,20.2144,12.1592,1.9620,-32.4806,26.0522,16.1647
2016-06-09,20.2800,12.0356,2.1816,-33.4755,25.9751,16.1357
2016-06-10,20.3679,11.9808,2.6589,-33.9346,25.9156,16.1526
2016-06-11,20.4307,11.8992,2.7737,-34.1757,25.8949,16.1433
2016-06-12,20.4548,11.8137,2.6487,-34.3918,25.8325,16.1126
2016-06-13,20.4998,11.7990,2.7379,-34.5336,25.7770,16.1282
2016-06-14,20.5109,11.8100,2.6832,-34.9251,25.7969,16.1393
2016-06-15,20.4942,11.8831,2.4766,-34.6444,25.8351,16.1675
2016-06-16,20.5855,11.9126,2.7979,-34.2055,25.8364,16.2280
2016-06-17,20.6707,11.8791,2.9480,-33.7510,25.7827,16.2539
2016-06-18,20.7821,11.8129,3.2524,-33.2921,25.7578,16.2766
2016-06-19,20.8840,11.7710,3.4996,-33.0161,25.7314,16.3068
2016-06-20,20.9120,11.7284,3.6198,-33.4109,25.6623,16.2994
2016-06-21,20.9459,11.6068,3.3624,-34.1017,25.6267,16.2558
2016-06-22,20.9833,11.5655,3.1607,-34.2379,25.6314,16.2537
2016-06-23,21.0872,11.6358,3.3968,-33.1331,25.6832,16.3410
2016-06-24,21.1380,11.6712,3.7924,-32.3795,25.7053,16.3843
2016-06-25,21.2241,11.6174,4.1408,-32.9978,25.6638,16.4006
2016-06-26,21.3078,11.6752,4.5152,-33.0061,25.6257,16.4715
2016-06-27,21.3312,11.6350,4.7978,-33.1763,25.5652,16.4631
2016-06-28,21.3648,11.5343,4.8616,-33.9127,25.5619,16.4294
2016-06-29,21.4222,11.5080,4.8813,-34.4073,25.5521,16.4450
2016-06-30,21.5036,11.5209,4.5150,-34.1613,25.6143,16.4921
2016-07-01,21.5448,11.4653,4.1809,-34.2275,25.7109,16.4848
2016-07-02,21.5770,11.4143,4.3539,-34.7157,25.7121,16.4754
2016-07-03,21.6201,11.4823,4.7030,-34.5713,25.7075,16.5311
2016-07-04,21.6470,11.5123,5.0160,-34.4530,25.6843,16.5596
2016-07-05,21.6843,11.4233,5.5183,-33.7471,25.5829,16.5338
2016-07-06,21.6994,11.3183,5.9251,-33.5618,25.5170,16.4891
2016-07-07,21.7570,11.2831,5.8765,-33.7020,25.5354,16.5005
2016-07-08,21.8345,11.2520,5.6021,-34.1621,25.5703,16.5236
2016-07-09,21.8302,11.2189,5.2867,-34.0403,25.5294,16.5051
2016-07-10,21.8007,11.2403,4.9769,-33.7036,25.4972,16.5010
2016-07-11,21.7390,11.2463,5.0063,-33.1134,25.4510,16.4732
2016-07-12,21.7588,11.3187,5.3948,-31.4187,25.3981,16.5195
2016-07-13,21.7842,11.3412,5.4045,-30.1792,25.3449,16.5435
2016-07-14,21.8046,11.3868,5.5692,-29.9972,25.3260,16.5766
2016-07-15,21.8575,11.4102,5.7573,-29.8461,25.3574,16.6146
2016-07-16,21.8717,11.3408,5.5673,-30.2361,25.3211,16.5870
2016-07-17,21.9163,11.3598,5.5457,-30.0614,25.2480,16.6191
2016-07-18,21.9331,11.4324,5.6179,-30.0443,25.2129,16.6640
2016-07-19,21.9335,11.4569,5.3976,-30.3213,25.1854,16.6765
2016-07-20,22.0023,11.5022,5.4571,-30.7038,25.2254,16.7337
2016-07-21,22.0321,11.5244,5.4785,-31.6185,25.2774,16.7596
2016-07-22,22.0123,11.5137,5.3447,-31.8255,25.3345,16.7446
2016-07-23,21.9623,11.4690,5.2903,-31.4395,25.3512,16.6972
2016-07-24,21.9193,11.4238,5.1322,-31.3621,25.3516,16.6528
2016-07-25,21.9914,11.3979,5.0279,-31.4778,25.3676,16.6762
2016-07-26,22.1051,11.3830,4.9999,-31.3716,25.4067,16.7256
2016-07-27,22.0792,11.2700,5.0332,-31.6433,25.3691,16.6559
2016-07-28,22.0286,11.1511,4.9090,-32.8471,25.2947,16.5710
2016-07-29,22.0214,11.0630,4.7313,-33.7558,25.2862,16.5234
2016-07-30,22.0633,11.0435,4.7522,-34.1642,25.3381,16.5347
2016-07-31,22.1033,11.1743,4.6902,-32.6321,25.3639,16.6200
2016-08-01,22.1134,11.2014,4.4742,-32.0028,25.4014,16.6385
2016-08-02,22.1273,11.1170,4.5221,-32.5041,25.4074,16.6030
2016-08-03,22.1331,11.0062,4.4165,-33.6642,25.3486,16.5503
2016-08-04,22.1298,10.9826,4.2812,-34.0020,25.3425,16.5368
2016-08-05,22.1462,11.0198,4.3213,-33.5680,25.3700,16.5638
2016-08-06,22.1313,11.0650,4.4153,-33.0257,25.4171,16.5788
2016-08-07,22.0846,11.1721,4.5245,-31.4833,25.4214,16.6092
2016-08-08,22.0578,11.2759,4.5589,-31.1148,25.4254,16.6480
2016-08-09,21.9831,11.3390,4.6378,-30.5563,25.4055,16.6420
2016-08-10,21.9652,11.3168,4.8290,-30.0123,25.3454,16.6219
2016-08-11,21.9832,11.3536,4.6888,-29.4466,25.3578,16.6494
2016-08-12,21.9597,11.5089,4.5309,-28.3114,25.4152,16.7154
2016-08-13,21.9695,11.6674,4.4724,-27.5290,25.4440,16.7997
2016-08-14,21.9345,11.6905,4.4462,-27.9377,25.4604,16.7937
2016-08-15,21.9170,11.6745,4.2136,-28.5454,25.5136,16.7769
2016-08-16,21.9397,11.6799,4.1899,-28.6527,25.5715,16.7909
2016-08-17,21.8913,11.6026,3.8817,-29.5118,25.6014,16.7277
2016-08-18,21.8636,11.4545,3.6294,-30.4840,25.6120,16.6396
2016-08-19,21.8051,11.2838,3.5243,-30.9231,25.5428,16.5248
2016-08-20,21.7694,11.1909,3.6316,-31.0225,25.5613,16.4604
2016-08-21,21.7528,11.0841,3.5665,-31.0245,25.5214,16.3986
2016-08-22,21.6708,11.1004,3.3045,-30.6312,25.4590,16.3658
2016-08-23,21.6270,11.1351,3.0286,-30.3784,25.4315,16.3611
2016-08-24,21.5429,11.1222,2.8090,-31.0596,25.4203,16.3128
2016-08-25,21.3844,11.1835,2.6969,-31.9866,25.3932,16.2642
2016-08-26,21.2643,11.2593,2.6198,-32.2173,25.3843,16.2419
2016-08-27,21.2520,11.2921,2.6914,-32.0070,25.4008,16.2523
2016-08-28,21.2672,11.2200,2.9819,-32.0630,25.4063,16.2239
2016-08-29,21.2596,11.1744,3.2986,-32.2917,25.3861,16.1972
2016-08-30,21.2032,11.2465,3.0745,-32.6154,25.3237,16.2049
2016-08-31,21.1308,11.3039,2.8657,-32.7006,25.3191,16.1974
2016-09-01,21.0296,11.2824,2.7395,-32.5547,25.3463,16.1362
2016-09-02,20.9107,11.3082,2.3577,-31.4869,25.3225,16.0893
2016-09-03,20.8483,11.2572,1.9410,-31.5732,25.2908,16.0323
2016-09-04,20.8517,11.1962,1.6160,-32.7164,25.3229,16.0035
2016-09-05,20.8459,11.1723,1.4595,-34.0023,25.3780,15.9889
2016-09-06,20.8269,11.1425,1.4661,-34.9968,25.3904,15.9646
2016-09-07,20.7851,11.2165,1.3739,-34.6637,25.4165,15.9807
2016-09-08,20.7288,11.3056,1.1320,-34.2411,25.4765,15.9971
2016-09-09,20.6395,11.3031,1.0163,-34.7318,25.5030,15.9509
2016-09-10,20.5720,11.3953,0.9454,-34.5785,25.5398,15.9631
2016-09-11,20.4553,11.4886,0.9255,-34.5025,25.5608,15.9515
2016-09-12,20.3436,11.5483,0.7992,-34.6486,25.6173,15.9253
2016-09-13,20.2587,11.5417,0.5511,-33.8207,25.6770,15.8791
2016-09-14,20.2065,11.5588,0.6496,-31.8156,25.6351,15.8617
2016-09-15,20.1539,11.6391,0.6266,-30.4275,25.5474,15.8757
2016-09-16,20.0726,11.7019,0.3831,-30.4032,25.5565,15.8665
2016-09-17,20.0043,11.7665,0.3135,-29.9399,25.5942,15.8644
2016-09-18,20.0060,11.7800,0.0758,-29.9432,25.6029,15.8719
2016-09-19,19.9153,11.6890,-0.3022,-30.4452,25.5256,15.7810
2016-09-20,19.7840,11.7058,-0.5946,-30.5393,25.4735,15.7235
2016-09-21,19.7362,11.7493,-0.6605,-30.9545,25.5158,15.7215
2016-09-22,19.6403,11.7942,-0.6537,-31.1581,25.5867,15.6957
2016-09-23,19.5260,11.7582,-0.8037,-30.8245,25.6133,15.6202
2016-09-24,19.3697,11.8757,-1.2015,-29.8724,25.6779,15.6006
2016-09-25,19.2174,11.9083,-1.1641,-29.9347,25.6852,15.5407
2016-09-26,19.0525,11.9210,-1.3387,-29.7684,25.6647,15.4643
2016-09-27,18.9921,11.9549,-1.6800,-29.5216,25.6814,15.4510
2016-09-28,18.9265,12.0791,-1.9717,-28.6008,25.7022,15.4805
2016-09-29,18.8062,12.1198,-2.2689,-28.5006,25.7171,15.4406
2016-09-30,18.7020,12.1397,-2.4578,-29.0713,25.7399,15.3982
2016-10-01,18.5936,12.1570,-2.5672,-29.3228,25.6847,15.3528
2016-10-02,18.4704,12.1607,-2.6101,-29.0617,25.6141,15.2931
2016-10-03,18.3542,12.0803,-2.4400,-28.6625,25.5349,15.1946
2016-10-04,18.2380,12.1168,-2.3548,-28.0181,25.5385,15.1548
2016-10-05,18.1315,12.2573,-2.3471,-27.4893,25.6022,15.1718
2016-10-06,18.0286,12.4608,-2.2935,-27.0352,25.6420,15.2221
2016-10-07,17.9077,12.5357,-2.3123,-26.5427,25.6862,15.1989
2016-10-08,17.7874,12.5842,-2.7463,-26.0104,25.7256,15.1628
2016-10-09,17.5807,12.6674,-3.3514,-24.9157,25.7085,15.1011
2016-10-10,17.4569,12.6703,-3.5912,-25.0457,25.7403,15.0403
2016-10-11,17.3943,12.7127,-3.8305,-25.2954,25.8040,15.0299
2016-10-12,17.2679,12.8327,-4.2826,-24.7643,25.8359,15.0265
2016-10-13,17.1073,12.9248,-4.8526,-24.3951,25.8358,14.9925
2016-10-14,17.0603,12.9599,-5.2624,-24.7838,25.8028,14.9865
2016-10-15,17.0137,12.9718,-5.4000,-25.4396,25.8052,14.9692
2016-10-16,16.9018,12.9985,-5.7758,-25.7856,25.8695,14.9264
2016-10-17,16.7992,12.9818,-6.5022,-25.4887,25.8756,14.8666
2016-10-18,16.5799,13.0109,-7.2428,-24.5619,25.8282,14.7715
2016-10-19,16.3691,13.0473,-7.5935,-24.3259,25.7865,14.6840
2016-10-20,16.2017,13.0222,-7.5512,-24.5827,25.7409,14.5878
2016-10-21,16.0203,12.8710,-7.6275,-25.3411,25.6546,14.4210
2016-10-22,15.9012,12.9006,-7.7430,-25.3410,25.6102,14.3763
2016-10-23,15.8275,13.0622,-7.9712,-24.9415,25.6124,14.4204
2016-10-24,15.7861,13.1428,-8.1124,-24.5840,25.6392,14.4400
2016-10-25,15.6617,13.2105,-8.0837,-23.9259,25.6626,14.4117
2016-10-26,15.5113,13.2857,-8.2400,-23.8057,25.6490,14.3739
2016-10-27,15.3225,13.2872,-8.7055,-23.8589,25.5918,14.2800
2016-10-28,15.2077,13.3269,-8.6915,-23.9272,25.6000,14.2426
2016-10-29,15.1310,13.4005,-8.5244,-23.5044,25.5902,14.2412
2016-10-30,15.0536,13.4497,-8.4895,-22.8273,25.6506,14.2272
2016-10-31,14.9772,13.5894,-8.7188,-21.4970,25.7289,14.2585
2016-11-01,14.8808,13.6731,-8.7177,-20.7982,25.7108,14.2520
2016-11-02,14.8268,13.7512,-9.2773,-19.7978,25.6493,14.2640
2016-11-03,14.7561,13.8668,-9.8213,-18.8331,25.5818,14.2865
2016-11-04,14.6498,14.0219,-10.1595,-18.5319,25.6084,14.3110
2016-11-05,14.5389,14.1847,-10.1947,-17.8912,25.6471,14.3372
2016-11-06,14.3199,14.3172,-10.7226,-17.8743,25.6734,14.2937
2016-11-07,14.0432,14.3188,-11.4266,-17.9285,25.6309,14.1560
2016-11-08,13.8765,14.2841,-11.7962,-18.0313,25.5765,14.0550
2016-11-09,13.7886,14.2997,-11.9631,-18.0367,25.5375,14.0188
2016-11-10,13.6801,14.3193,-12.7154,-17.8645,25.4858,13.9743
2016-11-11,13.6754,14.2715,-13.4402,-18.0112,25.4844,13.9483
2016-11-12,13.5823,14.2112,-13.7691,-18.0302,25.4629,13.8711
2016-11-13,13.4778,14.1741,-13.1632,-17.9521,25.4739,13.8000
2016-11-14,13.3965,14.1957,-12.4050,-18.1634,25.5141,13.7700
2016-11-15,13.2759,14.2676,-11.9491,-18.1098,25.4955,13.7458
2016-11-16,13.1468,14.3136,-11.7429,-17.9220,25.4552,13.7044
2016-11-17,13.1132,14.3478,-11.3487,-17.8524,25.4414,13.7045
2016-11-18,12.9763,14.3758,-10.6805,-17.7114,25.4405,13.6501
2016-11-19,12.6557,14.4502,-10.9560,-17.4062,25.4459,13.5267
2016-11-20,12.4429,14.5139,-11.5320,-17.2727,25.4635,13.4518
2016-11-21,12.3162,14.5129,-12.4578,-17.0871,25.4463,13.3878
2016-11-22,12.1702,14.5720,-13.6202,-16.5299,25.4407,13.3445
2016-11-23,12.0586,14.6678,-14.5877,-16.1551,25.4584,13.3364
2016-11-24,12.0292,14.7729,-15.5070,-15.9802,25.5041,13.3743
2016-11-25,12.0188,14.8765,-16.3436,-15.9373,25.5353,13.4209
2016-11-26,11.9933,14.9232,-16.7327,-15.9977,25.5034,13.4314
2016-11-27,12.0041,15.0098,-16.9638,-16.0654,25.5649,13.4802
2016-11-28,11.9131,15.0714,-17.3497,-15.9469,25.5555,13.4656
2016-11-29,11.8063,15.1373,-17.9157,-15.5494,25.5571,13.4453
2016-11-30,11.7599,15.1898,-18.1832,-15.1229,25.5670,13.4485
2016-12-01,11.6314,15.2089,-18.5496,-14.9156,25.5435,13.3936
2016-12-02,11.5192,15.2432,-19.1927,-14.8689,25.5062,13.3544
2016-12-03,11.5369,15.2926,-19.6913,-14.7020,25.4536,13.3881
2016-12-04,11.4322,15.3306,-19.5313,-14.3689,25.4426,13.3549
2016-12-05,11.2472,15.3215,-19.2804,-14.2010,25.4489,13.2573
2016-12-06,10.9049,15.3532,-19.5926,-14.0352,25.4553,13.1014
2016-12-07,10.6859,15.4116,-19.4647,-13.8948,25.4649,13.0207
2016-12-08,10.6289,15.3662,-18.7477,-13.8405,25.4481,12.9698
2016-12-09,10.4809,15.3583,-18.5253,-13.9845,25.3987,12.8915
2016-12-10,10.3982,15.4293,-18.8962,-13.9127,25.3183,12.8857
2016-12-11,10.5029,15.4741,-19.0948,-13.9438,25.2883,12.9606
2016-12-12,10.4883,15.5536,-19.1763,-13.3588,25.2891,12.9933
2016-12-13,10.4014,15.5613,-18.9417,-12.6407,25.2888,12.9536
2016-12-14,10.2802,15.5238,-18.6746,-12.2727,25.2563,12.8741
2016-12-15,9.9878,15.5802,-18.6340,-12.0200,25.1560,12.7561
2016-12-16,9.8106,15.7300,-18.3368,-11.7252,25.1379,12.7421
2016-12-17,9.8424,15.7794,-18.5071,-11.6804,25.1414,12.7829
2016-12-18,9.8716,15.8498,-18.6938,-11.7036,25.2206,12.8328
2016-12-19,9.9029,15.9050,-19.2241,-11.5269,25.2650,12.8761
2016-12-20,9.9137,15.9739,-19.6670,-11.2640,25.3156,12.9158
2016-12-21,9.9907,16.0101,-19.7391,-11.3426,25.3217,12.9723
2016-12-22,9.9765,16.0408,-19.4591,-11.3698,25.2938,12.9806
2016-12-23,9.8793,16.0517,-19.5960,-11.6608,25.3407,12.9373
2016-12-24,9.9227,16.0498,-20.1984,-11.7535,25.3224,12.9582
2016-12-25,9.9433,15.9894,-20.4811,-12.1010,25.2229,12.9382
2016-12-26,9.8665,15.9833,-20.5334,-12.1108,25.1315,12.8967
2016-12-27,9.8927,16.0417,-20.6828,-12.0773,25.0977,12.9391
2016-12-28,10.0164,16.0500,-20.8528,-11.9931,25.0569,13.0053
2016-12-29,9.9860,16.1133,-21.1543,-12.0984,25.1182,13.0217
2016-12-30,9.9769,16.1337,-21.0412,-12.2565,25.1362,13.0276
2016-12-31,9.9281,16.2083,-21.0933,-12.1970,25.1433,13.0406
2017-01-01,9.9354,16.2578,-20.3226,-11.9439,25.1354,13.0689
2017-01-02,9.8451,16.2722,-20.3120,-11.7754,25.1567,13.0311
2017-01-03,9.6664,16.3091,-20.4801,-11.5840,25.1676,12.9599
2017-01-04,9.4613,16.3516,-21.0694,-11.3268,25.1259,12.8784
2017-01-05,9.2030,16.3132,-21.6344,-11.5601,25.0753,12.7296
2017-01-06,8.9430,16.3213,-21.3745,-11.9696,25.1495,12.6033
2017-01-07,8.6654,16.3567,-20.6192,-12.2078,25.2022,12.4818
2017-01-08,8.5958,16.3741,-20.4063,-12.3290,25.1859,12.4555
2017-01-09,8.6919,16.4356,-20.6006,-12.0567,25.1232,12.5344
2017-01-10,8.8178,16.4410,-20.6831,-11.9076,25.1058,12.6001
2017-01-11,8.9608,16.4254,-21.6300,-11.9620,25.0780,12.6640
2017-01-12,8.9980,16.4227,-22.2203,-12.0516,25.0763,12.6815
2017-01-13,8.8768,16.3775,-22.3554,-12.0423,25.0521,12.5981
2017-01-14,8.7815,16.3732,-22.4834,-12.1102,25.0053,12.5480
2017-01-15,8.8018,16.4294,-21.5499,-12.3191,24.9917,12.5865
2017-01-16,8.9028,16.4493,-20.8753,-12.4167,25.0504,12.6471
2017-01-17,9.1015,16.4397,-20.7052,-12.7705,25.1021,12.7418
2017-01-18,9.2412,16.4552,-20.8144,-12.9232,25.1886,12.8195
2017-01-19,9.4053,16.5002,-20.5478,-12.9803,25.2833,12.9242
2017-01-20,9.6100,16.4604,-20.0640,-13.1811,25.3390,13.0067
2017-01-21,9.7249,16.5024,-19.5206,-13.3695,25.3511,13.0853
2017-01-22,9.7139,16.5460,-19.9457,-13.3341,25.3137,13.1018
2017-01-23,9.6020,16.5297,-21.0050,-13.4179,25.2727,13.0377
2017-01-24,9.5610,16.5044,-21.4593,-13.4681,25.2505,13.0042
2017-01-25,9.6223,16.5064,-21.2778,-13.7399,25.2447,13.0360
2017-01-26,9.6248,16.5388,-21.1845,-13.7830,25.2476,13.0537
2017-01-27,9.6463,16.5918,-20.8297,-13.8711,25.2671,13.0909
2017-01-28,9.5936,16.6211,-20.6529,-13.9845,25.2556,13.0793
2017-01-29,9.5820,16.6461,-20.4323,-14.0848,25.2650,13.0862
2017-01-30,9.4924,16.6383,-20.3757,-14.2916,25.2820,13.0373
2017-01-31,9.4968,16.6312,-19.8922,-14.3592,25.3127,13.0358
2017-02-01,9.5415,16.6370,-19.7189,-14.2066,25.2998,13.0611
2017-02-02,9.5895,16.6530,-19.2818,-14.0432,25.2595,13.0930
2017-02-03,9.5223,16.7170,-19.3689,-14.0004,25.2652,13.0910
2017-02-04,9.5247,16.7278,-19.6174,-14.1673,25.3410,13.0974
2017-02-05,9.6142,16.6700,-19.4019,-14.3718,25.4350,13.1132
2017-02-06,9.5621,16.6420,-18.8076,-14.6587,25.4470,13.0731
2017-02-07,9.5437,16.6592,-18.4339,-15.0637,25.4619,13.0725
2017-02-08,9.5044,16.6631,-18.6656,-15.1398,25.4839,13.0546
2017-02-09,9.4522,16.6490,-18.7122,-15.4251,25.4902,13.0213
2017-02-10,9.4897,16.6389,-18.8451,-15.7308,25.5054,13.0350
2017-02-11,9.6721,16.6060,-18.7680,-15.9688,25.4752,13.1101
2017-02-12,9.8385,16.4969,-19.3022,-16.2121,25.4648,13.1388
2017-02-13,9.9255,16.4703,-20.4326,-16.5512,25.4417,13.1689
2017-02-14,9.9889,16.4821,-21.2826,-17.1322,25.4157,13.2067
2017-02-15,10.1615,16.4760,-21.5027,-17.2387,25.3909,13.2903
2017-02-16,10.2169,16.4830,-21.8951,-17.1793,25.3724,13.3220
2017-02-17,10.1606,16.4580,-22.4306,-17.3267,25.3550,13.2814
2017-02-18,10.1745,16.4536,-23.2874,-17.1963,25.3600,13.2860
2017-02-19,10.2873,16.4206,-24.0423,-17.2172,25.3838,13.3259
2017-02-20,10.2831,16.4145,-24.6984,-17.3144,25.4699,13.3208
2017-02-21,10.2673,16.4288,-25.1020,-17.6808,25.5081,13.3198
2017-02-22,10.3628,16.4616,-24.9540,-17.6252,25.5814,13.3843
2017-02-23,10.4157,16.4885,-24.4984,-17.3379,25.5781,13.4240
2017-02-24,10.4170,16.4210,-23.7208,-18.0031,25.5240,13.3912
2017-02-25,10.4177,16.2910,-22.8387,-18.8122,25.4817,13.3265
2017-02-26,10.5835,16.2603,-22.2412,-19.2679,25.5327,13.3941
2017-02-27,10.7089,16.2876,-21.6776,-19.6315,25.6248,13.4704
2017-02-28,10.8092,16.3196,-21.0767,-19.2482,25.6953,13.5367
2017-03-01,10.8005,16.3724,-20.9585,-18.6963,25.7363,13.5588
2017-03-02,10.7824,16.4485,-20.6408,-18.2707,25.8097,13.5876
2017-03-03,10.8076,16.3987,-21.0513,-18.5430,25.8463,13.5753
2017-03-04,10.8812,16.3200,-21.2436,-19.0904,25.8671,13.5728
2017-03-05,11.0055,16.3072,-21.3785,-19.3980,25.9607,13.6286
2017-03-06,11.1557,16.2561,-21.3370,-20.0420,26.0290,13.6779
2017-03-07,11.2187,16.1559,-21.1587,-20.2792,25.9129,13.6596
2017-03-08,11.3233,16.1250,-21.1068,-20.3841,25.8810,13.6965
2017-03-09,11.4175,16.0412,-20.2254,-21.3281,25.9267,13.7015
2017-03-10,11.4566,15.8860,-18.8709,-22.4110,25.9353,13.6433
2017-03-11,11.4092,15.7969,-18.1737,-23.0699,25.8775,13.5750
2017-03-12,11.4789,15.7524,-17.5925,-23.4953,25.8931,13.5876
2017-03-13,11.6254,15.6499,-17.5138,-24.0187,25.9194,13.6093
2017-03-14,11.7888,15.6758,-17.8285,-24.2819,25.9455,13.7041
2017-03-15,11.9152,15.6550,-18.0963,-24.5271,25.9633,13.7570
2017-03-16,12.0199,15.5418,-18.3494,-24.8424,25.9631,13.7528
2017-03-17,12.0980,15.5576,-17.9414,-24.4154,25.9583,13.7996
2017-03-18,12.2724,15.6009,-17.2906,-23.7246,25.9733,13.9089
2017-03-19,12.4446,15.6000,-16.7040,-23.3746,25.9591,13.9951
2017-03-20,12.5075,15.6317,-16.4234,-23.2615,25.9329,14.0426
2017-03-21,12.6139,15.6460,-15.9940,-23.3639,25.9932,14.1027
2017-03-22,12.7152,15.6728,-15.7345,-23.4685,26.0936,14.1666
2017-03-23,12.7832,15.6460,-15.4297,-23.6926,26.1261,14.1875
2017-03-24,12.7949,15.6107,-15.4745,-23.7372,26.1221,14.1757
2017-03-25,12.8618,15.5443,-15.5439,-24.1231,26.1243,14.1760
2017-03-26,13.0162,15.4698,-15.7035,-24.6955,26.0922,14.2159
2017-03-27,13.2934,15.3697,-15.9405,-25.1461,26.1197,14.3043
2017-03-28,13.5783,15.3793,-15.5051,-24.9957,26.1592,14.4521
2017-03-29,13.7341,15.2901,-15.2532,-25.1513,26.1909,14.4856
2017-03-30,13.7868,15.1257,-15.0094,-25.9448,26.2003,14.4297
2017-03-31,13.8159,15.1168,-14.8128,-26.3268,26.1896,14.4396
2017-04-01,13.8836,15.1163,-14.8556,-26.7138,26.1478,14.4733
2017-04-02,13.9665,15.0532,-14.8228,-27.0482,26.1254,14.4831
2017-04-03,14.0263,15.1184,-14.3959,-26.3146,26.1870,14.5455
2017-04-04,14.0227,15.1476,-14.6361,-25.9343,26.2697,14.5583
2017-04-05,14.0596,15.1595,-15.2464,-25.0684,26.3401,14.5827
2017-04-06,14.0914,15.0565,-15.9825,-25.4503,26.2991,14.5475
2017-04-07,14.1465,14.9690,-16.2452,-26.1781,26.3095,14.5313
2017-04-08,14.2757,14.9356,-15.9666,-26.5001,26.3593,14.5793
2017-04-09,14.3580,14.8142,-15.8254,-27.2494,26.3718,14.5598
2017-04-10,14.3941,14.6991,-15.5360,-27.5959,26.3732,14.5202
2017-04-11,14.4488,14.6117,-15.3267,-27.9659,26.3558,14.5035
2017-04-12,14.5940,14.6181,-15.1724,-27.9979,26.3286,14.5797
2017-04-13,14.7335,14.5954,-14.7545,-28.1785,26.3141,14.6380
2017-04-14,14.8672,14.4876,-14.3703,-28.6085,26.2988,14.6511
2017-04-15,14.8352,14.4815,-14.2919,-28.6354,26.2583,14.6319
2017-04-16,14.8675,14.4302,-13.6996,-29.0332,26.2388,14.6224
2017-04-17,14.9493,14.3665,-12.8757,-29.2454,26.2045,14.6312
2017-04-18,15.0899,14.3376,-12.1180,-29.4204,26.2136,14.6875
2017-04-19,15.2451,14.3182,-11.8349,-29.2425,26.2824,14.7552
2017-04-20,15.2849,14.3062,-11.6111,-29.3022,26.3087,14.7694
2017-04-21,15.3135,14.2749,-11.3936,-29.3595,26.3103,14.7679
2017-04-22,15.3819,14.2590,-11.3160,-28.8683,26.3302,14.7944
2017-04-23,15.4236,14.2464,-11.0005,-27.7097,26.2958,14.8089
2017-04-24,15.4749,14.2880,-10.5497,-26.7424,26.2675,14.8557
2017-04-25,15.5827,14.2733,-10.4118,-26.6228,26.2678,14.9024
2017-04-26,15.7569,14.1016,-10.4543,-26.6544,26.2756,14.9036
2017-04-27,15.8686,13.9115,-10.5211,-27.2940,26.2339,14.8642
2017-04-28,16.0004,13.8621,-10.7359,-27.7587,26.1415,14.9056
2017-04-29,16.1688,13.8784,-10.4957,-28.2141,26.1421,14.9986
2017-04-30,16.2412,13.8923,-10.0570,-28.3220,26.1658,15.0419
2017-05-01,16.3146,13.9511,-9.5093,-27.2499,26.2105,15.1081
2017-05-02,16.3347,13.9814,-9.2493,-27.4215,26.2608,15.1335
2017-05-03,16.4007,13.9311,-8.9714,-27.9241,26.2736,15.1412
2017-05-04,16.5249,13.8959,-8.7014,-28.2856,26.2513,15.1859
2017-05-05,16.6815,13.8656,-8.5751,-28.8769,26.2716,15.2491
2017-05-06,16.7970,13.8913,-8.1503,-28.9977,26.2976,15.3200
2017-05-07,16.9123,13.8702,-7.8064,-28.8951,26.3027,15.3670
2017-05-08,17.0702,13.7949,-7.6485,-29.1656,26.3188,15.4082
2017-05-09,17.1729,13.6589,-7.4110,-29.4078,26.2822,15.3914
2017-05-10,17.2734,13.5474,-7.2465,-29.5166,26.2492,15.3864
2017-05-11,17.4510,13.5098,-6.9378,-29.1869,26.2577,15.4562
2017-05-12,17.5641,13.4762,-6.9992,-29.6897,26.3109,15.4957
2017-05-13,17.5519,13.4311,-7.0272,-30.0725,26.3153,15.4669
2017-05-14,17.6277,13.4119,-6.7153,-29.4387,26.2628,15.4957
2017-05-15,17.7554,13.5368,-6.2695,-28.0303,26.3080,15.6220
2017-05-16,17.8660,13.5669,-5.8408,-27.1907,26.3206,15.6925
2017-05-17,17.9128,13.5628,-5.1461,-26.8197,26.3075,15.7139
2017-05-18,17.9924,13.5058,-4.5199,-27.1714,26.2751,15.7252
2017-05-19,18.0770,13.4483,-3.9466,-27.5021,26.2457,15.7386
2017-05-20,18.1510,13.3955,-3.6656,-27.9221,26.2366,15.7490
2017-05-21,18.1810,13.4683,-3.7321,-27.1996,26.2323,15.8007
2017-05-22,18.3003,13.4312,-3.5429,-27.0587,26.2666,15.8419
2017-05-23,18.4568,13.4083,-3.3186,-27.7452,26.2962,15.9089
2017-05-24,18.5589,13.3217,-3.0631,-28.6465,26.2674,15.9168
2017-05-25,18.6813,13.2970,-2.7920,-28.7309,26.2579,15.9657
2017-05-26,18.8313,13.2984,-2.5690,-27.7745,26.2032,16.0419
2017-05-27,18.9609,13.2975,-2.2419,-26.5647,26.1881,16.1064
2017-05-28,19.0476,13.1747,-1.9448,-26.4529,26.1805,16.0882
2017-05-29,19.1142,13.0864,-1.6934,-26.9068,26.1743,16.0774
2017-05-30,19.1163,13.0184,-1.4191,-27.7288,26.0900,16.0444
2017-05-31,19.1975,12.8860,-1.1000,-28.6684,26.0264,16.0188
2017-06-01,19.3358,12.7287,-0.8866,-29.6899,26.0355,16.0094
2017-06-02,19.4378,12.6275,-0.6407,-30.1932,26.0746,16.0097
2017-06-03,19.4667,12.6071,-0.3401,-30.4333,26.0893,16.0140
2017-06-04,19.5551,12.5665,-0.2318,-30.5551,26.1244,16.0378
2017-06-05,19.6226,12.4829,-0.1529,-31.2943,26.1317,16.0298
2017-06-06,19.6445,12.4224,0.2534,-31.8106,26.0731,16.0106
2017-06-07,19.7202,12.3352,0.7299,-32.1990,25.9716,16.0050
2017-06-08,19.8246,12.2610,0.8147,-32.6420,25.9668,16.0201
2017-06-09,19.9372,12.1848,0.9895,-33.0802,25.9365,16.0384
2017-06-10,20.0210,12.1653,1.2072,-32.9030,25.8399,16.0707
2017-06-11,20.0720,12.1468,1.2749,-32.5666,25.7775,16.0872
2017-06-12,20.1780,12.1026,1.3617,-32.9243,25.7730,16.1184
2017-06-13,20.2467,12.0994,1.5949,-32.9988,25.7549,16.1516
2017-06-14,20.3303,12.0877,2.0477,-32.9216,25.7749,16.1875
2017-06-15,20.4483,12.0686,2.2302,-32.2878,25.7831,16.2371
2017-06-16,20.5578,12.0439,2.2562,-32.3859,25.7978,16.2797
2017-06-17,20.5907,12.0038,2.3086,-32.9903,25.7795,16.2760
2017-06-18,20.6272,11.9344,2.2989,-32.9317,25.7482,16.2595
2017-06-19,20.7564,11.8177,2.3558,-32.4712,25.6777,16.2659
2017-06-20,20.8001,11.7673,2.5147,-32.2097,25.5967,16.2626
2017-06-21,20.7571,11.7891,2.6861,-32.2500,25.5771,16.2518
2017-06-22,20.8089,11.8306,2.7380,-32.4607,25.5798,16.2987
2017-06-23,20.8829,11.7646,2.8948,-32.6733,25.5774,16.3030
2017-06-24,20.8663,11.7592,3.1856,-32.7383,25.5504,16.2918
2017-06-25,20.9394,11.7959,3.5816,-32.6552,25.5730,16.3467
2017-06-26,21.0300,11.7444,3.6092,-33.0031,25.5908,16.3663
2017-06-27,21.0801,11.6445,3.8156,-33.9001,25.5645,16.3414
2017-06-28,21.1289,11.5435,3.7216,-34.3982,25.5219,16.3154
2017-06-29,21.2029,11.4699,3.5844,-34.3568,25.5226,16.3156
2017-06-30,21.3021,11.4204,3.5044,-34.2535,25.5295,16.3407
2017-07-01,21.3505,11.3886,3.4223,-34.6297,25.5143,16.3491
2017-07-02,21.3769,11.3216,3.3575,-34.9485,25.4839,16.3288
2017-07-03,21.4274,11.2661,3.3287,-35.5912,25.4721,16.3264
2017-07-04,21.4315,11.2449,3.3421,-35.6606,25.4257,16.3182
2017-07-05,21.4404,11.2674,3.5236,-35.2443,25.4038,16.3341
2017-07-06,21.4820,11.3192,3.7695,-34.4343,25.3839,16.3808
2017-07-07,21.5586,11.3734,4.0633,-33.3336,25.3806,16.4463
2017-07-08,21.5625,11.3537,4.2373,-34.4343,25.3870,16.4383
2017-07-09,21.5775,11.2713,4.4345,-35.7404,25.3464,16.4044
2017-07-10,21.5346,11.2412,4.2015,-35.5136,25.3320,16.3679
2017-07-11,21.5097,11.2372,4.0742,-34.6559,25.2889,16.3536
2017-07-12,21.5339,11.4098,3.9714,-33.1766,25.3059,16.4522
2017-07-13,21.5552,11.4877,4.1058,-32.8977,25.3097,16.5019
2017-07-14,21.6280,11.4217,4.4261,-33.2705,25.3195,16.5054
2017-07-15,21.7395,11.3413,4.5498,-33.7060,25.3500,16.5208
2017-07-16,21.7863,11.2210,4.3172,-34.4221,25.4109,16.4838
2017-07-17,21.8000,11.1102,4.4344,-34.3515,25.3464,16.4351
2017-07-18,21.8056,11.0433,4.4872,-33.6190,25.2396,16.4045
2017-07-19,21.8229,11.0727,4.4422,-33.2311,25.2409,16.4280
2017-07-20,21.8547,11.0987,4.7443,-33.1748,25.2706,16.4569
2017-07-21,21.9014,11.0774,5.0661,-33.5690,25.3070,16.4697
2017-07-22,21.9419,11.1345,5.0346,-33.3097,25.3432,16.5186
2017-07-23,21.9528,11.2573,4.7996,-32.1406,25.3886,16.5856
2017-07-24,21.9351,11.3657,4.7594,-31.5347,25.4053,16.6312
2017-07-25,21.9693,11.3997,4.6815,-31.3567,25.3916,16.6653
2017-07-26,22.0602,11.3372,4.6193,-31.3831,25.3972,16.6794
2017-07-27,22.1136,11.3285,4.5070,-31.1043,25.3890,16.7017
2017-07-28,22.1369,11.3775,4.5603,-30.9235,25.4042,16.7378
2017-07-29,22.1659,11.3149,4.7827,-31.3916,25.4307,16.7212
2017-07-30,22.1837,11.3025,4.8577,-31.8468,25.4500,16.7237
2017-07-31,22.1065,11.2516,4.5692,-32.4610,25.3981,16.6597
2017-08-01,22.0954,11.2591,4.4661,-32.6522,25.3938,16.6579
2017-08-02,22.0906,11.2320,4.4166,-33.3504,25.4200,16.6420
2017-08-03,22.0798,11.0856,4.3496,-34.2231,25.3641,16.5632
2017-08-04,22.1030,11.0235,4.3105,-34.9762,25.3639,16.5438
2017-08-05,22.1181,11.0426,4.2046,-35.1027,25.3942,16.5610
2017-08-06,22.0983,11.0066,4.1742,-34.9742,25.3993,16.5332
2017-08-07,22.0289,11.0261,4.4007,-33.9850,25.3824,16.5081
2017-08-08,21.9602,11.0702,4.2284,-33.3526,25.3381,16.4960
2017-08-09,21.9372,11.1395,4.1923,-32.2662,25.2872,16.5194
2017-08-10,21.9145,11.2997,4.1663,-31.5264,25.3305,16.5881
2017-08-11,21.8579,11.3787,3.8813,-31.6582,25.4035,16.5992
2017-08-12,21.8496,11.4500,4.1329,-31.4942,25.4245,16.6307
2017-08-13,21.8549,11.4258,4.3249,-31.9144,25.4391,16.6210
2017-08-14,21.8096,11.3829,4.1546,-31.9725,25.4025,16.5769
2017-08-15,21.7457,11.3946,3.7284,-31.6738,25.3736,16.5509
2017-08-16,21.7462,11.3552,3.5936,-31.5915,25.3680,16.5313
2017-08-17,21.7571,11.3124,3.4083,-31.4889,25.3507,16.5153
2017-08-18,21.7253,11.2585,3.3971,-32.0981,25.3400,16.4723
2017-08-19,21.6778,11.2222,3.3316,-32.2575,25.3808,16.4303
2017-08-20,21.6060,11.0704,3.2315,-32.6763,25.3532,16.3182
2017-08-21,21.5384,10.9855,3.0394,-32.8673,25.2844,16.2420
2017-08-22,21.5056,11.0576,3.1450,-32.7407,25.2828,16.2618
2017-08-23,21.4267,11.1752,3.0685,-33.2224,25.3597,16.2810
2017-08-24,21.2995,11.2563,2.8313,-33.4580,25.3605,16.2580
2017-08-25,21.1984,11.2119,2.7571,-33.8172,25.3136,16.1852
2017-08-26,21.1532,11.1973,2.4259,-34.2767,25.3357,16.1551
2017-08-27,21.1318,11.1706,2.1262,-34.7969,25.3778,16.1307
2017-08-28,21.1313,11.1346,2.0452,-35.1810,25.4364,16.1125
2017-08-29,21.1015,11.0842,2.0962,-35.7587,25.4208,16.0723
2017-08-30,21.1003,11.0256,2.0495,-35.6376,25.4364,16.0423
2017-08-31,21.0519,11.0439,2.0273,-35.9889,25.4210,16.0272
2017-09-01,20.9756,11.1724,1.6884,-35.0573,25.4538,16.0535
2017-09-02,20.9001,11.2700,1.3865,-34.4376,25.4446,16.0646
2017-09-03,20.8533,11.2388,1.2214,-34.5918,25.4067,16.0259
2017-09-04,20.7813,11.2248,1.0587,-34.2883,25.3820,15.9827
2017-09-05,20.6674,11.1667,0.9411,-34.7630,25.3682,15.8965
2017-09-06,20.5836,11.3078,0.7126,-33.7214,25.4103,15.9251
2017-09-07,20.4776,11.4963,0.4006,-32.1192,25.4791,15.9664
2017-09-08,20.3526,11.5558,-0.0742,-31.3629,25.4752,15.9336
2017-09-09,20.2569,11.6525,-0.4254,-30.9521,25.5456,15.9340
2017-09-10,20.2093,11.7366,-0.1838,-31.5128,25.6076,15.9523
2017-09-11,20.1813,11.7298,-0.2082,-31.2445,25.5891,15.9347
2017-09-12,20.1874,11.7502,-0.3357,-30.8638,25.5592,15.9480
2017-09-13,20.1615,11.7242,-0.5863,-31.5430,25.6011,15.9223
2017-09-14,20.1077,11.6583,-0.4540,-32.2925,25.5922,15.8623
2017-09-15,20.0281,11.5671,-0.3606,-33.0236,25.5750,15.7767
2017-09-16,19.9579,11.4822,-0.4322,-33.5956,25.5190,15.6989
2017-09-17,19.8728,11.5455,-0.6204,-33.3776,25.4799,15.6882
2017-09-18,19.8208,11.7636,-0.9542,-32.2633,25.5443,15.7715
2017-09-19,19.7834,11.8138,-1.2208,-32.5799,25.6319,15.7778
2017-09-20,19.7139,11.8431,-1.3689,-33.4387,25.6868,15.7576
2017-09-21,19.6166,11.8372,-1.3046,-33.4877,25.6709,15.7055
2017-09-22,19.4646,11.8152,-1.2793,-33.1455,25.5689,15.6185
2017-09-23,19.3060,11.7948,-1.4438,-33.1347,25.5643,15.5292
2017-09-24,19.1871,11.7991,-1.4621,-33.1244,25.5243,15.4715
2017-09-25,19.0438,11.7377,-1.5912,-33.9763,25.5152,15.3687
2017-09-26,18.9358,11.7717,-1.9253,-33.7003,25.5718,15.3317
2017-09-27,18.8142,11.7809,-2.2443,-33.1073,25.6186,15.2754
2017-09-28,18.6940,11.8125,-2.5151,-31.6871,25.6142,15.2308
2017-09-29,18.5136,11.9216,-2.8798,-29.7328,25.5008,15.1952
2017-09-30,18.3595,12.0408,-3.2311,-28.7460,25.5133,15.1775
2017-10-01,18.2430,12.1020,-3.0175,-28.2769,25.5562,15.1498
2017-10-02,18.1048,12.1448,-3.3704,-27.9020,25.5546,15.1017
2017-10-03,17.9077,12.3040,-3.8734,-26.9486,25.5150,15.0828
2017-10-04,17.8771,12.4452,-3.7684,-26.0565,25.5235,15.1385
2017-10-05,17.9316,12.5614,-3.7431,-25.9321,25.6107,15.2238
2017-10-06,17.9546,12.6064,-4.1231,-26.2460,25.6282,15.2577
2017-10-07,17.9596,12.6020,-4.4771,-26.3619,25.6228,15.2580
2017-10-08,17.8173,12.6346,-5.0610,-26.2121,25.6533,15.2033
2017-10-09,17.6812,12.7052,-5.2165,-25.8205,25.7125,15.1704
2017-10-10,17.4800,12.7347,-5.2696,-25.7191,25.7063,15.0845
2017-10-11,17.3395,12.6463,-5.6458,-26.5942,25.6977,14.9696
2017-10-12,17.2400,12.6282,-6.0828,-26.9546,25.6678,14.9107
2017-10-13,17.1206,12.6513,-6.4111,-26.8817,25.6137,14.8626
2017-10-14,17.0276,12.6458,-6.6472,-27.0679,25.5656,14.8130
2017-10-15,16.9560,12.7256,-6.9642,-27.2336,25.5842,14.8171
2017-10-16,16.8647,12.8975,-7.5318,-26.4204,25.6653,14.8573
2017-10-17,16.7352,13.0914,-8.0891,-24.7920,25.7013,14.8897
2017-10-18,16.6083,13.2275,-8.6897,-23.6528,25.7295,14.8942
2017-10-19,16.6082,13.2462,-8.6479,-23.1999,25.7794,14.9035
2017-10-20,16.6030,13.1960,-8.4852,-23.3307,25.7357,14.8756
2017-10-21,16.4184,13.1731,-8.5359,-23.9722,25.7171,14.7715
2017-10-22,16.2083,13.1031,-8.9656,-24.1235,25.6395,14.6313
2017-10-23,16.0801,13.1199,-9.5175,-24.3034,25.5722,14.5755
2017-10-24,15.9593,13.2042,-9.7201,-24.3764,25.5749,14.5573
2017-10-25,15.8626,13.3290,-9.8001,-24.1643,25.6412,14.5716
2017-10-26,15.7320,13.3567,-9.9687,-23.8408,25.6151,14.5202
2017-10-27,15.5290,13.3076,-10.8156,-23.5862,25.5336,14.3940
2017-10-28,15.3470,13.2323,-11.5452,-23.8369,25.4369,14.2649
2017-10-29,15.1286,13.2183,-12.1227,-23.9176,25.3446,14.1484
2017-10-30,14.9352,13.2304,-12.5252,-23.5937,25.2822,14.0576
2017-10-31,14.7878,13.3066,-13.1278,-23.2846,25.2744,14.0219
2017-11-01,14.8291,13.3303,-12.5857,-23.4302,25.3305,14.0546
2017-11-02,14.8632,13.4306,-11.8422,-22.9249,25.4213,14.1218
2017-11-03,14.7328,13.5984,-11.8068,-21.6567,25.4575,14.1407
2017-11-04,14.5937,13.7246,-12.6770,-20.4418,25.4074,14.1344
2017-11-05,14.4777,13.7886,-13.4037,-19.6811,25.3334,14.1086
2017-11-06,14.3391,13.8819,-13.3050,-19.0967,25.3362,14.0858
2017-11-07,14.1687,13.9534,-13.5370,-19.1795,25.3888,14.0362
2017-11-08,14.0006,13.9489,-13.4669,-19.2948,25.4122,13.9497
2017-11-09,13.7698,14.0097,-13.8337,-19.0633,25.3908,13.8645
2017-11-10,13.5535,14.0397,-14.5852,-18.9021,25.3497,13.7711
2017-11-11,13.4042,14.0620,-14.9339,-18.9012,25.2718,13.7077
2017-11-12,13.2787,14.0886,-15.3189,-19.3481,25.2654,13.6580
2017-11-13,13.1641,14.1212,-15.7313,-19.5929,25.3183,13.6167
2017-11-14,13.0519,14.1167,-15.3752,-19.7166,25.3276,13.5583
2017-11-15,12.8743,14.0878,-15.0844,-19.8176,25.3655,13.4546
2017-11-16,12.7974,14.0343,-15.2703,-19.6752,25.3255,13.3896
2017-11-17,12.7397,14.0426,-15.8208,-19.5289,25.2984,13.3648
2017-11-18,12.6138,14.1491,-16.3613,-19.1734,25.3220,13.3550
2017-11-19,12.4196,14.2800,-17.1438,-18.4413,25.2905,13.3232
2017-11-20,12.3966,14.4098,-17.3247,-17.9385,25.2946,13.3767
2017-11-21,12.3638,14.4326,-17.1158,-17.6893,25.2563,13.3718
2017-11-22,12.2417,14.4477,-16.7316,-17.5276,25.1936,13.3181
2017-11-23,12.0713,14.5379,-16.0739,-17.1646,25.1412,13.2780
2017-11-24,12.0409,14.6109,-15.8714,-16.9225,25.0968,13.2996
2017-11-25,12.0474,14.7105,-15.3724,-16.4843,25.1395,13.3527
2017-11-26,11.9507,14.7707,-15.4362,-16.3093,25.1482,13.3343
2017-11-27,11.9695,14.7877,-15.6246,-16.4006,25.1999,13.3522
2017-11-28,11.9631,14.8061,-15.3362,-16.3280,25.2304,13.3582
2017-11-29,11.9358,14.9051,-15.1447,-16.1718,25.2886,13.3940
2017-11-30,11.9295,14.9652,-14.9480,-15.8028,25.3161,13.4208
2017-12-01,11.9194,14.9893,-14.7219,-15.5384,25.2955,13.4276
2017-12-02,11.8428,15.0029,-14.6513,-15.5820,25.2978,13.3960
2017-12-03,11.8472,15.0423,-15.1759,-15.5523,25.3522,13.4180
2017-12-04,11.7499,15.0654,-16.0933,-15.4785,25.3552,13.3808
2017-12-05,11.5138,15.1009,-16.9039,-15.3364,25.2623,13.2803
2017-12-06,11.3564,15.1677,-17.5523,-15.3381,25.2065,13.2349
2017-12-07,11.2062,15.1944,-17.8942,-15.1675,25.1259,13.1730
2017-12-08,11.0094,15.2169,-17.6250,-15.2348,25.0388,13.0859
2017-12-09,10.8731,15.2677,-17.1240,-15.1361,24.9642,13.0433
2017-12-10,10.7454,15.3266,-17.2919,-15.0292,24.9632,13.0087
2017-12-11,10.6899,15.3496,-17.6722,-14.9573,24.9811,12.9923
2017-12-12,10.6188,15.4314,-18.0894,-14.7572,25.0781,12.9977
2017-12-13,10.5573,15.4799,-18.3388,-14.5814,25.1345,12.9911
2017-12-14,10.5738,15.4896,-18.2224,-14.2621,25.0883,13.0046
2017-12-15,10.5634,15.5386,-18.3516,-14.0735,25.0755,13.0238
2017-12-16,10.4532,15.6436,-18.7175,-13.8267,25.0338,13.0213
2017-12-17,10.3511,15.6644,-18.9299,-13.3257,25.0028,12.9807
2017-12-18,10.3982,15.6404,-19.1450,-12.9080,24.9827,12.9922
2017-12-19,10.4823,15.6664,-18.7262,-12.9871,24.9733,13.0476
2017-12-20,10.5128,15.6964,-18.8592,-13.0398,24.9510,13.0777
2017-12-21,10.4000,15.7452,-19.3806,-12.8826,24.9298,13.0458
2017-12-22,10.2331,15.8774,-19.7146,-12.5222,24.9562,13.0282
2017-12-23,10.1183,15.9294,-19.2542,-12.0998,24.9556,12.9968
2017-12-24,9.9629,15.9564,-18.5763,-11.9775,24.9414,12.9325
2017-12-25,9.6763,16.0058,-18.6847,-11.9918,24.9208,12.8135
2017-12-26,9.5490,16.0161,-19.6124,-11.9643,24.9164,12.7547
2017-12-27,9.5741,16.0118,-19.9159,-12.0245,24.8875,12.7651
2017-12-28,9.6594,16.0314,-20.0561,-12.0509,24.8704,12.8180
2017-12-29,9.6581,16.0748,-20.2586,-11.9043,24.9203,12.8390
2017-12-30,9.6006,16.0772,-20.2072,-12.1165,24.9587,12.8114
2017-12-31,9.4822,16.1083,-19.8813,-12.2494,24.9525,12.7677
2018-01-01,9.3566,16.1264,-19.6532,-12.2977,24.9507,12.7140
2018-01-02,9.3669,16.1576,-20.0088,-12.2695,24.8889,12.7346
2018-01-03,9.3489,16.2102,-20.3428,-11.9666,24.8585,12.7518
2018-01-04,9.2539,16.2872,-20.9719,-11.5968,24.7996,12.7427
2018-01-05,9.2378,16.3454,-21.4460,-11.4489,24.7892,12.7639
2018-01-06,9.3395,16.3288,-21.7607,-11.2885,24.8097,12.8067
2018-01-07,9.4248,16.3433,-21.9698,-11.2324,24.8252,12.8566
2018-01-08,9.4368,16.4016,-21.3231,-11.1559,24.8648,12.8919
2018-01-09,9.3985,16.3711,-20.9182,-11.3249,24.8015,12.8575
2018-01-10,9.3693,16.3162,-20.8342,-11.7649,24.7477,12.8155
2018-01-11,9.2406,16.3326,-20.8725,-11.8511,24.7061,12.7592
2018-01-12,8.9664,16.3258,-20.7625,-11.8227,24.7075,12.6185
2018-01-13,8.7997,16.3456,-21.2240,-11.8534,24.7491,12.5449
2018-01-14,8.8187,16.3374,-21.2691,-12.1741,24.7869,12.5501
2018-01-15,8.8830,16.3412,-20.6822,-12.5895,24.8220,12.5841
2018-01-16,8.9160,16.4084,-20.8321,-12.9470,24.8871,12.6342
2018-01-17,9.0075,16.4284,-20.9932,-13.3865,24.8728,12.6898
2018-01-18,9.0233,16.4501,-21.1655,-13.4355,24.8649,12.7087
2018-01-19,9.0747,16.4522,-21.3425,-13.4767,24.8544,12.7355
2018-01-20,9.0822,16.4799,-21.4046,-13.7349,24.8829,12.7534
2018-01-21,8.9951,16.5084,-21.2422,-13.9566,24.9543,12.7237
2018-01-22,8.8725,16.4824,-20.8380,-14.0328,24.9688,12.6493
2018-01-23,8.7575,16.4748,-20.6464,-14.2480,24.9631,12.5878
2018-01-24,8.6608,16.4589,-20.5859,-14.5707,24.9589,12.5314
2018-01-25,8.6472,16.4509,-20.1651,-14.7488,24.9451,12.5206
2018-01-26,8.6822,16.4853,-19.8229,-14.9511,24.9367,12.5551
2018-01-27,8.7817,16.4808,-19.7386,-15.1284,24.9538,12.6026
2018-01-28,8.8858,16.4577,-20.0019,-15.2608,24.9748,12.6427
2018-01-29,8.9665,16.3795,-20.4918,-15.5377,24.9716,12.6437
2018-01-30,8.9811,16.3072,-21.0747,-15.5230,24.9583,12.6149
2018-01-31,8.9323,16.2806,-21.6235,-15.6900,24.9804,12.5770
2018-02-01,8.9556,16.2674,-21.5165,-15.9899,25.0086,12.5821
2018-02-02,8.8910,16.2252,-21.4867,-16.4885,25.0319,12.5289
2018-02-03,8.8143,16.2243,-21.6084,-16.3505,25.0257,12.4899
2018-02-04,8.8844,16.3293,-21.4065,-15.6764,25.0758,12.5774
2018-02-05,9.0215,16.4392,-20.7081,-14.9519,25.1250,12.7013
2018-02-06,9.1211,16.5094,-20.5991,-14.8961,25.1581,12.7863
2018-02-07,9.2866,16.5520,-20.2105,-14.9946,25.2269,12.8905
2018-02-08,9.4461,16.5508,-19.5640,-15.2642,25.2819,12.9697
2018-02-09,9.5013,16.4932,-19.0293,-15.3190,25.2801,12.9688
2018-02-10,9.5329,16.3707,-18.7296,-15.7675,25.2266,12.9235
2018-02-11,9.5480,16.2897,-18.1424,-16.5539,25.2389,12.8905
2018-02-12,9.5933,16.3130,-18.1746,-16.9601,25.2745,12.9247
2018-02-13,9.7838,16.3623,-18.8687,-16.9494,25.2669,13.0451
2018-02-14,10.0594,16.3722,-18.6618,-16.8633,25.3195,13.1881
2018-02-15,10.2096,16.3585,-18.0406,-17.3825,25.3830,13.2561
2018-02-16,10.2648,16.3679,-17.9484,-17.9080,25.3998,13.2886
2018-02-17,10.1927,16.3196,-18.1571,-18.3148,25.3572,13.2285
2018-02-18,10.1176,16.2803,-18.2663,-18.6161,25.3340,13.1714
2018-02-19,10.0867,16.1735,-18.4113,-18.9966,25.3741,13.1022
2018-02-20,10.0840,16.1466,-17.6929,-19.0908,25.4813,13.0870
2018-02-21,10.0411,16.1392,-17.9166,-19.2300,25.5260,13.0617
2018-02-22,10.1065,16.1114,-18.1120,-19.3711,25.5140,13.0804
2018-02-23,10.1989,16.0324,-17.8850,-19.5889,25.5160,13.0873
2018-02-24,10.2849,15.9807,-17.6047,-20.1575,25.5129,13.1045
2018-02-25,10.3497,15.9089,-17.3557,-20.9065,25.4809,13.1008
2018-02-26,10.5111,15.9097,-17.3902,-21.2676,25.4818,13.1822
2018-02-27,10.6328,15.9534,-18.2002,-21.3210,25.5708,13.2652
2018-02-28,10.7245,15.9228,-18.4226,-21.7473,25.6168,13.2958
2018-03-01,10.8190,15.8978,-17.9857,-22.0813,25.6197,13.3305
2018-03-02,10.8987,15.8571,-18.1531,-22.8192,25.6066,13.3500
2018-03-03,11.0808,15.8249,-19.0977,-23.0931,25.6325,13.4255
2018-03-04,11.1763,15.8073,-20.0134,-23.0874,25.6980,13.4643
2018-03-05,11.1109,15.7436,-20.6646,-23.1802,25.6983,13.3994
2018-03-06,11.0236,15.7206,-21.4648,-23.4336,25.7206,13.3441
2018-03-07,10.9976,15.7051,-21.9265,-23.8527,25.7518,13.3232
2018-03-08,11.1130,15.6852,-22.2181,-24.0026,25.7905,13.3709
2018-03-09,11.2743,15.6609,-22.3796,-23.9703,25.8200,13.4396
2018-03-10,11.4496,15.6767,-22.5653,-23.2748,25.8215,13.5354
2018-03-11,11.5367,15.7290,-22.8389,-22.7274,25.8628,13.6050
2018-03-12,11.5551,15.7103,-23.2182,-23.1528,25.8904,13.6049
2018-03-13,11.5684,15.6290,-23.7453,-24.0033,25.8965,13.5707
2018-03-14,11.5139,15.6310,-23.7967,-23.7787,25.9267,13.5443
2018-03-15,11.4743,15.6763,-23.6940,-23.1152,25.9266,13.5474
2018-03-16,11.4865,15.6377,-23.6070,-23.2602,25.9202,13.5340
2018-03-17,11.5478,15.6236,-23.3689,-23.5461,25.9214,13.5576
2018-03-18,11.6535,15.5975,-22.5793,-23.2736,25.9080,13.5977
2018-03-19,11.7865,15.6027,-22.2811,-22.7872,25.9070,13.6670
2018-03-20,11.9689,15.5252,-21.9867,-23.3501,25.9088,13.7195
2018-03-21,12.0599,15.4233,-21.6466,-23.9519,25.8767,13.7142
2018-03-22,12.1352,15.5297,-21.2236,-23.3203,25.8717,13.8054
2018-03-23,12.2129,15.6158,-21.0086,-22.5701,25.7990,13.8870
2018-03-24,12.3301,15.6593,-20.8607,-21.3800,25.7436,13.9678
2018-03-25,12.5079,15.5021,-20.7914,-21.8560,25.7807,13.9780
2018-03-26,12.6546,15.4100,-20.5393,-22.1295,25.8236,14.0056
2018-03-27,12.7799,15.4755,-20.2347,-22.1682,25.8870,14.1014
2018-03-28,12.9043,15.5488,-19.8620,-22.0424,25.8924,14.2006
2018-03-29,12.9205,15.5318,-19.4091,-22.0956,25.8297,14.1999
2018-03-30,12.9308,15.4830,-18.7658,-22.3713,25.8362,14.1805
2018-03-31,12.9339,15.4790,-17.9426,-22.3755,25.8443,14.1801
2018-04-01,13.0251,15.4041,-17.4591,-23.1246,25.9274,14.1882
2018-04-02,13.0949,15.2967,-16.9668,-23.6191,25.9190,14.1694
2018-04-03,13.2023,15.1953,-16.4540,-23.8795,25.9301,14.1728
2018-04-04,13.2176,15.1637,-16.5021,-24.1507,25.9838,14.1642
2018-04-05,13.2329,15.1360,-16.5784,-24.5072,25.9692,14.1581
2018-04-06,13.3300,15.0216,-16.3401,-25.1628,25.9456,14.1494
2018-04-07,13.4029,14.9219,-16.4113,-25.8316,25.8352,14.1361
2018-04-08,13.6330,14.8184,-15.8818,-26.6064,25.8067,14.1997
2018-04-09,13.9843,14.7481,-15.0931,-27.0653,25.8570,14.3407
2018-04-10,14.1195,14.8333,-14.7197,-26.6878,25.9414,14.4507
2018-04-11,14.2185,14.7893,-14.1534,-26.6064,25.9189,14.4784
2018-04-12,14.3329,14.6554,-13.6411,-26.4954,25.9300,14.4685
2018-04-13,14.3961,14.5610,-13.4828,-26.5209,25.9410,14.4529
2018-04-14,14.4728,14.5738,-13.0050,-26.1229,25.9507,14.4980
2018-04-15,14.4946,14.6181,-13.0158,-25.5860,25.9284,14.5309
2018-04-16,14.6073,14.6904,-12.8539,-24.8433,25.9482,14.6236
2018-04-17,14.8240,14.7692,-12.4842,-24.0962,25.9559,14.7714
2018-04-18,15.1225,14.8339,-12.2834,-23.9821,26.0423,14.9534
2018-04-19,15.3146,14.8300,-12.1753,-24.5632,26.0893,15.0480
2018-04-20,15.3603,14.7971,-12.1563,-24.9358,26.1193,15.0542
2018-04-21,15.4822,14.7083,-11.8006,-25.8461,26.1555,15.0708
2018-04-22,15.5729,14.6120,-11.5538,-26.6746,26.2059,15.0677
2018-04-23,15.6630,14.5467,-11.5117,-26.6894,26.2455,15.0803
2018-04-24,15.7564,14.5270,-11.3966,-26.1908,26.2334,15.1173
2018-04-25,15.8354,14.4238,-11.1796,-26.3850,26.1485,15.1052
2018-04-26,15.9029,14.3510,-10.8741,-27.0040,26.0754,15.1023
2018-04-27,16.0739,14.2416,-10.5303,-27.7994,26.0748,15.1331
2018-04-28,16.1642,14.1131,-10.2504,-28.5929,26.0762,15.1141
2018-04-29,16.2296,14.0255,-10.2118,-29.3466,26.0953,15.1030
2018-04-30,16.2750,13.9750,-9.8440,-29.6067,26.1301,15.1005
2018-05-01,16.2980,13.9269,-9.3257,-29.9437,26.1312,15.0880
2018-05-02,16.4293,13.8256,-8.9753,-30.5365,26.0979,15.1033
2018-05-03,16.5259,13.7943,-8.7581,-30.6302,26.0800,15.1356
2018-05-04,16.6439,13.6836,-8.3918,-30.6068,26.0918,15.1393
2018-05-05,16.7466,13.6375,-8.1776,-30.1959,26.0704,15.1679
2018-05-06,16.8634,13.6863,-8.0859,-29.4324,26.0539,15.2508
2018-05-07,16.9570,13.6773,-8.1230,-29.4979,26.0850,15.2935
2018-05-08,17.0021,13.6411,-8.0957,-29.3474,26.0630,15.2978
2018-05-09,17.0688,13.7020,-7.5697,-28.6942,26.0212,15.3615
2018-05-10,17.1023,13.6853,-6.9282,-27.9754,25.9608,15.3702
2018-05-11,17.2122,13.6710,-6.6568,-26.5801,25.9529,15.4178
2018-05-12,17.3034,13.6201,-6.7188,-25.7655,25.9321,15.4380
2018-05-13,17.4929,13.5965,-6.2507,-25.5641,25.9372,15.5212
2018-05-14,17.6249,13.6151,-5.8102,-25.7022,25.9401,15.5967
2018-05-15,17.6790,13.5506,-5.4874,-26.2236,25.9344,15.5917
2018-05-16,17.7369,13.4037,-4.9698,-27.2047,25.8942,15.5470
2018-05-17,17.8412,13.2279,-4.6131,-28.7856,25.8909,15.5111
2018-05-18,17.9248,13.1225,-4.3809,-29.5282,25.9035,15.5002
2018-05-19,18.0490,12.9624,-4.3039,-30.4518,25.9115,15.4821
2018-05-20,18.1077,12.8504,-4.0364,-31.2552,25.8402,15.4557
2018-05-21,18.2251,12.7725,-3.6340,-31.5178,25.8123,15.4754
2018-05-22,18.4336,12.7936,-3.1650,-30.7740,25.8486,15.5905
2018-05-23,18.6251,12.8007,-2.9740,-30.6178,25.8794,15.6901
2018-05-24,18.7744,12.8353,-2.7112,-30.6153,25.8890,15.7821
2018-05-25,18.7862,12.9343,-2.5826,-30.3880,25.9106,15.8376
2018-05-26,18.8162,12.9284,-2.4863,-30.7070,25.9257,15.8496
2018-05-27,18.8725,12.8813,-2.3493,-30.9826,25.9367,15.8540
2018-05-28,18.8943,12.8710,-2.2023,-30.8182,25.8946,15.8600
2018-05-29,18.9937,12.8435,-2.0118,-30.3066,25.8737,15.8960
2018-05-30,19.1651,12.7248,-1.5637,-31.0959,25.8795,15.9224
2018-05-31,19.2329,12.5919,-1.1806,-31.5552,25.8545,15.8896
2018-06-01,19.2340,12.4683,-1.1460,-31.2519,25.8024,15.8280
2018-06-02,19.2672,12.4371,-1.0192,-30.0509,25.7510,15.8289
2018-06-03,19.3408,12.4460,-0.5526,-29.1295,25.7334,15.8705
2018-06-04,19.4762,12.3536,0.0111,-29.4968,25.6784,15.8922
2018-06-05,19.6647,12.2864,0.5354,-29.9321,25.6205,15.9531
2018-06-06,19.8426,12.2813,0.9953,-30.3017,25.5980,16.0397
2018-06-07,20.0150,12.3062,1.3999,-29.9143,25.6258,16.1386
2018-06-08,20.1045,12.3803,1.5614,-29.0979,25.6594,16.2207
2018-06-09,20.1314,12.4229,1.7654,-29.1574,25.7529,16.2554
2018-06-10,20.0981,12.4797,1.8261,-29.8257,25.7917,16.2672
2018-06-11,20.1079,12.4418,1.6572,-30.6359,25.7888,16.2529
2018-06-12,20.1939,12.2941,2.0615,-31.5262,25.7855,16.2222
2018-06-13,20.2246,12.0927,2.5419,-32.2767,25.7461,16.1365
2018-06-14,20.2721,11.9086,2.9865,-32.6581,25.6702,16.0682
2018-06-15,20.3284,11.8908,3.1320,-31.4374,25.6314,16.0876
2018-06-16,20.3779,11.9304,2.9139,-29.6956,25.5556,16.1325
2018-06-17,20.4587,12.0089,2.7752,-27.9597,25.4317,16.2126
2018-06-18,20.5390,12.1365,2.8553,-27.0145,25.3824,16.3171
2018-06-19,20.6350,12.2171,3.1638,-27.8201,25.3488,16.4056
2018-06-20,20.6908,12.1923,3.0571,-28.5959,25.3634,16.4211
2018-06-21,20.7554,12.1591,3.3027,-29.3302,25.3907,16.4369
2018-06-22,20.7682,12.0720,3.6826,-29.5640,25.3681,16.3999
2018-06-23,20.7965,12.0209,3.8902,-29.9329,25.3506,16.3885
2018-06-24,20.8286,11.9094,3.9013,-30.3386,25.3065,16.3488
2018-06-25,20.8968,11.8605,3.4383,-30.6983,25.3076,16.3585
2018-06-26,20.9557,11.8351,3.2323,-30.7550,25.3030,16.3752
2018-06-27,21.0235,11.7289,3.4177,-31.1616,25.2936,16.3559
2018-06-28,21.1498,11.6392,3.5255,-32.1435,25.3133,16.3741
2018-06-29,21.1181,11.5943,3.6845,-32.6142,25.2972,16.3360
2018-06-30,21.0845,11.5824,3.5941,-32.2085,25.2690,16.3131
2018-07-01,21.1290,11.5899,3.8084,-32.1352,25.2683,16.3393
2018-07-02,21.1915,11.4896,3.8255,-32.5584,25.2925,16.3203
2018-07-03,21.2861,11.3345,3.8764,-32.6508,25.2905,16.2901
2018-07-04,21.3796,11.3888,4.0361,-32.2378,25.2993,16.3642
2018-07-05,21.4163,11.5079,4.0587,-31.9231,25.3152,16.4423
2018-07-06,21.4103,11.4286,4.0615,-32.7025,25.2901,16.3994
2018-07-07,21.4233,11.3105,3.9814,-33.5977,25.2588,16.3467
2018-07-08,21.5000,11.2364,3.7694,-33.4593,25.2646,16.3478
2018-07-09,21.5912,11.1471,3.8767,-34.2334,25.2262,16.3486
2018-07-10,21.6925,11.0173,4.1952,-34.9323,25.1644,16.3345
2018-07-11,21.7005,11.0349,4.2361,-34.6121,25.1403,16.3474
2018-07-12,21.7475,11.0902,4.0734,-34.0243,25.2171,16.3986
2018-07-13,21.7883,11.1896,3.9102,-33.5071,25.2848,16.4688
2018-07-14,21.8259,11.2752,4.1778,-33.4549,25.3533,16.5306
2018-07-15,21.8171,11.3271,4.3798,-32.9538,25.3252,16.5521
2018-07-16,21.8380,11.3141,4.5532,-31.7754,25.2382,16.5561
2018-07-17,21.8453,11.3306,4.4700,-31.0970,25.1950,16.5684
2018-07-18,21.8124,11.4268,4.2144,-30.4562,25.1987,16.6001
2018-07-19,21.8373,11.4684,3.9537,-30.7701,25.2244,16.6334
2018-07-20,21.8487,11.3180,3.8995,-31.3435,25.1930,16.5637
2018-07-21,21.8580,11.2871,4.1655,-31.2050,25.1059,16.5529
2018-07-22,21.8773,11.3753,4.4374,-30.8648,25.1221,16.6069
2018-07-23,21.9070,11.4132,4.3917,-30.5356,25.1766,16.6407
2018-07-24,21.9660,11.3744,4.5624,-30.3949,25.1337,16.6510
2018-07-25,21.9745,11.3598,4.2708,-30.2409,25.0741,16.6480
2018-07-26,21.9996,11.4979,4.2228,-28.5863,25.0979,16.7297
2018-07-27,21.9765,11.5333,4.2356,-28.4077,25.1315,16.7358
2018-07-28,21.8846,11.5538,4.0545,-28.9237,25.1892,16.7001
2018-07-29,21.8662,11.4290,4.3663,-30.3588,25.1837,16.6283
2018-07-30,21.9072,11.2604,4.7329,-31.4698,25.1878,16.5645
2018-07-31,21.8538,11.2142,4.8002,-31.9010,25.1564,16.5145
2018-08-01,21.8101,11.1752,4.5502,-31.9854,25.1224,16.4732
2018-08-02,21.8351,11.0646,4.2370,-32.5846,25.1453,16.4302
2018-08-03,21.8191,11.0416,3.9267,-32.9811,25.1195,16.4106
2018-08-04,21.8153,11.1343,3.9534,-32.7142,25.1324,16.4553
2018-08-05,21.8151,11.2041,4.0352,-32.1444,25.0804,16.4904
2018-08-06,21.8251,11.2098,3.9779,-30.9481,25.0965,16.4981
2018-08-07,21.8296,11.2341,3.9983,-30.6843,25.1395,16.5125
2018-08-08,21.9035,11.2213,4.2555,-30.4418,25.1948,16.5430
2018-08-09,21.9332,11.1976,4.2137,-30.5292,25.1851,16.5458
2018-08-10,21.8713,11.2830,4.1684,-29.5881,25.1401,16.5575
2018-08-11,21.7488,11.3402,4.0990,-28.8345,25.1358,16.5249
2018-08-12,21.6750,11.3922,4.2134,-28.8656,25.1388,16.5140
2018-08-13,21.6284,11.4423,4.0749,-29.3523,25.1317,16.5157
2018-08-14,21.6279,11.4870,4.2333,-29.2588,25.1324,16.5377
2018-08-15,21.6410,11.4116,4.3632,-29.9197,25.1228,16.5063
2018-08-16,21.6998,11.2996,4.1994,-30.5595,25.1534,16.4800
2018-08-17,21.6696,11.2917,3.9132,-30.3029,25.1747,16.4610
2018-08-18,21.5732,11.2886,3.7270,-30.3990,25.1618,16.4112
2018-08-19,21.4934,11.2276,3.3380,-31.1771,25.1706,16.3407
2018-08-20,21.4587,11.0709,3.3769,-32.0451,25.0755,16.2450
2018-08-21,21.3976,10.9808,3.2093,-32.9978,25.0262,16.1692
2018-08-22,21.3579,10.9656,2.9716,-33.6617,25.0979,16.1416
2018-08-23,21.2813,11.0048,3.0412,-34.3324,25.1764,16.1229
2018-08-24,21.1715,11.0076,3.0316,-34.8617,25.2102,16.0693
2018-08-25,21.0963,10.8655,2.8740,-35.2656,25.1595,15.9604
2018-08-26,21.0867,10.8732,2.7397,-35.0609,25.1253,15.9594
2018-08-27,21.0782,10.9538,2.5556,-34.9460,25.1324,15.9957
2018-08-28,21.0910,10.9947,2.5784,-35.9640,25.1636,16.0226
2018-08-29,21.0611,11.0327,2.6307,-36.0584,25.1638,16.0267
2018-08-30,20.9731,11.1151,2.4467,-35.1087,25.1793,16.0237
2018-08-31,20.9069,11.0745,2.3233,-34.9233,25.2291,15.9701
2018-09-01,20.7775,11.0380,1.9210,-34.7803,25.2537,15.8869
2018-09-02,20.6655,10.9936,1.4040,-34.6934,25.2223,15.8086
2018-09-03,20.6027,11.0410,1.2693,-34.5528,25.1725,15.8010
2018-09-04,20.5555,11.1301,1.3359,-34.7658,25.1692,15.8219
2018-09-05,20.5703,11.1619,1.1999,-34.8432,25.2452,15.8454
2018-09-06,20.4794,11.2697,1.2386,-33.4082,25.2766,15.8537
2018-09-07,20.3310,11.3775,1.1591,-32.3777,25.2920,15.8331
2018-09-08,20.2410,11.4288,1.0453,-31.8929,25.2790,15.8138
2018-09-09,20.1484,11.4625,0.8923,-31.8618,25.2758,15.7843
2018-09-10,20.0794,11.4976,0.6874,-31.7766,25.2720,15.7670
2018-09-11,20.0216,11.4717,0.5858,-32.2937,25.2868,15.7251
2018-09-12,19.9793,11.4789,0.3274,-32.2691,25.3537,15.7076
2018-09-13,19.9199,11.5547,0.0783,-32.5035,25.4096,15.7156
2018-09-14,19.8464,11.5994,-0.1949,-32.6030,25.4047,15.7012
2018-09-15,19.8299,11.5713,-0.3571,-32.3144,25.4431,15.6790
2018-09-16,19.8119,11.5354,-0.7028,-32.6280,25.4765,15.6518
2018-09-17,19.7296,11.6240,-1.0905,-32.3956,25.4712,15.6548
2018-09-18,19.6496,11.7195,-1.4010,-31.6173,25.5088,15.6626
2018-09-19,19.5911,11.6817,-1.5440,-31.3111,25.5320,15.6144
2018-09-20,19.4958,11.6570,-1.6435,-30.5382,25.5197,15.5541
2018-09-21,19.3850,11.7975,-1.6756,-29.8820,25.5242,15.5691
2018-09-22,19.2902,11.9522,-1.8644,-30.0448,25.5654,15.5989
2018-09-23,19.2340,11.9743,-2.0616,-30.6535,25.5962,15.5818
2018-09-24,19.1509,11.9611,-2.2347,-30.6111,25.5998,15.5338
2018-09-25,19.0660,11.8673,-2.4764,-31.1268,25.6087,15.4442
2018-09-26,19.0023,11.8159,-2.6317,-31.5534,25.7084,15.3864
2018-09-27,18.9053,11.8846,-2.2847,-30.8770,25.7375,15.3721
2018-09-28,18.8209,11.9507,-2.1955,-29.9528,25.6880,15.3628
2018-09-29,18.7616,12.0044,-2.0703,-29.1839,25.7081,15.3598
2018-09-30,18.6698,11.9415,-2.1812,-29.2964,25.6625,15.2823
2018-10-01,18.5622,11.9588,-2.4614,-29.8518,25.6149,15.2373
2018-10-02,18.4971,12.0052,-2.9075,-30.2368,25.6203,15.2278
2018-10-03,18.4965,11.9820,-3.2875,-30.4789,25.6761,15.2156
2018-10-04,18.3886,11.9853,-3.3717,-30.3397,25.6939,15.1631
2018-10-05,18.2172,12.0969,-3.2565,-29.5979,25.6734,15.1333
2018-10-06,18.0649,12.2749,-3.1114,-28.8635,25.6832,15.1463
2018-10-07,17.9074,12.3943,-3.0701,-28.5038,25.7388,15.1271
2018-10-08,17.7588,12.4117,-3.4653,-28.4774,25.7535,15.0612
2018-10-09,17.6366,12.4438,-3.8113,-28.2288,25.7765,15.0160
2018-10-10,17.5033,12.3773,-4.1647,-28.1430,25.7226,14.9160
2018-10-11,17.3806,12.3578,-4.6026,-28.0166,25.6503,14.8449
2018-10-12,17.3108,12.3815,-4.6080,-28.3528,25.6568,14.8218
2018-10-13,17.2051,12.3795,-4.4484,-28.4251,25.6295,14.7678
2018-10-14,17.0547,12.3948,-4.4361,-28.3798,25.6233,14.7001
2018-10-15,16.9320,12.5079,-4.8842,-27.9644,25.6491,14.6951
2018-10-16,16.8246,12.5861,-5.3166,-27.1851,25.6337,14.6806
2018-10-17,16.7323,12.7164,-5.7281,-26.1429,25.6071,14.6997
2018-10-18,16.6228,12.7896,-6.2903,-25.0827,25.5574,14.6816
2018-10-19,16.5140,12.8996,-6.7974,-23.9105,25.5616,14.6821
2018-10-20,16.5177,12.9272,-7.1798,-23.5970,25.5816,14.6977
2018-10-21,16.4181,12.9601,-7.6012,-23.8906,25.5651,14.6642
2018-10-22,16.2139,12.9662,-8.2979,-24.5247,25.5543,14.5649
2018-10-23,16.1026,12.9859,-8.8601,-24.7634,25.5831,14.5193
2018-10-24,16.0889,13.0793,-9.2987,-24.2185,25.6384,14.5588
2018-10-25,15.9818,13.2141,-9.8370,-23.4490,25.6754,14.5726
2018-10-26,15.9076,13.3621,-10.0406,-22.4692,25.7340,14.6097
2018-10-27,15.8568,13.4782,-9.6484,-21.9685,25.7829,14.6422
2018-10-28,15.7057,13.5847,-9.6047,-21.6776,25.7462,14.6200
2018-10-29,15.6046,13.6446,-9.6617,-21.8756,25.7541,14.5991
2018-10-30,15.4535,13.6764,-10.0215,-22.0131,25.7571,14.5394
2018-10-31,15.2560,13.6441,-10.4531,-22.1201,25.6996,14.4245
2018-11-01,15.1052,13.6454,-10.7185,-22.2408,25.6384,14.3498
2018-11-02,14.9027,13.6709,-11.5148,-22.4237,25.6155,14.2613
2018-11-03,14.6788,13.7053,-11.9553,-22.0016,25.5734,14.1661
2018-11-04,14.4950,13.7457,-12.3838,-21.5910,25.5648,14.0943
2018-11-05,14.3184,13.7799,-12.8941,-21.0837,25.5855,14.0227
2018-11-06,14.1805,13.8410,-13.5073,-20.2826,25.6457,13.9842
2018-11-07,14.0608,13.8214,-14.2804,-19.6539,25.6051,13.9142
2018-11-08,13.9644,13.8715,-13.9660,-19.1687,25.5396,13.8911
2018-11-09,13.7546,14.0138,-13.5946,-18.9199,25.5482,13.8572
2018-11-10,13.4805,14.0853,-13.7821,-19.1402,25.5680,13.7556
2018-11-11,13.2859,14.1507,-14.5766,-19.5039,25.6314,13.6907
2018-11-12,13.1431,14.2415,-15.6472,-19.7454,25.7028,13.6645
2018-11-13,12.9694,14.2565,-16.2383,-19.9625,25.7183,13.5851
2018-11-14,12.8172,14.2986,-16.6691,-20.1427,25.6811,13.5300
2018-11-15,12.6365,14.3775,-17.0918,-20.1514,25.6419,13.4791
2018-11-16,12.4521,14.3857,-17.0906,-20.2104,25.6534,13.3907
2018-11-17,12.3720,14.3859,-16.6338,-19.9364,25.6641,13.3508
2018-11-18,12.2749,14.4178,-16.6867,-19.0452,25.6606,13.3181
2018-11-19,12.2035,14.4891,-17.1415,-18.2481,25.6290,13.3180
2018-11-20,12.2361,14.5044,-16.7721,-17.9234,25.6429,13.3421
2018-11-21,12.2060,14.5472,-17.0773,-17.5851,25.6395,13.3486
2018-11-22,12.1695,14.6268,-17.7044,-16.9238,25.6218,13.3703
2018-11-23,12.2242,14.6744,-17.7207,-16.4679,25.5777,13.4213
2018-11-24,12.1469,14.7569,-18.0371,-16.2087,25.5314,13.4239
2018-11-25,12.0311,14.8043,-18.9946,-16.0622,25.4613,13.3899
2018-11-26,11.8476,14.8340,-19.5707,-16.1254,25.4723,13.3128
2018-11-27,11.6869,14.8473,-19.7684,-16.0703,25.4556,13.2390
2018-11-28,11.6004,14.9296,-19.6807,-15.8378,25.4950,13.2368
2018-11-29,11.6039,15.0289,-19.4800,-15.5422,25.5014,13.2885
2018-11-30,11.5454,15.0383,-19.2836,-15.3250,25.4241,13.2640
2018-12-01,11.4663,15.0419,-19.3275,-14.9805,25.3776,13.2261
2018-12-02,11.3212,15.0751,-19.3964,-14.5765,25.4067,13.1698
2018-12-03,11.1578,15.1804,-19.5217,-13.8532,25.4044,13.1407
2018-12-04,10.9315,15.2361,-19.3311,-13.7732,25.3685,13.0554
2018-12-05,10.7407,15.2872,-18.6065,-13.9783,25.3880,12.9853
2018-12-06,10.6174,15.3487,-17.9358,-13.9809,25.3966,12.9544
2018-12-07,10.5352,15.3803,-18.1224,-13.9648,25.3753,12.9291
2018-12-08,10.5008,15.4318,-18.1252,-13.9992,25.3483,12.9379
2018-12-09,10.5508,15.4397,-18.1666,-13.9810,25.2882,12.9667
2018-12-10,10.6365,15.5295,-18.1344,-13.6755,25.2863,13.0547
2018-12-11,10.6366,15.6935,-17.6006,-12.8724,25.3155,13.1368
2018-12-12,10.7136,15.7479,-17.4009,-12.3966,25.3522,13.2026
2018-12-13,10.7786,15.7081,-17.4379,-12.4619,25.3624,13.2153
2018-12-14,10.8061,15.6958,-18.0457,-12.7342,25.3697,13.2230
2018-12-15,10.7793,15.7244,-19.2758,-12.9453,25.3743,13.2238
2018-12-16,10.7016,15.8042,-20.0815,-12.9778,25.3303,13.2248
2018-12-17,10.6420,15.8576,-20.2983,-12.8090,25.2870,13.2217
2018-12-18,10.5634,15.8937,-20.6135,-12.5284,25.2711,13.2002
2018-12-19,10.4843,15.9958,-20.5833,-11.7154,25.2815,13.2120
2018-12-20,10.2894,16.0761,-20.5912,-11.2217,25.3034,13.1544
2018-12-21,10.1034,16.0983,-21.1191,-10.8106,25.2372,13.0726
2018-12-22,9.7855,16.1403,-21.7442,-10.6268,25.1821,12.9342
2018-12-23,9.5007,16.1836,-21.5709,-10.7747,25.1371,12.8132
2018-12-24,9.4489,16.2281,-21.1492,-11.0062,25.1595,12.8094
2018-12-25,9.3772,16.2537,-21.3810,-11.2086,25.2004,12.7862
2018-12-26,9.3022,16.2927,-21.4162,-11.5795,25.2475,12.7682
2018-12-27,9.1993,16.3080,-21.3047,-11.8340,25.2452,12.7244
2018-12-28,9.0435,16.2627,-21.1310,-12.1972,25.2145,12.6235
2018-12-29,8.9925,16.2127,-20.5074,-12.3469,25.1271,12.5729
2018-12-30,9.0841,16.2123,-20.1441,-12.5749,25.1207,12.6184
2018-12-31,9.2792,16.2297,-19.4942,-12.7015,25.1646,12.7250
2019-01-01,9.3877,16.2729,-19.0890,-12.7287,25.2703,12.8011
2019-01-02,9.4660,16.3288,-19.0453,-12.9150,25.3231,12.8681
2019-01-03,9.5274,16.3428,-19.4178,-12.9334,25.3187,12.9060
2019-01-04,9.5195,16.3207,-20.2619,-13.0208,25.3012,12.8910
2019-01-05,9.4210,16.3035,-21.3524,-13.0849,25.3159,12.8330
2019-01-06,9.3430,16.3169,-22.3961,-13.1834,25.2891,12.8006
2019-01-07,9.1958,16.3288,-23.5185,-13.3759,25.2265,12.7329
2019-01-08,9.0275,16.3236,-24.2776,-13.4408,25.1838,12.6461
2019-01-09,8.9010,16.3664,-24.8228,-13.0207,25.1828,12.6041
2019-01-10,8.7456,16.4023,-25.3482,-12.7200,25.2007,12.5442
2019-01-11,8.7637,16.4462,-25.8602,-12.3423,25.2367,12.5754
2019-01-12,8.8727,16.4992,-26.3804,-12.1650,25.2812,12.6566
2019-01-13,8.9858,16.5828,-26.2262,-12.0485,25.2497,12.7554
2019-01-14,8.9930,16.6348,-25.6375,-12.1812,25.1833,12.7852
2019-01-15,8.9162,16.6817,-24.6665,-12.2573,25.2002,12.7701
2019-01-16,8.8955,16.6930,-23.6945,-12.4479,25.2264,12.7654
2019-01-17,8.9311,16.6615,-23.7412,-12.9374,25.2755,12.7675
2019-01-18,8.9278,16.5431,-23.4062,-13.2766,25.2936,12.7065
2019-01-19,8.9824,16.5176,-23.1450,-13.3906,25.2978,12.7208
2019-01-20,8.8936,16.5888,-24.0490,-13.2866,25.2944,12.7118
2019-01-21,8.8323,16.6732,-24.6035,-13.0175,25.2531,12.7235
2019-01-22,8.8798,16.7253,-24.5735,-13.1646,25.3067,12.7733
2019-01-23,8.9326,16.6943,-24.5123,-13.6205,25.3981,12.7839
2019-01-24,8.9022,16.6916,-24.7983,-13.7574,25.4133,12.7675
2019-01-25,8.8801,16.6604,-24.9719,-13.8885,25.4215,12.7407
2019-01-26,8.8928,16.5702,-25.0608,-14.2774,25.4120,12.7017
2019-01-27,8.9253,16.5451,-24.6619,-14.3236,25.3649,12.7054
2019-01-28,8.8350,16.6339,-24.0564,-14.0569,25.2432,12.7045
2019-01-29,8.6416,16.6810,-24.4688,-14.3064,25.2673,12.6313
2019-01-30,8.5418,16.6577,-25.0467,-14.6608,25.3305,12.5697
2019-01-31,8.5923,16.6131,-25.2373,-14.9834,25.4543,12.5725
2019-02-01,8.6973,16.6141,-25.1810,-15.3720,25.5157,12.6257
2019-02-02,8.8948,16.5912,-24.0796,-15.6276,25.5543,12.7133
2019-02-03,9.0404,16.5106,-22.4921,-16.0858,25.6387,12.7457
2019-02-04,9.0594,16.4952,-21.5343,-16.5570,25.6565,12.7477
2019-02-05,9.0196,16.5369,-21.4849,-16.6909,25.5691,12.7486
2019-02-06,8.9209,16.5186,-21.7275,-16.7998,25.5242,12.6897
2019-02-07,8.8539,16.4846,-21.8319,-17.4369,25.5687,12.6390
2019-02-08,8.8723,16.4655,-21.5163,-17.5900,25.6161,12.6385
2019-02-09,8.9730,16.4925,-20.9065,-16.9570,25.6147,12.7026
2019-02-10,9.0257,16.4958,-21.0217,-16.5477,25.5541,12.7307
2019-02-11,9.0970,16.5297,-21.5778,-16.6136,25.5757,12.7833
2019-02-12,9.2931,16.4639,-21.4107,-16.8345,25.6502,12.8486
2019-02-13,9.3913,16.4349,-21.5891,-16.5935,25.6424,12.8833
2019-02-14,9.5356,16.5226,-22.4769,-16.1560,25.5991,12.9994
2019-02-15,9.7027,16.5851,-23.2030,-16.0460,25.5865,13.1144
2019-02-16,9.8268,16.6616,-23.5598,-15.7545,25.6247,13.2150
2019-02-17,9.7978,16.7385,-23.3731,-15.3381,25.6574,13.2389
2019-02-18,9.7420,16.7458,-23.2463,-15.4596,25.7159,13.2144
2019-02-19,9.7382,16.7090,-23.0855,-16.0028,25.7434,13.1940
2019-02-20,9.8338,16.6420,-22.5679,-16.9967,25.7467,13.2083
2019-02-21,10.0820,16.6107,-22.0908,-17.2229,25.8038,13.3173
2019-02-22,10.2109,16.5674,-21.5272,-17.1077,25.8143,13.3604
2019-02-23,10.2238,16.5977,-21.0922,-16.9894,25.8715,13.3820
2019-02-24,10.2481,16.5868,-20.8719,-17.0848,25.9350,13.3887
2019-02-25,10.3106,16.4884,-20.2726,-17.3035,25.8916,13.3703
2019-02-26,10.5222,16.4606,-20.0532,-17.2415,25.8390,13.4627
2019-02-27,10.6256,16.5089,-20.1363,-17.1319,25.8472,13.5384
2019-02-28,10.6839,16.4910,-19.8466,-17.6625,25.8238,13.5589
2019-03-01,10.7452,16.4407,-19.1223,-18.2783,25.7904,13.5644
2019-03-02,10.7556,16.4528,-18.6091,-18.6077,25.8208,13.5757
2019-03-03,10.8803,16.4608,-18.8309,-18.9210,25.9170,13.6419
2019-03-04,10.9957,16.4230,-18.6666,-19.4160,25.9606,13.6810
2019-03-05,11.0729,16.3240,-18.5788,-19.8814,26.0026,13.6699
2019-03-06,11.0546,16.1857,-18.9709,-20.4254,25.9413,13.5915
2019-03-07,11.0960,16.1692,-19.5900,-20.6980,25.9247,13.6042
2019-03-08,11.2476,16.1422,-20.0935,-20.6107,25.9462,13.6667
2019-03-09,11.3990,16.0812,-20.5432,-20.7937,25.9582,13.7118
2019-03-10,11.5195,16.0799,-20.7385,-20.8614,25.9896,13.7717
2019-03-11,11.6803,16.0451,-21.0959,-20.8885,26.0182,13.8348
2019-03-12,11.7923,15.9621,-21.6236,-21.3972,26.0595,13.8492
2019-03-13,11.8747,15.8809,-21.9344,-22.1750,26.1043,13.8496
2019-03-14,11.8567,15.8198,-22.2960,-22.9530,26.1062,13.8099
2019-03-15,11.8283,15.7840,-22.4315,-23.6768,26.1123,13.7777
2019-03-16,11.8175,15.7385,-22.5998,-24.0104,26.0668,13.7496
2019-03-17,11.9128,15.7126,-22.1537,-24.5047,26.0813,13.7842
2019-03-18,12.0271,15.7482,-20.7656,-24.8857,26.1716,13.8591
2019-03-19,12.1467,15.7142,-19.7318,-25.0711,26.2552,13.9018
2019-03-20,12.2951,15.6595,-19.1231,-24.8897,26.2878,13.9487
2019-03-21,12.4474,15.6171,-19.1223,-24.7561,26.3112,14.0039
2019-03-22,12.6134,15.5430,-19.0433,-25.1727,26.3210,14.0500
2019-03-23,12.6615,15.5225,-18.8067,-24.8979,26.2793,14.0638
2019-03-24,12.7803,15.5108,-17.5326,-24.4379,26.2249,14.1178
2019-03-25,12.9876,15.4428,-15.8756,-24.4721,26.2367,14.1875
2019-03-26,13.1971,15.3190,-14.6102,-25.2022,26.2297,14.2305
2019-03-27,13.2906,15.2627,-14.3412,-25.6670,26.2024,14.2489
2019-03-28,13.4653,15.3381,-13.9655,-25.2319,26.2593,14.3746
2019-03-29,13.6727,15.3121,-13.3265,-25.6589,26.3646,14.4652
2019-03-30,13.7371,15.2119,-12.8522,-26.2001,26.3556,14.4473
2019-03-31,13.6958,15.1628,-12.6296,-26.8468,26.2794,14.4019
2019-04-01,13.7572,15.0996,-12.7364,-27.7419,26.2421,14.4008
2019-04-02,13.9303,15.0715,-12.7956,-28.1208,26.2469,14.4737
2019-04-03,14.0897,15.0522,-12.3655,-28.2477,26.3117,14.5439
2019-04-04,14.2284,14.9789,-12.2738,-28.7082,26.3798,14.5766
2019-04-05,14.3275,14.8438,-12.5392,-28.9035,26.4203,14.5584
2019-04-06,14.4628,14.8314,-12.8436,-28.0083,26.4129,14.6198
2019-04-07,14.5760,14.9213,-12.8687,-27.3701,26.3580,14.7219
2019-04-08,14.6623,14.9226,-12.9641,-27.3854,26.3776,14.7657
2019-04-09,14.6446,14.8957,-13.1749,-27.3557,26.4296,14.7434
2019-04-10,14.5527,14.8433,-13.2660,-27.3053,26.3678,14.6711
2019-04-11,14.5412,14.6876,-13.5227,-27.7066,26.3017,14.5877
2019-04-12,14.5477,14.6405,-13.5305,-27.8121,26.2890,14.5675
2019-04-13,14.5726,14.6378,-13.5645,-28.4100,26.2756,14.5786
2019-04-14,14.6166,14.6103,-13.6842,-29.0348,26.3352,14.5867
2019-04-15,14.6840,14.5926,-13.8138,-28.6255,26.3542,14.6115
2019-04-16,14.8057,14.5910,-13.6898,-27.8199,26.3506,14.6718
2019-04-17,14.9678,14.6669,-13.3122,-26.1543,26.3705,14.7910
2019-04-18,15.0688,14.7060,-13.1634,-25.8727,26.4163,14.8611
2019-04-19,15.0899,14.7593,-13.2799,-25.8486,26.4140,14.8983
2019-04-20,15.1267,14.7186,-13.2028,-25.7984,26.4053,14.8965
2019-04-21,15.2787,14.6438,-12.7915,-26.0656,26.4357,14.9349
2019-04-22,15.4394,14.5914,-12.1987,-25.8714,26.3825,14.9893
2019-04-23,15.5765,14.5712,-11.6026,-26.2189,26.3941,15.0475
2019-04-24,15.6762,14.5422,-11.3482,-26.8023,26.4456,15.0829
2019-04-25,15.8558,14.5281,-10.7403,-27.2764,26.5118,15.1660
2019-04-26,15.9938,14.3788,-10.1052,-28.1490,26.5365,15.1608
2019-04-27,16.0135,14.2833,-9.7903,-28.5189,26.5560,15.1228
2019-04-28,16.0414,14.2509,-9.2966,-28.4011,26.5713,15.1199
2019-04-29,16.1131,14.1690,-8.5224,-28.8232,26.5730,15.1148
2019-04-30,16.2511,14.0026,-7.7953,-29.6505,26.5476,15.1006
2019-05-01,16.4552,13.9009,-7.3852,-29.7096,26.5235,15.1518
2019-05-02,16.6455,13.9699,-7.1853,-28.9664,26.5293,15.2820
2019-05-03,16.7349,14.0403,-6.7437,-28.6019,26.5329,15.3621
2019-05-04,16.8116,14.0491,-6.2111,-28.3339,26.4805,15.4052
2019-05-05,16.9774,14.0617,-5.9081,-28.2457,26.5191,15.4948
2019-05-06,17.1773,14.0107,-5.5759,-28.3858,26.5687,15.5691
2019-05-07,17.2816,13.9785,-5.3287,-28.8101,26.5800,15.6050
2019-05-08,17.3244,13.9060,-5.0951,-29.0052,26.5377,15.5902
2019-05-09,17.4068,13.8667,-4.7263,-29.2770,26.4726,15.6118
2019-05-10,17.5058,13.7405,-4.5757,-29.5046,26.3765,15.5983
2019-05-11,17.5448,13.6145,-4.7680,-29.9757,26.2593,15.5550
2019-05-12,17.6189,13.5312,-4.7530,-30.6158,26.2323,15.5505
2019-05-13,17.6711,13.4404,-4.7764,-31.0525,26.2328,15.5314
2019-05-14,17.7655,13.3259,-4.4232,-31.3506,26.2610,15.5216
2019-05-15,17.8188,13.2537,-4.1079,-31.4072,26.2613,15.5121
2019-05-16,17.9003,13.2108,-4.1804,-31.5704,26.2635,15.5313
2019-05-17,17.9258,13.2130,-4.1932,-31.7712,26.2985,15.5454
2019-05-18,17.8612,13.1621,-4.1074,-31.9162,26.2926,15.4876
2019-05-19,17.9301,13.1165,-4.0553,-31.6599,26.2847,15.4993
2019-05-20,18.0275,13.1380,-3.6863,-31.5180,26.2556,15.5588
2019-05-21,18.1419,13.1567,-3.1035,-31.1414,26.2177,15.6254
2019-05-22,18.3116,13.1560,-2.5310,-30.5508,26.1735,15.7101
2019-05-23,18.4554,13.1316,-2.2977,-30.1481,26.1541,15.7700
2019-05-24,18.5305,13.0081,-1.8942,-30.6904,26.1119,15.7459
2019-05-25,18.6247,12.8784,-1.5385,-31.3516,26.1081,15.7281
2019-05-26,18.7630,12.8517,-1.2455,-30.7793,26.1599,15.7842
2019-05-27,18.9009,12.8878,-0.9550,-29.9285,26.1780,15.8714
2019-05-28,19.0257,12.9417,-0.6186,-29.2047,26.1347,15.9610
2019-05-29,19.1738,12.8885,-0.2700,-29.1009,26.1469,16.0084
2019-05-30,19.2365,12.7987,-0.0634,-28.8877,26.0985,15.9951
2019-05-31,19.3141,12.7454,0.1017,-28.8897,26.0362,16.0073
2019-06-01,19.4270,12.7172,0.2447,-29.5236,26.0237,16.0496
2019-06-02,19.5631,12.5937,0.3204,-30.5734,26.0216,16.0560
2019-06-03,19.6783,12.5379,0.4662,-30.8273,25.9763,16.0858
2019-06-04,19.7536,12.4155,0.7065,-31.9061,25.9300,16.0621
2019-06-05,19.8659,12.3219,0.9576,-32.8390,25.9173,16.0713
2019-06-06,19.9756,12.3118,1.2469,-32.8897,25.9080,16.1215
2019-06-07,20.0831,12.3441,1.8091,-32.7020,25.9222,16.1915
2019-06-08,20.1681,12.3855,2.2174,-32.1354,25.9515,16.2549
2019-06-09,20.2422,12.4522,2.2902,-31.3212,25.9877,16.3257
2019-06-10,20.2384,12.5299,2.3071,-30.3941,25.9784,16.3625
2019-06-11,20.2487,12.5710,2.4998,-30.2088,25.9653,16.3883
2019-06-12,20.3146,12.4978,3.0993,-30.9820,26.0009,16.3846
2019-06-13,20.3468,12.4455,3.2488,-31.3969,25.9949,16.3745
2019-06-14,20.4004,12.3795,3.3176,-31.6735,25.9943,16.3683
2019-06-15,20.4652,12.2319,3.2501,-32.3346,25.9633,16.3272
2019-06-16,20.6028,12.1096,3.4924,-32.8906,25.9390,16.3349
2019-06-17,20.6936,12.0501,3.4401,-32.9435,25.8938,16.3505
2019-06-18,20.8045,11.9675,3.2825,-33.2872,25.8996,16.3648
2019-06-19,20.9373,11.8253,3.5814,-33.8697,25.8871,16.3600
2019-06-20,21.0039,11.7113,3.5746,-34.2245,25.8477,16.3361
2019-06-21,21.0215,11.7292,3.5745,-33.7376,25.8125,16.3539
2019-06-22,20.9783,11.7879,3.5442,-33.2218,25.7291,16.3620
2019-06-23,21.0098,11.7752,3.6780,-32.7194,25.6933,16.3714
2019-06-24,21.1309,11.9019,4.0858,-31.4077,25.7321,16.4954
2019-06-25,21.2365,11.9603,4.2157,-30.8640,25.7884,16.5777
2019-06-26,21.2907,11.8983,4.1041,-31.0118,25.7575,16.5737
2019-06-27,21.3196,11.9531,4.0993,-30.7555,25.7858,16.6159
2019-06-28,21.3913,12.0299,4.4506,-30.6223,25.8068,16.6902
2019-06-29,21.4464,11.9726,4.5044,-30.7748,25.7422,16.6891
2019-06-30,21.5098,11.8235,4.3374,-31.6837,25.7478,16.6462
2019-07-01,21.5105,11.7446,4.3732,-31.7217,25.7251,16.6072
2019-07-02,21.4534,11.7115,4.4949,-31.7930,25.6511,16.5620
2019-07-03,21.4601,11.6716,4.6882,-32.0429,25.6180,16.5456
2019-07-04,21.5059,11.6196,4.7212,-31.8974,25.5955,16.5425
2019-07-05,21.5254,11.6133,4.4059,-31.5364,25.5491,16.5491
2019-07-06,21.5385,11.6136,4.2827,-30.0904,25.5106,16.5560
2019-07-07,21.5802,11.6908,4.4269,-27.8230,25.4859,16.6158
2019-07-08,21.5654,11.8278,4.7193,-26.2550,25.4556,16.6771
2019-07-09,21.6256,11.9022,5.1404,-26.3938,25.4803,16.7447
2019-07-10,21.7014,11.8631,5.1554,-27.6288,25.4900,16.7631
2019-07-11,21.6876,11.7750,4.9037,-28.3498,25.4625,16.7119
2019-07-12,21.7296,11.6717,4.7218,-29.1526,25.4368,16.6811
2019-07-13,21.8105,11.5349,4.6661,-29.6011,25.4463,16.6531
2019-07-14,21.8441,11.4482,4.5971,-29.9500,25.4149,16.6266
2019-07-15,21.9136,11.4022,4.7634,-30.6302,25.3949,16.6384
2019-07-16,21.9723,11.3628,4.7471,-31.1358,25.3872,16.6481
2019-07-17,22.0155,11.3414,4.5402,-31.4276,25.3974,16.6589
2019-07-18,22.0311,11.3634,4.7927,-31.4406,25.3918,16.6780
2019-07-19,22.0876,11.3743,5.2123,-31.9607,25.3653,16.7116
2019-07-20,22.1187,11.3335,5.3742,-32.3313,25.3523,16.7070
2019-07-21,22.0699,11.3186,5.2583,-32.5394,25.3582,16.6749
2019-07-22,22.0075,11.3038,5.1609,-32.1170,25.3368,16.6362
2019-07-23,21.9600,11.3036,4.8227,-31.4049,25.3256,16.6123
2019-07-24,21.9552,11.2738,4.6584,-30.6108,25.2863,16.5949
2019-07-25,21.9874,11.2200,4.5761,-30.5123,25.2113,16.5843
2019-07-26,21.9808,11.2062,4.2178,-30.8346,25.1899,16.5742
2019-07-27,21.9636,11.2058,4.0679,-31.5565,25.2134,16.5656
2019-07-28,21.9724,11.2257,4.1626,-32.5163,25.2507,16.5798
2019-07-29,21.9533,11.2280,4.3572,-33.5109,25.2975,16.5711
2019-07-30,21.9989,11.1566,4.7506,-34.1112,25.3746,16.5584
2019-07-31,22.0585,11.1205,4.9922,-34.2926,25.4416,16.5702
2019-08-01,22.0847,11.0417,5.0326,-34.4915,25.4608,16.5436
2019-08-02,22.1182,10.9334,5.0581,-34.6231,25.4364,16.5061
2019-08-03,22.1058,10.8661,5.0303,-34.0890,25.3256,16.4663
2019-08-04,22.0912,10.9283,4.9784,-33.3584,25.2725,16.4904
2019-08-05,22.0801,11.1123,4.7269,-32.3281,25.2996,16.5769
2019-08-06,22.0558,11.3105,4.6731,-31.6533,25.3708,16.6640
2019-08-07,22.0326,11.4074,4.9020,-31.1087,25.4558,16.7010
2019-08-08,22.0315,11.3771,4.9978,-31.2816,25.4750,16.6852
2019-08-09,21.9856,11.3367,5.0394,-31.4341,25.4367,16.6419
2019-08-10,21.9422,11.2359,4.9550,-31.5497,25.3984,16.5698
2019-08-11,21.8891,11.1871,4.8024,-31.2021,25.3450,16.5188
2019-08-12,21.8755,11.1576,4.7400,-31.4594,25.3753,16.4972
2019-08-13,21.8430,11.0818,4.3328,-32.0479,25.3670,16.4429
2019-08-14,21.8453,11.0251,4.1415,-32.5692,25.3154,16.4156
2019-08-15,21.8239,10.9906,4.1722,-33.0150,25.2544,16.3880
2019-08-16,21.7538,11.0185,4.3507,-32.6742,25.2272,16.3666
2019-08-17,21.7098,11.1502,4.4630,-31.8179,25.2758,16.4106
2019-08-18,21.6997,11.1648,4.4700,-31.2005,25.3215,16.4128
2019-08-19,21.6926,11.1589,4.2710,-29.6163,25.2823,16.4064
2019-08-20,21.6675,11.1680,4.1033,-29.2258,25.2255,16.3984
2019-08-21,21.6565,11.2322,3.8063,-29.1697,25.2192,16.4248
2019-08-22,21.5824,11.3281,3.5789,-29.1869,25.2132,16.4356
2019-08-23,21.5304,11.3914,3.3991,-29.2709,25.2447,16.4413
2019-08-24,21.5571,11.4330,3.3393,-29.1408,25.2493,16.4756
2019-08-25,21.5292,11.4575,3.3678,-28.7907,25.2762,16.4741
2019-08-26,21.4911,11.5001,3.3105,-28.6475,25.2889,16.4762
2019-08-27,21.4289,11.4699,3.1455,-29.2730,25.2904,16.4298
2019-08-28,21.4268,11.4817,2.9698,-30.2922,25.3421,16.4346
2019-08-29,21.3332,11.4669,2.9286,-30.5614,25.3568,16.3803
2019-08-30,21.1985,11.3664,2.8410,-30.9158,25.3851,16.2624
2019-08-31,21.1370,11.2085,2.7493,-31.6871,25.4209,16.1524
2019-09-01,21.0984,11.0893,2.6448,-31.9917,25.4186,16.0731
2019-09-02,21.0811,11.1276,2.3999,-31.1558,25.4529,16.0835
2019-09-03,21.1128,11.2724,2.1861,-29.6378,25.5296,16.1723
2019-09-04,21.1132,11.3273,2.0520,-29.9834,25.5752,16.1999
2019-09-05,21.0350,11.2904,2.0002,-30.6217,25.5798,16.1420
2019-09-06,20.9340,11.2909,1.8741,-30.7674,25.5480,16.0918
2019-09-07,20.8500,11.2968,1.8754,-31.7554,25.5004,16.0526
2019-09-08,20.7171,11.2879,1.8311,-32.6931,25.4561,15.9820
2019-09-09,20.5617,11.3053,1.4682,-33.4577,25.4416,15.9126
2019-09-10,20.4734,11.3432,0.9836,-33.9296,25.4872,15.8873
2019-09-11,20.3865,11.3675,0.9468,-34.2967,25.5123,15.8558
2019-09-12,20.2851,11.4030,0.7178,-33.6141,25.5099,15.8227
2019-09-13,20.2337,11.4484,0.4510,-32.3494,25.5346,15.8198
2019-09-14,20.2031,11.5725,0.0431,-32.1515,25.5920,15.8667
2019-09-15,20.1202,11.6568,-0.1246,-31.9472,25.6121,15.8674
2019-09-16,20.0721,11.6606,-0.3286,-32.0486,25.6050,15.8453
2019-09-17,19.9807,11.6304,-0.6414,-32.0994,25.6097,15.7843
2019-09-18,19.8433,11.6375,-1.2019,-32.4575,25.6076,15.7190
2019-09-19,19.8006,11.7257,-1.4562,-32.0503,25.6536,15.7416
2019-09-20,19.7564,11.6930,-1.4759,-32.0256,25.6305,15.7030
2019-09-21,19.7258,11.6408,-1.3334,-31.9672,25.5722,15.6615
2019-09-22,19.6596,11.6664,-1.2287,-31.6277,25.5757,15.6410
2019-09-23,19.5565,11.6670,-1.1163,-31.6469,25.5952,15.5897
2019-09-24,19.4889,11.7827,-1.0732,-30.7817,25.5989,15.6138
2019-09-25,19.4229,11.9032,-1.2940,-30.0392,25.5596,15.6414
2019-09-26,19.3662,11.9562,-1.4410,-29.8327,25.4740,15.6394
2019-09-27,19.3370,12.0053,-1.2550,-30.2875,25.5315,15.6495
2019-09-28,19.1686,12.0450,-1.3787,-30.1084,25.5991,15.5853
2019-09-29,19.0217,12.1461,-1.7280,-29.7597,25.6687,15.5621
2019-09-30,18.9228,12.2123,-2.0497,-29.5829,25.6889,15.5456
2019-10-01,18.7782,12.1819,-2.3174,-29.4643,25.6195,15.4580
2019-10-02,18.6022,12.1217,-2.6175,-29.2680,25.4965,15.3398
2019-10-03,18.3737,12.1616,-2.7717,-28.7244,25.4787,15.2455
2019-10-04,18.2344,12.2752,-2.7514,-27.8949,25.4966,15.2326
2019-10-05,18.1705,12.2878,-2.9824,-27.7005,25.5093,15.2065
2019-10-06,18.0962,12.2555,-3.2516,-27.6780,25.4618,15.1531
2019-10-07,18.0342,12.3231,-3.5446,-27.8043,25.4771,15.1562
2019-10-08,17.9863,12.3931,-3.7239,-27.6893,25.5120,15.1671
2019-10-09,17.8432,12.4458,-4.1871,-27.9119,25.5007,15.1221
2019-10-10,17.6137,12.4848,-4.6626,-28.2160,25.4968,15.0265
2019-10-11,17.3974,12.5048,-5.0461,-28.1002,25.5137,14.9280
2019-10-12,17.2703,12.5464,-5.2523,-27.9798,25.5657,14.8849
2019-10-13,17.2467,12.5525,-5.4914,-28.1564,25.6016,14.8761
2019-10-14,17.2715,12.5190,-5.7619,-28.0379,25.6563,14.8717
2019-10-15,17.1861,12.5533,-6.2549,-27.4423,25.6555,14.8461
2019-10-16,17.1065,12.6354,-6.6815,-26.7140,25.6306,14.8472
2019-10-17,17.0377,12.7370,-7.1297,-26.0650,25.6487,14.8636
2019-10-18,16.9692,12.9017,-7.5298,-25.2574,25.6785,14.9117
2019-10-19,16.8013,13.0170,-7.8375,-24.6430,25.6543,14.8854
2019-10-20,16.6615,13.1424,-8.2680,-24.1976,25.6789,14.8782
2019-10-21,16.5242,13.1495,-8.4714,-24.3350,25.6986,14.8127
2019-10-22,16.3812,13.1397,-8.4714,-24.0978,25.6782,14.7361
2019-10-23,16.2124,13.2612,-8.7456,-23.4839,25.6878,14.7124
2019-10-24,16.0871,13.3634,-8.7699,-22.8665,25.7161,14.7008
2019-10-25,15.9946,13.4355,-8.6131,-22.3566,25.7323,14.6908
2019-10-26,15.9078,13.4792,-9.0391,-22.3023,25.7113,14.6693
2019-10-27,15.7494,13.5302,-9.6748,-22.3260,25.6855,14.6153
2019-10-28,15.6425,13.5458,-9.8064,-22.5325,25.7110,14.5695
2019-10-29,15.5850,13.5222,-9.8384,-22.5180,25.6967,14.5287
2019-10-30,15.4664,13.5876,-10.3439,-22.3650,25.7093,14.5020
2019-10-31,15.2655,13.6797,-11.2831,-21.5943,25.7078,14.4475
2019-11-01,15.0353,13.7075,-12.3033,-21.2257,25.7099,14.3459
2019-11-02,14.9193,13.7263,-12.9749,-21.1270,25.7295,14.2970
2019-11-03,14.8716,13.7708,-13.2799,-21.0571,25.7661,14.2954
2019-11-04,14.7046,13.8810,-14.0707,-20.9897,25.8309,14.2669
2019-11-05,14.5224,13.9309,-14.4307,-20.8974,25.8260,14.2005
2019-11-06,14.3512,13.9677,-14.5595,-20.7094,25.7875,14.1331
2019-11-07,14.1122,13.9910,-15.0739,-20.5685,25.7895,14.0249
2019-11-08,13.9466,13.9731,-15.5156,-20.4794,25.7965,13.9330
2019-11-09,13.7600,13.9674,-15.3190,-20.3116,25.7437,13.8371
2019-11-10,13.5637,14.0087,-15.1543,-20.1528,25.6620,13.7592
2019-11-11,13.4117,14.1001,-14.7138,-20.1021,25.6426,13.7291
2019-11-12,13.1598,14.1035,-14.6645,-20.1226,25.6072,13.6047
2019-11-13,13.0179,14.1561,-14.5705,-19.9944,25.5723,13.5600
2019-11-14,12.9663,14.3064,-13.7181,-19.4112,25.5688,13.6095
2019-11-15,13.0353,14.4460,-12.7927,-18.8878,25.6109,13.7139
2019-11-16,13.0985,14.4801,-12.8244,-18.5365,25.6312,13.7625
2019-11-17,12.9314,14.5380,-13.6951,-18.3990,25.6303,13.7078
2019-11-18,12.8820,14.5828,-13.5577,-18.3979,25.5890,13.7057
2019-11-19,12.8069,14.6731,-13.1959,-18.0763,25.5864,13.7134
2019-11-20,12.6452,14.7294,-13.7292,-17.4790,25.5892,13.6604
2019-11-21,12.5109,14.7381,-14.8749,-16.9035,25.5599,13.5977
2019-11-22,12.5221,14.7642,-15.5794,-16.4122,25.5621,13.6161
2019-11-23,12.5754,14.7982,-16.0972,-15.8329,25.5562,13.6600
2019-11-24,12.3633,14.8910,-16.4700,-15.4575,25.5923,13.6003
2019-11-25,12.1762,14.9259,-16.7103,-15.3085,25.6145,13.5238
2019-11-26,12.2186,14.9177,-16.8013,-15.2816,25.6640,13.5408
2019-11-27,12.0804,14.9611,-17.2977,-15.1767,25.6356,13.4931
2019-11-28,11.8523,15.0721,-18.0958,-14.9072,25.6105,13.4345
2019-11-29,11.8133,15.1970,-18.3917,-14.3888,25.6615,13.4774
2019-11-30,11.7427,15.2260,-18.6379,-13.7153,25.6646,13.4565
2019-12-01,11.5274,15.2096,-19.0534,-13.8141,25.6009,13.3405
2019-12-02,11.3529,15.2322,-18.8590,-13.8427,25.5729,13.2644
2019-12-03,11.2467,15.2891,-18.7305,-13.5374,25.5842,13.2395
2019-12-04,11.2606,15.3359,-18.5254,-13.3545,25.4977,13.2699
2019-12-05,11.2074,15.4368,-18.5980,-13.0348,25.4372,13.2939
2019-12-06,11.1599,15.5493,-19.2633,-12.6511,25.4347,13.3269
2019-12-07,11.1557,15.6409,-19.9414,-12.3993,25.4721,13.3708
2019-12-08,11.1284,15.6651,-20.3814,-12.2907,25.4759,13.3689
2019-12-09,11.1822,15.6447,-19.9455,-12.2786,25.4182,13.3861
2019-12-10,11.1029,15.6883,-19.3877,-12.2028,25.3746,13.3685
2019-12-11,10.9493,15.7440,-18.9686,-12.2857,25.3687,13.3196
2019-12-12,10.8426,15.7525,-18.8758,-12.4040,25.3938,13.2701
2019-12-13,10.7902,15.7230,-19.1553,-12.5062,25.3696,13.2291
2019-12-14,10.8883,15.7559,-19.1169,-12.5000,25.3781,13.2947
2019-12-15,10.8848,15.8332,-19.0950,-12.4355,25.4225,13.3317
2019-12-16,10.7697,15.8925,-19.2304,-12.3743,25.4603,13.3038
2019-12-17,10.5325,15.9456,-19.7737,-12.2933,25.4483,13.2112
2019-12-18,10.2382,16.0435,-20.5653,-12.2984,25.4295,13.1127
2019-12-19,10.1196,16.0911,-20.8688,-12.3824,25.4282,13.0770
2019-12-20,10.1944,16.1044,-20.8251,-12.4696,25.4634,13.1211
2019-12-21,10.2428,16.0725,-20.5759,-12.3969,25.4414,13.1294
2019-12-22,10.1921,16.1200,-21.0176,-12.2717,25.4419,13.1279
2019-12-23,10.1799,16.2109,-21.5210,-12.1045,25.4704,13.1671
2019-12-24,10.1457,16.3144,-22.0106,-11.8415,25.5273,13.2016
2019-12-25,10.0181,16.3468,-22.6518,-11.6650,25.5507,13.1538
2019-12-26,9.8043,16.3871,-23.1053,-11.6105,25.4948,13.0669
2019-12-27,9.6931,16.4808,-22.8706,-11.5264,25.4606,13.0580
2019-12-28,9.6649,16.4108,-22.5008,-11.7651,25.3763,13.0087
2019-12-29,9.6414,16.4027,-22.1932,-11.9253,25.3717,12.9929
2019-12-30,9.5476,16.4202,-22.5699,-11.8547,25.3970,12.9548
2019-12-31,9.6190,16.4078,-22.9146,-11.7713,25.3639,12.9843
2020-01-01,9.8190,16.4501,-22.9831,-11.5913,25.3039,13.1057
2020-01-02,9.9737,16.4774,-22.6641,-11.5152,25.2301,13.1968
2020-01-03,9.9838,16.4229,-22.8756,-11.6618,25.1828,13.1747
2020-01-04,10.0047,16.3573,-22.8673,-11.8159,25.1725,13.1522
2020-01-05,9.8450,16.3296,-22.3932,-11.8351,25.1419,13.0583
2020-01-06,9.7117,16.3989,-21.6564,-11.8748,25.1984,13.0262
2020-01-07,9.6956,16.4245,-20.9445,-12.0875,25.2748,13.0309
2020-01-08,9.5439,16.4581,-20.9003,-12.1537,25.3219,12.9715
2020-01-09,9.4876,16.4710,-21.3736,-12.2233,25.3235,12.9501
2020-01-10,9.3867,16.4486,-21.4787,-12.1764,25.3058,12.8886
2020-01-11,9.3430,16.4504,-21.0849,-12.0823,25.2494,12.8672
2020-01-12,9.2997,16.5620,-21.0918,-11.9949,25.2452,12.9015
2020-01-13,9.3074,16.6264,-21.3595,-12.0288,25.2742,12.9378
2020-01-14,9.3450,16.6617,-21.7122,-12.1558,25.3603,12.9741
2020-01-15,9.3703,16.6740,-21.5710,-12.3782,25.4337,12.9928
2020-01-16,9.4049,16.6691,-20.8759,-12.5420,25.5084,13.0077
2020-01-17,9.4103,16.6719,-20.6534,-12.6596,25.5158,13.0117
2020-01-18,9.3654,16.6802,-20.8874,-12.5904,25.4934,12.9935
2020-01-19,9.2344,16.6971,-21.5343,-12.4117,25.4468,12.9362
2020-01-20,9.1336,16.7000,-22.5945,-12.3836,25.4389,12.8872
2020-01-21,9.2380,16.6929,-23.1967,-12.5752,25.4431,12.9356
2020-01-22,9.3910,16.7075,-23.7342,-12.5426,25.4363,13.0193
2020-01-23,9.4679,16.7127,-24.1505,-12.5762,25.4435,13.0603
2020-01-24,9.4020,16.7625,-24.3812,-12.4603,25.4268,13.0524
2020-01-25,9.4457,16.8677,-24.6579,-12.4510,25.4737,13.1272
2020-01-26,9.5243,16.8535,-24.6988,-12.8408,25.4505,13.1596
2020-01-27,9.5362,16.8396,-24.8172,-13.2319,25.4680,13.1586
2020-01-28,9.5086,16.8145,-24.4682,-13.6121,25.4664,13.1323
2020-01-29,9.4228,16.7589,-24.0762,-14.0566,25.4564,13.0612
2020-01-30,9.3522,16.6836,-24.3953,-14.5184,25.4231,12.9882
2020-01-31,9.3356,16.6394,-24.7432,-14.7995,25.4104,12.9580
2020-02-01,9.3711,16.6384,-25.3272,-14.6354,25.4262,12.9752
2020-02-02,9.4167,16.6523,-25.6807,-14.4604,25.4451,13.0051
2020-02-03,9.4583,16.6340,-25.4835,-14.7734,25.4370,13.0166
2020-02-04,9.4644,16.6122,-25.0709,-15.0264,25.4173,13.0089
2020-02-05,9.4101,16.6157,-24.9131,-15.0619,25.4765,12.9833
2020-02-06,9.4471,16.6429,-23.9634,-15.1504,25.5873,13.0153
2020-02-07,9.5797,16.6604,-23.1366,-14.7587,25.6058,13.0905
2020-02-08,9.6515,16.7245,-23.0201,-14.0474,25.6009,13.1584
2020-02-09,9.7150,16.7252,-23.1949,-14.3177,25.6140,13.1905
2020-02-10,9.7997,16.7132,-23.5921,-14.5641,25.6216,13.2269
2020-02-11,9.8914,16.6817,-23.8791,-15.3179,25.5786,13.2571
2020-02-12,9.8489,16.6682,-23.2897,-16.0277,25.5626,13.2289
2020-02-13,9.8639,16.6581,-22.5096,-16.5634,25.5667,13.2316
2020-02-14,9.9390,16.6554,-21.8390,-17.0535,25.7037,13.2678
2020-02-15,10.0497,16.6359,-21.2441,-17.6526,25.8276,13.3136
2020-02-16,10.3445,16.5849,-20.8155,-18.0817,25.8556,13.4356
2020-02-17,10.5114,16.5541,-20.7869,-18.0995,25.8561,13.5041
2020-02-18,10.5207,16.5324,-20.7405,-17.7384,25.8287,13.4980
2020-02-19,10.5610,16.4333,-20.4520,-17.7068,25.7996,13.4682
2020-02-20,10.5411,16.4203,-20.4311,-17.5676,25.7843,13.4515
2020-02-21,10.6770,16.4180,-20.6568,-17.7080,25.8520,13.5184
2020-02-22,10.9328,16.3508,-20.6518,-17.8628,25.8811,13.6127
2020-02-23,11.0990,16.3314,-20.5697,-18.3138,25.8850,13.6861
2020-02-24,11.1229,16.3187,-20.6559,-18.9464,25.8337,13.6921
2020-02-25,11.0508,16.3036,-20.6119,-19.5949,25.7897,13.6483
2020-02-26,10.9033,16.2291,-20.9897,-19.9769,25.7965,13.5372
2020-02-27,10.8460,16.1601,-21.5038,-20.4246,25.8516,13.4736
2020-02-28,10.9383,16.1031,-22.0324,-20.7194,25.9137,13.4912
2020-02-29,11.0407,16.1030,-22.5564,-20.7964,25.9402,13.5425
2020-03-01,11.1876,16.1316,-22.4856,-20.7165,25.9786,13.6306
2020-03-02,11.3526,16.0985,-21.6902,-20.4770,25.9753,13.6969
2020-03-03,11.4654,16.0895,-21.7388,-20.6173,26.0083,13.7487
2020-03-04,11.4586,16.0778,-22.5087,-20.9606,26.0547,13.7392
2020-03-05,11.3492,16.0405,-23.4099,-21.6170,26.1052,13.6657
2020-03-06,11.1745,15.9917,-23.8579,-22.0047,26.0755,13.5538
2020-03-07,11.0757,15.9702,-24.0439,-22.2152,26.0648,13.4936
2020-03-08,11.0963,15.9978,-24.0738,-22.4139,26.1420,13.5178
2020-03-09,11.1312,15.9745,-24.3500,-22.8731,26.1809,13.5235
2020-03-10,11.3232,15.9954,-24.3391,-23.0508,26.2320,13.6299
2020-03-11,11.5652,15.9596,-24.0291,-23.3005,26.2201,13.7331
2020-03-12,11.6660,15.9168,-23.6517,-23.4996,26.1160,13.7625
2020-03-13,11.6832,15.8866,-21.8565,-24.0669,26.0905,13.7559
2020-03-14,11.8483,15.8177,-20.4051,-24.2730,26.1274,13.8040
2020-03-15,11.9797,15.7582,-20.3929,-24.6947,26.1697,13.8401
2020-03-16,12.0964,15.6686,-20.6489,-25.2300,26.1604,13.8539
2020-03-17,12.3536,15.5898,-20.2616,-25.5779,26.1705,13.9432
2020-03-18,12.5137,15.4830,-19.6090,-26.1137,26.1410,13.9703
2020-03-19,12.6229,15.4287,-18.9645,-26.4443,26.0982,13.9980
2020-03-20,12.6731,15.3449,-18.1671,-26.6411,26.0949,13.9812
2020-03-21,12.7213,15.2928,-17.4984,-27.0218,26.1000,13.9792
2020-03-22,12.7732,15.3170,-17.6672,-27.2233,26.1626,14.0170
2020-03-23,12.8711,15.3587,-17.6437,-26.8907,26.1851,14.0870
2020-03-24,12.8942,15.3353,-17.4302,-26.8003,26.1938,14.0869
2020-03-25,12.8934,15.3428,-17.7527,-26.1671,26.2438,14.0903
2020-03-26,12.9688,15.3474,-18.2765,-25.6782,26.2722,14.1301
2020-03-27,13.1268,15.3656,-18.3846,-25.1854,26.3211,14.2183
2020-03-28,13.2208,15.4597,-18.0075,-24.3480,26.3491,14.3125
2020-03-29,13.2535,15.4511,-17.6072,-24.1288,26.3658,14.3247
2020-03-30,13.2856,15.4665,-17.4415,-23.7455,26.4021,14.3486
2020-03-31,13.3797,15.3983,-17.6380,-24.4003,26.5012,14.3614
2020-04-01,13.4893,15.3646,-17.3666,-24.7507,26.5722,14.3996
2020-04-02,13.6396,15.2542,-16.6490,-25.4173,26.6053,14.4193
2020-04-03,13.7758,15.0586,-16.2245,-26.2259,26.5543,14.3898
2020-04-04,13.9172,14.9643,-15.1245,-26.5457,26.5128,14.4131
2020-04-05,14.1517,14.9321,-14.0642,-26.9108,26.5158,14.5146
2020-04-06,14.3202,14.9144,-13.5639,-26.5684,26.5089,14.5900
2020-04-07,14.4497,14.8148,-13.5182,-26.5055,26.5237,14.6050
2020-04-08,14.5211,14.7476,-13.7669,-26.9380,26.4817,14.6071
2020-04-09,14.5746,14.7115,-13.3840,-27.3551,26.3611,14.6158
2020-04-10,14.6061,14.6827,-13.1554,-27.9640,26.3195,14.6172
2020-04-11,14.6567,14.6558,-13.3467,-28.3940,26.3321,14.6292
2020-04-12,14.7097,14.7018,-13.0058,-27.7048,26.3598,14.6790
2020-04-13,14.7016,14.8209,-12.5197,-26.4993,26.3803,14.7346
2020-04-14,14.7577,14.8141,-12.4284,-26.2398,26.3458,14.7590
2020-04-15,14.8250,14.8124,-12.5758,-25.7702,26.3239,14.7917
2020-04-16,14.9741,14.7487,-12.3911,-25.8102,26.3715,14.8349
2020-04-17,15.0497,14.7546,-11.7847,-25.5553,26.4028,14.8759
2020-04-18,15.1339,14.7397,-10.5373,-25.1750,26.3712,14.9108
2020-04-19,15.2217,14.6445,-9.3977,-26.1294,26.3490,14.9072
2020-04-20,15.3583,14.5961,-8.4841,-26.8937,26.3438,14.9513
2020-04-21,15.5388,14.6757,-7.9232,-26.1198,26.3770,15.0817
2020-04-22,15.6746,14.6877,-7.9963,-25.9629,26.4161,15.1559
2020-04-23,15.8276,14.6228,-7.9952,-26.6026,26.4513,15.2001
2020-04-24,15.9989,14.5983,-7.8146,-26.4507,26.4556,15.2734
2020-04-25,16.1330,14.5720,-7.9611,-26.0098,26.5045,15.3277
2020-04-26,16.2589,14.4560,-8.2417,-26.2905,26.4995,15.3327
2020-04-27,16.4100,14.3983,-8.4587,-26.1851,26.4690,15.3796
2020-04-28,16.6130,14.3461,-8.6861,-26.5330,26.5093,15.4553
2020-04-29,16.7857,14.2700,-8.9572,-26.5629,26.5749,15.5033
2020-04-30,16.8298,14.2265,-9.1116,-26.2264,26.4986,15.5036
2020-05-01,16.8154,14.1373,-9.1030,-26.2105,26.4317,15.4518
2020-05-02,16.9210,14.0535,-8.9121,-26.3712,26.4522,15.4630
2020-05-03,17.0125,14.0214,-8.7626,-26.7717,26.4850,15.4925
2020-05-04,16.9962,13.9670,-8.7090,-27.1620,26.4807,15.4568
2020-05-05,17.0418,13.8720,-8.6248,-27.7874,26.4787,15.4322
2020-05-06,17.1085,13.7624,-8.4355,-28.5645,26.4613,15.4107
2020-05-07,17.1155,13.6626,-8.2806,-28.7745,26.3801,15.3642
2020-05-08,17.1392,13.6554,-8.2255,-28.3881,26.3733,15.3727
2020-05-09,17.2119,13.7069,-7.4802,-27.9719,26.3768,15.4350
2020-05-10,17.3324,13.7214,-6.4154,-28.0863,26.3301,15.5028
2020-05-11,17.5024,13.7578,-5.4661,-28.1011,26.3117,15.6061
2020-05-12,17.6176,13.8574,-4.5482,-26.8486,26.3906,15.7136
2020-05-13,17.7298,13.7830,-3.6126,-27.0089,26.4195,15.7326
2020-05-14,17.9271,13.6476,-2.9422,-27.5524,26.4491,15.7634
2020-05-15,18.0885,13.5182,-2.3878,-28.4660,26.4216,15.7794
2020-05-16,18.2484,13.4294,-2.1061,-29.6592,26.4118,15.8149
2020-05-17,18.3828,13.2940,-2.1103,-30.6195,26.3493,15.8148
2020-05-18,18.4985,13.1356,-1.9734,-31.2819,26.3104,15.7937
2020-05-19,18.6160,13.0392,-2.0769,-31.1492,26.3329,15.8041
2020-05-20,18.6222,13.0504,-1.8472,-30.4058,26.3024,15.8127
2020-05-21,18.6409,13.1370,-1.3073,-29.4423,26.2872,15.8657
2020-05-22,18.7848,13.0562,-0.8202,-29.3002,26.2052,15.8976
2020-05-23,18.9258,12.9333,-0.4662,-29.8208,26.0827,15.9066
2020-05-24,18.9807,12.7441,-0.3961,-30.7933,25.9684,15.8393
2020-05-25,19.0010,12.6928,-0.6992,-30.6423,25.9431,15.8238
2020-05-26,19.0962,12.7272,-0.6872,-30.2592,25.9976,15.8888
2020-05-27,19.1716,12.7199,-0.4167,-30.0956,25.9669,15.9231
2020-05-28,19.2153,12.8286,-0.1885,-28.8748,26.0022,15.9993
2020-05-29,19.2226,12.9897,0.1108,-27.7522,26.0172,16.0839
2020-05-30,19.2724,13.0502,0.4278,-27.4579,26.0342,16.1393
2020-05-31,19.3555,13.0286,0.5882,-27.6424,26.0337,16.1701
2020-06-01,19.4595,12.9427,0.7501,-27.9912,26.0144,16.1793
2020-06-02,19.6067,12.7430,0.9143,-29.4021,25.9712,16.1531
2020-06-03,19.8108,12.5318,1.0605,-30.7443,25.9735,16.1495
2020-06-04,19.9385,12.4330,1.4786,-31.4962,25.9946,16.1639
2020-06-05,20.0023,12.3803,1.4957,-31.8753,25.9873,16.1695
2020-06-06,19.9797,12.3287,1.3470,-31.7570,25.9179,16.1326
2020-06-07,19.9487,12.2683,1.4125,-31.9567,25.9097,16.0867
2020-06-08,19.9550,12.2783,1.9028,-32.1211,25.9379,16.0951
2020-06-09,20.0348,12.3480,2.0269,-31.7732,25.9502,16.1699
2020-06-10,20.1329,12.3732,2.0002,-31.5469,25.8830,16.2319
2020-06-11,20.2167,12.3594,2.2417,-31.6863,25.8536,16.2671
2020-06-12,20.3416,12.2754,2.3829,-32.3924,25.8695,16.2876
2020-06-13,20.4464,12.0723,2.6958,-32.9522,25.8832,16.2384
2020-06-14,20.5466,11.8512,2.9522,-32.9907,25.8194,16.1778
2020-06-15,20.6422,11.8161,3.1203,-32.8738,25.7707,16.2085
2020-06-16,20.7554,11.9582,3.2311,-32.3202,25.8315,16.3363
2020-06-17,20.7705,12.0038,3.4538,-31.6523,25.7793,16.3667
2020-06-18,20.8046,12.0523,3.8759,-31.2524,25.7241,16.4081
2020-06-19,20.8778,12.2021,4.1713,-29.7519,25.7064,16.5199
2020-06-20,20.9294,12.2344,4.4431,-29.3922,25.7395,16.5620
2020-06-21,20.9390,12.2279,4.4610,-28.9775,25.7252,16.5634
2020-06-22,21.0410,12.0747,4.3877,-29.3751,25.6977,16.5378
2020-06-23,21.1868,11.9713,4.4930,-30.1000,25.6875,16.5590
2020-06-24,21.2411,11.9779,4.6438,-29.6604,25.6814,16.5895
2020-06-25,21.2097,11.9418,4.5322,-29.3965,25.6231,16.5556
2020-06-26,21.2277,11.8239,4.1643,-29.1746,25.5947,16.5056
2020-06-27,21.3098,11.8131,4.2637,-28.5006,25.5775,16.5412
2020-06-28,21.3066,11.7795,4.5664,-28.9996,25.5722,16.5227
2020-06-29,21.2874,11.7036,4.8618,-29.7735,25.5463,16.4751
2020-06-30,21.3524,11.7628,4.9562,-29.5488,25.5645,16.5376
2020-07-01,21.4597,11.7488,5.0014,-29.1585,25.5628,16.5844
2020-07-02,21.4992,11.6824,4.7884,-28.5920,25.5343,16.5709
2020-07-03,21.5190,11.5892,4.6981,-29.1126,25.4864,16.5341
2020-07-04,21.5406,11.5397,4.6108,-29.6408,25.4523,16.5203
2020-07-05,21.5751,11.4771,4.6141,-30.1900,25.4265,16.5064
2020-07-06,21.6139,11.3906,4.4831,-30.9460,25.4383,16.4825
2020-07-07,21.6886,11.3526,4.5492,-31.6890,25.4572,16.5009
2020-07-08,21.7306,11.2982,4.6415,-32.4168,25.4712,16.4945
2020-07-09,21.7768,11.2316,4.9582,-32.8600,25.4618,16.4843
2020-07-10,21.7549,11.3897,4.9340,-30.8740,25.4266,16.5529
2020-07-11,21.7937,11.6125,5.0065,-28.5632,25.4217,16.6840
2020-07-12,21.8139,11.5655,5.0761,-28.3694,25.3878,16.6703
2020-07-13,21.8327,11.4927,5.1137,-28.6773,25.3195,16.6435
2020-07-14,21.8664,11.4257,4.9309,-28.7335,25.3099,16.6268
2020-07-15,21.8686,11.4107,4.7413,-28.9433,25.2705,16.6205
2020-07-16,21.8045,11.4189,4.5744,-29.2688,25.2062,16.5924
2020-07-17,21.8520,11.3553,4.6102,-29.9545,25.2083,16.5843
2020-07-18,21.9216,11.3762,4.6736,-30.0473,25.2381,16.6298
2020-07-19,21.9383,11.3535,4.9044,-30.7096,25.2343,16.6265
2020-07-20,21.9557,11.2671,5.3295,-31.4586,25.2446,16.5922
2020-07-21,21.9386,11.2011,5.5255,-31.9611,25.2469,16.5506
2020-07-22,21.9334,11.1811,5.7374,-31.5881,25.2365,16.5380
2020-07-23,21.9161,11.1909,5.7156,-30.7580,25.2104,16.5342
2020-07-24,21.9448,11.2055,5.9011,-30.2757,25.1911,16.5561
2020-07-25,22.0036,11.1466,5.9137,-30.6171,25.1361,16.5562
2020-07-26,22.0650,11.0414,5.7250,-32.1973,25.0979,16.5342
2020-07-27,22.1086,10.9976,5.4403,-33.2738,25.1425,16.5340
2020-07-28,22.0519,10.9339,5.2994,-33.7076,25.1492,16.4737
2020-07-29,22.0700,10.8864,5.2398,-34.1516,25.1858,16.4588
2020-07-30,22.1303,10.8002,5.2754,-35.2051,25.2350,16.4456
2020-07-31,22.1965,10.8363,5.4203,-35.2166,25.2645,16.4970
2020-08-01,22.2451,10.8840,5.5541,-34.9539,25.2871,16.5453
2020-08-02,22.2451,10.9729,5.5629,-34.2017,25.2712,16.5900
2020-08-03,22.1750,11.0059,5.5335,-34.5182,25.2498,16.5714
2020-08-04,22.0779,11.0274,5.4148,-34.5955,25.2262,16.5336
2020-08-05,22.1489,10.9964,5.4493,-34.4362,25.2411,16.5537
2020-08-06,22.2358,10.9518,5.4707,-34.3800,25.2209,16.5748
2020-08-07,22.2326,10.8359,5.2856,-34.5484,25.1966,16.5150
2020-08-08,22.1780,10.8125,4.9444,-34.1593,25.1868,16.4759
2020-08-09,22.1274,10.8451,4.5719,-33.2169,25.1863,16.4668
2020-08-10,22.0764,10.9552,4.3589,-32.2455,25.2226,16.4964
2020-08-11,21.9690,11.0925,4.1946,-30.9344,25.2793,16.5113
2020-08-12,21.8681,11.1299,4.0835,-30.4952,25.2189,16.4796
2020-08-13,21.8170,11.1880,4.1478,-30.6557,25.2419,16.4833
2020-08-14,21.8181,11.1272,4.2203,-31.6126,25.3348,16.4532
2020-08-15,21.7680,11.0592,4.1495,-32.9071,25.3191,16.3940
2020-08-16,21.7521,10.9558,4.1750,-33.7024,25.2893,16.3343
2020-08-17,21.7665,11.0284,4.2961,-33.3512,25.3629,16.3779
2020-08-18,21.7491,11.0177,4.4000,-33.8682,25.4001,16.3637
2020-08-19,21.7310,10.9383,4.4263,-34.0954,25.3753,16.3148
2020-08-20,21.7563,10.8046,4.2779,-34.3228,25.3116,16.2605
2020-08-21,21.7456,10.7565,4.1528,-34.2422,25.1963,16.2312
2020-08-22,21.6973,10.7519,4.1014,-33.8497,25.1226,16.2054
2020-08-23,21.6146,10.8765,4.1039,-33.0388,25.1453,16.2267
2020-08-24,21.5607,11.1003,4.0191,-32.2532,25.2254,16.3120
2020-08-25,21.5251,11.1569,3.8937,-32.9109,25.2914,16.3221
2020-08-26,21.4753,11.0960,3.7577,-33.9047,25.3828,16.2665
2020-08-27,21.4351,11.0370,3.5597,-34.1967,25.4356,16.2166
2020-08-28,21.4006,11.0486,3.4555,-34.3300,25.4489,16.2051
2020-08-29,21.3013,11.0962,3.2132,-34.1685,25.4635,16.1792
2020-08-30,21.1865,11.1202,2.8508,-32.4980,25.4254,16.1336
2020-08-31,21.0801,11.2142,2.4237,-31.0094,25.3529,16.1273
2020-09-01,21.1001,11.3854,2.2276,-29.4427,25.3405,16.2235
2020-09-02,21.0977,11.4337,2.1843,-28.6464,25.2993,16.2465
2020-09-03,21.0310,11.5466,2.2008,-28.4810,25.3314,16.2694
2020-09-04,20.9693,11.6590,2.0112,-28.5745,25.3989,16.2948
2020-09-05,20.8755,11.6813,1.9133,-29.0290,25.4440,16.2590
2020-09-06,20.7728,11.6019,1.7356,-29.9062,25.3997,16.1679
2020-09-07,20.6500,11.5466,1.6058,-30.4007,25.3604,16.0787
2020-09-08,20.5188,11.5619,1.4052,-30.7369,25.3755,16.0206
2020-09-09,20.4370,11.6440,1.1579,-30.6476,25.4217,16.0208
2020-09-10,20.3566,11.7210,0.8961,-30.7342,25.4836,16.0191
2020-09-11,20.3156,11.7278,0.9044,-31.5724,25.5073,16.0018
2020-09-12,20.3145,11.6781,0.8075,-32.1582,25.5463,15.9759
2020-09-13,20.2792,11.6331,0.5223,-32.2281,25.5500,15.9358
2020-09-14,20.2596,11.6023,0.3013,-31.9839,25.5370,15.9107
2020-09-15,20.2210,11.6976,0.2722,-31.1834,25.5515,15.9390
2020-09-16,20.1126,11.8113,0.4463,-30.3006,25.5606,15.9416
2020-09-17,19.9893,11.8591,0.3959,-29.8896,25.5762,15.9037
2020-09-18,19.8743,11.8338,0.1449,-29.7351,25.5333,15.8333
2020-09-19,19.7873,11.8849,-0.3520,-29.4523,25.5842,15.8155
2020-09-20,19.6311,11.9076,-0.8695,-28.7852,25.5724,15.7484
2020-09-21,19.5399,11.8736,-1.0799,-28.2127,25.5177,15.6857
2020-09-22,19.5595,11.8171,-1.1179,-28.6741,25.5279,15.6671
2020-09-23,19.5177,11.8298,-1.3804,-29.2432,25.5193,15.6528
2020-09-24,19.4940,11.9070,-1.5888,-29.4783,25.5485,15.6796
2020-09-25,19.4537,11.9421,-1.2895,-30.0088,25.5878,15.6772
2020-09-26,19.3284,11.9415,-1.4202,-30.2075,25.5960,15.6140
2020-09-27,19.1664,11.9258,-1.6914,-29.8272,25.5855,15.5250
2020-09-28,19.0192,11.9169,-1.7842,-29.6263,25.5687,15.4466
2020-09-29,18.9223,11.9511,-1.7502,-29.4449,25.6076,15.4151
2020-09-30,18.8042,12.0919,-1.7697,-28.6455,25.6195,15.4265
2020-10-01,18.7329,12.2427,-1.6115,-27.6340,25.6409,15.4664
2020-10-02,18.7027,12.3450,-1.4757,-27.0906,25.6591,15.5024
2020-10-03,18.5946,12.3385,-1.6917,-27.0646,25.6543,15.4446
2020-10-04,18.4536,12.2544,-1.9498,-27.2999,25.6164,15.3319
2020-10-05,18.3783,12.1931,-2.2863,-27.9393,25.6182,15.2634
2020-10-06,18.2811,12.1523,-2.5475,-28.5940,25.5643,15.1943
2020-10-07,18.2083,12.2538,-2.7407,-28.7658,25.5667,15.2086
2020-10-08,18.0882,12.3664,-3.0470,-28.5429,25.5977,15.2051
2020-10-09,17.9714,12.5017,-3.3973,-28.3801,25.6487,15.2143
2020-10-10,17.8573,12.5229,-3.7969,-28.6472,25.7006,15.1677
2020-10-11,17.7152,12.4422,-4.2454,-29.2158,25.6321,15.0558
2020-10-12,17.5627,12.4272,-4.7718,-29.3028,25.6216,14.9720
2020-10-13,17.4423,12.5035,-4.8306,-29.2783,25.6161,14.9496
2020-10-14,17.3853,12.5573,-4.8024,-29.2955,25.6466,14.9480
2020-10-15,17.3025,12.4528,-4.6293,-29.2966,25.6054,14.8542
2020-10-16,17.1688,12.4688,-4.6410,-29.3843,25.6124,14.7951
2020-10-17,16.9850,12.5476,-4.8311,-29.4378,25.6114,14.7426
2020-10-18,16.8065,12.6509,-5.4464,-28.7919,25.6138,14.7048
2020-10-19,16.7509,12.7208,-5.9007,-28.3649,25.6390,14.7120
2020-10-20,16.6702,12.7819,-6.3038,-27.5371,25.6683,14.7022
2020-10-21,16.5859,12.7994,-6.6983,-26.8869,25.6686,14.6688
2020-10-22,16.4719,12.8608,-7.1184,-26.3267,25.6397,14.6425
2020-10-23,16.2036,12.8714,-7.5806,-25.9502,25.5707,14.5132
2020-10-24,16.0228,12.9229,-8.0771,-25.6195,25.5290,14.4485
2020-10-25,15.8676,12.9599,-8.7548,-25.7359,25.5065,14.3894
2020-10-26,15.6044,13.0088,-9.5665,-24.9554,25.5014,14.2821
2020-10-27,15.3839,13.1459,-10.1368,-23.8514,25.4942,14.2403
2020-10-28,15.2571,13.3085,-10.7349,-22.5399,25.5311,14.2582
2020-10-29,15.2457,13.3102,-11.1853,-22.2315,25.4956,14.2535
2020-10-30,15.1737,13.2588,-10.9505,-22.9356,25.4277,14.1919
2020-10-31,15.0975,13.2886,-10.8327,-23.1177,25.3979,14.1686
2020-11-01,15.0093,13.3772,-10.8615,-23.1230,25.4053,14.1689
2020-11-02,14.9317,13.4708,-10.8053,-22.9181,25.4142,14.1770
2020-11-03,14.8594,13.5370,-11.3140,-22.8386,25.4302,14.1738
2020-11-04,14.7879,13.5693,-11.7502,-22.5860,25.4416,14.1541
2020-11-05,14.8154,13.6127,-11.5580,-22.2981,25.4704,14.1898
2020-11-06,14.8647,13.6740,-11.6208,-22.0552,25.4687,14.2450
2020-11-07,14.7989,13.7692,-11.9993,-21.8214,25.4832,14.2599
2020-11-08,14.5670,13.8734,-12.3571,-21.3488,25.4825,14.1960
2020-11-09,14.4310,13.8941,-12.3263,-20.8315,25.3857,14.1383
2020-11-10,14.3376,13.9363,-12.1754,-20.3700,25.3514,14.1124
2020-11-11,14.2383,14.0025,-11.9572,-19.6481,25.3508,14.0956
2020-11-12,14.0991,14.1068,-12.4510,-18.5600,25.3461,14.0781
2020-11-13,13.9080,14.2294,-13.3217,-17.8075,25.3826,14.0437
2020-11-14,13.7530,14.3322,-13.3963,-17.1749,25.4024,14.0177
2020-11-15,13.6143,14.3963,-12.8971,-16.6333,25.3896,13.9803
2020-11-16,13.4302,14.4892,-12.2032,-16.0078,25.3738,13.9348
2020-11-17,13.2369,14.5642,-11.6425,-15.8205,25.3540,13.8753
2020-11-18,13.1390,14.5661,-11.6487,-16.1112,25.3467,13.8269
2020-11-19,13.0776,14.5780,-11.5511,-16.1453,25.3134,13.8025
2020-11-20,12.9986,14.6286,-11.8889,-15.7997,25.2900,13.7881
2020-11-21,12.8866,14.6764,-11.8265,-15.6414,25.2917,13.7561
2020-11-22,12.7355,14.7112,-12.3171,-15.8738,25.3118,13.6978
2020-11-23,12.5863,14.7719,-12.9814,-15.8911,25.3368,13.6535
2020-11-24,12.4915,14.8774,-13.5557,-15.6063,25.3656,13.6589
2020-11-25,12.4567,14.9344,-13.6285,-15.4430,25.3696,13.6700
2020-11-26,12.4599,14.9310,-13.5444,-15.2768,25.3208,13.6699
2020-11-27,12.3451,14.9834,-13.7137,-15.1839,25.2655,13.6387
2020-11-28,12.0708,14.9763,-14.0118,-15.2429,25.2302,13.4979
2020-11-29,11.8492,14.9906,-14.3070,-15.4912,25.2463,13.3939
2020-11-30,11.7222,14.9949,-14.6322,-15.6539,25.2757,13.3320
2020-12-01,11.6293,15.0048,-15.1120,-15.5009,25.2580,13.2901
2020-12-02,11.6343,15.0554,-15.1034,-15.1883,25.2645,13.3181
2020-12-03,11.6616,15.0872,-14.9928,-14.9518,25.2399,13.3475
2020-12-04,11.6633,15.0841,-15.3067,-15.0027,25.2398,13.3468
2020-12-05,11.6202,15.0466,-15.7397,-14.8039,25.2507,13.3065
2020-12-06,11.5171,15.1101,-16.5711,-14.4142,25.2377,13.2866
2020-12-07,11.3706,15.1780,-17.7230,-14.0607,25.2095,13.2473
2020-12-08,11.2670,15.2398,-18.6101,-13.6477,25.1943,13.2265
2020-12-09,11.1728,15.3014,-19.0043,-13.3748,25.1618,13.2101
2020-12-10,10.9936,15.3279,-19.4557,-13.3662,25.1629,13.1336
2020-12-11,10.7668,15.3356,-19.2620,-13.1903,25.1687,13.0236
2020-12-12,10.5998,15.3664,-18.9518,-12.9623,25.1553,12.9557
2020-12-13,10.3615,15.3726,-18.7374,-13.0433,25.1336,12.8395
2020-12-14,10.1523,15.4270,-19.4071,-12.7777,25.1157,12.7618
2020-12-15,10.0358,15.5134,-19.8511,-12.6942,25.0981,12.7469
2020-12-16,9.9930,15.6232,-20.4066,-12.5609,25.0892,12.7806
2020-12-17,9.9837,15.6930,-21.0997,-12.4450,25.0737,12.8107
2020-12-18,9.9031,15.7010,-21.6961,-12.4717,25.0347,12.7745
2020-12-19,9.7840,15.6867,-22.5713,-12.6620,25.0246,12.7076
2020-12-20,9.7946,15.6211,-23.3360,-12.6654,24.9777,12.6798
2020-12-21,9.8335,15.5823,-23.4416,-12.6721,24.9520,12.6797
2020-12-22,9.7901,15.6251,-23.4134,-12.8115,24.9788,12.6791
2020-12-23,9.6753,15.7117,-22.4501,-12.7644,25.0111,12.6651
2020-12-24,9.6218,15.7682,-21.0319,-12.6340,25.0468,12.6667
2020-12-25,9.4632,15.8111,-20.3659,-12.7444,24.9830,12.6088
2020-12-26,9.3302,15.8947,-19.9496,-12.6695,24.9208,12.5840
2020-12-27,9.4017,15.8934,-19.8099,-12.6403,24.9592,12.6190
2020-12-28,9.4919,15.8754,-19.4129,-12.6460,24.9818,12.6553
2020-12-29,9.5151,15.8843,-19.3774,-12.9120,25.0026,12.6715
2020-12-30,9.4266,15.9451,-19.7386,-13.1150,24.9884,12.6578
2020-12-31,9.3852,15.9249,-19.4953,-13.4567,24.9263,12.6269
2021-01-01,9.3383,15.9245,-18.6976,-13.8322,24.9125,12.6035
2021-01-02,9.3614,15.9347,-18.7548,-13.7548,24.9916,12.6200
2021-01-03,9.4514,15.9480,-19.1079,-13.8298,25.0528,12.6717
2021-01-04,9.5151,15.9231,-18.9343,-13.9000,25.0761,12.6912
2021-01-05,9.4858,15.9626,-19.1600,-13.8732,25.1451,12.6960
2021-01-06,9.4739,16.0303,-19.2050,-13.8007,25.2100,12.7239
2021-01-07,9.4938,16.0804,-19.3694,-13.9323,25.2105,12.7589
2021-01-08,9.4214,16.1363,-19.9142,-14.1376,25.1584,12.7508
2021-01-09,9.4155,16.1626,-20.1031,-14.2191,25.0649,12.7612
2021-01-10,9.4078,16.1793,-20.2889,-14.3249,25.0073,12.7656
2021-01-11,9.2968,16.1871,-19.9465,-14.4054,24.9864,12.7137
2021-01-12,9.3152,16.1732,-20.3593,-14.6213,24.9916,12.7160
2021-01-13,9.3741,16.1864,-20.9639,-14.7238,25.0174,12.7521
2021-01-14,9.3954,16.1675,-21.4185,-14.7256,25.0188,12.7532
2021-01-15,9.3300,16.1460,-21.7522,-14.5727,25.0102,12.7097
2021-01-16,9.1887,16.1974,-21.7967,-13.8656,25.0308,12.6645
2021-01-17,9.0168,16.2638,-22.1399,-13.4283,25.0454,12.6116
2021-01-18,8.9323,16.2762,-22.6367,-13.2164,24.9503,12.5755
2021-01-19,8.9533,16.3347,-22.6283,-12.9808,24.9623,12.6153
2021-01-20,9.0840,16.3962,-22.2605,-13.1154,24.9992,12.7115
2021-01-21,9.1331,16.4017,-22.2872,-13.1082,24.9618,12.7390
2021-01-22,9.0546,16.4264,-22.1828,-12.6519,24.9026,12.7123
2021-01-23,9.0096,16.4862,-21.7880,-12.5539,24.9215,12.7198
2021-01-24,8.9649,16.4996,-22.5549,-12.4421,24.9436,12.7042
2021-01-25,8.9585,16.4830,-23.7154,-12.4346,25.0026,12.6927
2021-01-26,8.9375,16.4525,-24.6339,-12.6658,25.0253,12.6669
2021-01-27,8.9445,16.4816,-25.0467,-12.8880,25.1025,12.6848
2021-01-28,8.7953,16.4945,-25.9371,-12.8710,25.1376,12.6163
2021-01-29,8.8084,16.4579,-26.3824,-13.4523,25.1083,12.6041
2021-01-30,8.8822,16.3995,-26.0607,-13.9892,25.0722,12.6121
2021-01-31,8.9247,16.3782,-26.0355,-14.3302,25.1111,12.6226
2021-02-01,9.0627,16.3117,-25.3967,-14.9694,25.2055,12.6583
2021-02-02,9.2974,16.2536,-24.0720,-15.5664,25.2446,12.7467
2021-02-03,9.5569,16.2573,-23.8787,-15.8728,25.2597,12.8783
2021-02-04,9.6288,16.2673,-24.4452,-16.2457,25.2238,12.9194
2021-02-05,9.6965,16.2314,-24.3655,-16.6419,25.1901,12.9354
2021-02-06,9.6069,16.1885,-24.0201,-16.8697,25.1645,12.8691
2021-02-07,9.3618,16.1978,-24.0697,-17.0571,25.1902,12.7509
2021-02-08,9.2266,16.1813,-23.7723,-17.4039,25.1925,12.6747
2021-02-09,9.2602,16.1830,-23.4561,-17.4102,25.1711,12.6922
2021-02-10,9.3504,16.1811,-23.4765,-17.2733,25.2027,12.7364
2021-02-11,9.3691,16.1407,-23.5033,-17.4816,25.2471,12.7254
2021-02-12,9.3835,16.0971,-23.1791,-17.6712,25.2713,12.7108
2021-02-13,9.2757,16.1633,-23.1112,-17.5553,25.2889,12.6902
2021-02-14,9.2530,16.1890,-23.0064,-17.7775,25.3246,12.6916
2021-02-15,9.2175,16.1826,-22.9752,-18.0807,25.3912,12.6706
2021-02-16,9.1702,16.1232,-22.9365,-18.5530,25.3328,12.6171
2021-02-17,9.0763,16.1124,-23.3150,-19.0434,25.1639,12.5647
2021-02-18,9.1340,16.0825,-23.3693,-19.4504,25.0550,12.5790
2021-02-19,9.2563,16.0110,-23.4693,-19.8552,25.0382,12.6043
2021-02-20,9.5511,15.9818,-23.2391,-20.0943,25.0982,12.7374
2021-02-21,9.8134,15.9687,-22.6899,-20.4232,25.1899,12.8624
2021-02-22,10.0371,15.9589,-22.1537,-20.4147,25.2936,12.9697
2021-02-23,10.1260,15.9210,-21.5860,-20.5303,25.3491,12.9951
2021-02-24,10.1014,15.9233,-21.4775,-20.6530,25.3760,12.9840
2021-02-25,10.0634,15.9532,-22.0694,-20.6367,25.4087,12.9797
2021-02-26,10.0172,15.9261,-22.4847,-20.6767,25.4004,12.9429
2021-02-27,10.0124,15.9253,-22.3189,-21.2294,25.4693,12.9398
2021-02-28,10.0680,15.9588,-22.2683,-21.5129,25.5065,12.9845
2021-03-01,10.1489,15.9343,-23.1530,-21.8038,25.5836,13.0129
2021-03-02,10.3151,15.8754,-23.6417,-22.1214,25.6187,13.0666
2021-03-03,10.5678,15.8672,-23.8237,-21.8759,25.6457,13.1891
2021-03-04,10.8009,15.8990,-23.6949,-21.1898,25.6761,13.3219
2021-03-05,10.8620,15.9276,-23.5573,-20.7679,25.6994,13.3668
2021-03-06,10.9112,15.9562,-23.1339,-20.7366,25.7347,13.4059
2021-03-07,11.0738,15.9364,-22.7377,-20.6902,25.7257,13.4775
2021-03-08,11.2357,15.8589,-22.2440,-21.0617,25.6864,13.5197
2021-03-09,11.3458,15.7589,-21.7215,-22.0840,25.6979,13.5248
2021-03-10,11.3660,15.7460,-21.3673,-22.2975,25.7269,13.5284
2021-03-11,11.3524,15.7597,-21.7075,-22.3547,25.7883,13.5282
2021-03-12,11.4318,15.7600,-22.0857,-22.5513,25.7943,13.5682
2021-03-13,11.4840,15.6317,-21.6987,-22.7910,25.7190,13.5300
2021-03-14,11.5196,15.4739,-21.5542,-22.8784,25.6791,13.4688
2021-03-15,11.5531,15.4435,-21.7503,-23.2631,25.7383,13.4702
2021-03-16,11.6612,15.3579,-21.9705,-23.6988,25.7499,13.4821
2021-03-17,11.7670,15.2407,-21.8867,-24.4861,25.7287,13.4764
2021-03-18,11.9177,15.2283,-21.3092,-24.6264,25.7290,13.5455
2021-03-19,11.9636,15.3264,-21.5464,-24.0350,25.7616,13.6174
2021-03-20,12.0033,15.3229,-22.0501,-24.0069,25.7857,13.6355
2021-03-21,12.1063,15.2972,-21.9048,-23.6895,25.7941,13.6746
2021-03-22,12.1967,15.2913,-21.9535,-23.8780,25.7967,13.7171
2021-03-23,12.2541,15.2674,-21.5518,-24.1262,25.8565,13.7338
2021-03-24,12.4071,15.2572,-21.0693,-23.9235,25.8196,13.8052
2021-03-25,12.4925,15.3118,-20.5803,-23.0887,25.7765,13.8754
2021-03-26,12.5986,15.3571,-20.2177,-22.5078,25.7796,13.9512
2021-03-27,12.7169,15.3285,-20.2422,-22.5998,25.7801,13.9961
2021-03-28,12.8386,15.2852,-20.4075,-23.0216,25.7836,14.0354
2021-03-29,12.9279,15.2293,-20.0961,-23.3321,25.7985,14.0522
2021-03-30,12.9261,15.1354,-19.6730,-24.0401,25.8256,14.0040
2021-03-31,13.0071,14.9976,-19.3370,-25.1616,25.8621,13.9756
2021-04-01,13.0725,15.0315,-19.2124,-25.1727,25.9433,14.0250
2021-04-02,13.1562,15.0402,-19.3568,-25.4623,25.9885,14.0712
2021-04-03,13.2676,15.0130,-19.6730,-25.7204,26.0068,14.1133
2021-04-04,13.4643,15.0074,-18.9848,-25.8316,25.9990,14.2089
2021-04-05,13.7067,14.9338,-18.0565,-26.4677,25.9938,14.2935
2021-04-06,13.8723,14.8294,-17.6631,-27.4996,26.0127,14.3244
2021-04-07,14.0802,14.7205,-17.5900,-28.4014,26.0652,14.3737
2021-04-08,14.2253,14.6911,-16.9755,-28.7046,26.1227,14.4318
2021-04-09,14.2548,14.6305,-15.9606,-28.6636,26.1091,14.4162
2021-04-10,14.3341,14.5514,-14.7487,-28.8421,26.1135,14.4164
2021-04-11,14.3585,14.4546,-13.7025,-28.9211,26.0167,14.3804
2021-04-12,14.5318,14.3392,-12.9065,-29.2886,25.9544,14.4094
2021-04-13,14.6925,14.2891,-12.9705,-29.9297,25.9911,14.4650
2021-04-14,14.7054,14.3022,-13.4689,-29.7853,26.0193,14.4777
2021-04-15,14.7734,14.3234,-13.6948,-29.1273,26.0639,14.5221
2021-04-16,14.9271,14.2763,-12.7752,-29.2182,26.1012,14.5755
2021-04-17,15.0956,14.1356,-11.9185,-29.9630,26.0298,14.5896
2021-04-18,15.2613,14.0407,-10.9407,-30.4939,25.9846,14.6253
2021-04-19,15.3479,13.9972,-10.3327,-30.8716,26.0185,14.6469
2021-04-20,15.3686,13.9624,-10.4898,-31.5102,26.1052,14.6397
2021-04-21,15.4336,13.9590,-10.3913,-31.8755,26.1479,14.6706
2021-04-22,15.4916,13.9081,-9.9629,-31.7268,26.1346,14.6741
2021-04-23,15.5775,13.8807,-9.2622,-31.1510,26.1138,14.7035
2021-04-24,15.7733,13.9235,-8.3061,-29.7973,26.1263,14.8229
2021-04-25,15.8411,13.9131,-8.1441,-29.6986,26.0882,14.8517
2021-04-26,15.8896,13.8732,-8.0133,-29.8600,26.0594,14.8560
2021-04-27,15.9530,13.8146,-7.7486,-29.6758,26.0268,14.8585
2021-04-28,16.1957,13.7705,-7.3985,-30.0641,26.0253,14.9581
2021-04-29,16.4813,13.6734,-7.2008,-30.8839,25.9840,15.0524
2021-04-30,16.6657,13.6085,-7.0879,-30.9492,25.9745,15.1126
2021-05-01,16.7491,13.5842,-6.8755,-30.7226,26.0209,15.1422
2021-05-02,16.8065,13.6675,-6.4372,-29.8368,26.0056,15.2126
2021-05-03,16.7972,13.6304,-6.0373,-30.1186,25.9564,15.1896
2021-05-04,16.8559,13.5292,-6.0484,-29.9893,25.9950,15.1682
2021-05-05,16.8970,13.3773,-6.2284,-30.1829,25.9272,15.1127
2021-05-06,16.9914,13.2776,-6.2328,-31.2342,25.8506,15.1101
2021-05-07,17.1252,13.1472,-6.2967,-32.3601,25.8314,15.1118
2021-05-08,17.2239,13.0683,-6.3948,-33.2609,25.8790,15.1218
2021-05-09,17.2862,13.1084,-6.4912,-33.3071,25.9456,15.1730
2021-05-10,17.3596,13.1831,-6.6306,-32.6992,26.0392,15.2472
2021-05-11,17.4303,13.1329,-6.5848,-32.5536,26.0850,15.2575
2021-05-12,17.5673,13.0938,-6.3468,-32.6507,26.0739,15.3064
2021-05-13,17.7130,13.0336,-6.0902,-32.7296,26.0842,15.3492
2021-05-14,17.8626,12.9968,-5.6806,-32.1400,26.0939,15.4056
2021-05-15,17.9330,12.9850,-5.3395,-31.7993,26.0932,15.4351
2021-05-16,18.0769,12.9757,-5.0428,-31.2524,26.1070,15.5024
2021-05-17,18.2200,13.0718,-4.6720,-29.8325,26.1191,15.6224
2021-05-18,18.2419,13.1144,-4.2203,-29.2918,26.1153,15.6546
2021-05-19,18.2728,13.1241,-3.8508,-29.3302,26.1033,15.6749
2021-05-20,18.3453,13.1509,-3.6865,-29.2518,26.1191,15.7245
2021-05-21,18.3596,13.0876,-3.6590,-29.9305,26.1224,15.7000
2021-05-22,18.4089,13.0245,-3.3483,-30.0140,26.0951,15.6930
2021-05-23,18.5113,12.9207,-2.8902,-30.3779,26.0035,15.6924
2021-05-24,18.6767,12.8971,-2.2501,-30.1113,25.9224,15.7634
2021-05-25,18.8255,12.8697,-1.4382,-29.5302,25.9260,15.8245
2021-05-26,18.9267,12.8355,-0.5999,-29.2957,26.0012,15.8579
2021-05-27,19.0051,12.8904,-0.2361,-28.7296,26.0014,15.9248
2021-05-28,19.1162,12.9584,-0.3522,-27.6215,25.9942,16.0145
2021-05-29,19.2270,12.8681,-0.1642,-28.2916,26.0107,16.0248
2021-05-30,19.3596,12.6978,0.1072,-29.4890,26.0230,16.0057
2021-05-31,19.5029,12.6743,0.4030,-30.0289,26.0335,16.0657
2021-06-01,19.5894,12.6842,0.3366,-30.4727,26.0428,16.1142
2021-06-02,19.7578,12.6272,0.5599,-31.1325,26.0489,16.1701
2021-06-03,19.9159,12.5404,0.9067,-31.4848,26.0209,16.2060
2021-06-04,19.9802,12.4283,1.1189,-31.5949,25.9244,16.1820
2021-06-05,19.9855,12.2641,1.1817,-32.1758,25.8332,16.1024
2021-06-06,19.9447,12.0918,1.1133,-32.9905,25.7592,15.9959
2021-06-07,20.0098,12.0937,1.2880,-33.4108,25.7600,16.0295
2021-06-08,20.0975,12.0472,1.3965,-33.7086,25.7412,16.0501
2021-06-09,20.1705,11.8526,1.5914,-34.8234,25.6833,15.9891
2021-06-10,20.2242,11.7136,1.8516,-35.7423,25.6654,15.9465
2021-06-11,20.2613,11.6553,2.1551,-35.9279,25.6435,15.9359
2021-06-12,20.3378,11.6988,2.1964,-35.2756,25.6344,15.9962
2021-06-13,20.4354,11.7536,2.3666,-34.6223,25.6224,16.0726
2021-06-14,20.6005,11.8133,2.6433,-33.9085,25.6946,16.1852
2021-06-15,20.6517,11.8638,2.7408,-32.6088,25.6983,16.2363
2021-06-16,20.6089,11.8672,2.7809,-31.6824,25.6294,16.2166
2021-06-17,20.6701,11.7889,2.9706,-31.9672,25.5794,16.2081
2021-06-18,20.7741,11.7595,3.2392,-31.4657,25.5123,16.2455
2021-06-19,20.7784,11.6882,3.4085,-31.3579,25.4099,16.2119
2021-06-20,20.8238,11.6324,3.6809,-31.5523,25.3572,16.2068
2021-06-21,20.8895,11.6311,3.6508,-32.3242,25.3858,16.2391
2021-06-22,20.9149,11.5798,3.5301,-32.7210,25.3814,16.2262
2021-06-23,20.9925,11.5884,3.5812,-32.6364,25.3726,16.2695
2021-06-24,21.0746,11.6284,3.7401,-31.9072,25.3595,16.3307
2021-06-25,21.1672,11.6376,3.8168,-31.8403,25.3949,16.3816
2021-06-26,21.2864,11.5663,3.6236,-32.5772,25.4553,16.4056
2021-06-27,21.3975,11.4278,3.6845,-32.5700,25.3766,16.3918
2021-06-28,21.4908,11.3879,3.7985,-31.5565,25.3032,16.4190
2021-06-29,21.5390,11.4335,3.7462,-30.5640,25.2355,16.4662
2021-06-30,21.5150,11.3877,3.7286,-31.5382,25.2000,16.4313
2021-07-01,21.5238,11.3762,4.0296,-32.4832,25.2399,16.4298
2021-07-02,21.5963,11.4478,4.2413,-32.6569,25.3261,16.5020
2021-07-03,21.6856,11.5407,4.0597,-31.2996,25.3666,16.5933
2021-07-04,21.7144,11.5699,3.9595,-30.4336,25.3509,16.6223
2021-07-05,21.7256,11.5050,4.0730,-31.1896,25.2913,16.5957
2021-07-06,21.7393,11.4939,4.1889,-31.4864,25.3064,16.5969
2021-07-07,21.7818,11.4690,4.4409,-31.1758,25.3137,16.6054
2021-07-08,21.7590,11.4950,4.4113,-30.1369,25.2968,16.6074
2021-07-09,21.7227,11.4974,4.2237,-30.4064,25.2952,16.5902
2021-07-10,21.6991,11.4340,4.1119,-31.4397,25.2984,16.5468
2021-07-11,21.7326,11.3805,4.1165,-32.0134,25.2781,16.5368
2021-07-12,21.7804,11.4207,4.1459,-32.5755,25.3376,16.5808
2021-07-13,21.8368,11.3810,4.3177,-33.3707,25.3627,16.5892
2021-07-14,21.8071,11.3463,4.0658,-33.6017,25.4092,16.5567
2021-07-15,21.8292,11.3560,4.0199,-32.7340,25.4388,16.5728
2021-07-16,21.8723,11.3056,4.1412,-31.0871,25.3698,16.5691
2021-07-17,21.9299,11.2652,4.2110,-30.5868,25.3315,16.5775
2021-07-18,21.9592,11.1214,4.5241,-31.2332,25.2841,16.5201
2021-07-19,22.0685,11.0141,4.6955,-31.6775,25.2398,16.5213
2021-07-20,22.0922,11.1012,4.7982,-31.9649,25.2515,16.5768
2021-07-21,22.0847,11.1274,4.8193,-32.1424,25.2410,16.5864
2021-07-22,22.0853,11.1091,4.6049,-32.5012,25.2673,16.5773
2021-07-23,22.0651,11.1944,4.3839,-31.8462,25.2903,16.6099
2021-07-24,22.0547,11.1819,4.2815,-31.6770,25.2682,16.5984
2021-07-25,22.0476,11.1339,4.2362,-31.8888,25.1978,16.5707
2021-07-26,22.0379,11.1314,4.2288,-32.2201,25.1626,16.5648
2021-07-27,22.0217,11.0860,4.6480,-32.5004,25.1788,16.5338
2021-07-28,22.0133,10.9658,4.7996,-32.5452,25.1398,16.4696
2021-07-29,22.0110,10.9638,4.8063,-31.7280,25.1136,16.4675
2021-07-30,22.0325,11.0417,5.0902,-31.3911,25.0899,16.5176
2021-07-31,22.0282,11.1398,5.0468,-31.5353,25.0815,16.5647
2021-08-01,22.0665,11.1953,4.9131,-31.4089,25.1285,16.6118
2021-08-02,22.1075,11.2492,5.0188,-31.0417,25.1405,16.6592
2021-08-03,22.1137,11.1386,4.7690,-31.7400,25.1882,16.6067
2021-08-04,22.1576,11.0531,4.8704,-32.3401,25.1901,16.5859
2021-08-05,22.1697,11.0230,4.8423,-32.7900,25.1748,16.5769
2021-08-06,22.0973,11.0063,4.5738,-32.9242,25.1744,16.5324
2021-08-07,22.0201,11.0400,4.3590,-32.9229,25.2132,16.5106
2021-08-08,21.9233,11.0559,4.3157,-33.7756,25.2037,16.4702
2021-08-09,21.8953,11.0599,4.4589,-34.1634,25.2133,16.4581
2021-08-10,21.9193,11.0694,4.4648,-34.3754,25.2363,16.4748
2021-08-11,21.9412,11.0612,4.4914,-33.9171,25.1906,16.4816
2021-08-12,21.9345,11.0828,4.4393,-33.1551,25.1542,16.4896
2021-08-13,21.9178,11.1156,4.2510,-32.7053,25.1914,16.4977
2021-08-14,21.8907,11.1514,4.2109,-32.8828,25.2242,16.5019
2021-08-15,21.8293,11.1939,4.2213,-33.2154,25.2424,16.4922
2021-08-16,21.8190,11.2586,3.9984,-32.4565,25.2946,16.5195
2021-08-17,21.7521,11.2555,3.9615,-32.4732,25.3138,16.4844
2021-08-18,21.6684,11.2318,3.8804,-32.6982,25.3059,16.4307
2021-08-19,21.6456,11.2578,3.9192,-32.4754,25.3417,16.4321
2021-08-20,21.6858,11.2167,3.9699,-32.8091,25.3992,16.4316
2021-08-21,21.6799,11.1583,3.9364,-33.4902,25.4147,16.3994
2021-08-22,21.5969,11.1575,3.6424,-34.2496,25.4065,16.3575
2021-08-23,21.5355,11.0183,3.2513,-34.4955,25.4356,16.2567
2021-08-24,21.5389,10.9387,3.1994,-34.0184,25.3915,16.2187
2021-08-25,21.4866,10.9513,3.1101,-33.9150,25.3931,16.1986
2021-08-26,21.4113,11.0239,2.7887,-32.7285,25.3720,16.1969
2021-08-27,21.3340,11.1073,2.5804,-31.3911,25.3582,16.2004
2021-08-28,21.2534,11.1562,2.2013,-31.1162,25.3580,16.1847
2021-08-29,21.2057,11.2552,2.0244,-31.0557,25.3825,16.2101
2021-08-30,21.1716,11.4111,1.9639,-30.5239,25.3892,16.2714
2021-08-31,21.1174,11.6294,1.6463,-29.7854,25.4226,16.3536
2021-09-01,21.0201,11.7656,1.3579,-30.1315,25.4528,16.3730
2021-09-02,20.8989,11.6945,1.2323,-31.0622,25.4308,16.2767
2021-09-03,20.7950,11.5711,1.1300,-31.8068,25.4127,16.1629
2021-09-04,20.7215,11.5403,1.1045,-31.2136,25.4479,16.1106
2021-09-05,20.6348,11.6147,1.0004,-29.9138,25.4758,16.1040
2021-09-06,20.6125,11.6249,0.7298,-29.9937,25.4509,16.0982
2021-09-07,20.6614,11.5685,0.2998,-30.5147,25.5016,16.0946
2021-09-08,20.6175,11.5300,0.1353,-30.5325,25.5094,16.0532
2021-09-09,20.5650,11.5699,0.1388,-30.3772,25.4698,16.0466
2021-09-10,20.4924,11.6009,0.0264,-30.4384,25.4290,16.0259
2021-09-11,20.3643,11.6794,-0.1922,-30.6016,25.4483,16.0012
2021-09-12,20.2821,11.7281,-0.1145,-31.4159,25.5089,15.9845
2021-09-13,20.2490,11.7173,0.0043,-32.1883,25.5691,15.9622
2021-09-14,20.1577,11.8541,-0.2061,-30.6806,25.6068,15.9850
2021-09-15,20.0782,12.0242,-0.6440,-28.7032,25.5920,16.0305
2021-09-16,19.9807,12.0155,-1.1924,-28.5099,25.5484,15.9773
2021-09-17,19.7921,11.9741,-1.4386,-28.9460,25.5198,15.8618
2021-09-18,19.6865,11.9931,-1.7451,-29.0864,25.5232,15.8186
2021-09-19,19.5965,12.0505,-1.8858,-29.2992,25.5517,15.8021
2021-09-20,19.4725,12.0672,-1.9860,-28.9606,25.6250,15.7482
2021-09-21,19.3751,11.9293,-2.0066,-29.4067,25.6128,15.6305
2021-09-22,19.2778,11.9032,-1.8132,-29.7340,25.5004,15.5688
2021-09-23,19.2184,11.9021,-1.8578,-30.1856,25.4659,15.5386
2021-09-24,19.1391,11.8512,-2.0915,-30.6238,25.4431,15.4734
2021-09-25,19.1039,11.8576,-2.2646,-31.0670,25.4832,15.4587
2021-09-26,19.0836,11.9459,-2.4527,-31.1692,25.5393,15.4928
2021-09-27,19.0551,11.9842,-2.6422,-31.3247,25.6201,15.4974
2021-09-28,18.9553,12.0492,-2.8390,-31.2408,25.6815,15.4797
2021-09-29,18.7920,12.0727,-2.8720,-31.3830,25.7142,15.4097
2021-09-30,18.6592,12.1173,-3.0440,-31.1594,25.6801,15.3656
2021-10-01,18.6169,12.1202,-2.7930,-30.4146,25.6373,15.3461
2021-10-02,18.5633,12.2358,-2.6338,-28.5249,25.5897,15.3770
2021-10-03,18.4537,12.2936,-2.9303,-27.9681,25.6450,15.3509
2021-10-04,18.2792,12.2871,-3.1358,-27.5333,25.6096,15.2602
2021-10-05,18.1354,12.3489,-3.4664,-27.1847,25.6245,15.2192
2021-10-06,18.0292,12.5006,-4.0628,-26.4386,25.6797,15.2420
2021-10-07,17.9460,12.5819,-4.9145,-25.6440,25.7176,15.2408
2021-10-08,17.8985,12.6762,-5.4696,-25.4900,25.7615,15.2642
2021-10-09,17.8482,12.6816,-5.5835,-25.9114,25.8021,15.2416
2021-10-10,17.7791,12.5241,-5.4271,-26.4516,25.7526,15.1282
2021-10-11,17.5997,12.4880,-5.7436,-26.4745,25.6529,15.0203
2021-10-12,17.4626,12.6431,-6.1879,-26.4022,25.6934,15.0292
2021-10-13,17.3567,12.7938,-6.4285,-26.1592,25.7656,15.0514
2021-10-14,17.2451,12.7392,-6.2688,-26.6315,25.7997,14.9681
2021-10-15,17.0787,12.6093,-6.5942,-27.2319,25.7758,14.8195
2021-10-16,16.8130,12.5753,-7.2846,-27.4777,25.6901,14.6696
2021-10-17,16.6928,12.6695,-7.6530,-27.1602,25.6452,14.6567
2021-10-18,16.6954,12.7271,-7.6279,-27.1585,25.5668,14.6871
2021-10-19,16.6045,12.7704,-7.5654,-26.7372,25.4859,14.6636
2021-10-20,16.4983,12.8553,-7.7214,-26.4862,25.4621,14.6531
2021-10-21,16.3862,12.9425,-8.2418,-25.9031,25.4697,14.6407
2021-10-22,16.2750,13.0354,-9.0401,-25.3635,25.5197,14.6314
2021-10-23,16.2045,13.0774,-9.4871,-25.4788,25.5762,14.6169
2021-10-24,16.1289,13.0282,-9.8139,-25.3762,25.5677,14.5542
2021-10-25,16.1004,13.1087,-10.0126,-24.1537,25.5309,14.5801
2021-10-26,15.9664,13.2690,-9.9682,-23.4318,25.5370,14.5934
2021-10-27,15.8189,13.4066,-10.1187,-22.7686,25.5590,14.5887
2021-10-28,15.7373,13.4122,-10.3182,-22.8253,25.5274,14.5505
2021-10-29,15.6253,13.4196,-10.9460,-22.8920,25.5438,14.4982
2021-10-30,15.4612,13.3934,-11.3826,-22.9121,25.5014,14.4028
2021-10-31,15.3361,13.4187,-11.3081,-22.7751,25.5439,14.3527
2021-11-01,15.1314,13.4735,-11.4512,-22.8155,25.5486,14.2778
2021-11-02,14.8944,13.5272,-11.8573,-22.8560,25.5199,14.1861
2021-11-03,14.7578,13.6379,-11.6168,-22.2197,25.5462,14.1726
2021-11-04,14.6774,13.7413,-11.3734,-21.7830,25.5943,14.1843
2021-11-05,14.6099,13.7910,-11.3984,-21.7599,25.6332,14.1752
2021-11-06,14.4598,13.7528,-11.6366,-21.6997,25.5981,14.0805
2021-11-07,14.3265,13.7772,-12.3925,-21.5039,25.5475,14.0262
2021-11-08,14.2728,13.8175,-12.7552,-21.5048,25.4992,14.0192
2021-11-09,14.1835,13.8902,-13.2802,-21.1772,25.5255,14.0110
2021-11-10,14.0505,13.8567,-13.9914,-21.0146,25.4680,13.9279
2021-11-11,13.8299,13.8020,-14.9039,-20.8986,25.4313,13.7897
2021-11-12,13.7018,13.8584,-15.3022,-20.6939,25.4065,13.7537
2021-11-13,13.6365,13.9691,-15.3439,-20.1374,25.3781,13.7769
2021-11-14,13.5510,14.0353,-15.2105,-19.7334,25.3833,13.7672
2021-11-15,13.4683,14.1213,-15.0177,-19.7055,25.3967,13.7687
2021-11-16,13.2715,14.1730,-15.3919,-19.7896,25.4041,13.6963
2021-11-17,13.0041,14.2063,-16.3707,-19.6183,25.4036,13.5790
2021-11-18,12.7955,14.3368,-16.9940,-18.4701,25.4299,13.5397
2021-11-19,12.6020,14.4347,-17.8784,-17.7068,25.4694,13.4916
2021-11-20,12.4540,14.5059,-18.6105,-17.1671,25.4799,13.4535
2021-11-21,12.2959,14.5914,-19.3795,-16.4653,25.4699,13.4173
2021-11-22,12.1688,14.7067,-20.1370,-15.6336,25.4423,13.4113
2021-11-23,12.1389,14.7961,-20.0433,-15.1963,25.4673,13.4408
2021-11-24,12.0787,14.8498,-20.0091,-14.8423,25.4396,13.4374
2021-11-25,11.9810,14.8283,-20.2458,-14.8515,25.3924,13.3777
2021-11-26,12.0053,14.8254,-20.5621,-14.9054,25.3657,13.3885
2021-11-27,11.9663,14.8946,-21.2527,-14.8699,25.3599,13.4038
2021-11-28,11.8133,14.9242,-21.7560,-15.1955,25.3418,13.3420
2021-11-29,11.6814,15.0033,-22.2823,-15.2428,25.3356,13.3158
2021-11-30,11.5256,15.0914,-22.3897,-14.9588,25.3630,13.2817
2021-12-01,11.5119,15.1856,-22.5136,-14.7396,25.3508,13.3219
2021-12-02,11.5724,15.2441,-22.4275,-14.7806,25.3321,13.3816
2021-12-03,11.4910,15.2685,-21.4842,-14.6544,25.3270,13.3530
2021-12-04,11.2386,15.2201,-21.0633,-14.5953,25.2906,13.2024
2021-12-05,11.1760,15.2235,-19.9755,-14.4915,25.2073,13.1728
2021-12-06,11.1276,15.2895,-18.7572,-14.1578,25.2164,13.1813
2021-12-07,10.9912,15.3456,-19.0196,-13.7082,25.2491,13.1411
2021-12-08,10.9748,15.3512,-19.2950,-13.4713,25.1932,13.1358
2021-12-09,11.1036,15.3628,-19.8915,-13.5394,25.1574,13.2059
2021-12-10,11.0763,15.4640,-20.2919,-13.5415,25.2230,13.2430
2021-12-11,10.8732,15.5202,-20.5536,-13.4960,25.2629,13.1694
2021-12-12,10.5942,15.5705,-20.9127,-13.3481,25.2631,13.0550
2021-12-13,10.4431,15.6034,-21.2127,-12.8523,25.2469,12.9956
2021-12-14,10.4574,15.6922,-20.9527,-12.1785,25.2538,13.0473
2021-12-15,10.4361,15.7488,-21.2317,-11.6582,25.2123,13.0650
2021-12-16,10.3010,15.8096,-21.7776,-11.2871,25.1697,13.0281
2021-12-17,10.1339,15.8598,-22.0641,-10.8884,25.1165,12.9693
2021-12-18,9.9325,15.9208,-22.0574,-10.5691,25.0378,12.8989
2021-12-19,9.8721,15.9211,-21.2474,-10.6720,24.9971,12.8687
2021-12-20,9.8540,15.9217,-19.7963,-11.0599,24.9605,12.8600
2021-12-21,9.7555,16.0174,-19.8107,-11.1336,24.9803,12.8585
2021-12-22,9.6437,16.1015,-20.3551,-10.9652,25.0493,12.8445
2021-12-23,9.6569,16.0790,-19.9992,-11.1014,25.0639,12.8402
2021-12-24,9.6672,16.0813,-20.2462,-11.3874,25.1056,12.8464
2021-12-25,9.6229,16.0468,-20.5325,-11.7838,25.0823,12.8070
2021-12-26,9.4264,16.0488,-20.9705,-12.1379,25.0608,12.7096
2021-12-27,9.3713,16.0442,-21.5541,-12.3986,25.0582,12.6794
2021-12-28,9.3691,16.0434,-22.3119,-12.5759,25.0592,12.6779
2021-12-29,9.3319,16.1015,-22.6178,-12.6922,25.0885,12.6885
2021-12-30,9.3399,16.1035,-23.2962,-13.0709,25.1058,12.6935
2021-12-31,9.3008,16.0966,-24.2274,-13.3971,25.0978,12.6706
2022-01-01,9.2172,16.1654,-24.4198,-13.3959,25.0818,12.6635
2022-01-02,9.0789,16.2764,-24.2624,-12.7773,25.0648,12.6497
2022-01-03,8.9458,16.3108,-23.7162,-12.6960,24.9886,12.6000
2022-01-04,8.9323,16.3045,-23.0500,-12.8060,24.9731,12.5901
2022-01-05,9.0725,16.2538,-22.1162,-12.8309,25.0084,12.6347
2022-01-06,9.1748,16.2835,-21.5406,-12.6407,25.0475,12.7007
2022-01-07,9.2575,16.3131,-21.9585,-12.8005,25.0950,12.7572
2022-01-08,9.2549,16.3276,-22.0890,-13.1037,25.1035,12.7630
2022-01-09,9.1952,16.3362,-21.7092,-13.1642,25.0604,12.7373
2022-01-10,9.1205,16.3810,-21.4422,-13.4226,25.0662,12.7222
2022-01-11,9.0803,16.4519,-21.6832,-13.4155,25.1075,12.7376
2022-01-12,9.1896,16.4712,-21.6008,-13.3843,25.1528,12.8021
2022-01-13,9.2859,16.4457,-22.1031,-13.5568,25.1384,12.8375
2022-01-14,9.4066,16.4280,-22.9343,-13.7827,25.1600,12.8891
2022-01-15,9.3256,16.3718,-23.2633,-13.6867,25.0993,12.8208
2022-01-16,9.2170,16.3541,-23.1283,-13.3785,25.0321,12.7580
2022-01-17,9.1839,16.3298,-22.3784,-13.1976,24.9597,12.7292
2022-01-18,9.1510,16.2605,-21.9297,-13.0385,24.8981,12.6778
2022-01-19,9.0311,16.3313,-21.5986,-12.5686,24.8758,12.6531
2022-01-20,8.9837,16.4873,-21.3353,-12.1477,24.9097,12.7074
2022-01-21,8.9430,16.5665,-21.2127,-12.1536,24.9234,12.7264
2022-01-22,8.9483,16.6317,-20.9925,-11.9521,24.9691,12.7615
2022-01-23,9.0335,16.6426,-20.3964,-12.2271,25.0288,12.8096
2022-01-24,9.0795,16.6460,-20.0566,-12.5988,25.0743,12.8341
2022-01-25,9.0571,16.6161,-19.3409,-13.1590,25.1214,12.8080
2022-01-26,8.9712,16.5566,-20.0323,-13.6603,25.0794,12.7351
2022-01-27,8.9284,16.4742,-20.5165,-14.0298,24.9985,12.6723
2022-01-28,8.9038,16.3949,-20.9374,-14.3914,24.9524,12.6205
2022-01-29,8.8935,16.3708,-21.1898,-14.6424,24.9156,12.6031
2022-01-30,8.9052,16.4066,-22.2038,-14.6393,24.9163,12.6267
2022-01-31,8.9926,16.4015,-22.8217,-14.5179,24.9407,12.6682
2022-02-01,9.0876,16.3724,-22.4267,-14.6832,24.9877,12.7012
2022-02-02,9.0801,16.3665,-22.1486,-14.7796,25.0858,12.6944
2022-02-03,8.9737,16.3718,-22.1920,-14.6506,25.0671,12.6438
2022-02-04,8.9122,16.3873,-22.3655,-14.5292,25.0192,12.6209
2022-02-05,8.9214,16.4370,-22.8399,-14.3244,24.9460,12.6505
2022-02-06,8.9331,16.4406,-23.5023,-14.3193,24.9045,12.6581
2022-02-07,9.1357,16.4118,-23.7155,-14.3466,24.9725,12.7450
2022-02-08,9.3284,16.4879,-23.2675,-14.0099,25.0625,12.8797
2022-02-09,9.5405,16.5587,-22.5314,-13.6188,25.1240,13.0214
2022-02-10,9.6460,16.6251,-22.0823,-13.1398,25.1622,13.1075
2022-02-11,9.5549,16.5715,-21.5689,-13.5943,25.1605,13.0348
2022-02-12,9.4231,16.4575,-21.4368,-14.5159,25.1517,12.9116
2022-02-13,9.3132,16.3939,-21.4336,-15.3693,25.1362,12.8248
2022-02-14,9.2784,16.3797,-21.3497,-16.0384,25.1758,12.8002
2022-02-15,9.3530,16.3860,-21.4733,-16.4875,25.2753,12.8410
2022-02-16,9.5278,16.3307,-21.5635,-17.0205,25.3379,12.9008
2022-02-17,9.7508,16.2651,-21.7510,-17.5558,25.4318,12.9795
2022-02-18,9.7774,16.2259,-22.1566,-18.1919,25.4532,12.9731
2022-02-19,9.7251,16.1705,-22.4560,-18.7153,25.3738,12.9190
2022-02-20,9.7367,16.1635,-22.4024,-18.6652,25.3219,12.9214
2022-02-21,9.8354,16.1707,-22.3314,-18.7457,25.4124,12.9742
2022-02-22,9.9278,16.1381,-21.6533,-19.2852,25.4401,13.0041
2022-02-23,10.1394,16.1401,-21.4561,-19.8644,25.4963,13.1113
2022-02-24,10.3325,16.1084,-21.4311,-20.4880,25.5012,13.1923
2022-02-25,10.5654,16.1208,-20.6657,-20.8871,25.5765,13.3151
2022-02-26,10.7677,16.1222,-19.6109,-21.2753,25.6406,13.4170
2022-02-27,10.9424,16.1204,-18.7164,-21.6222,25.6873,13.5037
2022-02-28,11.0176,16.0590,-18.3959,-21.7940,25.7362,13.5105
2022-03-01,11.1259,15.9796,-18.4124,-21.8939,25.7654,13.5248
2022-03-02,11.2984,15.9156,-18.8188,-22.2687,25.7764,13.5794
2022-03-03,11.3858,15.9062,-19.1659,-22.1771,25.7899,13.6186
2022-03-04,11.3414,15.9106,-19.5278,-22.3224,25.7833,13.5984
2022-03-05,11.3978,15.8669,-19.3788,-22.4833,25.7766,13.6051
2022-03-06,11.3843,15.8347,-19.8182,-22.4969,25.7953,13.5819
2022-03-07,11.4295,15.8431,-20.2259,-22.6562,25.8508,13.6086
2022-03-08,11.3848,15.8155,-20.1676,-22.4586,25.8418,13.5721
2022-03-09,11.3407,15.7945,-19.7687,-22.2968,25.8372,13.5396
2022-03-10,11.3610,15.8065,-19.2903,-22.2262,25.8408,13.5560
2022-03-11,11.3181,15.7741,-18.8846,-22.3338,25.7960,13.5181
2022-03-12,11.3430,15.6696,-18.5373,-22.4177,25.7109,13.4784
2022-03-13,11.4403,15.6055,-18.4914,-23.2116,25.7291,13.4950
2022-03-14,11.6940,15.5931,-17.5727,-23.4007,25.7999,13.6160
2022-03-15,11.8606,15.7058,-16.6038,-22.2486,25.8176,13.7557
2022-03-16,11.9377,15.7760,-16.1332,-21.4545,25.7846,13.8293
2022-03-17,12.0229,15.8949,-15.9491,-19.6839,25.7583,13.9316
2022-03-18,12.1870,15.9714,-15.9324,-18.4758,25.8323,14.0523
2022-03-19,12.3417,15.8753,-16.5756,-19.1786,25.9154,14.0815
2022-03-20,12.3984,15.7611,-17.3930,-20.6243,25.9485,14.0528
2022-03-21,12.4642,15.6598,-18.5456,-21.7296,25.9452,14.0350
2022-03-22,12.5166,15.6129,-18.8450,-22.2457,25.9209,14.0380
2022-03-23,12.6135,15.5447,-18.9631,-22.9039,25.9388,14.0518
2022-03-24,12.6547,15.4212,-19.2036,-23.6845,25.9501,14.0102
2022-03-25,12.6618,15.3159,-18.7629,-24.3616,25.9073,13.9613
2022-03-26,12.6682,15.2393,-18.4494,-24.7856,25.8861,13.9263
2022-03-27,12.7147,15.1806,-18.2268,-25.2881,25.8600,13.9204
2022-03-28,12.9568,15.1750,-18.0936,-25.3121,25.9091,14.0388
2022-03-29,13.0864,15.1202,-17.9129,-25.3018,25.9227,14.0766
2022-03-30,13.2347,15.0261,-17.7585,-24.9141,25.9589,14.1035
2022-03-31,13.3817,14.9462,-17.3554,-24.8964,25.9787,14.1369
2022-04-01,13.4685,14.9579,-17.0827,-24.8282,25.9510,14.1862
2022-04-02,13.6559,14.9805,-17.0307,-24.8224,25.9787,14.2916
2022-04-03,13.8462,14.9948,-17.1608,-25.3710,26.0331,14.3944
2022-04-04,13.9455,15.0186,-17.1406,-25.5733,26.1241,14.4560
2022-04-05,14.1026,15.0482,-16.8126,-25.5580,26.2118,14.5494
2022-04-06,14.3001,15.0614,-16.1920,-25.1599,26.2821,14.6550
2022-04-07,14.4840,14.9950,-16.2138,-24.8656,26.3017,14.7137
2022-04-08,14.5238,14.9405,-16.5951,-24.8342,26.2474,14.7064
2022-04-09,14.5371,14.9275,-16.8825,-24.9318,26.2265,14.7066
2022-04-10,14.5164,14.9514,-16.7532,-25.0744,26.2295,14.7081
2022-04-11,14.5343,14.9090,-16.1626,-25.6723,26.2389,14.6960
2022-04-12,14.5533,14.8146,-15.6467,-26.6234,26.2277,14.6580
2022-04-13,14.6009,14.7158,-14.9947,-27.2391,26.2135,14.6323
2022-04-14,14.6406,14.5336,-14.7978,-28.2000,26.1668,14.5611
2022-04-15,14.6813,14.4026,-14.4956,-28.6242,26.0894,14.5160
2022-04-16,14.6677,14.3305,-13.9531,-28.9260,26.0220,14.4730
2022-04-17,14.7533,14.2876,-13.5428,-29.0567,26.0379,14.4943
2022-04-18,14.8247,14.2302,-13.3583,-29.1358,26.0192,14.5015
2022-04-19,14.9467,14.1835,-13.3757,-29.0880,26.0056,14.5393
2022-04-20,15.0675,14.2131,-13.2439,-28.5919,26.0178,14.6148
2022-04-21,15.1860,14.1764,-12.8134,-28.9895,26.0068,14.6558
2022-04-22,15.3795,14.1613,-12.7786,-29.3509,26.0541,14.7450
2022-04-23,15.5106,14.0540,-12.7690,-29.7234,26.0969,14.7569
2022-04-24,15.5905,14.0024,-12.4127,-29.6978,26.0994,14.7713
2022-04-25,15.6713,14.0522,-12.1917,-29.1415,26.0906,14.8367
2022-04-26,15.7752,13.9862,-11.7186,-29.6070,26.1147,14.8559
2022-04-27,15.8918,13.9004,-11.0143,-30.3165,26.1173,14.8715
2022-04-28,16.0221,13.8631,-10.3744,-30.1118,26.0777,14.9181
2022-04-29,16.1184,13.7865,-9.9033,-29.6430,26.0178,14.9282
2022-04-30,16.2058,13.7521,-9.8634,-29.3586,26.0670,14.9546
2022-05-01,16.3179,13.7845,-9.3299,-29.3201,26.0885,15.0268
2022-05-02,16.3882,13.8036,-9.0991,-29.1666,26.1019,15.0716
2022-05-03,16.5020,13.7295,-8.6848,-29.3969,26.0807,15.0913
2022-05-04,16.6350,13.6152,-8.2018,-29.8677,25.9980,15.1011
2022-05-05,16.7782,13.5333,-7.8673,-30.2108,25.9872,15.1317
2022-05-06,16.9281,13.5329,-7.6414,-30.0823,26.0306,15.2067
2022-05-07,17.0177,13.5288,-7.6918,-29.5313,26.0357,15.2495
2022-05-08,17.0257,13.4903,-7.5595,-29.5602,26.0683,15.2340
2022-05-09,17.1253,13.4154,-6.9316,-30.0476,26.0965,15.2462
2022-05-10,17.2597,13.3666,-6.6268,-30.5381,26.1077,15.2889
2022-05-11,17.4556,13.3037,-6.3355,-30.8984,26.0878,15.3558
2022-05-12,17.6171,13.2228,-5.8296,-31.1415,26.0594,15.3963
2022-05-13,17.7395,13.2090,-5.5204,-30.7118,26.0945,15.4504
2022-05-14,17.8007,13.2991,-5.3517,-28.9013,26.0893,15.5262
2022-05-15,17.9246,13.2488,-5.2768,-28.2951,26.0336,15.5631
2022-05-16,18.0590,13.1301,-4.8374,-28.9322,25.9416,15.5711
2022-05-17,18.1677,13.0821,-4.5956,-28.9665,25.8805,15.6013
2022-05-18,18.2268,13.0052,-4.5221,-29.4452,25.7927,15.5927
2022-05-19,18.3493,12.9420,-4.2323,-29.1706,25.7335,15.6227
2022-05-20,18.3783,12.9046,-3.7191,-29.1165,25.7451,15.6185
2022-05-21,18.2777,12.8511,-3.4597,-29.6149,25.7103,15.5413
2022-05-22,18.2564,12.9047,-3.2504,-29.6274,25.7271,15.5573
2022-05-23,18.3187,13.0242,-2.8041,-28.7439,25.6968,15.6484
2022-05-24,18.4843,13.0806,-2.3327,-28.1106,25.7152,15.7596
2022-05-25,18.7201,13.0814,-1.9008,-27.1474,25.7349,15.8784
2022-05-26,18.8462,13.0426,-1.6881,-26.6289,25.7472,15.9222
2022-05-27,18.9168,12.9834,-1.7045,-26.8507,25.7361,15.9281
2022-05-28,18.9807,12.9754,-1.3028,-26.6819,25.7247,15.9562
2022-05-29,19.0846,12.9249,-0.9000,-26.8267,25.7794,15.9827
2022-05-30,19.2328,12.7589,-0.6589,-27.2227,25.7859,15.9737
2022-05-31,19.4185,12.5192,-0.2056,-28.3467,25.6976,15.9465
2022-06-01,19.5288,12.3994,-0.0786,-29.1493,25.6693,15.9418
2022-06-02,19.6118,12.3904,0.0571,-29.6038,25.6422,15.9791
2022-06-03,19.6165,12.3357,0.0718,-30.2352,25.6098,15.9544
2022-06-04,19.5951,12.3625,-0.0864,-30.3783,25.5983,15.9571
2022-06-05,19.7217,12.4237,0.0494,-29.8363,25.6422,16.0509
2022-06-06,19.9105,12.4283,0.5856,-28.9917,25.6308,16.1479
2022-06-07,20.0367,12.4430,0.9870,-28.1418,25.5682,16.2187
2022-06-08,20.1170,12.4419,1.0384,-27.3962,25.5152,16.2584
2022-06-09,20.2241,12.4149,1.3415,-26.8353,25.5033,16.2986
2022-06-10,20.3467,12.2979,1.6500,-27.2490,25.4566,16.3011
2022-06-11,20.3859,12.1543,1.7962,-28.0884,25.3959,16.2490
2022-06-12,20.4266,12.1422,2.0379,-28.4925,25.3651,16.2634
2022-06-13,20.4658,12.1956,2.3434,-28.2657,25.3603,16.3099
2022-06-14,20.5409,12.2979,2.4713,-28.2205,25.4170,16.3988
2022-06-15,20.6001,12.3223,2.3582,-27.8774,25.4400,16.4405
2022-06-16,20.6976,12.2566,2.4474,-28.1005,25.4879,16.4565
2022-06-17,20.6989,12.1467,2.7327,-29.0566,25.4467,16.4023
2022-06-18,20.6408,11.9991,2.8001,-28.8497,25.3286,16.2995
2022-06-19,20.6457,12.0248,2.8781,-28.4985,25.3171,16.3148
2022-06-20,20.6751,12.0402,3.1149,-28.8292,25.3432,16.3374
2022-06-21,20.7010,12.0578,3.3150,-28.8955,25.3474,16.3592
2022-06-22,20.8277,12.0478,3.3182,-28.5840,25.3490,16.4176
2022-06-23,21.0415,11.9853,3.3064,-28.6048,25.3335,16.4935
2022-06-24,21.1518,11.9762,3.2213,-28.6154,25.3154,16.5443
2022-06-25,21.1752,11.8317,3.0942,-29.6481,25.2879,16.4837
2022-06-26,21.2016,11.7140,2.7981,-30.8791,25.3555,16.4378
2022-06-27,21.2026,11.5940,3.0109,-32.1340,25.3078,16.3781
2022-06-28,21.2314,11.5056,3.5648,-33.2783,25.2371,16.3483
2022-06-29,21.2798,11.4442,3.8699,-33.9467,25.2282,16.3419
2022-06-30,21.3171,11.4034,4.1467,-33.7961,25.2266,16.3400
2022-07-01,21.4144,11.4181,4.2687,-33.0604,25.2494,16.3960
2022-07-02,21.4829,11.4050,4.4705,-33.0299,25.2993,16.4238
2022-07-03,21.5066,11.3756,4.6061,-32.3771,25.2589,16.4209
2022-07-04,21.5085,11.4351,4.7056,-31.3916,25.1719,16.4519
2022-07-05,21.5736,11.4418,4.7162,-31.0571,25.1409,16.4880
2022-07-06,21.5956,11.4961,4.4877,-30.9187,25.1659,16.5261
2022-07-07,21.6387,11.5058,4.5378,-31.6904,25.1752,16.5525
2022-07-08,21.7019,11.4602,4.6496,-31.5125,25.1063,16.5617
2022-07-09,21.7326,11.4384,4.6770,-31.7383,25.0687,16.5661
2022-07-10,21.7587,11.4073,4.9368,-31.4909,25.0732,16.5637
2022-07-11,21.8141,11.3140,4.9862,-31.9005,25.1065,16.5446
2022-07-12,21.8564,11.1894,4.9188,-32.5537,25.0799,16.5034
2022-07-13,21.8716,11.1740,4.8723,-32.1399,25.0376,16.5035
2022-07-14,21.8791,11.2671,5.0004,-31.3101,25.0533,16.5538
2022-07-15,21.8730,11.3512,5.2389,-30.5890,25.0911,16.5928
2022-07-16,21.9519,11.3753,5.3202,-30.1740,25.0905,16.6443
2022-07-17,21.9852,11.3216,5.0218,-30.6996,25.0498,16.6343
2022-07-18,21.9915,11.2921,4.9551,-31.4467,25.0287,16.6230
2022-07-19,21.9312,11.3680,4.4370,-31.7118,25.0383,16.6309
2022-07-20,21.8504,11.5374,4.3374,-30.3207,24.9990,16.6755
2022-07-21,21.9075,11.5668,4.6150,-29.2252,25.0361,16.7187
2022-07-22,22.0213,11.5021,5.1222,-29.7332,25.0691,16.7433
2022-07-23,22.0991,11.4971,5.3582,-30.4724,25.0811,16.7798
2022-07-24,22.1102,11.5009,5.5401,-30.5681,25.0935,16.7870
2022-07-25,22.1443,11.4249,5.5639,-30.6839,25.1339,16.7660
2022-07-26,22.1173,11.3572,5.6179,-30.9313,25.1093,16.7187
2022-07-27,22.0963,11.3478,5.5385,-30.5631,25.0593,16.7036
2022-07-28,22.1061,11.3505,5.3277,-30.0696,25.0449,16.7097
2022-07-29,22.0881,11.2865,5.1344,-29.7738,25.0073,16.6689
2022-07-30,22.0667,11.2401,4.9475,-30.1110,25.0050,16.6350
2022-07-31,22.0772,11.3753,4.9713,-29.3287,25.0645,16.7078
2022-08-01,22.0371,11.4225,4.8875,-29.0769,25.0687,16.7114
2022-08-02,22.0258,11.3836,4.7242,-29.4690,25.0203,16.6865
2022-08-03,22.1000,11.3519,4.8660,-30.0234,25.0714,16.7077
2022-08-04,22.1678,11.2732,5.1177,-30.1321,25.0855,16.7021
2022-08-05,22.1747,11.0965,5.2799,-30.9488,25.0954,16.6169
2022-08-06,22.1204,10.9729,5.1249,-32.2259,25.1127,16.5277
2022-08-07,22.0832,10.9447,4.8931,-33.1054,25.1292,16.4948
2022-08-08,22.1110,10.9193,4.8592,-33.1281,25.1131,16.4960
2022-08-09,22.1563,10.9127,4.8853,-32.5587,25.1144,16.5151
2022-08-10,22.1551,10.9335,4.8346,-31.9317,25.0396,16.5248
2022-08-11,22.1122,11.0354,4.6331,-31.1229,25.0125,16.5544
2022-08-12,22.0513,11.0778,4.2541,-31.3766,25.0407,16.5452
2022-08-13,21.9796,11.0327,4.1329,-32.1578,25.0313,16.4871
2022-08-14,21.9499,11.1095,4.1176,-32.2665,25.0378,16.5109
2022-08-15,21.9638,11.1492,4.0830,-32.3310,25.0220,16.5378
2022-08-16,21.9294,11.0706,4.0067,-32.7068,25.0060,16.4811
2022-08-17,21.8704,11.0146,3.9251,-33.3080,25.0087,16.4236
2022-08-18,21.7897,11.0154,3.8597,-32.8093,25.0481,16.3835
2022-08-19,21.7537,10.9242,3.6843,-32.8035,24.9533,16.3197
2022-08-20,21.6203,10.7786,3.4234,-33.9570,24.8412,16.1804
2022-08-21,21.5208,10.7841,3.2868,-33.7370,24.8746,16.1332
2022-08-22,21.5124,11.0143,3.1518,-32.1706,24.9666,16.2444
2022-08-23,21.5052,11.0243,3.1966,-32.5485,24.9952,16.2458
2022-08-24,21.4814,11.0821,3.1736,-32.7842,24.9452,16.2626
2022-08-25,21.4383,11.1678,3.0264,-33.0146,24.9338,16.2840
2022-08-26,21.3671,11.2231,2.7474,-33.3644,24.9904,16.2760
2022-08-27,21.2568,11.3042,2.5477,-33.5181,25.0184,16.2614
2022-08-28,21.2015,11.1785,2.2702,-33.9949,25.0460,16.1708
2022-08-29,21.2381,11.0075,2.2566,-34.2224,25.0551,16.1033
2022-08-30,21.2694,10.9845,2.2554,-34.3126,25.0790,16.1074
2022-08-31,21.2101,11.0740,2.1321,-34.2435,25.1194,16.1224
2022-09-01,21.1225,11.1901,2.0522,-33.6532,25.0870,16.1368
2022-09-02,21.0767,11.1017,1.9410,-33.5538,25.0741,16.0696
2022-09-03,21.0575,11.1110,2.1959,-32.5599,25.0814,16.0647
2022-09-04,20.9541,11.2166,2.2744,-31.8968,25.1098,16.0657
2022-09-05,20.9184,11.2583,2.0294,-32.8605,25.1900,16.0684
2022-09-06,20.9229,11.2380,1.8658,-33.1415,25.2452,16.0604
2022-09-07,20.8757,11.2608,1.7330,-32.9191,25.2334,16.0483
2022-09-08,20.7498,11.3831,1.5644,-32.2453,25.2247,16.0465
2022-09-09,20.6147,11.3980,1.3998,-32.7748,25.2438,15.9864
2022-09-10,20.5109,11.3686,1.2605,-32.8602,25.2293,15.9198
2022-09-11,20.4653,11.4171,1.0520,-32.6483,25.2820,15.9210
2022-09-12,20.4510,11.4281,0.7481,-32.3938,25.3432,15.9193
2022-09-13,20.3324,11.4987,0.4581,-31.3252,25.3205,15.8954
2022-09-14,20.2411,11.6110,0.3370,-30.1142,25.3013,15.9059
2022-09-15,20.1567,11.6259,0.1509,-29.8724,25.2543,15.8709
2022-09-16,20.0492,11.7204,-0.2376,-29.6027,25.2594,15.8645
2022-09-17,19.9736,11.7815,-0.5412,-29.4892,25.2854,15.8571
2022-09-18,19.9359,11.8292,-0.8126,-29.6280,25.3440,15.8620
2022-09-19,19.8113,11.8490,-1.1962,-29.5589,25.3877,15.8095
2022-09-20,19.6985,11.7666,-1.5715,-29.6126,25.3297,15.7116
2022-09-21,19.5817,11.6742,-1.8981,-30.0879,25.3004,15.6068
2022-09-22,19.4596,11.6943,-2.0908,-30.3097,25.3221,15.5554
2022-09-23,19.3732,11.7673,-2.1807,-30.2356,25.3228,15.5486
2022-09-24,19.3539,11.8522,-2.2164,-30.0582,25.3829,15.5820
2022-09-25,19.2597,11.8877,-2.2421,-30.0740,25.4310,15.5524
2022-09-26,19.1557,11.9175,-1.9948,-30.2601,25.4404,15.5151
2022-09-27,19.0907,11.8975,-2.0660,-30.5163,25.4295,15.4726
2022-09-28,18.9732,11.8037,-2.4275,-31.1377,25.3898,15.3669
2022-09-29,18.8041,11.8405,-2.7579,-30.9466,25.3264,15.3004
2022-09-30,18.6721,11.9477,-2.8406,-30.2502,25.2837,15.2880
2022-10-01,18.5794,11.9645,-2.8947,-29.8922,25.2720,15.2502
2022-10-02,18.4669,12.0105,-3.2063,-30.0202,25.3613,15.2170
2022-10-03,18.2656,12.0530,-3.6027,-29.6059,25.4253,15.1372
2022-10-04,18.1408,12.1150,-3.9005,-28.2941,25.4438,15.1055
2022-10-05,18.0758,12.3032,-3.9916,-26.3605,25.4828,15.1671
2022-10-06,17.9641,12.3960,-4.0385,-26.2463,25.4694,15.1577
2022-10-07,17.8673,12.3872,-4.1874,-26.3794,25.3918,15.1050
2022-10-08,17.7502,12.4062,-4.3058,-26.3047,25.3763,15.0557
2022-10-09,17.6403,12.4071,-4.5213,-26.6026,25.3630,15.0011
2022-10-10,17.6339,12.4030,-4.8926,-27.0125,25.2840,14.9960
2022-10-11,17.5983,12.4947,-5.1167,-27.1864,25.2975,15.0241
2022-10-12,17.4867,12.5738,-5.5768,-26.1880,25.3172,15.0077
2022-10-13,17.3830,12.5594,-6.0845,-26.1939,25.3656,14.9482
2022-10-14,17.3629,12.5698,-5.8189,-26.4621,25.3635,14.9433
2022-10-15,17.3041,12.6802,-5.6215,-26.1693,25.3702,14.9694
2022-10-16,17.1879,12.7065,-5.5055,-25.9941,25.3770,14.9244
2022-10-17,17.0260,12.7544,-5.7343,-25.4063,25.3887,14.8671
2022-10-18,16.8832,12.8102,-6.2148,-24.9667,25.3284,14.8234
2022-10-19,16.7814,12.9410,-6.6630,-24.9704,25.3179,14.8381
2022-10-20,16.7551,13.0220,-7.0175,-24.8427,25.3179,14.8655
2022-10-21,16.7291,13.0277,-7.3043,-24.5322,25.3235,14.8554
2022-10-22,16.6895,12.9345,-7.6966,-25.2549,25.3641,14.7886
2022-10-23,16.5246,12.9570,-8.1075,-25.6067,25.4278,14.7171
2022-10-24,16.2606,13.0769,-9.0323,-25.1926,25.4296,14.6449
2022-10-25,16.0411,13.1904,-9.9811,-24.3494,25.3936,14.5918
2022-10-26,15.9195,13.2795,-10.6041,-23.6386,25.4118,14.5755
2022-10-27,15.7683,13.3085,-11.0204,-23.3096,25.4181,14.5142
2022-10-28,15.6574,13.3080,-11.3016,-23.3056,25.4231,14.4585
2022-10-29,15.5553,13.3194,-11.6169,-23.1386,25.3949,14.4132
2022-10-30,15.4569,13.2536,-11.7245,-23.3900,25.4001,14.3309
2022-10-31,15.3153,13.1743,-12.0719,-22.9215,25.3697,14.2202
2022-11-01,15.1584,13.0510,-12.0830,-22.5963,25.1646,14.0797
2022-11-02,14.9323,13.0538,-12.2677,-22.7093,25.0297,13.9685
2022-11-03,14.6717,13.1433,-12.6896,-23.3388,25.0184,13.8831
2022-11-04,14.5473,13.2773,-13.1702,-23.4334,25.0529,13.8878
2022-11-05,14.5648,13.3994,-12.9614,-23.5129,25.0637,13.9576
2022-11-06,14.5447,13.4725,-12.5368,-23.5188,25.0926,13.9842
2022-11-07,14.3625,13.5182,-13.1510,-23.2335,25.1549,13.9157
2022-11-08,14.2487,13.6197,-13.8141,-23.1500,25.2157,13.9095
2022-11-09,14.1158,13.6800,-14.3677,-23.2469,25.2429,13.8730
2022-11-10,13.8985,13.6642,-14.5580,-23.1634,25.1966,13.7563
2022-11-11,13.7517,13.6653,-14.5536,-22.8329,25.1578,13.6830
2022-11-12,13.5776,13.6894,-15.2024,-22.7331,25.1727,13.6078
2022-11-13,13.4070,13.7641,-15.3959,-21.8761,25.2598,13.5595
2022-11-14,13.2760,13.8002,-15.3682,-21.3649,25.2690,13.5119
2022-11-15,13.0489,13.8463,-15.7269,-20.6267,25.2029,13.4215
2022-11-16,12.8860,13.9676,-15.7961,-19.7031,25.1695,13.4007
2022-11-17,12.7482,14.1133,-15.7120,-19.5602,25.1892,13.4048
2022-11-18,12.5729,14.2314,-15.9196,-19.4486,25.2130,13.3761
2022-11-19,12.4496,14.3289,-16.4450,-18.7747,25.2387,13.3632
2022-11-20,12.2912,14.3675,-17.5442,-18.0691,25.2530,13.3031
2022-11-21,12.2237,14.3284,-18.3399,-17.8515,25.2194,13.2495
2022-11-22,12.2035,14.3946,-18.9750,-17.1682,25.1662,13.2725
2022-11-23,12.1631,14.5324,-19.5552,-16.5070,25.1079,13.3216
2022-11-24,12.1023,14.6328,-19.6815,-16.0754,25.0761,13.3416
2022-11-25,12.0427,14.6987,-19.2925,-16.0988,25.0981,13.3444
2022-11-26,11.9051,14.7388,-18.9872,-15.8086,25.0857,13.2956
2022-11-27,11.7205,14.7983,-19.1311,-15.2231,25.0825,13.2328
2022-11-28,11.4885,14.8889,-18.9590,-14.9953,25.1083,13.1619
2022-11-29,11.1463,14.9575,-17.9152,-14.7872,25.0810,13.0250
2022-11-30,10.8465,14.9814,-16.9297,-14.7340,25.0826,12.8866
2022-12-01,10.8190,15.0491,-16.3043,-14.3076,25.0976,12.9066
2022-12-02,10.9306,15.1405,-16.1161,-14.1212,25.1348,13.0084
2022-12-03,10.9742,15.2248,-15.8623,-14.2752,25.1665,13.0728
2022-12-04,11.0272,15.3137,-16.1550,-14.2161,25.2167,13.1437
2022-12-05,11.0606,15.3611,-16.1089,-14.1099,25.2203,13.1842
2022-12-06,11.1725,15.4060,-15.7553,-14.0066,25.1819,13.2627
2022-12-07,11.0793,15.4138,-16.5928,-14.2218,25.1727,13.2200
2022-12-08,10.9824,15.4235,-17.5859,-14.4930,25.2030,13.1763
2022-12-09,10.9330,15.4756,-17.8507,-14.4249,25.1842,13.1776
2022-12-10,10.7557,15.4956,-18.4085,-14.0503,25.1864,13.0989
2022-12-11,10.5311,15.5317,-18.2348,-13.5561,25.1370,13.0043
2022-12-12,10.4500,15.4741,-18.9972,-13.2096,25.0970,12.9350
2022-12-13,10.3617,15.4474,-19.6737,-13.1776,25.0680,12.8777
2022-12-14,10.3601,15.4764,-19.6288,-12.9905,25.0769,12.8913
2022-12-15,10.3512,15.5464,-20.4132,-12.9154,25.1250,12.9215
2022-12-16,10.3111,15.5890,-20.5793,-12.9359,25.1323,12.9227
2022-12-17,10.1537,15.6304,-20.4087,-12.8903,25.1121,12.8643
2022-12-18,9.9402,15.6593,-19.9446,-12.7879,25.0381,12.7719
2022-12-19,9.9626,15.6903,-19.1690,-12.7546,25.0309,12.7986
2022-12-20,9.9221,15.7651,-19.2287,-12.6347,25.0810,12.8157
2022-12-21,9.8027,15.8297,-19.6765,-12.5417,25.0599,12.7884
2022-12-22,9.6967,15.8063,-20.3122,-12.8053,24.9815,12.7234
2022-12-23,9.5798,15.7870,-20.9531,-12.9588,24.8923,12.6553
2022-12-24,9.6181,15.8307,-21.2423,-13.0083,24.8414,12.6960
2022-12-25,9.7280,15.9282,-21.6882,-13.0068,24.8242,12.7998
2022-12-26,9.8195,15.9650,-21.9420,-13.1521,24.8263,12.8641
2022-12-27,9.8762,15.9857,-21.8939,-13.1469,24.8879,12.9030
2022-12-28,9.8443,15.9240,-22.2073,-13.0261,24.8923,12.8563
2022-12-29,9.8132,15.9278,-22.2561,-12.8471,24.8501,12.8427
2022-12-30,9.8116,15.9926,-21.6003,-12.9026,24.8399,12.8742
2022-12-31,9.9114,16.0594,-21.1103,-12.7202,24.8633,12.9577
2023-01-01,9.9097,16.0786,-21.2107,-12.5255,24.8409,12.9664
2023-01-02,9.8869,16.0712,-21.5712,-12.5253,24.8458,12.9514
2023-01-03,9.8278,16.0366,-21.8273,-12.7121,24.8480,12.9046
2023-01-04,9.7163,15.9958,-22.1362,-12.9187,24.8561,12.8280
2023-01-05,9.5978,15.9968,-22.5901,-13.0758,24.8752,12.7690
2023-01-06,9.4549,16.0548,-23.1547,-13.3069,24.8761,12.7264
2023-01-07,9.4063,16.1032,-23.4057,-13.3718,24.8453,12.7267
2023-01-08,9.3251,16.1673,-23.4358,-13.0125,24.8739,12.7180
2023-01-09,9.2271,16.2164,-24.0381,-12.8931,24.8881,12.6936
2023-01-10,9.1562,16.2569,-24.1740,-13.0316,24.9023,12.6782
2023-01-11,9.1115,16.2698,-24.0747,-13.0492,24.8495,12.6625
2023-01-12,9.0667,16.2975,-24.2611,-13.2140,24.8474,12.6540
2023-01-13,8.9042,16.2882,-24.2658,-13.4461,24.8397,12.5677
2023-01-14,8.7339,16.2752,-24.3591,-13.4881,24.8336,12.4757
2023-01-15,8.7652,16.2861,-24.1823,-13.8338,24.8371,12.4970
2023-01-16,8.9092,16.3197,-24.3605,-14.1476,24.8288,12.5860
2023-01-17,9.0334,16.3269,-24.1777,-14.2866,24.8715,12.6520
2023-01-18,9.0544,16.2843,-23.7927,-14.3439,24.8610,12.6412
2023-01-19,8.9987,16.2829,-23.7491,-14.5025,24.9220,12.6124
2023-01-20,8.8617,16.3399,-23.5134,-14.5304,24.9819,12.5723
2023-01-21,8.7542,16.3757,-22.8936,-14.4871,25.0101,12.5363
2023-01-22,8.8119,16.3743,-22.2962,-14.3877,25.0165,12.5647
2023-01-23,8.8456,16.3916,-22.0045,-14.3708,25.0694,12.5901
2023-01-24,8.7951,16.4292,-21.7871,-13.9793,25.0921,12.5835
2023-01-25,8.8588,16.5070,-21.7560,-13.9360,25.1106,12.6544
2023-01-26,9.1024,16.5098,-21.7070,-14.1751,25.1429,12.7776
2023-01-27,9.1595,16.4882,-22.2008,-14.3220,25.1068,12.7955
2023-01-28,9.1071,16.4532,-22.2204,-14.8064,25.0334,12.7516
2023-01-29,9.0737,16.4088,-22.2094,-15.0671,25.0133,12.7126
2023-01-30,9.1259,16.3554,-22.3418,-15.3340,25.0048,12.7121
2023-01-31,9.2665,16.3560,-22.1548,-15.4216,25.0826,12.7826
2023-02-01,9.2027,16.3804,-22.1555,-15.4851,25.1566,12.7626
2023-02-02,9.1280,16.3915,-22.2384,-15.5284,25.2163,12.7309
2023-02-03,9.1593,16.3625,-22.6894,-15.6211,25.2162,12.7318
2023-02-04,9.2221,16.3419,-22.8688,-15.8916,25.2064,12.7531
2023-02-05,9.4203,16.4037,-22.7127,-16.0876,25.2847,12.8834
2023-02-06,9.4979,16.4542,-22.5997,-16.2685,25.3592,12.9476
2023-02-07,9.4271,16.4412,-22.9548,-16.8070,25.3580,12.9054
2023-02-08,9.3367,16.4191,-23.2092,-17.0230,25.3768,12.8490
2023-02-09,9.2513,16.4315,-23.8718,-17.1519,25.4242,12.8123
2023-02-10,9.3186,16.4962,-23.8745,-17.2677,25.5062,12.8783
2023-02-11,9.5012,16.5275,-23.6156,-16.7710,25.5206,12.9852
2023-02-12,9.6189,16.5427,-23.5517,-16.4043,25.5088,13.0520
2023-02-13,9.6405,16.5498,-23.1960,-16.5268,25.5193,13.0664
2023-02-14,9.5779,16.5494,-22.9926,-16.4556,25.4697,13.0347
2023-02-15,9.4695,16.4803,-22.9912,-16.4769,25.3440,12.9459
2023-02-16,9.4716,16.4303,-22.8867,-16.6057,25.2579,12.9220
2023-02-17,9.4972,16.3693,-23.6714,-16.9818,25.2235,12.9041
2023-02-18,9.6301,16.3512,-23.3119,-17.0749,25.2452,12.9614
2023-02-19,9.8804,16.3721,-22.7843,-17.2126,25.2648,13.0975
2023-02-20,10.1194,16.3320,-22.6019,-17.6176,25.3076,13.1973
2023-02-21,10.1759,16.3133,-22.7967,-18.2008,25.3704,13.2162
2023-02-22,10.0788,16.3162,-22.4977,-18.2308,25.4030,13.1692
2023-02-23,10.0481,16.2886,-21.5921,-18.2282,25.4640,13.1400
2023-02-24,10.1165,16.2855,-20.4727,-18.5142,25.5593,13.1724
2023-02-25,10.2948,16.2715,-20.4305,-18.8506,25.6066,13.2547
2023-02-26,10.5249,16.2116,-20.8023,-19.3040,25.5723,13.3400
2023-02-27,10.6580,16.2063,-21.0933,-19.7967,25.5727,13.4041
2023-02-28,10.8373,16.2199,-21.1680,-20.2906,25.6517,13.5006
2023-03-01,10.9611,16.1444,-21.7439,-20.4909,25.7185,13.5248
2023-03-02,11.0639,16.0660,-22.0144,-20.9756,25.7658,13.5371
2023-03-03,11.1321,16.0286,-22.0817,-21.5202,25.7846,13.5526
2023-03-04,11.2753,16.0467,-22.0463,-21.4486,25.8495,13.6332
2023-03-05,11.4814,16.0828,-21.6616,-21.3416,25.9313,13.7544
2023-03-06,11.6080,16.0523,-20.9969,-21.2724,25.9850,13.8024
2023-03-07,11.6977,15.9606,-21.0510,-21.4529,25.9476,13.8017
2023-03-08,11.8122,15.9254,-20.6385,-21.5067,25.9278,13.8410
2023-03-09,11.9140,15.9849,-20.8587,-20.7693,25.9080,13.9222
2023-03-10,11.9534,16.0645,-20.6698,-20.2582,25.9186,13.9819
2023-03-11,11.9370,16.0605,-20.5140,-20.3317,25.9102,13.9718
2023-03-12,11.8875,16.0137,-20.7093,-20.5918,25.9162,13.9234
2023-03-13,11.9186,15.9716,-20.9346,-20.7502,25.9137,13.9178
2023-03-14,11.9466,15.9494,-20.6908,-20.9335,25.9003,13.9208
2023-03-15,12.0356,15.9160,-19.8884,-21.7530,25.9036,13.9487
2023-03-16,12.1063,15.8577,-19.7170,-22.4304,25.8963,13.9549
2023-03-17,12.1301,15.7557,-20.2626,-23.0110,25.8888,13.9156
2023-03-18,12.1402,15.6727,-20.2319,-23.6281,25.8562,13.8790
2023-03-19,12.0992,15.6035,-19.8997,-24.3409,25.8669,13.8237
2023-03-20,12.1210,15.5992,-19.6103,-24.2149,25.8728,13.8325
2023-03-21,12.1980,15.5561,-18.9091,-24.3678,25.8963,13.8493
2023-03-22,12.3572,15.5208,-18.2210,-24.7733,25.9172,13.9112
2023-03-23,12.5315,15.4847,-18.1767,-24.4346,25.9410,13.9806
2023-03-24,12.6660,15.4105,-18.3881,-24.4737,25.9744,14.0109
2023-03-25,12.8047,15.3966,-18.5069,-24.2301,25.9630,14.0737
2023-03-26,12.9354,15.4312,-18.2534,-23.7680,25.9180,14.1568
2023-03-27,13.0886,15.3570,-18.0035,-23.9254,25.9466,14.1959
2023-03-28,13.1555,15.3155,-18.0143,-23.9271,25.9822,14.2086
2023-03-29,13.2028,15.3102,-18.0814,-23.9906,26.0287,14.2296
2023-03-30,13.2312,15.3037,-18.1113,-23.2433,26.0507,14.2407
2023-03-31,13.2194,15.3167,-18.0776,-22.9333,26.0405,14.2413
2023-04-01,13.1949,15.2772,-17.8234,-23.2116,26.0256,14.2091
2023-04-02,13.2063,15.2615,-17.8079,-23.2581,26.0576,14.2068
2023-04-03,13.1757,15.3237,-18.2708,-22.4243,26.0716,14.2229
2023-04-04,13.1817,15.3247,-18.6889,-22.4833,26.1280,14.2262
2023-04-05,13.2384,15.2466,-18.7935,-23.0049,26.1371,14.2155
2023-04-06,13.2946,15.1435,-18.6318,-24.0324,26.1444,14.1918
2023-04-07,13.4101,15.0243,-18.1810,-25.1191,26.1905,14.1896
2023-04-08,13.6451,14.9083,-17.6063,-26.1303,26.1993,14.2493
2023-04-09,14.0186,14.7862,-16.7118,-27.1649,26.1969,14.3753
2023-04-10,14.2879,14.7303,-16.3487,-27.4193,26.2678,14.4819
2023-04-11,14.4354,14.7830,-16.3364,-26.5633,26.2692,14.5824
2023-04-12,14.5495,14.8151,-15.9850,-25.8493,26.2178,14.6558
2023-04-13,14.5695,14.7847,-15.1666,-25.6385,26.2151,14.6504
2023-04-14,14.6025,14.7212,-14.4241,-25.9230,26.2559,14.6354
2023-04-15,14.7460,14.6484,-14.1632,-26.1479,26.3210,14.6703
2023-04-16,14.8316,14.5870,-13.9883,-25.8357,26.2302,14.6828
2023-04-17,14.8924,14.5779,-13.4176,-26.1508,26.2169,14.7087
2023-04-18,15.0290,14.6387,-12.8485,-26.5661,26.2917,14.8074
2023-04-19,15.1954,14.6461,-12.3081,-26.8690,26.3738,14.8942
2023-04-20,15.2838,14.5118,-12.0846,-27.2746,26.3684,14.8713
2023-04-21,15.3702,14.4498,-11.8028,-27.4477,26.3325,14.8837
2023-04-22,15.4771,14.4293,-11.4016,-27.4604,26.3422,14.9274
2023-04-23,15.5257,14.4424,-10.9014,-27.2583,26.3369,14.9580
2023-04-24,15.5546,14.4393,-10.5693,-27.0384,26.3088,14.9712
2023-04-25,15.6772,14.4581,-10.5576,-26.5270,26.3038,15.0420
2023-04-26,15.8416,14.4406,-10.3939,-26.1028,26.2856,15.1159
2023-04-27,16.0294,14.4131,-10.0979,-26.2259,26.3272,15.1960
2023-04-28,16.1638,14.3310,-9.7255,-26.9348,26.3674,15.2221
2023-04-29,16.2243,14.2447,-9.3249,-27.1475,26.2965,15.2093
2023-04-30,16.3247,14.1527,-8.9958,-27.8106,26.2187,15.2135
2023-05-01,16.3926,14.0039,-9.0374,-29.2143,26.2410,15.1729
2023-05-02,16.5523,13.9213,-8.7003,-29.9498,26.2936,15.2117
2023-05-03,16.7519,13.8510,-7.8464,-30.4915,26.3138,15.2762
2023-05-04,16.9235,13.8048,-7.5959,-30.8451,26.3996,15.3390
2023-05-05,17.0036,13.7718,-7.4678,-31.1679,26.4839,15.3623
2023-05-06,17.0742,13.7345,-7.4543,-31.1504,26.4916,15.3789
2023-05-07,17.1334,13.6440,-7.4215,-31.2897,26.4588,15.3630
2023-05-08,17.1713,13.5180,-7.1913,-31.1958,26.3561,15.3188
2023-05-09,17.2636,13.4212,-7.1881,-31.3102,26.3037,15.3170
2023-05-10,17.3801,13.3647,-7.2225,-31.2939,26.3544,15.3471
2023-05-11,17.5507,13.4242,-7.0970,-31.3735,26.4215,15.4621
2023-05-12,17.6626,13.5101,-7.1180,-30.9822,26.4225,15.5612
2023-05-13,17.7864,13.4684,-6.9347,-30.8050,26.4550,15.6022
2023-05-14,17.8366,13.5037,-6.4526,-30.8403,26.4545,15.6449
2023-05-15,17.9169,13.5904,-5.8317,-30.0426,26.4628,15.7286
2023-05-16,17.9719,13.5995,-5.1833,-29.6059,26.4619,15.7609
2023-05-17,17.9951,13.4730,-5.0757,-30.0653,26.4062,15.7095
2023-05-18,18.0999,13.3492,-4.6157,-30.7635,26.3975,15.6998
2023-05-19,18.2144,13.2367,-4.1123,-31.4526,26.3696,15.7010
2023-05-20,18.3294,13.1262,-3.8309,-31.4761,26.3380,15.7031
2023-05-21,18.4815,13.0161,-3.1331,-31.7827,26.2985,15.7243
2023-05-22,18.6316,12.9872,-2.8805,-31.5178,26.3028,15.7849
2023-05-23,18.7300,13.0555,-2.6385,-30.6894,26.3053,15.8688
2023-05-24,18.7524,13.1586,-2.4800,-29.4830,26.2905,15.9317
2023-05-25,18.7726,13.2870,-2.5023,-28.7714,26.2959,16.0061
2023-05-26,18.8631,13.1715,-2.1170,-29.4764,26.2765,15.9936
2023-05-27,18.9951,13.0880,-1.3883,-29.1565,26.2422,16.0179
2023-05-28,19.1011,13.0265,-1.1131,-29.3308,26.1482,16.0403
2023-05-29,19.2110,12.9422,-1.1126,-30.2349,26.0753,16.0531
2023-05-30,19.4242,12.8707,-0.7787,-31.2063,26.0779,16.1241
2023-05-31,19.5643,12.8028,-0.4611,-32.4906,26.1103,16.1603
2023-06-01,19.6778,12.7036,0.0643,-33.3212,26.1819,16.1673
2023-06-02,19.8029,12.6766,0.3871,-33.4079,26.2292,16.2164
2023-06-03,19.9152,12.6892,0.4098,-32.6492,26.2220,16.2793
2023-06-04,19.9661,12.6551,0.5972,-32.2565,26.1498,16.2878
2023-06-05,20.0532,12.5924,0.4803,-32.2032,26.1520,16.3002
2023-06-06,20.1399,12.6943,0.6493,-31.2908,26.1240,16.3946
2023-06-07,20.2445,12.8213,0.8713,-29.5147,26.1072,16.5106
2023-06-08,20.3993,12.9426,1.1250,-27.9851,26.1897,16.6488
2023-06-09,20.4643,12.9889,1.1600,-27.6567,26.2226,16.7047
2023-06-10,20.4175,12.9152,1.0067,-27.9449,26.1925,16.6442
2023-06-11,20.4194,12.7668,1.1537,-28.4826,26.1733,16.5709
2023-06-12,20.4869,12.6442,1.6363,-28.2788,26.1585,16.5434
2023-06-13,20.5125,12.5310,1.9780,-27.2169,26.0102,16.4996
2023-06-14,20.5484,12.4463,2.1710,-26.9552,25.8472,16.4755
2023-06-15,20.6217,12.4221,2.3399,-27.2680,25.8056,16.5002
2023-06-16,20.7040,12.3586,2.3126,-28.0944,25.8864,16.5098
2023-06-17,20.7859,12.2777,2.1572,-28.5330,25.9257,16.5103
2023-06-18,20.8394,12.2217,2.2029,-28.5716,25.8955,16.5090
2023-06-19,20.8673,12.1859,2.4384,-29.4387,25.8826,16.5049
2023-06-20,20.8822,12.0288,2.6803,-30.9689,25.8829,16.4338
2023-06-21,20.9642,12.0094,2.8947,-31.5108,25.8643,16.4652
2023-06-22,21.0635,12.0093,3.2320,-31.6831,25.8305,16.5150
2023-06-23,21.1456,11.9964,3.5485,-31.7278,25.7569,16.5499
2023-06-24,21.2177,12.1213,3.7317,-30.7684,25.7585,16.6484
2023-06-25,21.3061,12.1537,4.1363,-30.5009,25.7674,16.7091
2023-06-26,21.3777,12.0850,4.3170,-30.9664,25.7539,16.7104
2023-06-27,21.4114,12.0458,4.4154,-31.0649,25.7638,16.7077
2023-06-28,21.4975,11.8752,4.3413,-32.1365,25.7778,16.6653
2023-06-29,21.6619,11.6842,4.5203,-32.8209,25.7648,16.6519
2023-06-30,21.6673,11.5515,4.3110,-33.1266,25.7193,16.5881
2023-07-01,21.6807,11.5051,4.3475,-32.8677,25.6432,16.5717
2023-07-02,21.7224,11.6860,4.4985,-31.1682,25.5974,16.6833
2023-07-03,21.8501,11.9649,4.7121,-29.7142,25.6471,16.8870
2023-07-04,21.9061,12.2185,4.7150,-28.2856,25.6814,17.0421
2023-07-05,21.9659,12.1881,4.8352,-28.4854,25.7386,17.0568
2023-07-06,22.0147,12.1853,4.8650,-28.4498,25.7713,17.0798
2023-07-07,22.0266,12.1450,4.8438,-27.9455,25.7373,17.0657
2023-07-08,22.0013,12.1224,4.6603,-27.7528,25.6744,17.0416
2023-07-09,22.0494,12.0545,4.5458,-28.4330,25.7172,17.0318
2023-07-10,22.1208,11.9827,4.7509,-28.6164,25.7247,17.0315
2023-07-11,22.1410,11.8601,4.9419,-29.1969,25.7073,16.9800
2023-07-12,22.1187,11.7843,4.9077,-30.2195,25.7389,16.9309
2023-07-13,22.1003,11.6573,4.6471,-30.8333,25.7316,16.8583
2023-07-14,22.1198,11.5799,4.6821,-31.2603,25.6780,16.8293
2023-07-15,22.1872,11.5911,5.0459,-31.0166,25.6473,16.8686
2023-07-16,22.2918,11.5719,5.1650,-31.3295,25.7187,16.9114
2023-07-17,22.4148,11.5484,5.2494,-32.1163,25.7656,16.9612
2023-07-18,22.4799,11.5591,5.3319,-31.7163,25.7756,16.9992
2023-07-19,22.4994,11.5371,5.4219,-31.3996,25.7672,16.9980
2023-07-20,22.5087,11.5140,5.2995,-31.7556,25.7892,16.9910
2023-07-21,22.4905,11.5171,5.3328,-32.2498,25.7623,16.9835
2023-07-22,22.5204,11.4839,5.4422,-32.9483,25.6999,16.9820
2023-07-23,22.5913,11.3940,5.3613,-33.1551,25.6250,16.9723
2023-07-24,22.6629,11.3140,5.4113,-33.4151,25.6310,16.9682
2023-07-25,22.6659,11.3420,5.5500,-33.5286,25.6718,16.9837
2023-07-26,22.6730,11.3966,5.8848,-33.9214,25.6934,17.0144
2023-07-27,22.6968,11.3417,6.0448,-34.1670,25.7084,16.9989
2023-07-28,22.7060,11.2821,6.0463,-34.6267,25.7199,16.9738
2023-07-29,22.7119,11.2336,5.8950,-35.3147,25.7336,16.9526
2023-07-30,22.7098,11.2470,5.6448,-35.0926,25.7343,16.9582
2023-07-31,22.7016,11.2215,5.4561,-34.6137,25.7355,16.9411
2023-08-01,22.7246,11.3163,5.6349,-34.2712,25.7023,17.0003
2023-08-02,22.6889,11.3916,5.4233,-33.5929,25.6011,17.0205
2023-08-03,22.6831,11.4307,5.2845,-32.8865,25.6437,17.0372
2023-08-04,22.6702,11.4756,5.3637,-32.4362,25.6902,17.0531
2023-08-05,22.6447,11.4419,5.4119,-32.8952,25.7215,17.0232
2023-08-06,22.5866,11.4128,5.5114,-33.7264,25.6853,16.9797
2023-08-07,22.5539,11.3202,5.8128,-34.5154,25.7126,16.9170
2023-08-08,22.5255,11.2531,6.0463,-34.6409,25.7241,16.8690
2023-08-09,22.5325,11.2025,6.0871,-34.9552,25.6957,16.8471
2023-08-10,22.5021,11.2179,5.6629,-35.2495,25.6543,16.8398
2023-08-11,22.4535,11.2010,5.0930,-35.6110,25.6361,16.8073
2023-08-12,22.4342,11.1499,5.0726,-35.8455,25.6253,16.7719
2023-08-13,22.4429,11.1195,5.1248,-36.0198,25.6040,16.7607
2023-08-14,22.4362,11.1203,5.2272,-36.2082,25.6097,16.7579
2023-08-15,22.3842,11.2784,4.9416,-35.3907,25.6860,16.8112
2023-08-16,22.3225,11.3786,4.4929,-34.2780,25.7159,16.8302
2023-08-17,22.3377,11.3405,4.2979,-34.0124,25.7414,16.8184
2023-08-18,22.3307,11.3376,4.0535,-34.2606,25.7906,16.8136
2023-08-19,22.2665,11.3022,3.9154,-33.8880,25.7757,16.7638
2023-08-20,22.2215,11.3216,4.0079,-34.1219,25.8123,16.7507
2023-08-21,22.2155,11.3814,4.1564,-34.6271,25.8727,16.7775
2023-08-22,22.1783,11.4602,4.0452,-33.7619,25.9255,16.7985
2023-08-23,22.0846,11.5397,3.9598,-32.0314,25.9212,16.7914
2023-08-24,22.0479,11.6261,3.9666,-30.8035,25.9487,16.8161
2023-08-25,22.0463,11.6983,3.9696,-30.3802,26.0209,16.8515
2023-08-26,21.9699,11.6291,3.8372,-30.0520,25.9940,16.7784
2023-08-27,21.8945,11.5081,3.6611,-30.9853,25.9045,16.6798
2023-08-28,21.8810,11.4597,3.4763,-31.8612,25.8705,16.6489
2023-08-29,21.8659,11.5097,3.1303,-32.3229,25.9091,16.6664
2023-08-30,21.7774,11.5180,2.7092,-33.1067,25.9225,16.6261
2023-08-31,21.6731,11.4521,2.2211,-34.1191,25.9175,16.5408
2023-09-01,21.6582,11.4574,2.1617,-34.3416,26.0113,16.5358
2023-09-02,21.6245,11.4891,2.2981,-34.1248,26.0383,16.5348
2023-09-03,21.4855,11.4773,1.9371,-34.3186,25.9853,16.4595
2023-09-04,21.3473,11.5067,1.6803,-33.4378,25.9379,16.4051
2023-09-05,21.2888,11.5084,1.6279,-32.0609,25.9032,16.3767
2023-09-06,21.2850,11.6417,1.8326,-30.8910,25.9883,16.4417
2023-09-07,21.2048,11.7350,1.8128,-30.5118,26.0577,16.4481
2023-09-08,21.1145,11.7849,1.7242,-29.8969,26.0463,16.4279
2023-09-09,21.0870,11.9045,1.7563,-29.3463,26.0182,16.4743
2023-09-10,21.0339,12.0572,1.7245,-28.6556,26.0270,16.5241
2023-09-11,20.9552,12.2007,1.4735,-27.7745,26.0582,16.5567
2023-09-12,20.8658,12.1395,1.2756,-27.1205,26.0011,16.4812
2023-09-13,20.7681,12.1117,0.9860,-26.7630,25.9014,16.4181
2023-09-14,20.6870,12.1916,0.8183,-26.4151,25.8516,16.4176
2023-09-15,20.6006,12.4165,0.5904,-26.0816,25.9296,16.4869
2023-09-16,20.5449,12.5433,0.3386,-26.0413,26.0115,16.5227
2023-09-17,20.4767,12.5214,0.0781,-26.0800,26.0079,16.4776
2023-09-18,20.3691,12.4700,-0.2523,-26.3482,26.0022,16.3977
2023-09-19,20.2726,12.4484,-0.4120,-26.7993,26.0174,16.3385
2023-09-20,20.1821,12.5130,-0.5860,-25.8869,26.0539,16.3253
2023-09-21,20.1721,12.5963,-0.7763,-25.0792,26.0782,16.3622
2023-09-22,20.1507,12.6580,-0.7645,-25.3930,26.1362,16.3823
2023-09-23,20.0947,12.6506,-0.7932,-26.1527,26.1437,16.3507
2023-09-24,20.0335,12.6568,-0.8546,-26.5866,26.1825,16.3229
2023-09-25,19.9659,12.5758,-1.1050,-27.3240,26.2367,16.2482
2023-09-26,19.9000,12.5651,-1.7089,-28.1812,26.2914,16.2096
2023-09-27,19.8632,12.5057,-2.2510,-28.4159,26.2810,16.1611
2023-09-28,19.8130,12.4936,-2.5703,-28.5675,26.2317,16.1303
2023-09-29,19.6929,12.5007,-2.8842,-28.9066,26.2215,16.0737
2023-09-30,19.5360,12.5452,-3.3152,-28.5616,26.2463,16.0173
2023-10-01,19.3733,12.5488,-3.5976,-28.5152,26.2635,15.9378
2023-10-02,19.2705,12.5608,-3.7901,-29.1565,26.2638,15.8921
2023-10-03,19.1778,12.4658,-3.9074,-29.8809,26.2351,15.7980
2023-10-04,19.0670,12.4101,-4.1133,-30.7237,26.2204,15.7146
2023-10-05,18.9400,12.4310,-4.2600,-31.2225,26.2406,15.6614
2023-10-06,18.7814,12.5036,-4.4143,-31.4863,26.2909,15.6183
2023-10-07,18.6812,12.5720,-4.3554,-30.8569,26.3110,15.6023
2023-10-08,18.6195,12.6882,-4.5034,-28.9167,26.3014,15.6296
2023-10-09,18.5434,12.8656,-4.6905,-26.6046,26.2569,15.6804
2023-10-10,18.4434,13.0188,-5.2600,-25.9173,26.2630,15.7071
2023-10-11,18.2965,13.0607,-5.9107,-26.0986,26.2950,15.6544
2023-10-12,18.0776,12.9891,-6.6510,-26.5400,26.3207,15.5087
2023-10-13,17.9829,12.9777,-6.8959,-26.9143,26.3124,15.4555
2023-10-14,17.8492,13.0562,-7.0715,-26.1282,26.2553,15.4279
2023-10-15,17.6362,13.0852,-7.5674,-25.8641,26.1657,15.3363
2023-10-16,17.4328,13.1124,-8.1461,-26.0636,26.1369,15.2480
2023-10-17,17.3257,13.1514,-8.6294,-26.1621,26.1286,15.2137
2023-10-18,17.2870,13.1323,-8.2940,-26.7604,26.1329,15.1850
2023-10-19,17.2823,13.1618,-7.7953,-27.1805,26.1592,15.1973
2023-10-20,17.2170,13.1946,-7.4354,-27.5781,26.1614,15.1811
2023-10-21,17.0723,13.2239,-7.2249,-28.0026,26.2166,15.1229
2023-10-22,17.0245,13.1809,-7.1707,-28.2433,26.2383,15.0774
2023-10-23,16.9296,13.2263,-7.4107,-27.6381,26.2522,15.0527
2023-10-24,16.8287,13.2323,-7.5577,-26.7438,26.2467,15.0052
2023-10-25,16.7020,13.2690,-8.0170,-25.9490,26.2289,14.9598
2023-10-26,16.4896,13.3142,-8.7235,-25.6024,26.1330,14.8761
2023-10-27,16.2735,13.3433,-9.0548,-25.2822,26.0776,14.7826
2023-10-28,16.1011,13.4174,-9.4513,-24.6993,26.0813,14.7331
2023-10-29,15.9353,13.5517,-10.0049,-23.7357,26.1020,14.7173
2023-10-30,15.7669,13.5898,-10.3128,-22.8570,26.0703,14.6519
2023-10-31,15.5725,13.5860,-10.8218,-22.6258,26.0293,14.5529
2023-11-01,15.4557,13.6430,-11.2533,-22.8889,26.0269,14.5227
2023-11-02,15.3280,13.6851,-11.8205,-23.3429,26.0225,14.4800
2023-11-03,15.1999,13.7285,-12.2813,-23.1633,26.0019,14.4377
2023-11-04,15.1406,13.7080,-12.4442,-23.1115,25.9621,14.3978
2023-11-05,15.0885,13.8200,-12.7719,-22.9562,26.0150,14.4276
2023-11-06,14.9742,13.9731,-13.1996,-22.3730,26.0792,14.4470
2023-11-07,14.9026,14.0502,-13.5168,-22.1156,26.0972,14.4500
2023-11-08,14.7978,14.1298,-13.3045,-21.4928,26.1279,14.4371
2023-11-09,14.6263,14.2385,-13.2885,-20.4851,26.1283,14.4059
2023-11-10,14.4404,14.3822,-13.7094,-19.9159,26.1568,14.3845
2023-11-11,14.3225,14.4226,-14.1997,-19.5873,26.1549,14.3458
2023-11-12,14.3130,14.4214,-14.6208,-19.4625,26.1794,14.3405
2023-11-13,14.2887,14.4662,-14.5963,-19.5100,26.2119,14.3506
2023-11-14,14.2276,14.5149,-14.9431,-19.2848,26.1785,14.3442
2023-11-15,14.1617,14.6217,-14.9283,-18.7208,26.1362,14.3648
2023-11-16,14.1619,14.7194,-14.7925,-18.1087,26.1298,14.4135
2023-11-17,14.1151,14.8603,-15.0881,-17.1504,26.1416,14.4606
2023-11-18,13.8845,15.0164,-16.1165,-16.2396,26.1614,14.4231
2023-11-19,13.6353,15.0295,-16.8898,-16.1473,26.1165,14.3048
2023-11-20,13.4662,15.0249,-16.9016,-16.0780,26.0334,14.2179
2023-11-21,13.1786,15.0507,-16.6392,-16.2176,25.9725,14.0872
2023-11-22,12.8586,15.0164,-16.5767,-16.2968,25.9907,13.9098
2023-11-23,12.6904,14.9898,-15.8626,-16.2923,25.9888,13.8121
2023-11-24,12.6149,14.9988,-15.6588,-16.4446,25.9265,13.7792
2023-11-25,12.5320,15.0617,-15.6718,-16.6467,25.9412,13.7687
2023-11-26,12.6227,15.1235,-15.0042,-16.3997,25.9205,13.8453
2023-11-27,12.7310,15.1828,-14.7011,-16.1821,25.9479,13.9293
2023-11-28,12.6243,15.2899,-14.7721,-15.6949,26.0090,13.9295
2023-11-29,12.4716,15.3477,-14.5802,-15.2902,26.0746,13.8818
2023-11-30,12.3842,15.3276,-14.6174,-15.1435,26.0365,13.8277
2023-12-01,12.4621,15.3651,-14.7555,-14.8836,26.0057,13.8856
2023-12-02,12.3992,15.4684,-15.1865,-14.3121,26.0045,13.9058
2023-12-03,12.2420,15.5937,-15.8606,-13.6297,26.0233,13.8899
2023-12-04,12.1318,15.6548,-16.4711,-13.3854,26.0057,13.8653
2023-12-05,11.9861,15.7384,-16.6825,-13.2144,25.9932,13.8342
2023-12-06,11.7965,15.8091,-16.5720,-13.3500,25.9952,13.7747
2023-12-07,11.6026,15.8109,-16.7719,-13.4676,25.9513,13.6785
2023-12-08,11.4281,15.7601,-17.2611,-13.5560,25.9275,13.5653
2023-12-09,11.3184,15.6610,-17.2189,-13.6615,25.9390,13.4607
2023-12-10,11.1355,15.6227,-17.4183,-13.5239,25.8954,13.3496
2023-12-11,10.9073,15.6922,-17.3543,-13.1676,25.7711,13.2700
2023-12-12,10.6758,15.9085,-17.4829,-12.9241,25.8229,13.2625
2023-12-13,10.6822,15.9795,-17.7498,-12.9770,25.8551,13.3011
2023-12-14,10.7547,15.9704,-17.6185,-13.1458,25.8429,13.3327
2023-12-15,10.7343,16.0190,-17.3823,-13.2146,25.8777,13.3467
2023-12-16,10.6882,16.1056,-17.6346,-13.2767,25.8463,13.3674
2023-12-17,10.5889,16.1359,-17.9710,-13.3224,25.7929,13.3330
2023-12-18,10.5526,16.1477,-18.0717,-13.3346,25.8150,13.3206
2023-12-19,10.5431,16.0946,-18.4005,-13.4005,25.8036,13.2891
2023-12-20,10.5786,16.0763,-18.8012,-13.5119,25.7156,13.2979
2023-12-21,10.6707,16.1513,-19.3311,-13.4916,25.6758,13.3816
2023-12-22,10.7652,16.2331,-19.7137,-13.5862,25.6921,13.4698
2023-12-23,10.8672,16.2833,-20.3217,-13.3144,25.7485,13.5460
2023-12-24,10.9681,16.2891,-20.4733,-13.2357,25.8208,13.5993
2023-12-25,10.9495,16.2459,-20.5490,-13.4739,25.8378,13.5684
2023-12-26,10.8585,16.1975,-20.9855,-13.7643,25.7850,13.4986
2023-12-27,10.8591,16.2211,-21.2611,-13.8621,25.7669,13.5109
2023-12-28,10.8050,16.3209,-21.4858,-13.6431,25.8139,13.5339
2023-12-29,10.6723,16.3954,-21.9742,-13.3648,25.8463,13.5046
2023-12-30,10.5867,16.3884,-22.2614,-13.2460,25.8397,13.4581
2023-12-31,10.5187,16.3732,-22.1039,-13.1370,25.8064,13.4163
2024-01-01,10.3771,16.4795,-22.2313,-13.0563,25.8394,13.3984
2024-01-02,10.1198,16.5307,-22.6692,-13.0848,25.8618,13.2955
2024-01-03,9.9272,16.5175,-22.9151,-13.3475,25.8526,13.1924
2024-01-04,9.8209,16.5110,-22.8462,-13.5278,25.8224,13.1357
2024-01-05,9.7020,16.5799,-22.9670,-13.4233,25.8228,13.1108
2024-01-06,9.6029,16.6297,-22.9351,-13.3254,25.8592,13.0860
2024-01-07,9.4623,16.6212,-22.3372,-13.1857,25.8573,13.0115
2024-01-08,9.4624,16.6284,-22.2376,-13.1509,25.8708,13.0149
2024-01-09,9.4876,16.6871,-22.2728,-13.1903,25.8765,13.0570
2024-01-10,9.3952,16.7250,-22.5111,-12.9940,25.8452,13.0297
2024-01-11,9.3286,16.6863,-22.5455,-13.4073,25.8010,12.9770
2024-01-12,9.2323,16.6677,-23.0585,-13.6431,25.7809,12.9196
2024-01-13,9.1201,16.7471,-23.3220,-13.4763,25.8006,12.9032
2024-01-14,9.1217,16.8288,-23.2383,-13.0784,25.8260,12.9447
2024-01-15,9.1930,16.8469,-22.5766,-12.9887,25.8056,12.9896
2024-01-16,9.2847,16.8185,-22.4614,-13.0430,25.8051,13.0213
2024-01-17,9.3914,16.7614,-22.2851,-13.0171,25.8030,13.0457
2024-01-18,9.5495,16.7890,-21.7248,-13.1144,25.8433,13.1389
2024-01-19,9.5210,16.8665,-21.9180,-13.2552,25.9123,13.1634
2024-01-20,9.3764,16.8998,-22.3494,-13.5973,25.9133,13.1073
2024-01-21,9.3448,16.8954,-22.1841,-13.8767,25.9401,13.0893
2024-01-22,9.4579,16.8732,-21.7345,-14.2045,25.9762,13.1348
2024-01-23,9.5568,16.8231,-22.1169,-14.4324,25.9152,13.1592
2024-01-24,9.6190,16.7908,-22.7227,-14.5579,25.8330,13.1742
2024-01-25,9.6693,16.7823,-23.3103,-14.6204,25.7802,13.1951
2024-01-26,9.6975,16.7894,-23.2286,-14.3717,25.7205,13.2128
2024-01-27,9.7813,16.8281,-22.4251,-13.8291,25.7661,13.2742
2024-01-28,9.8244,16.8919,-20.9306,-13.5941,25.7739,13.3277
2024-01-29,9.8018,16.9448,-20.5481,-13.8205,25.8726,13.3429
2024-01-30,9.9092,16.9948,-20.2593,-14.0062,25.9605,13.4217
2024-01-31,9.9786,17.0190,-19.9224,-13.9471,25.9342,13.4688
2024-02-01,9.9985,17.0100,-19.7111,-14.1078,25.9179,13.4745
2024-02-02,10.0443,16.9803,-19.4160,-14.5978,25.8735,13.4825
2024-02-03,10.0264,16.9677,-19.5732,-15.1408,25.8779,13.4671
2024-02-04,10.1141,16.8854,-19.7971,-15.6177,25.9355,13.4696
2024-02-05,10.1982,16.8065,-20.4411,-16.1621,25.9584,13.4725
2024-02-06,10.2839,16.8433,-20.3898,-16.3276,25.9444,13.5340
2024-02-07,10.3278,16.8735,-20.0259,-16.4448,25.9352,13.5710
2024-02-08,10.4648,16.9021,-20.0550,-16.5258,26.0061,13.6538
2024-02-09,10.5220,16.9133,-20.6889,-16.4685,26.0865,13.6878
2024-02-10,10.5446,16.8795,-21.1730,-16.3711,26.0932,13.6824
2024-02-11,10.5798,16.8561,-21.7357,-16.6446,26.1162,13.6884
2024-02-12,10.6029,16.8443,-22.3640,-17.0122,26.1844,13.6940
2024-02-13,10.6032,16.7534,-22.7765,-17.2856,26.2191,13.6486
2024-02-14,10.4778,16.7317,-22.1643,-17.6583,26.2950,13.5750
2024-02-15,10.2809,16.7557,-21.3920,-18.1162,26.3263,13.4883
2024-02-16,10.1966,16.7754,-21.5566,-18.4595,26.3016,13.4558
2024-02-17,10.1549,16.8035,-21.3728,-18.5972,26.3177,13.4490
2024-02-18,10.1363,16.7531,-20.7862,-18.8442,26.3166,13.4142
2024-02-19,10.1731,16.6877,-20.6541,-19.2952,26.2844,13.3995
2024-02-20,10.2085,16.6738,-20.3518,-19.7124,26.3179,13.4102
2024-02-21,10.3053,16.6858,-19.8856,-19.6429,26.3652,13.4649
2024-02-22,10.4527,16.7191,-19.6644,-19.1253,26.3951,13.5555
2024-02-23,10.5111,16.7241,-19.9176,-18.5181,26.3388,13.5872
2024-02-24,10.5202,16.6042,-20.3181,-18.8365,26.2979,13.5318
2024-02-25,10.5793,16.5429,-20.0851,-19.6433,26.3448,13.5311
2024-02-26,10.7040,16.5475,-19.5257,-19.9460,26.3532,13.5961
2024-02-27,10.7355,16.5304,-19.1926,-20.2540,26.3361,13.6034
2024-02-28,10.6797,16.5149,-19.4737,-20.6509,26.3733,13.5674
2024-02-29,10.6242,16.4279,-19.8174,-21.3139,26.3397,13.4964
2024-03-01,10.7231,16.3446,-19.3218,-22.2098,26.3157,13.5040
2024-03-02,11.0822,16.2630,-17.9866,-22.8560,26.3582,13.6428
2024-03-03,11.3104,16.2025,-18.0362,-22.4178,26.3971,13.7269
2024-03-04,11.3940,16.2237,-18.7034,-21.4062,26.4583,13.7793
2024-03-05,11.4303,16.2691,-19.3802,-20.9537,26.5273,13.8205
2024-03-06,11.4883,16.2750,-19.4727,-21.2646,26.5575,13.8526
2024-03-07,11.5159,16.2480,-19.8235,-21.6558,26.5363,13.8526
2024-03-08,11.5265,16.2335,-20.7226,-21.9920,26.5554,13.8510
2024-03-09,11.6640,16.1998,-20.9612,-22.6613,26.6091,13.9027
2024-03-10,11.8593,16.1653,-21.5561,-23.1893,26.6766,13.9831
2024-03-11,12.0300,16.1869,-22.0548,-23.4280,26.7581,14.0793
2024-03-12,12.1593,16.2661,-22.0069,-22.8915,26.8291,14.1836
2024-03-13,12.3106,16.3043,-21.9627,-22.5481,26.8811,14.2783
2024-03-14,12.4393,16.3099,-21.9727,-21.7952,26.8666,14.3458
2024-03-15,12.4950,16.2554,-22.4462,-21.7017,26.8536,14.3464
2024-03-16,12.4775,16.2023,-22.6392,-21.8180,26.8314,14.3110
2024-03-17,12.4659,16.1588,-22.3821,-21.5477,26.8052,14.2833
2024-03-18,12.4426,16.2175,-21.8946,-20.7988,26.7376,14.3010
2024-03-19,12.4506,16.1967,-21.1938,-20.9650,26.6345,14.2950
2024-03-20,12.4918,16.0490,-20.6589,-22.0336,26.5799,14.2416
2024-03-21,12.6428,15.9144,-19.9859,-22.6497,26.6438,14.2498
2024-03-22,12.7183,15.7302,-19.9221,-23.4521,26.6298,14.1954
2024-03-23,12.7047,15.5985,-20.3818,-24.3553,26.5852,14.1228
2024-03-24,12.6945,15.5836,-20.6098,-24.9415,26.5880,14.1103
2024-03-25,12.8072,15.6140,-20.2057,-25.0278,26.5863,14.1817
2024-03-26,12.9302,15.5554,-19.6496,-25.5485,26.6157,14.2140
2024-03-27,13.1453,15.5297,-19.1105,-25.2063,26.6273,14.3090
2024-03-28,13.3932,15.5801,-19.3817,-24.8672,26.6894,14.4585
2024-03-29,13.5857,15.5890,-19.3565,-25.3151,26.7392,14.5595
2024-03-30,13.7612,15.4985,-18.9205,-25.8522,26.7630,14.6020
2024-03-31,13.9700,15.4178,-18.4002,-26.2514,26.7408,14.6663
2024-04-01,14.1948,15.3373,-17.6255,-26.5329,26.7838,14.7387
2024-04-02,14.3561,15.2416,-17.0610,-27.3340,26.8268,14.7712
2024-04-03,14.3957,15.1755,-17.0334,-27.9203,26.7961,14.7583
2024-04-04,14.3640,15.0898,-17.4686,-28.4955,26.7825,14.6996
2024-04-05,14.4575,14.9605,-17.3644,-29.0166,26.7500,14.6821
2024-04-06,14.4924,14.9339,-17.1639,-29.1874,26.7533,14.6860
2024-04-07,14.5806,14.9161,-16.8684,-28.6183,26.7142,14.7213
2024-04-08,14.8054,14.9067,-16.1459,-28.3476,26.7018,14.8290
2024-04-09,14.9073,14.8635,-16.1762,-27.6457,26.7121,14.8583
2024-04-10,14.9342,14.8277,-16.4745,-27.2401,26.7006,14.8539
2024-04-11,15.0628,14.7618,-16.5537,-27.2393,26.7043,14.8855
2024-04-12,15.1646,14.7956,-16.2718,-26.6833,26.6945,14.9535
2024-04-13,15.2534,14.8019,-15.9480,-26.4101,26.6836,15.0012
2024-04-14,15.4531,14.8179,-15.4815,-26.7634,26.7288,15.1089
2024-04-15,15.5934,14.8156,-15.2940,-27.0853,26.8025,15.1777
2024-04-16,15.5850,14.7928,-15.0934,-27.3275,26.7931,15.1623
2024-04-17,15.6307,14.7072,-14.7033,-27.7971,26.8314,15.1423
2024-04-18,15.6988,14.6145,-14.1668,-28.2357,26.8588,15.1298
2024-04-19,15.6824,14.5798,-13.9909,-28.8433,26.8956,15.1043
2024-04-20,15.7572,14.5164,-13.5803,-29.5212,26.9190,15.1102
2024-04-21,15.8345,14.4808,-12.5665,-29.9390,26.8769,15.1311
2024-04-22,15.8983,14.4842,-11.4411,-30.1184,26.8700,15.1647
2024-04-23,16.0561,14.4499,-10.4771,-30.4001,26.9354,15.2267
2024-04-24,16.2087,14.3638,-9.7041,-30.3549,26.9716,15.2604
2024-04-25,16.3224,14.3084,-9.5288,-30.3039,26.9685,15.2894
2024-04-26,16.4039,14.1304,-9.4127,-31.0582,26.9278,15.2411
2024-04-27,16.4765,14.0402,-9.3895,-31.6021,26.9026,15.2323
2024-04-28,16.4794,14.0726,-9.2735,-30.6703,26.8544,15.2498
2024-04-29,16.5298,14.2423,-9.0587,-29.0484,26.8777,15.3602
2024-04-30,16.6190,14.2829,-8.9849,-28.3608,26.8995,15.4255
2024-05-01,16.6874,14.3258,-8.8432,-27.4368,26.9154,15.4812
2024-05-02,16.7364,14.2217,-8.5472,-27.8709,26.8564,15.4537
2024-05-03,16.9254,14.1520,-8.3342,-27.7331,26.8761,15.5131
2024-05-04,17.0762,14.1608,-8.1636,-27.1050,26.8560,15.5933
2024-05-05,17.1982,14.1958,-7.8952,-26.8256,26.8765,15.6718
2024-05-06,17.3577,14.1835,-7.3519,-27.7395,26.8990,15.7455
2024-05-07,17.5152,14.1218,-6.8844,-28.4674,26.8790,15.7937
2024-05-08,17.5355,14.0630,-6.9172,-28.8168,26.8878,15.7747
2024-05-09,17.5186,13.8744,-7.1082,-29.4583,26.8300,15.6718
2024-05-10,17.6320,13.7768,-6.8708,-30.1594,26.8269,15.6797
2024-05-11,17.8230,13.7106,-6.3753,-30.3414,26.8774,15.7422
2024-05-12,17.9558,13.6731,-5.7168,-29.8110,26.8612,15.7898
2024-05-13,17.9871,13.6619,-5.4204,-28.4827,26.7609,15.7999
2024-05-14,18.0156,13.6385,-5.5415,-27.6736,26.6992,15.8026
2024-05-15,18.1420,13.6152,-5.6222,-27.7466,26.6317,15.8543
2024-05-16,18.2526,13.6015,-5.4733,-28.3991,26.5698,15.9029
2024-05-17,18.3785,13.4914,-5.1337,-29.6416,26.6214,15.9108
2024-05-18,18.5298,13.3418,-4.6503,-30.6755,26.6709,15.9118
2024-05-19,18.6605,13.2065,-4.2882,-31.5268,26.6281,15.9092
2024-05-20,18.8550,13.0669,-3.9123,-32.3726,26.6233,15.9369
2024-05-21,19.0589,13.0145,-3.2797,-32.9789,26.6355,16.0127
2024-05-22,19.0954,13.0377,-2.7043,-32.7162,26.6247,16.0427
2024-05-23,19.0947,13.0349,-2.5719,-32.5589,26.6565,16.0410
2024-05-24,19.1400,13.0220,-2.6772,-30.9765,26.6759,16.0573
2024-05-25,19.1914,13.1202,-2.2059,-28.7195,26.5990,16.1327
2024-05-26,19.3596,13.0879,-1.3367,-28.0412,26.5248,16.2008
2024-05-27,19.5066,13.1289,-0.9128,-27.6049,26.5427,16.2950
2024-05-28,19.5886,13.1296,-0.4545,-27.5785,26.5149,16.3364
2024-05-29,19.5936,13.1431,-0.4145,-27.3187,26.4444,16.3459
2024-05-30,19.6710,13.1640,-0.2261,-25.9268,26.4053,16.3952
2024-05-31,19.8386,13.2458,-0.2574,-24.4522,26.4314,16.5200
2024-06-01,19.9887,13.1911,-0.2196,-25.4940,26.4042,16.5678
2024-06-02,20.0503,13.0352,0.1076,-26.9577,26.3643,16.5205
2024-06-03,20.1615,12.8346,0.6139,-27.9545,26.3553,16.4758
2024-06-04,20.2069,12.7803,1.0363,-28.6502,26.3237,16.4716
2024-06-05,20.3046,12.7539,1.3118,-29.5697,26.3187,16.5071
2024-06-06,20.3604,12.6626,1.4992,-30.3513,26.2812,16.4897
2024-06-07,20.4823,12.5564,1.7006,-30.6943,26.2719,16.4977
2024-06-08,20.5527,12.5976,1.9613,-30.1813,26.2347,16.5536
2024-06-09,20.6208,12.6311,1.9816,-29.6439,26.2066,16.6046
2024-06-10,20.6687,12.6313,1.9506,-28.7945,26.1370,16.6290
2024-06-11,20.8000,12.6093,2.1653,-28.5853,26.1051,16.6838
2024-06-12,20.9371,12.5874,2.2905,-28.9788,26.1293,16.7416
2024-06-13,21.0457,12.6169,2.3759,-29.7242,26.1735,16.8106
2024-06-14,21.0598,12.5964,2.2128,-30.4582,26.1884,16.8072
2024-06-15,21.0374,12.5005,2.3429,-31.0035,26.1154,16.7482
2024-06-16,21.0620,12.4182,2.7565,-30.7800,26.0627,16.7195
2024-06-17,21.1317,12.3818,2.9253,-30.6886,26.0581,16.7361
2024-06-18,21.1744,12.2906,2.9066,-30.9985,26.0719,16.7118
2024-06-19,21.1539,12.2174,2.8756,-30.9949,26.0943,16.6649
2024-06-20,21.1321,12.1607,2.9429,-31.1591,26.0964,16.6257
2024-06-21,21.2093,12.0948,2.9710,-31.5181,26.0724,16.6315
2024-06-22,21.3502,11.9660,3.3302,-32.4149,26.0243,16.6375
2024-06-23,21.4568,11.9291,3.4729,-32.6008,25.9934,16.6723
2024-06-24,21.5177,11.8687,3.5752,-32.8740,25.9602,16.6725
2024-06-25,21.6288,11.8140,3.7178,-33.0957,25.9666,16.7006
2024-06-26,21.6968,11.8550,4.1405,-33.0007,25.9952,16.7553
2024-06-27,21.6723,11.9130,4.4311,-32.8758,25.9890,16.7721
2024-06-28,21.5835,11.9996,4.6561,-32.2452,25.9451,16.7710
2024-06-29,21.5934,11.9976,4.3529,-31.3179,25.9357,16.7750
2024-06-30,21.6419,11.9189,3.8248,-30.3434,25.8721,16.7600
2024-07-01,21.7228,11.8281,3.8544,-30.0960,25.8034,16.7549
2024-07-02,21.7043,11.7758,3.6189,-30.5016,25.8109,16.7198
2024-07-03,21.7571,11.7921,3.9325,-30.9835,25.7785,16.7544
2024-07-04,21.8277,11.7175,4.3878,-31.2477,25.7257,16.7525
2024-07-05,21.8945,11.6340,4.3846,-30.7153,25.7502,16.7442
2024-07-06,21.8986,11.5505,4.1681,-30.5398,25.7123,16.7046
2024-07-07,21.9315,11.5508,4.2943,-30.1163,25.6883,16.7214
2024-07-08,22.1003,11.5113,4.5640,-30.8764,25.6944,16.7861
2024-07-09,22.2950,11.4144,4.8975,-32.1383,25.6470,16.8350
2024-07-10,22.3916,11.4162,4.9987,-32.4761,25.5984,16.8845
2024-07-11,22.3801,11.4159,5.0040,-32.9505,25.6584,16.8784
2024-07-12,22.3111,11.3369,4.9104,-33.5938,25.6385,16.8041
2024-07-13,22.2995,11.2835,4.8106,-33.8713,25.6019,16.7718
2024-07-14,22.3529,11.1816,5.1467,-34.7191,25.6053,16.7475
2024-07-15,22.3967,11.1587,5.3117,-34.6009,25.5812,16.7578
2024-07-16,22.4527,11.2066,5.2443,-33.8224,25.5476,16.8100
2024-07-17,22.5274,11.3154,5.2206,-31.5418,25.5399,16.9021
2024-07-18,22.5352,11.5104,5.0555,-30.0220,25.5279,17.0037
2024-07-19,22.5290,11.5905,4.8475,-30.0668,25.5800,17.0408
2024-07-20,22.4961,11.5912,5.0225,-30.0761,25.5853,17.0247
2024-07-21,22.5168,11.7084,5.2203,-29.0772,25.5445,17.0939
2024-07-22,22.5210,11.8242,5.2254,-28.6538,25.5508,17.1539
2024-07-23,22.5277,11.8114,4.9566,-29.4406,25.5562,17.1507
2024-07-24,22.4566,11.7752,4.6697,-30.0900,25.5880,17.0970
2024-07-25,22.4569,11.7137,4.7275,-30.3201,25.6454,17.0664
2024-07-26,22.4119,11.7487,4.7946,-29.4501,25.6696,17.0614
2024-07-27,22.4383,11.7663,4.8581,-29.0016,25.6568,17.0833
2024-07-28,22.4420,11.7052,4.5565,-28.9784,25.5876,17.0547
2024-07-29,22.4452,11.6157,4.4057,-28.7522,25.5330,17.0116
2024-07-30,22.4057,11.6018,4.2244,-28.4131,25.5014,16.9849
2024-07-31,22.3650,11.6431,4.3222,-28.1138,25.4727,16.9852
2024-08-01,22.3099,11.7141,4.5320,-27.9367,25.4285,16.9932
2024-08-02,22.3194,11.7997,4.7150,-27.3698,25.3886,17.0410
2024-08-03,22.3589,11.8237,4.8442,-27.0632,25.4221,17.0728
2024-08-04,22.3395,11.7933,4.6693,-26.6131,25.4282,17.0479
2024-08-05,22.3676,11.7553,4.6976,-25.9790,25.4651,17.0427
2024-08-06,22.3536,11.7967,4.9621,-26.3169,25.5224,17.0564
2024-08-07,22.3559,11.7669,5.2640,-26.6099,25.5280,17.0426
2024-08-08,22.3538,11.6706,5.3999,-27.1826,25.5236,16.9932
2024-08-09,22.3365,11.5927,5.2054,-27.7900,25.4705,16.9457
2024-08-10,22.3230,11.4715,5.0711,-29.0503,25.3740,16.8784
2024-08-11,22.3087,11.4034,4.7378,-30.0435,25.3840,16.8372
2024-08-12,22.3028,11.3403,4.2796,-30.7713,25.4403,16.8026
2024-08-13,22.2227,11.3124,4.1643,-31.2493,25.4157,16.7483
2024-08-14,22.2173,11.2907,4.4328,-31.4369,25.4490,16.7348
2024-08-15,22.2365,11.3651,4.8783,-31.3852,25.5414,16.7817
2024-08-16,22.2438,11.4617,5.0105,-30.9871,25.6165,16.8336
2024-08-17,22.1881,11.5617,4.9876,-30.0071,25.6358,16.8556
2024-08-18,22.1650,11.6522,4.7847,-28.5676,25.6341,16.8892
2024-08-19,22.1100,11.7242,4.4975,-28.4952,25.6554,16.8977
2024-08-20,22.0474,11.6052,4.0706,-29.7045,25.6269,16.8068
2024-08-21,21.9899,11.5530,3.7029,-31.2345,25.6505,16.7519
2024-08-22,21.9630,11.4871,3.7371,-32.2063,25.6827,16.7055
2024-08-23,21.9698,11.3905,3.8287,-33.5439,25.6296,16.6604
2024-08-24,21.9227,11.3225,3.8984,-33.8810,25.5592,16.6028
2024-08-25,21.8980,11.2333,3.7461,-33.3294,25.5182,16.5459
2024-08-26,21.9519,11.2899,3.5781,-33.1132,25.5656,16.6011
2024-08-27,21.8706,11.4862,3.2509,-32.3394,25.5948,16.6589
2024-08-28,21.7576,11.6817,3.0089,-30.7667,25.6376,16.7001
2024-08-29,21.6661,11.7294,2.8483,-31.3596,25.6804,16.6781
2024-08-30,21.5607,11.8083,2.6947,-30.8635,25.6930,16.6646
2024-08-31,21.4255,11.8615,2.6676,-29.8869,25.5881,16.6236
2024-09-01,21.3837,11.8694,2.7445,-29.2133,25.5322,16.6066
2024-09-02,21.2992,11.9348,2.5117,-29.0415,25.5454,16.5974
2024-09-03,21.1643,11.9551,2.0555,-29.7465,25.6279,16.5399
2024-09-04,21.0549,11.8896,1.9305,-30.9354,25.6522,16.4522
2024-09-05,21.0294,11.7705,1.9353,-32.0089,25.6291,16.3800
2024-09-06,20.9815,11.7644,1.8721,-32.1368,25.6388,16.3526
2024-09-07,20.9851,11.8533,1.7034,-31.7978,25.7190,16.3986
2024-09-08,20.9610,11.8792,1.5058,-32.0983,25.7788,16.3997
2024-09-09,20.9391,11.8544,1.6861,-32.5510,25.8574,16.3762
2024-09-10,20.9062,11.8689,1.6600,-32.5181,25.9339,16.3667
2024-09-11,20.8764,11.8996,1.4977,-32.4750,26.0005,16.3671
2024-09-12,20.7695,11.8883,1.4108,-32.2642,25.9821,16.3078
2024-09-13,20.6712,11.9300,1.0353,-32.1350,25.9740,16.2793
2024-09-14,20.5970,11.8705,0.7003,-33.1975,25.9903,16.2124
2024-09-15,20.5557,11.7468,0.6415,-33.6637,25.9696,16.1296
2024-09-16,20.5086,11.6682,0.5437,-33.6868,25.9015,16.0667
2024-09-17,20.4453,11.6894,0.1402,-33.0347,25.8440,16.0458
2024-09-18,20.3555,11.8438,-0.1579,-32.2291,25.8241,16.0783
2024-09-19,20.2506,11.9112,-0.2219,-32.2828,25.8729,16.0595
2024-09-20,20.1248,11.8847,-0.7657,-32.0985,25.8961,15.9831
2024-09-21,20.0508,11.8466,-1.0025,-31.8128,25.8625,15.9269
2024-09-22,20.0102,11.9173,-0.6912,-31.7166,25.8651,15.9422
2024-09-23,19.9370,11.9397,-0.4842,-31.7356,25.8562,15.9168
2024-09-24,19.9007,12.0860,-0.4809,-30.5305,25.8577,15.9717
2024-09-25,19.8843,12.1623,-0.7339,-29.8097,25.9269,16.0018
2024-09-26,19.8514,12.1801,-1.0229,-29.4117,25.9808,15.9939
2024-09-27,19.7482,12.1977,-1.2250,-29.1573,25.9344,15.9510
2024-09-28,19.5729,12.2710,-1.4753,-28.9222,25.9815,15.9000
2024-09-29,19.3815,12.3466,-1.8637,-28.4179,26.0065,15.8423
2024-09-30,19.2122,12.3966,-2.1577,-28.2084,26.0052,15.7823
2024-10-01,19.0748,12.4028,-2.6046,-27.9604,25.9642,15.7164
2024-10-02,18.9907,12.3763,-2.7147,-28.3167,25.9079,15.6612
2024-10-03,18.9101,12.2774,-2.6121,-29.2294,25.8206,15.5715
2024-10-04,18.8567,12.3221,-2.5091,-29.2420,25.7912,15.5673
2024-10-05,18.8041,12.5151,-2.7963,-28.8885,25.8450,15.6375
2024-10-06,18.6625,12.6253,-3.3274,-28.6644,25.8954,15.6218
2024-10-07,18.5909,12.6447,-3.7876,-28.7751,25.9269,15.5957
2024-10-08,18.5176,12.6573,-3.9558,-28.8690,25.9873,15.5651
2024-10-09,18.4173,12.6361,-3.8336,-28.8845,26.0041,15.5041
2024-10-10,18.3068,12.6193,-4.0384,-28.6215,25.9515,15.4402
2024-10-11,18.1148,12.6444,-4.1929,-28.5548,25.9621,15.3564
2024-10-12,17.9523,12.7520,-4.3335,-28.2026,25.9985,15.3289
2024-10-13,17.8317,12.8947,-4.6960,-27.3072,26.0114,15.3401
2024-10-14,17.6430,12.9646,-5.3966,-26.8198,25.9752,15.2807
2024-10-15,17.4699,13.0015,-6.3068,-26.6149,25.9715,15.2122
2024-10-16,17.3313,13.0587,-6.5256,-26.1738,25.9579,15.1715
2024-10-17,17.2369,13.0842,-6.2970,-25.9240,25.9324,15.1368
2024-10-18,17.0663,13.0692,-6.0978,-25.7644,25.9760,15.0436
2024-10-19,16.8883,13.1678,-6.2940,-25.5545,25.9957,15.0038
2024-10-20,16.9111,13.2610,-6.5775,-25.1624,26.0013,15.0617
2024-10-21,16.9121,13.2836,-6.8702,-24.8703,25.9985,15.0738
2024-10-22,16.7983,13.3826,-7.5559,-24.5144,26.0441,15.0663
2024-10-23,16.7292,13.4644,-8.2577,-24.3205,26.0869,15.0727
2024-10-24,16.6586,13.5247,-8.6719,-23.6381,26.0861,15.0675
2024-10-25,16.4848,13.5800,-8.7298,-22.9723,26.0749,15.0079
2024-10-26,16.2963,13.6136,-8.9377,-22.0363,26.0221,14.9306
2024-10-27,16.2497,13.6827,-9.1746,-20.8232,25.9306,14.9418
2024-10-28,16.1739,13.8130,-9.4690,-20.2778,25.9105,14.9693
2024-10-29,16.0020,13.8927,-9.8816,-20.7451,25.8934,14.9232
2024-10-30,15.9154,13.9436,-9.8320,-20.9444,25.8862,14.9051
2024-10-31,15.7727,13.9324,-9.9378,-21.2209,25.8465,14.8282
2024-11-01,15.6472,13.9304,-9.9657,-21.6865,25.7961,14.7641
2024-11-02,15.5487,13.9297,-10.1664,-21.5955,25.7707,14.7144
2024-11-03,15.4076,13.9392,-10.5346,-21.4379,25.7861,14.6486
2024-11-04,15.2108,13.9886,-10.3976,-21.3936,25.7848,14.5751
2024-11-05,15.0760,14.0424,-10.3375,-21.3175,25.7962,14.5341
2024-11-06,14.9402,14.1120,-10.6100,-20.9501,25.7553,14.5011
2024-11-07,14.8626,14.0585,-11.6145,-20.7638,25.7340,14.4354
2024-11-08,14.8294,14.0330,-12.1138,-20.9572,25.7281,14.4057
2024-11-09,14.7928,14.0848,-12.5616,-20.6931,25.7406,14.4137
2024-11-10,14.6249,14.1667,-13.1030,-20.2710,25.7515,14.3705
2024-11-11,14.4110,14.1270,-13.7237,-20.3427,25.7405,14.2435
2024-11-12,14.1731,14.1767,-14.1600,-20.4123,25.7439,14.1489
2024-11-13,13.9486,14.2306,-14.8693,-20.2639,25.7731,14.0633
2024-11-14,13.7884,14.2666,-15.6059,-20.2785,25.7281,14.0014
2024-11-15,13.6776,14.3451,-16.1774,-20.3144,25.6734,13.9856
2024-11-16,13.6717,14.3981,-16.4760,-20.2850,25.6648,14.0091
2024-11-17,13.5986,14.3427,-16.2056,-20.7368,25.6578,13.9444
2024-11-18,13.5567,14.3705,-16.0674,-20.7311,25.6399,13.9372
2024-11-19,13.4834,14.3989,-15.7047,-20.5911,25.6188,13.9146
2024-11-20,13.4196,14.4568,-15.6021,-20.2024,25.6089,13.9117
2024-11-21,13.3125,14.5619,-15.4684,-19.8369,25.6439,13.9108
2024-11-22,13.1950,14.6876,-14.9386,-18.7498,25.6342,13.9149
2024-11-23,13.0404,14.7511,-14.9843,-17.9193,25.5990,13.8693
2024-11-24,12.8801,14.8016,-15.2210,-17.7475,25.5995,13.8141
2024-11-25,12.6696,14.8936,-15.5942,-17.4565,25.6078,13.7548
2024-11-26,12.6047,14.9438,-16.2026,-17.2280,25.5889,13.7473
2024-11-27,12.5681,14.9516,-16.6999,-17.2045,25.5321,13.7330
2024-11-28,12.3478,14.9668,-17.1319,-17.3142,25.5027,13.6300
2024-11-29,12.1075,15.0107,-17.5631,-17.1059,25.4709,13.5316
2024-11-30,12.0007,15.1070,-17.8348,-16.4235,25.4926,13.5263
2024-12-01,11.9170,15.2410,-17.5587,-15.7102,25.5570,13.5516
2024-12-02,11.8236,15.2845,-17.4580,-14.9519,25.5863,13.5267
2024-12-03,11.7770,15.3759,-17.7352,-14.0620,25.5741,13.5491
2024-12-04,11.7270,15.5181,-17.7432,-13.5480,25.5575,13.5955
2024-12-05,11.6936,15.6324,-17.7733,-13.0377,25.5425,13.6359
2024-12-06,11.6455,15.7070,-17.7666,-12.7177,25.5331,13.6495
2024-12-07,11.5728,15.7275,-17.7434,-12.2530,25.5216,13.6234
2024-12-08,11.4304,15.7280,-17.8764,-12.1163,25.5183,13.5520
2024-12-09,11.3261,15.7560,-18.3830,-12.2323,25.5504,13.5137
2024-12-10,11.2186,15.8517,-18.4967,-12.2363,25.5915,13.5079
2024-12-11,11.0714,15.9368,-18.6570,-12.2049,25.5548,13.4770
2024-12-12,10.9375,16.0022,-18.9210,-12.2118,25.5265,13.4428
2024-12-13,10.9062,15.9869,-19.3295,-12.4668,25.5853,13.4191
2024-12-14,10.9319,15.9783,-19.2081,-12.6902,25.5835,13.4274
2024-12-15,10.8113,15.9779,-19.2798,-13.0102,25.4937,13.3668
2024-12-16,10.8442,15.9572,-19.0557,-12.9590,25.4434,13.3731
2024-12-17,10.8410,15.9506,-19.2788,-12.8717,25.4386,13.3682
2024-12-18,10.6499,15.9389,-19.8792,-12.7997,25.4072,13.2666
2024-12-19,10.4448,15.9812,-20.0704,-12.7890,25.3747,13.1850
2024-12-20,10.2596,16.0772,-20.3160,-12.4675,25.3477,13.1403
2024-12-21,10.1677,16.1380,-20.6700,-12.1314,25.3496,13.1248
2024-12-22,10.2514,16.1674,-20.6056,-11.9916,25.3293,13.1814
2024-12-23,10.4214,16.1801,-20.0510,-11.7466,25.3303,13.2732
2024-12-24,10.4644,16.1868,-20.0546,-11.4817,25.3252,13.2984
2024-12-25,10.5592,16.2546,-19.9709,-11.3393,25.3237,13.3799
2024-12-26,10.6174,16.2646,-20.0580,-11.2590,25.3199,13.4140
2024-12-27,10.6705,16.2561,-19.5919,-11.3683,25.3219,13.4362
2024-12-28,10.6823,16.3041,-20.1368,-11.6711,25.3399,13.4659
2024-12-29,10.7189,16.3383,-20.5671,-11.9422,25.3450,13.5013
2024-12-30,10.6674,16.3678,-20.5913,-12.1371,25.3452,13.4904
2024-12-31,10.4807,16.3807,-20.7614,-11.9827,25.3326,13.4032
2025-01-01,10.2417,16.4328,-20.5353,-11.5305,25.2804,13.3096
2025-01-02,10.0855,16.4659,-20.0876,-11.4629,25.2383,13.2480
2025-01-03,9.9872,16.5431,-20.2259,-11.5780,25.2344,13.2373
2025-01-04,9.8544,16.5673,-20.8090,-11.5598,25.2431,13.1831
2025-01-05,9.8002,16.5379,-21.6389,-11.6017,25.2287,13.1413
2025-01-06,9.7943,16.5356,-21.8826,-11.8334,25.2241,13.1371
2025-01-07,9.8095,16.6163,-21.6459,-11.7746,25.2526,13.1850
2025-01-08,9.8186,16.6653,-22.0277,-11.9488,25.2979,13.2140
2025-01-09,9.8247,16.6693,-22.5060,-12.1117,25.2724,13.2190
2025-01-10,9.8274,16.6884,-22.7683,-12.1437,25.2356,13.2300
2025-01-11,9.7655,16.6869,-22.6776,-12.1822,25.1836,13.1982
2025-01-12,9.6599,16.6684,-22.2778,-12.3286,25.1811,13.1359
2025-01-13,9.6502,16.6635,-21.5773,-12.3073,25.2499,13.1285
2025-01-14,9.7344,16.6949,-21.8628,-12.0887,25.2846,13.1865
2025-01-15,9.7932,16.7348,-23.1156,-11.6491,25.3548,13.2359
2025-01-16,9.8165,16.7904,-24.0733,-11.2198,25.3617,13.2755
2025-01-17,9.7568,16.8367,-24.6205,-10.6440,25.3492,13.2690
2025-01-18,9.7183,16.9218,-24.3280,-10.3606,25.4059,13.2924
2025-01-19,9.6796,16.9794,-23.6295,-10.3928,25.4235,13.3020
2025-01-20,9.6113,17.0022,-22.9223,-10.6768,25.4217,13.2791
2025-01-21,9.5303,16.9899,-22.7057,-10.9588,25.4356,13.2323
2025-01-22,9.5159,16.9585,-21.7996,-11.2697,25.3973,13.2096
2025-01-23,9.5991,16.9173,-21.3998,-11.7851,25.3699,13.2311
2025-01-24,9.7086,16.9114,-20.9468,-12.1311,25.4115,13.2829
2025-01-25,9.6738,16.9569,-20.6017,-12.2665,25.4369,13.2881
2025-01-26,9.6178,17.0170,-20.8234,-12.1872,25.4336,13.2901
2025-01-27,9.6427,16.9358,-21.1533,-12.6624,25.4323,13.2618
2025-01-28,9.7044,16.8710,-21.3641,-13.3289,25.4522,13.2602
2025-01-29,9.6699,16.8353,-21.6867,-13.8319,25.4489,13.2249
2025-01-30,9.6426,16.8270,-21.5653,-14.3050,25.4917,13.2072
2025-01-31,9.5704,16.8813,-21.4460,-14.6316,25.5109,13.1981
2025-02-01,9.6035,16.9039,-20.5942,-14.8321,25.5404,13.2258
2025-02-02,9.6191,16.8900,-19.2538,-15.0118,25.5538,13.2264
2025-02-03,9.7246,16.8894,-17.9058,-14.7237,25.5663,13.2789
2025-02-04,9.8631,16.8716,-17.1495,-14.4222,25.5786,13.3394
2025-02-05,9.9526,16.8638,-17.6974,-14.5669,25.5980,13.3802
2025-02-06,9.9290,16.8211,-17.6772,-14.9576,25.5688,13.3471
2025-02-07,9.8463,16.7651,-17.4499,-15.4143,25.5308,13.2779
2025-02-08,9.7581,16.7389,-18.4059,-15.8556,25.5182,13.2204
2025-02-09,9.8159,16.7832,-18.9821,-15.8136,25.6191,13.2714
2025-02-10,9.8850,16.8036,-18.8143,-15.9239,25.7001,13.3160
2025-02-11,9.9475,16.7620,-18.9193,-16.2488,25.7250,13.3264
2025-02-12,9.9977,16.6453,-18.4223,-17.0090,25.6931,13.2931
2025-02-13,9.9953,16.5251,-18.1084,-17.7360,25.6785,13.2317
2025-02-14,10.0597,16.4342,-17.8362,-18.2536,25.6669,13.2189
2025-02-15,10.0948,16.3645,-18.2430,-18.6219,25.7190,13.2012
2025-02-16,10.0595,16.3586,-19.0917,-18.3207,25.7675,13.1805
2025-02-17,10.0579,16.4246,-19.3233,-17.8604,25.7804,13.2128
2025-02-18,10.1434,16.4090,-19.1667,-18.2149,25.7689,13.2479
2025-02-19,10.1252,16.4604,-19.2773,-18.4953,25.8191,13.2644
2025-02-20,10.1743,16.4913,-19.2315,-18.6972,25.8213,13.3047
2025-02-21,10.2717,16.5207,-19.2456,-18.8647,25.8213,13.3681
2025-02-22,10.3430,16.5133,-19.4867,-19.2359,25.8322,13.4001
2025-02-23,10.5010,16.5116,-19.4843,-19.3088,25.8743,13.4784
2025-02-24,10.6671,16.5486,-19.8812,-19.0717,25.8711,13.5799
2025-02-25,10.7572,16.6160,-20.6581,-18.6073,25.8441,13.6586
2025-02-26,10.8208,16.5945,-20.8647,-18.5723,25.8281,13.6796
2025-02-27,10.9128,16.5837,-20.5096,-18.6928,25.9053,13.7201
2025-02-28,10.9501,16.5844,-19.8797,-18.6849,25.9916,13.7390
2025-03-01,10.9684,16.5919,-19.7059,-18.5240,26.0577,13.7521
2025-03-02,11.0044,16.5627,-19.4497,-18.8328,26.1409,13.7555
2025-03-03,11.1070,16.5276,-19.6283,-19.2272,26.1856,13.7892
2025-03-04,11.2501,16.4526,-19.2911,-20.0151,26.2041,13.8234
2025-03-05,11.3666,16.3564,-19.2222,-20.9645,26.1767,13.8336
2025-03-06,11.4401,16.3302,-19.6743,-21.4678,26.1221,13.8574
2025-03-07,11.4954,16.3434,-20.1794,-21.4692,26.1011,13.8916
2025-03-08,11.5974,16.2118,-20.7132,-21.8652,26.0865,13.8768
2025-03-09,11.7624,16.0377,-20.5612,-22.6203,26.1258,13.8721
2025-03-10,11.9326,16.0074,-19.7307,-22.8676,26.1334,13.9422
2025-03-11,11.9602,15.9493,-19.4714,-23.1379,26.1263,13.9270
2025-03-12,12.0696,15.8941,-19.5369,-23.4209,26.1751,13.9541
2025-03-13,12.2151,15.8820,-19.1593,-23.3838,26.2209,14.0209
2025-03-14,12.3085,15.9121,-19.0126,-22.7797,26.2439,14.0829
2025-03-15,12.2924,15.9220,-18.8846,-22.8222,26.2873,14.0800
2025-03-16,12.3741,15.8992,-18.3978,-22.8013,26.3289,14.1092
2025-03-17,12.5482,15.8355,-18.2236,-22.8411,26.2773,14.1644
2025-03-18,12.6822,15.8123,-17.7374,-23.1074,26.2305,14.2201
2025-03-19,12.8626,15.7532,-17.6011,-23.7832,26.1831,14.2811
2025-03-20,12.9412,15.7098,-17.8518,-23.9989,26.2004,14.2987
2025-03-21,12.9098,15.7022,-17.9947,-23.9249,26.1537,14.2788
2025-03-22,12.9040,15.6025,-18.4945,-24.6381,26.1274,14.2262
2025-03-23,12.8561,15.5451,-18.9511,-25.3487,26.1120,14.1732
2025-03-24,12.8902,15.5389,-19.0184,-25.4603,26.1472,14.1869
2025-03-25,13.0254,15.4456,-18.9878,-26.3371,26.2129,14.2079
2025-03-26,13.0615,15.3516,-18.4835,-27.0786,26.2337,14.1790
2025-03-27,13.0555,15.3177,-17.7054,-27.3163,26.2729,14.1591
2025-03-28,13.0915,15.2789,-17.0237,-27.5093,26.3000,14.1578
2025-03-29,13.2005,15.1689,-16.6177,-28.0110,26.2691,14.1572
2025-03-30,13.4009,15.1542,-16.3065,-28.0072,26.2653,14.2504
2025-03-31,13.6235,15.0804,-16.2692,-27.8550,26.2576,14.3251
2025-04-01,13.7748,15.0493,-16.3976,-26.9474,26.1915,14.3853
2025-04-02,13.8739,15.0454,-16.9575,-26.8100,26.1703,14.4328
2025-04-03,13.9753,14.9822,-17.0068,-26.6895,26.1731,14.4523
2025-04-04,14.1191,14.8893,-16.5602,-26.2961,26.1910,14.4777
2025-04-05,14.2682,14.8001,-16.3594,-26.8684,26.1744,14.5078
2025-04-06,14.3768,14.8572,-16.3043,-26.7788,26.2182,14.5909
2025-04-07,14.4533,14.9674,-16.2782,-26.4441,26.2720,14.6841
2025-04-08,14.5819,14.9547,-15.9161,-26.8361,26.3127,14.7425
2025-04-09,14.7564,14.9676,-14.9362,-27.2544,26.3864,14.8361
2025-04-10,14.8643,14.9323,-14.1910,-27.9710,26.3874,14.8722
2025-04-11,14.8760,14.8497,-13.7984,-28.3524,26.3205,14.8369
2025-04-12,14.9204,14.8434,-13.4660,-27.8577,26.2811,14.8557
2025-04-13,15.0935,14.8350,-13.3695,-27.3390,26.2452,14.9382
2025-04-14,15.3311,14.8028,-13.2326,-27.3916,26.3293,15.0409
2025-04-15,15.3953,14.7280,-13.3435,-27.8590,26.3357,15.0358
2025-04-16,15.4204,14.6393,-13.2465,-28.5611,26.3308,15.0040
2025-04-17,15.4597,14.5698,-12.9722,-28.8446,26.3704,14.9887
2025-04-18,15.5030,14.5343,-12.7958,-28.4102,26.3882,14.9928
2025-04-19,15.6063,14.4584,-12.8158,-28.5080,26.3846,15.0068
2025-04-20,15.7547,14.3699,-12.4456,-28.9003,26.3916,15.0368
2025-04-21,15.8799,14.2987,-12.0601,-29.1373,26.4107,15.0638
2025-04-22,16.0592,14.3215,-11.7496,-28.2021,26.4336,15.1650
2025-04-23,16.1354,14.3699,-11.3749,-27.1041,26.3784,15.2277
2025-04-24,16.2165,14.4331,-11.0159,-26.4395,26.4145,15.2999
2025-04-25,16.3055,14.5009,-10.6221,-25.8321,26.4517,15.3785
2025-04-26,16.2940,14.5333,-10.0499,-25.6555,26.4297,15.3888
2025-04-27,16.3034,14.5058,-9.9266,-25.3998,26.4140,15.3797
2025-04-28,16.4066,14.4827,-9.7853,-25.0466,26.3709,15.4201
2025-04-29,16.4086,14.5011,-9.5070,-24.3627,26.3167,15.4303
2025-04-30,16.3943,14.4813,-8.8914,-24.0089,26.2989,15.4133
2025-05-01,16.5692,14.3398,-8.4441,-24.9343,26.2843,15.4298
2025-05-02,16.7188,14.1861,-7.9460,-26.2091,26.2270,15.4281
2025-05-03,16.7661,14.0849,-7.4331,-27.0850,26.1701,15.4009
2025-05-04,16.7826,14.0544,-7.2532,-27.2450,26.1373,15.3939
2025-05-05,16.9524,14.0133,-6.8666,-27.5185,26.1776,15.4586
2025-05-06,17.0917,14.0717,-6.6911,-27.1339,26.2383,15.5576
2025-05-07,17.2105,14.1059,-6.5423,-27.1149,26.2666,15.6345
2025-05-08,17.3525,14.0212,-6.4501,-27.9368,26.3179,15.6630
2025-05-09,17.5436,13.9585,-6.3139,-28.6402,26.3805,15.7276
2025-05-10,17.7067,13.8326,-5.8024,-29.1936,26.3850,15.7461
2025-05-11,17.8457,13.6753,-5.3415,-29.5555,26.3836,15.7370
2025-05-12,17.9872,13.6081,-5.3077,-29.8459,26.4067,15.7740
2025-05-13,18.0587,13.5697,-5.2563,-30.9293,26.4437,15.7904
2025-05-14,18.0786,13.5313,-4.8908,-31.1955,26.4122,15.7812
2025-05-15,18.0503,13.4659,-4.4347,-31.4354,26.3282,15.7344
2025-05-16,18.1361,13.3917,-3.9761,-31.5113,26.3102,15.7404
2025-05-17,18.1872,13.4105,-3.5613,-30.9778,26.2691,15.7752
2025-05-18,18.2975,13.3292,-3.0986,-30.3348,26.2814,15.7897
2025-05-19,18.4511,13.1656,-2.6813,-30.2554,26.2750,15.7848
2025-05-20,18.5851,13.1673,-2.5656,-30.5339,26.2754,15.8527
2025-05-21,18.7111,13.1402,-2.5027,-30.4231,26.2940,15.9021
2025-05-22,18.8324,13.0652,-2.3459,-30.0289,26.3169,15.9252
2025-05-23,18.8611,13.0539,-2.0882,-29.8181,26.2828,15.9339
2025-05-24,18.8644,13.0960,-2.0177,-30.0697,26.2309,15.9566
2025-05-25,18.9980,13.1268,-2.0221,-30.4589,26.2515,16.0392
2025-05-26,19.0709,13.1196,-2.0000,-30.2229,26.2113,16.0723
2025-05-27,19.1643,13.0454,-1.7391,-29.0003,26.1372,16.0821
2025-05-28,19.2985,13.0095,-1.2154,-28.5383,26.0404,16.1314
2025-05-29,19.4078,12.8549,-0.7487,-28.3666,25.9054,16.1085
2025-05-30,19.3795,12.8445,-0.8533,-27.6358,25.8829,16.0893
2025-05-31,19.4569,12.8289,-0.9140,-27.6535,25.9134,16.1204
2025-06-01,19.5039,12.9083,-0.6149,-27.2713,25.9441,16.1837
2025-06-02,19.4931,12.9639,-0.2396,-27.5602,25.9407,16.2061
2025-06-03,19.5128,12.9379,0.0329,-28.2656,25.8994,16.2031
2025-06-04,19.6414,12.7975,0.0777,-29.3073,25.8572,16.1977
2025-06-05,19.8099,12.6110,0.2318,-30.1390,25.8335,16.1887
2025-06-06,19.9458,12.5196,0.3576,-30.5319,25.8268,16.2108
2025-06-07,20.0924,12.4162,0.7094,-30.8736,25.8605,16.2324
2025-06-08,20.2510,12.3703,1.0420,-30.4500,25.9076,16.2890
2025-06-09,20.3567,12.3472,1.2784,-29.1827,25.8859,16.3302
2025-06-10,20.4416,12.3446,1.3995,-28.4019,25.7951,16.3715
2025-06-11,20.5284,12.4212,1.5313,-27.1351,25.7533,16.4532
2025-06-12,20.6181,12.4955,1.3819,-26.7537,25.7618,16.5358
2025-06-13,20.6485,12.4938,1.4746,-27.4491,25.7836,16.5500
2025-06-14,20.6661,12.4229,1.9479,-28.4713,25.7517,16.5235
2025-06-15,20.7813,12.3500,2.2446,-29.2590,25.7462,16.5447
2025-06-16,20.7931,12.3752,2.2498,-29.4854,25.7273,16.5635
2025-06-17,20.8433,12.3536,2.6275,-29.8028,25.6873,16.5779
2025-06-18,20.9132,12.2783,2.7394,-30.2567,25.6812,16.5750
2025-06-19,20.9336,12.1831,2.7007,-30.5585,25.6396,16.5376
2025-06-20,20.9743,12.1414,2.9733,-30.9918,25.6071,16.5371
2025-06-21,21.0685,12.0886,3.2232,-31.6455,25.6471,16.5578
2025-06-22,21.0682,12.0877,3.3860,-31.8350,25.6491,16.5570
2025-06-23,21.0252,12.0628,3.3457,-31.0297,25.6225,16.5230
2025-06-24,21.1002,12.0407,3.1558,-29.4635,25.5480,16.5497
2025-06-25,21.2160,12.1148,3.3299,-28.3840,25.5453,16.6448
2025-06-26,21.2513,12.1787,3.6051,-28.3651,25.5424,16.6945
2025-06-27,21.3581,12.0653,3.6576,-29.3327,25.5238,16.6912
2025-06-28,21.3998,11.9285,3.7301,-30.5106,25.5002,16.6440
2025-06-29,21.3876,11.7835,3.8193,-31.1190,25.4610,16.5652
2025-06-30,21.4228,11.5542,3.8776,-31.9304,25.3819,16.4680
2025-07-01,21.5029,11.4098,3.7894,-32.2266,25.2802,16.4356
2025-07-02,21.5855,11.3136,3.6597,-33.2288,25.2231,16.4288
2025-07-03,21.6085,11.2639,3.8696,-34.2621,25.2172,16.4157
2025-07-04,21.6289,11.1967,4.1348,-34.8544,25.2535,16.3924
2025-07-05,21.6607,11.1957,4.3967,-34.9075,25.2955,16.4079
2025-07-06,21.6815,11.2772,4.6714,-34.4997,25.3261,16.4593
2025-07-07,21.7293,11.3738,4.8017,-33.7892,25.3017,16.5318
2025-07-08,21.8349,11.4908,4.7732,-32.3120,25.2973,16.6432
2025-07-09,21.8818,11.5300,4.5919,-32.1146,25.2826,16.6865
2025-07-10,21.9207,11.5586,4.5746,-31.4829,25.2885,16.7205
2025-07-11,21.9551,11.5945,4.7338,-31.1346,25.2680,16.7556
2025-07-12,21.9771,11.6577,4.6886,-30.8999,25.2656,16.7982
2025-07-13,22.0322,11.7079,4.6629,-30.7282,25.2581,16.8510
2025-07-14,22.0619,11.6966,4.7186,-30.8385,25.2971,16.8604
2025-07-15,22.0744,11.6936,5.0747,-30.8193,25.3726,16.8648
2025-07-16,22.1121,11.6349,5.1785,-30.6911,25.3756,16.8543
2025-07-17,22.1758,11.5065,5.2106,-31.0108,25.3421,16.8219
2025-07-18,22.2204,11.3996,5.1736,-30.9860,25.3204,16.7907
2025-07-19,22.2439,11.3664,5.1486,-31.6399,25.3855,16.7857
2025-07-20,22.2116,11.3430,5.2849,-32.1550,25.3575,16.7579
2025-07-21,22.1806,11.2841,5.3250,-33.1533,25.3606,16.7129
2025-07-22,22.1635,11.1587,5.2299,-34.5400,25.3844,16.6414
2025-07-23,22.1588,11.1110,4.9744,-34.6274,25.4239,16.6152
2025-07-24,22.2374,11.1183,5.0974,-34.0529,25.4038,16.6582
2025-07-25,22.3034,11.1420,5.3767,-33.3422,25.3773,16.7033
2025-07-26,22.3432,11.1202,5.4429,-32.9530,25.3537,16.7125
2025-07-27,22.3781,11.1424,5.5015,-32.1839,25.3337,16.7413
2025-07-28,22.4280,11.1405,5.3668,-31.7626,25.3152,16.7650
2025-07-29,22.4391,11.0886,5.2520,-32.2700,25.2570,16.7446
2025-07-30,22.4431,11.0773,5.3762,-32.5521,25.2460,16.7411
2025-07-31,22.4226,11.0476,5.1946,-32.8082,25.2959,16.7158
2025-08-01,22.3235,11.0245,4.8120,-33.2846,25.2821,16.6546
2025-08-02,22.2812,11.0168,4.9043,-33.5767,25.2022,16.6297
2025-08-03,22.2169,10.9937,5.0851,-33.3373,25.1594,16.5861
2025-08-04,22.1849,11.0188,4.8834,-33.3781,25.1651,16.5826
2025-08-05,22.1634,11.1556,4.5587,-32.4113,25.1526,16.6401
2025-08-06,22.1218,11.2875,4.3242,-31.5428,25.1696,16.6857
2025-08-07,22.1503,11.3604,4.4152,-30.9431,25.1914,16.7366
2025-08-08,22.1103,11.4199,4.5598,-30.0831,25.1438,16.7465
2025-08-09,22.1328,11.3831,4.7834,-30.3412,25.0744,16.7395
2025-08-10,22.1552,11.3544,4.7977,-30.5587,25.1238,16.7362
2025-08-11,22.1523,11.3129,4.5399,-31.7583,25.2115,16.7141
2025-08-12,22.0966,11.2323,4.2985,-32.9702,25.2152,16.6459
2025-08-13,22.0828,11.1489,4.2802,-33.3575,25.2099,16.5971
2025-08-14,22.0366,11.1146,4.4198,-32.7749,25.2224,16.5566
2025-08-15,22.0063,11.1069,4.5488,-32.7345,25.2297,16.5376
2025-08-16,21.9386,11.0874,4.5913,-32.8647,25.2403,16.4939
2025-08-17,21.8751,11.1293,4.4588,-32.6705,25.2599,16.4829
2025-08-18,21.8883,11.1839,4.5988,-32.2067,25.2439,16.5171
2025-08-19,21.8907,11.3038,4.8964,-31.1613,25.2369,16.5784
2025-08-20,21.8697,11.3579,4.8884,-31.1450,25.2416,16.5949
2025-08-21,21.8080,11.4334,4.7888,-30.7880,25.2665,16.6016
2025-08-22,21.7665,11.5635,4.6501,-29.9029,25.3490,16.6459
2025-08-23,21.6987,11.6140,4.4646,-28.9932,25.3661,16.6374
2025-08-24,21.6510,11.6383,4.3006,-28.4166,25.2730,16.6259
2025-08-25,21.6131,11.6763,3.9222,-28.4563,25.2537,16.6259
2025-08-26,21.5941,11.6797,3.8897,-28.5618,25.3064,16.6180
2025-08-27,21.5343,11.5687,3.7524,-29.1067,25.2540,16.5324
2025-08-28,21.5232,11.5728,3.6391,-29.5782,25.3237,16.5287
2025-08-29,21.4544,11.6200,3.3040,-30.1016,25.3893,16.5180
2025-08-30,21.3762,11.5570,3.0956,-30.4912,25.3604,16.4473
2025-08-31,21.3284,11.5177,2.8511,-30.8798,25.3538,16.4037
2025-09-01,21.2970,11.4850,2.8044,-31.2730,25.3869,16.3716
2025-09-02,21.2169,11.5199,2.7691,-31.2259,25.3875,16.3489
2025-09-03,21.1281,11.5788,2.6768,-31.0620,25.3836,16.3340
2025-09-04,20.9975,11.5644,2.5078,-31.2098,25.3884,16.2613
2025-09-05,20.9189,11.5509,2.3968,-31.0389,25.3902,16.2149
2025-09-06,20.8742,11.5552,2.0001,-30.8800,25.4001,16.1946
2025-09-07,20.8399,11.5630,1.4228,-30.8873,25.4470,16.1813
2025-09-08,20.8160,11.7355,1.5032,-29.8158,25.5174,16.2558
2025-09-09,20.7658,11.8103,1.5103,-28.9620,25.5174,16.2680
2025-09-10,20.7006,11.8023,1.2463,-29.3900,25.5142,16.2313
2025-09-11,20.6371,11.7402,1.0366,-29.6823,25.5357,16.1685
2025-09-12,20.5777,11.7449,0.9599,-30.0080,25.5268,16.1411
2025-09-13,20.4616,11.8308,0.7003,-30.1553,25.4639,16.1260
2025-09-14,20.4283,12.0221,0.4003,-28.9712,25.4738,16.2052
2025-09-15,20.3320,12.1115,-0.0201,-28.3986,25.5088,16.2016
2025-09-16,20.2528,12.1105,-0.0744,-27.8537,25.5617,16.1613
2025-09-17,20.1912,12.1729,-0.4065,-27.2784,25.6192,16.1615
2025-09-18,20.1567,12.2441,-0.5376,-27.4161,25.6900,16.1797
2025-09-19,20.0893,12.3581,-0.7476,-27.1091,25.7312,16.2029
2025-09-20,20.0368,12.3484,-1.0545,-27.1653,25.7378,16.1718
2025-09-21,19.9709,12.3523,-1.3018,-27.2980,25.7372,16.1406
2025-09-22,19.8184,12.3435,-1.5913,-26.8641,25.7145,16.0597
2025-09-23,19.7374,12.2628,-1.8901,-26.5575,25.6494,15.9789
2025-09-24,19.6659,12.2150,-1.9864,-26.8842,25.6111,15.9192
2025-09-25,19.6003,12.2301,-1.9490,-27.3289,25.6213,15.8938
2025-09-26,19.5008,12.2918,-2.0249,-28.0164,25.6654,15.8746
2025-09-27,19.3451,12.3148,-2.0574,-27.8461,25.6737,15.8083
2025-09-28,19.1853,12.3424,-2.3055,-27.4823,25.6445,15.7420
2025-09-29,19.0885,12.4334,-2.4934,-26.9314,25.6708,15.7393
2025-09-30,18.9791,12.4990,-2.7869,-26.7504,25.6922,15.7176
2025-10-01,18.7737,12.4655,-3.2281,-26.6571,25.6358,15.5979
2025-10-02,18.6260,12.5578,-3.5763,-26.2421,25.6390,15.5697
2025-10-03,18.5575,12.7191,-3.8325,-25.7502,25.6717,15.6162
2025-10-04,18.4725,12.7916,-3.8002,-26.0852,25.6654,15.6101
2025-10-05,18.2241,12.7515,-3.9778,-26.6429,25.6402,15.4657
2025-10-06,18.0750,12.6383,-3.8116,-27.0306,25.6352,15.3344
2025-10-07,18.0309,12.6145,-3.8082,-26.9739,25.6312,15.3004
2025-10-08,17.9598,12.7447,-3.6420,-26.0842,25.6180,15.3299
2025-10-09,17.8585,12.8223,-3.6872,-25.2455,25.5800,15.3183
2025-10-10,17.7395,12.9323,-4.0515,-24.8840,25.6023,15.3136
2025-10-11,17.6111,13.0336,-4.4048,-24.5509,25.6152,15.2998
2025-10-12,17.4199,13.0453,-4.3514,-24.4106,25.5938,15.2099
2025-10-13,17.2685,13.1285,-4.2599,-23.6644,25.5821,15.1757
2025-10-14,17.2166,13.1355,-4.2263,-23.3399,25.5700,15.1534
2025-10-15,17.2254,13.1786,-4.4256,-23.4155,25.6570,15.1791
2025-10-16,17.1175,13.2608,-4.2111,-23.2469,25.6939,15.1662
2025-10-17,17.0781,13.3321,-4.3541,-22.8206,25.7633,15.1820
2025-10-18,17.0106,13.2950,-4.7605,-22.8030,25.7553,15.1294
2025-10-19,16.8061,13.2432,-5.5860,-23.5098,25.7397,15.0010
2025-10-20,16.6720,13.1492,-6.2738,-24.3289,25.6716,14.8866
2025-10-21,16.6310,13.1910,-6.4877,-24.1274,25.6714,14.8868
2025-10-22,16.6318,13.2279,-6.5838,-23.9684,25.6691,14.9060
2025-10-23,16.6667,13.4169,-6.4920,-23.0591,25.7169,15.0183
2025-10-24,16.5887,13.5301,-6.6693,-22.0321,25.7728,15.0358
2025-10-25,16.4702,13.6558,-7.1602,-20.7221,25.8306,15.0394
2025-10-26,16.3453,13.6821,-7.5442,-20.3023,25.8546,14.9898
2025-10-27,16.1582,13.5538,-8.1046,-20.5718,25.7856,14.8317
2025-10-28,16.0611,13.5053,-8.7302,-20.8802,25.7386,14.7588
2025-10-29,15.8913,13.5621,-9.8564,-20.8898,25.6570,14.7025
2025-10-30,15.8111,13.6564,-10.1481,-20.8892,25.6196,14.7099
2025-10-31,15.6475,13.7366,-10.6358,-20.8286,25.6288,14.6680
2025-11-01,15.5128,13.8239,-11.1613,-20.6992,25.6762,14.6441
2025-11-02,15.3729,13.8159,-11.3900,-20.9942,25.6756,14.5701
2025-11-03,15.1579,13.7448,-11.6755,-20.7617,25.5297,14.4264
2025-11-04,14.9369,13.8243,-12.5953,-20.6219,25.5556,14.3556
2025-11-05,14.8397,13.8947,-12.6425,-20.4973,25.6356,14.3420
2025-11-06,14.8240,13.9348,-12.4015,-20.5697,25.6475,14.3543
2025-11-07,14.5752,13.8904,-12.8853,-20.9672,25.6108,14.2074
2025-11-08,14.4079,13.7704,-13.6186,-21.1870,25.5196,14.0632
2025-11-09,14.1904,13.8109,-13.8227,-21.2181,25.5034,13.9749
2025-11-10,14.0350,13.8545,-14.0913,-21.2552,25.4896,13.9189
2025-11-11,13.9913,13.9389,-14.6300,-20.4773,25.4131,13.9394
2025-11-12,13.9344,14.1270,-15.0086,-19.3080,25.4126,14.0051
2025-11-13,13.8883,14.1924,-14.7337,-18.6366,25.3990,14.0149
2025-11-14,13.8311,14.1910,-14.1499,-18.2356,25.3116,13.9855
2025-11-15,13.7790,14.2362,-13.6392,-18.0497,25.2703,13.9820
2025-11-16,13.7128,14.3007,-13.5780,-17.9262,25.3057,13.9813
2025-11-17,13.6047,14.3814,-13.8357,-17.2507,25.3434,13.9674
2025-11-18,13.5595,14.4516,-13.6767,-16.6969,25.2697,13.9797
2025-11-19,13.4993,14.5749,-13.6038,-16.1308,25.2836,14.0118
2025-11-20,13.5126,14.6804,-13.8496,-15.8301,25.3233,14.0712
2025-11-21,13.4640,14.7398,-14.4140,-15.8165,25.3689,14.0764
2025-11-22,13.3834,14.7922,-14.8176,-15.6843,25.4102,14.0625
2025-11-23,13.1422,14.9269,-15.2253,-15.1200,25.4760,14.0090
2025-11-24,12.8698,15.0974,-16.1407,-14.1821,25.5041,13.9578
2025-11-25,12.6544,15.2275,-16.9619,-13.2142,25.4724,13.9151
2025-11-26,12.4159,15.2637,-17.8657,-12.9242,25.4533,13.8136
2025-11-27,12.1181,15.2517,-18.4811,-13.2114,25.4446,13.6582
2025-11-28,11.8381,15.2529,-18.6353,-13.4654,25.4501,13.5187
2025-11-29,11.6571,15.2477,-18.6145,-13.4936,25.4309,13.4255
2025-11-30,11.5215,15.2243,-18.5928,-13.5578,25.4272,13.3457
2025-12-01,11.5133,15.2177,-18.5747,-13.8157,25.4126,13.3381
2025-12-02,11.5467,15.2619,-18.7351,-14.0549,25.3631,13.3771
2025-12-03,11.5062,15.3579,-18.9651,-14.2590,25.3248,13.4051
2025-12-04,11.5012,15.4005,-19.2524,-14.3587,25.3049,13.4241
2025-12-05,11.5289,15.4447,-18.5222,-14.2085,25.2927,13.4601
2025-12-06,11.4896,15.4259,-17.8899,-14.0257,25.3045,13.4309
2025-12-07,11.2440,15.4638,-17.9103,-13.8156,25.2888,13.3268
2025-12-08,10.9520,15.5512,-18.3098,-13.5590,25.2421,13.2247
2025-12-09,10.8207,15.6122,-19.2017,-13.5392,25.2208,13.1893
2025-12-10,10.8099,15.6524,-19.7926,-13.5913,25.2593,13.2040
2025-12-11,10.8277,15.6560,-19.9054,-13.6109,25.2508,13.2149
2025-12-12,10.6886,15.6060,-19.9418,-13.6698,25.2304,13.1201
2025-12-13,10.5741,15.5884,-19.8899,-13.7571,25.2054,13.0539
2025-12-14,10.5607,15.6112,-18.9220,-13.7345,25.2001,13.0584
2025-12-15,10.4079,15.6211,-18.8262,-13.4790,25.1413,12.9870
2025-12-16,10.4630,15.6597,-19.2176,-13.1861,25.0780,13.0338
2025-12-17,10.5459,15.6862,-18.7889,-13.2963,25.0458,13.0886
2025-12-18,10.5700,15.7249,-18.3762,-13.2846,25.0179,13.1200
2025-12-19,10.4873,15.7746,-18.3632,-13.2146,25.0014,13.1035
2025-12-20,10.2921,15.8213,-18.5649,-13.2725,25.0340,13.0290
2025-12-21,10.1437,15.8214,-17.6612,-13.3056,25.0647,12.9546
2025-12-22,10.1983,15.8898,-17.0966,-12.9234,25.0936,13.0160
2025-12-23,10.1373,15.9587,-17.5020,-12.2874,25.1351,13.0204
2025-12-24,10.0320,16.0415,-17.9354,-11.7675,25.1655,13.0094
2025-12-25,9.9503,16.1004,-18.9307,-11.4293,25.1729,12.9974
2025-12-26,9.8902,16.1843,-20.6347,-11.4769,25.2229,13.0091
2025-12-27,9.9891,16.2259,-20.9917,-11.5443,25.2458,13.0795
2025-12-28,10.0520,16.2654,-20.7767,-11.1763,25.1739,13.1312
2025-12-29,10.0145,16.3189,-20.5572,-10.7471,25.1669,13.1392
2025-12-30,9.9310,16.3514,-20.4767,-10.6683,25.1575,13.1138
2025-12-31,9.7399,16.4079,-20.7409,-10.6176,25.1554,13.0462
2026-01-01,9.7485,16.4512,-20.5290,-10.5055,25.1784,13.0721
2026-01-02,9.7886,16.4647,-20.1958,-10.6695,25.1781,13.0988
2026-01-03,9.7743,16.4842,-20.1296,-10.9239,25.1989,13.1015
2026-01-04,9.6929,16.4763,-20.3143,-11.1484,25.1992,13.0566
2026-01-05,9.6861,16.5279,-20.3650,-11.5125,25.1932,13.0789
2026-01-06,9.7351,16.6360,-20.4323,-11.8556,25.1988,13.1578
2026-01-07,9.7440,16.6801,-20.4224,-12.0264,25.2119,13.1842
2026-01-08,9.6375,16.5934,-20.8537,-12.1578,25.1613,13.0875
2026-01-09,9.4455,16.5651,-21.7464,-12.1329,25.1358,12.9771
2026-01-10,9.3382,16.5816,-22.7464,-12.0994,25.1584,12.9313
2026-01-11,9.2791,16.6184,-23.1767,-12.0264,25.1405,12.9204
2026-01-12,9.3404,16.6143,-23.0615,-12.1905,25.1419,12.9490
2026-01-13,9.4705,16.6571,-22.7393,-12.5177,25.1868,13.0357
2026-01-14,9.3978,16.6655,-22.6262,-12.7644,25.2260,13.0035
2026-01-15,9.3691,16.6327,-21.3994,-12.9697,25.2367,12.9726
2026-01-16,9.1351,16.6395,-20.8517,-13.1731,25.2192,12.8584
2026-01-17,9.0527,16.6429,-20.2254,-13.2169,25.2038,12.8187
2026-01-18,9.0874,16.6486,-18.7399,-12.9676,25.2610,12.8390
2026-01-19,9.0048,16.6738,-18.3882,-12.6060,25.2980,12.8102
2026-01-20,8.9350,16.6951,-19.0241,-12.5200,25.2903,12.7855
2026-01-21,8.8512,16.6701,-19.2714,-12.8044,25.2564,12.7312
2026-01-22,8.7945,16.6862,-18.6909,-13.0212,25.2266,12.7109
2026-01-23,8.8008,16.7692,-18.2732,-12.8688,25.2946,12.7556
2026-01-24,8.7726,16.8336,-18.9711,-12.6718,25.3818,12.7736
2026-01-25,8.7555,16.8737,-19.8477,-12.5103,25.3908,12.7852
2026-01-26,8.8665,16.8734,-19.9825,-12.5091,25.3471,12.8406
2026-01-27,9.0404,16.8433,-20.2711,-12.9895,25.3255,12.9126
2026-01-28,9.2425,16.7802,-20.8360,-13.6934,25.2714,12.9823
2026-01-29,9.4027,16.7946,-21.2651,-14.2306,25.3267,13.0701
2026-01-30,9.4723,16.8323,-22.0122,-14.5740,25.4031,13.1240
2026-01-31,9.5023,16.7964,-22.4382,-14.8141,25.4471,13.1210
2026-02-01,9.5436,16.7245,-22.1322,-14.8213,25.4410,13.1054
2026-02-02,9.6269,16.7544,-22.0948,-14.6310,25.4725,13.1620
2026-02-03,9.6770,16.7682,-22.1223,-14.7875,25.4961,13.1938
2026-02-04,9.7797,16.7467,-21.9662,-15.2277,25.5464,13.2349
2026-02-05,9.7668,16.7339,-22.2761,-15.3498,25.5825,13.2218
2026-02-06,9.7351,16.7488,-22.5441,-15.1962,25.5706,13.2134
2026-02-07,9.8162,16.6796,-23.1303,-15.5662,25.5266,13.2195
2026-02-08,9.8968,16.6370,-24.0078,-16.0091,25.4719,13.2387
2026-02-09,9.9915,16.5913,-24.4059,-16.4241,25.4718,13.2632
2026-02-10,10.0863,16.6021,-24.9793,-16.4399,25.5541,13.3161
2026-02-11,10.2185,16.6110,-25.7709,-16.2469,25.6598,13.3867
2026-02-12,10.3366,16.4871,-25.8286,-16.3404,25.6791,13.3835
2026-02-13,10.3932,16.4111,-25.8340,-16.6359,25.6982,13.3739
2026-02-14,10.3467,16.4022,-26.1657,-16.7789,25.6353,13.3462
2026-02-15,10.2666,16.4791,-26.3882,-16.8285,25.6408,13.3445
2026-02-16,10.1866,16.5254,-26.3222,-16.9295,25.6120,13.3276
2026-02-17,10.1778,16.5300,-25.9582,-17.3293,25.5813,13.3256
2026-02-18,10.1126,16.5383,-26.1260,-17.2955,25.5671,13.2973
2026-02-19,10.0982,16.6355,-26.1239,-16.5148,25.5833,13.3386
2026-02-20,10.1227,16.6259,-26.0847,-16.1465,25.6283,13.3459
2026-02-21,10.0542,16.5895,-25.4173,-16.1233,25.6460,13.2936
2026-02-22,9.8865,16.5002,-24.5083,-16.5191,25.6331,13.1647
2026-02-23,9.7225,16.4533,-24.5679,-17.0224,25.5364,13.0589
2026-02-24,9.8069,16.4741,-24.7743,-17.0425,25.5069,13.1114
2026-02-25,9.9407,16.4348,-24.1510,-17.6822,25.5619,13.1586
2026-02-26,10.1537,16.3965,-22.9343,-18.2654,25.6423,13.2460
2026-02-27,10.3225,16.3893,-21.1420,-18.6428,25.7084,13.3268
2026-02-28,10.3316,16.3530,-20.5318,-18.8372,25.7235,13.3131
2026-03-01,10.3267,16.3253,-21.1088,-18.8056,25.7698,13.2966
2026-03-02,10.3931,16.3057,-21.4555,-18.8504,25.7992,13.3199
2026-03-03,10.5254,16.3308,-21.3245,-18.6869,25.7620,13.3991
2026-03-04,10.6745,16.3673,-21.3071,-18.3886,25.7297,13.4920
2026-03-05,10.7565,16.3559,-21.8917,-18.4781,25.7316,13.5274
2026-03-06,10.9384,16.2829,-22.2279,-19.1708,25.8084,13.5819
2026-03-07,11.2130,16.2721,-22.0522,-19.0297,25.8709,13.7142
2026-03-08,11.3898,16.2663,-22.0570,-18.5388,25.9169,13.7998
2026-03-09,11.3746,16.2630,-21.9726,-18.6180,25.9045,13.7906
2026-03-10,11.4028,16.2303,-21.4732,-18.8973,25.8692,13.7885
2026-03-11,11.5433,16.1716,-20.7488,-19.2257,25.9001,13.8292
2026-03-12,11.6447,16.1105,-20.6388,-20.1306,26.0084,13.8494
2026-03-13,11.6023,16.0759,-20.7067,-20.8538,26.0403,13.8109
2026-03-14,11.7039,16.0377,-20.7689,-21.5779,26.0710,13.8425
2026-03-15,11.7098,15.9704,-20.7832,-22.1910,26.0465,13.8119
2026-03-16,11.6645,15.9138,-21.0224,-22.1258,26.0641,13.7609
2026-03-17,11.6635,15.8584,-21.4402,-22.4393,26.0180,13.7325
2026-03-18,11.8342,15.8398,-20.9700,-22.6040,25.9951,13.8087
2026-03-19,12.1794,15.8088,-19.5430,-22.7033,25.9818,13.9664
2026-03-20,12.4828,15.8071,-19.1490,-22.7237,26.0383,14.1173
2026-03-21,12.7178,15.8093,-18.9071,-22.9331,26.0739,14.2358
2026-03-22,12.8864,15.7082,-18.6054,-23.7352,26.1251,14.2697
2026-03-23,12.9550,15.6017,-18.3501,-24.7443,26.1536,14.2509
2026-03-24,13.1006,15.4836,-17.7552,-25.2155,26.1508,14.2648
2026-03-25,13.2297,15.4218,-16.9733,-25.2278,26.1381,14.2986
2026-03-26,13.3413,15.3456,-16.2473,-25.5785,26.0866,14.3163
2026-03-27,13.3528,15.3616,-15.6365,-25.1473,26.0551,14.3304
2026-03-28,13.3935,15.3850,-15.3950,-24.4976,26.0549,14.3626
2026-03-29,13.5786,15.4472,-15.2069,-24.5060,26.1582,14.4862
2026-03-30,13.6915,15.4505,-14.9542,-24.7170,26.1729,14.5448
2026-03-31,13.6824,15.4566,-15.2790,-24.6522,26.1880,14.5430
2026-04-01,13.7000,15.4494,-15.6006,-24.5742,26.1850,14.5483
2026-04-02,13.7610,15.5043,-15.5192,-24.1968,26.1959,14.6062
2026-04-03,13.9390,15.4299,-15.5718,-24.7262,26.2427,14.6581
2026-04-04,14.1277,15.2924,-15.4886,-25.5033,26.2775,14.6836
2026-04-05,14.1809,15.1820,-15.0894,-26.2996,26.3262,14.6548
2026-04-06,14.2080,15.1699,-15.0738,-26.6537,26.3957,14.6622
2026-04-07,14.2102,15.1667,-15.0847,-26.2212,26.4018,14.6619
2026-04-08,14.2433,15.1957,-14.9040,-25.3359,26.3700,14.6930
2026-04-09,14.3774,15.1630,-14.2802,-25.6858,26.3784,14.7435
2026-04-10,14.5088,15.1207,-13.7010,-25.5863,26.4150,14.7884
2026-04-11,14.6966,15.0459,-13.5536,-25.6377,26.4402,14.8445
2026-04-12,14.7452,14.9325,-13.6427,-26.3316,26.4271,14.8121
2026-04-13,14.8301,14.9113,-13.6478,-26.3865,26.4388,14.8443
2026-04-14,14.9101,14.9308,-13.3817,-26.2809,26.4394,14.8941
2026-04-15,14.9144,14.8363,-13.3809,-26.7422,26.4301,14.8490
2026-04-16,14.9407,14.7629,-13.3329,-27.2562,26.4250,14.8252
2026-04-17,15.0109,14.7532,-13.1941,-27.2112,26.4141,14.8556
2026-04-18,15.0394,14.7250,-12.9032,-26.7350,26.4329,14.8559
2026-04-19,15.0296,14.6871,-12.6041,-26.9491,26.4319,14.8320
2026-04-20,15.1837,14.6261,-11.9813,-27.0252,26.4272,14.8789
2026-04-21,15.3829,14.5396,-11.2599,-27.7326,26.4534,14.9350
2026-04-22,15.6576,14.4931,-11.0855,-28.1121,26.4584,15.0494
2026-04-23,15.8063,14.3997,-11.2373,-28.8338,26.4219,15.0772
2026-04-24,15.9293,14.3121,-11.0823,-29.5342,26.3979,15.0949
2026-04-25,16.0732,14.2791,-10.6441,-29.8489,26.3831,15.1508
2026-04-26,16.1554,14.2452,-10.1609,-29.8486,26.4484,15.1747
2026-04-27,16.2505,14.1732,-9.3974,-29.7473,26.4568,15.1863
2026-04-28,16.2975,14.1372,-8.9834,-30.1385,26.4302,15.1918
2026-04-29,16.4081,14.1311,-9.0618,-30.5518,26.4503,15.2440
2026-04-30,16.5389,14.0363,-8.9060,-31.2076,26.4765,15.2622
2026-05-01,16.6564,13.9785,-8.6011,-31.6569,26.5530,15.2921
2026-05-02,16.7591,13.9880,-8.4846,-30.6627,26.6418,15.3481
2026-05-03,16.8892,13.9657,-8.5452,-29.7911,26.6639,15.4021
2026-05-04,17.0754,13.9428,-8.2755,-29.4533,26.5953,15.4840
2026-05-05,17.1775,13.9659,-7.8454,-28.8566,26.6116,15.5468
2026-05-06,17.2302,13.9876,-7.4640,-27.8364,26.6030,15.5842
2026-05-07,17.3651,13.9360,-6.9788,-27.3257,26.5408,15.6257
2026-05-08,17.5399,13.7768,-6.5187,-27.4086,26.4573,15.6337
2026-05-09,17.6670,13.7150,-6.1225,-27.4775,26.4130,15.6662
2026-05-10,17.7022,13.7125,-5.8191,-26.9784,26.3735,15.6825
2026-05-11,17.8547,13.6862,-5.4983,-26.9899,26.3984,15.7458
2026-05-12,17.9576,13.7585,-5.3484,-26.9625,26.4426,15.8339
2026-05-13,18.0660,13.8200,-4.9969,-27.1399,26.5627,15.9188
2026-05-14,18.0512,13.8486,-4.7539,-27.4014,26.6100,15.9256
2026-05-15,18.0250,13.7918,-4.6343,-27.6336,26.5645,15.8840
2026-05-16,18.1247,13.6740,-3.9812,-28.3168,26.4795,15.8751
2026-05-17,18.2549,13.5380,-3.5733,-28.9751,26.4363,15.8721
2026-05-18,18.3795,13.3692,-3.3704,-29.4344,26.3736,15.8499
2026-05-19,18.5439,13.2217,-3.4808,-29.8270,26.3732,15.8582
2026-05-20,18.5777,13.0835,-3.5649,-30.1611,26.3683,15.8060
2026-05-21,18.5993,13.0399,-3.4173,-30.0615,26.3041,15.7949
2026-05-22,18.6842,13.0769,-3.6242,-29.4372,26.2675,15.8562
2026-05-23,18.7681,13.1291,-3.4327,-29.1547,26.3007,15.9245
2026-05-24,18.8455,13.1708,-3.2922,-29.1271,26.3029,15.9841
2026-05-25,18.9964,13.1657,-3.4314,-29.2552,26.2799,16.0572
2026-05-26,19.1120,13.0596,-3.2197,-29.7552,26.2464,16.0620
2026-05-27,19.2230,12.9795,-2.6089,-29.9700,26.2569,16.0775
2026-05-28,19.3363,12.9472,-1.9245,-30.2787,26.2663,16.1183
2026-05-29,19.4187,12.9517,-1.3931,-30.5522,26.2902,16.1617
2026-05-30,19.4957,12.8353,-0.8236,-30.9178,26.2595,16.1419
2026-05-31,19.5949,12.7852,-0.3637,-31.2143,26.2170,16.1667
2026-06-01,19.7498,12.7612,0.0278,-32.0177,26.2195,16.2322
2026-06-02,19.9053,12.7175,0.4331,-31.5774,26.2508,16.2881
2026-06-03,20.0236,12.7310,0.9418,-30.6351,26.2572,16.3541
2026-06-04,20.0850,12.7238,1.2979,-29.6945,26.2318,16.3812
2026-06-05,20.1375,12.7083,1.4517,-29.1230,26.1421,16.3999
2026-06-06,20.2363,12.7492,1.4501,-28.3086,26.0924,16.4699
2026-06-07,20.2974,12.7376,1.0939,-28.7216,26.1163,16.4950
2026-06-08,20.3505,12.7135,0.7811,-29.4636,26.1689,16.5097
2026-06-09,20.4010,12.6301,1.1772,-30.6982,26.1387,16.4932
2026-06-10,20.4910,12.5603,1.7067,-31.6580,26.1111,16.5032
2026-06-11,20.5965,12.5489,2.1698,-31.6813,26.1050,16.5503
2026-06-12,20.6996,12.4405,2.5373,-32.5892,26.1454,16.5477
2026-06-13,20.7627,12.2853,2.7189,-33.7959,26.1427,16.5017
2026-06-14,20.7851,12.1434,2.9589,-34.5412,26.1152,16.4418
2026-06-15,20.8178,12.1537,2.8309,-33.6922,26.0905,16.4635
2026-06-16,20.8635,12.2050,2.6692,-32.7062,26.0659,16.5124
2026-06-17,20.8911,12.2244,2.9611,-31.5559,26.0016,16.5358
2026-06-18,20.9506,12.1968,3.4289,-30.4838,25.9587,16.5516
2026-06-19,21.0040,12.0964,4.0314,-30.2714,25.9181,16.5284
2026-06-20,21.1399,12.0034,4.4897,-30.4699,25.8320,16.5500
2026-06-21,21.2481,12.0326,4.5921,-30.8910,25.8179,16.6187
2026-06-22,21.3342,12.0067,4.3950,-32.1753,25.8829,16.6489
2026-06-23,21.3713,11.8540,4.1898,-33.0597,25.8515,16.5910
2026-06-24,21.4560,11.7151,4.3041,-33.7135,25.8214,16.5639
2026-06-25,21.5525,11.7296,4.3676,-33.2714,25.8365,16.6193
2026-06-26,21.6360,11.8329,4.3804,-33.2536,25.8902,16.7129
2026-06-27,21.6701,11.8865,4.4041,-32.7434,25.8636,16.7570
2026-06-28,21.7195,11.9375,4.4833,-32.2634,25.8713,16.8075
2026-06-29,21.7656,11.8803,4.7730,-32.1978,25.8803,16.8019
2026-06-30,21.7953,11.8515,4.5753,-31.7071,25.8712,16.8025
2026-07-01,21.7827,11.8395,4.2791,-31.2733,25.8796,16.7901
2026-07-02,21.8207,11.8223,4.2517,-31.0998,25.8944,16.8006
2026-07-03,21.9446,11.6878,4.6270,-31.8883,25.9007,16.7949
2026-07-04,22.0374,11.6673,4.9716,-31.6667,25.9027,16.8311
2026-07-05,22.0839,11.7389,4.8919,-31.2853,25.9123,16.8906
2026-07-06,22.1227,11.7029,4.5742,-31.5869,25.9183,16.8920
2026-07-07,22.1415,11.6588,4.4838,-32.0541,25.8779,16.8791
2026-07-08,22.1681,11.6950,4.6252,-32.4191,25.8916,16.9106
2026-07-09,22.1324,11.6974,4.8149,-32.8571,25.8710,16.8939
2026-07-10,22.0926,11.5791,4.8093,-33.8059,25.7990,16.8148
2026-07-11,22.1385,11.4599,4.7572,-34.1863,25.7589,16.7783
2026-07-12,22.2175,11.2972,4.7574,-34.6031,25.7868,16.7361
2026-07-13,22.3156,11.2214,4.9629,-35.0112,25.8294,16.7473
2026-07-14,22.3958,11.2130,4.8575,-35.0325,25.8089,16.7834
2026-07-15,22.4172,11.2041,4.9292,-35.6910,25.7586,16.7897
2026-07-16,22.3869,11.2597,5.0185,-35.6953,25.7092,16.8022
2026-07-17,22.3753,11.2706,5.3088,-35.6915,25.6792,16.8020
2026-07-18,22.4247,11.2880,5.1857,-35.0550,25.7012,16.8359
2026-07-19,22.4580,11.4061,5.2182,-33.0193,25.7388,16.9114
2026-07-20,22.5465,11.5132,5.4221,-31.5473,25.8234,17.0093
2026-07-21,22.5623,11.5610,5.5368,-31.4402,25.8727,17.0414
2026-07-22,22.5033,11.6053,5.3906,-30.8214,25.8825,17.0338
2026-07-23,22.4743,11.6126,5.3980,-29.4921,25.8374,17.0230
2026-07-24,22.5248,11.6104,5.5195,-29.7072,25.8228,17.0471
2026-07-25,22.5934,11.5491,5.5695,-30.3666,25.8054,17.0508
2026-07-26,22.6288,11.5129,5.8052,-31.0666,25.7506,17.0502
2026-07-27,22.6624,11.4528,5.8822,-32.0180,25.7218,17.0373
2026-07-28,22.6453,11.4211,5.7720,-32.6415,25.7461,17.0129
2026-07-29,22.6887,11.3001,5.7278,-33.7056,25.7746,16.9739
2026-07-30,22.7000,11.2499,5.5543,-33.9368,25.7720,16.9543
2026-07-31,22.7274,11.2716,5.3110,-33.5225,25.7915,16.9788
2026-08-01,22.7441,11.2494,5.0424,-33.0452,25.7805,16.9761
2026-08-02,22.6823,11.2996,4.7818,-32.1340,25.7544,16.9701
2026-08-03,22.5863,11.3529,4.5423,-31.3478,25.7543,16.9490
2026-08-04,22.5379,11.3565,4.6664,-31.4054,25.7580,16.9266
2026-08-05,22.5952,11.4807,5.1400,-30.0011,25.8042,17.0175
2026-08-06,22.5912,11.5415,5.3103,-30.5916,25.8613,17.0458
2026-08-07,22.5768,11.5476,5.3417,-31.3654,25.8889,17.0416
2026-08-08,22.6068,11.5180,5.3247,-31.9012,25.9296,17.0418
2026-08-09,22.6172,11.4830,5.2906,-31.7337,25.9263,17.0295
2026-08-10,22.6021,11.4158,5.1277,-31.4388,25.9007,16.9881
2026-08-11,22.6124,11.4353,4.7597,-30.7410,25.9062,17.0028
2026-08-12,22.5638,11.4378,4.5541,-30.2135,25.9252,16.9797
2026-08-13,22.5089,11.5949,4.4940,-29.5857,25.9789,17.0310
2026-08-14,22.4477,11.7076,4.6998,-29.3397,26.0031,17.0565
2026-08-15,22.3518,11.7763,4.8276,-29.2603,25.9768,17.0428
2026-08-16,22.2927,11.7662,4.6778,-30.1465,25.9744,17.0084
2026-08-17,22.2503,11.7199,4.4867,-31.0208,25.9634,16.9642
2026-08-18,22.2735,11.6988,4.4109,-31.5773,25.9085,16.9651
2026-08-19,22.3063,11.6985,4.3453,-30.9568,25.8966,16.9814
2026-08-20,22.3122,11.6339,4.1341,-31.6490,25.9582,16.9520
2026-08-21,22.2735,11.6071,3.9546,-31.8238,26.0343,16.9189
2026-08-22,22.2596,11.5879,3.9885,-31.3150,26.0526,16.9024
2026-08-23,22.2546,11.5870,3.8534,-31.0458,26.0893,16.8992
2026-08-24,22.1937,11.6721,3.4057,-30.5523,26.0688,16.9111
2026-08-25,22.1968,11.7337,3.3493,-30.7145,26.0823,16.9436
2026-08-26,22.1916,11.7740,3.3310,-31.3541,26.1279,16.9611
2026-08-27,22.0662,11.8433,3.0820,-30.7599,26.1434,16.9328
2026-08-28,21.9542,11.8366,2.9012,-30.3236,26.1751,16.8735
2026-08-29,21.8432,11.7940,3.0259,-29.9542,26.1484,16.7967
2026-08-30,21.7731,11.8062,2.8708,-30.2567,26.1576,16.7676
2026-08-31,21.7068,11.8984,2.6010,-30.6497,26.2113,16.7803
2026-09-01,21.6332,11.8982,2.0914,-31.6247,26.2385,16.7432
2026-09-02,21.6135,11.8594,1.8586,-31.7191,26.1960,16.7141
2026-09-03,21.5730,11.8512,1.6844,-31.5898,26.1948,16.6898
2026-09-04,21.5545,11.8912,1.5479,-30.8202,26.2774,16.7006
2026-09-05,21.4885,11.7964,1.5348,-30.5122,26.2157,16.6201
2026-09-06,21.3888,11.7059,1.9962,-30.8797,26.1320,16.5249
2026-09-07,21.3050,11.6571,2.0161,-31.2008,26.1226,16.4583
2026-09-08,21.2598,11.6887,1.6832,-31.5783,26.1176,16.4518
2026-09-09,21.1432,11.7179,1.2136,-32.0654,26.1071,16.4078
2026-09-10,21.0587,11.7491,0.8275,-32.0184,26.1026,16.3811
2026-09-11,20.9939,11.8301,0.6949,-31.5847,26.1674,16.3893
2026-09-12,20.8724,11.8458,0.3979,-31.1102,26.1514,16.3361
2026-09-13,20.8353,11.8691,0.0406,-30.1811,26.1639,16.3290
2026-09-14,20.8052,11.8340,0.0156,-30.3541,26.2004,16.2963
2026-09-15,20.7298,11.8364,-0.1741,-31.1449,26.2612,16.2597
2026-09-16,20.6491,11.8843,-0.3409,-31.7316,26.2871,16.2437
2026-09-17,20.5359,11.8768,-0.3070,-32.0329,26.2210,16.1831
2026-09-18,20.4236,11.8819,-0.5152,-32.7645,26.2004,16.1292
2026-09-19,20.3219,11.9339,-0.5435,-32.3237,26.1676,16.1044
2026-09-20,20.2693,11.9771,-0.6326,-32.4742,26.1668,16.0992
2026-09-21,20.2523,12.0311,-0.8676,-32.2472,26.2216,16.1179
2026-09-22,20.1918,11.9851,-1.0452,-31.6630,26.2149,16.0645
2026-09-23,20.1054,12.0682,-1.2437,-31.0854,26.2414,16.0627
2026-09-24,19.9471,12.2789,-1.7197,-31.5520,26.3238,16.0888
2026-09-25,19.8480,12.3580,-2.1086,-31.4675,26.3626,16.0791
2026-09-26,19.7581,12.3997,-2.2243,-31.1107,26.3603,16.0549
2026-09-27,19.6300,12.4355,-2.5475,-31.0597,26.3881,16.0089
2026-09-28,19.4873,12.4612,-3.0626,-30.5937,26.4159,15.9500
2026-09-29,19.3347,12.4033,-3.6468,-30.0541,26.3450,15.8446
2026-09-30,19.2398,12.3193,-3.6301,-29.7881,26.2194,15.7548
2026-10-01,19.1790,12.2620,-3.1898,-29.8637,26.1882,15.6961
