date,sst
1982-01-01,7.3507
1982-01-02,7.1007
1982-01-03,7.0449
1982-01-04,6.9955
1982-01-05,6.9352
1982-01-06,6.8698
1982-01-07,6.5663
1982-01-08,6.3990
1982-01-09,6.2861
1982-01-10,5.9069
1982-01-11,5.5284
1982-01-12,5.4932
1982-01-13,5.4005
1982-01-14,5.4035
1982-01-15,5.7777
1982-01-16,5.8744
1982-01-17,5.7992
1982-01-18,4.9928
1982-01-19,5.0242
1982-01-20,5.1280
1982-01-21,5.0276
1982-01-22,4.8695
1982-01-23,4.6685
1982-01-24,4.7352
1982-01-25,4.7789
1982-01-26,4.8150
1982-01-27,4.9557
1982-01-28,5.2207
1982-01-29,5.4318
1982-01-30,5.4209
1982-01-31,5.3605
1982-02-01,5.5916
1982-02-02,5.6276
1982-02-03,5.6427
1982-02-04,5.5168
1982-02-05,5.4879
1982-02-06,5.3636
1982-02-07,5.2104
1982-02-08,5.2216
1982-02-09,5.1683
1982-02-10,5.1856
1982-02-11,5.1578
1982-02-12,5.1204
1982-02-13,5.0176
1982-02-14,5.0343
1982-02-15,5.0566
1982-02-16,4.8129
1982-02-17,4.7681
1982-02-18,4.8731
1982-02-19,4.9130
1982-02-20,4.8773
1982-02-21,4.5942
1982-02-22,4.4417
1982-02-23,4.8571
1982-02-24,4.9078
1982-02-25,4.7752
1982-02-26,4.6533
1982-02-27,4.5415
1982-02-28,4.2735
1982-03-01,4.0050
1982-03-02,4.0907
1982-03-03,4.0085
1982-03-04,3.9681
1982-03-05,3.9270
1982-03-06,3.7176
1982-03-07,3.6926
1982-03-08,3.8597
1982-03-09,3.8423
1982-03-10,3.7461
1982-03-11,3.7906
1982-03-12,4.5317
1982-03-13,4.4060
1982-03-14,3.8941
1982-03-15,3.9400
1982-03-16,4.1459
1982-03-17,4.1854
1982-03-18,4.1773
1982-03-19,4.2532
1982-03-20,4.3205
1982-03-21,4.3336
1982-03-22,4.2109
1982-03-23,4.2804
1982-03-24,4.5100
1982-03-25,4.6398
1982-03-26,4.7657
1982-03-27,4.7028
1982-03-28,4.5667
1982-03-29,4.6204
1982-03-30,4.7395
1982-03-31,4.6608
1982-04-01,4.4879
1982-04-02,4.5657
1982-04-03,4.7135
1982-04-04,4.6092
1982-04-05,4.4083
1982-04-06,4.3495
1982-04-07,4.2836
1982-04-08,4.1035
1982-04-09,4.1499
1982-04-10,4.3357
1982-04-11,4.4628
1982-04-12,4.4094
1982-04-13,4.4259
1982-04-14,4.7379
1982-04-15,4.9374
1982-04-16,5.0188
1982-04-17,5.0679
1982-04-18,5.2792
1982-04-19,5.4404
1982-04-20,5.4895
1982-04-21,5.4333
1982-04-22,5.4010
1982-04-23,5.4494
1982-04-24,5.5103
1982-04-25,5.8131
1982-04-26,5.7509
1982-04-27,5.8755
1982-04-28,5.6159
1982-04-29,5.6279
1982-04-30,5.6705
1982-05-01,6.0133
1982-05-02,6.3394
1982-05-03,6.2597
1982-05-04,6.5697
1982-05-05,6.9152
1982-05-06,7.1065
1982-05-07,6.9491
1982-05-08,6.9460
1982-05-09,7.0181
1982-05-10,7.0368
1982-05-11,6.5123
1982-05-12,6.3683
1982-05-13,6.4922
1982-05-14,6.8147
1982-05-15,6.6842
1982-05-16,6.7568
1982-05-17,8.0252
1982-05-18,8.2245
1982-05-19,7.9216
1982-05-20,8.1375
1982-05-21,8.6159
1982-05-22,8.4708
1982-05-23,8.5150
1982-05-24,9.4587
1982-05-25,9.8084
1982-05-26,9.8498
1982-05-27,9.4181
1982-05-28,9.3229
1982-05-29,9.4748
1982-05-30,9.6302
1982-05-31,9.5164
1982-06-01,10.0733
1982-06-02,10.5694
1982-06-03,10.5632
1982-06-04,10.1704
1982-06-05,9.9876
1982-06-06,9.7720
1982-06-07,9.6024
1982-06-08,9.1469
1982-06-09,8.5303
1982-06-10,8.5260
1982-06-11,8.5681
1982-06-12,8.6300
1982-06-13,8.8103
1982-06-14,9.1558
1982-06-15,9.3383
1982-06-16,9.4844
1982-06-17,9.6274
1982-06-18,9.9762
1982-06-19,10.7262
1982-06-20,10.4242
1982-06-21,10.3674
1982-06-22,10.4783
1982-06-23,10.5143
1982-06-24,10.3378
1982-06-25,10.4780
1982-06-26,10.8667
1982-06-27,11.2648
1982-06-28,11.4735
1982-06-29,11.6925
1982-06-30,11.2636
1982-07-01,11.0817
1982-07-02,10.9567
1982-07-03,11.1565
1982-07-04,11.4463
1982-07-05,11.5186
1982-07-06,11.6625
1982-07-07,11.9978
1982-07-08,12.8702
1982-07-09,13.7705
1982-07-10,13.9437
1982-07-11,14.1497
1982-07-12,14.4782
1982-07-13,14.4817
1982-07-14,14.3687
1982-07-15,14.6694
1982-07-16,14.9738
1982-07-17,15.1094
1982-07-18,14.8910
1982-07-19,14.8808
1982-07-20,14.8788
1982-07-21,14.6208
1982-07-22,14.2245
1982-07-23,14.2116
1982-07-24,14.3352
1982-07-25,14.6481
1982-07-26,14.8336
1982-07-27,15.0347
1982-07-28,14.2777
1982-07-29,13.3002
1982-07-30,13.6848
1982-07-31,14.0631
1982-08-01,14.5599
1982-08-02,14.1822
1982-08-03,14.0597
1982-08-04,14.5205
1982-08-05,14.5006
1982-08-06,14.6607
1982-08-07,14.7947
1982-08-08,14.8638
1982-08-09,15.6676
1982-08-10,16.1524
1982-08-11,15.8527
1982-08-12,15.7504
1982-08-13,15.0963
1982-08-14,15.0631
1982-08-15,15.1121
1982-08-16,15.4271
1982-08-17,15.4022
1982-08-18,15.1190
1982-08-19,14.9330
1982-08-20,14.6383
1982-08-21,14.2410
1982-08-22,14.1158
1982-08-23,14.1263
1982-08-24,14.4987
1982-08-25,13.7678
1982-08-26,13.0427
1982-08-27,13.5158
1982-08-28,13.6384
1982-08-29,13.5213
1982-08-30,13.8138
1982-08-31,13.7565
1982-09-01,13.6802
1982-09-02,13.9113
1982-09-03,13.6737
1982-09-04,13.4354
1982-09-05,13.3181
1982-09-06,13.3904
1982-09-07,13.9152
1982-09-08,13.8120
1982-09-09,13.8535
1982-09-10,13.9453
1982-09-11,14.0947
1982-09-12,14.2290
1982-09-13,14.2177
1982-09-14,14.4107
1982-09-15,14.0886
1982-09-16,13.7204
1982-09-17,14.2809
1982-09-18,14.3573
1982-09-19,14.2862
1982-09-20,13.8372
1982-09-21,13.5258
1982-09-22,13.3573
1982-09-23,13.2209
1982-09-24,13.2492
1982-09-25,13.2896
1982-09-26,13.4156
1982-09-27,13.5200
1982-09-28,13.5265
1982-09-29,13.5337
1982-09-30,13.4843
1982-10-01,13.2749
1982-10-02,12.9530
1982-10-03,13.0530
1982-10-04,13.3179
1982-10-05,13.3168
1982-10-06,13.0957
1982-10-07,12.8430
1982-10-08,12.5485
1982-10-09,11.8951
1982-10-10,11.6655
1982-10-11,11.8311
1982-10-12,12.1437
1982-10-13,12.2267
1982-10-14,12.2544
1982-10-15,12.2201
1982-10-16,12.1065
1982-10-17,11.8486
1982-10-18,11.8612
1982-10-19,11.8811
1982-10-20,11.7756
1982-10-21,11.8648
1982-10-22,11.9637
1982-10-23,11.6037
1982-10-24,11.0373
1982-10-25,10.8333
1982-10-26,10.9759
1982-10-27,11.2912
1982-10-28,11.2526
1982-10-29,11.3626
1982-10-30,11.4075
1982-10-31,11.5139
1982-11-01,11.7531
1982-11-02,11.6541
1982-11-03,11.7584
1982-11-04,12.0423
1982-11-05,11.9374
1982-11-06,11.6010
1982-11-07,11.5920
1982-11-08,11.5800
1982-11-09,11.3636
1982-11-10,10.8366
1982-11-11,10.6092
1982-11-12,10.5708
1982-11-13,10.3489
1982-11-14,10.3361
1982-11-15,10.2523
1982-11-16,9.9372
1982-11-17,9.7705
1982-11-18,9.7448
1982-11-19,9.8021
1982-11-20,9.8818
1982-11-21,9.8186
1982-11-22,9.8006
1982-11-23,9.8503
1982-11-24,9.7030
1982-11-25,9.6296
1982-11-26,9.5448
1982-11-27,9.3749
1982-11-28,9.3824
1982-11-29,9.3232
1982-11-30,9.2991
1982-12-01,9.5573
1982-12-02,9.5121
1982-12-03,9.4592
1982-12-04,8.9358
1982-12-05,8.8029
1982-12-06,8.7793
1982-12-07,8.9016
1982-12-08,8.9287
1982-12-09,8.8815
1982-12-10,8.6557
1982-12-11,8.5992
1982-12-12,8.3173
1982-12-13,8.2404
1982-12-14,8.1951
1982-12-15,8.3277
1982-12-16,8.3970
1982-12-17,8.3783
1982-12-18,8.1891
1982-12-19,7.8589
1982-12-20,7.8629
1982-12-21,7.9995
1982-12-22,8.1305
1982-12-23,8.0614
1982-12-24,7.9718
1982-12-25,7.8850
1982-12-26,8.2401
1982-12-27,8.2649
1982-12-28,8.2394
1982-12-29,7.8904
1982-12-30,7.5625
1982-12-31,7.3429
1983-01-01,7.3326
1983-01-02,7.5417
1983-01-03,7.6076
1983-01-04,7.4533
1983-01-05,7.2849
1983-01-06,7.2565
1983-01-07,7.3366
1983-01-08,7.3937
1983-01-09,7.3415
1983-01-10,7.3540
1983-01-11,7.3576
1983-01-12,7.2760
1983-01-13,7.3113
1983-01-14,7.2034
1983-01-15,7.0798
1983-01-16,7.0539
1983-01-17,6.8231
1983-01-18,6.3115
1983-01-19,6.4082
1983-01-20,6.5353
1983-01-21,6.4924
1983-01-22,6.2505
1983-01-23,6.1280
1983-01-24,6.6012
1983-01-25,6.5387
1983-01-26,6.4343
1983-01-27,6.3537
1983-01-28,6.2351
1983-01-29,6.2882
1983-01-30,6.2157
1983-01-31,6.2698
1983-02-01,6.2448
1983-02-02,6.1935
1983-02-03,6.0478
1983-02-04,6.0531
1983-02-05,6.0404
1983-02-06,6.0090
1983-02-07,5.9824
1983-02-08,5.7020
1983-02-09,5.5916
1983-02-10,5.5534
1983-02-11,5.5448
1983-02-12,5.6391
1983-02-13,5.6565
1983-02-14,5.7081
1983-02-15,5.6889
1983-02-16,5.6792
1983-02-17,5.6409
1983-02-18,5.4612
1983-02-19,5.4244
1983-02-20,5.4565
1983-02-21,5.5046
1983-02-22,5.5710
1983-02-23,5.5512
1983-02-24,5.1139
1983-02-25,5.0048
1983-02-26,4.9614
1983-02-27,5.0297
1983-02-28,5.0287
1983-03-01,4.9651
1983-03-02,4.8432
1983-03-03,5.3014
1983-03-04,5.3190
1983-03-05,5.1763
1983-03-06,5.0738
1983-03-07,4.9977
1983-03-08,4.6813
1983-03-09,4.6419
1983-03-10,4.6167
1983-03-11,4.4782
1983-03-12,4.2937
1983-03-13,4.5877
1983-03-14,4.5739
1983-03-15,4.7030
1983-03-16,4.7385
1983-03-17,4.6397
1983-03-18,4.6653
1983-03-19,4.7348
1983-03-20,4.8883
1983-03-21,4.9410
1983-03-22,4.8912
1983-03-23,4.8249
1983-03-24,4.8018
1983-03-25,4.8641
1983-03-26,4.9237
1983-03-27,4.8898
1983-03-28,4.8975
1983-03-29,4.7331
1983-03-30,4.8855
1983-03-31,4.9537
1983-04-01,4.9334
1983-04-02,4.7508
1983-04-03,4.7289
1983-04-04,5.0478
1983-04-05,5.2154
1983-04-06,5.3293
1983-04-07,5.3300
1983-04-08,5.5777
1983-04-09,5.8562
1983-04-10,5.8365
1983-04-11,5.2761
1983-04-12,5.3979
1983-04-13,5.5251
1983-04-14,5.2947
1983-04-15,5.0791
1983-04-16,5.2040
1983-04-17,5.2877
1983-04-18,5.2121
1983-04-19,5.1239
1983-04-20,5.0599
1983-04-21,5.1314
1983-04-22,5.5411
1983-04-23,5.7247
1983-04-24,5.7684
1983-04-25,5.9548
1983-04-26,6.1845
1983-04-27,6.2176
1983-04-28,6.3338
1983-04-29,6.5978
1983-04-30,6.7785
1983-05-01,6.7751
1983-05-02,6.7199
1983-05-03,6.7581
1983-05-04,6.8242
1983-05-05,7.0928
1983-05-06,7.5030
1983-05-07,7.5957
1983-05-08,7.6113
1983-05-09,7.3536
1983-05-10,7.0863
1983-05-11,7.0969
1983-05-12,7.3720
1983-05-13,7.2759
1983-05-14,7.2518
1983-05-15,7.3297
1983-05-16,7.4958
1983-05-17,7.2006
1983-05-18,7.2241
1983-05-19,7.3634
1983-05-20,7.5514
1983-05-21,7.7015
1983-05-22,8.4959
1983-05-23,9.2978
1983-05-24,9.3056
1983-05-25,8.9390
1983-05-26,8.6752
1983-05-27,7.8265
1983-05-28,7.8395
1983-05-29,7.8713
1983-05-30,7.9442
1983-05-31,8.3795
1983-06-01,8.6199
1983-06-02,8.8431
1983-06-03,9.1957
1983-06-04,9.1927
1983-06-05,9.2824
1983-06-06,9.3576
1983-06-07,9.4963
1983-06-08,9.4848
1983-06-09,9.4377
1983-06-10,9.5978
1983-06-11,9.7490
1983-06-12,10.1078
1983-06-13,10.6136
1983-06-14,10.7840
1983-06-15,11.2375
1983-06-16,11.6597
1983-06-17,12.3282
1983-06-18,13.2388
1983-06-19,13.8626
1983-06-20,14.0022
1983-06-21,13.7743
1983-06-22,13.8579
1983-06-23,13.8301
1983-06-24,13.8128
1983-06-25,12.9606
1983-06-26,12.4989
1983-06-27,12.4474
1983-06-28,12.5653
1983-06-29,12.9114
1983-06-30,13.2642
1983-07-01,13.7818
1983-07-02,14.0441
1983-07-03,14.0418
1983-07-04,14.1942
1983-07-05,14.2930
1983-07-06,13.8399
1983-07-07,13.3983
1983-07-08,13.2910
1983-07-09,13.0791
1983-07-10,13.0484
1983-07-11,13.1763
1983-07-12,13.6855
1983-07-13,13.8673
1983-07-14,13.8822
1983-07-15,13.6272
1983-07-16,13.5089
1983-07-17,13.6003
1983-07-18,13.7544
1983-07-19,14.0263
1983-07-20,14.3949
1983-07-21,14.3492
1983-07-22,13.6362
1983-07-23,13.2564
1983-07-24,13.1712
1983-07-25,13.0841
1983-07-26,13.5626
1983-07-27,13.9263
1983-07-28,13.7751
1983-07-29,13.6473
1983-07-30,13.5736
1983-07-31,14.8206
1983-08-01,15.4832
1983-08-02,15.7313
1983-08-03,15.7924
1983-08-04,15.7022
1983-08-05,15.5859
1983-08-06,15.5035
1983-08-07,15.6610
1983-08-08,15.6034
1983-08-09,15.3562
1983-08-10,15.2577
1983-08-11,15.0491
1983-08-12,13.2153
1983-08-13,13.1194
1983-08-14,13.3954
1983-08-15,14.2741
1983-08-16,14.4682
1983-08-17,14.5003
1983-08-18,14.6093
1983-08-19,14.6060
1983-08-20,14.4928
1983-08-21,14.4669
1983-08-22,14.3752
1983-08-23,14.4133
1983-08-24,14.5844
1983-08-25,14.5336
1983-08-26,14.5726
1983-08-27,14.8634
1983-08-28,15.1606
1983-08-29,14.3203
1983-08-30,13.9332
1983-08-31,13.9113
1983-09-01,14.6990
1983-09-02,14.7781
1983-09-03,14.7717
1983-09-04,15.1222
1983-09-05,15.4738
1983-09-06,15.7672
1983-09-07,15.8302
1983-09-08,15.4361
1983-09-09,15.2464
1983-09-10,15.2218
1983-09-11,15.4507
1983-09-12,15.6314
1983-09-13,15.6250
1983-09-14,13.9616
1983-09-15,13.9672
1983-09-16,13.9687
1983-09-17,13.9251
1983-09-18,14.1877
1983-09-19,14.1762
1983-09-20,14.3383
1983-09-21,14.5755
1983-09-22,14.5660
1983-09-23,14.3984
1983-09-24,14.2483
1983-09-25,14.2216
1983-09-26,14.0463
1983-09-27,13.9282
1983-09-28,13.6209
1983-09-29,13.7973
1983-09-30,13.8820
1983-10-01,14.0160
1983-10-02,14.1628
1983-10-03,14.2392
1983-10-04,14.2693
1983-10-05,13.6244
1983-10-06,13.4668
1983-10-07,13.3848
1983-10-08,13.3390
1983-10-09,13.2113
1983-10-10,12.9903
1983-10-11,12.9144
1983-10-12,12.9430
1983-10-13,13.2711
1983-10-14,12.7557
1983-10-15,12.7010
1983-10-16,12.4579
1983-10-17,12.2979
1983-10-18,12.4096
1983-10-19,12.2767
1983-10-20,12.1688
1983-10-21,11.9438
1983-10-22,11.8684
1983-10-23,11.7904
1983-10-24,11.7196
1983-10-25,11.3653
1983-10-26,11.3587
1983-10-27,11.3279
1983-10-28,11.3743
1983-10-29,11.3734
1983-10-30,11.2370
1983-10-31,11.1730
1983-11-01,11.1617
1983-11-02,11.1849
1983-11-03,11.1509
1983-11-04,11.1986
1983-11-05,11.0765
1983-11-06,11.4231
1983-11-07,11.3701
1983-11-08,11.2585
1983-11-09,11.3786
1983-11-10,11.4189
1983-11-11,11.6348
1983-11-12,10.9976
1983-11-13,10.5293
1983-11-14,10.2622
1983-11-15,10.1037
1983-11-16,10.3178
1983-11-17,10.3654
1983-11-18,10.4342
1983-11-19,10.3234
1983-11-20,10.1678
1983-11-21,9.7767
1983-11-22,9.6835
1983-11-23,9.7991
1983-11-24,9.7099
1983-11-25,9.4270
1983-11-26,9.3862
1983-11-27,9.4052
1983-11-28,9.4651
1983-11-29,9.3551
1983-11-30,9.2383
1983-12-01,9.1277
1983-12-02,8.8961
1983-12-03,8.7134
1983-12-04,8.6397
1983-12-05,8.5861
1983-12-06,8.7108
1983-12-07,8.7109
1983-12-08,8.8083
1983-12-09,8.7827
1983-12-10,8.7251
1983-12-11,8.2599
1983-12-12,8.1253
1983-12-13,8.1527
1983-12-14,8.5749
1983-12-15,8.8288
1983-12-16,8.8187
1983-12-17,8.6074
1983-12-18,8.4925
1983-12-19,8.2833
1983-12-20,8.0245
1983-12-21,8.0362
1983-12-22,7.9973
1983-12-23,8.0294
1983-12-24,7.8747
1983-12-25,7.4819
1983-12-26,7.2774
1983-12-27,6.9585
1983-12-28,6.8159
1983-12-29,7.3992
1983-12-30,7.5653
1983-12-31,7.3630
1984-01-01,7.0761
1984-01-02,6.8473
1984-01-03,6.9301
1984-01-04,6.7829
1984-01-05,6.4235
1984-01-06,6.3572
1984-01-07,6.2756
1984-01-08,6.2353
1984-01-09,6.1821
1984-01-10,6.1888
1984-01-11,6.1026
1984-01-12,6.0332
1984-01-13,5.9744
1984-01-14,5.9333
1984-01-15,5.7642
1984-01-16,5.6669
1984-01-17,5.9030
1984-01-18,5.9344
1984-01-19,5.7687
1984-01-20,5.4789
1984-01-21,5.3111
1984-01-22,5.4139
1984-01-23,5.4577
1984-01-24,5.4353
1984-01-25,5.5376
1984-01-26,5.5690
1984-01-27,5.5989
1984-01-28,5.6827
1984-01-29,5.5114
1984-01-30,5.3092
1984-01-31,5.5889
1984-02-01,5.8265
1984-02-02,5.8474
1984-02-03,5.8122
1984-02-04,5.9117
1984-02-05,5.7500
1984-02-06,5.4934
1984-02-07,5.2348
1984-02-08,5.0077
1984-02-09,4.8454
1984-02-10,4.7208
1984-02-11,4.8256
1984-02-12,4.9656
1984-02-13,4.9275
1984-02-14,4.8848
1984-02-15,4.7957
1984-02-16,4.8214
1984-02-17,4.8176
1984-02-18,4.9038
1984-02-19,4.8616
1984-02-20,4.9120
1984-02-21,4.8858
1984-02-22,4.7934
1984-02-23,4.7307
1984-02-24,4.9950
1984-02-25,5.1280
1984-02-26,5.7857
1984-02-27,5.7848
1984-02-28,5.7131
1984-02-29,5.4362
1984-03-01,5.1482
1984-03-02,4.7245
1984-03-03,4.6762
1984-03-04,4.7262
1984-03-05,4.6235
1984-03-06,4.5095
1984-03-07,4.3972
1984-03-08,4.3144
1984-03-09,4.1819
1984-03-10,4.1278
1984-03-11,4.1884
1984-03-12,4.1293
1984-03-13,4.0758
1984-03-14,4.0718
1984-03-15,4.8105
1984-03-16,4.6896
1984-03-17,4.5112
1984-03-18,4.0429
1984-03-19,3.8583
1984-03-20,3.7079
1984-03-21,4.1308
1984-03-22,4.2415
1984-03-23,4.3324
1984-03-24,4.7198
1984-03-25,4.7388
1984-03-26,4.6655
1984-03-27,4.6641
1984-03-28,4.7399
1984-03-29,4.7599
1984-03-30,4.5520
1984-03-31,4.7502
1984-04-01,4.8562
1984-04-02,4.6515
1984-04-03,4.8635
1984-04-04,4.9439
1984-04-05,4.9435
1984-04-06,4.8667
1984-04-07,4.7676
1984-04-08,4.5101
1984-04-09,4.3922
1984-04-10,4.3044
1984-04-11,4.3018
1984-04-12,4.3987
1984-04-13,4.8443
1984-04-14,5.0141
1984-04-15,5.1121
1984-04-16,5.2217
1984-04-17,5.0891
1984-04-18,4.9692
1984-04-19,4.8593
1984-04-20,4.9017
1984-04-21,5.0452
1984-04-22,5.0899
1984-04-23,5.1898
1984-04-24,5.1646
1984-04-25,5.0680
1984-04-26,5.2484
1984-04-27,5.2199
1984-04-28,5.2348
1984-04-29,5.2472
1984-04-30,5.2490
1984-05-01,5.6337
1984-05-02,5.6457
1984-05-03,5.5781
1984-05-04,5.6593
1984-05-05,6.0592
1984-05-06,6.0609
1984-05-07,6.1179
1984-05-08,6.1930
1984-05-09,6.1409
1984-05-10,6.1374
1984-05-11,6.1387
1984-05-12,6.1339
1984-05-13,6.0662
1984-05-14,6.4965
1984-05-15,6.8302
1984-05-16,7.1016
1984-05-17,6.8818
1984-05-18,6.6515
1984-05-19,6.5577
1984-05-20,6.7101
1984-05-21,6.9896
1984-05-22,7.6224
1984-05-23,7.8390
1984-05-24,8.0515
1984-05-25,7.9974
1984-05-26,7.8669
1984-05-27,8.1836
1984-05-28,8.2264
1984-05-29,8.2047
1984-05-30,8.0982
1984-05-31,8.0862
1984-06-01,8.0717
1984-06-02,8.1705
1984-06-03,8.0921
1984-06-04,8.1941
1984-06-05,8.6063
1984-06-06,8.8106
1984-06-07,9.2430
1984-06-08,9.4828
1984-06-09,9.7602
1984-06-10,9.9809
1984-06-11,10.2278
1984-06-12,10.4145
1984-06-13,10.9681
1984-06-14,10.8483
1984-06-15,10.6897
1984-06-16,10.7768
1984-06-17,10.8892
1984-06-18,10.9160
1984-06-19,11.0314
1984-06-20,11.5536
1984-06-21,11.7574
1984-06-22,11.8535
1984-06-23,11.8970
1984-06-24,11.8511
1984-06-25,11.5871
1984-06-26,11.1598
1984-06-27,11.9164
1984-06-28,12.2806
1984-06-29,12.5693
1984-06-30,13.2576
1984-07-01,13.2996
1984-07-02,13.4335
1984-07-03,13.5044
1984-07-04,13.7736
1984-07-05,14.0157
1984-07-06,13.9482
1984-07-07,14.0411
1984-07-08,13.3969
1984-07-09,13.4531
1984-07-10,13.6471
1984-07-11,13.8101
1984-07-12,14.0694
1984-07-13,14.4223
1984-07-14,14.6950
1984-07-15,14.8947
1984-07-16,14.9326
1984-07-17,14.7138
1984-07-18,14.9467
1984-07-19,15.1213
1984-07-20,15.3304
1984-07-21,15.6178
1984-07-22,15.4381
1984-07-23,15.3381
1984-07-24,14.7399
1984-07-25,14.6677
1984-07-26,14.8386
1984-07-27,14.7851
1984-07-28,14.5901
1984-07-29,14.6817
1984-07-30,14.6555
1984-07-31,14.7362
1984-08-01,15.1140
1984-08-02,15.6287
1984-08-03,15.6711
1984-08-04,15.7411
1984-08-05,16.3063
1984-08-06,16.6632
1984-08-07,16.9317
1984-08-08,16.9359
1984-08-09,16.6068
1984-08-10,16.6801
1984-08-11,16.8934
1984-08-12,17.0282
1984-08-13,17.0997
1984-08-14,17.3757
1984-08-15,17.9190
1984-08-16,17.6505
1984-08-17,17.0793
1984-08-18,16.5613
1984-08-19,16.5160
1984-08-20,16.2456
1984-08-21,16.2788
1984-08-22,16.4235
1984-08-23,16.2954
1984-08-24,15.6206
1984-08-25,15.6807
1984-08-26,15.9426
1984-08-27,16.0845
1984-08-28,16.3006
1984-08-29,16.4473
1984-08-30,16.3825
1984-08-31,16.0358
1984-09-01,15.4712
1984-09-02,15.1920
1984-09-03,15.1332
1984-09-04,15.0455
1984-09-05,14.4002
1984-09-06,14.3681
1984-09-07,14.3890
1984-09-08,14.2557
1984-09-09,14.1986
1984-09-10,14.5141
1984-09-11,14.8406
1984-09-12,14.6143
1984-09-13,14.4601
1984-09-14,14.4926
1984-09-15,13.5850
1984-09-16,13.3409
1984-09-17,13.3215
1984-09-18,13.4788
1984-09-19,13.7169
1984-09-20,13.8489
1984-09-21,13.5086
1984-09-22,13.5348
1984-09-23,13.8983
1984-09-24,14.3801
1984-09-25,14.2175
1984-09-26,14.4125
1984-09-27,13.5076
1984-09-28,13.2248
1984-09-29,13.2120
1984-09-30,13.1599
1984-10-01,13.1645
1984-10-02,12.6267
1984-10-03,12.5184
1984-10-04,12.5747
1984-10-05,12.5531
1984-10-06,12.4165
1984-10-07,12.3632
1984-10-08,12.3529
1984-10-09,12.0652
1984-10-10,12.0627
1984-10-11,12.1251
1984-10-12,12.2276
1984-10-13,12.0112
1984-10-14,11.6307
1984-10-15,11.6602
1984-10-16,11.9118
1984-10-17,12.0841
1984-10-18,12.0156
1984-10-19,11.8012
1984-10-20,11.9395
1984-10-21,12.1452
1984-10-22,12.3297
1984-10-23,12.0581
1984-10-24,11.8048
1984-10-25,11.9278
1984-10-26,11.9292
1984-10-27,11.8120
1984-10-28,12.3135
1984-10-29,12.3839
1984-10-30,12.1391
1984-10-31,12.0816
1984-11-01,12.0943
1984-11-02,11.9176
1984-11-03,11.5931
1984-11-04,10.9856
1984-11-05,11.1549
1984-11-06,11.5412
1984-11-07,11.4223
1984-11-08,11.2604
1984-11-09,11.1061
1984-11-10,11.1153
1984-11-11,11.2584
1984-11-12,11.2185
1984-11-13,11.0897
1984-11-14,10.9101
1984-11-15,10.8978
1984-11-16,10.7180
1984-11-17,10.5722
1984-11-18,10.6268
1984-11-19,10.5991
1984-11-20,10.4008
1984-11-21,10.0329
1984-11-22,10.0069
1984-11-23,10.0102
1984-11-24,9.7909
1984-11-25,9.8623
1984-11-26,10.0125
1984-11-27,9.8500
1984-11-28,9.6751
1984-11-29,10.0753
1984-11-30,10.1543
1984-12-01,9.9682
1984-12-02,9.6052
1984-12-03,9.4408
1984-12-04,9.4176
1984-12-05,9.3139
1984-12-06,9.1893
1984-12-07,8.9471
1984-12-08,8.9399
1984-12-09,8.9312
1984-12-10,8.7561
1984-12-11,8.4578
1984-12-12,9.3561
1984-12-13,9.4084
1984-12-14,9.3531
1984-12-15,8.7294
1984-12-16,8.6918
1984-12-17,8.7524
1984-12-18,8.7534
1984-12-19,8.7427
1984-12-20,9.1220
1984-12-21,9.1693
1984-12-22,8.7533
1984-12-23,8.5086
1984-12-24,8.5975
1984-12-25,8.5812
1984-12-26,8.3885
1984-12-27,8.1586
1984-12-28,7.9556
1984-12-29,7.8158
1984-12-30,7.7248
1984-12-31,7.6137
1985-01-01,7.6049
1985-01-02,7.6368
1985-01-03,7.5287
1985-01-04,7.3439
1985-01-05,7.6772
1985-01-06,7.5592
1985-01-07,7.3507
1985-01-08,7.0330
1985-01-09,6.9680
1985-01-10,6.8661
1985-01-11,6.6644
1985-01-12,6.4629
1985-01-13,6.4784
1985-01-14,6.3154
1985-01-15,6.0699
1985-01-16,6.0481
1985-01-17,6.0685
1985-01-18,6.0732
1985-01-19,6.0821
1985-01-20,6.0569
1985-01-21,5.8665
1985-01-22,5.6720
1985-01-23,5.5282
1985-01-24,5.5565
1985-01-25,5.5793
1985-01-26,5.5098
1985-01-27,5.4655
1985-01-28,5.5782
1985-01-29,5.5916
1985-01-30,5.5854
1985-01-31,5.4482
1985-02-01,5.3507
1985-02-02,5.2609
1985-02-03,5.2363
1985-02-04,5.2097
1985-02-05,5.1259
1985-02-06,5.1821
1985-02-07,5.1840
1985-02-08,5.1073
1985-02-09,4.7868
1985-02-10,4.6139
1985-02-11,4.4824
1985-02-12,4.5080
1985-02-13,4.6594
1985-02-14,4.8351
1985-02-15,4.8828
1985-02-16,4.7650
1985-02-17,4.7788
1985-02-18,4.8316
1985-02-19,4.7854
1985-02-20,4.7578
1985-02-21,4.6557
1985-02-22,4.6026
1985-02-23,4.6304
1985-02-24,4.7141
1985-02-25,4.5944
1985-02-26,4.4661
1985-02-27,4.4152
1985-02-28,4.5641
1985-03-01,4.6693
1985-03-02,4.7302
1985-03-03,4.7746
1985-03-04,4.6882
1985-03-05,4.3248
1985-03-06,4.2836
1985-03-07,4.1953
1985-03-08,4.6616
1985-03-09,4.7238
1985-03-10,4.5188
1985-03-11,4.3563
1985-03-12,4.2272
1985-03-13,4.1950
1985-03-14,4.2358
1985-03-15,4.6592
1985-03-16,4.6374
1985-03-17,4.5827
1985-03-18,4.5474
1985-03-19,4.6125
1985-03-20,4.5410
1985-03-21,4.5521
1985-03-22,4.6240
1985-03-23,4.6560
1985-03-24,4.5875
1985-03-25,4.5033
1985-03-26,4.4995
1985-03-27,4.4082
1985-03-28,4.9756
1985-03-29,5.0510
1985-03-30,4.8177
1985-03-31,4.6456
1985-04-01,4.5578
1985-04-02,4.3287
1985-04-03,4.3938
1985-04-04,4.4569
1985-04-05,4.5093
1985-04-06,4.8310
1985-04-07,4.8637
1985-04-08,4.7717
1985-04-09,4.7367
1985-04-10,4.6376
1985-04-11,4.5614
1985-04-12,4.7103
1985-04-13,4.7019
1985-04-14,4.6513
1985-04-15,4.5822
1985-04-16,4.7170
1985-04-17,4.6925
1985-04-18,4.6152
1985-04-19,4.8840
1985-04-20,5.0851
1985-04-21,5.1810
1985-04-22,5.3149
1985-04-23,5.2658
1985-04-24,5.1881
1985-04-25,5.4204
1985-04-26,5.5966
1985-04-27,5.6627
1985-04-28,5.6790
1985-04-29,6.0065
1985-04-30,6.0498
1985-05-01,6.0152
1985-05-02,5.9364
1985-05-03,5.5884
1985-05-04,5.4825
1985-05-05,5.4437
1985-05-06,5.4106
1985-05-07,5.5938
1985-05-08,5.6154
1985-05-09,5.6670
1985-05-10,6.0687
1985-05-11,6.4757
1985-05-12,6.7252
1985-05-13,6.6655
1985-05-14,6.5406
1985-05-15,6.3701
1985-05-16,6.5200
1985-05-17,6.7912
1985-05-18,6.8149
1985-05-19,6.7803
1985-05-20,6.9998
1985-05-21,7.4981
1985-05-22,7.7192
1985-05-23,7.9717
1985-05-24,8.1679
1985-05-25,8.2569
1985-05-26,8.4576
1985-05-27,8.4232
1985-05-28,8.0749
1985-05-29,8.1066
1985-05-30,8.1945
1985-05-31,8.3936
1985-06-01,8.6195
1985-06-02,8.6151
1985-06-03,8.7222
1985-06-04,8.8661
1985-06-05,9.0182
1985-06-06,8.6217
1985-06-07,8.6425
1985-06-08,9.3061
1985-06-09,9.5796
1985-06-10,9.3346
1985-06-11,9.5232
1985-06-12,9.4918
1985-06-13,9.0469
1985-06-14,9.4842
1985-06-15,9.5245
1985-06-16,9.5331
1985-06-17,9.7218
1985-06-18,9.9279
1985-06-19,9.9346
1985-06-20,10.2810
1985-06-21,10.7813
1985-06-22,11.0836
1985-06-23,11.4610
1985-06-24,10.7978
1985-06-25,10.6360
1985-06-26,10.5729
1985-06-27,10.2706
1985-06-28,10.3643
1985-06-29,10.9076
1985-06-30,10.9527
1985-07-01,10.4966
1985-07-02,11.2490
1985-07-03,11.8633
1985-07-04,11.8005
1985-07-05,11.9079
1985-07-06,12.2693
1985-07-07,12.6691
1985-07-08,12.5903
1985-07-09,12.7204
1985-07-10,12.9588
1985-07-11,13.5993
1985-07-12,14.3120
1985-07-13,14.5340
1985-07-14,14.6116
1985-07-15,14.5237
1985-07-16,14.1876
1985-07-17,14.0129
1985-07-18,13.9297
1985-07-19,13.8842
1985-07-20,14.0005
1985-07-21,14.3035
1985-07-22,14.3133
1985-07-23,14.0793
1985-07-24,14.0916
1985-07-25,14.0174
1985-07-26,13.9727
1985-07-27,13.9691
1985-07-28,14.0833
1985-07-29,14.1686
1985-07-30,14.3247
1985-07-31,14.2026
1985-08-01,13.5081
1985-08-02,13.4887
1985-08-03,13.8197
1985-08-04,14.3287
1985-08-05,14.5809
1985-08-06,14.8390
1985-08-07,14.7760
1985-08-08,14.9331
1985-08-09,15.4156
1985-08-10,15.5173
1985-08-11,15.6681
1985-08-12,15.9902
1985-08-13,16.0680
1985-08-14,16.3172
1985-08-15,16.8516
1985-08-16,16.4693
1985-08-17,16.0700
1985-08-18,16.0281
1985-08-19,15.9816
1985-08-20,15.7650
1985-08-21,15.8233
1985-08-22,15.6087
1985-08-23,15.4887
1985-08-24,15.5519
1985-08-25,15.5297
1985-08-26,15.7604
1985-08-27,15.4113
1985-08-28,15.1308
1985-08-29,14.9309
1985-08-30,14.8702
1985-08-31,14.0327
1985-09-01,13.4726
1985-09-02,13.3183
1985-09-03,13.6057
1985-09-04,13.8486
1985-09-05,13.9399
1985-09-06,13.8817
1985-09-07,14.0292
1985-09-08,14.5744
1985-09-09,14.6909
1985-09-10,14.3074
1985-09-11,13.9566
1985-09-12,13.9129
1985-09-13,13.8824
1985-09-14,13.9355
1985-09-15,14.0331
1985-09-16,14.2705
1985-09-17,14.3846
1985-09-18,14.2733
1985-09-19,14.3886
1985-09-20,14.4441
1985-09-21,14.3431
1985-09-22,14.2351
1985-09-23,14.1275
1985-09-24,13.9432
1985-09-25,14.3352
1985-09-26,14.4643
1985-09-27,13.9853
1985-09-28,13.7162
1985-09-29,13.4590
1985-09-30,13.0959
1985-10-01,13.2723
1985-10-02,13.8647
1985-10-03,14.0274
1985-10-04,13.7432
1985-10-05,13.0929
1985-10-06,13.0006
1985-10-07,13.0445
1985-10-08,12.9674
1985-10-09,12.9370
1985-10-10,12.5649
1985-10-11,12.5044
1985-10-12,12.4552
1985-10-13,12.2990
1985-10-14,12.2300
1985-10-15,12.3068
1985-10-16,12.0823
1985-10-17,11.9409
1985-10-18,11.6538
1985-10-19,11.5146
1985-10-20,11.3688
1985-10-21,11.2352
1985-10-22,11.4330
1985-10-23,11.7025
1985-10-24,11.6460
1985-10-25,11.3158
1985-10-26,11.1943
1985-10-27,11.0251
1985-10-28,10.7601
1985-10-29,10.4371
1985-10-30,10.3367
1985-10-31,10.2594
1985-11-01,10.2443
1985-11-02,10.2444
1985-11-03,10.3256
1985-11-04,10.3225
1985-11-05,10.4115
1985-11-06,10.4715
1985-11-07,10.4868
1985-11-08,10.0203
1985-11-09,9.9461
1985-11-10,10.0209
1985-11-11,10.1172
1985-11-12,9.7643
1985-11-13,10.0112
1985-11-14,10.0731
1985-11-15,9.9006
1985-11-16,9.3787
1985-11-17,9.5490
1985-11-18,9.7001
1985-11-19,9.6797
1985-11-20,9.8972
1985-11-21,9.8811
1985-11-22,9.6648
1985-11-23,9.5078
1985-11-24,9.4243
1985-11-25,9.3765
1985-11-26,9.2474
1985-11-27,9.0419
1985-11-28,8.6398
1985-11-29,8.5256
1985-11-30,8.5199
1985-12-01,8.5872
1985-12-02,8.6204
1985-12-03,8.6446
1985-12-04,8.5276
1985-12-05,8.4266
1985-12-06,8.1576
1985-12-07,7.9757
1985-12-08,7.9306
1985-12-09,7.8999
1985-12-10,7.9072
1985-12-11,7.8836
1985-12-12,7.7765
1985-12-13,7.6103
1985-12-14,7.5485
1985-12-15,7.5385
1985-12-16,7.5396
1985-12-17,7.4229
1985-12-18,7.2078
1985-12-19,7.0727
1985-12-20,7.0114
1985-12-21,6.9496
1985-12-22,6.6608
1985-12-23,6.6531
1985-12-24,6.7177
1985-12-25,6.6581
1985-12-26,6.5288
1985-12-27,6.6309
1985-12-28,6.6925
1985-12-29,6.6383
1985-12-30,6.5665
1985-12-31,6.4616
1986-01-01,6.1984
1986-01-02,6.1789
1986-01-03,6.2690
1986-01-04,6.3586
1986-01-05,6.2881
1986-01-06,5.9463
1986-01-07,5.8872
1986-01-08,5.8153
1986-01-09,5.8745
1986-01-10,5.9322
1986-01-11,5.8681
1986-01-12,5.8188
1986-01-13,5.9712
1986-01-14,5.9795
1986-01-15,5.6041
1986-01-16,5.2888
1986-01-17,5.1720
1986-01-18,5.3605
1986-01-19,5.5496
1986-01-20,5.3731
1986-01-21,5.3224
1986-01-22,5.3914
1986-01-23,5.4215
1986-01-24,5.3081
1986-01-25,5.1226
1986-01-26,4.9618
1986-01-27,4.4513
1986-01-28,4.4600
1986-01-29,4.6832
1986-01-30,4.6488
1986-01-31,4.8249
1986-02-01,4.7440
1986-02-02,4.9264
1986-02-03,4.9586
1986-02-04,4.8468
1986-02-05,5.0064
1986-02-06,5.1235
1986-02-07,4.9587
1986-02-08,4.7265
1986-02-09,4.6830
1986-02-10,4.6326
1986-02-11,4.5451
1986-02-12,4.5194
1986-02-13,4.3870
1986-02-14,4.3529
1986-02-15,4.3390
1986-02-16,4.2613
1986-02-17,4.1723
1986-02-18,4.1189
1986-02-19,4.0144
1986-02-20,4.0824
1986-02-21,4.2595
1986-02-22,4.0215
1986-02-23,3.9332
1986-02-24,3.7787
1986-02-25,3.6813
1986-02-26,3.8728
1986-02-27,3.9730
1986-02-28,4.1857
1986-03-01,4.2497
1986-03-02,3.9386
1986-03-03,3.8870
1986-03-04,3.9188
1986-03-05,3.8722
1986-03-06,3.9411
1986-03-07,3.9165
1986-03-08,3.8165
1986-03-09,3.7875
1986-03-10,3.7010
1986-03-11,3.6485
1986-03-12,3.6025
1986-03-13,3.6315
1986-03-14,3.5957
1986-03-15,3.6764
1986-03-16,4.1830
1986-03-17,4.3396
1986-03-18,4.2880
1986-03-19,4.2880
1986-03-20,4.0071
1986-03-21,3.9109
1986-03-22,3.9627
1986-03-23,3.9008
1986-03-24,3.7503
1986-03-25,3.6393
1986-03-26,3.6207
1986-03-27,4.1149
1986-03-28,4.1222
1986-03-29,4.3510
1986-03-30,4.4922
1986-03-31,4.5056
1986-04-01,4.9542
1986-04-02,5.0975
1986-04-03,4.8837
1986-04-04,4.5723
1986-04-05,4.4288
1986-04-06,4.3479
1986-04-07,4.3624
1986-04-08,4.4639
1986-04-09,4.7027
1986-04-10,4.7233
1986-04-11,4.6992
1986-04-12,4.9640
1986-04-13,5.1504
1986-04-14,5.5502
1986-04-15,5.5853
1986-04-16,5.6138
1986-04-17,5.6045
1986-04-18,5.2483
1986-04-19,5.3383
1986-04-20,5.4880
1986-04-21,5.5336
1986-04-22,5.6367
1986-04-23,5.2496
1986-04-24,5.3186
1986-04-25,5.3968
1986-04-26,5.4371
1986-04-27,7.0637
1986-04-28,7.4472
1986-04-29,7.3009
1986-04-30,6.9532
1986-05-01,6.9075
1986-05-02,6.5132
1986-05-03,6.3809
1986-05-04,6.2635
1986-05-05,6.2698
1986-05-06,6.3700
1986-05-07,6.5438
1986-05-08,6.6136
1986-05-09,6.6725
1986-05-10,6.9300
1986-05-11,7.0104
1986-05-12,6.8766
1986-05-13,7.1682
1986-05-14,7.4840
1986-05-15,7.5863
1986-05-16,7.7896
1986-05-17,8.3458
1986-05-18,8.9479
1986-05-19,9.0203
1986-05-20,8.9935
1986-05-21,8.9347
1986-05-22,8.8553
1986-05-23,8.7374
1986-05-24,8.7555
1986-05-25,8.3768
1986-05-26,7.6788
1986-05-27,7.6655
1986-05-28,8.0302
1986-05-29,8.4111
1986-05-30,8.8403
1986-05-31,9.1059
1986-06-01,9.1653
1986-06-02,8.6078
1986-06-03,8.4621
1986-06-04,8.4853
1986-06-05,8.7529
1986-06-06,8.8807
1986-06-07,9.0062
1986-06-08,9.2956
1986-06-09,9.2431
1986-06-10,9.1524
1986-06-11,9.0082
1986-06-12,9.0918
1986-06-13,9.5581
1986-06-14,9.9026
1986-06-15,10.3090
1986-06-16,10.6504
1986-06-17,10.1530
1986-06-18,9.9593
1986-06-19,10.1760
1986-06-20,10.1162
1986-06-21,9.9890
1986-06-22,10.4777
1986-06-23,10.8032
1986-06-24,10.6704
1986-06-25,10.5766
1986-06-26,10.6883
1986-06-27,10.8376
1986-06-28,11.3220
1986-06-29,11.4562
1986-06-30,11.5370
1986-07-01,11.8038
1986-07-02,11.8183
1986-07-03,11.5007
1986-07-04,11.5746
1986-07-05,11.6093
1986-07-06,12.3349
1986-07-07,12.5047
1986-07-08,12.4614
1986-07-09,12.7695
1986-07-10,12.8939
1986-07-11,12.8336
1986-07-12,12.9179
1986-07-13,13.3666
1986-07-14,13.4864
1986-07-15,13.5603
1986-07-16,13.8841
1986-07-17,14.3413
1986-07-18,14.6189
1986-07-19,14.5278
1986-07-20,14.3418
1986-07-21,14.3065
1986-07-22,14.6715
1986-07-23,14.7701
1986-07-24,15.1730
1986-07-25,15.4009
1986-07-26,15.6944
1986-07-27,15.5721
1986-07-28,15.3620
1986-07-29,14.9446
1986-07-30,14.8556
1986-07-31,15.0882
1986-08-01,15.1185
1986-08-02,15.3200
1986-08-03,16.1755
1986-08-04,16.0894
1986-08-05,16.0770
1986-08-06,16.1796
1986-08-07,16.3029
1986-08-08,16.6598
1986-08-09,16.5650
1986-08-10,16.4360
1986-08-11,16.5370
1986-08-12,16.4813
1986-08-13,16.4775
1986-08-14,16.3547
1986-08-15,16.3909
1986-08-16,16.6947
1986-08-17,16.9152
1986-08-18,16.7685
1986-08-19,15.8480
1986-08-20,15.6755
1986-08-21,15.5481
1986-08-22,15.6385
1986-08-23,15.6437
1986-08-24,14.9569
1986-08-25,14.3928
1986-08-26,14.3791
1986-08-27,14.4058
1986-08-28,13.8828
1986-08-29,13.9072
1986-08-30,13.9879
1986-08-31,14.2133
1986-09-01,14.3017
1986-09-02,14.4245
1986-09-03,14.1899
1986-09-04,13.8604
1986-09-05,13.9049
1986-09-06,14.0513
1986-09-07,14.0019
1986-09-08,14.1850
1986-09-09,14.2014
1986-09-10,14.1358
1986-09-11,14.1267
1986-09-12,14.0974
1986-09-13,13.8887
1986-09-14,13.5847
1986-09-15,13.3159
1986-09-16,13.0795
1986-09-17,12.9317
1986-09-18,12.9436
1986-09-19,13.0011
1986-09-20,13.0749
1986-09-21,13.1234
1986-09-22,13.1176
1986-09-23,12.9892
1986-09-24,12.9269
1986-09-25,13.1844
1986-09-26,13.3016
1986-09-27,13.1290
1986-09-28,12.8846
1986-09-29,12.7795
1986-09-30,13.4718
1986-10-01,13.5125
1986-10-02,13.4198
1986-10-03,13.1234
1986-10-04,13.1846
1986-10-05,13.1495
1986-10-06,12.7195
1986-10-07,12.1316
1986-10-08,12.0130
1986-10-09,12.0490
1986-10-10,11.7421
1986-10-11,11.5734
1986-10-12,11.5567
1986-10-13,11.6549
1986-10-14,11.7100
1986-10-15,11.5712
1986-10-16,11.3266
1986-10-17,11.1234
1986-10-18,11.0181
1986-10-19,11.0461
1986-10-20,11.1104
1986-10-21,11.0544
1986-10-22,11.1539
1986-10-23,11.1491
1986-10-24,10.8596
1986-10-25,10.8086
1986-10-26,10.7961
1986-10-27,10.5594
1986-10-28,10.7902
1986-10-29,10.8674
1986-10-30,10.7161
1986-10-31,10.4286
1986-11-01,10.4598
1986-11-02,10.3952
1986-11-03,10.2319
1986-11-04,10.1499
1986-11-05,9.8135
1986-11-06,9.6725
1986-11-07,9.6579
1986-11-08,9.6791
1986-11-09,9.7594
1986-11-10,9.6435
1986-11-11,9.5348
1986-11-12,9.5120
1986-11-13,9.3366
1986-11-14,8.9313
1986-11-15,8.7637
1986-11-16,8.8860
1986-11-17,9.0068
1986-11-18,9.0217
1986-11-19,8.9419
1986-11-20,8.7832
1986-11-21,8.7333
1986-11-22,8.6598
1986-11-23,8.6035
1986-11-24,8.7781
1986-11-25,8.7878
1986-11-26,8.7976
1986-11-27,8.7057
1986-11-28,8.6758
1986-11-29,8.6911
1986-11-30,8.6268
1986-12-01,8.2808
1986-12-02,8.2450
1986-12-03,8.5884
1986-12-04,8.6543
1986-12-05,8.5061
1986-12-06,8.3774
1986-12-07,8.0701
1986-12-08,8.1044
1986-12-09,8.1373
1986-12-10,7.8166
1986-12-11,7.7600
1986-12-12,7.6751
1986-12-13,7.5369
1986-12-14,7.4251
1986-12-15,7.3128
1986-12-16,7.1677
1986-12-17,6.9163
1986-12-18,6.8405
1986-12-19,6.9456
1986-12-20,7.0098
1986-12-21,6.9500
1986-12-22,6.8929
1986-12-23,6.9128
1986-12-24,6.8942
1986-12-25,6.8831
1986-12-26,6.8117
1986-12-27,6.6498
1986-12-28,6.5349
1986-12-29,6.5623
1986-12-30,6.5327
1986-12-31,6.4700
1987-01-01,6.4905
1987-01-02,6.4936
1987-01-03,6.3917
1987-01-04,6.4034
1987-01-05,6.4596
1987-01-06,6.3827
1987-01-07,6.1531
1987-01-08,6.0253
1987-01-09,5.9327
1987-01-10,5.8363
1987-01-11,5.7063
1987-01-12,5.6003
1987-01-13,5.4757
1987-01-14,5.4025
1987-01-15,5.8721
1987-01-16,6.0197
1987-01-17,5.9539
1987-01-18,5.7744
1987-01-19,5.5633
1987-01-20,5.3075
1987-01-21,5.2525
1987-01-22,5.5588
1987-01-23,5.6352
1987-01-24,5.4871
1987-01-25,5.3181
1987-01-26,5.0884
1987-01-27,4.9793
1987-01-28,5.0004
1987-01-29,4.9061
1987-01-30,4.7469
1987-01-31,4.6758
1987-02-01,4.5915
1987-02-02,4.5530
1987-02-03,4.6155
1987-02-04,4.6877
1987-02-05,4.4692
1987-02-06,4.1686
1987-02-07,4.1947
1987-02-08,4.2667
1987-02-09,4.3680
1987-02-10,4.3450
1987-02-11,4.4849
1987-02-12,4.4776
1987-02-13,4.1671
1987-02-14,3.6496
1987-02-15,3.8688
1987-02-16,4.0795
1987-02-17,4.0476
1987-02-18,3.8976
1987-02-19,3.8672
1987-02-20,3.7826
1987-02-21,3.7599
1987-02-22,3.7709
1987-02-23,3.7105
1987-02-24,3.4009
1987-02-25,3.1491
1987-02-26,3.1156
1987-02-27,3.1208
1987-02-28,3.2454
1987-03-01,3.2066
1987-03-02,3.1373
1987-03-03,2.9659
1987-03-04,3.1030
1987-03-05,3.0857
1987-03-06,3.0210
1987-03-07,3.2554
1987-03-08,3.4988
1987-03-09,3.2109
1987-03-10,2.7930
1987-03-11,2.7192
1987-03-12,2.6993
1987-03-13,2.6656
1987-03-14,2.7052
1987-03-15,2.6509
1987-03-16,2.6232
1987-03-17,2.5309
1987-03-18,2.3584
1987-03-19,2.3102
1987-03-20,2.3261
1987-03-21,2.4337
1987-03-22,2.3927
1987-03-23,2.4399
1987-03-24,2.8234
1987-03-25,3.0369
1987-03-26,2.9919
1987-03-27,2.8671
1987-03-28,3.0342
1987-03-29,3.3038
1987-03-30,3.3652
1987-03-31,3.3628
1987-04-01,3.1102
1987-04-02,2.8223
1987-04-03,3.2342
1987-04-04,3.6912
1987-04-05,3.6899
1987-04-06,3.4877
1987-04-07,3.3099
1987-04-08,3.2325
1987-04-09,3.7221
1987-04-10,3.8475
1987-04-11,4.0690
1987-04-12,4.2970
1987-04-13,3.8547
1987-04-14,3.7848
1987-04-15,3.8567
1987-04-16,3.7257
1987-04-17,3.8070
1987-04-18,4.1242
1987-04-19,4.3300
1987-04-20,4.6658
1987-04-21,4.9812
1987-04-22,4.2437
1987-04-23,4.1245
1987-04-24,4.2992
1987-04-25,4.4345
1987-04-26,4.3735
1987-04-27,4.4310
1987-04-28,4.4024
1987-04-29,4.2461
1987-04-30,4.1796
1987-05-01,4.2736
1987-05-02,4.4587
1987-05-03,4.6268
1987-05-04,4.7150
1987-05-05,4.4265
1987-05-06,4.8333
1987-05-07,4.8584
1987-05-08,4.8542
1987-05-09,5.1532
1987-05-10,5.6409
1987-05-11,5.9724
1987-05-12,6.0778
1987-05-13,6.0571
1987-05-14,6.3079
1987-05-15,6.0903
1987-05-16,5.8128
1987-05-17,5.9055
1987-05-18,6.2479
1987-05-19,6.3065
1987-05-20,6.6397
1987-05-21,6.9283
1987-05-22,6.9882
1987-05-23,7.0279
1987-05-24,7.0705
1987-05-25,7.2584
1987-05-26,7.2712
1987-05-27,7.2856
1987-05-28,8.3073
1987-05-29,8.6244
1987-05-30,9.2578
1987-05-31,9.6860
1987-06-01,9.7944
1987-06-02,9.7453
1987-06-03,9.7337
1987-06-04,9.7526
1987-06-05,9.6195
1987-06-06,9.7246
1987-06-07,9.6848
1987-06-08,9.7180
1987-06-09,9.7747
1987-06-10,9.7353
1987-06-11,9.8125
1987-06-12,9.8118
1987-06-13,9.9748
1987-06-14,10.2187
1987-06-15,10.2162
1987-06-16,10.2858
1987-06-17,10.4107
1987-06-18,10.4725
1987-06-19,10.6718
1987-06-20,11.0800
1987-06-21,11.3759
1987-06-22,11.6279
1987-06-23,10.5105
1987-06-24,10.5061
1987-06-25,10.8859
1987-06-26,11.0510
1987-06-27,11.3212
1987-06-28,11.6189
1987-06-29,11.5959
1987-06-30,11.6581
1987-07-01,11.6442
1987-07-02,11.6542
1987-07-03,11.8135
1987-07-04,12.3299
1987-07-05,12.4504
1987-07-06,12.4475
1987-07-07,12.5307
1987-07-08,13.0375
1987-07-09,13.7469
1987-07-10,14.2094
1987-07-11,14.2096
1987-07-12,13.9213
1987-07-13,13.3991
1987-07-14,13.0548
1987-07-15,13.2922
1987-07-16,13.3507
1987-07-17,13.4904
1987-07-18,13.5661
1987-07-19,13.7036
1987-07-20,13.7072
1987-07-21,13.6901
1987-07-22,13.4044
1987-07-23,14.0018
1987-07-24,14.5199
1987-07-25,14.8244
1987-07-26,14.1897
1987-07-27,13.9901
1987-07-28,14.3534
1987-07-29,14.5163
1987-07-30,14.6475
1987-07-31,14.5820
1987-08-01,14.4372
1987-08-02,14.4660
1987-08-03,14.5589
1987-08-04,14.5899
1987-08-05,14.1658
1987-08-06,13.8942
1987-08-07,14.2574
1987-08-08,14.7879
1987-08-09,14.9391
1987-08-10,14.8798
1987-08-11,14.8242
1987-08-12,14.8321
1987-08-13,15.2527
1987-08-14,15.3592
1987-08-15,15.4210
1987-08-16,15.5654
1987-08-17,15.9470
1987-08-18,16.1304
1987-08-19,15.9032
1987-08-20,15.7515
1987-08-21,15.6322
1987-08-22,15.3656
1987-08-23,14.7082
1987-08-24,14.5051
1987-08-25,14.4667
1987-08-26,14.5279
1987-08-27,14.4856
1987-08-28,14.2234
1987-08-29,14.0689
1987-08-30,14.0590
1987-08-31,14.0933
1987-09-01,14.1249
1987-09-02,14.2053
1987-09-03,14.2558
1987-09-04,14.2056
1987-09-05,14.2218
1987-09-06,14.1477
1987-09-07,13.8011
1987-09-08,14.5078
1987-09-09,14.8884
1987-09-10,14.7709
1987-09-11,14.6633
1987-09-12,14.5515
1987-09-13,14.5671
1987-09-14,14.2332
1987-09-15,14.2369
1987-09-16,14.3537
1987-09-17,14.2488
1987-09-18,14.1837
1987-09-19,14.0468
1987-09-20,13.3938
1987-09-21,13.2230
1987-09-22,13.3478
1987-09-23,13.3693
1987-09-24,13.3455
1987-09-25,13.1739
1987-09-26,12.7810
1987-09-27,12.6340
1987-09-28,12.6373
1987-09-29,12.9675
1987-09-30,12.9739
1987-10-01,12.5089
1987-10-02,12.4451
1987-10-03,12.3864
1987-10-04,11.7793
1987-10-05,11.6351
1987-10-06,11.7483
1987-10-07,11.6946
1987-10-08,11.3699
1987-10-09,11.0307
1987-10-10,10.9067
1987-10-11,10.8000
1987-10-12,10.6346
1987-10-13,10.7638
1987-10-14,10.8976
1987-10-15,11.0011
1987-10-16,10.9860
1987-10-17,10.9280
1987-10-18,10.9219
1987-10-19,11.3943
1987-10-20,11.5191
1987-10-21,11.0454
1987-10-22,10.5172
1987-10-23,10.4752
1987-10-24,10.7320
1987-10-25,10.6462
1987-10-26,10.4844
1987-10-27,10.4251
1987-10-28,10.5066
1987-10-29,10.4668
1987-10-30,10.2991
1987-10-31,10.2253
1987-11-01,10.1607
1987-11-02,10.0841
1987-11-03,9.9316
1987-11-04,10.0529
1987-11-05,10.1943
1987-11-06,9.6783
1987-11-07,9.2790
1987-11-08,9.1338
1987-11-09,8.9416
1987-11-10,8.8161
1987-11-11,8.8187
1987-11-12,8.8137
1987-11-13,8.8399
1987-11-14,8.8299
1987-11-15,8.7632
1987-11-16,8.3317
1987-11-17,8.2650
1987-11-18,8.8965
1987-11-19,8.7669
1987-11-20,8.7086
1987-11-21,8.2337
1987-11-22,8.1664
1987-11-23,8.2105
1987-11-24,8.3354
1987-11-25,8.3142
1987-11-26,8.1111
1987-11-27,8.0496
1987-11-28,7.7384
1987-11-29,7.5662
1987-11-30,7.7982
1987-12-01,7.9564
1987-12-02,7.9287
1987-12-03,7.6510
1987-12-04,7.4386
1987-12-05,7.3542
1987-12-06,7.2950
1987-12-07,7.0139
1987-12-08,7.0051
1987-12-09,7.4730
1987-12-10,7.6165
1987-12-11,7.5925
1987-12-12,7.3459
1987-12-13,7.2701
1987-12-14,7.0983
1987-12-15,6.9860
1987-12-16,6.9525
1987-12-17,6.8560
1987-12-18,6.7076
1987-12-19,6.5606
1987-12-20,6.6052
1987-12-21,6.6120
1987-12-22,6.4346
1987-12-23,6.2160
1987-12-24,6.2553
1987-12-25,6.2469
1987-12-26,5.7968
1987-12-27,5.7756
1987-12-28,5.7884
1987-12-29,5.7171
1987-12-30,5.5367
1987-12-31,5.2272
1988-01-01,5.1635
1988-01-02,5.2271
1988-01-03,5.1361
1988-01-04,4.9353
1988-01-05,5.0374
1988-01-06,4.9130
1988-01-07,4.8729
1988-01-08,4.6868
1988-01-09,4.4066
1988-01-10,4.2938
1988-01-11,4.2704
1988-01-12,4.4291
1988-01-13,4.4132
1988-01-14,3.9567
1988-01-15,3.9720
1988-01-16,4.0418
1988-01-17,4.1420
1988-01-18,4.2463
1988-01-19,4.2352
1988-01-20,4.2240
1988-01-21,4.2974
1988-01-22,4.2536
1988-01-23,4.0055
1988-01-24,4.0699
1988-01-25,4.0749
1988-01-26,3.9652
1988-01-27,3.9543
1988-01-28,3.8510
1988-01-29,3.6886
1988-01-30,3.7553
1988-01-31,3.5061
1988-02-01,3.4760
1988-02-02,3.5406
1988-02-03,3.5727
1988-02-04,3.6767
1988-02-05,3.5955
1988-02-06,3.6276
1988-02-07,3.6484
1988-02-08,3.6410
1988-02-09,3.5307
1988-02-10,3.2189
1988-02-11,3.1779
1988-02-12,3.1731
1988-02-13,3.4490
1988-02-14,3.4300
1988-02-15,3.4260
1988-02-16,3.3106
1988-02-17,3.3292
1988-02-18,3.2536
1988-02-19,3.2685
1988-02-20,3.2675
1988-02-21,3.2450
1988-02-22,3.3907
1988-02-23,3.7567
1988-02-24,3.6569
1988-02-25,3.5278
1988-02-26,3.4715
1988-02-27,3.3892
1988-02-28,3.5618
1988-02-29,3.6421
1988-03-01,3.5751
1988-03-02,3.6087
1988-03-03,3.5735
1988-03-04,3.6830
1988-03-05,3.7031
1988-03-06,3.6860
1988-03-07,3.6887
1988-03-08,3.6285
1988-03-09,3.4074
1988-03-10,3.4856
1988-03-11,3.5771
1988-03-12,3.5514
1988-03-13,3.5193
1988-03-14,3.4886
1988-03-15,3.3393
1988-03-16,3.3899
1988-03-17,3.4895
1988-03-18,3.5058
1988-03-19,3.5858
1988-03-20,3.4384
1988-03-21,3.3026
1988-03-22,3.2544
1988-03-23,3.3054
1988-03-24,3.5958
1988-03-25,3.5574
1988-03-26,3.5408
1988-03-27,3.9996
1988-03-28,4.0871
1988-03-29,4.0776
1988-03-30,4.2175
1988-03-31,4.5853
1988-04-01,4.9805
1988-04-02,5.2381
1988-04-03,5.1990
1988-04-04,5.1403
1988-04-05,4.3335
1988-04-06,3.8825
1988-04-07,3.9303
1988-04-08,4.0286
1988-04-09,4.2082
1988-04-10,4.0131
1988-04-11,4.0783
1988-04-12,4.2706
1988-04-13,4.5591
1988-04-14,4.5808
1988-04-15,4.4098
1988-04-16,4.2124
1988-04-17,4.4228
1988-04-18,4.5860
1988-04-19,4.5104
1988-04-20,4.5288
1988-04-21,4.6039
1988-04-22,4.7068
1988-04-23,4.8397
1988-04-24,4.7944
1988-04-25,4.8095
1988-04-26,5.0464
1988-04-27,5.4001
1988-04-28,5.4004
1988-04-29,5.1461
1988-04-30,5.1446
1988-05-01,5.2109
1988-05-02,5.2188
1988-05-03,5.1803
1988-05-04,5.9158
1988-05-05,6.1550
1988-05-06,6.2202
1988-05-07,5.9979
1988-05-08,6.0389
1988-05-09,6.1005
1988-05-10,6.1265
1988-05-11,6.9678
1988-05-12,7.3306
1988-05-13,7.2472
1988-05-14,7.1686
1988-05-15,7.0814
1988-05-16,7.1351
1988-05-17,7.2480
1988-05-18,7.4066
1988-05-19,7.7850
1988-05-20,8.2896
1988-05-21,8.3206
1988-05-22,8.8005
1988-05-23,8.9774
1988-05-24,8.9424
1988-05-25,8.3467
1988-05-26,8.2443
1988-05-27,8.6124
1988-05-28,9.0527
1988-05-29,9.1687
1988-05-30,9.1719
1988-05-31,9.0022
1988-06-01,8.6756
1988-06-02,8.1933
1988-06-03,8.1687
1988-06-04,8.2370
1988-06-05,8.4294
1988-06-06,8.5964
1988-06-07,8.6784
1988-06-08,8.7902
1988-06-09,9.0282
1988-06-10,9.3454
1988-06-11,9.5645
1988-06-12,9.7622
1988-06-13,10.0110
1988-06-14,10.5296
1988-06-15,11.5574
1988-06-16,11.7483
1988-06-17,11.7171
1988-06-18,11.2193
1988-06-19,11.1505
1988-06-20,11.1888
1988-06-21,11.2710
1988-06-22,11.2790
1988-06-23,11.3054
1988-06-24,11.1906
1988-06-25,11.1746
1988-06-26,11.4365
1988-06-27,11.8603
1988-06-28,11.9012
1988-06-29,11.6295
1988-06-30,11.2998
1988-07-01,11.4983
1988-07-02,11.5544
1988-07-03,12.1908
1988-07-04,12.4494
1988-07-05,12.5303
1988-07-06,13.4383
1988-07-07,13.9256
1988-07-08,14.1445
1988-07-09,14.1306
1988-07-10,13.9652
1988-07-11,13.9428
1988-07-12,13.8192
1988-07-13,13.9875
1988-07-14,14.3336
1988-07-15,14.4482
1988-07-16,14.3757
1988-07-17,14.5302
1988-07-18,14.7644
1988-07-19,14.7725
1988-07-20,15.0013
1988-07-21,15.1582
1988-07-22,15.0967
1988-07-23,14.9363
1988-07-24,15.0323
1988-07-25,15.3829
1988-07-26,15.8189
1988-07-27,16.1249
1988-07-28,16.0472
1988-07-29,16.0700
1988-07-30,16.1688
1988-07-31,16.2107
1988-08-01,15.9318
1988-08-02,16.1380
1988-08-03,16.2845
1988-08-04,15.8661
1988-08-05,15.6164
1988-08-06,15.6640
1988-08-07,15.9431
1988-08-08,16.1648
1988-08-09,16.1427
1988-08-10,16.0790
1988-08-11,16.2209
1988-08-12,16.2529
1988-08-13,16.1682
1988-08-14,15.8022
1988-08-15,16.0342
1988-08-16,15.8318
1988-08-17,15.5917
1988-08-18,15.2065
1988-08-19,15.0788
1988-08-20,15.1243
1988-08-21,15.2085
1988-08-22,15.1394
1988-08-23,15.1502
1988-08-24,15.0320
1988-08-25,14.9543
1988-08-26,15.1394
1988-08-27,15.2693
1988-08-28,15.3510
1988-08-29,15.3800
1988-08-30,15.1803
1988-08-31,14.4836
1988-09-01,14.5146
1988-09-02,14.5093
1988-09-03,14.5446
1988-09-04,14.6263
1988-09-05,14.1097
1988-09-06,13.9644
1988-09-07,13.6324
1988-09-08,13.5159
1988-09-09,13.5635
1988-09-10,13.8855
1988-09-11,13.7264
1988-09-12,13.6866
1988-09-13,13.5694
1988-09-14,13.5879
1988-09-15,13.2951
1988-09-16,12.7280
1988-09-17,12.5128
1988-09-18,12.9213
1988-09-19,13.1001
1988-09-20,12.8710
1988-09-21,12.9336
1988-09-22,13.0340
1988-09-23,13.0731
1988-09-24,13.0430
1988-09-25,13.1052
1988-09-26,13.0708
1988-09-27,13.1610
1988-09-28,13.0098
1988-09-29,12.6113
1988-09-30,12.4609
1988-10-01,12.8706
1988-10-02,12.9559
1988-10-03,12.8951
1988-10-04,12.8228
1988-10-05,12.1592
1988-10-06,11.8964
1988-10-07,11.8475
1988-10-08,11.7478
1988-10-09,11.0950
1988-10-10,11.1629
1988-10-11,11.3646
1988-10-12,11.5049
1988-10-13,11.3026
1988-10-14,10.6214
1988-10-15,10.4973
1988-10-16,10.5556
1988-10-17,10.5616
1988-10-18,10.7980
1988-10-19,11.0007
1988-10-20,10.9509
1988-10-21,10.9340
1988-10-22,10.6549
1988-10-23,10.4224
1988-10-24,10.4778
1988-10-25,10.5515
1988-10-26,10.3249
1988-10-27,10.2248
1988-10-28,10.2428
1988-10-29,10.3263
1988-10-30,10.1526
1988-10-31,9.9155
1988-11-01,9.8276
1988-11-02,9.6973
1988-11-03,9.5874
1988-11-04,9.5904
1988-11-05,9.5994
1988-11-06,9.6569
1988-11-07,9.5917
1988-11-08,9.4852
1988-11-09,9.3896
1988-11-10,9.2847
1988-11-11,9.3755
1988-11-12,9.1915
1988-11-13,9.0456
1988-11-14,9.2456
1988-11-15,9.3500
1988-11-16,9.2430
1988-11-17,9.2408
1988-11-18,9.0759
1988-11-19,8.7817
1988-11-20,8.7688
1988-11-21,8.8517
1988-11-22,8.8636
1988-11-23,8.8215
1988-11-24,8.7606
1988-11-25,8.5600
1988-11-26,8.4385
1988-11-27,8.3947
1988-11-28,8.3116
1988-11-29,8.3208
1988-11-30,8.2695
1988-12-01,8.2969
1988-12-02,8.2073
1988-12-03,8.1401
1988-12-04,8.0768
1988-12-05,7.8906
1988-12-06,7.6879
1988-12-07,7.8611
1988-12-08,7.8036
1988-12-09,7.3655
1988-12-10,7.1892
1988-12-11,7.1393
1988-12-12,6.9854
1988-12-13,6.8480
1988-12-14,6.7487
1988-12-15,6.7757
1988-12-16,6.7808
1988-12-17,6.6964
1988-12-18,6.4826
1988-12-19,6.5371
1988-12-20,6.5783
1988-12-21,6.6833
1988-12-22,6.4479
1988-12-23,6.3239
1988-12-24,6.2933
1988-12-25,6.3933
1988-12-26,6.3957
1988-12-27,6.2646
1988-12-28,6.2189
1988-12-29,6.2479
1988-12-30,6.2004
1988-12-31,6.1084
1989-01-01,6.0437
1989-01-02,5.9455
1989-01-03,5.7804
1989-01-04,5.5909
1989-01-05,5.4159
1989-01-06,5.3728
1989-01-07,5.1295
1989-01-08,4.8663
1989-01-09,4.9938
1989-01-10,5.0763
1989-01-11,4.8844
1989-01-12,4.8116
1989-01-13,5.3012
1989-01-14,5.4089
1989-01-15,5.3688
1989-01-16,4.9500
1989-01-17,4.7001
1989-01-18,4.7742
1989-01-19,4.7957
1989-01-20,4.6731
1989-01-21,4.6724
1989-01-22,4.6968
1989-01-23,4.9205
1989-01-24,5.1506
1989-01-25,5.0573
1989-01-26,4.8344
1989-01-27,4.8487
1989-01-28,4.9263
1989-01-29,4.9212
1989-01-30,4.7841
1989-01-31,4.8363
1989-02-01,4.8886
1989-02-02,4.9523
1989-02-03,4.8310
1989-02-04,4.4882
1989-02-05,4.2868
1989-02-06,4.0919
1989-02-07,4.0813
1989-02-08,4.1402
1989-02-09,4.0281
1989-02-10,4.2337
1989-02-11,4.3210
1989-02-12,4.3343
1989-02-13,4.2523
1989-02-14,4.2269
1989-02-15,4.2280
1989-02-16,4.1679
1989-02-17,3.8786
1989-02-18,3.8114
1989-02-19,3.9483
1989-02-20,3.9373
1989-02-21,3.8885
1989-02-22,4.0382
1989-02-23,4.1020
1989-02-24,4.1509
1989-02-25,4.0827
1989-02-26,3.8431
1989-02-27,3.7704
1989-02-28,3.7738
1989-03-01,3.7421
1989-03-02,3.6150
1989-03-03,3.4718
1989-03-04,3.4588
1989-03-05,3.4727
1989-03-06,3.3211
1989-03-07,3.2751
1989-03-08,3.3726
1989-03-09,3.4338
1989-03-10,3.4292
1989-03-11,3.4349
1989-03-12,3.3142
1989-03-13,3.1892
1989-03-14,3.1914
1989-03-15,3.3056
1989-03-16,3.0536
1989-03-17,2.9246
1989-03-18,2.8878
1989-03-19,3.0604
1989-03-20,3.1222
1989-03-21,3.1302
1989-03-22,3.0535
1989-03-23,3.0524
1989-03-24,3.0456
1989-03-25,3.3490
1989-03-26,3.3469
1989-03-27,3.3807
1989-03-28,3.3969
1989-03-29,3.5956
1989-03-30,3.5693
1989-03-31,3.5713
1989-04-01,3.7340
1989-04-02,3.7051
1989-04-03,3.6102
1989-04-04,3.5598
1989-04-05,3.6455
1989-04-06,4.1448
1989-04-07,4.1764
1989-04-08,4.2378
1989-04-09,4.3586
1989-04-10,4.4374
1989-04-11,4.5895
1989-04-12,4.6226
1989-04-13,4.4887
1989-04-14,4.4279
1989-04-15,4.4606
1989-04-16,4.6397
1989-04-17,4.7155
1989-04-18,4.7023
1989-04-19,4.6392
1989-04-20,4.6396
1989-04-21,4.6249
1989-04-22,4.6558
1989-04-23,4.3639
1989-04-24,4.3972
1989-04-25,4.6357
1989-04-26,5.1796
1989-04-27,5.2229
1989-04-28,5.2888
1989-04-29,5.3211
1989-04-30,5.2923
1989-05-01,5.4596
1989-05-02,5.6639
1989-05-03,5.8046
1989-05-04,5.9611
1989-05-05,5.9785
1989-05-06,5.9326
1989-05-07,6.1595
1989-05-08,6.3569
1989-05-09,6.4054
1989-05-10,6.4417
1989-05-11,6.4689
1989-05-12,7.3777
1989-05-13,7.6119
1989-05-14,7.5675
1989-05-15,7.3964
1989-05-16,7.4489
1989-05-17,8.1418
1989-05-18,8.3659
1989-05-19,8.4934
1989-05-20,8.4606
1989-05-21,8.7372
1989-05-22,8.9904
1989-05-23,9.2146
1989-05-24,9.3826
1989-05-25,9.6543
1989-05-26,9.6658
1989-05-27,9.3261
1989-05-28,9.1144
1989-05-29,9.0652
1989-05-30,9.1019
1989-05-31,9.4004
1989-06-01,10.1360
1989-06-02,10.6179
1989-06-03,10.7376
1989-06-04,10.8248
1989-06-05,10.9683
1989-06-06,10.9661
1989-06-07,10.9765
1989-06-08,11.2476
1989-06-09,11.3366
1989-06-10,10.5310
1989-06-11,9.9689
1989-06-12,9.9283
1989-06-13,10.1579
1989-06-14,10.8254
1989-06-15,10.8458
1989-06-16,10.7428
1989-06-17,10.8809
1989-06-18,11.1937
1989-06-19,11.2226
1989-06-20,11.3603
1989-06-21,11.5992
1989-06-22,12.0630
1989-06-23,12.2372
1989-06-24,11.6391
1989-06-25,11.9947
1989-06-26,12.6309
1989-06-27,12.8560
1989-06-28,12.9156
1989-06-29,12.9613
1989-06-30,13.0829
1989-07-01,13.1766
1989-07-02,13.0397
1989-07-03,12.9149
1989-07-04,12.9685
1989-07-05,13.2879
1989-07-06,13.6145
1989-07-07,13.7566
1989-07-08,13.6291
1989-07-09,13.7734
1989-07-10,13.8325
1989-07-11,13.5283
1989-07-12,13.5101
1989-07-13,13.6516
1989-07-14,14.4449
1989-07-15,14.4087
1989-07-16,14.3813
1989-07-17,14.3349
1989-07-18,13.9683
1989-07-19,13.9415
1989-07-20,14.5617
1989-07-21,14.6792
1989-07-22,14.6091
1989-07-23,14.7279
1989-07-24,14.7903
1989-07-25,15.0191
1989-07-26,15.5259
1989-07-27,15.8887
1989-07-28,15.4158
1989-07-29,15.0828
1989-07-30,15.0779
1989-07-31,15.1028
1989-08-01,14.6864
1989-08-02,14.6758
1989-08-03,15.1462
1989-08-04,15.5539
1989-08-05,15.5304
1989-08-06,15.5971
1989-08-07,15.6186
1989-08-08,15.3966
1989-08-09,15.4689
1989-08-10,15.9665
1989-08-11,16.2065
1989-08-12,16.5959
1989-08-13,16.8287
1989-08-14,16.9243
1989-08-15,16.7881
1989-08-16,16.8039
1989-08-17,16.6277
1989-08-18,16.4720
1989-08-19,16.4829
1989-08-20,16.2061
1989-08-21,16.0605
1989-08-22,16.0047
1989-08-23,15.8382
1989-08-24,15.4515
1989-08-25,15.1916
1989-08-26,14.8269
1989-08-27,14.7353
1989-08-28,14.8195
1989-08-29,15.1624
1989-08-30,15.2827
1989-08-31,14.7053
1989-09-01,14.4894
1989-09-02,14.3158
1989-09-03,14.3074
1989-09-04,14.3076
1989-09-05,14.4808
1989-09-06,14.8961
1989-09-07,15.0476
1989-09-08,15.3433
1989-09-09,16.0410
1989-09-10,16.3922
1989-09-11,16.4659
1989-09-12,16.1167
1989-09-13,15.9841
1989-09-14,15.7874
1989-09-15,15.1526
1989-09-16,14.7970
1989-09-17,14.8126
1989-09-18,14.7123
1989-09-19,14.7267
1989-09-20,14.6195
1989-09-21,14.6699
1989-09-22,14.7273
1989-09-23,14.3485
1989-09-24,13.6930
1989-09-25,13.6212
1989-09-26,13.4738
1989-09-27,12.6855
1989-09-28,12.5280
1989-09-29,12.5128
1989-09-30,12.4470
1989-10-01,12.1207
1989-10-02,12.2294
1989-10-03,12.3871
1989-10-04,11.9267
1989-10-05,11.5311
1989-10-06,11.5297
1989-10-07,11.6366
1989-10-08,11.5261
1989-10-09,11.2664
1989-10-10,11.1675
1989-10-11,11.2049
1989-10-12,11.4539
1989-10-13,11.5596
1989-10-14,11.6115
1989-10-15,11.3661
1989-10-16,10.6831
1989-10-17,10.6675
1989-10-18,10.7809
1989-10-19,10.8386
1989-10-20,10.8391
1989-10-21,10.8678
1989-10-22,10.8281
1989-10-23,10.8885
1989-10-24,10.9309
1989-10-25,10.9669
1989-10-26,10.9914
1989-10-27,11.0630
1989-10-28,11.3165
1989-10-29,11.4463
1989-10-30,11.4082
1989-10-31,11.2376
1989-11-01,11.3605
1989-11-02,11.2788
1989-11-03,11.1247
1989-11-04,10.1983
1989-11-05,10.0906
1989-11-06,10.4879
1989-11-07,10.6121
1989-11-08,10.5884
1989-11-09,10.5832
1989-11-10,10.4882
1989-11-11,10.3980
1989-11-12,10.0872
1989-11-13,9.6507
1989-11-14,9.7888
1989-11-15,9.8715
1989-11-16,9.7491
1989-11-17,9.6930
1989-11-18,9.5195
1989-11-19,9.3334
1989-11-20,9.2404
1989-11-21,8.9671
1989-11-22,8.9344
1989-11-23,8.6770
1989-11-24,8.3926
1989-11-25,8.3320
1989-11-26,8.2990
1989-11-27,8.3001
1989-11-28,8.4103
1989-11-29,8.3900
1989-11-30,8.2700
1989-12-01,8.0722
1989-12-02,7.8797
1989-12-03,7.7773
1989-12-04,7.8007
1989-12-05,7.7344
1989-12-06,7.6958
1989-12-07,7.6064
1989-12-08,7.4232
1989-12-09,7.2640
1989-12-10,7.1607
1989-12-11,7.0401
1989-12-12,6.8998
1989-12-13,6.8406
1989-12-14,6.7791
1989-12-15,6.5599
1989-12-16,6.2714
1989-12-17,6.0299
1989-12-18,6.1162
1989-12-19,6.0528
1989-12-20,5.9054
1989-12-21,5.6802
1989-12-22,5.5267
1989-12-23,5.4633
1989-12-24,5.4041
1989-12-25,5.2571
1989-12-26,5.1662
1989-12-27,5.2960
1989-12-28,5.1149
1989-12-29,5.2001
1989-12-30,5.2660
1989-12-31,5.1039
1990-01-01,5.2958
1990-01-02,5.6705
1990-01-03,5.7167
1990-01-04,5.5804
1990-01-05,5.6342
1990-01-06,5.5671
1990-01-07,5.4933
1990-01-08,5.4035
1990-01-09,5.3154
1990-01-10,5.2292
1990-01-11,4.9382
1990-01-12,4.8877
1990-01-13,4.9101
1990-01-14,4.6048
1990-01-15,4.2408
1990-01-16,4.2885
1990-01-17,4.4845
1990-01-18,4.8111
1990-01-19,4.6531
1990-01-20,4.6406
1990-01-21,4.4309
1990-01-22,4.5947
1990-01-23,4.6373
1990-01-24,4.5599
1990-01-25,4.5370
1990-01-26,5.0598
1990-01-27,5.0119
1990-01-28,4.8799
1990-01-29,4.6029
1990-01-30,4.8182
1990-01-31,4.8661
1990-02-01,4.8643
1990-02-02,4.7685
1990-02-03,4.5536
1990-02-04,4.2316
1990-02-05,4.1099
1990-02-06,3.9705
1990-02-07,4.2923
1990-02-08,4.4075
1990-02-09,4.3983
1990-02-10,4.3056
1990-02-11,4.1779
1990-02-12,4.1844
1990-02-13,4.3506
1990-02-14,4.4116
1990-02-15,4.3589
1990-02-16,4.3059
1990-02-17,4.3484
1990-02-18,4.2636
1990-02-19,4.0945
1990-02-20,4.1501
1990-02-21,4.2143
1990-02-22,4.2214
1990-02-23,4.2109
1990-02-24,4.0125
1990-02-25,3.7758
1990-02-26,3.7465
1990-02-27,4.1383
1990-02-28,4.2877
1990-03-01,4.3464
1990-03-02,4.4684
1990-03-03,4.6044
1990-03-04,4.5492
1990-03-05,4.2623
1990-03-06,4.1499
1990-03-07,4.1039
1990-03-08,4.1946
1990-03-09,4.3327
1990-03-10,4.3233
1990-03-11,4.3014
1990-03-12,4.1179
1990-03-13,3.8523
1990-03-14,3.8850
1990-03-15,3.9036
1990-03-16,3.9592
1990-03-17,4.1159
1990-03-18,4.3128
1990-03-19,4.3091
1990-03-20,4.2957
1990-03-21,4.2975
1990-03-22,4.3170
1990-03-23,4.2599
1990-03-24,4.1423
1990-03-25,4.2429
1990-03-26,4.2893
1990-03-27,4.0847
1990-03-28,3.9377
1990-03-29,4.0812
1990-03-30,3.9304
1990-03-31,3.8520
1990-04-01,3.7169
1990-04-02,3.6362
1990-04-03,3.7173
1990-04-04,4.5161
1990-04-05,4.5408
1990-04-06,4.5161
1990-04-07,4.3058
1990-04-08,4.2939
1990-04-09,4.2860
1990-04-10,4.2447
1990-04-11,4.3953
1990-04-12,4.4317
1990-04-13,4.4675
1990-04-14,4.2991
1990-04-15,4.1951
1990-04-16,4.4596
1990-04-17,4.4883
1990-04-18,4.4846
1990-04-19,4.5306
1990-04-20,4.6141
1990-04-21,4.9795
1990-04-22,5.3535
1990-04-23,5.3635
1990-04-24,5.3978
1990-04-25,5.4623
1990-04-26,5.4460
1990-04-27,6.0525
1990-04-28,6.9248
1990-04-29,7.0389
1990-04-30,6.9524
1990-05-01,6.4575
1990-05-02,6.4102
1990-05-03,6.7257
1990-05-04,6.8857
1990-05-05,6.7904
1990-05-06,5.9191
1990-05-07,5.9207
1990-05-08,6.0040
1990-05-09,6.0884
1990-05-10,6.0894
1990-05-11,6.1921
1990-05-12,6.2837
1990-05-13,6.3166
1990-05-14,6.4513
1990-05-15,6.4680
1990-05-16,6.4902
1990-05-17,6.3783
1990-05-18,6.3369
1990-05-19,6.3966
1990-05-20,6.4494
1990-05-21,6.5381
1990-05-22,6.6780
1990-05-23,6.8656
1990-05-24,7.3451
1990-05-25,7.1417
1990-05-26,7.2683
1990-05-27,7.7063
1990-05-28,8.0921
1990-05-29,8.2290
1990-05-30,8.0443
1990-05-31,7.7401
1990-06-01,7.7707
1990-06-02,7.8549
1990-06-03,8.1146
1990-06-04,8.2797
1990-06-05,8.3430
1990-06-06,8.4051
1990-06-07,8.4705
1990-06-08,8.9631
1990-06-09,9.1826
1990-06-10,9.2105
1990-06-11,9.1682
1990-06-12,9.6637
1990-06-13,9.8344
1990-06-14,10.2893
1990-06-15,10.5884
1990-06-16,11.5407
1990-06-17,11.8658
1990-06-18,11.9241
1990-06-19,11.8238
1990-06-20,11.8225
1990-06-21,11.9833
1990-06-22,11.9655
1990-06-23,11.9832
1990-06-24,11.9158
1990-06-25,11.9311
1990-06-26,12.1015
1990-06-27,12.3688
1990-06-28,12.1212
1990-06-29,12.0963
1990-06-30,12.1203
1990-07-01,12.2136
1990-07-02,12.3902
1990-07-03,12.6411
1990-07-04,12.9585
1990-07-05,13.2388
1990-07-06,13.2606
1990-07-07,13.0623
1990-07-08,13.1058
1990-07-09,13.4106
1990-07-10,13.7170
1990-07-11,13.6783
1990-07-12,13.7086
1990-07-13,13.8056
1990-07-14,13.9003
1990-07-15,14.4631
1990-07-16,15.0903
1990-07-17,15.2039
1990-07-18,15.3388
1990-07-19,15.1410
1990-07-20,14.9254
1990-07-21,15.3167
1990-07-22,15.7698
1990-07-23,15.9419
1990-07-24,15.9690
1990-07-25,16.0242
1990-07-26,15.9441
1990-07-27,15.6218
1990-07-28,15.5335
1990-07-29,15.7358
1990-07-30,15.8817
1990-07-31,16.1234
1990-08-01,16.0877
1990-08-02,16.1482
1990-08-03,16.4463
1990-08-04,16.8225
1990-08-05,17.2551
1990-08-06,17.4819
1990-08-07,17.7385
1990-08-08,17.8476
1990-08-09,17.9905
1990-08-10,17.7768
1990-08-11,17.7871
1990-08-12,17.7720
1990-08-13,17.7901
1990-08-14,17.7422
1990-08-15,17.6558
1990-08-16,17.8353
1990-08-17,18.0938
1990-08-18,18.1709
1990-08-19,17.9729
1990-08-20,16.7542
1990-08-21,16.3561
1990-08-22,16.4609
1990-08-23,16.4864
1990-08-24,16.5946
1990-08-25,17.0898
1990-08-26,16.9482
1990-08-27,17.1362
1990-08-28,17.2539
1990-08-29,17.2322
1990-08-30,17.6842
1990-08-31,17.7042
1990-09-01,17.8118
1990-09-02,17.6563
1990-09-03,16.8656
1990-09-04,16.6854
1990-09-05,16.7210
1990-09-06,16.6653
1990-09-07,16.0680
1990-09-08,15.7204
1990-09-09,15.4841
1990-09-10,15.4670
1990-09-11,15.6078
1990-09-12,15.3988
1990-09-13,15.2493
1990-09-14,15.2989
1990-09-15,15.2658
1990-09-16,15.0065
1990-09-17,14.8058
1990-09-18,14.2502
1990-09-19,14.0808
1990-09-20,14.0228
1990-09-21,13.9375
1990-09-22,13.8017
1990-09-23,13.6180
1990-09-24,13.5428
1990-09-25,13.6120
1990-09-26,13.7158
1990-09-27,13.8791
1990-09-28,13.7367
1990-09-29,13.7709
1990-09-30,13.8131
1990-10-01,13.5364
1990-10-02,13.2691
1990-10-03,12.9656
1990-10-04,12.8604
1990-10-05,12.9056
1990-10-06,13.2120
1990-10-07,13.4543
1990-10-08,13.4676
1990-10-09,13.3806
1990-10-10,13.3229
1990-10-11,13.3302
1990-10-12,13.3529
1990-10-13,13.3576
1990-10-14,13.8915
1990-10-15,13.7909
1990-10-16,13.4789
1990-10-17,13.2813
1990-10-18,13.1152
1990-10-19,12.4521
1990-10-20,12.1231
1990-10-21,12.0648
1990-10-22,12.0346
1990-10-23,11.7711
1990-10-24,11.6655
1990-10-25,11.6498
1990-10-26,11.4900
1990-10-27,11.1926
1990-10-28,11.1733
1990-10-29,11.0054
1990-10-30,10.8641
1990-10-31,10.7563
1990-11-01,10.5907
1990-11-02,10.6109
1990-11-03,10.7684
1990-11-04,10.4827
1990-11-05,10.0905
1990-11-06,9.9275
1990-11-07,9.8331
1990-11-08,9.3322
1990-11-09,9.1635
1990-11-10,9.2398
1990-11-11,9.2433
1990-11-12,9.2024
1990-11-13,8.9568
1990-11-14,8.4956
1990-11-15,8.6396
1990-11-16,8.9501
1990-11-17,9.0452
1990-11-18,9.0413
1990-11-19,8.4712
1990-11-20,8.4022
1990-11-21,8.3939
1990-11-22,8.3862
1990-11-23,8.2789
1990-11-24,8.3777
1990-11-25,8.4415
1990-11-26,8.3793
1990-11-27,8.5786
1990-11-28,9.1865
1990-11-29,9.1305
1990-11-30,8.0635
1990-12-01,8.0510
1990-12-02,7.9127
1990-12-03,7.7693
1990-12-04,7.7572
1990-12-05,7.2412
1990-12-06,7.1050
1990-12-07,7.1351
1990-12-08,7.2831
1990-12-09,6.9674
1990-12-10,6.8787
1990-12-11,6.6667
1990-12-12,6.5434
1990-12-13,6.5977
1990-12-14,6.5290
1990-12-15,6.5301
1990-12-16,6.6855
1990-12-17,6.6534
1990-12-18,6.6615
1990-12-19,6.7763
1990-12-20,6.7640
1990-12-21,6.6952
1990-12-22,6.5549
1990-12-23,6.5882
1990-12-24,6.7322
1990-12-25,6.6972
1990-12-26,6.8317
1990-12-27,6.8934
1990-12-28,6.9600
1990-12-29,6.7604
1990-12-30,6.6724
1990-12-31,6.5968
1991-01-01,6.4995
1991-01-02,6.5483
1991-01-03,6.4345
1991-01-04,6.4113
1991-01-05,6.4603
1991-01-06,6.4150
1991-01-07,6.0372
1991-01-08,5.9261
1991-01-09,5.8084
1991-01-10,5.8848
1991-01-11,5.9172
1991-01-12,5.8049
1991-01-13,5.5551
1991-01-14,5.4721
1991-01-15,5.3322
1991-01-16,5.2261
1991-01-17,5.4474
1991-01-18,5.4351
1991-01-19,5.1710
1991-01-20,5.0428
1991-01-21,4.9733
1991-01-22,4.8789
1991-01-23,4.7243
1991-01-24,4.7751
1991-01-25,4.6900
1991-01-26,4.5250
1991-01-27,4.4384
1991-01-28,4.3280
1991-01-29,4.2615
1991-01-30,4.2488
1991-01-31,4.3103
1991-02-01,4.3474
1991-02-02,4.4824
1991-02-03,4.5244
1991-02-04,4.6222
1991-02-05,4.7200
1991-02-06,4.6473
1991-02-07,4.2678
1991-02-08,4.3115
1991-02-09,4.5477
1991-02-10,4.4951
1991-02-11,4.3767
1991-02-12,3.8851
1991-02-13,3.6480
1991-02-14,3.9625
1991-02-15,3.9934
1991-02-16,3.8923
1991-02-17,3.8352
1991-02-18,3.9491
1991-02-19,4.0543
1991-02-20,3.9687
1991-02-21,3.9209
1991-02-22,3.8802
1991-02-23,4.0072
1991-02-24,4.0176
1991-02-25,3.8154
1991-02-26,3.7173
1991-02-27,3.9369
1991-02-28,3.9321
1991-03-01,3.9084
1991-03-02,3.9777
1991-03-03,4.0925
1991-03-04,4.0605
1991-03-05,4.8691
1991-03-06,4.9122
1991-03-07,4.7671
1991-03-08,4.3431
1991-03-09,4.2598
1991-03-10,4.1689
1991-03-11,3.9429
1991-03-12,3.8828
1991-03-13,3.8776
1991-03-14,3.8386
1991-03-15,3.8149
1991-03-16,3.8644
1991-03-17,3.8812
1991-03-18,3.7029
1991-03-19,3.6808
1991-03-20,3.6809
1991-03-21,3.6424
1991-03-22,3.6353
1991-03-23,3.6687
1991-03-24,3.6285
1991-03-25,3.6123
1991-03-26,3.6688
1991-03-27,3.8127
1991-03-28,3.9897
1991-03-29,4.0048
1991-03-30,3.9610
1991-03-31,3.9750
1991-04-01,3.9401
1991-04-02,3.7837
1991-04-03,3.8985
1991-04-04,3.9078
1991-04-05,4.0260
1991-04-06,4.2964
1991-04-07,4.8470
1991-04-08,4.9487
1991-04-09,5.0016
1991-04-10,4.9770
1991-04-11,4.5830
1991-04-12,4.2682
1991-04-13,4.3208
1991-04-14,4.4476
1991-04-15,4.5006
1991-04-16,4.7633
1991-04-17,4.3792
1991-04-18,4.2729
1991-04-19,4.3271
1991-04-20,4.3581
1991-04-21,4.6068
1991-04-22,4.6294
1991-04-23,4.6292
1991-04-24,4.9877
1991-04-25,5.5179
1991-04-26,5.5530
1991-04-27,5.5588
1991-04-28,5.5497
1991-04-29,5.5327
1991-04-30,5.4144
1991-05-01,5.4794
1991-05-02,5.7807
1991-05-03,5.7209
1991-05-04,5.8057
1991-05-05,5.9536
1991-05-06,6.0173
1991-05-07,6.1993
1991-05-08,6.1548
1991-05-09,6.1717
1991-05-10,6.6603
1991-05-11,6.9292
1991-05-12,7.3322
1991-05-13,7.3243
1991-05-14,7.5086
1991-05-15,8.1797
1991-05-16,8.3124
1991-05-17,7.9928
1991-05-18,7.4488
1991-05-19,7.6687
1991-05-20,8.0727
1991-05-21,8.4119
1991-05-22,8.8669
1991-05-23,8.8699
1991-05-24,8.7473
1991-05-25,9.7304
1991-05-26,9.8293
1991-05-27,9.8473
1991-05-28,10.4267
1991-05-29,10.8765
1991-05-30,10.9518
1991-05-31,10.8114
1991-06-01,10.8185
1991-06-02,11.0542
1991-06-03,11.4411
1991-06-04,11.4878
1991-06-05,10.6824
1991-06-06,10.5690
1991-06-07,10.6985
1991-06-08,10.9224
1991-06-09,10.9251
1991-06-10,10.9740
1991-06-11,11.2058
1991-06-12,11.5478
1991-06-13,11.0793
1991-06-14,10.6953
1991-06-15,10.6023
1991-06-16,10.6443
1991-06-17,10.7307
1991-06-18,10.8681
1991-06-19,11.1759
1991-06-20,12.0007
1991-06-21,11.9754
1991-06-22,11.9459
1991-06-23,12.3858
1991-06-24,12.7808
1991-06-25,12.8015
1991-06-26,12.9060
1991-06-27,13.0226
1991-06-28,13.0356
1991-06-29,13.5798
1991-06-30,13.7695
1991-07-01,13.8210
1991-07-02,14.0323
1991-07-03,14.2721
1991-07-04,14.4893
1991-07-05,14.5286
1991-07-06,14.6001
1991-07-07,14.6630
1991-07-08,14.7254
1991-07-09,14.7569
1991-07-10,14.7255
1991-07-11,14.7270
1991-07-12,14.6813
1991-07-13,14.8150
1991-07-14,14.8191
1991-07-15,14.9694
1991-07-16,15.2284
1991-07-17,15.3890
1991-07-18,15.3441
1991-07-19,15.2978
1991-07-20,15.3398
1991-07-21,15.6951
1991-07-22,15.6830
1991-07-23,15.8444
1991-07-24,15.9654
1991-07-25,15.9260
1991-07-26,15.6304
1991-07-27,15.7272
1991-07-28,15.8702
1991-07-29,15.9088
1991-07-30,15.8597
1991-07-31,15.7057
1991-08-01,16.2238
1991-08-02,16.1275
1991-08-03,16.0061
1991-08-04,16.0030
1991-08-05,15.6699
1991-08-06,15.7649
1991-08-07,15.8762
1991-08-08,16.0524
1991-08-09,16.1371
1991-08-10,15.4865
1991-08-11,15.3152
1991-08-12,15.1718
1991-08-13,15.3808
1991-08-14,15.8179
1991-08-15,15.9596
1991-08-16,16.0199
1991-08-17,16.1443
1991-08-18,16.1046
1991-08-19,15.9152
1991-08-20,15.5327
1991-08-21,15.5799
1991-08-22,14.9246
1991-08-23,14.7675
1991-08-24,14.5271
1991-08-25,14.4631
1991-08-26,14.5908
1991-08-27,14.8258
1991-08-28,15.6270
1991-08-29,15.8046
1991-08-30,15.7499
1991-08-31,14.7931
1991-09-01,14.2494
1991-09-02,14.1084
1991-09-03,14.0317
1991-09-04,14.0390
1991-09-05,14.0451
1991-09-06,13.9053
1991-09-07,13.9486
1991-09-08,14.0602
1991-09-09,13.9863
1991-09-10,14.0315
1991-09-11,13.9493
1991-09-12,13.8672
1991-09-13,13.8674
1991-09-14,13.8572
1991-09-15,13.8242
1991-09-16,14.0084
1991-09-17,13.8185
1991-09-18,14.0240
1991-09-19,14.0770
1991-09-20,13.3952
1991-09-21,13.4547
1991-09-22,13.6588
1991-09-23,13.7344
1991-09-24,13.7003
1991-09-25,13.6417
1991-09-26,13.1751
1991-09-27,12.9841
1991-09-28,12.8452
1991-09-29,12.5815
1991-09-30,12.1901
1991-10-01,12.3603
1991-10-02,13.0179
1991-10-03,13.0870
1991-10-04,13.0026
1991-10-05,12.9210
1991-10-06,12.8415
1991-10-07,12.7785
1991-10-08,12.5450
1991-10-09,12.6174
1991-10-10,12.6201
1991-10-11,12.6201
1991-10-12,12.2502
1991-10-13,12.1513
1991-10-14,11.9734
1991-10-15,11.7267
1991-10-16,11.6268
1991-10-17,11.4772
1991-10-18,11.7957
1991-10-19,12.1775
1991-10-20,11.6139
1991-10-21,11.2637
1991-10-22,11.3520
1991-10-23,11.4656
1991-10-24,11.5440
1991-10-25,11.7714
1991-10-26,11.9247
1991-10-27,11.7770
1991-10-28,10.9458
1991-10-29,10.5531
1991-10-30,10.3865
1991-10-31,10.4067
1991-11-01,10.3477
1991-11-02,10.4458
1991-11-03,10.4929
1991-11-04,10.4081
1991-11-05,9.7614
1991-11-06,9.7452
1991-11-07,9.7279
1991-11-08,9.6686
1991-11-09,9.6150
1991-11-10,9.8874
1991-11-11,9.9626
1991-11-12,9.9306
1991-11-13,9.3226
1991-11-14,9.2182
1991-11-15,9.3017
1991-11-16,9.3064
1991-11-17,8.9702
1991-11-18,8.9457
1991-11-19,9.1341
1991-11-20,9.5312
1991-11-21,9.6588
1991-11-22,9.5545
1991-11-23,9.4418
1991-11-24,9.3203
1991-11-25,9.2761
1991-11-26,9.0129
1991-11-27,8.7969
1991-11-28,8.6372
1991-11-29,8.3920
1991-11-30,8.3526
1991-12-01,8.4372
1991-12-02,8.4538
1991-12-03,8.4403
1991-12-04,8.3916
1991-12-05,8.3527
1991-12-06,8.3313
1991-12-07,8.1433
1991-12-08,8.0496
1991-12-09,8.0965
1991-12-10,7.9856
1991-12-11,7.8734
1991-12-12,7.7789
1991-12-13,7.7275
1991-12-14,7.6746
1991-12-15,7.5493
1991-12-16,7.4091
1991-12-17,7.3324
1991-12-18,7.2423
1991-12-19,7.2297
1991-12-20,7.2418
1991-12-21,7.0561
1991-12-22,7.0504
1991-12-23,7.1307
1991-12-24,6.9974
1991-12-25,6.6707
1991-12-26,6.5185
1991-12-27,6.6129
1991-12-28,6.6472
1991-12-29,6.5377
1991-12-30,6.3887
1991-12-31,6.3821
1992-01-01,6.2464
1992-01-02,5.9617
1992-01-03,5.7569
1992-01-04,5.7635
1992-01-05,5.8945
1992-01-06,5.7315
1992-01-07,5.5782
1992-01-08,5.5037
1992-01-09,5.4211
1992-01-10,5.2782
1992-01-11,5.2892
1992-01-12,5.2294
1992-01-13,5.2165
1992-01-14,5.0365
1992-01-15,4.8998
1992-01-16,4.8602
1992-01-17,4.7967
1992-01-18,4.7400
1992-01-19,4.6724
1992-01-20,4.7821
1992-01-21,4.7429
1992-01-22,4.7545
1992-01-23,4.7599
1992-01-24,4.8410
1992-01-25,4.7351
1992-01-26,4.3823
1992-01-27,4.3210
1992-01-28,4.3025
1992-01-29,4.3664
1992-01-30,4.4715
1992-01-31,4.5400
1992-02-01,4.4504
1992-02-02,4.4716
1992-02-03,4.5819
1992-02-04,4.6371
1992-02-05,4.4810
1992-02-06,4.1662
1992-02-07,4.1901
1992-02-08,4.0738
1992-02-09,3.7160
1992-02-10,3.6601
1992-02-11,3.8098
1992-02-12,3.7280
1992-02-13,3.5186
1992-02-14,3.4125
1992-02-15,3.3800
1992-02-16,3.4574
1992-02-17,3.4928
1992-02-18,3.4737
1992-02-19,3.5346
1992-02-20,3.4813
1992-02-21,3.3312
1992-02-22,3.2700
1992-02-23,3.3751
1992-02-24,3.3464
1992-02-25,3.2144
1992-02-26,3.4169
1992-02-27,3.2429
1992-02-28,3.2690
1992-02-29,3.2427
1992-03-01,3.2278
1992-03-02,3.2569
1992-03-03,3.1985
1992-03-04,3.2764
1992-03-05,3.2107
1992-03-06,3.0665
1992-03-07,3.0073
1992-03-08,3.2027
1992-03-09,3.2556
1992-03-10,3.2968
1992-03-11,3.2548
1992-03-12,3.1515
1992-03-13,3.0069
1992-03-14,2.9803
1992-03-15,2.8476
1992-03-16,2.7165
1992-03-17,2.7812
1992-03-18,2.7429
1992-03-19,2.7856
1992-03-20,2.8167
1992-03-21,2.8288
1992-03-22,2.8173
1992-03-23,2.6987
1992-03-24,2.6748
1992-03-25,2.7593
1992-03-26,2.6033
1992-03-27,2.4094
1992-03-28,2.5098
1992-03-29,3.0134
1992-03-30,3.0350
1992-03-31,3.1243
1992-04-01,3.2197
1992-04-02,3.1470
1992-04-03,3.1077
1992-04-04,3.2291
1992-04-05,3.4499
1992-04-06,3.6497
1992-04-07,3.8736
1992-04-08,3.7711
1992-04-09,3.6660
1992-04-10,3.8973
1992-04-11,3.9626
1992-04-12,3.5816
1992-04-13,3.7331
1992-04-14,3.9663
1992-04-15,4.1562
1992-04-16,4.2645
1992-04-17,4.2558
1992-04-18,3.8753
1992-04-19,3.9177
1992-04-20,3.9038
1992-04-21,3.9508
1992-04-22,4.0554
1992-04-23,4.2556
1992-04-24,4.4298
1992-04-25,4.4060
1992-04-26,4.3174
1992-04-27,4.3945
1992-04-28,4.5245
1992-04-29,4.8650
1992-04-30,5.1953
1992-05-01,5.3354
1992-05-02,5.3275
1992-05-03,5.1094
1992-05-04,5.0668
1992-05-05,4.9422
1992-05-06,4.7137
1992-05-07,4.7507
1992-05-08,4.7334
1992-05-09,4.9192
1992-05-10,5.0837
1992-05-11,5.2196
1992-05-12,5.3006
1992-05-13,5.4580
1992-05-14,5.5600
1992-05-15,5.7058
1992-05-16,5.9011
1992-05-17,6.2683
1992-05-18,6.2325
1992-05-19,6.1182
1992-05-20,6.2635
1992-05-21,6.3755
1992-05-22,6.8630
1992-05-23,7.6170
1992-05-24,6.9530
1992-05-25,6.5034
1992-05-26,6.4457
1992-05-27,6.5865
1992-05-28,6.6571
1992-05-29,7.0860
1992-05-30,7.4696
1992-05-31,7.5112
1992-06-01,7.5630
1992-06-02,8.0092
1992-06-03,8.2378
1992-06-04,8.3792
1992-06-05,8.3191
1992-06-06,8.2509
1992-06-07,8.6860
1992-06-08,8.8800
1992-06-09,9.2628
1992-06-10,9.4230
1992-06-11,9.5447
1992-06-12,9.3964
1992-06-13,9.4641
1992-06-14,9.6042
1992-06-15,9.5861
1992-06-16,9.7074
1992-06-17,9.9070
1992-06-18,9.9947
1992-06-19,10.5007
1992-06-20,10.7824
1992-06-21,11.0430
1992-06-22,11.2893
1992-06-23,11.2199
1992-06-24,11.6139
1992-06-25,11.9703
1992-06-26,11.9404
1992-06-27,11.9953
1992-06-28,12.7120
1992-06-29,12.7968
1992-06-30,12.8457
1992-07-01,12.5695
1992-07-02,12.3101
1992-07-03,12.2362
1992-07-04,12.0814
1992-07-05,11.9638
1992-07-06,12.3152
1992-07-07,12.4057
1992-07-08,12.4798
1992-07-09,12.5759
1992-07-10,12.8684
1992-07-11,13.0604
1992-07-12,13.4260
1992-07-13,13.5507
1992-07-14,13.5219
1992-07-15,13.4429
1992-07-16,13.2975
1992-07-17,13.1251
1992-07-18,13.3465
1992-07-19,14.2486
1992-07-20,14.5875
1992-07-21,14.5395
1992-07-22,14.6042
1992-07-23,14.4687
1992-07-24,14.3501
1992-07-25,14.3309
1992-07-26,14.1638
1992-07-27,14.2430
1992-07-28,14.6487
1992-07-29,14.6832
1992-07-30,14.5928
1992-07-31,14.5977
1992-08-01,14.2431
1992-08-02,14.1597
1992-08-03,14.0940
1992-08-04,13.9352
1992-08-05,13.8913
1992-08-06,14.2114
1992-08-07,14.4828
1992-08-08,15.0180
1992-08-09,15.3653
1992-08-10,15.4788
1992-08-11,15.3971
1992-08-12,15.0077
1992-08-13,14.9461
1992-08-14,15.0417
1992-08-15,15.0462
1992-08-16,15.1739
1992-08-17,15.1647
1992-08-18,15.5146
1992-08-19,15.5484
1992-08-20,15.3813
1992-08-21,15.0530
1992-08-22,15.1789
1992-08-23,15.2612
1992-08-24,15.8636
1992-08-25,16.3450
1992-08-26,16.4629
1992-08-27,16.4763
1992-08-28,16.0224
1992-08-29,15.2926
1992-08-30,14.8369
1992-08-31,14.6077
1992-09-01,14.3229
1992-09-02,14.2531
1992-09-03,14.1603
1992-09-04,13.7862
1992-09-05,13.5158
1992-09-06,13.6403
1992-09-07,13.8683
1992-09-08,14.1089
1992-09-09,14.2648
1992-09-10,14.5198
1992-09-11,14.0801
1992-09-12,13.6159
1992-09-13,13.6488
1992-09-14,13.6892
1992-09-15,13.9277
1992-09-16,14.2123
1992-09-17,14.3929
1992-09-18,14.5190
1992-09-19,13.8790
1992-09-20,13.7982
1992-09-21,13.7182
1992-09-22,13.5865
1992-09-23,13.4273
1992-09-24,13.1114
1992-09-25,13.0935
1992-09-26,13.0480
1992-09-27,13.0755
1992-09-28,12.8989
1992-09-29,12.2321
1992-09-30,12.0454
1992-10-01,11.6690
1992-10-02,11.6343
1992-10-03,11.7535
1992-10-04,11.4613
1992-10-05,11.0414
1992-10-06,10.9785
1992-10-07,11.0633
1992-10-08,11.0866
1992-10-09,11.1486
1992-10-10,11.2667
1992-10-11,11.4732
1992-10-12,11.3430
1992-10-13,11.1475
1992-10-14,10.9517
1992-10-15,11.0399
1992-10-16,10.8809
1992-10-17,10.4730
1992-10-18,10.4521
1992-10-19,10.2277
1992-10-20,9.9750
1992-10-21,10.0028
1992-10-22,10.0361
1992-10-23,10.0781
1992-10-24,10.1828
1992-10-25,10.1543
1992-10-26,9.8098
1992-10-27,9.5964
1992-10-28,9.5731
1992-10-29,9.5888
1992-10-30,9.5222
1992-10-31,9.4163
1992-11-01,9.1025
1992-11-02,8.8775
1992-11-03,8.7028
1992-11-04,8.7559
1992-11-05,8.9301
1992-11-06,9.1715
1992-11-07,9.0171
1992-11-08,8.9027
1992-11-09,8.7891
1992-11-10,8.6358
1992-11-11,8.6761
1992-11-12,8.7692
1992-11-13,8.9999
1992-11-14,8.7790
1992-11-15,8.3761
1992-11-16,8.1989
1992-11-17,8.1959
1992-11-18,8.1170
1992-11-19,8.1890
1992-11-20,8.2512
1992-11-21,8.2572
1992-11-22,8.2592
1992-11-23,8.2732
1992-11-24,8.2290
1992-11-25,8.1836
1992-11-26,8.2947
1992-11-27,8.4351
1992-11-28,8.3880
1992-11-29,8.2983
1992-11-30,8.1623
1992-12-01,7.9980
1992-12-02,7.9972
1992-12-03,7.9326
1992-12-04,7.8869
1992-12-05,7.9110
1992-12-06,7.8595
1992-12-07,7.8348
1992-12-08,7.5637
1992-12-09,7.3818
1992-12-10,7.2997
1992-12-11,7.1660
1992-12-12,6.9941
1992-12-13,6.9471
1992-12-14,6.7675
1992-12-15,6.5813
1992-12-16,6.5738
1992-12-17,7.0633
1992-12-18,7.2115
1992-12-19,7.0570
1992-12-20,7.0018
1992-12-21,7.0390
1992-12-22,6.9697
1992-12-23,7.1382
1992-12-24,7.2248
1992-12-25,7.1554
1992-12-26,7.0650
1992-12-27,7.0384
1992-12-28,6.8700
1992-12-29,6.6197
1992-12-30,6.5060
1992-12-31,6.5542
1993-01-01,6.5193
1993-01-02,6.3411
1993-01-03,6.3720
1993-01-04,6.5662
1993-01-05,6.2877
1993-01-06,6.0598
1993-01-07,5.9587
1993-01-08,5.8093
1993-01-09,5.4321
1993-01-10,5.3640
1993-01-11,5.2502
1993-01-12,5.1425
1993-01-13,5.1861
1993-01-14,5.1392
1993-01-15,5.0823
1993-01-16,5.0464
1993-01-17,5.1579
1993-01-18,5.1816
1993-01-19,5.1821
1993-01-20,5.0808
1993-01-21,5.0043
1993-01-22,4.8803
1993-01-23,5.0206
1993-01-24,5.0649
1993-01-25,5.2303
1993-01-26,5.0401
1993-01-27,4.9163
1993-01-28,4.7593
1993-01-29,4.8050
1993-01-30,4.6982
1993-01-31,4.5257
1993-02-01,4.5464
1993-02-02,4.6922
1993-02-03,4.7126
1993-02-04,4.6139
1993-02-05,4.4596
1993-02-06,4.1800
1993-02-07,3.8735
1993-02-08,3.7399
1993-02-09,4.2098
1993-02-10,4.6803
1993-02-11,4.5942
1993-02-12,4.3948
1993-02-13,4.2703
1993-02-14,4.5006
1993-02-15,4.5175
1993-02-16,4.3963
1993-02-17,4.1276
1993-02-18,4.1558
1993-02-19,4.0830
1993-02-20,3.9951
1993-02-21,3.8797
1993-02-22,3.8891
1993-02-23,3.8589
1993-02-24,3.8189
1993-02-25,3.7994
1993-02-26,3.5973
1993-02-27,3.5724
1993-02-28,3.7343
1993-03-01,3.6540
1993-03-02,3.5818
1993-03-03,3.6565
1993-03-04,3.5545
1993-03-05,3.3720
1993-03-06,3.4178
1993-03-07,3.5114
1993-03-08,3.5171
1993-03-09,3.4055
1993-03-10,3.0836
1993-03-11,3.1475
1993-03-12,3.0792
1993-03-13,2.9291
1993-03-14,2.8307
1993-03-15,2.9861
1993-03-16,3.1046
1993-03-17,3.0941
1993-03-18,3.0756
1993-03-19,3.0908
1993-03-20,2.9906
1993-03-21,2.8457
1993-03-22,2.9104
1993-03-23,2.9777
1993-03-24,2.9878
1993-03-25,3.7135
1993-03-26,3.8081
1993-03-27,3.8480
1993-03-28,3.8278
1993-03-29,3.9434
1993-03-30,3.5751
1993-03-31,3.6095
1993-04-01,3.5786
1993-04-02,3.2101
1993-04-03,3.0853
1993-04-04,3.2036
1993-04-05,3.3151
1993-04-06,3.5197
1993-04-07,3.6040
1993-04-08,3.5984
1993-04-09,3.5646
1993-04-10,3.6559
1993-04-11,3.6742
1993-04-12,3.5693
1993-04-13,3.4749
1993-04-14,3.4678
1993-04-15,3.3928
1993-04-16,3.6519
1993-04-17,3.8992
1993-04-18,3.8968
1993-04-19,3.9201
1993-04-20,3.9328
1993-04-21,4.0460
1993-04-22,4.3789
1993-04-23,4.1710
1993-04-24,4.0477
1993-04-25,3.8492
1993-04-26,3.8148
1993-04-27,3.9750
1993-04-28,4.0374
1993-04-29,4.2561
1993-04-30,4.3727
1993-05-01,4.7757
1993-05-02,4.7739
1993-05-03,4.6983
1993-05-04,4.7559
1993-05-05,5.2080
1993-05-06,5.4306
1993-05-07,5.5969
1993-05-08,5.6711
1993-05-09,5.8728
1993-05-10,5.7843
1993-05-11,5.7822
1993-05-12,5.9644
1993-05-13,6.3718
1993-05-14,6.7151
1993-05-15,6.7633
1993-05-16,6.7819
1993-05-17,6.5956
1993-05-18,6.5549
1993-05-19,6.5599
1993-05-20,6.8422
1993-05-21,6.9563
1993-05-22,7.0026
1993-05-23,7.0486
1993-05-24,7.2235
1993-05-25,7.6029
1993-05-26,7.6535
1993-05-27,7.5701
1993-05-28,7.5229
1993-05-29,7.3989
1993-05-30,7.1755
1993-05-31,7.0641
1993-06-01,6.9545
1993-06-02,6.8545
1993-06-03,7.0133
1993-06-04,7.3726
1993-06-05,7.4808
1993-06-06,7.4887
1993-06-07,7.7228
1993-06-08,8.2053
1993-06-09,8.5629
1993-06-10,8.8560
1993-06-11,8.6746
1993-06-12,8.4733
1993-06-13,9.0775
1993-06-14,9.6364
1993-06-15,9.7383
1993-06-16,10.2473
1993-06-17,10.7041
1993-06-18,10.8080
1993-06-19,11.0634
1993-06-20,11.1543
1993-06-21,11.2535
1993-06-22,10.2643
1993-06-23,9.7307
1993-06-24,9.6317
1993-06-25,10.0452
1993-06-26,10.4161
1993-06-27,11.0363
1993-06-28,11.6115
1993-06-29,11.9556
1993-06-30,12.2087
1993-07-01,11.7930
1993-07-02,11.7446
1993-07-03,12.2970
1993-07-04,12.3858
1993-07-05,12.3214
1993-07-06,12.5844
1993-07-07,13.1534
1993-07-08,13.9419
1993-07-09,14.5699
1993-07-10,14.7518
1993-07-11,14.8002
1993-07-12,14.9704
1993-07-13,14.7995
1993-07-14,14.7520
1993-07-15,14.5054
1993-07-16,14.3309
1993-07-17,14.0358
1993-07-18,14.0492
1993-07-19,13.7601
1993-07-20,13.3281
1993-07-21,13.3905
1993-07-22,13.5711
1993-07-23,13.6685
1993-07-24,13.8344
1993-07-25,13.7290
1993-07-26,13.6403
1993-07-27,14.0497
1993-07-28,14.8402
1993-07-29,15.0220
1993-07-30,14.9272
1993-07-31,14.8223
1993-08-01,15.0316
1993-08-02,15.2395
1993-08-03,15.3900
1993-08-04,15.5624
1993-08-05,15.3650
1993-08-06,15.3149
1993-08-07,15.3592
1993-08-08,15.3820
1993-08-09,15.4630
1993-08-10,15.6378
1993-08-11,15.7342
1993-08-12,15.4942
1993-08-13,15.3532
1993-08-14,15.8894
1993-08-15,16.3938
1993-08-16,16.6433
1993-08-17,16.2232
1993-08-18,16.0068
1993-08-19,15.8549
1993-08-20,15.7438
1993-08-21,15.4246
1993-08-22,15.5986
1993-08-23,15.7677
1993-08-24,15.9864
1993-08-25,16.1976
1993-08-26,16.3795
1993-08-27,16.6680
1993-08-28,16.2642
1993-08-29,16.0432
1993-08-30,16.1359
1993-08-31,16.2027
1993-09-01,15.8493
1993-09-02,15.6057
1993-09-03,15.7225
1993-09-04,15.9645
1993-09-05,15.7545
1993-09-06,14.8670
1993-09-07,14.6044
1993-09-08,14.8061
1993-09-09,15.6913
1993-09-10,15.2871
1993-09-11,15.0589
1993-09-12,14.7429
1993-09-13,14.6894
1993-09-14,14.6483
1993-09-15,14.1304
1993-09-16,14.0262
1993-09-17,13.9975
1993-09-18,13.6942
1993-09-19,13.5206
1993-09-20,13.3634
1993-09-21,13.2984
1993-09-22,13.2788
1993-09-23,13.3314
1993-09-24,13.2803
1993-09-25,13.1005
1993-09-26,13.0549
1993-09-27,13.1623
1993-09-28,13.0622
1993-09-29,12.8425
1993-09-30,12.6760
1993-10-01,12.7530
1993-10-02,12.7857
1993-10-03,12.5901
1993-10-04,12.2060
1993-10-05,11.8797
1993-10-06,11.7259
1993-10-07,11.8238
1993-10-08,11.9444
1993-10-09,11.8139
1993-10-10,11.7385
1993-10-11,11.3627
1993-10-12,11.2390
1993-10-13,11.0948
1993-10-14,10.9717
1993-10-15,10.8665
1993-10-16,10.7864
1993-10-17,11.1748
1993-10-18,11.3976
1993-10-19,11.1549
1993-10-20,11.0046
1993-10-21,10.6931
1993-10-22,10.6631
1993-10-23,10.3945
1993-10-24,10.3266
1993-10-25,10.2916
1993-10-26,10.1687
1993-10-27,10.0449
1993-10-28,9.8416
1993-10-29,9.8301
1993-10-30,9.8467
1993-10-31,9.9972
1993-11-01,10.0481
1993-11-02,10.0132
1993-11-03,9.8364
1993-11-04,9.7654
1993-11-05,9.7080
1993-11-06,9.5806
1993-11-07,9.3684
1993-11-08,9.3092
1993-11-09,9.3240
1993-11-10,9.2804
1993-11-11,9.2069
1993-11-12,9.2049
1993-11-13,9.1548
1993-11-14,9.1682
1993-11-15,9.0872
1993-11-16,9.0354
1993-11-17,9.0867
1993-11-18,9.0226
1993-11-19,9.0149
1993-11-20,8.8164
1993-11-21,8.7288
1993-11-22,8.6318
1993-11-23,8.5969
1993-11-24,8.4786
1993-11-25,8.3242
1993-11-26,8.3487
1993-11-27,8.2627
1993-11-28,8.1522
1993-11-29,8.2200
1993-11-30,8.0541
1993-12-01,8.1041
1993-12-02,8.1413
1993-12-03,8.1406
1993-12-04,8.1269
1993-12-05,8.1644
1993-12-06,7.9938
1993-12-07,7.9427
1993-12-08,7.6149
1993-12-09,7.6516
1993-12-10,7.7080
1993-12-11,7.8398
1993-12-12,8.1408
1993-12-13,7.7948
1993-12-14,7.5657
1993-12-15,7.4109
1993-12-16,7.9033
1993-12-17,7.7647
1993-12-18,7.6866
1993-12-19,7.6501
1993-12-20,7.6910
1993-12-21,7.7280
1993-12-22,7.5640
1993-12-23,7.3975
1993-12-24,7.1700
1993-12-25,6.9817
1993-12-26,6.7479
1993-12-27,6.6209
1993-12-28,6.4104
1993-12-29,6.1489
1993-12-30,6.2906
1993-12-31,6.3880
1994-01-01,6.4160
1994-01-02,6.3451
1994-01-03,6.3414
1994-01-04,6.3226
1994-01-05,6.3142
1994-01-06,6.1655
1994-01-07,5.9843
1994-01-08,5.7621
1994-01-09,5.7274
1994-01-10,5.6283
1994-01-11,5.6539
1994-01-12,5.5805
1994-01-13,5.5607
1994-01-14,5.6305
1994-01-15,5.6184
1994-01-16,5.5520
1994-01-17,5.3729
1994-01-18,5.1619
1994-01-19,4.9927
1994-01-20,4.9219
1994-01-21,4.7955
1994-01-22,4.7323
1994-01-23,4.6738
1994-01-24,4.9262
1994-01-25,5.0320
1994-01-26,4.7982
1994-01-27,4.4472
1994-01-28,4.8373
1994-01-29,4.7890
1994-01-30,4.7259
1994-01-31,4.7675
1994-02-01,4.7118
1994-02-02,4.6579
1994-02-03,4.7596
1994-02-04,4.8017
1994-02-05,4.5776
1994-02-06,4.4318
1994-02-07,4.1507
1994-02-08,4.0792
1994-02-09,3.7213
1994-02-10,3.6498
1994-02-11,3.9060
1994-02-12,4.0236
1994-02-13,4.0042
1994-02-14,3.5041
1994-02-15,3.4286
1994-02-16,3.4507
1994-02-17,3.5525
1994-02-18,3.4309
1994-02-19,3.2303
1994-02-20,3.3278
1994-02-21,3.6431
1994-02-22,3.6945
1994-02-23,3.6767
1994-02-24,3.4695
1994-02-25,3.4148
1994-02-26,3.4501
1994-02-27,3.6992
1994-02-28,3.7751
1994-03-01,3.5848
1994-03-02,3.5449
1994-03-03,3.5186
1994-03-04,3.7226
1994-03-05,3.8843
1994-03-06,3.9462
1994-03-07,3.9277
1994-03-08,3.7692
1994-03-09,3.6943
1994-03-10,3.7023
1994-03-11,3.9130
1994-03-12,3.9002
1994-03-13,3.8896
1994-03-14,3.8125
1994-03-15,3.7723
1994-03-16,3.6844
1994-03-17,3.6919
1994-03-18,3.6543
1994-03-19,3.6570
1994-03-20,3.7650
1994-03-21,3.8762
1994-03-22,3.8487
1994-03-23,3.8674
1994-03-24,3.9338
1994-03-25,3.9888
1994-03-26,3.9934
1994-03-27,3.8582
1994-03-28,3.6777
1994-03-29,4.1670
1994-03-30,4.2174
1994-03-31,4.3243
1994-04-01,4.2430
1994-04-02,4.0535
1994-04-03,4.0516
1994-04-04,4.1842
1994-04-05,4.1652
1994-04-06,4.1253
1994-04-07,4.3743
1994-04-08,4.3184
1994-04-09,4.1672
1994-04-10,4.2724
1994-04-11,4.3725
1994-04-12,4.4799
1994-04-13,4.6707
1994-04-14,4.6952
1994-04-15,4.5190
1994-04-16,4.5205
1994-04-17,4.6031
1994-04-18,4.5951
1994-04-19,4.3945
1994-04-20,4.7682
1994-04-21,4.9930
1994-04-22,5.0883
1994-04-23,5.0602
1994-04-24,5.0516
1994-04-25,5.2987
1994-04-26,5.5180
1994-04-27,5.5908
1994-04-28,5.4710
1994-04-29,5.5156
1994-04-30,5.8834
1994-05-01,6.2983
1994-05-02,6.2089
1994-05-03,6.1026
1994-05-04,6.1966
1994-05-05,6.2365
1994-05-06,6.3031
1994-05-07,6.4606
1994-05-08,6.4676
1994-05-09,6.6085
1994-05-10,6.5982
1994-05-11,6.4074
1994-05-12,6.3331
1994-05-13,6.1130
1994-05-14,6.2107
1994-05-15,6.2169
1994-05-16,6.4118
1994-05-17,6.5514
1994-05-18,6.6624
1994-05-19,6.2774
1994-05-20,6.4234
1994-05-21,6.7940
1994-05-22,7.3139
1994-05-23,7.6819
1994-05-24,7.6582
1994-05-25,7.5967
1994-05-26,7.9013
1994-05-27,7.2068
1994-05-28,7.3142
1994-05-29,7.6780
1994-05-30,7.7787
1994-05-31,7.7804
1994-06-01,8.2333
1994-06-02,8.5009
1994-06-03,8.5097
1994-06-04,8.6873
1994-06-05,9.0045
1994-06-06,9.4038
1994-06-07,9.9286
1994-06-08,9.9889
1994-06-09,10.2843
1994-06-10,10.5395
1994-06-11,10.5463
1994-06-12,10.4949
1994-06-13,10.6215
1994-06-14,11.2183
1994-06-15,11.5464
1994-06-16,11.6112
1994-06-17,11.9033
1994-06-18,12.7419
1994-06-19,12.7657
1994-06-20,12.6220
1994-06-21,12.5350
1994-06-22,12.5070
1994-06-23,12.3861
1994-06-24,12.4372
1994-06-25,13.2969
1994-06-26,13.4723
1994-06-27,13.4537
1994-06-28,13.4250
1994-06-29,13.6585
1994-06-30,13.9200
1994-07-01,14.0315
1994-07-02,14.0539
1994-07-03,14.3111
1994-07-04,14.6085
1994-07-05,14.6491
1994-07-06,14.7866
1994-07-07,15.2430
1994-07-08,15.5232
1994-07-09,15.5994
1994-07-10,15.9122
1994-07-11,15.8346
1994-07-12,15.9619
1994-07-13,16.0126
1994-07-14,15.7416
1994-07-15,15.9397
1994-07-16,16.0050
1994-07-17,16.1900
1994-07-18,16.5404
1994-07-19,16.7351
1994-07-20,16.9301
1994-07-21,17.1860
1994-07-22,17.1562
1994-07-23,17.0432
1994-07-24,17.2763
1994-07-25,17.4244
1994-07-26,17.4265
1994-07-27,17.4806
1994-07-28,17.5109
1994-07-29,17.2679
1994-07-30,17.4485
1994-07-31,17.7761
1994-08-01,18.0023
1994-08-02,18.4356
1994-08-03,18.3835
1994-08-04,18.3051
1994-08-05,17.4872
1994-08-06,16.7603
1994-08-07,16.3894
1994-08-08,16.4384
1994-08-09,16.7856
1994-08-10,17.1121
1994-08-11,17.1677
1994-08-12,17.0679
1994-08-13,17.0273
1994-08-14,16.9029
1994-08-15,15.7031
1994-08-16,15.5704
1994-08-17,15.5979
1994-08-18,15.9171
1994-08-19,16.1897
1994-08-20,15.9291
1994-08-21,15.8693
1994-08-22,15.7286
1994-08-23,15.6067
1994-08-24,15.6280
1994-08-25,15.6469
1994-08-26,15.7118
1994-08-27,15.8282
1994-08-28,15.7839
1994-08-29,15.5460
1994-08-30,15.4642
1994-08-31,15.5382
1994-09-01,15.2829
1994-09-02,15.2291
1994-09-03,15.2847
1994-09-04,15.3090
1994-09-05,13.4821
1994-09-06,13.2559
1994-09-07,13.5018
1994-09-08,13.7033
1994-09-09,13.8546
1994-09-10,13.6506
1994-09-11,13.3034
1994-09-12,13.3242
1994-09-13,13.4301
1994-09-14,13.6048
1994-09-15,13.6572
1994-09-16,13.7126
1994-09-17,13.7309
1994-09-18,13.5657
1994-09-19,13.6048
1994-09-20,13.7080
1994-09-21,13.8352
1994-09-22,13.8252
1994-09-23,13.5159
1994-09-24,13.3898
1994-09-25,13.3404
1994-09-26,13.4440
1994-09-27,13.5256
1994-09-28,13.7312
1994-09-29,13.7832
1994-09-30,13.4316
1994-10-01,12.9954
1994-10-02,12.8246
1994-10-03,12.5731
1994-10-04,12.3099
1994-10-05,12.0693
1994-10-06,11.9007
1994-10-07,11.9481
1994-10-08,12.0551
1994-10-09,11.8691
1994-10-10,12.0307
1994-10-11,12.1277
1994-10-12,12.0021
1994-10-13,12.0194
1994-10-14,11.9765
1994-10-15,11.6995
1994-10-16,11.6527
1994-10-17,11.5925
1994-10-18,11.4932
1994-10-19,11.4914
1994-10-20,11.5938
1994-10-21,11.6112
1994-10-22,11.6160
1994-10-23,11.4190
1994-10-24,11.3918
1994-10-25,11.4685
1994-10-26,11.5933
1994-10-27,11.5158
1994-10-28,11.5038
1994-10-29,11.4321
1994-10-30,11.3422
1994-10-31,11.3003
1994-11-01,11.3848
1994-11-02,11.1357
1994-11-03,10.8571
1994-11-04,10.8945
1994-11-05,10.9508
1994-11-06,10.7790
1994-11-07,10.3697
1994-11-08,10.2066
1994-11-09,10.1865
1994-11-10,10.1144
1994-11-11,9.9673
1994-11-12,9.7927
1994-11-13,9.7815
1994-11-14,9.7764
1994-11-15,9.7428
1994-11-16,9.7031
1994-11-17,9.6805
1994-11-18,9.6319
1994-11-19,9.7172
1994-11-20,9.7325
1994-11-21,9.6619
1994-11-22,9.4265
1994-11-23,9.2947
1994-11-24,9.1952
1994-11-25,9.0378
1994-11-26,9.0343
1994-11-27,8.8493
1994-11-28,8.7633
1994-11-29,8.9290
1994-11-30,8.8565
1994-12-01,8.8626
1994-12-02,8.9267
1994-12-03,8.9674
1994-12-04,8.8110
1994-12-05,8.1557
1994-12-06,8.2860
1994-12-07,8.5069
1994-12-08,8.5403
1994-12-09,8.4679
1994-12-10,8.4336
1994-12-11,8.1685
1994-12-12,8.1148
1994-12-13,7.9832
1994-12-14,7.8221
1994-12-15,7.6178
1994-12-16,7.4837
1994-12-17,7.4481
1994-12-18,7.7049
1994-12-19,7.5959
1994-12-20,7.1371
1994-12-21,7.0010
1994-12-22,6.9762
1994-12-23,6.9359
1994-12-24,6.9015
1994-12-25,6.7581
1994-12-26,6.6384
1994-12-27,6.5248
1994-12-28,6.3927
1994-12-29,6.0381
1994-12-30,5.7558
1994-12-31,5.7031
1995-01-01,5.6448
1995-01-02,5.6490
1995-01-03,5.6539
1995-01-04,5.5922
1995-01-05,5.3447
1995-01-06,5.3301
1995-01-07,5.4096
1995-01-08,5.5164
1995-01-09,5.5433
1995-01-10,5.4329
1995-01-11,5.3926
1995-01-12,5.3070
1995-01-13,5.1475
1995-01-14,4.7445
1995-01-15,4.5531
1995-01-16,4.6487
1995-01-17,4.9893
1995-01-18,5.2959
1995-01-19,5.3499
1995-01-20,5.3991
1995-01-21,5.5331
1995-01-22,5.4493
1995-01-23,5.3056
1995-01-24,5.2013
1995-01-25,5.2391
1995-01-26,5.1194
1995-01-27,4.9901
1995-01-28,5.1587
1995-01-29,5.1478
1995-01-30,4.9719
1995-01-31,4.9046
1995-02-01,4.9290
1995-02-02,4.8835
1995-02-03,4.7870
1995-02-04,4.5704
1995-02-05,4.5176
1995-02-06,4.4576
1995-02-07,4.3467
1995-02-08,4.3288
1995-02-09,4.2900
1995-02-10,4.3293
1995-02-11,4.4347
1995-02-12,4.4543
1995-02-13,4.3250
1995-02-14,4.1895
1995-02-15,4.2554
1995-02-16,4.3521
1995-02-17,4.3227
1995-02-18,4.3062
1995-02-19,4.3326
1995-02-20,4.3919
1995-02-21,4.2024
1995-02-22,4.0498
1995-02-23,3.9310
1995-02-24,3.7950
1995-02-25,3.6761
1995-02-26,3.5596
1995-02-27,3.4811
1995-02-28,3.4755
1995-03-01,3.4021
1995-03-02,3.3553
1995-03-03,3.2433
1995-03-04,3.2258
1995-03-05,3.3024
1995-03-06,3.2096
1995-03-07,3.0782
1995-03-08,3.0625
1995-03-09,3.0888
1995-03-10,3.0186
1995-03-11,2.9666
1995-03-12,2.9115
1995-03-13,2.9020
1995-03-14,3.0778
1995-03-15,3.1233
1995-03-16,3.1666
1995-03-17,3.0981
1995-03-18,3.1085
1995-03-19,2.9073
1995-03-20,2.8618
1995-03-21,2.9344
1995-03-22,3.0923
1995-03-23,3.1408
1995-03-24,3.0519
1995-03-25,3.0185
1995-03-26,3.0968
1995-03-27,3.1696
1995-03-28,3.2189
1995-03-29,3.4669
1995-03-30,3.5552
1995-03-31,3.5710
1995-04-01,3.5361
1995-04-02,3.5109
1995-04-03,3.4951
1995-04-04,3.4642
1995-04-05,3.3946
1995-04-06,3.4392
1995-04-07,3.6267
1995-04-08,3.7406
1995-04-09,3.8016
1995-04-10,3.1996
1995-04-11,3.1118
1995-04-12,3.2085
1995-04-13,3.5105
1995-04-14,3.7020
1995-04-15,3.8611
1995-04-16,4.0618
1995-04-17,4.0588
1995-04-18,4.1048
1995-04-19,4.2573
1995-04-20,4.4841
1995-04-21,4.7571
1995-04-22,4.7815
1995-04-23,4.8216
1995-04-24,4.9606
1995-04-25,5.0471
1995-04-26,5.0101
1995-04-27,4.9319
1995-04-28,4.7724
1995-04-29,4.9349
1995-04-30,5.0804
1995-05-01,5.1656
1995-05-02,5.1354
1995-05-03,5.1279
1995-05-04,5.3694
1995-05-05,5.6746
1995-05-06,5.8556
1995-05-07,5.8275
1995-05-08,5.6767
1995-05-09,5.6422
1995-05-10,5.7400
1995-05-11,5.9508
1995-05-12,5.9011
1995-05-13,5.9537
1995-05-14,6.0991
1995-05-15,6.2103
1995-05-16,6.2564
1995-05-17,6.3201
1995-05-18,6.4247
1995-05-19,6.5567
1995-05-20,6.6891
1995-05-21,6.8560
1995-05-22,7.0562
1995-05-23,7.2862
1995-05-24,7.4794
1995-05-25,7.6390
1995-05-26,7.7060
1995-05-27,7.8845
1995-05-28,8.0105
1995-05-29,7.9731
1995-05-30,7.9858
1995-05-31,8.2211
1995-06-01,8.5122
1995-06-02,8.7817
1995-06-03,9.0041
1995-06-04,9.2149
1995-06-05,9.3753
1995-06-06,9.5495
1995-06-07,9.6905
1995-06-08,9.8155
1995-06-09,10.0954
1995-06-10,10.3056
1995-06-11,10.4691
1995-06-12,10.5077
1995-06-13,10.6250
1995-06-14,10.6194
1995-06-15,10.6557
1995-06-16,10.7643
1995-06-17,10.9054
1995-06-18,11.0104
1995-06-19,11.0854
1995-06-20,11.3015
1995-06-21,11.5497
1995-06-22,11.6777
1995-06-23,11.8487
1995-06-24,12.2215
1995-06-25,12.4806
1995-06-26,12.7105
1995-06-27,12.7112
1995-06-28,12.7120
1995-06-29,12.9201
1995-06-30,13.3314
1995-07-01,13.6292
1995-07-02,13.6951
1995-07-03,13.5784
1995-07-04,13.4784
1995-07-05,13.5951
1995-07-06,13.6234
1995-07-07,13.8024
1995-07-08,14.3715
1995-07-09,14.4138
1995-07-10,14.4483
1995-07-11,14.4923
1995-07-12,14.6613
1995-07-13,14.8001
1995-07-14,14.6728
1995-07-15,14.9226
1995-07-16,15.1564
1995-07-17,15.0638
1995-07-18,14.8948
1995-07-19,15.0315
1995-07-20,14.7793
1995-07-21,14.6190
1995-07-22,15.3746
1995-07-23,15.7344
1995-07-24,15.9579
1995-07-25,15.9983
1995-07-26,16.0682
1995-07-27,15.9252
1995-07-28,16.0996
1995-07-29,16.3648
1995-07-30,16.3964
1995-07-31,16.3009
1995-08-01,16.2655
1995-08-02,16.1169
1995-08-03,16.0889
1995-08-04,16.0082
1995-08-05,16.0458
1995-08-06,15.8366
1995-08-07,15.6215
1995-08-08,15.6497
1995-08-09,15.8327
1995-08-10,16.0608
1995-08-11,16.2487
1995-08-12,16.5974
1995-08-13,16.9433
1995-08-14,16.8643
1995-08-15,16.6662
1995-08-16,16.7522
1995-08-17,16.8536
1995-08-18,16.8582
1995-08-19,16.1795
1995-08-20,15.8216
1995-08-21,16.1284
1995-08-22,16.5497
1995-08-23,16.5215
1995-08-24,15.4178
1995-08-25,15.0984
1995-08-26,15.3474
1995-08-27,15.3489
1995-08-28,15.3124
1995-08-29,15.3610
1995-08-30,15.1903
1995-08-31,15.1489
1995-09-01,15.2471
1995-09-02,15.5531
1995-09-03,15.7174
1995-09-04,15.8473
1995-09-05,15.4419
1995-09-06,15.3256
1995-09-07,15.2330
1995-09-08,15.0641
1995-09-09,14.9964
1995-09-10,14.5315
1995-09-11,14.4019
1995-09-12,14.3448
1995-09-13,14.1999
1995-09-14,14.1594
1995-09-15,14.2199
1995-09-16,14.1664
1995-09-17,14.2933
1995-09-18,14.2794
1995-09-19,14.1691
1995-09-20,14.1849
1995-09-21,14.2706
1995-09-22,14.3728
1995-09-23,14.4274
1995-09-24,14.0389
1995-09-25,13.8076
1995-09-26,13.9129
1995-09-27,13.9209
1995-09-28,13.9278
1995-09-29,13.8606
1995-09-30,13.4311
1995-10-01,13.3075
1995-10-02,13.4365
1995-10-03,13.5263
1995-10-04,13.5901
1995-10-05,13.6084
1995-10-06,13.4801
1995-10-07,13.2555
1995-10-08,13.2572
1995-10-09,13.3912
1995-10-10,13.3176
1995-10-11,13.1322
1995-10-12,13.2185
1995-10-13,13.3630
1995-10-14,13.4327
1995-10-15,12.9711
1995-10-16,12.7038
1995-10-17,12.4126
1995-10-18,11.9951
1995-10-19,12.0917
1995-10-20,12.2125
1995-10-21,12.3662
1995-10-22,12.4965
1995-10-23,12.4486
1995-10-24,12.4883
1995-10-25,12.3827
1995-10-26,11.7088
1995-10-27,11.5535
1995-10-28,11.9245
1995-10-29,11.9081
1995-10-30,11.5160
1995-10-31,11.2606
1995-11-01,11.2077
1995-11-02,11.1765
1995-11-03,11.1886
1995-11-04,10.9419
1995-11-05,10.8625
1995-11-06,10.7323
1995-11-07,10.5798
1995-11-08,10.6093
1995-11-09,10.5292
1995-11-10,10.3352
1995-11-11,10.2044
1995-11-12,10.0019
1995-11-13,9.8708
1995-11-14,9.8869
1995-11-15,9.9965
1995-11-16,10.0853
1995-11-17,9.8687
1995-11-18,9.7364
1995-11-19,9.5507
1995-11-20,9.5423
1995-11-21,9.4833
1995-11-22,9.3845
1995-11-23,9.2984
1995-11-24,9.1042
1995-11-25,9.0833
1995-11-26,8.8942
1995-11-27,8.7821
1995-11-28,8.7497
1995-11-29,8.6217
1995-11-30,8.3118
1995-12-01,8.2087
1995-12-02,8.1917
1995-12-03,8.2070
1995-12-04,8.1161
1995-12-05,7.9875
1995-12-06,7.9785
1995-12-07,7.9480
1995-12-08,7.7268
1995-12-09,7.6119
1995-12-10,7.5795
1995-12-11,7.5396
1995-12-12,7.4728
1995-12-13,7.3211
1995-12-14,6.9308
1995-12-15,6.9401
1995-12-16,7.1531
1995-12-17,7.1645
1995-12-18,7.1539
1995-12-19,7.1090
1995-12-20,7.0406
1995-12-21,6.9449
1995-12-22,6.9820
1995-12-23,6.9395
1995-12-24,6.8279
1995-12-25,6.7845
1995-12-26,6.6550
1995-12-27,6.7372
1995-12-28,6.9686
1995-12-29,6.9418
1995-12-30,6.9246
1995-12-31,6.6404
1996-01-01,6.4889
1996-01-02,6.3113
1996-01-03,6.0678
1996-01-04,6.0094
1996-01-05,5.9595
1996-01-06,5.9166
1996-01-07,5.8187
1996-01-08,5.5433
1996-01-09,5.5702
1996-01-10,5.5302
1996-01-11,5.3904
1996-01-12,5.3292
1996-01-13,5.3648
1996-01-14,5.3247
1996-01-15,5.1509
1996-01-16,5.0899
1996-01-17,4.9972
1996-01-18,4.9404
1996-01-19,4.8782
1996-01-20,4.8138
1996-01-21,4.7217
1996-01-22,4.5326
1996-01-23,4.3713
1996-01-24,4.2022
1996-01-25,4.1486
1996-01-26,4.2061
1996-01-27,4.1943
1996-01-28,4.0325
1996-01-29,3.9958
1996-01-30,3.9521
1996-01-31,3.8981
1996-02-01,3.8872
1996-02-02,3.8556
1996-02-03,3.7841
1996-02-04,3.4789
1996-02-05,3.4463
1996-02-06,3.5249
1996-02-07,3.4494
1996-02-08,3.3984
1996-02-09,3.3894
1996-02-10,3.3927
1996-02-11,3.4136
1996-02-12,3.4380
1996-02-13,3.3758
1996-02-14,3.2815
1996-02-15,3.1946
1996-02-16,3.1811
1996-02-17,3.0021
1996-02-18,3.0239
1996-02-19,2.9758
1996-02-20,3.0208
1996-02-21,3.1742
1996-02-22,3.2837
1996-02-23,3.3501
1996-02-24,3.2584
1996-02-25,3.3696
1996-02-26,3.7456
1996-02-27,3.9295
1996-02-28,3.8432
1996-02-29,3.0560
1996-03-01,3.0239
1996-03-02,2.9439
1996-03-03,2.9848
1996-03-04,2.9950
1996-03-05,3.0031
1996-03-06,3.0112
1996-03-07,2.9635
1996-03-08,2.7793
1996-03-09,2.5777
1996-03-10,2.7361
1996-03-11,2.9089
1996-03-12,3.0000
1996-03-13,3.3757
1996-03-14,3.3364
1996-03-15,3.0542
1996-03-16,3.0280
1996-03-17,3.0632
1996-03-18,3.1378
1996-03-19,3.0538
1996-03-20,3.2549
1996-03-21,3.3030
1996-03-22,3.1153
1996-03-23,3.0206
1996-03-24,2.9072
1996-03-25,2.7944
1996-03-26,3.3269
1996-03-27,3.3013
1996-03-28,3.1195
1996-03-29,3.0751
1996-03-30,3.0928
1996-03-31,3.1696
1996-04-01,3.3610
1996-04-02,3.3670
1996-04-03,3.1416
1996-04-04,3.2127
1996-04-05,3.1431
1996-04-06,3.1330
1996-04-07,3.2987
1996-04-08,3.3812
1996-04-09,3.5300
1996-04-10,3.6286
1996-04-11,3.6683
1996-04-12,3.8029
1996-04-13,3.8410
1996-04-14,4.0029
1996-04-15,3.9808
1996-04-16,4.1389
1996-04-17,4.1511
1996-04-18,4.3638
1996-04-19,4.5341
1996-04-20,4.8072
1996-04-21,5.2816
1996-04-22,5.3339
1996-04-23,5.3126
1996-04-24,5.1194
1996-04-25,5.1525
1996-04-26,5.2349
1996-04-27,5.6862
1996-04-28,5.7447
1996-04-29,5.7146
1996-04-30,5.6570
1996-05-01,5.9016
1996-05-02,5.8754
1996-05-03,5.8252
1996-05-04,6.0224
1996-05-05,6.3818
1996-05-06,6.1595
1996-05-07,6.1187
1996-05-08,6.1529
1996-05-09,6.1313
1996-05-10,5.9496
1996-05-11,6.0113
1996-05-12,6.0652
1996-05-13,6.3025
1996-05-14,6.3837
1996-05-15,6.5526
1996-05-16,6.7047
1996-05-17,6.6852
1996-05-18,6.7239
1996-05-19,6.8955
1996-05-20,7.1930
1996-05-21,7.4820
1996-05-22,8.1555
1996-05-23,8.4366
1996-05-24,8.2298
1996-05-25,8.1683
1996-05-26,8.1474
1996-05-27,8.2327
1996-05-28,8.4210
1996-05-29,8.5182
1996-05-30,8.5241
1996-05-31,8.5455
1996-06-01,8.6792
1996-06-02,8.9705
1996-06-03,9.0272
1996-06-04,9.5376
1996-06-05,9.4447
1996-06-06,9.4675
1996-06-07,9.4497
1996-06-08,9.5846
1996-06-09,9.8326
1996-06-10,10.1476
1996-06-11,10.8074
1996-06-12,11.2364
1996-06-13,11.3739
1996-06-14,11.5266
1996-06-15,11.6488
1996-06-16,11.8405
1996-06-17,11.9450
1996-06-18,11.9239
1996-06-19,11.8953
1996-06-20,11.8446
1996-06-21,11.5623
1996-06-22,11.2673
1996-06-23,11.2613
1996-06-24,11.4890
1996-06-25,11.9881
1996-06-26,11.9790
1996-06-27,11.8424
1996-06-28,12.0018
1996-06-29,12.2642
1996-06-30,12.4457
1996-07-01,12.3461
1996-07-02,12.4022
1996-07-03,12.6924
1996-07-04,12.6478
1996-07-05,12.6896
1996-07-06,12.7022
1996-07-07,12.7931
1996-07-08,13.0245
1996-07-09,13.2129
1996-07-10,13.3280
1996-07-11,13.3631
1996-07-12,13.4547
1996-07-13,13.0016
1996-07-14,12.9597
1996-07-15,12.9276
1996-07-16,13.4349
1996-07-17,13.5881
1996-07-18,13.5621
1996-07-19,13.0458
1996-07-20,12.4646
1996-07-21,12.6481
1996-07-22,13.3231
1996-07-23,13.3451
1996-07-24,13.0294
1996-07-25,13.1666
1996-07-26,13.4477
1996-07-27,13.7757
1996-07-28,13.8959
1996-07-29,13.8045
1996-07-30,13.7999
1996-07-31,13.5691
1996-08-01,13.3202
1996-08-02,13.2295
1996-08-03,13.2218
1996-08-04,14.4582
1996-08-05,14.7144
1996-08-06,14.8189
1996-08-07,14.8811
1996-08-08,14.8865
1996-08-09,14.9441
1996-08-10,15.3095
1996-08-11,15.3902
1996-08-12,15.3537
1996-08-13,14.7550
1996-08-14,14.6896
1996-08-15,15.0332
1996-08-16,15.2815
1996-08-17,15.2330
1996-08-18,15.2730
1996-08-19,15.1680
1996-08-20,15.2796
1996-08-21,15.0852
1996-08-22,15.2169
1996-08-23,15.3967
1996-08-24,15.3736
1996-08-25,15.3703
1996-08-26,15.4294
1996-08-27,15.3300
1996-08-28,15.1019
1996-08-29,14.9543
1996-08-30,14.8650
1996-08-31,14.7018
1996-09-01,14.2569
1996-09-02,13.5750
1996-09-03,13.7090
1996-09-04,13.7798
1996-09-05,13.9293
1996-09-06,14.3191
1996-09-07,14.2542
1996-09-08,14.1411
1996-09-09,14.2884
1996-09-10,14.2002
1996-09-11,14.1893
1996-09-12,14.1689
1996-09-13,13.9142
1996-09-14,13.7692
1996-09-15,13.7949
1996-09-16,13.8522
1996-09-17,13.8137
1996-09-18,13.6164
1996-09-19,13.4831
1996-09-20,13.5375
1996-09-21,13.5819
1996-09-22,13.5152
1996-09-23,13.3455
1996-09-24,13.3718
1996-09-25,13.0060
1996-09-26,12.6539
1996-09-27,12.6252
1996-09-28,12.5340
1996-09-29,12.8422
1996-09-30,12.9801
1996-10-01,13.0988
1996-10-02,13.0335
1996-10-03,12.7716
1996-10-04,12.4081
1996-10-05,12.4157
1996-10-06,12.3336
1996-10-07,12.3148
1996-10-08,12.3541
1996-10-09,12.0525
1996-10-10,11.9223
1996-10-11,11.8281
1996-10-12,11.8460
1996-10-13,11.7933
1996-10-14,11.6293
1996-10-15,11.3095
1996-10-16,11.2194
1996-10-17,11.3235
1996-10-18,11.2364
1996-10-19,11.1329
1996-10-20,10.8843
1996-10-21,10.7819
1996-10-22,11.0756
1996-10-23,11.1028
1996-10-24,11.0646
1996-10-25,11.0774
1996-10-26,11.0585
1996-10-27,10.9678
1996-10-28,10.8126
1996-10-29,10.4528
1996-10-30,10.3846
1996-10-31,10.3594
1996-11-01,10.2368
1996-11-02,10.0276
1996-11-03,9.7556
1996-11-04,9.5815
1996-11-05,9.5575
1996-11-06,9.4438
1996-11-07,9.3792
1996-11-08,9.5243
1996-11-09,9.6881
1996-11-10,9.7578
1996-11-11,9.5078
1996-11-12,9.2804
1996-11-13,9.0677
1996-11-14,8.8868
1996-11-15,8.7308
1996-11-16,8.7340
1996-11-17,8.7859
1996-11-18,8.7539
1996-11-19,8.4169
1996-11-20,8.3746
1996-11-21,8.3704
1996-11-22,8.3250
1996-11-23,8.2847
1996-11-24,8.1901
1996-11-25,8.0208
1996-11-26,7.7583
1996-11-27,7.7488
1996-11-28,7.5572
1996-11-29,7.4978
1996-11-30,7.5054
1996-12-01,7.6099
1996-12-02,7.9604
1996-12-03,7.8998
1996-12-04,7.6726
1996-12-05,7.5230
1996-12-06,7.5040
1996-12-07,7.4054
1996-12-08,7.2794
1996-12-09,7.1734
1996-12-10,7.0963
1996-12-11,7.0846
1996-12-12,7.0777
1996-12-13,7.1336
1996-12-14,7.0704
1996-12-15,7.0643
1996-12-16,7.0409
1996-12-17,7.2271
1996-12-18,7.2989
1996-12-19,7.2590
1996-12-20,7.0925
1996-12-21,7.0100
1996-12-22,6.8667
1996-12-23,6.6200
1996-12-24,6.6167
1996-12-25,6.5781
1996-12-26,6.5593
1996-12-27,6.5120
1996-12-28,6.3847
1996-12-29,6.4299
1996-12-30,6.4178
1996-12-31,6.1981
1997-01-01,5.9075
1997-01-02,5.8912
1997-01-03,5.9896
1997-01-04,5.9122
1997-01-05,5.9345
1997-01-06,5.9603
1997-01-07,5.8602
1997-01-08,5.7222
1997-01-09,5.7086
1997-01-10,5.6653
1997-01-11,5.5647
1997-01-12,5.7208
1997-01-13,5.7301
1997-01-14,5.6117
1997-01-15,5.5239
1997-01-16,5.3967
1997-01-17,5.1803
1997-01-18,4.9930
1997-01-19,4.9875
1997-01-20,5.4899
1997-01-21,5.5638
1997-01-22,5.5084
1997-01-23,5.3384
1997-01-24,5.3530
1997-01-25,5.3505
1997-01-26,5.2682
1997-01-27,5.0394
1997-01-28,5.0544
1997-01-29,5.1927
1997-01-30,5.1283
1997-01-31,4.8618
1997-02-01,4.8652
1997-02-02,4.8542
1997-02-03,4.7128
1997-02-04,4.6355
1997-02-05,4.6407
1997-02-06,4.6809
1997-02-07,4.5502
1997-02-08,4.3308
1997-02-09,4.3013
1997-02-10,4.3122
1997-02-11,4.1228
1997-02-12,3.9015
1997-02-13,4.1117
1997-02-14,4.0918
1997-02-15,4.3912
1997-02-16,4.4444
1997-02-17,4.4277
1997-02-18,4.2413
1997-02-19,4.5128
1997-02-20,4.6096
1997-02-21,4.5614
1997-02-22,4.5506
1997-02-23,4.5342
1997-02-24,4.3758
1997-02-25,4.0968
1997-02-26,4.0352
1997-02-27,4.0653
1997-02-28,3.9261
1997-03-01,3.8507
1997-03-02,4.0194
1997-03-03,4.0044
1997-03-04,3.9530
1997-03-05,3.8056
1997-03-06,3.8950
1997-03-07,3.9770
1997-03-08,4.1470
1997-03-09,4.0755
1997-03-10,4.1176
1997-03-11,3.9557
1997-03-12,3.9129
1997-03-13,3.9407
1997-03-14,3.9547
1997-03-15,4.1555
1997-03-16,4.0409
1997-03-17,3.8447
1997-03-18,3.8719
1997-03-19,3.7749
1997-03-20,3.7698
1997-03-21,3.8174
1997-03-22,3.7095
1997-03-23,3.5903
1997-03-24,3.6270
1997-03-25,3.6901
1997-03-26,3.6821
1997-03-27,3.9918
1997-03-28,4.0736
1997-03-29,4.0978
1997-03-30,4.1356
1997-03-31,4.1724
1997-04-01,3.8558
1997-04-02,3.7749
1997-04-03,4.0184
1997-04-04,4.4102
1997-04-05,4.7539
1997-04-06,4.7263
1997-04-07,4.4371
1997-04-08,4.4140
1997-04-09,4.1283
1997-04-10,3.9306
1997-04-11,4.0351
1997-04-12,4.0616
1997-04-13,4.0307
1997-04-14,4.2092
1997-04-15,4.3858
1997-04-16,4.5365
1997-04-17,4.5765
1997-04-18,4.5284
1997-04-19,4.6471
1997-04-20,4.7704
1997-04-21,5.1177
1997-04-22,5.7840
1997-04-23,5.6663
1997-04-24,5.4167
1997-04-25,4.8512
1997-04-26,5.1571
1997-04-27,5.2845
1997-04-28,5.2020
1997-04-29,5.0295
1997-04-30,5.0863
1997-05-01,5.0752
1997-05-02,5.1401
1997-05-03,5.2081
1997-05-04,5.2963
1997-05-05,5.3293
1997-05-06,5.4092
1997-05-07,5.4332
1997-05-08,5.4960
1997-05-09,5.4077
1997-05-10,5.4820
1997-05-11,5.6199
1997-05-12,5.7355
1997-05-13,5.7895
1997-05-14,6.4511
1997-05-15,6.4528
1997-05-16,6.2844
1997-05-17,6.3216
1997-05-18,6.4315
1997-05-19,6.4667
1997-05-20,6.6461
1997-05-21,6.6468
1997-05-22,6.6644
1997-05-23,6.7203
1997-05-24,6.8469
1997-05-25,7.4429
1997-05-26,7.7320
1997-05-27,7.6476
1997-05-28,8.0835
1997-05-29,8.2581
1997-05-30,8.1885
1997-05-31,8.3115
1997-06-01,8.5031
1997-06-02,8.2633
1997-06-03,8.0979
1997-06-04,7.8464
1997-06-05,8.0121
1997-06-06,8.1450
1997-06-07,8.1914
1997-06-08,8.8367
1997-06-09,8.9517
1997-06-10,9.1498
1997-06-11,9.6558
1997-06-12,9.7049
1997-06-13,9.8817
1997-06-14,10.2286
1997-06-15,10.2437
1997-06-16,10.0230
1997-06-17,10.0427
1997-06-18,10.5122
1997-06-19,11.2649
1997-06-20,11.2393
1997-06-21,11.3004
1997-06-22,11.6043
1997-06-23,11.6139
1997-06-24,11.7366
1997-06-25,11.7414
1997-06-26,12.0646
1997-06-27,12.1793
1997-06-28,12.3612
1997-06-29,12.7867
1997-06-30,13.6297
1997-07-01,13.9939
1997-07-02,14.0255
1997-07-03,13.8562
1997-07-04,13.3730
1997-07-05,13.3214
1997-07-06,13.6588
1997-07-07,14.0081
1997-07-08,14.0463
1997-07-09,13.9686
1997-07-10,13.8196
1997-07-11,13.7890
1997-07-12,13.8763
1997-07-13,14.0094
1997-07-14,14.3601
1997-07-15,14.5550
1997-07-16,14.5729
1997-07-17,14.8661
1997-07-18,15.2741
1997-07-19,14.5575
1997-07-20,14.1060
1997-07-21,14.3073
1997-07-22,14.9661
1997-07-23,14.8033
1997-07-24,14.6171
1997-07-25,14.0832
1997-07-26,14.3954
1997-07-27,14.9303
1997-07-28,14.9527
1997-07-29,14.8195
1997-07-30,14.9282
1997-07-31,15.1936
1997-08-01,15.3087
1997-08-02,15.3246
1997-08-03,15.4445
1997-08-04,15.4693
1997-08-05,15.0502
1997-08-06,15.0588
1997-08-07,15.0661
1997-08-08,15.0668
1997-08-09,15.2028
1997-08-10,15.3924
1997-08-11,15.3345
1997-08-12,15.0523
1997-08-13,15.0625
1997-08-14,15.2981
1997-08-15,15.5539
1997-08-16,15.7337
1997-08-17,15.5126
1997-08-18,15.1565
1997-08-19,15.1151
1997-08-20,15.1577
1997-08-21,15.1258
1997-08-22,14.8808
1997-08-23,14.8914
1997-08-24,14.9068
1997-08-25,15.0645
1997-08-26,15.1969
1997-08-27,15.1972
1997-08-28,15.2835
1997-08-29,15.0176
1997-08-30,15.0473
1997-08-31,15.1503
1997-09-01,15.2426
1997-09-02,15.2941
1997-09-03,14.4130
1997-09-04,14.3220
1997-09-05,14.4719
1997-09-06,14.5697
1997-09-07,14.7791
1997-09-08,14.7992
1997-09-09,14.7184
1997-09-10,14.8511
1997-09-11,14.8161
1997-09-12,14.8989
1997-09-13,15.1762
1997-09-14,15.3046
1997-09-15,15.2588
1997-09-16,15.1174
1997-09-17,15.0011
1997-09-18,14.9746
1997-09-19,15.0356
1997-09-20,13.9662
1997-09-21,13.4723
1997-09-22,13.4161
1997-09-23,13.2726
1997-09-24,12.9226
1997-09-25,12.9819
1997-09-26,13.0291
1997-09-27,12.9430
1997-09-28,12.7583
1997-09-29,12.7482
1997-09-30,12.6518
1997-10-01,12.3592
1997-10-02,12.0501
1997-10-03,12.0167
1997-10-04,12.1640
1997-10-05,12.4822
1997-10-06,12.5828
1997-10-07,12.5675
1997-10-08,12.3511
1997-10-09,12.1521
1997-10-10,12.3270
1997-10-11,12.1700
1997-10-12,11.7733
1997-10-13,11.9303
1997-10-14,12.0099
1997-10-15,11.7998
1997-10-16,11.6985
1997-10-17,11.7726
1997-10-18,11.8026
1997-10-19,11.6436
1997-10-20,11.7983
1997-10-21,11.8130
1997-10-22,11.5652
1997-10-23,11.3727
1997-10-24,11.3117
1997-10-25,11.0342
1997-10-26,10.9354
1997-10-27,10.8959
1997-10-28,10.5670
1997-10-29,10.4349
1997-10-30,10.4587
1997-10-31,10.4218
1997-11-01,10.3638
1997-11-02,10.4585
1997-11-03,10.4292
1997-11-04,10.3712
1997-11-05,10.3062
1997-11-06,10.0392
1997-11-07,9.8622
1997-11-08,9.8978
1997-11-09,10.0332
1997-11-10,9.8939
1997-11-11,9.7468
1997-11-12,9.6862
1997-11-13,9.6953
1997-11-14,9.5865
1997-11-15,9.3990
1997-11-16,9.2886
1997-11-17,9.1919
1997-11-18,9.1427
1997-11-19,9.2023
1997-11-20,9.0983
1997-11-21,9.1285
1997-11-22,9.1231
1997-11-23,8.8597
1997-11-24,8.7290
1997-11-25,8.6713
1997-11-26,8.6000
1997-11-27,8.6205
1997-11-28,8.5885
1997-11-29,8.5370
1997-11-30,8.4237
1997-12-01,8.3844
1997-12-02,8.0426
1997-12-03,8.0533
1997-12-04,7.9094
1997-12-05,7.6162
1997-12-06,7.5587
1997-12-07,7.7601
1997-12-08,7.6350
1997-12-09,7.5684
1997-12-10,7.4839
1997-12-11,7.3072
1997-12-12,7.2758
1997-12-13,7.2570
1997-12-14,7.1451
1997-12-15,7.1302
1997-12-16,7.2285
1997-12-17,7.2252
1997-12-18,7.1712
1997-12-19,7.0348
1997-12-20,6.9186
1997-12-21,6.9303
1997-12-22,6.8286
1997-12-23,6.7322
1997-12-24,6.6231
1997-12-25,6.5859
1997-12-26,6.7822
1997-12-27,6.7968
1997-12-28,6.4629
1997-12-29,6.0937
1997-12-30,6.1905
1997-12-31,6.2179
1998-01-01,6.0914
1998-01-02,6.0318
1998-01-03,6.0214
1998-01-04,5.9069
1998-01-05,5.8003
1998-01-06,5.7139
1998-01-07,5.7140
1998-01-08,5.7265
1998-01-09,5.8469
1998-01-10,5.9697
1998-01-11,5.9262
1998-01-12,5.8190
1998-01-13,5.7656
1998-01-14,5.6726
1998-01-15,5.5218
1998-01-16,5.4245
1998-01-17,5.2691
1998-01-18,5.1008
1998-01-19,4.9466
1998-01-20,4.9611
1998-01-21,4.7108
1998-01-22,4.7085
1998-01-23,4.6329
1998-01-24,4.5606
1998-01-25,4.6812
1998-01-26,4.6600
1998-01-27,4.5366
1998-01-28,4.3192
1998-01-29,4.0926
1998-01-30,3.8403
1998-01-31,4.0349
1998-02-01,4.2669
1998-02-02,4.3190
1998-02-03,4.2558
1998-02-04,4.2259
1998-02-05,4.0984
1998-02-06,4.0795
1998-02-07,3.8710
1998-02-08,3.6636
1998-02-09,3.6915
1998-02-10,3.5152
1998-02-11,3.3683
1998-02-12,3.5588
1998-02-13,3.5376
1998-02-14,3.4067
1998-02-15,3.3372
1998-02-16,3.3128
1998-02-17,3.2661
1998-02-18,3.1644
1998-02-19,3.3957
1998-02-20,3.4582
1998-02-21,3.6761
1998-02-22,3.6223
1998-02-23,3.2779
1998-02-24,2.9007
1998-02-25,3.1372
1998-02-26,3.1825
1998-02-27,3.4080
1998-02-28,3.6486
1998-03-01,3.5171
1998-03-02,3.2759
1998-03-03,3.2099
1998-03-04,3.1218
1998-03-05,3.1518
1998-03-06,3.1765
1998-03-07,2.9908
1998-03-08,2.5984
1998-03-09,2.5919
1998-03-10,2.7120
1998-03-11,2.8833
1998-03-12,3.0212
1998-03-13,3.0576
1998-03-14,3.1068
1998-03-15,3.0560
1998-03-16,3.1565
1998-03-17,3.3547
1998-03-18,3.2439
1998-03-19,3.0890
1998-03-20,3.1489
1998-03-21,3.1332
1998-03-22,3.0760
1998-03-23,3.2047
1998-03-24,3.3305
1998-03-25,3.4230
1998-03-26,3.4345
1998-03-27,3.8470
1998-03-28,4.0287
1998-03-29,4.4917
1998-03-30,4.5087
1998-03-31,4.7372
1998-04-01,4.8393
1998-04-02,4.4788
1998-04-03,4.1966
1998-04-04,3.9656
1998-04-05,3.7037
1998-04-06,3.5098
1998-04-07,4.0264
1998-04-08,4.2394
1998-04-09,4.3114
1998-04-10,4.2718
1998-04-11,4.3185
1998-04-12,4.4150
1998-04-13,4.5005
1998-04-14,4.5855
1998-04-15,4.6998
1998-04-16,4.7687
1998-04-17,4.9903
1998-04-18,5.3064
1998-04-19,5.3903
1998-04-20,5.7959
1998-04-21,5.9306
1998-04-22,6.1069
1998-04-23,6.1559
1998-04-24,5.2991
1998-04-25,5.2471
1998-04-26,5.2787
1998-04-27,5.3325
1998-04-28,5.5866
1998-04-29,5.9460
1998-04-30,6.4261
1998-05-01,6.7187
1998-05-02,6.5622
1998-05-03,6.7929
1998-05-04,6.8374
1998-05-05,6.8628
1998-05-06,6.8912
1998-05-07,7.0575
1998-05-08,7.3363
1998-05-09,7.4575
1998-05-10,7.5174
1998-05-11,6.3448
1998-05-12,6.3481
1998-05-13,6.3955
1998-05-14,6.7640
1998-05-15,7.2080
1998-05-16,7.5483
1998-05-17,7.5903
1998-05-18,7.9643
1998-05-19,8.2794
1998-05-20,8.2374
1998-05-21,8.3445
1998-05-22,8.0523
1998-05-23,8.0099
1998-05-24,8.4079
1998-05-25,8.7189
1998-05-26,9.0367
1998-05-27,9.4214
1998-05-28,9.4112
1998-05-29,9.4491
1998-05-30,9.4695
1998-05-31,9.4051
1998-06-01,9.3611
1998-06-02,9.4102
1998-06-03,9.4112
1998-06-04,9.0821
1998-06-05,8.7921
1998-06-06,9.0075
1998-06-07,9.4200
1998-06-08,9.4722
1998-06-09,9.3964
1998-06-10,9.8010
1998-06-11,10.0128
1998-06-12,10.2260
1998-06-13,10.1777
1998-06-14,10.0803
1998-06-15,10.5938
1998-06-16,10.6507
1998-06-17,10.9923
1998-06-18,11.2599
1998-06-19,11.4445
1998-06-20,11.7635
1998-06-21,12.0008
1998-06-22,12.2110
1998-06-23,12.2276
1998-06-24,12.3859
1998-06-25,12.6204
1998-06-26,12.8636
1998-06-27,11.6044
1998-06-28,11.5276
1998-06-29,11.5794
1998-06-30,11.8603
1998-07-01,12.4053
1998-07-02,12.5073
1998-07-03,12.7054
1998-07-04,13.1699
1998-07-05,13.2555
1998-07-06,13.2006
1998-07-07,13.3543
1998-07-08,13.7878
1998-07-09,13.9276
1998-07-10,13.8661
1998-07-11,14.1039
1998-07-12,14.4517
1998-07-13,14.6513
1998-07-14,14.9243
1998-07-15,15.1712
1998-07-16,15.3885
1998-07-17,15.4041
1998-07-18,15.4431
1998-07-19,15.4785
1998-07-20,15.4200
1998-07-21,15.9102
1998-07-22,16.1526
1998-07-23,16.1454
1998-07-24,15.6641
1998-07-25,15.5450
1998-07-26,16.0302
1998-07-27,16.0414
1998-07-28,15.6044
1998-07-29,15.2734
1998-07-30,15.1846
1998-07-31,15.3778
1998-08-01,15.4372
1998-08-02,15.7499
1998-08-03,16.2528
1998-08-04,16.4883
1998-08-05,16.6783
1998-08-06,17.0483
1998-08-07,17.2133
1998-08-08,17.0505
1998-08-09,16.8084
1998-08-10,16.7529
1998-08-11,16.8154
1998-08-12,16.4502
1998-08-13,16.1268
1998-08-14,15.9840
1998-08-15,15.8886
1998-08-16,16.0591
1998-08-17,16.3042
1998-08-18,16.1465
1998-08-19,15.6738
1998-08-20,15.6736
1998-08-21,15.7648
1998-08-22,15.8824
1998-08-23,15.8577
1998-08-24,15.6568
1998-08-25,15.7300
1998-08-26,15.8004
1998-08-27,16.1470
1998-08-28,16.2094
1998-08-29,16.2219
1998-08-30,15.8097
1998-08-31,15.7184
1998-09-01,15.7250
1998-09-02,15.7453
1998-09-03,15.7804
1998-09-04,15.4955
1998-09-05,15.2890
1998-09-06,14.9890
1998-09-07,14.8720
1998-09-08,14.6195
1998-09-09,14.5424
1998-09-10,14.2208
1998-09-11,14.2249
1998-09-12,14.1468
1998-09-13,13.8605
1998-09-14,13.8082
1998-09-15,13.7381
1998-09-16,13.7835
1998-09-17,13.7381
1998-09-18,13.5385
1998-09-19,13.4546
1998-09-20,13.6778
1998-09-21,13.9038
1998-09-22,13.0804
1998-09-23,12.9775
1998-09-24,13.0760
1998-09-25,13.1504
1998-09-26,13.1712
1998-09-27,13.3774
1998-09-28,13.3240
1998-09-29,13.2162
1998-09-30,13.0926
1998-10-01,12.5009
1998-10-02,12.3037
1998-10-03,12.2174
1998-10-04,11.9904
1998-10-05,11.8056
1998-10-06,11.5187
1998-10-07,11.3751
1998-10-08,11.1924
1998-10-09,10.8360
1998-10-10,11.0816
1998-10-11,11.0126
1998-10-12,10.9191
1998-10-13,10.7404
1998-10-14,10.6532
1998-10-15,10.6341
1998-10-16,10.4194
1998-10-17,10.3237
1998-10-18,10.4130
1998-10-19,10.4631
1998-10-20,10.5292
1998-10-21,10.4137
1998-10-22,10.2026
1998-10-23,10.2104
1998-10-24,10.2955
1998-10-25,10.1847
1998-10-26,9.9931
1998-10-27,9.8760
1998-10-28,9.9458
1998-10-29,9.9691
1998-10-30,9.9160
1998-10-31,9.7319
1998-11-01,9.4836
1998-11-02,9.1603
1998-11-03,8.9980
1998-11-04,8.9897
1998-11-05,8.9475
1998-11-06,8.9529
1998-11-07,8.8369
1998-11-08,8.6367
1998-11-09,8.5273
1998-11-10,8.4446
1998-11-11,8.6929
1998-11-12,8.6973
1998-11-13,8.6029
1998-11-14,8.4375
1998-11-15,8.3698
1998-11-16,8.2515
1998-11-17,8.1081
1998-11-18,7.8771
1998-11-19,7.7784
1998-11-20,7.8242
1998-11-21,7.8271
1998-11-22,7.8732
1998-11-23,8.0504
1998-11-24,8.1810
1998-11-25,8.1465
1998-11-26,8.0423
1998-11-27,7.8858
1998-11-28,7.6642
1998-11-29,7.5290
1998-11-30,7.5257
1998-12-01,7.5773
1998-12-02,7.6648
1998-12-03,7.8475
1998-12-04,8.0033
1998-12-05,7.8527
1998-12-06,7.8285
1998-12-07,7.8454
1998-12-08,7.2222
1998-12-09,7.0551
1998-12-10,6.9101
1998-12-11,6.8078
1998-12-12,6.7926
1998-12-13,6.8075
1998-12-14,6.7278
1998-12-15,6.6772
1998-12-16,6.6971
1998-12-17,6.6202
1998-12-18,6.4246
1998-12-19,6.3802
1998-12-20,6.2909
1998-12-21,6.2051
1998-12-22,6.2643
1998-12-23,6.2327
1998-12-24,6.3122
1998-12-25,6.2754
1998-12-26,6.3063
1998-12-27,6.3046
1998-12-28,6.2831
1998-12-29,6.0653
1998-12-30,5.9519
1998-12-31,5.8752
1999-01-01,5.7794
1999-01-02,5.5684
1999-01-03,5.7185
1999-01-04,5.8904
1999-01-05,5.7390
1999-01-06,5.6727
1999-01-07,5.5588
1999-01-08,5.4816
1999-01-09,5.4278
1999-01-10,5.2864
1999-01-11,5.1880
1999-01-12,4.9104
1999-01-13,4.6938
1999-01-14,4.5977
1999-01-15,4.4888
1999-01-16,5.1263
1999-01-17,5.2518
1999-01-18,5.2308
1999-01-19,5.2061
1999-01-20,5.1165
1999-01-21,5.0970
1999-01-22,4.9596
1999-01-23,4.6945
1999-01-24,4.6985
1999-01-25,4.8277
1999-01-26,4.8202
1999-01-27,4.7887
1999-01-28,4.5062
1999-01-29,4.3442
1999-01-30,4.2496
1999-01-31,4.3448
1999-02-01,4.4112
1999-02-02,4.5056
1999-02-03,4.5926
1999-02-04,4.3412
1999-02-05,4.4950
1999-02-06,4.5084
1999-02-07,4.2067
1999-02-08,4.1109
1999-02-09,4.2031
1999-02-10,4.0659
1999-02-11,3.9033
1999-02-12,3.6743
1999-02-13,3.7327
1999-02-14,3.7291
1999-02-15,3.9688
1999-02-16,4.0022
1999-02-17,3.6928
1999-02-18,3.4594
1999-02-19,3.4639
1999-02-20,3.4904
1999-02-21,3.4663
1999-02-22,3.4936
1999-02-23,3.4986
1999-02-24,3.4678
1999-02-25,3.2788
1999-02-26,3.1744
1999-02-27,3.2524
1999-02-28,3.4171
1999-03-01,3.4163
1999-03-02,3.4179
1999-03-03,3.5075
1999-03-04,3.5361
1999-03-05,3.6419
1999-03-06,3.6630
1999-03-07,3.5931
1999-03-08,3.4294
1999-03-09,3.5448
1999-03-10,3.5559
1999-03-11,3.5592
1999-03-12,3.4455
1999-03-13,3.3617
1999-03-14,3.3199
1999-03-15,3.2420
1999-03-16,3.2465
1999-03-17,3.3314
1999-03-18,3.3995
1999-03-19,3.1920
1999-03-20,2.9375
1999-03-21,2.9675
1999-03-22,3.1174
1999-03-23,3.2896
1999-03-24,3.2347
1999-03-25,3.4219
1999-03-26,3.5224
1999-03-27,3.6070
1999-03-28,3.6645
1999-03-29,3.9652
1999-03-30,3.9683
1999-03-31,3.9616
1999-04-01,4.0431
1999-04-02,4.1170
1999-04-03,3.9944
1999-04-04,3.9965
1999-04-05,4.2077
1999-04-06,4.5673
1999-04-07,4.3773
1999-04-08,4.2576
1999-04-09,4.4195
1999-04-10,4.2382
1999-04-11,4.3353
1999-04-12,4.5707
1999-04-13,4.3545
1999-04-14,4.3763
1999-04-15,5.1751
1999-04-16,5.2587
1999-04-17,5.1365
1999-04-18,5.2374
1999-04-19,5.5695
1999-04-20,5.8999
1999-04-21,6.1949
1999-04-22,6.2439
1999-04-23,5.8773
1999-04-24,5.8171
1999-04-25,5.9144
1999-04-26,5.9327
1999-04-27,5.9804
1999-04-28,5.9634
1999-04-29,6.2944
1999-04-30,6.5862
1999-05-01,6.8435
1999-05-02,7.0457
1999-05-03,7.0120
1999-05-04,6.8117
1999-05-05,6.8580
1999-05-06,7.2702
1999-05-07,7.6387
1999-05-08,7.8423
1999-05-09,8.3112
1999-05-10,8.3059
1999-05-11,8.1407
1999-05-12,8.2039
1999-05-13,8.1442
1999-05-14,8.0844
1999-05-15,8.0471
1999-05-16,8.2114
1999-05-17,8.5103
1999-05-18,8.7994
1999-05-19,8.8670
1999-05-20,8.7763
1999-05-21,8.0493
1999-05-22,7.7670
1999-05-23,7.8552
1999-05-24,8.1553
1999-05-25,8.4714
1999-05-26,8.5689
1999-05-27,8.9218
1999-05-28,9.1474
1999-05-29,9.3963
1999-05-30,10.1942
1999-05-31,10.2013
1999-06-01,10.2928
1999-06-02,10.6611
1999-06-03,10.6667
1999-06-04,10.4877
1999-06-05,10.4904
1999-06-06,10.6223
1999-06-07,11.1341
1999-06-08,11.1351
1999-06-09,10.8300
1999-06-10,10.8877
1999-06-11,11.2077
1999-06-12,11.4194
1999-06-13,11.5786
1999-06-14,11.9190
1999-06-15,11.9758
1999-06-16,11.8434
1999-06-17,11.8970
1999-06-18,11.9282
1999-06-19,12.0600
1999-06-20,12.5278
1999-06-21,12.9350
1999-06-22,13.2754
1999-06-23,13.3603
1999-06-24,13.6600
1999-06-25,13.9272
1999-06-26,14.3410
1999-06-27,14.4023
1999-06-28,14.3712
1999-06-29,14.5464
1999-06-30,14.7387
1999-07-01,14.7132
1999-07-02,14.3981
1999-07-03,14.4352
1999-07-04,14.6852
1999-07-05,14.9831
1999-07-06,15.3127
1999-07-07,14.5638
1999-07-08,14.4022
1999-07-09,14.4340
1999-07-10,14.3326
1999-07-11,14.2528
1999-07-12,14.4921
1999-07-13,14.5477
1999-07-14,14.3081
1999-07-15,14.6156
1999-07-16,14.9126
1999-07-17,15.1736
1999-07-18,15.8687
1999-07-19,15.8145
1999-07-20,15.5537
1999-07-21,15.5136
1999-07-22,15.4196
1999-07-23,15.6431
1999-07-24,16.2077
1999-07-25,16.7644
1999-07-26,17.4190
1999-07-27,17.6748
1999-07-28,17.7359
1999-07-29,17.5737
1999-07-30,17.5488
1999-07-31,17.6381
1999-08-01,17.4368
1999-08-02,17.1824
1999-08-03,17.1515
1999-08-04,17.0148
1999-08-05,17.0684
1999-08-06,17.0633
1999-08-07,16.8570
1999-08-08,16.1192
1999-08-09,15.6898
1999-08-10,15.8015
1999-08-11,16.0225
1999-08-12,16.3774
1999-08-13,16.6673
1999-08-14,16.6364
1999-08-15,15.9329
1999-08-16,15.8944
1999-08-17,15.9788
1999-08-18,15.9426
1999-08-19,15.8441
1999-08-20,15.9006
1999-08-21,16.0363
1999-08-22,16.8137
1999-08-23,16.8764
1999-08-24,16.9194
1999-08-25,17.1583
1999-08-26,17.1686
1999-08-27,17.3679
1999-08-28,17.5583
1999-08-29,17.2873
1999-08-30,16.8985
1999-08-31,16.7549
1999-09-01,16.8132
1999-09-02,16.8861
1999-09-03,17.3766
1999-09-04,17.4881
1999-09-05,17.4768
1999-09-06,17.6950
1999-09-07,17.7578
1999-09-08,17.7814
1999-09-09,17.8564
1999-09-10,17.5558
1999-09-11,17.4175
1999-09-12,17.5202
1999-09-13,17.5791
1999-09-14,17.5036
1999-09-15,17.4350
1999-09-16,16.6807
1999-09-17,15.4877
1999-09-18,15.1087
1999-09-19,14.9834
1999-09-20,14.9630
1999-09-21,15.0056
1999-09-22,14.8837
1999-09-23,14.9358
1999-09-24,15.1870
1999-09-25,15.0771
1999-09-26,14.8472
1999-09-27,14.8613
1999-09-28,14.9657
1999-09-29,14.8112
1999-09-30,14.4439
1999-10-01,14.3855
1999-10-02,14.4584
1999-10-03,14.4133
1999-10-04,14.3175
1999-10-05,13.4708
1999-10-06,13.3980
1999-10-07,13.2121
1999-10-08,12.9001
1999-10-09,12.8916
1999-10-10,13.0131
1999-10-11,13.1413
1999-10-12,13.0434
1999-10-13,12.7635
1999-10-14,12.4446
1999-10-15,12.4253
1999-10-16,12.5892
1999-10-17,12.6746
1999-10-18,12.3208
1999-10-19,12.1699
1999-10-20,12.0868
1999-10-21,11.6952
1999-10-22,11.7532
1999-10-23,11.8547
1999-10-24,11.8079
1999-10-25,11.7657
1999-10-26,11.8065
1999-10-27,11.6589
1999-10-28,11.5780
1999-10-29,11.5584
1999-10-30,11.4977
1999-10-31,11.4842
1999-11-01,11.7083
1999-11-02,11.6779
1999-11-03,11.6167
1999-11-04,11.1659
1999-11-05,11.1323
1999-11-06,11.0952
1999-11-07,10.9461
1999-11-08,10.5469
1999-11-09,10.4578
1999-11-10,10.4070
1999-11-11,10.3300
1999-11-12,10.1205
1999-11-13,10.0300
1999-11-14,9.9740
1999-11-15,9.8692
1999-11-16,9.6324
1999-11-17,9.3320
1999-11-18,9.3557
1999-11-19,9.3855
1999-11-20,9.4800
1999-11-21,9.3608
1999-11-22,9.6642
1999-11-23,9.8656
1999-11-24,9.8070
1999-11-25,9.7720
1999-11-26,9.9010
1999-11-27,9.8788
1999-11-28,9.8099
1999-11-29,9.7410
1999-11-30,9.6440
1999-12-01,9.5934
1999-12-02,9.3345
1999-12-03,9.2291
1999-12-04,9.1562
1999-12-05,9.1227
1999-12-06,9.1910
1999-12-07,9.2037
1999-12-08,9.1465
1999-12-09,9.0994
1999-12-10,9.0534
1999-12-11,8.9627
1999-12-12,8.8378
1999-12-13,8.7328
1999-12-14,8.6778
1999-12-15,8.6710
1999-12-16,8.6530
1999-12-17,8.5580
1999-12-18,8.3775
1999-12-19,8.2499
1999-12-20,7.9407
1999-12-21,7.7585
1999-12-22,8.2360
1999-12-23,8.3189
1999-12-24,8.1759
1999-12-25,8.0061
1999-12-26,7.9712
1999-12-27,7.9288
1999-12-28,7.8452
1999-12-29,7.7895
1999-12-30,7.7344
1999-12-31,7.9336
2000-01-01,7.9457
2000-01-02,7.9472
2000-01-03,7.8336
2000-01-04,7.7701
2000-01-05,7.8004
2000-01-06,7.7522
2000-01-07,7.6557
2000-01-08,7.4763
2000-01-09,7.3338
2000-01-10,7.3067
2000-01-11,7.4061
2000-01-12,7.3793
2000-01-13,7.2707
2000-01-14,7.0197
2000-01-15,6.8250
2000-01-16,6.6504
2000-01-17,6.5198
2000-01-18,6.4722
2000-01-19,6.4279
2000-01-20,6.3771
2000-01-21,6.3951
2000-01-22,6.2938
2000-01-23,6.2422
2000-01-24,6.0823
2000-01-25,5.8918
2000-01-26,5.9734
2000-01-27,5.8436
2000-01-28,5.8681
2000-01-29,5.6946
2000-01-30,5.6929
2000-01-31,5.6590
2000-02-01,5.4961
2000-02-02,5.4785
2000-02-03,5.3241
2000-02-04,5.2426
2000-02-05,5.2266
2000-02-06,5.1925
2000-02-07,5.1127
2000-02-08,5.0443
2000-02-09,4.8838
2000-02-10,4.8457
2000-02-11,4.8993
2000-02-12,4.9023
2000-02-13,4.7643
2000-02-14,4.9582
2000-02-15,5.1872
2000-02-16,5.0664
2000-02-17,5.0164
2000-02-18,4.8965
2000-02-19,4.6155
2000-02-20,4.8445
2000-02-21,4.8018
2000-02-22,4.7468
2000-02-23,4.8324
2000-02-24,4.8905
2000-02-25,4.6261
2000-02-26,4.5210
2000-02-27,4.7723
2000-02-28,5.2420
2000-02-29,4.9741
2000-03-01,4.6658
2000-03-02,4.6184
2000-03-03,4.5622
2000-03-04,4.4378
2000-03-05,4.5556
2000-03-06,4.5244
2000-03-07,4.6063
2000-03-08,4.7131
2000-03-09,4.6529
2000-03-10,4.7496
2000-03-11,4.6872
2000-03-12,4.6385
2000-03-13,4.5651
2000-03-14,4.5235
2000-03-15,4.6929
2000-03-16,5.1152
2000-03-17,5.2223
2000-03-18,5.0679
2000-03-19,4.9985
2000-03-20,4.8314
2000-03-21,4.8469
2000-03-22,5.2398
2000-03-23,5.4256
2000-03-24,5.3447
2000-03-25,5.1966
2000-03-26,5.1619
2000-03-27,5.1880
2000-03-28,5.2069
2000-03-29,5.1573
2000-03-30,5.1490
2000-03-31,5.2929
2000-04-01,5.1552
2000-04-02,5.0713
2000-04-03,5.0027
2000-04-04,5.1201
2000-04-05,5.1304
2000-04-06,5.2609
2000-04-07,5.5971
2000-04-08,6.0107
2000-04-09,5.6826
2000-04-10,5.3500
2000-04-11,5.5066
2000-04-12,5.5505
2000-04-13,5.4851
2000-04-14,5.5023
2000-04-15,5.8357
2000-04-16,5.9338
2000-04-17,5.5470
2000-04-18,5.5274
2000-04-19,5.1527
2000-04-20,4.9714
2000-04-21,5.0232
2000-04-22,5.1786
2000-04-23,5.5814
2000-04-24,5.7789
2000-04-25,5.8127
2000-04-26,5.7295
2000-04-27,5.8880
2000-04-28,5.8380
2000-04-29,5.8725
2000-04-30,6.1278
2000-05-01,6.2154
2000-05-02,6.5862
2000-05-03,6.9204
2000-05-04,6.8700
2000-05-05,6.8542
2000-05-06,7.3668
2000-05-07,7.8251
2000-05-08,8.0768
2000-05-09,8.1419
2000-05-10,7.7836
2000-05-11,7.7738
2000-05-12,7.9246
2000-05-13,7.8433
2000-05-14,7.8669
2000-05-15,7.8774
2000-05-16,7.9730
2000-05-17,8.1350
2000-05-18,7.9313
2000-05-19,7.9758
2000-05-20,7.7578
2000-05-21,7.8314
2000-05-22,7.8687
2000-05-23,7.8503
2000-05-24,8.1220
2000-05-25,8.4063
2000-05-26,8.7325
2000-05-27,9.0606
2000-05-28,9.1782
2000-05-29,9.0725
2000-05-30,9.3958
2000-05-31,9.4893
2000-06-01,10.0750
2000-06-02,10.2994
2000-06-03,10.3806
2000-06-04,10.2445
2000-06-05,10.3042
2000-06-06,9.8398
2000-06-07,9.5591
2000-06-08,9.7373
2000-06-09,10.1753
2000-06-10,10.6357
2000-06-11,10.7346
2000-06-12,10.3000
2000-06-13,10.2647
2000-06-14,10.8481
2000-06-15,11.3813
2000-06-16,11.6856
2000-06-17,12.1622
2000-06-18,12.0455
2000-06-19,12.1368
2000-06-20,12.3027
2000-06-21,12.4237
2000-06-22,12.4682
2000-06-23,12.5247
2000-06-24,12.6198
2000-06-25,12.9463
2000-06-26,13.3270
2000-06-27,13.5898
2000-06-28,13.8016
2000-06-29,13.0239
2000-06-30,13.2694
2000-07-01,13.7879
2000-07-02,14.2082
2000-07-03,14.5555
2000-07-04,14.8232
2000-07-05,14.9685
2000-07-06,14.8780
2000-07-07,14.3718
2000-07-08,14.2720
2000-07-09,14.5981
2000-07-10,14.9258
2000-07-11,14.8391
2000-07-12,14.8120
2000-07-13,14.8972
2000-07-14,15.0038
2000-07-15,14.8993
2000-07-16,14.7800
2000-07-17,15.0531
2000-07-18,15.1477
2000-07-19,15.3872
2000-07-20,15.3001
2000-07-21,15.2515
2000-07-22,15.2217
2000-07-23,15.1285
2000-07-24,15.2881
2000-07-25,15.5509
2000-07-26,15.3916
2000-07-27,14.8050
2000-07-28,14.8027
2000-07-29,14.9144
2000-07-30,15.7447
2000-07-31,15.4161
2000-08-01,15.6049
2000-08-02,15.7679
2000-08-03,15.8705
2000-08-04,15.7431
2000-08-05,15.7879
2000-08-06,15.8992
2000-08-07,16.1851
2000-08-08,16.5936
2000-08-09,16.7019
2000-08-10,16.5761
2000-08-11,16.3901
2000-08-12,16.2362
2000-08-13,16.0301
2000-08-14,16.5397
2000-08-15,16.5889
2000-08-16,16.3151
2000-08-17,16.2236
2000-08-18,16.1345
2000-08-19,16.2053
2000-08-20,16.1439
2000-08-21,16.0400
2000-08-22,16.1501
2000-08-23,16.1671
2000-08-24,15.9754
2000-08-25,16.0926
2000-08-26,16.3583
2000-08-27,16.6698
2000-08-28,16.5805
2000-08-29,16.6854
2000-08-30,16.8260
2000-08-31,16.8979
2000-09-01,16.6045
2000-09-02,16.4577
2000-09-03,15.8792
2000-09-04,15.6642
2000-09-05,15.6418
2000-09-06,15.5231
2000-09-07,15.5679
2000-09-08,15.6332
2000-09-09,16.1160
2000-09-10,16.1634
2000-09-11,15.7215
2000-09-12,15.8162
2000-09-13,15.7458
2000-09-14,15.6342
2000-09-15,15.3473
2000-09-16,15.2630
2000-09-17,14.8744
2000-09-18,14.9592
2000-09-19,15.0540
2000-09-20,15.2528
2000-09-21,14.8820
2000-09-22,14.4472
2000-09-23,14.2807
2000-09-24,14.0159
2000-09-25,13.8551
2000-09-26,13.7814
2000-09-27,13.8123
2000-09-28,13.5956
2000-09-29,13.1772
2000-09-30,13.1664
2000-10-01,13.3584
2000-10-02,13.3382
2000-10-03,13.5693
2000-10-04,13.5983
2000-10-05,13.5064
2000-10-06,13.1700
2000-10-07,12.9616
2000-10-08,12.9238
2000-10-09,12.8716
2000-10-10,12.4096
2000-10-11,12.6587
2000-10-12,12.9636
2000-10-13,12.9825
2000-10-14,12.7169
2000-10-15,12.4138
2000-10-16,11.9074
2000-10-17,11.8335
2000-10-18,11.8407
2000-10-19,12.1037
2000-10-20,12.1085
2000-10-21,11.9230
2000-10-22,11.8494
2000-10-23,11.8078
2000-10-24,11.8184
2000-10-25,12.0812
2000-10-26,12.1108
2000-10-27,11.9589
2000-10-28,11.7103
2000-10-29,11.4549
2000-10-30,11.3191
2000-10-31,11.1588
2000-11-01,11.0163
2000-11-02,10.8760
2000-11-03,10.9510
2000-11-04,10.9454
2000-11-05,10.8140
2000-11-06,10.6475
2000-11-07,10.5618
2000-11-08,10.5077
2000-11-09,10.4440
2000-11-10,10.3844
2000-11-11,10.4658
2000-11-12,10.4206
2000-11-13,10.3808
2000-11-14,10.6285
2000-11-15,10.7372
2000-11-16,10.6605
2000-11-17,10.4036
2000-11-18,10.2628
2000-11-19,10.0370
2000-11-20,9.9103
2000-11-21,9.8898
2000-11-22,9.7400
2000-11-23,9.4299
2000-11-24,9.1212
2000-11-25,8.9787
2000-11-26,8.9231
2000-11-27,8.8865
2000-11-28,8.9277
2000-11-29,8.8912
2000-11-30,8.8308
2000-12-01,8.7778
2000-12-02,8.6899
2000-12-03,8.6461
2000-12-04,8.6701
2000-12-05,8.6264
2000-12-06,8.4844
2000-12-07,8.3057
2000-12-08,8.0240
2000-12-09,7.7211
2000-12-10,7.6570
2000-12-11,7.8094
2000-12-12,7.9770
2000-12-13,7.9359
2000-12-14,7.8665
2000-12-15,7.8128
2000-12-16,7.7836
2000-12-17,7.8428
2000-12-18,7.8509
2000-12-19,7.7717
2000-12-20,7.5470
2000-12-21,7.5721
2000-12-22,7.5491
2000-12-23,7.4537
2000-12-24,7.4018
2000-12-25,7.3320
2000-12-26,7.1473
2000-12-27,7.0039
2000-12-28,6.7702
2000-12-29,6.7413
2000-12-30,6.6580
2000-12-31,6.4953
2001-01-01,6.3401
2001-01-02,6.2274
2001-01-03,6.1944
2001-01-04,6.0827
2001-01-05,5.9569
2001-01-06,5.7581
2001-01-07,5.7132
2001-01-08,5.6647
2001-01-09,5.6830
2001-01-10,5.5750
2001-01-11,5.5150
2001-01-12,5.5292
2001-01-13,5.5355
2001-01-14,5.6235
2001-01-15,5.5115
2001-01-16,5.7092
2001-01-17,5.7469
2001-01-18,5.7148
2001-01-19,5.7357
2001-01-20,5.6082
2001-01-21,5.6900
2001-01-22,5.8331
2001-01-23,5.8430
2001-01-24,5.8187
2001-01-25,5.7810
2001-01-26,5.7443
2001-01-27,5.6510
2001-01-28,5.2268
2001-01-29,5.1963
2001-01-30,5.1953
2001-01-31,5.0360
2001-02-01,5.0722
2001-02-02,5.1194
2001-02-03,4.8884
2001-02-04,4.6770
2001-02-05,4.6835
2001-02-06,4.7216
2001-02-07,4.7806
2001-02-08,4.7444
2001-02-09,4.9184
2001-02-10,5.1255
2001-02-11,4.8128
2001-02-12,4.5628
2001-02-13,4.3205
2001-02-14,4.0984
2001-02-15,4.2537
2001-02-16,4.3456
2001-02-17,4.2569
2001-02-18,3.7699
2001-02-19,3.5791
2001-02-20,3.8136
2001-02-21,3.9337
2001-02-22,3.9202
2001-02-23,3.8716
2001-02-24,4.0564
2001-02-25,4.0582
2001-02-26,3.9792
2001-02-27,3.9138
2001-02-28,3.8508
2001-03-01,3.5456
2001-03-02,3.1437
2001-03-03,3.0199
2001-03-04,2.8519
2001-03-05,2.7984
2001-03-06,2.8109
2001-03-07,3.3392
2001-03-08,3.4253
2001-03-09,3.3232
2001-03-10,2.9209
2001-03-11,3.2879
2001-03-12,3.4302
2001-03-13,3.5971
2001-03-14,3.6395
2001-03-15,3.5658
2001-03-16,3.5250
2001-03-17,3.6759
2001-03-18,3.5046
2001-03-19,3.4686
2001-03-20,3.4074
2001-03-21,3.3139
2001-03-22,3.5685
2001-03-23,3.6912
2001-03-24,3.9049
2001-03-25,3.9427
2001-03-26,3.8315
2001-03-27,3.5768
2001-03-28,3.6139
2001-03-29,3.7749
2001-03-30,3.7817
2001-03-31,3.7553
2001-04-01,3.7377
2001-04-02,3.6548
2001-04-03,3.6458
2001-04-04,3.4456
2001-04-05,3.4820
2001-04-06,3.5128
2001-04-07,3.2646
2001-04-08,3.2026
2001-04-09,3.4805
2001-04-10,3.4762
2001-04-11,3.6105
2001-04-12,3.7471
2001-04-13,3.6769
2001-04-14,3.4121
2001-04-15,3.4051
2001-04-16,3.5426
2001-04-17,3.8785
2001-04-18,3.8517
2001-04-19,3.8322
2001-04-20,4.1061
2001-04-21,4.4180
2001-04-22,4.5156
2001-04-23,4.4560
2001-04-24,4.7846
2001-04-25,5.0431
2001-04-26,5.1423
2001-04-27,4.8982
2001-04-28,4.9384
2001-04-29,5.1065
2001-04-30,5.1308
2001-05-01,5.5078
2001-05-02,6.3258
2001-05-03,6.5067
2001-05-04,6.6447
2001-05-05,6.4001
2001-05-06,6.1196
2001-05-07,6.2806
2001-05-08,6.5020
2001-05-09,6.6473
2001-05-10,6.7690
2001-05-11,7.1443
2001-05-12,7.2843
2001-05-13,7.3495
2001-05-14,7.1466
2001-05-15,6.7073
2001-05-16,6.5064
2001-05-17,6.6002
2001-05-18,6.6674
2001-05-19,7.1903
2001-05-20,7.2233
2001-05-21,7.2413
2001-05-22,7.3928
2001-05-23,7.5277
2001-05-24,7.6910
2001-05-25,7.9340
2001-05-26,8.0941
2001-05-27,8.1482
2001-05-28,8.4958
2001-05-29,8.5946
2001-05-30,8.6398
2001-05-31,8.1739
2001-06-01,8.1013
2001-06-02,8.1979
2001-06-03,8.8395
2001-06-04,8.9784
2001-06-05,9.1699
2001-06-06,9.3672
2001-06-07,9.9067
2001-06-08,10.2845
2001-06-09,10.2621
2001-06-10,10.6666
2001-06-11,11.1277
2001-06-12,11.2049
2001-06-13,11.5081
2001-06-14,11.6921
2001-06-15,11.9255
2001-06-16,12.3698
2001-06-17,12.6171
2001-06-18,12.6677
2001-06-19,12.7597
2001-06-20,12.7397
2001-06-21,12.7155
2001-06-22,12.7303
2001-06-23,12.9243
2001-06-24,13.2417
2001-06-25,13.8046
2001-06-26,14.1125
2001-06-27,14.4364
2001-06-28,14.5083
2001-06-29,14.3636
2001-06-30,14.3538
2001-07-01,13.2888
2001-07-02,13.0019
2001-07-03,13.0547
2001-07-04,13.2995
2001-07-05,13.6935
2001-07-06,14.0214
2001-07-07,14.0284
2001-07-08,14.0411
2001-07-09,14.1846
2001-07-10,14.1778
2001-07-11,13.9986
2001-07-12,13.9772
2001-07-13,13.9481
2001-07-14,14.3862
2001-07-15,14.9226
2001-07-16,15.0640
2001-07-17,15.1490
2001-07-18,14.7569
2001-07-19,14.8262
2001-07-20,15.0870
2001-07-21,15.2530
2001-07-22,15.3818
2001-07-23,15.3723
2001-07-24,15.3863
2001-07-25,15.1497
2001-07-26,14.2237
2001-07-27,14.1358
2001-07-28,14.3109
2001-07-29,14.6977
2001-07-30,14.8001
2001-07-31,14.8239
2001-08-01,15.2618
2001-08-02,15.5935
2001-08-03,15.7073
2001-08-04,15.9446
2001-08-05,16.1755
2001-08-06,16.3815
2001-08-07,16.6027
2001-08-08,16.6989
2001-08-09,16.8100
2001-08-10,16.8474
2001-08-11,16.8256
2001-08-12,16.9378
2001-08-13,17.2344
2001-08-14,17.0151
2001-08-15,16.6167
2001-08-16,16.5955
2001-08-17,16.5990
2001-08-18,16.6978
2001-08-19,16.8429
2001-08-20,16.8640
2001-08-21,16.8520
2001-08-22,16.7891
2001-08-23,16.1223
2001-08-24,15.9791
2001-08-25,15.8079
2001-08-26,15.4816
2001-08-27,15.3240
2001-08-28,15.8458
2001-08-29,15.9476
2001-08-30,15.8556
2001-08-31,15.8093
2001-09-01,15.2052
2001-09-02,15.0453
2001-09-03,14.9288
2001-09-04,14.9239
2001-09-05,14.9404
2001-09-06,14.8404
2001-09-07,14.9259
2001-09-08,15.0249
2001-09-09,15.1892
2001-09-10,15.3256
2001-09-11,15.1749
2001-09-12,15.0957
2001-09-13,14.9854
2001-09-14,14.6436
2001-09-15,14.3121
2001-09-16,14.2615
2001-09-17,14.5342
2001-09-18,14.7634
2001-09-19,14.6167
2001-09-20,14.4456
2001-09-21,14.3142
2001-09-22,14.3019
2001-09-23,14.1498
2001-09-24,14.3131
2001-09-25,14.3511
2001-09-26,14.0622
2001-09-27,13.9975
2001-09-28,13.9065
2001-09-29,13.5751
2001-09-30,13.4175
2001-10-01,13.3208
2001-10-02,13.3357
2001-10-03,13.2898
2001-10-04,13.5565
2001-10-05,13.6428
2001-10-06,13.1876
2001-10-07,12.7021
2001-10-08,12.2488
2001-10-09,12.1065
2001-10-10,12.0713
2001-10-11,12.2282
2001-10-12,12.0865
2001-10-13,12.1430
2001-10-14,12.2371
2001-10-15,12.2775
2001-10-16,12.2958
2001-10-17,12.0255
2001-10-18,11.5803
2001-10-19,11.5307
2001-10-20,11.7121
2001-10-21,11.7428
2001-10-22,11.7074
2001-10-23,11.6111
2001-10-24,11.6924
2001-10-25,11.6591
2001-10-26,11.6070
2001-10-27,11.3997
2001-10-28,11.1683
2001-10-29,11.2721
2001-10-30,11.0751
2001-10-31,10.8312
2001-11-01,10.7073
2001-11-02,10.6027
2001-11-03,10.6987
2001-11-04,10.7423
2001-11-05,10.5905
2001-11-06,10.2526
2001-11-07,10.2633
2001-11-08,10.3552
2001-11-09,10.2960
2001-11-10,10.0534
2001-11-11,9.9596
2001-11-12,9.5478
2001-11-13,9.5268
2001-11-14,9.6020
2001-11-15,9.6696
2001-11-16,9.6020
2001-11-17,9.3631
2001-11-18,9.3749
2001-11-19,9.6789
2001-11-20,9.8969
2001-11-21,9.7251
2001-11-22,9.4515
2001-11-23,9.3859
2001-11-24,9.4718
2001-11-25,9.5298
2001-11-26,9.4172
2001-11-27,9.1674
2001-11-28,9.0975
2001-11-29,8.9864
2001-11-30,8.9059
2001-12-01,8.8899
2001-12-02,9.3515
2001-12-03,9.3231
2001-12-04,9.2465
2001-12-05,9.2875
2001-12-06,9.2527
2001-12-07,9.0989
2001-12-08,9.1332
2001-12-09,8.9382
2001-12-10,8.6876
2001-12-11,8.6008
2001-12-12,8.5939
2001-12-13,8.5828
2001-12-14,8.4782
2001-12-15,8.4286
2001-12-16,8.3756
2001-12-17,8.3150
2001-12-18,8.1881
2001-12-19,7.9240
2001-12-20,7.8933
2001-12-21,7.8838
2001-12-22,7.9140
2001-12-23,7.9229
2001-12-24,7.8644
2001-12-25,7.7411
2001-12-26,7.6597
2001-12-27,7.5270
2001-12-28,7.5845
2001-12-29,7.5675
2001-12-30,7.5327
2001-12-31,7.5516
2002-01-01,7.6300
2002-01-02,7.6289
2002-01-03,7.5316
2002-01-04,7.3523
2002-01-05,7.3174
2002-01-06,7.1592
2002-01-07,6.9533
2002-01-08,6.8662
2002-01-09,6.8325
2002-01-10,6.7355
2002-01-11,6.6859
2002-01-12,6.6406
2002-01-13,6.5807
2002-01-14,6.4707
2002-01-15,6.4269
2002-01-16,6.4803
2002-01-17,6.7036
2002-01-18,6.8102
2002-01-19,6.6487
2002-01-20,6.4360
2002-01-21,6.4328
2002-01-22,6.5847
2002-01-23,6.5065
2002-01-24,6.4677
2002-01-25,6.5392
2002-01-26,6.6001
2002-01-27,6.6986
2002-01-28,6.5501
2002-01-29,6.0030
2002-01-30,5.8046
2002-01-31,5.5988
2002-02-01,6.1134
2002-02-02,6.2272
2002-02-03,6.1841
2002-02-04,5.9457
2002-02-05,5.4806
2002-02-06,5.4433
2002-02-07,5.4445
2002-02-08,5.4455
2002-02-09,5.4048
2002-02-10,5.3695
2002-02-11,5.2493
2002-02-12,5.0331
2002-02-13,4.9670
2002-02-14,4.7089
2002-02-15,4.6167
2002-02-16,4.5270
2002-02-17,4.4690
2002-02-18,4.3886
2002-02-19,4.4266
2002-02-20,4.4744
2002-02-21,4.4484
2002-02-22,4.3302
2002-02-23,4.2356
2002-02-24,4.1594
2002-02-25,4.1124
2002-02-26,4.1477
2002-02-27,4.0726
2002-02-28,4.2827
2002-03-01,4.2324
2002-03-02,4.2601
2002-03-03,4.2891
2002-03-04,4.3273
2002-03-05,4.3873
2002-03-06,4.3942
2002-03-07,4.1105
2002-03-08,3.8056
2002-03-09,3.8018
2002-03-10,3.9261
2002-03-11,3.9484
2002-03-12,4.0709
2002-03-13,4.4180
2002-03-14,4.6764
2002-03-15,4.3985
2002-03-16,4.3928
2002-03-17,4.4125
2002-03-18,4.2899
2002-03-19,4.2615
2002-03-20,4.2928
2002-03-21,4.2733
2002-03-22,4.2210
2002-03-23,4.5064
2002-03-24,4.5642
2002-03-25,4.4513
2002-03-26,4.1918
2002-03-27,4.4944
2002-03-28,4.6434
2002-03-29,4.7839
2002-03-30,4.7919
2002-03-31,4.8441
2002-04-01,4.5833
2002-04-02,4.5828
2002-04-03,4.5397
2002-04-04,4.5397
2002-04-05,4.7869
2002-04-06,4.6675
2002-04-07,4.6335
2002-04-08,4.7443
2002-04-09,5.2272
2002-04-10,5.5004
2002-04-11,5.4875
2002-04-12,5.3338
2002-04-13,5.3367
2002-04-14,5.5442
2002-04-15,5.6496
2002-04-16,5.9684
2002-04-17,6.1757
2002-04-18,6.0380
2002-04-19,5.9158
2002-04-20,6.4489
2002-04-21,6.4771
2002-04-22,6.4115
2002-04-23,6.1785
2002-04-24,6.2795
2002-04-25,6.5184
2002-04-26,6.3351
2002-04-27,6.2196
2002-04-28,6.1557
2002-04-29,5.9960
2002-04-30,6.0489
2002-05-01,6.1421
2002-05-02,6.2447
2002-05-03,6.3925
2002-05-04,6.5464
2002-05-05,6.7108
2002-05-06,6.7430
2002-05-07,6.8169
2002-05-08,7.0582
2002-05-09,7.1327
2002-05-10,7.6143
2002-05-11,7.6323
2002-05-12,7.6212
2002-05-13,7.6299
2002-05-14,7.7003
2002-05-15,7.6763
2002-05-16,7.6126
2002-05-17,7.6188
2002-05-18,7.6572
2002-05-19,7.7451
2002-05-20,7.9246
2002-05-21,7.9664
2002-05-22,8.1757
2002-05-23,8.2303
2002-05-24,8.2644
2002-05-25,8.2553
2002-05-26,8.1076
2002-05-27,8.2905
2002-05-28,8.5202
2002-05-29,8.7864
2002-05-30,8.9303
2002-05-31,9.0375
2002-06-01,9.4096
2002-06-02,9.2573
2002-06-03,9.0610
2002-06-04,9.1758
2002-06-05,9.2746
2002-06-06,9.3979
2002-06-07,9.3492
2002-06-08,9.5490
2002-06-09,9.6143
2002-06-10,9.7220
2002-06-11,9.8035
2002-06-12,9.6662
2002-06-13,9.6773
2002-06-14,9.8293
2002-06-15,9.7261
2002-06-16,9.7509
2002-06-17,10.3923
2002-06-18,11.2429
2002-06-19,11.5884
2002-06-20,11.7979
2002-06-21,11.9185
2002-06-22,11.9734
2002-06-23,12.1888
2002-06-24,12.2234
2002-06-25,12.2906
2002-06-26,12.3395
2002-06-27,12.9573
2002-06-28,13.4241
2002-06-29,13.5296
2002-06-30,13.5429
2002-07-01,13.6747
2002-07-02,13.9234
2002-07-03,14.3672
2002-07-04,14.8050
2002-07-05,14.9393
2002-07-06,14.9053
2002-07-07,15.0798
2002-07-08,15.4150
2002-07-09,15.5103
2002-07-10,14.5466
2002-07-11,14.3758
2002-07-12,14.3596
2002-07-13,14.4921
2002-07-14,14.8649
2002-07-15,15.0502
2002-07-16,14.8287
2002-07-17,14.7443
2002-07-18,14.8388
2002-07-19,15.0443
2002-07-20,14.9005
2002-07-21,14.9613
2002-07-22,15.0107
2002-07-23,14.9852
2002-07-24,14.9623
2002-07-25,14.8883
2002-07-26,14.7687
2002-07-27,14.7131
2002-07-28,15.3374
2002-07-29,16.0985
2002-07-30,16.2952
2002-07-31,16.7289
2002-08-01,16.6119
2002-08-02,16.3686
2002-08-03,16.4886
2002-08-04,16.8279
2002-08-05,17.1093
2002-08-06,16.6128
2002-08-07,16.6498
2002-08-08,16.7561
2002-08-09,16.8236
2002-08-10,16.9914
2002-08-11,17.3581
2002-08-12,17.7437
2002-08-13,17.9147
2002-08-14,18.0227
2002-08-15,17.8816
2002-08-16,17.7748
2002-08-17,17.7347
2002-08-18,17.7572
2002-08-19,17.7880
2002-08-20,17.7001
2002-08-21,17.7540
2002-08-22,17.5590
2002-08-23,17.2537
2002-08-24,16.8956
2002-08-25,16.8261
2002-08-26,16.8596
2002-08-27,16.8031
2002-08-28,16.7007
2002-08-29,16.6232
2002-08-30,16.3639
2002-08-31,16.2059
2002-09-01,15.9844
2002-09-02,15.9968
2002-09-03,16.4744
2002-09-04,16.5600
2002-09-05,16.3411
2002-09-06,16.1750
2002-09-07,16.3725
2002-09-08,16.3320
2002-09-09,16.3904
2002-09-10,16.4251
2002-09-11,15.4836
2002-09-12,14.4777
2002-09-13,14.4999
2002-09-14,14.5418
2002-09-15,14.7849
2002-09-16,14.7181
2002-09-17,14.7365
2002-09-18,14.7428
2002-09-19,14.6464
2002-09-20,14.4525
2002-09-21,14.7847
2002-09-22,15.1484
2002-09-23,15.2790
2002-09-24,15.3081
2002-09-25,15.2053
2002-09-26,15.2546
2002-09-27,15.0256
2002-09-28,14.6097
2002-09-29,14.3953
2002-09-30,14.2822
2002-10-01,14.5643
2002-10-02,14.8724
2002-10-03,14.3911
2002-10-04,14.0365
2002-10-05,14.1214
2002-10-06,14.0851
2002-10-07,14.0124
2002-10-08,13.8807
2002-10-09,13.7113
2002-10-10,13.5967
2002-10-11,13.5356
2002-10-12,13.4913
2002-10-13,13.4681
2002-10-14,13.3836
2002-10-15,13.1798
2002-10-16,13.0150
2002-10-17,12.7971
2002-10-18,12.7146
2002-10-19,12.6725
2002-10-20,12.5081
2002-10-21,12.3686
2002-10-22,12.3211
2002-10-23,12.1738
2002-10-24,11.9578
2002-10-25,11.9476
2002-10-26,11.8347
2002-10-27,11.6740
2002-10-28,11.5004
2002-10-29,11.2639
2002-10-30,11.3520
2002-10-31,11.4191
2002-11-01,11.3458
2002-11-02,11.1544
2002-11-03,10.8577
2002-11-04,10.6727
2002-11-05,10.6030
2002-11-06,10.3460
2002-11-07,10.1623
2002-11-08,10.1738
2002-11-09,10.1904
2002-11-10,10.2061
2002-11-11,10.1926
2002-11-12,10.1227
2002-11-13,10.1431
2002-11-14,10.1103
2002-11-15,10.0843
2002-11-16,10.0446
2002-11-17,10.1128
2002-11-18,10.0172
2002-11-19,10.0587
2002-11-20,10.0920
2002-11-21,10.0608
2002-11-22,10.0274
2002-11-23,10.0407
2002-11-24,9.9843
2002-11-25,9.9166
2002-11-26,9.7527
2002-11-27,9.5335
2002-11-28,9.4959
2002-11-29,9.4033
2002-11-30,8.9910
2002-12-01,8.8368
2002-12-02,8.7666
2002-12-03,8.7141
2002-12-04,8.6534
2002-12-05,8.5187
2002-12-06,8.3876
2002-12-07,8.5700
2002-12-08,8.5830
2002-12-09,8.4346
2002-12-10,8.1251
2002-12-11,8.0685
2002-12-12,8.0085
2002-12-13,7.9866
2002-12-14,7.8975
2002-12-15,7.7282
2002-12-16,7.8101
2002-12-17,7.9604
2002-12-18,7.9951
2002-12-19,7.9977
2002-12-20,7.8219
2002-12-21,7.6907
2002-12-22,7.7212
2002-12-23,7.7958
2002-12-24,7.7075
2002-12-25,7.5821
2002-12-26,7.4949
2002-12-27,7.5250
2002-12-28,7.3975
2002-12-29,7.3124
2002-12-30,7.3036
2002-12-31,7.0881
2003-01-01,6.7916
2003-01-02,6.7162
2003-01-03,6.6312
2003-01-04,6.5253
2003-01-05,5.9840
2003-01-06,5.8637
2003-01-07,5.9248
2003-01-08,6.0897
2003-01-09,6.1640
2003-01-10,6.1040
2003-01-11,5.9472
2003-01-12,5.7914
2003-01-13,5.7682
2003-01-14,5.6822
2003-01-15,5.3862
2003-01-16,5.2865
2003-01-17,5.1320
2003-01-18,5.0453
2003-01-19,5.0242
2003-01-20,5.0678
2003-01-21,5.1480
2003-01-22,5.2200
2003-01-23,4.8014
2003-01-24,4.7033
2003-01-25,4.6404
2003-01-26,4.2975
2003-01-27,4.0959
2003-01-28,3.9292
2003-01-29,3.8360
2003-01-30,3.7409
2003-01-31,3.5851
2003-02-01,3.5039
2003-02-02,3.9978
2003-02-03,4.1029
2003-02-04,4.0192
2003-02-05,4.1450
2003-02-06,4.1596
2003-02-07,3.9981
2003-02-08,3.8761
2003-02-09,3.9371
2003-02-10,3.9482
2003-02-11,3.9031
2003-02-12,3.8632
2003-02-13,3.9339
2003-02-14,3.9338
2003-02-15,3.8017
2003-02-16,3.7729
2003-02-17,3.6158
2003-02-18,3.4820
2003-02-19,3.9012
2003-02-20,4.0841
2003-02-21,4.2064
2003-02-22,4.1636
2003-02-23,3.8251
2003-02-24,3.8182
2003-02-25,3.8488
2003-02-26,3.9553
2003-02-27,4.0170
2003-02-28,3.9768
2003-03-01,3.9817
2003-03-02,3.8733
2003-03-03,3.8983
2003-03-04,3.8285
2003-03-05,3.7238
2003-03-06,3.4833
2003-03-07,3.6253
2003-03-08,3.6134
2003-03-09,3.4697
2003-03-10,3.0963
2003-03-11,3.0061
2003-03-12,2.9294
2003-03-13,2.9209
2003-03-14,2.9074
2003-03-15,2.9182
2003-03-16,2.8663
2003-03-17,2.8866
2003-03-18,3.0732
2003-03-19,3.0991
2003-03-20,3.0379
2003-03-21,3.0768
2003-03-22,3.5581
2003-03-23,3.6428
2003-03-24,3.7747
2003-03-25,3.9850
2003-03-26,4.0755
2003-03-27,4.1987
2003-03-28,4.3815
2003-03-29,4.3639
2003-03-30,4.1748
2003-03-31,3.5084
2003-04-01,3.4658
2003-04-02,3.4711
2003-04-03,3.5236
2003-04-04,3.4792
2003-04-05,3.3960
2003-04-06,3.1683
2003-04-07,3.0448
2003-04-08,2.9898
2003-04-09,3.2952
2003-04-10,3.4112
2003-04-11,3.4045
2003-04-12,3.4900
2003-04-13,3.6473
2003-04-14,3.7979
2003-04-15,3.7488
2003-04-16,3.4766
2003-04-17,3.4989
2003-04-18,3.5053
2003-04-19,3.9508
2003-04-20,4.1379
2003-04-21,4.1973
2003-04-22,4.1997
2003-04-23,4.1072
2003-04-24,4.0417
2003-04-25,4.1419
2003-04-26,4.1277
2003-04-27,4.4603
2003-04-28,4.9517
2003-04-29,4.9354
2003-04-30,5.1274
2003-05-01,5.1683
2003-05-02,5.0684
2003-05-03,4.9754
2003-05-04,5.7842
2003-05-05,6.4107
2003-05-06,6.4697
2003-05-07,6.3599
2003-05-08,6.4855
2003-05-09,6.5030
2003-05-10,6.6158
2003-05-11,6.8596
2003-05-12,6.7709
2003-05-13,6.5712
2003-05-14,6.6904
2003-05-15,6.8575
2003-05-16,6.6473
2003-05-17,6.8536
2003-05-18,7.1559
2003-05-19,7.3822
2003-05-20,7.6055
2003-05-21,7.5621
2003-05-22,7.4802
2003-05-23,7.3551
2003-05-24,7.1733
2003-05-25,7.0873
2003-05-26,7.1032
2003-05-27,7.0798
2003-05-28,7.2917
2003-05-29,7.3853
2003-05-30,7.6774
2003-05-31,8.1779
2003-06-01,7.4845
2003-06-02,7.2912
2003-06-03,7.5545
2003-06-04,7.7958
2003-06-05,8.1329
2003-06-06,8.1888
2003-06-07,8.3337
2003-06-08,8.7456
2003-06-09,9.0218
2003-06-10,9.5518
2003-06-11,9.7233
2003-06-12,9.7902
2003-06-13,9.8448
2003-06-14,9.5816
2003-06-15,9.2564
2003-06-16,9.2589
2003-06-17,9.3912
2003-06-18,9.4623
2003-06-19,10.2210
2003-06-20,10.3317
2003-06-21,10.5614
2003-06-22,10.7808
2003-06-23,11.0396
2003-06-24,11.4002
2003-06-25,11.6847
2003-06-26,12.1482
2003-06-27,12.6292
2003-06-28,12.8610
2003-06-29,13.2296
2003-06-30,13.2570
2003-07-01,13.5012
2003-07-02,13.6501
2003-07-03,13.5315
2003-07-04,13.5321
2003-07-05,13.9048
2003-07-06,14.2227
2003-07-07,14.2780
2003-07-08,14.1431
2003-07-09,14.0526
2003-07-10,14.1124
2003-07-11,13.8402
2003-07-12,13.7459
2003-07-13,13.9178
2003-07-14,13.9661
2003-07-15,13.9711
2003-07-16,13.8839
2003-07-17,13.9751
2003-07-18,14.1296
2003-07-19,14.4913
2003-07-20,14.6352
2003-07-21,14.5274
2003-07-22,14.1714
2003-07-23,14.3401
2003-07-24,14.5569
2003-07-25,14.6216
2003-07-26,14.7156
2003-07-27,14.8595
2003-07-28,14.7246
2003-07-29,14.9938
2003-07-30,15.2779
2003-07-31,15.2937
2003-08-01,15.3983
2003-08-02,15.4109
2003-08-03,15.7556
2003-08-04,15.9853
2003-08-05,15.8638
2003-08-06,15.7602
2003-08-07,15.8954
2003-08-08,16.1827
2003-08-09,16.5867
2003-08-10,16.6848
2003-08-11,16.5709
2003-08-12,16.6607
2003-08-13,16.8372
2003-08-14,16.6707
2003-08-15,16.7100
2003-08-16,16.8043
2003-08-17,16.8921
2003-08-18,16.1628
2003-08-19,16.1404
2003-08-20,16.5220
2003-08-21,17.0984
2003-08-22,17.1034
2003-08-23,16.1436
2003-08-24,15.6077
2003-08-25,15.4609
2003-08-26,15.5724
2003-08-27,15.4808
2003-08-28,15.4248
2003-08-29,15.3916
2003-08-30,15.2640
2003-08-31,14.8142
2003-09-01,14.7432
2003-09-02,14.6514
2003-09-03,14.6625
2003-09-04,14.6771
2003-09-05,14.9136
2003-09-06,15.0394
2003-09-07,14.9726
2003-09-08,14.8094
2003-09-09,14.7387
2003-09-10,14.6154
2003-09-11,14.6004
2003-09-12,14.6571
2003-09-13,14.7316
2003-09-14,15.0032
2003-09-15,15.2929
2003-09-16,15.3580
2003-09-17,15.4124
2003-09-18,15.4713
2003-09-19,15.3757
2003-09-20,15.2346
2003-09-21,15.2857
2003-09-22,15.4256
2003-09-23,15.1727
2003-09-24,15.1362
2003-09-25,15.2553
2003-09-26,15.2985
2003-09-27,15.3898
2003-09-28,15.4385
2003-09-29,15.1213
2003-09-30,14.8780
2003-10-01,14.7200
2003-10-02,14.3989
2003-10-03,13.9512
2003-10-04,13.7878
2003-10-05,13.2095
2003-10-06,13.0245
2003-10-07,12.9794
2003-10-08,13.0464
2003-10-09,13.1193
2003-10-10,12.8755
2003-10-11,13.0877
2003-10-12,12.9948
2003-10-13,12.5433
2003-10-14,12.5002
2003-10-15,12.0937
2003-10-16,11.5286
2003-10-17,11.3961
2003-10-18,11.3944
2003-10-19,11.2399
2003-10-20,11.1535
2003-10-21,11.2058
2003-10-22,11.3021
2003-10-23,11.1948
2003-10-24,10.7248
2003-10-25,10.6686
2003-10-26,10.7032
2003-10-27,10.7658
2003-10-28,10.8560
2003-10-29,10.8162
2003-10-30,10.8686
2003-10-31,11.0116
2003-11-01,11.0266
2003-11-02,10.9719
2003-11-03,10.9202
2003-11-04,10.8886
2003-11-05,10.8309
2003-11-06,10.7414
2003-11-07,10.6231
2003-11-08,10.4079
2003-11-09,10.0416
2003-11-10,9.8860
2003-11-11,9.8403
2003-11-12,9.8876
2003-11-13,9.8538
2003-11-14,9.5851
2003-11-15,9.3935
2003-11-16,9.2902
2003-11-17,9.3104
2003-11-18,9.3146
2003-11-19,9.3169
2003-11-20,9.4117
2003-11-21,9.6982
2003-11-22,9.7094
2003-11-23,9.6222
2003-11-24,9.4596
2003-11-25,9.2493
2003-11-26,9.0137
2003-11-27,8.9729
2003-11-28,8.9421
2003-11-29,8.8626
2003-11-30,8.6722
2003-12-01,8.5913
2003-12-02,8.3795
2003-12-03,8.1474
2003-12-04,7.9245
2003-12-05,7.7502
2003-12-06,7.6343
2003-12-07,7.6053
2003-12-08,7.6509
2003-12-09,7.7403
2003-12-10,7.6515
2003-12-11,7.7571
2003-12-12,7.9195
2003-12-13,7.6769
2003-12-14,7.4686
2003-12-15,7.3789
2003-12-16,7.4237
2003-12-17,7.2329
2003-12-18,6.9730
2003-12-19,6.7406
2003-12-20,6.5896
2003-12-21,6.4855
2003-12-22,6.4138
2003-12-23,6.3849
2003-12-24,6.3719
2003-12-25,6.4984
2003-12-26,6.6249
2003-12-27,6.5501
2003-12-28,6.4841
2003-12-29,6.5066
2003-12-30,6.5986
2003-12-31,6.5999
2004-01-01,6.4878
2004-01-02,6.1243
2004-01-03,5.9453
2004-01-04,5.9516
2004-01-05,5.8199
2004-01-06,5.7612
2004-01-07,5.7768
2004-01-08,5.7692
2004-01-09,5.6669
2004-01-10,5.5240
2004-01-11,5.3290
2004-01-12,5.2045
2004-01-13,5.2069
2004-01-14,5.2910
2004-01-15,5.1601
2004-01-16,5.3819
2004-01-17,5.4988
2004-01-18,5.4527
2004-01-19,5.2765
2004-01-20,5.3465
2004-01-21,5.3098
2004-01-22,5.0776
2004-01-23,4.7913
2004-01-24,4.6812
2004-01-25,4.5232
2004-01-26,4.7069
2004-01-27,4.8423
2004-01-28,4.6572
2004-01-29,4.3990
2004-01-30,4.4116
2004-01-31,4.3236
2004-02-01,4.4495
2004-02-02,4.4980
2004-02-03,4.5927
2004-02-04,4.6264
2004-02-05,4.5905
2004-02-06,4.1971
2004-02-07,3.7896
2004-02-08,4.0323
2004-02-09,4.1100
2004-02-10,4.1377
2004-02-11,4.1990
2004-02-12,4.0671
2004-02-13,4.0044
2004-02-14,4.0317
2004-02-15,3.8229
2004-02-16,3.5607
2004-02-17,3.3933
2004-02-18,3.2526
2004-02-19,3.6436
2004-02-20,3.6765
2004-02-21,3.4959
2004-02-22,2.9787
2004-02-23,3.0622
2004-02-24,3.1986
2004-02-25,2.9545
2004-02-26,2.8108
2004-02-27,2.8093
2004-02-28,2.8319
2004-02-29,2.8115
2004-03-01,2.7667
2004-03-02,2.8518
2004-03-03,3.0253
2004-03-04,2.8843
2004-03-05,2.6143
2004-03-06,2.8240
2004-03-07,2.8125
2004-03-08,2.6650
2004-03-09,2.4753
2004-03-10,2.4540
2004-03-11,2.4902
2004-03-12,2.4562
2004-03-13,2.5327
2004-03-14,2.5112
2004-03-15,2.4620
2004-03-16,2.4508
2004-03-17,2.4250
2004-03-18,2.3001
2004-03-19,2.2727
2004-03-20,2.3241
2004-03-21,2.2192
2004-03-22,1.9748
2004-03-23,1.9749
2004-03-24,2.0964
2004-03-25,2.0393
2004-03-26,1.9704
2004-03-27,1.6722
2004-03-28,2.2291
2004-03-29,2.6062
2004-03-30,2.5375
2004-03-31,2.2495
2004-04-01,2.2741
2004-04-02,2.8803
2004-04-03,2.9906
2004-04-04,2.8382
2004-04-05,2.4529
2004-04-06,2.3345
2004-04-07,2.4920
2004-04-08,2.6588
2004-04-09,2.9281
2004-04-10,2.9555
2004-04-11,3.0278
2004-04-12,3.0437
2004-04-13,3.0790
2004-04-14,2.9562
2004-04-15,2.8724
2004-04-16,3.3064
2004-04-17,3.4919
2004-04-18,3.6871
2004-04-19,4.0438
2004-04-20,4.1144
2004-04-21,4.2979
2004-04-22,4.3721
2004-04-23,4.3259
2004-04-24,4.3973
2004-04-25,4.4087
2004-04-26,4.3400
2004-04-27,4.3121
2004-04-28,4.4494
2004-04-29,4.5251
2004-04-30,4.9843
2004-05-01,5.6910
2004-05-02,5.7149
2004-05-03,5.5923
2004-05-04,5.1163
2004-05-05,5.0001
2004-05-06,4.8522
2004-05-07,5.3709
2004-05-08,5.2235
2004-05-09,5.1425
2004-05-10,5.3206
2004-05-11,6.2108
2004-05-12,6.6174
2004-05-13,6.3840
2004-05-14,6.1256
2004-05-15,6.1853
2004-05-16,6.9709
2004-05-17,6.7579
2004-05-18,6.2666
2004-05-19,6.7481
2004-05-20,7.0703
2004-05-21,7.0578
2004-05-22,6.6956
2004-05-23,6.6899
2004-05-24,6.8878
2004-05-25,6.9263
2004-05-26,7.1323
2004-05-27,7.2646
2004-05-28,7.3218
2004-05-29,7.2459
2004-05-30,7.3494
2004-05-31,7.4137
2004-06-01,7.4077
2004-06-02,7.3039
2004-06-03,7.6782
2004-06-04,7.8975
2004-06-05,7.9245
2004-06-06,8.2988
2004-06-07,8.6747
2004-06-08,8.6588
2004-06-09,9.0214
2004-06-10,9.1040
2004-06-11,9.0723
2004-06-12,9.3038
2004-06-13,9.6391
2004-06-14,9.6312
2004-06-15,10.0831
2004-06-16,10.4467
2004-06-17,10.4929
2004-06-18,10.3576
2004-06-19,10.4542
2004-06-20,10.3824
2004-06-21,10.5940
2004-06-22,10.9759
2004-06-23,11.0126
2004-06-24,10.5441
2004-06-25,10.5901
2004-06-26,11.0689
2004-06-27,11.5699
2004-06-28,11.6554
2004-06-29,11.8021
2004-06-30,11.8189
2004-07-01,11.9914
2004-07-02,12.0200
2004-07-03,12.1105
2004-07-04,12.4305
2004-07-05,12.3805
2004-07-06,12.4055
2004-07-07,12.4169
2004-07-08,12.5434
2004-07-09,12.5812
2004-07-10,12.4860
2004-07-11,12.5492
2004-07-12,12.8753
2004-07-13,13.2797
2004-07-14,12.7398
2004-07-15,12.5579
2004-07-16,12.8514
2004-07-17,13.3587
2004-07-18,13.8782
2004-07-19,14.1587
2004-07-20,14.5032
2004-07-21,14.6111
2004-07-22,14.5637
2004-07-23,14.6278
2004-07-24,14.6324
2004-07-25,14.1790
2004-07-26,13.9916
2004-07-27,14.1199
2004-07-28,14.1374
2004-07-29,14.1981
2004-07-30,14.2477
2004-07-31,14.3300
2004-08-01,14.4857
2004-08-02,14.5651
2004-08-03,14.5760
2004-08-04,14.5111
2004-08-05,14.4980
2004-08-06,14.3323
2004-08-07,14.1967
2004-08-08,14.3142
2004-08-09,14.5825
2004-08-10,14.7122
2004-08-11,14.9753
2004-08-12,15.1861
2004-08-13,15.2857
2004-08-14,15.3605
2004-08-15,15.4516
2004-08-16,15.1762
2004-08-17,15.0030
2004-08-18,14.9554
2004-08-19,15.2101
2004-08-20,15.2725
2004-08-21,15.6772
2004-08-22,15.0094
2004-08-23,14.8245
2004-08-24,14.7069
2004-08-25,14.7581
2004-08-26,14.9119
2004-08-27,15.2161
2004-08-28,15.5835
2004-08-29,15.6804
2004-08-30,15.7227
2004-08-31,15.2881
2004-09-01,14.9232
2004-09-02,14.7476
2004-09-03,14.5419
2004-09-04,14.5599
2004-09-05,14.1307
2004-09-06,14.2319
2004-09-07,14.9266
2004-09-08,15.0755
2004-09-09,15.0198
2004-09-10,14.8419
2004-09-11,14.8241
2004-09-12,14.6444
2004-09-13,14.5804
2004-09-14,14.6132
2004-09-15,14.6085
2004-09-16,14.8801
2004-09-17,15.1111
2004-09-18,14.7162
2004-09-19,13.2727
2004-09-20,13.0984
2004-09-21,13.1638
2004-09-22,13.3394
2004-09-23,13.4394
2004-09-24,13.5436
2004-09-25,13.4098
2004-09-26,13.2543
2004-09-27,13.1945
2004-09-28,13.2601
2004-09-29,12.7444
2004-09-30,12.4449
2004-10-01,12.4830
2004-10-02,12.5886
2004-10-03,12.3593
2004-10-04,11.9852
2004-10-05,12.3743
2004-10-06,12.3885
2004-10-07,12.5306
2004-10-08,12.5376
2004-10-09,12.5242
2004-10-10,12.4895
2004-10-11,12.2825
2004-10-12,11.5057
2004-10-13,11.4399
2004-10-14,11.4592
2004-10-15,11.6359
2004-10-16,11.7403
2004-10-17,11.5020
2004-10-18,11.2784
2004-10-19,11.1689
2004-10-20,11.0401
2004-10-21,10.9525
2004-10-22,10.9790
2004-10-23,10.8774
2004-10-24,10.7759
2004-10-25,10.7474
2004-10-26,10.6276
2004-10-27,10.6680
2004-10-28,10.7223
2004-10-29,10.6240
2004-10-30,10.4827
2004-10-31,10.4839
2004-11-01,10.3564
2004-11-02,10.3115
2004-11-03,10.1320
2004-11-04,10.0248
2004-11-05,9.7460
2004-11-06,9.4730
2004-11-07,9.5015
2004-11-08,9.4364
2004-11-09,9.2737
2004-11-10,9.1014
2004-11-11,9.1462
2004-11-12,9.2072
2004-11-13,9.1658
2004-11-14,8.9406
2004-11-15,8.8724
2004-11-16,8.7178
2004-11-17,8.6125
2004-11-18,8.5357
2004-11-19,8.5453
2004-11-20,8.4944
2004-11-21,8.4282
2004-11-22,8.4365
2004-11-23,8.4481
2004-11-24,8.4487
2004-11-25,8.2983
2004-11-26,8.2315
2004-11-27,8.0869
2004-11-28,8.1016
2004-11-29,8.2044
2004-11-30,8.0627
2004-12-01,7.8046
2004-12-02,8.0477
2004-12-03,8.0439
2004-12-04,7.9522
2004-12-05,7.9545
2004-12-06,7.9373
2004-12-07,7.7060
2004-12-08,7.4476
2004-12-09,7.7176
2004-12-10,7.6864
2004-12-11,7.5013
2004-12-12,7.4539
2004-12-13,7.3401
2004-12-14,7.2766
2004-12-15,7.3480
2004-12-16,7.3360
2004-12-17,7.2429
2004-12-18,7.1493
2004-12-19,7.0907
2004-12-20,6.9502
2004-12-21,6.8299
2004-12-22,6.7608
2004-12-23,6.6677
2004-12-24,6.7016
2004-12-25,6.7323
2004-12-26,6.6729
2004-12-27,6.4931
2004-12-28,6.3905
2004-12-29,6.0877
2004-12-30,5.9865
2004-12-31,6.0012
2005-01-01,6.0621
2005-01-02,6.3183
2005-01-03,6.2595
2005-01-04,6.0085
2005-01-05,5.9081
2005-01-06,5.9956
2005-01-07,5.9394
2005-01-08,5.6861
2005-01-09,5.5433
2005-01-10,5.5312
2005-01-11,5.5018
2005-01-12,5.4560
2005-01-13,4.9443
2005-01-14,4.9539
2005-01-15,4.9445
2005-01-16,4.8552
2005-01-17,4.7306
2005-01-18,4.6281
2005-01-19,4.5690
2005-01-20,4.5895
2005-01-21,4.4883
2005-01-22,4.3208
2005-01-23,4.4872
2005-01-24,4.6022
2005-01-25,4.5915
2005-01-26,4.4235
2005-01-27,4.2204
2005-01-28,4.4343
2005-01-29,4.3991
2005-01-30,4.2290
2005-01-31,4.2176
2005-02-01,4.0580
2005-02-02,3.8766
2005-02-03,3.7333
2005-02-04,3.3160
2005-02-05,3.6200
2005-02-06,3.7463
2005-02-07,3.4766
2005-02-08,3.1660
2005-02-09,3.2944
2005-02-10,3.3525
2005-02-11,3.3978
2005-02-12,3.3618
2005-02-13,3.2921
2005-02-14,3.3391
2005-02-15,3.2979
2005-02-16,3.0492
2005-02-17,3.2241
2005-02-18,3.1526
2005-02-19,3.1648
2005-02-20,3.2440
2005-02-21,3.1881
2005-02-22,3.1741
2005-02-23,3.2326
2005-02-24,3.1613
2005-02-25,2.9613
2005-02-26,3.2226
2005-02-27,3.4457
2005-02-28,3.3435
2005-03-01,2.7130
2005-03-02,2.6195
2005-03-03,2.8828
2005-03-04,2.9201
2005-03-05,2.9602
2005-03-06,2.9372
2005-03-07,2.8862
2005-03-08,2.8223
2005-03-09,2.8214
2005-03-10,2.7185
2005-03-11,2.6774
2005-03-12,2.7181
2005-03-13,2.8019
2005-03-14,2.8698
2005-03-15,2.9419
2005-03-16,3.0338
2005-03-17,3.0119
2005-03-18,2.9132
2005-03-19,2.9675
2005-03-20,3.0961
2005-03-21,3.1259
2005-03-22,3.3371
2005-03-23,3.3170
2005-03-24,3.2312
2005-03-25,3.4057
2005-03-26,3.5255
2005-03-27,3.5334
2005-03-28,3.4999
2005-03-29,3.4311
2005-03-30,3.4841
2005-03-31,3.4482
2005-04-01,3.2426
2005-04-02,3.2129
2005-04-03,3.3090
2005-04-04,3.5777
2005-04-05,3.8064
2005-04-06,4.0242
2005-04-07,4.1547
2005-04-08,4.2809
2005-04-09,4.4997
2005-04-10,4.8192
2005-04-11,4.6239
2005-04-12,4.1261
2005-04-13,3.8430
2005-04-14,3.9343
2005-04-15,3.9582
2005-04-16,4.1302
2005-04-17,4.6400
2005-04-18,4.8648
2005-04-19,5.3854
2005-04-20,5.3180
2005-04-21,5.2152
2005-04-22,5.3164
2005-04-23,5.4854
2005-04-24,5.9644
2005-04-25,5.6924
2005-04-26,5.6429
2005-04-27,5.6063
2005-04-28,5.0447
2005-04-29,5.0166
2005-04-30,5.1112
2005-05-01,5.2841
2005-05-02,5.2630
2005-05-03,5.4796
2005-05-04,6.0789
2005-05-05,6.4790
2005-05-06,6.5889
2005-05-07,6.2733
2005-05-08,5.5639
2005-05-09,5.5609
2005-05-10,5.9716
2005-05-11,5.8411
2005-05-12,5.6712
2005-05-13,5.8036
2005-05-14,5.8773
2005-05-15,6.0028
2005-05-16,5.6945
2005-05-17,5.7078
2005-05-18,6.2496
2005-05-19,7.2767
2005-05-20,7.6242
2005-05-21,7.6334
2005-05-22,7.1910
2005-05-23,6.2832
2005-05-24,6.2062
2005-05-25,6.1954
2005-05-26,6.5313
2005-05-27,6.9585
2005-05-28,7.0284
2005-05-29,7.0692
2005-05-30,7.5884
2005-05-31,7.8401
2005-06-01,7.3293
2005-06-02,7.1887
2005-06-03,7.4493
2005-06-04,8.2538
2005-06-05,8.8939
2005-06-06,8.8403
2005-06-07,9.2092
2005-06-08,9.5375
2005-06-09,9.7511
2005-06-10,10.2090
2005-06-11,10.6284
2005-06-12,11.0142
2005-06-13,11.1217
2005-06-14,10.2406
2005-06-15,9.8566
2005-06-16,9.9252
2005-06-17,9.8214
2005-06-18,9.6611
2005-06-19,9.3532
2005-06-20,9.5598
2005-06-21,9.9289
2005-06-22,10.0970
2005-06-23,9.9905
2005-06-24,9.8392
2005-06-25,10.5885
2005-06-26,11.8621
2005-06-27,12.1160
2005-06-28,11.8414
2005-06-29,11.3426
2005-06-30,11.5883
2005-07-01,11.2847
2005-07-02,12.1197
2005-07-03,12.2819
2005-07-04,12.6502
2005-07-05,12.7203
2005-07-06,12.4635
2005-07-07,11.8156
2005-07-08,11.9416
2005-07-09,12.3001
2005-07-10,12.4675
2005-07-11,12.5589
2005-07-12,12.5790
2005-07-13,12.6590
2005-07-14,13.2559
2005-07-15,13.6669
2005-07-16,13.8613
2005-07-17,14.3044
2005-07-18,14.4538
2005-07-19,15.3522
2005-07-20,15.6412
2005-07-21,15.5471
2005-07-22,15.2283
2005-07-23,14.9589
2005-07-24,14.7138
2005-07-25,14.7022
2005-07-26,14.7456
2005-07-27,15.1436
2005-07-28,14.8384
2005-07-29,14.5794
2005-07-30,14.8419
2005-07-31,15.3098
2005-08-01,15.5331
2005-08-02,15.7986
2005-08-03,15.6999
2005-08-04,15.5362
2005-08-05,15.4578
2005-08-06,15.5769
2005-08-07,15.6827
2005-08-08,15.8144
2005-08-09,15.9489
2005-08-10,15.9789
2005-08-11,16.0960
2005-08-12,16.1353
2005-08-13,16.2704
2005-08-14,16.3003
2005-08-15,15.4499
2005-08-16,15.2360
2005-08-17,15.3339
2005-08-18,15.3472
2005-08-19,15.4533
2005-08-20,15.4314
2005-08-21,15.4242
2005-08-22,15.4005
2005-08-23,15.0831
2005-08-24,15.0722
2005-08-25,14.8550
2005-08-26,14.8986
2005-08-27,15.1761
2005-08-28,15.2801
2005-08-29,15.4113
2005-08-30,15.6427
2005-08-31,15.5892
2005-09-01,15.5159
2005-09-02,15.4953
2005-09-03,15.6279
2005-09-04,15.7599
2005-09-05,15.6932
2005-09-06,15.9677
2005-09-07,15.9765
2005-09-08,16.0672
2005-09-09,15.7275
2005-09-10,15.1684
2005-09-11,15.0024
2005-09-12,14.8667
2005-09-13,14.8662
2005-09-14,15.1787
2005-09-15,15.4181
2005-09-16,15.3354
2005-09-17,14.4625
2005-09-18,14.0642
2005-09-19,14.5422
2005-09-20,14.7495
2005-09-21,14.8624
2005-09-22,14.8840
2005-09-23,14.8045
2005-09-24,14.4684
2005-09-25,14.1292
2005-09-26,13.8924
2005-09-27,13.6748
2005-09-28,13.8021
2005-09-29,13.7684
2005-09-30,13.5703
2005-10-01,13.5054
2005-10-02,13.7081
2005-10-03,13.8010
2005-10-04,14.1011
2005-10-05,14.4030
2005-10-06,14.7384
2005-10-07,15.2829
2005-10-08,15.1893
2005-10-09,14.6747
2005-10-10,14.3661
2005-10-11,14.0688
2005-10-12,13.5855
2005-10-13,13.4055
2005-10-14,13.3946
2005-10-15,12.8709
2005-10-16,12.6621
2005-10-17,12.5170
2005-10-18,12.3355
2005-10-19,12.3271
2005-10-20,12.0976
2005-10-21,11.8667
2005-10-22,11.8564
2005-10-23,11.8125
2005-10-24,11.5930
2005-10-25,11.3861
2005-10-26,11.3321
2005-10-27,11.2504
2005-10-28,11.0624
2005-10-29,10.9158
2005-10-30,10.8528
2005-10-31,10.7427
2005-11-01,10.4759
2005-11-02,10.7288
2005-11-03,10.8429
2005-11-04,10.5891
2005-11-05,10.0447
2005-11-06,10.1898
2005-11-07,10.9629
2005-11-08,11.0607
2005-11-09,10.8451
2005-11-10,10.6466
2005-11-11,10.4865
2005-11-12,10.2412
2005-11-13,10.1940
2005-11-14,10.1435
2005-11-15,10.0509
2005-11-16,9.9996
2005-11-17,9.7000
2005-11-18,9.2651
2005-11-19,8.9902
2005-11-20,8.9555
2005-11-21,8.9936
2005-11-22,9.0579
2005-11-23,8.9795
2005-11-24,8.7612
2005-11-25,8.7148
2005-11-26,8.7073
2005-11-27,8.6525
2005-11-28,8.6400
2005-11-29,8.6696
2005-11-30,8.6632
2005-12-01,8.7223
2005-12-02,8.7702
2005-12-03,8.6824
2005-12-04,8.5526
2005-12-05,8.4279
2005-12-06,8.3188
2005-12-07,8.2374
2005-12-08,8.0670
2005-12-09,8.1011
2005-12-10,8.1134
2005-12-11,8.1154
2005-12-12,8.0112
2005-12-13,7.9523
2005-12-14,7.8077
2005-12-15,7.7032
2005-12-16,7.5252
2005-12-17,7.1171
2005-12-18,7.0119
2005-12-19,6.8334
2005-12-20,6.7362
2005-12-21,6.5388
2005-12-22,6.2699
2005-12-23,6.1999
2005-12-24,6.2111
2005-12-25,6.3297
2005-12-26,6.4773
2005-12-27,6.6177
2005-12-28,6.6401
2005-12-29,6.6326
2005-12-30,6.6604
2005-12-31,6.5798
2006-01-01,6.5690
2006-01-02,6.5713
2006-01-03,6.4131
2006-01-04,6.1725
2006-01-05,6.2318
2006-01-06,6.2104
2006-01-07,6.3410
2006-01-08,6.4252
2006-01-09,6.4009
2006-01-10,6.4674
2006-01-11,6.3417
2006-01-12,6.4921
2006-01-13,6.6439
2006-01-14,6.5745
2006-01-15,6.2514
2006-01-16,6.2980
2006-01-17,6.3325
2006-01-18,6.2080
2006-01-19,6.0694
2006-01-20,5.8867
2006-01-21,5.7529
2006-01-22,5.8913
2006-01-23,5.8237
2006-01-24,5.7140
2006-01-25,5.7678
2006-01-26,5.8357
2006-01-27,5.8212
2006-01-28,5.8006
2006-01-29,5.9916
2006-01-30,5.9496
2006-01-31,5.6392
2006-02-01,5.6624
2006-02-02,5.4252
2006-02-03,5.4174
2006-02-04,5.5177
2006-02-05,5.5829
2006-02-06,5.5666
2006-02-07,5.4812
2006-02-08,5.3510
2006-02-09,5.1126
2006-02-10,4.7898
2006-02-11,4.6816
2006-02-12,4.4644
2006-02-13,4.1656
2006-02-14,4.1372
2006-02-15,4.1814
2006-02-16,4.4991
2006-02-17,4.7244
2006-02-18,4.6756
2006-02-19,4.6371
2006-02-20,4.7012
2006-02-21,4.8379
2006-02-22,4.9501
2006-02-23,4.8289
2006-02-24,4.5971
2006-02-25,4.4806
2006-02-26,4.4623
2006-02-27,4.3177
2006-02-28,4.1066
2006-03-01,4.0077
2006-03-02,3.9226
2006-03-03,3.8948
2006-03-04,3.9553
2006-03-05,4.1252
2006-03-06,4.2635
2006-03-07,4.0668
2006-03-08,3.9000
2006-03-09,3.6694
2006-03-10,3.8237
2006-03-11,3.9893
2006-03-12,4.0016
2006-03-13,4.2692
2006-03-14,4.1300
2006-03-15,3.9228
2006-03-16,3.8058
2006-03-17,3.8703
2006-03-18,3.8577
2006-03-19,3.8030
2006-03-20,3.7780
2006-03-21,3.8477
2006-03-22,3.8567
2006-03-23,3.9801
2006-03-24,4.1199
2006-03-25,4.0987
2006-03-26,4.0870
2006-03-27,4.2434
2006-03-28,4.3321
2006-03-29,4.5576
2006-03-30,4.5222
2006-03-31,4.8253
2006-04-01,4.8208
2006-04-02,4.8948
2006-04-03,4.7881
2006-04-04,4.7300
2006-04-05,4.5534
2006-04-06,4.5285
2006-04-07,4.4304
2006-04-08,4.1929
2006-04-09,4.4653
2006-04-10,4.5698
2006-04-11,5.0168
2006-04-12,5.2430
2006-04-13,5.2628
2006-04-14,5.4500
2006-04-15,5.2460
2006-04-16,5.0099
2006-04-17,5.0388
2006-04-18,5.1443
2006-04-19,5.6878
2006-04-20,5.7505
2006-04-21,5.6581
2006-04-22,5.5016
2006-04-23,5.3015
2006-04-24,5.4691
2006-04-25,5.3676
2006-04-26,5.3664
2006-04-27,5.4802
2006-04-28,5.6036
2006-04-29,5.6506
2006-04-30,5.7004
2006-05-01,5.8509
2006-05-02,5.9589
2006-05-03,6.0802
2006-05-04,6.2330
2006-05-05,6.4035
2006-05-06,6.3957
2006-05-07,6.1938
2006-05-08,6.1012
2006-05-09,6.2469
2006-05-10,6.3931
2006-05-11,6.4390
2006-05-12,6.4869
2006-05-13,6.1365
2006-05-14,6.0109
2006-05-15,5.9484
2006-05-16,6.2388
2006-05-17,6.2215
2006-05-18,6.5019
2006-05-19,7.0049
2006-05-20,6.9928
2006-05-21,7.2695
2006-05-22,7.3542
2006-05-23,7.6185
2006-05-24,7.9706
2006-05-25,8.0228
2006-05-26,7.8183
2006-05-27,9.2043
2006-05-28,9.9183
2006-05-29,9.8812
2006-05-30,9.8715
2006-05-31,9.9038
2006-06-01,10.4923
2006-06-02,10.6384
2006-06-03,10.5697
2006-06-04,9.9283
2006-06-05,9.9270
2006-06-06,10.0170
2006-06-07,9.8992
2006-06-08,9.6248
2006-06-09,9.4825
2006-06-10,9.9418
2006-06-11,10.5333
2006-06-12,10.9233
2006-06-13,11.2033
2006-06-14,11.6442
2006-06-15,11.3084
2006-06-16,11.0215
2006-06-17,11.0795
2006-06-18,11.4680
2006-06-19,12.2347
2006-06-20,12.0863
2006-06-21,11.9937
2006-06-22,12.0435
2006-06-23,12.1560
2006-06-24,12.6243
2006-06-25,13.1831
2006-06-26,13.5177
2006-06-27,13.7054
2006-06-28,13.7428
2006-06-29,13.5609
2006-06-30,13.3278
2006-07-01,13.2899
2006-07-02,13.4034
2006-07-03,13.3723
2006-07-04,13.4979
2006-07-05,13.6948
2006-07-06,14.2530
2006-07-07,14.2651
2006-07-08,14.6674
2006-07-09,15.1934
2006-07-10,15.1013
2006-07-11,15.1123
2006-07-12,15.1767
2006-07-13,14.5959
2006-07-14,14.5374
2006-07-15,14.9209
2006-07-16,15.7315
2006-07-17,16.0380
2006-07-18,16.1642
2006-07-19,16.0951
2006-07-20,15.8515
2006-07-21,15.8736
2006-07-22,15.7452
2006-07-23,15.6360
2006-07-24,15.7341
2006-07-25,15.8375
2006-07-26,16.0630
2006-07-27,16.4146
2006-07-28,16.6521
2006-07-29,16.6656
2006-07-30,16.7344
2006-07-31,16.8800
2006-08-01,17.1023
2006-08-02,17.3425
2006-08-03,17.2784
2006-08-04,16.7205
2006-08-05,16.4400
2006-08-06,17.1086
2006-08-07,17.1262
2006-08-08,17.0730
2006-08-09,17.1550
2006-08-10,17.0228
2006-08-11,16.6501
2006-08-12,16.4152
2006-08-13,16.0675
2006-08-14,15.9121
2006-08-15,15.9772
2006-08-16,16.1670
2006-08-17,16.1892
2006-08-18,16.3451
2006-08-19,16.5665
2006-08-20,16.2757
2006-08-21,15.6267
2006-08-22,15.9124
2006-08-23,16.1208
2006-08-24,15.9206
2006-08-25,15.7150
2006-08-26,15.4937
2006-08-27,15.1608
2006-08-28,15.0594
2006-08-29,15.1709
2006-08-30,15.1275
2006-08-31,15.2930
2006-09-01,15.3628
2006-09-02,15.3856
2006-09-03,15.1386
2006-09-04,15.4266
2006-09-05,15.4710
2006-09-06,15.5288
2006-09-07,15.4220
2006-09-08,15.2242
2006-09-09,15.3218
2006-09-10,15.3886
2006-09-11,15.0995
2006-09-12,14.9360
2006-09-13,14.8798
2006-09-14,15.0114
2006-09-15,15.4948
2006-09-16,15.5501
2006-09-17,15.5556
2006-09-18,15.5041
2006-09-19,15.5831
2006-09-20,15.5390
2006-09-21,15.3492
2006-09-22,15.1037
2006-09-23,15.0275
2006-09-24,14.5630
2006-09-25,14.5072
2006-09-26,14.6880
2006-09-27,14.8392
2006-09-28,14.8354
2006-09-29,14.2742
2006-09-30,14.5028
2006-10-01,14.2216
2006-10-02,13.9978
2006-10-03,13.9784
2006-10-04,14.1257
2006-10-05,13.9336
2006-10-06,13.7097
2006-10-07,13.5268
2006-10-08,13.5625
2006-10-09,13.6518
2006-10-10,13.5433
2006-10-11,13.4205
2006-10-12,13.5571
2006-10-13,13.6026
2006-10-14,13.2060
2006-10-15,12.9670
2006-10-16,12.8856
2006-10-17,12.7245
2006-10-18,12.7723
2006-10-19,12.9344
2006-10-20,12.4260
2006-10-21,11.9863
2006-10-22,11.8090
2006-10-23,11.7560
2006-10-24,11.4637
2006-10-25,11.2952
2006-10-26,11.3135
2006-10-27,11.2861
2006-10-28,10.9478
2006-10-29,10.8015
2006-10-30,10.5550
2006-10-31,10.4210
2006-11-01,10.4360
2006-11-02,10.1831
2006-11-03,9.9134
2006-11-04,9.7842
2006-11-05,9.6475
2006-11-06,9.6820
2006-11-07,9.5884
2006-11-08,9.7717
2006-11-09,10.0117
2006-11-10,9.9336
2006-11-11,9.9553
2006-11-12,10.0486
2006-11-13,10.2787
2006-11-14,9.7315
2006-11-15,9.7896
2006-11-16,10.5397
2006-11-17,10.6557
2006-11-18,10.4822
2006-11-19,10.4403
2006-11-20,10.2778
2006-11-21,9.9552
2006-11-22,9.8098
2006-11-23,9.9003
2006-11-24,10.0474
2006-11-25,10.0716
2006-11-26,9.9134
2006-11-27,9.8452
2006-11-28,9.8084
2006-11-29,9.3888
2006-11-30,9.3515
2006-12-01,9.5808
2006-12-02,9.6237
2006-12-03,9.5147
2006-12-04,9.4527
2006-12-05,9.2645
2006-12-06,9.2265
2006-12-07,9.2249
2006-12-08,9.1625
2006-12-09,9.1419
2006-12-10,9.2193
2006-12-11,9.2141
2006-12-12,9.1811
2006-12-13,9.0393
2006-12-14,8.9123
2006-12-15,8.7196
2006-12-16,8.8970
2006-12-17,8.7240
2006-12-18,8.7376
2006-12-19,8.7973
2006-12-20,8.7949
2006-12-21,8.7669
2006-12-22,8.7034
2006-12-23,8.7013
2006-12-24,8.8752
2006-12-25,8.9328
2006-12-26,8.8711
2006-12-27,8.6527
2006-12-28,8.6431
2006-12-29,8.5832
2006-12-30,8.4470
2006-12-31,8.2447
2007-01-01,8.1319
2007-01-02,8.1888
2007-01-03,8.1624
2007-01-04,8.0676
2007-01-05,7.9144
2007-01-06,8.3027
2007-01-07,8.3692
2007-01-08,8.2721
2007-01-09,8.0640
2007-01-10,7.9387
2007-01-11,7.7341
2007-01-12,7.6600
2007-01-13,7.7145
2007-01-14,7.6437
2007-01-15,7.4314
2007-01-16,7.3367
2007-01-17,7.3196
2007-01-18,7.1310
2007-01-19,6.9783
2007-01-20,7.2118
2007-01-21,7.4648
2007-01-22,7.4388
2007-01-23,7.3869
2007-01-24,7.4350
2007-01-25,7.3027
2007-01-26,6.9351
2007-01-27,6.5839
2007-01-28,6.4386
2007-01-29,6.3437
2007-01-30,6.3484
2007-01-31,6.1839
2007-02-01,6.0089
2007-02-02,5.8865
2007-02-03,5.9592
2007-02-04,5.9103
2007-02-05,5.7079
2007-02-06,5.6617
2007-02-07,5.6685
2007-02-08,5.5606
2007-02-09,5.4327
2007-02-10,5.4066
2007-02-11,5.4041
2007-02-12,5.2835
2007-02-13,5.2271
2007-02-14,5.1060
2007-02-15,4.8612
2007-02-16,4.9513
2007-02-17,5.0079
2007-02-18,4.8763
2007-02-19,4.7145
2007-02-20,4.6433
2007-02-21,4.8569
2007-02-22,5.0011
2007-02-23,4.9086
2007-02-24,4.4246
2007-02-25,4.4614
2007-02-26,4.5935
2007-02-27,4.5851
2007-02-28,4.3568
2007-03-01,4.3752
2007-03-02,4.5475
2007-03-03,4.7308
2007-03-04,4.5384
2007-03-05,4.3149
2007-03-06,3.9265
2007-03-07,3.7325
2007-03-08,3.6093
2007-03-09,3.3811
2007-03-10,3.2975
2007-03-11,3.8621
2007-03-12,4.0364
2007-03-13,4.0459
2007-03-14,4.0774
2007-03-15,4.1438
2007-03-16,4.0386
2007-03-17,3.9123
2007-03-18,3.8066
2007-03-19,3.8351
2007-03-20,3.9528
2007-03-21,3.9344
2007-03-22,3.7568
2007-03-23,4.2619
2007-03-24,4.2796
2007-03-25,4.1438
2007-03-26,3.8972
2007-03-27,4.1267
2007-03-28,4.2154
2007-03-29,3.9304
2007-03-30,3.8648
2007-03-31,3.8511
2007-04-01,3.8477
2007-04-02,3.8514
2007-04-03,3.8142
2007-04-04,3.6843
2007-04-05,3.8986
2007-04-06,4.0015
2007-04-07,3.9263
2007-04-08,4.0198
2007-04-09,4.0587
2007-04-10,4.3385
2007-04-11,4.6409
2007-04-12,4.7291
2007-04-13,4.5546
2007-04-14,4.2022
2007-04-15,4.2006
2007-04-16,4.1025
2007-04-17,3.9977
2007-04-18,3.9579
2007-04-19,4.3677
2007-04-20,4.5941
2007-04-21,4.8515
2007-04-22,4.8996
2007-04-23,4.9158
2007-04-24,4.9585
2007-04-25,5.0006
2007-04-26,5.0862
2007-04-27,5.0470
2007-04-28,4.8671
2007-04-29,4.8365
2007-04-30,4.9731
2007-05-01,5.2101
2007-05-02,5.6095
2007-05-03,5.6203
2007-05-04,5.7074
2007-05-05,6.1516
2007-05-06,5.9164
2007-05-07,5.8367
2007-05-08,6.0505
2007-05-09,6.5434
2007-05-10,6.8524
2007-05-11,7.1988
2007-05-12,7.3352
2007-05-13,7.3241
2007-05-14,7.1701
2007-05-15,7.0762
2007-05-16,6.9396
2007-05-17,6.7314
2007-05-18,6.6115
2007-05-19,6.4552
2007-05-20,6.5035
2007-05-21,6.8259
2007-05-22,7.1669
2007-05-23,7.0758
2007-05-24,6.8734
2007-05-25,7.4944
2007-05-26,8.4295
2007-05-27,8.5487
2007-05-28,8.6887
2007-05-29,8.9431
2007-05-30,9.0310
2007-05-31,9.2370
2007-06-01,9.3195
2007-06-02,9.5214
2007-06-03,9.3687
2007-06-04,8.7733
2007-06-05,8.7665
2007-06-06,8.0872
2007-06-07,8.1866
2007-06-08,8.8962
2007-06-09,9.6394
2007-06-10,9.8851
2007-06-11,10.0398
2007-06-12,9.8599
2007-06-13,9.4131
2007-06-14,8.8315
2007-06-15,8.8842
2007-06-16,9.4000
2007-06-17,9.8258
2007-06-18,10.3358
2007-06-19,10.7529
2007-06-20,11.0884
2007-06-21,11.0097
2007-06-22,10.9123
2007-06-23,10.6174
2007-06-24,10.9011
2007-06-25,11.3699
2007-06-26,11.8222
2007-06-27,12.0181
2007-06-28,12.2050
2007-06-29,12.1532
2007-06-30,12.1284
2007-07-01,12.2797
2007-07-02,12.6286
2007-07-03,12.8605
2007-07-04,12.7135
2007-07-05,12.6302
2007-07-06,12.7204
2007-07-07,12.8611
2007-07-08,12.9188
2007-07-09,13.0460
2007-07-10,13.2168
2007-07-11,13.5564
2007-07-12,13.8206
2007-07-13,13.7562
2007-07-14,13.8397
2007-07-15,13.9507
2007-07-16,14.7606
2007-07-17,14.7829
2007-07-18,14.7139
2007-07-19,14.6524
2007-07-20,14.6577
2007-07-21,14.4226
2007-07-22,14.2815
2007-07-23,15.0553
2007-07-24,15.6383
2007-07-25,15.5728
2007-07-26,15.9021
2007-07-27,16.0977
2007-07-28,16.1823
2007-07-29,16.4708
2007-07-30,16.7297
2007-07-31,16.9108
2007-08-01,16.8044
2007-08-02,16.8087
2007-08-03,16.7671
2007-08-04,16.3261
2007-08-05,16.0198
2007-08-06,15.8452
2007-08-07,15.6279
2007-08-08,15.1482
2007-08-09,14.9267
2007-08-10,15.3504
2007-08-11,15.5556
2007-08-12,15.6079
2007-08-13,15.2981
2007-08-14,15.0995
2007-08-15,15.1547
2007-08-16,15.1409
2007-08-17,15.0739
2007-08-18,14.2929
2007-08-19,14.0390
2007-08-20,14.3074
2007-08-21,14.5196
2007-08-22,14.7056
2007-08-23,14.8551
2007-08-24,15.3263
2007-08-25,15.5794
2007-08-26,15.7999
2007-08-27,16.1878
2007-08-28,16.6992
2007-08-29,16.4705
2007-08-30,16.4034
2007-08-31,15.6552
2007-09-01,14.9259
2007-09-02,14.9375
2007-09-03,14.8583
2007-09-04,14.7145
2007-09-05,14.4719
2007-09-06,14.5177
2007-09-07,15.0322
2007-09-08,15.5445
2007-09-09,15.4378
2007-09-10,15.2214
2007-09-11,14.2962
2007-09-12,14.1907
2007-09-13,14.4336
2007-09-14,14.4921
2007-09-15,14.1422
2007-09-16,13.6530
2007-09-17,13.7285
2007-09-18,13.9073
2007-09-19,14.1823
2007-09-20,14.5120
2007-09-21,14.6220
2007-09-22,14.9496
2007-09-23,14.9833
2007-09-24,14.8068
2007-09-25,14.8011
2007-09-26,15.0478
2007-09-27,15.1129
2007-09-28,14.0446
2007-09-29,13.9476
2007-09-30,13.7137
2007-10-01,13.4670
2007-10-02,13.7084
2007-10-03,14.0926
2007-10-04,14.5366
2007-10-05,14.8376
2007-10-06,14.3937
2007-10-07,13.5887
2007-10-08,13.2848
2007-10-09,13.0270
2007-10-10,12.9213
2007-10-11,12.7913
2007-10-12,12.5875
2007-10-13,12.5336
2007-10-14,12.4335
2007-10-15,12.1768
2007-10-16,12.0673
2007-10-17,12.0857
2007-10-18,11.9546
2007-10-19,11.9168
2007-10-20,12.1878
2007-10-21,12.1999
2007-10-22,12.3397
2007-10-23,12.3304
2007-10-24,11.9372
2007-10-25,11.5980
2007-10-26,11.6449
2007-10-27,11.6540
2007-10-28,11.5674
2007-10-29,10.9982
2007-10-30,10.5474
2007-10-31,10.5721
2007-11-01,10.6484
2007-11-02,10.5647
2007-11-03,10.1432
2007-11-04,9.7112
2007-11-05,9.7144
2007-11-06,9.6846
2007-11-07,9.6180
2007-11-08,9.4334
2007-11-09,9.2841
2007-11-10,8.9773
2007-11-11,8.8092
2007-11-12,8.7383
2007-11-13,8.6924
2007-11-14,8.9187
2007-11-15,9.3987
2007-11-16,9.3531
2007-11-17,8.8330
2007-11-18,8.7088
2007-11-19,8.6472
2007-11-20,8.4452
2007-11-21,8.8509
2007-11-22,8.9954
2007-11-23,8.9811
2007-11-24,8.6273
2007-11-25,8.4811
2007-11-26,8.0827
2007-11-27,8.7794
2007-11-28,9.0050
2007-11-29,8.3540
2007-11-30,8.0876
2007-12-01,7.9968
2007-12-02,8.0002
2007-12-03,7.9014
2007-12-04,7.5840
2007-12-05,7.4471
2007-12-06,7.3215
2007-12-07,7.1113
2007-12-08,7.1466
2007-12-09,7.0806
2007-12-10,6.9595
2007-12-11,6.8448
2007-12-12,7.0919
2007-12-13,7.0252
2007-12-14,6.9658
2007-12-15,7.0314
2007-12-16,6.9604
2007-12-17,6.8880
2007-12-18,6.6523
2007-12-19,6.4319
2007-12-20,6.2657
2007-12-21,6.4884
2007-12-22,6.4773
2007-12-23,6.6952
2007-12-24,7.0469
2007-12-25,6.8109
2007-12-26,6.6770
2007-12-27,6.6604
2007-12-28,6.6512
2007-12-29,6.4544
2007-12-30,6.3791
2007-12-31,6.1861
2008-01-01,5.9151
2008-01-02,5.8752
2008-01-03,5.4320
2008-01-04,5.0205
2008-01-05,4.9388
2008-01-06,5.0590
2008-01-07,5.2839
2008-01-08,5.4677
2008-01-09,5.5798
2008-01-10,5.6233
2008-01-11,5.5764
2008-01-12,5.4233
2008-01-13,5.4032
2008-01-14,5.3843
2008-01-15,5.1852
2008-01-16,4.8881
2008-01-17,4.8605
2008-01-18,5.1565
2008-01-19,5.2004
2008-01-20,5.1050
2008-01-21,4.8491
2008-01-22,4.8964
2008-01-23,4.9755
2008-01-24,4.7449
2008-01-25,4.3295
2008-01-26,3.8457
2008-01-27,3.5715
2008-01-28,3.6709
2008-01-29,3.7595
2008-01-30,4.1732
2008-01-31,4.1686
2008-02-01,3.9858
2008-02-02,4.0139
2008-02-03,3.8731
2008-02-04,3.8500
2008-02-05,3.8871
2008-02-06,3.9764
2008-02-07,3.9711
2008-02-08,3.8579
2008-02-09,4.0892
2008-02-10,4.0422
2008-02-11,3.9635
2008-02-12,3.9119
2008-02-13,4.0648
2008-02-14,4.1903
2008-02-15,4.0290
2008-02-16,4.0195
2008-02-17,3.9575
2008-02-18,4.5270
2008-02-19,4.5977
2008-02-20,4.1964
2008-02-21,3.9090
2008-02-22,3.8622
2008-02-23,3.8642
2008-02-24,3.8637
2008-02-25,3.8495
2008-02-26,3.8314
2008-02-27,3.8575
2008-02-28,3.6784
2008-02-29,3.2815
2008-03-01,3.1716
2008-03-02,3.4305
2008-03-03,3.3898
2008-03-04,3.2736
2008-03-05,3.5959
2008-03-06,3.6531
2008-03-07,3.6800
2008-03-08,3.7492
2008-03-09,3.6983
2008-03-10,3.7457
2008-03-11,3.7748
2008-03-12,3.5997
2008-03-13,3.5257
2008-03-14,3.5225
2008-03-15,3.5119
2008-03-16,3.8076
2008-03-17,4.1203
2008-03-18,4.2208
2008-03-19,4.1287
2008-03-20,3.8037
2008-03-21,3.9203
2008-03-22,4.0258
2008-03-23,3.9858
2008-03-24,3.9276
2008-03-25,4.0881
2008-03-26,4.1462
2008-03-27,4.4157
2008-03-28,4.3588
2008-03-29,4.1017
2008-03-30,4.0476
2008-03-31,4.1003
2008-04-01,4.2593
2008-04-02,4.2935
2008-04-03,4.0892
2008-04-04,4.0636
2008-04-05,4.0645
2008-04-06,4.3703
2008-04-07,4.4580
2008-04-08,4.4670
2008-04-09,4.5285
2008-04-10,4.5700
2008-04-11,4.5420
2008-04-12,4.6189
2008-04-13,4.6127
2008-04-14,4.6085
2008-04-15,4.9223
2008-04-16,5.5668
2008-04-17,5.9812
2008-04-18,6.2129
2008-04-19,6.2165
2008-04-20,5.9763
2008-04-21,5.8276
2008-04-22,6.3126
2008-04-23,6.9158
2008-04-24,6.8945
2008-04-25,6.5704
2008-04-26,6.5343
2008-04-27,6.4810
2008-04-28,6.4469
2008-04-29,6.0699
2008-04-30,5.8940
2008-05-01,5.9703
2008-05-02,6.0912
2008-05-03,6.0869
2008-05-04,6.1736
2008-05-05,6.9301
2008-05-06,7.1337
2008-05-07,7.1785
2008-05-08,7.1904
2008-05-09,7.1267
2008-05-10,6.5593
2008-05-11,6.3617
2008-05-12,6.1528
2008-05-13,6.5362
2008-05-14,6.9394
2008-05-15,7.2267
2008-05-16,7.4763
2008-05-17,7.5607
2008-05-18,7.5955
2008-05-19,7.5448
2008-05-20,7.2340
2008-05-21,7.3780
2008-05-22,7.4281
2008-05-23,7.6425
2008-05-24,7.8194
2008-05-25,8.6771
2008-05-26,8.8433
2008-05-27,8.3194
2008-05-28,8.1676
2008-05-29,8.2231
2008-05-30,8.3826
2008-05-31,8.5671
2008-06-01,8.9092
2008-06-02,8.9785
2008-06-03,9.3508
2008-06-04,9.5615
2008-06-05,9.3569
2008-06-06,9.1489
2008-06-07,9.6162
2008-06-08,10.6573
2008-06-09,11.9643
2008-06-10,11.8623
2008-06-11,10.8138
2008-06-12,10.7560
2008-06-13,11.1670
2008-06-14,11.5254
2008-06-15,11.5807
2008-06-16,11.5086
2008-06-17,12.0089
2008-06-18,11.9177
2008-06-19,11.7584
2008-06-20,11.9036
2008-06-21,12.3168
2008-06-22,12.8079
2008-06-23,12.9592
2008-06-24,12.9738
2008-06-25,13.1844
2008-06-26,13.4368
2008-06-27,13.4761
2008-06-28,13.6391
2008-06-29,13.6731
2008-06-30,13.8588
2008-07-01,13.9948
2008-07-02,14.1090
2008-07-03,14.1103
2008-07-04,14.1654
2008-07-05,14.2384
2008-07-06,14.5538
2008-07-07,14.8546
2008-07-08,15.0434
2008-07-09,15.0439
2008-07-10,14.7989
2008-07-11,14.8307
2008-07-12,15.0144
2008-07-13,15.2299
2008-07-14,15.4876
2008-07-15,16.2365
2008-07-16,16.6114
2008-07-17,16.6692
2008-07-18,16.8635
2008-07-19,16.9710
2008-07-20,17.0813
2008-07-21,16.8030
2008-07-22,16.0445
2008-07-23,15.9577
2008-07-24,16.2308
2008-07-25,16.4271
2008-07-26,16.5255
2008-07-27,16.8289
2008-07-28,17.0496
2008-07-29,17.2055
2008-07-30,17.4528
2008-07-31,17.6083
2008-08-01,17.5716
2008-08-02,17.5707
2008-08-03,17.3811
2008-08-04,16.6315
2008-08-05,16.0587
2008-08-06,16.1309
2008-08-07,15.9842
2008-08-08,16.2354
2008-08-09,16.4879
2008-08-10,16.6339
2008-08-11,16.5262
2008-08-12,16.2651
2008-08-13,16.2632
2008-08-14,16.4643
2008-08-15,16.8566
2008-08-16,17.1682
2008-08-17,17.2874
2008-08-18,17.5387
2008-08-19,17.3381
2008-08-20,16.3448
2008-08-21,16.4502
2008-08-22,16.8975
2008-08-23,16.9251
2008-08-24,16.8352
2008-08-25,16.3387
2008-08-26,15.8505
2008-08-27,15.8501
2008-08-28,15.7525
2008-08-29,15.7198
2008-08-30,15.5457
2008-08-31,15.3057
2008-09-01,15.1381
2008-09-02,14.9805
2008-09-03,14.9652
2008-09-04,15.2327
2008-09-05,15.4261
2008-09-06,15.3268
2008-09-07,15.0495
2008-09-08,15.0363
2008-09-09,15.0647
2008-09-10,14.6177
2008-09-11,14.8518
2008-09-12,14.8138
2008-09-13,14.8562
2008-09-14,15.2044
2008-09-15,15.0345
2008-09-16,14.8381
2008-09-17,14.7507
2008-09-18,14.1976
2008-09-19,13.9368
2008-09-20,14.1020
2008-09-21,14.4816
2008-09-22,14.1227
2008-09-23,14.0740
2008-09-24,14.4178
2008-09-25,14.5208
2008-09-26,14.4721
2008-09-27,14.1647
2008-09-28,13.9753
2008-09-29,13.9502
2008-09-30,13.9536
2008-10-01,14.1070
2008-10-02,14.0392
2008-10-03,13.8623
2008-10-04,13.5881
2008-10-05,13.4257
2008-10-06,13.1505
2008-10-07,13.0889
2008-10-08,13.2389
2008-10-09,13.3049
2008-10-10,13.4388
2008-10-11,13.2801
2008-10-12,13.2535
2008-10-13,13.1962
2008-10-14,13.2144
2008-10-15,13.2360
2008-10-16,13.0941
2008-10-17,12.8918
2008-10-18,12.7459
2008-10-19,12.5785
2008-10-20,12.1278
2008-10-21,11.9443
2008-10-22,11.6608
2008-10-23,11.2860
2008-10-24,11.2029
2008-10-25,11.2408
2008-10-26,11.3434
2008-10-27,11.4699
2008-10-28,11.3098
2008-10-29,10.5960
2008-10-30,10.3558
2008-10-31,10.1919
2008-11-01,10.0290
2008-11-02,9.9596
2008-11-03,9.9933
2008-11-04,10.2826
2008-11-05,10.3855
2008-11-06,10.7007
2008-11-07,11.4969
2008-11-08,11.9846
2008-11-09,10.9593
2008-11-10,10.5144
2008-11-11,10.3296
2008-11-12,10.2106
2008-11-13,10.1887
2008-11-14,10.2348
2008-11-15,10.2863
2008-11-16,10.4425
2008-11-17,10.3665
2008-11-18,10.1856
2008-11-19,10.0573
2008-11-20,9.8223
2008-11-21,9.6477
2008-11-22,9.4243
2008-11-23,9.0443
2008-11-24,8.9098
2008-11-25,8.8509
2008-11-26,8.7064
2008-11-27,8.6685
2008-11-28,8.7902
2008-11-29,8.9885
2008-11-30,8.9351
2008-12-01,9.2180
2008-12-02,9.1400
2008-12-03,8.8667
2008-12-04,8.7559
2008-12-05,8.4976
2008-12-06,8.1418
2008-12-07,8.0205
2008-12-08,7.6416
2008-12-09,7.4508
2008-12-10,7.4950
2008-12-11,7.6686
2008-12-12,7.6235
2008-12-13,7.6243
2008-12-14,7.5175
2008-12-15,7.4352
2008-12-16,7.4539
2008-12-17,7.0424
2008-12-18,6.8807
2008-12-19,6.7765
2008-12-20,6.6607
2008-12-21,6.6301
2008-12-22,6.5002
2008-12-23,6.5451
2008-12-24,6.7582
2008-12-25,6.7695
2008-12-26,6.6524
2008-12-27,6.6367
2008-12-28,6.8911
2008-12-29,6.8729
2008-12-30,6.6378
2008-12-31,6.3690
2009-01-01,6.2904
2009-01-02,6.2682
2009-01-03,6.1970
2009-01-04,6.0092
2009-01-05,6.0030
2009-01-06,6.1780
2009-01-07,6.1851
2009-01-08,6.0409
2009-01-09,6.0394
2009-01-10,5.9975
2009-01-11,5.9652
2009-01-12,5.9093
2009-01-13,5.9028
2009-01-14,5.7977
2009-01-15,5.3690
2009-01-16,5.2412
2009-01-17,5.1536
2009-01-18,5.1262
2009-01-19,5.0751
2009-01-20,4.9783
2009-01-21,4.8568
2009-01-22,4.7048
2009-01-23,4.7094
2009-01-24,4.7178
2009-01-25,4.6587
2009-01-26,4.5812
2009-01-27,4.4533
2009-01-28,4.7525
2009-01-29,4.8198
2009-01-30,4.6432
2009-01-31,4.4737
2009-02-01,4.3903
2009-02-02,4.4951
2009-02-03,4.4907
2009-02-04,4.2899
2009-02-05,4.3065
2009-02-06,3.8265
2009-02-07,3.5509
2009-02-08,3.8663
2009-02-09,4.0746
2009-02-10,4.0494
2009-02-11,4.1000
2009-02-12,4.1507
2009-02-13,3.9679
2009-02-14,3.8780
2009-02-15,3.8108
2009-02-16,3.7705
2009-02-17,3.8888
2009-02-18,3.9677
2009-02-19,3.9261
2009-02-20,3.8105
2009-02-21,3.5824
2009-02-22,3.4750
2009-02-23,3.4963
2009-02-24,3.5625
2009-02-25,3.4609
2009-02-26,3.4128
2009-02-27,3.5890
2009-02-28,3.6860
2009-03-01,3.5553
2009-03-02,3.4424
2009-03-03,3.3003
2009-03-04,3.5716
2009-03-05,3.6461
2009-03-06,3.6083
2009-03-07,3.8015
2009-03-08,3.9833
2009-03-09,4.1779
2009-03-10,4.1708
2009-03-11,4.0551
2009-03-12,3.6517
2009-03-13,3.5558
2009-03-14,3.5390
2009-03-15,3.6118
2009-03-16,3.4280
2009-03-17,3.4355
2009-03-18,3.5991
2009-03-19,3.5223
2009-03-20,3.2388
2009-03-21,3.1721
2009-03-22,2.9867
2009-03-23,2.7515
2009-03-24,3.1280
2009-03-25,3.3795
2009-03-26,3.3751
2009-03-27,3.3958
2009-03-28,3.3540
2009-03-29,3.4321
2009-03-30,3.5695
2009-03-31,3.4336
2009-04-01,3.3620
2009-04-02,3.4864
2009-04-03,4.1966
2009-04-04,4.3387
2009-04-05,4.2202
2009-04-06,4.1782
2009-04-07,4.2873
2009-04-08,4.2156
2009-04-09,4.2707
2009-04-10,4.3183
2009-04-11,4.2825
2009-04-12,4.1847
2009-04-13,4.2374
2009-04-14,4.5412
2009-04-15,4.6843
2009-04-16,4.7390
2009-04-17,4.7449
2009-04-18,4.7862
2009-04-19,4.8570
2009-04-20,4.9740
2009-04-21,4.9932
2009-04-22,4.9539
2009-04-23,5.0682
2009-04-24,5.2772
2009-04-25,5.9025
2009-04-26,6.3109
2009-04-27,6.1464
2009-04-28,6.0040
2009-04-29,5.8100
2009-04-30,5.7704
2009-05-01,5.7686
2009-05-02,5.8670
2009-05-03,6.1036
2009-05-04,6.2409
2009-05-05,6.4738
2009-05-06,6.6782
2009-05-07,6.7480
2009-05-08,6.7203
2009-05-09,6.4014
2009-05-10,6.1703
2009-05-11,6.2415
2009-05-12,6.7470
2009-05-13,7.0751
2009-05-14,7.0407
2009-05-15,7.0432
2009-05-16,7.3393
2009-05-17,7.4920
2009-05-18,7.6368
2009-05-19,7.7075
2009-05-20,7.8119
2009-05-21,8.2899
2009-05-22,8.5971
2009-05-23,8.8035
2009-05-24,9.5766
2009-05-25,8.6736
2009-05-26,7.8621
2009-05-27,7.7930
2009-05-28,7.8352
2009-05-29,8.3263
2009-05-30,9.4421
2009-05-31,9.1527
2009-06-01,8.5804
2009-06-02,8.7034
2009-06-03,9.2845
2009-06-04,9.3714
2009-06-05,9.5669
2009-06-06,9.9959
2009-06-07,10.2243
2009-06-08,10.2826
2009-06-09,10.3860
2009-06-10,10.3114
2009-06-11,10.3167
2009-06-12,10.9116
2009-06-13,11.5445
2009-06-14,11.4820
2009-06-15,11.2069
2009-06-16,11.4911
2009-06-17,11.7062
2009-06-18,11.7781
2009-06-19,11.8758
2009-06-20,12.0741
2009-06-21,12.0411
2009-06-22,11.9229
2009-06-23,12.1622
2009-06-24,12.6160
2009-06-25,12.8469
2009-06-26,12.6850
2009-06-27,12.5557
2009-06-28,12.6109
2009-06-29,12.7353
2009-06-30,12.9248
2009-07-01,13.0903
2009-07-02,13.0981
2009-07-03,13.3292
2009-07-04,12.8670
2009-07-05,12.8786
2009-07-06,13.4925
2009-07-07,13.4582
2009-07-08,12.9753
2009-07-09,13.0697
2009-07-10,13.6933
2009-07-11,14.0325
2009-07-12,14.2108
2009-07-13,14.2172
2009-07-14,14.2549
2009-07-15,14.4134
2009-07-16,14.8750
2009-07-17,15.2551
2009-07-18,15.5667
2009-07-19,15.8386
2009-07-20,16.3731
2009-07-21,16.4488
2009-07-22,16.2897
2009-07-23,16.1795
2009-07-24,15.1896
2009-07-25,14.7548
2009-07-26,15.0459
2009-07-27,15.3010
2009-07-28,15.3694
2009-07-29,15.7272
2009-07-30,16.1313
2009-07-31,16.2201
2009-08-01,16.2088
2009-08-02,16.2781
2009-08-03,16.5862
2009-08-04,16.7002
2009-08-05,16.7861
2009-08-06,16.7597
2009-08-07,16.3884
2009-08-08,16.1919
2009-08-09,16.2623
2009-08-10,16.3322
2009-08-11,16.6373
2009-08-12,16.6699
2009-08-13,16.7542
2009-08-14,17.0885
2009-08-15,17.8182
2009-08-16,18.5359
2009-08-17,18.7551
2009-08-18,18.9153
2009-08-19,19.0550
2009-08-20,19.0811
2009-08-21,18.9385
2009-08-22,18.3647
2009-08-23,18.0319
2009-08-24,17.6116
2009-08-25,17.5084
2009-08-26,17.0750
2009-08-27,16.6525
2009-08-28,16.6408
2009-08-29,16.2898
2009-08-30,15.8029
2009-08-31,15.6981
2009-09-01,15.6923
2009-09-02,15.8957
2009-09-03,16.0389
2009-09-04,16.5236
2009-09-05,16.1179
2009-09-06,15.4532
2009-09-07,15.2922
2009-09-08,15.5552
2009-09-09,15.3315
2009-09-10,15.2620
2009-09-11,15.1501
2009-09-12,15.1840
2009-09-13,15.3125
2009-09-14,15.2307
2009-09-15,15.2670
2009-09-16,14.9962
2009-09-17,14.6772
2009-09-18,14.5496
2009-09-19,14.1762
2009-09-20,14.1080
2009-09-21,14.5356
2009-09-22,14.6798
2009-09-23,14.6117
2009-09-24,14.4661
2009-09-25,14.0849
2009-09-26,13.6901
2009-09-27,13.7765
2009-09-28,13.9790
2009-09-29,14.0660
2009-09-30,13.9663
2009-10-01,13.8045
2009-10-02,13.5849
2009-10-03,13.5124
2009-10-04,13.6146
2009-10-05,13.7164
2009-10-06,13.6715
2009-10-07,13.4863
2009-10-08,12.9614
2009-10-09,12.9185
2009-10-10,12.7990
2009-10-11,12.6570
2009-10-12,12.3698
2009-10-13,12.2294
2009-10-14,11.7039
2009-10-15,11.4594
2009-10-16,11.3423
2009-10-17,11.0929
2009-10-18,10.9516
2009-10-19,10.8145
2009-10-20,10.8233
2009-10-21,10.9277
2009-10-22,10.9317
2009-10-23,10.7884
2009-10-24,11.0285
2009-10-25,11.0012
2009-10-26,10.9134
2009-10-27,10.7979
2009-10-28,10.6550
2009-10-29,10.6130
2009-10-30,10.5934
2009-10-31,10.8714
2009-11-01,10.9101
2009-11-02,10.8188
2009-11-03,10.6930
2009-11-04,10.4847
2009-11-05,10.4258
2009-11-06,10.2750
2009-11-07,10.1272
2009-11-08,10.2622
2009-11-09,10.6148
2009-11-10,10.6434
2009-11-11,10.1180
2009-11-12,10.0467
2009-11-13,10.0406
2009-11-14,10.1554
2009-11-15,10.5714
2009-11-16,10.3699
2009-11-17,10.0755
2009-11-18,10.1759
2009-11-19,10.4308
2009-11-20,10.4857
2009-11-21,10.3289
2009-11-22,10.0833
2009-11-23,10.0043
2009-11-24,9.9506
2009-11-25,9.9193
2009-11-26,9.9105
2009-11-27,10.1085
2009-11-28,10.2443
2009-11-29,10.2255
2009-11-30,10.1220
2009-12-01,9.7360
2009-12-02,9.6439
2009-12-03,9.7823
2009-12-04,9.9089
2009-12-05,9.8566
2009-12-06,9.3463
2009-12-07,9.2683
2009-12-08,9.2756
2009-12-09,9.3476
2009-12-10,9.3779
2009-12-11,9.1668
2009-12-12,8.8153
2009-12-13,8.8323
2009-12-14,8.8101
2009-12-15,8.6550
2009-12-16,8.4253
2009-12-17,8.1503
2009-12-18,7.8281
2009-12-19,7.7693
2009-12-20,7.6984
2009-12-21,7.6376
2009-12-22,7.6758
2009-12-23,7.5683
2009-12-24,7.4573
2009-12-25,7.3358
2009-12-26,7.3070
2009-12-27,7.8820
2009-12-28,7.9126
2009-12-29,7.8278
2009-12-30,7.4260
2009-12-31,7.2117
2010-01-01,7.0263
2010-01-02,6.9736
2010-01-03,6.9899
2010-01-04,6.8647
2010-01-05,6.8231
2010-01-06,6.8151
2010-01-07,6.7247
2010-01-08,6.5342
2010-01-09,6.3527
2010-01-10,6.1444
2010-01-11,5.9738
2010-01-12,5.8310
2010-01-13,5.6285
2010-01-14,5.5658
2010-01-15,5.6221
2010-01-16,5.6514
2010-01-17,5.4061
2010-01-18,5.2050
2010-01-19,5.1971
2010-01-20,5.2052
2010-01-21,4.9272
2010-01-22,4.8777
2010-01-23,5.0785
2010-01-24,4.8579
2010-01-25,4.9801
2010-01-26,5.4291
2010-01-27,5.3035
2010-01-28,5.1121
2010-01-29,4.8789
2010-01-30,4.7596
2010-01-31,4.7689
2010-02-01,4.5966
2010-02-02,4.4480
2010-02-03,4.3766
2010-02-04,4.5598
2010-02-05,4.5625
2010-02-06,4.4138
2010-02-07,4.2032
2010-02-08,4.2704
2010-02-09,4.4207
2010-02-10,4.4337
2010-02-11,4.3314
2010-02-12,4.1737
2010-02-13,4.2152
2010-02-14,4.1490
2010-02-15,4.0582
2010-02-16,4.0530
2010-02-17,4.0287
2010-02-18,3.9489
2010-02-19,4.0633
2010-02-20,4.1366
2010-02-21,4.2578
2010-02-22,4.1387
2010-02-23,3.9386
2010-02-24,3.8975
2010-02-25,4.4290
2010-02-26,4.4755
2010-02-27,4.1903
2010-02-28,3.7990
2010-03-01,3.7251
2010-03-02,3.7399
2010-03-03,3.7866
2010-03-04,3.8422
2010-03-05,3.9267
2010-03-06,3.8990
2010-03-07,3.8583
2010-03-08,3.8768
2010-03-09,3.8274
2010-03-10,3.9250
2010-03-11,3.9892
2010-03-12,4.0177
2010-03-13,4.1432
2010-03-14,4.1629
2010-03-15,3.8885
2010-03-16,3.9957
2010-03-17,4.1260
2010-03-18,4.0349
2010-03-19,4.0893
2010-03-20,4.5229
2010-03-21,4.4783
2010-03-22,4.2889
2010-03-23,4.2309
2010-03-24,4.1765
2010-03-25,4.1719
2010-03-26,3.9951
2010-03-27,3.7032
2010-03-28,3.4396
2010-03-29,3.4524
2010-03-30,3.9194
2010-03-31,4.2212
2010-04-01,4.3763
2010-04-02,4.8290
2010-04-03,5.1157
2010-04-04,5.3598
2010-04-05,5.4899
2010-04-06,5.4645
2010-04-07,5.7457
2010-04-08,5.8434
2010-04-09,5.6887
2010-04-10,5.4219
2010-04-11,5.6060
2010-04-12,5.9854
2010-04-13,5.7453
2010-04-14,5.5852
2010-04-15,5.6713
2010-04-16,5.5849
2010-04-17,5.3867
2010-04-18,5.2278
2010-04-19,5.6367
2010-04-20,6.0717
2010-04-21,6.4610
2010-04-22,6.7282
2010-04-23,6.8320
2010-04-24,6.8686
2010-04-25,6.9367
2010-04-26,6.9070
2010-04-27,6.7152
2010-04-28,6.6520
2010-04-29,6.5056
2010-04-30,6.6662
2010-05-01,7.1624
2010-05-02,7.2906
2010-05-03,8.2327
2010-05-04,8.2668
2010-05-05,8.0078
2010-05-06,7.8837
2010-05-07,7.5897
2010-05-08,7.4072
2010-05-09,7.0441
2010-05-10,6.8716
2010-05-11,6.7635
2010-05-12,6.9342
2010-05-13,7.1480
2010-05-14,7.5025
2010-05-15,7.9089
2010-05-16,8.2686
2010-05-17,8.6128
2010-05-18,8.7106
2010-05-19,8.5499
2010-05-20,8.6638
2010-05-21,8.9915
2010-05-22,9.2502
2010-05-23,9.6346
2010-05-24,10.1700
2010-05-25,10.5623
2010-05-26,10.9855
2010-05-27,10.5807
2010-05-28,10.5582
2010-05-29,10.6392
2010-05-30,10.7597
2010-05-31,10.9062
2010-06-01,11.1690
2010-06-02,11.2449
2010-06-03,11.1968
2010-06-04,11.4160
2010-06-05,11.5633
2010-06-06,11.2660
2010-06-07,11.1678
2010-06-08,11.3802
2010-06-09,11.6143
2010-06-10,11.7862
2010-06-11,11.8340
2010-06-12,11.8172
2010-06-13,11.8667
2010-06-14,11.9580
2010-06-15,11.9698
2010-06-16,12.1513
2010-06-17,12.1733
2010-06-18,12.2500
2010-06-19,12.4882
2010-06-20,13.4075
2010-06-21,13.7368
2010-06-22,13.8598
2010-06-23,14.1064
2010-06-24,14.3502
2010-06-25,14.5075
2010-06-26,14.6727
2010-06-27,14.7665
2010-06-28,14.8846
2010-06-29,14.7435
2010-06-30,14.7018
2010-07-01,14.5926
2010-07-02,14.4234
2010-07-03,14.4395
2010-07-04,15.3190
2010-07-05,16.9852
2010-07-06,17.5897
2010-07-07,17.9068
2010-07-08,17.8153
2010-07-09,17.5533
2010-07-10,17.4580
2010-07-11,17.5749
2010-07-12,17.5769
2010-07-13,17.3993
2010-07-14,17.3520
2010-07-15,17.3290
2010-07-16,17.1165
2010-07-17,17.2198
2010-07-18,17.3817
2010-07-19,17.6029
2010-07-20,17.8042
2010-07-21,17.7012
2010-07-22,17.1572
2010-07-23,17.0722
2010-07-24,17.0536
2010-07-25,16.4593
2010-07-26,16.2419
2010-07-27,16.5719
2010-07-28,16.4081
2010-07-29,16.1964
2010-07-30,15.9940
2010-07-31,16.1169
2010-08-01,16.5211
2010-08-02,16.9996
2010-08-03,16.9472
2010-08-04,16.7030
2010-08-05,16.7314
2010-08-06,16.8592
2010-08-07,16.7245
2010-08-08,16.6900
2010-08-09,16.8790
2010-08-10,17.1767
2010-08-11,17.4404
2010-08-12,17.2447
2010-08-13,17.2218
2010-08-14,17.1817
2010-08-15,17.1814
2010-08-16,17.1835
2010-08-17,17.1793
2010-08-18,17.6719
2010-08-19,17.8677
2010-08-20,17.5825
2010-08-21,17.3279
2010-08-22,17.2585
2010-08-23,16.7795
2010-08-24,16.3401
2010-08-25,15.2554
2010-08-26,15.5913
2010-08-27,15.7060
2010-08-28,15.9454
2010-08-29,16.7071
2010-08-30,17.6322
2010-08-31,18.3255
2010-09-01,18.8371
2010-09-02,18.7208
2010-09-03,18.0936
2010-09-04,16.6765
2010-09-05,16.3635
2010-09-06,16.4357
2010-09-07,16.4041
2010-09-08,16.5738
2010-09-09,16.6127
2010-09-10,16.2994
2010-09-11,15.7318
2010-09-12,15.7415
2010-09-13,15.5140
2010-09-14,15.3738
2010-09-15,15.4193
2010-09-16,15.3280
2010-09-17,15.2342
2010-09-18,15.3452
2010-09-19,15.5479
2010-09-20,15.1903
2010-09-21,14.8979
2010-09-22,14.9998
2010-09-23,14.9904
2010-09-24,14.8318
2010-09-25,15.1306
2010-09-26,15.0525
2010-09-27,14.9831
2010-09-28,15.1735
2010-09-29,15.3231
2010-09-30,15.4089
2010-10-01,14.9618
2010-10-02,14.6336
2010-10-03,14.4464
2010-10-04,14.2685
2010-10-05,13.9880
2010-10-06,14.0250
2010-10-07,13.8015
2010-10-08,13.6909
2010-10-09,13.5864
2010-10-10,13.3493
2010-10-11,13.3086
2010-10-12,13.1812
2010-10-13,13.2180
2010-10-14,13.2391
2010-10-15,13.1809
2010-10-16,12.7808
2010-10-17,12.7820
2010-10-18,12.6922
2010-10-19,12.5604
2010-10-20,12.4154
2010-10-21,12.3950
2010-10-22,12.1509
2010-10-23,12.0566
2010-10-24,11.9070
2010-10-25,11.8592
2010-10-26,11.9452
2010-10-27,12.0119
2010-10-28,12.0533
2010-10-29,11.9196
2010-10-30,11.7489
2010-10-31,11.5674
2010-11-01,10.9726
2010-11-02,10.8382
2010-11-03,10.7981
2010-11-04,10.7438
2010-11-05,10.7769
2010-11-06,10.7658
2010-11-07,10.7016
2010-11-08,10.6541
2010-11-09,10.5753
2010-11-10,10.4919
2010-11-11,10.5010
2010-11-12,10.5990
2010-11-13,10.6718
2010-11-14,10.5015
2010-11-15,10.3012
2010-11-16,10.2296
2010-11-17,10.1185
2010-11-18,9.9089
2010-11-19,9.6082
2010-11-20,9.6557
2010-11-21,9.7081
2010-11-22,9.5788
2010-11-23,9.6541
2010-11-24,9.8028
2010-11-25,9.6973
2010-11-26,9.5915
2010-11-27,9.5269
2010-11-28,9.4799
2010-11-29,9.2139
2010-11-30,9.0396
2010-12-01,9.2428
2010-12-02,9.4878
2010-12-03,9.4567
2010-12-04,9.3066
2010-12-05,9.1896
2010-12-06,9.1220
2010-12-07,8.9584
2010-12-08,8.6887
2010-12-09,8.3299
2010-12-10,8.1969
2010-12-11,8.2012
2010-12-12,8.1855
2010-12-13,8.1788
2010-12-14,8.1563
2010-12-15,8.0738
2010-12-16,7.8988
2010-12-17,7.7291
2010-12-18,7.6706
2010-12-19,7.5327
2010-12-20,7.5064
2010-12-21,7.6690
2010-12-22,7.6979
2010-12-23,7.6861
2010-12-24,7.6693
2010-12-25,7.6303
2010-12-26,7.5575
2010-12-27,7.4920
2010-12-28,7.5127
2010-12-29,7.4101
2010-12-30,7.2322
2010-12-31,7.0684
2011-01-01,7.3017
2011-01-02,7.3107
2011-01-03,7.0456
2011-01-04,6.7609
2011-01-05,6.5358
2011-01-06,6.3580
2011-01-07,6.2723
2011-01-08,6.4219
2011-01-09,6.5707
2011-01-10,6.5468
2011-01-11,6.4614
2011-01-12,6.3475
2011-01-13,6.2960
2011-01-14,6.0552
2011-01-15,5.9766
2011-01-16,6.0918
2011-01-17,6.0381
2011-01-18,5.9483
2011-01-19,6.0093
2011-01-20,6.1639
2011-01-21,6.0633
2011-01-22,6.0555
2011-01-23,5.9402
2011-01-24,5.7922
2011-01-25,5.6027
2011-01-26,5.5810
2011-01-27,5.5834
2011-01-28,5.5838
2011-01-29,5.5007
2011-01-30,5.4610
2011-01-31,5.4081
2011-02-01,5.2733
2011-02-02,5.1831
2011-02-03,5.1273
2011-02-04,5.1562
2011-02-05,5.1111
2011-02-06,5.2392
2011-02-07,5.2515
2011-02-08,5.1255
2011-02-09,5.0612
2011-02-10,4.9192
2011-02-11,4.7492
2011-02-12,4.6589
2011-02-13,4.5406
2011-02-14,4.5260
2011-02-15,4.7048
2011-02-16,4.6976
2011-02-17,4.6192
2011-02-18,4.5154
2011-02-19,4.4296
2011-02-20,4.3816
2011-02-21,4.3747
2011-02-22,4.5231
2011-02-23,4.5684
2011-02-24,4.5253
2011-02-25,4.4116
2011-02-26,4.2777
2011-02-27,4.1118
2011-02-28,4.1571
2011-03-01,4.1381
2011-03-02,4.0798
2011-03-03,4.0681
2011-03-04,3.9112
2011-03-05,3.8907
2011-03-06,3.9754
2011-03-07,4.2211
2011-03-08,4.3720
2011-03-09,4.3403
2011-03-10,4.2418
2011-03-11,4.1681
2011-03-12,4.3974
2011-03-13,4.3645
2011-03-14,4.3286
2011-03-15,4.3562
2011-03-16,4.3750
2011-03-17,4.6743
2011-03-18,4.6724
2011-03-19,4.3662
2011-03-20,4.3221
2011-03-21,4.2367
2011-03-22,4.2059
2011-03-23,4.3604
2011-03-24,4.4476
2011-03-25,4.5220
2011-03-26,4.5010
2011-03-27,4.4528
2011-03-28,4.3658
2011-03-29,4.3268
2011-03-30,4.2758
2011-03-31,4.2374
2011-04-01,4.2822
2011-04-02,4.5081
2011-04-03,4.5924
2011-04-04,4.5053
2011-04-05,4.3829
2011-04-06,4.4360
2011-04-07,4.5034
2011-04-08,4.4890
2011-04-09,4.5120
2011-04-10,4.6949
2011-04-11,4.8296
2011-04-12,5.0004
2011-04-13,5.1447
2011-04-14,4.9365
2011-04-15,4.7807
2011-04-16,4.8461
2011-04-17,4.8674
2011-04-18,4.7020
2011-04-19,4.9474
2011-04-20,5.2114
2011-04-21,5.1823
2011-04-22,5.1466
2011-04-23,5.2041
2011-04-24,5.4669
2011-04-25,5.7062
2011-04-26,5.9058
2011-04-27,6.1042
2011-04-28,6.3040
2011-04-29,6.7394
2011-04-30,6.6754
2011-05-01,6.6107
2011-05-02,6.8921
2011-05-03,7.0279
2011-05-04,7.1254
2011-05-05,6.9823
2011-05-06,6.9778
2011-05-07,7.0360
2011-05-08,7.1273
2011-05-09,7.1538
2011-05-10,6.9928
2011-05-11,6.8924
2011-05-12,6.7300
2011-05-13,6.6962
2011-05-14,6.6919
2011-05-15,6.8925
2011-05-16,6.9494
2011-05-17,6.9540
2011-05-18,6.9971
2011-05-19,7.1659
2011-05-20,7.5035
2011-05-21,7.7918
2011-05-22,7.3751
2011-05-23,7.1028
2011-05-24,7.3876
2011-05-25,7.9974
2011-05-26,8.4585
2011-05-27,9.0010
2011-05-28,9.4755
2011-05-29,9.7575
2011-05-30,10.7489
2011-05-31,11.2066
2011-06-01,11.1033
2011-06-02,10.2595
2011-06-03,9.7849
2011-06-04,9.9103
2011-06-05,10.1820
2011-06-06,10.4860
2011-06-07,11.1713
2011-06-08,11.5165
2011-06-09,11.9009
2011-06-10,11.9971
2011-06-11,11.9009
2011-06-12,11.7167
2011-06-13,11.4781
2011-06-14,11.3209
2011-06-15,10.8206
2011-06-16,10.8832
2011-06-17,11.0237
2011-06-18,11.7743
2011-06-19,11.8874
2011-06-20,12.1543
2011-06-21,12.7637
2011-06-22,13.0146
2011-06-23,12.8434
2011-06-24,12.5106
2011-06-25,12.3984
2011-06-26,12.8026
2011-06-27,13.2654
2011-06-28,13.6007
2011-06-29,13.6482
2011-06-30,13.8646
2011-07-01,14.3077
2011-07-02,14.6070
2011-07-03,14.4981
2011-07-04,14.5904
2011-07-05,15.0280
2011-07-06,15.3397
2011-07-07,15.3403
2011-07-08,15.1710
2011-07-09,15.1098
2011-07-10,15.2746
2011-07-11,15.3923
2011-07-12,15.9274
2011-07-13,16.0992
2011-07-14,15.5375
2011-07-15,14.3297
2011-07-16,14.3749
2011-07-17,14.6882
2011-07-18,14.8965
2011-07-19,15.1852
2011-07-20,15.5241
2011-07-21,15.9122
2011-07-22,16.3029
2011-07-23,16.2297
2011-07-24,15.9232
2011-07-25,16.0093
2011-07-26,15.9655
2011-07-27,16.1965
2011-07-28,16.4193
2011-07-29,16.7443
2011-07-30,17.0173
2011-07-31,17.7014
2011-08-01,17.8227
2011-08-02,17.7199
2011-08-03,17.2496
2011-08-04,16.4963
2011-08-05,16.3896
2011-08-06,16.6026
2011-08-07,16.3567
2011-08-08,16.4252
2011-08-09,16.6377
2011-08-10,16.3370
2011-08-11,16.0887
2011-08-12,16.2305
2011-08-13,16.5563
2011-08-14,16.6695
2011-08-15,16.3781
2011-08-16,15.5512
2011-08-17,15.5465
2011-08-18,15.8491
2011-08-19,16.3079
2011-08-20,16.7609
2011-08-21,16.9406
2011-08-22,16.4898
2011-08-23,16.5178
2011-08-24,16.6048
2011-08-25,16.9253
2011-08-26,17.2572
2011-08-27,17.3572
2011-08-28,15.5203
2011-08-29,15.0273
2011-08-30,15.4860
2011-08-31,15.8461
2011-09-01,15.7486
2011-09-02,15.6444
2011-09-03,15.7418
2011-09-04,16.0559
2011-09-05,16.1548
2011-09-06,16.0234
2011-09-07,15.7940
2011-09-08,15.7940
2011-09-09,15.3954
2011-09-10,15.4175
2011-09-11,15.3813
2011-09-12,15.5001
2011-09-13,15.9380
2011-09-14,16.2473
2011-09-15,15.9120
2011-09-16,15.0629
2011-09-17,14.9852
2011-09-18,14.9687
2011-09-19,15.0295
2011-09-20,15.3425
2011-09-21,15.8178
2011-09-22,15.9289
2011-09-23,15.9715
2011-09-24,16.2060
2011-09-25,16.6189
2011-09-26,16.8097
2011-09-27,16.7837
2011-09-28,16.4620
2011-09-29,15.9917
2011-09-30,16.0032
2011-10-01,15.8901
2011-10-02,15.8691
2011-10-03,15.6820
2011-10-04,15.3856
2011-10-05,14.8228
2011-10-06,13.8175
2011-10-07,13.6946
2011-10-08,13.8881
2011-10-09,14.2281
2011-10-10,14.4308
2011-10-11,14.1452
2011-10-12,13.9293
2011-10-13,13.6763
2011-10-14,13.6851
2011-10-15,13.5058
2011-10-16,13.2844
2011-10-17,13.1949
2011-10-18,13.1023
2011-10-19,13.0406
2011-10-20,13.2425
2011-10-21,13.2148
2011-10-22,13.2217
2011-10-23,13.3190
2011-10-24,13.0640
2011-10-25,12.9657
2011-10-26,12.7909
2011-10-27,12.6219
2011-10-28,12.1595
2011-10-29,12.0422
2011-10-30,11.5844
2011-10-31,11.5776
2011-11-01,11.5821
2011-11-02,11.6570
2011-11-03,11.5635
2011-11-04,11.4147
2011-11-05,11.1692
2011-11-06,11.2025
2011-11-07,11.2705
2011-11-08,11.3573
2011-11-09,11.4253
2011-11-10,11.4699
2011-11-11,11.0581
2011-11-12,10.6959
2011-11-13,10.6653
2011-11-14,10.7401
2011-11-15,10.9301
2011-11-16,10.8587
2011-11-17,10.5696
2011-11-18,10.2292
2011-11-19,10.3210
2011-11-20,10.4125
2011-11-21,10.1038
2011-11-22,9.8399
2011-11-23,9.8434
2011-11-24,9.8165
2011-11-25,9.8394
2011-11-26,9.9384
2011-11-27,9.9400
2011-11-28,9.9291
2011-11-29,10.0734
2011-11-30,10.0901
2011-12-01,9.8917
2011-12-02,9.6940
2011-12-03,9.5785
2011-12-04,9.6757
2011-12-05,9.7728
2011-12-06,9.7176
2011-12-07,9.6214
2011-12-08,9.6303
2011-12-09,9.6069
2011-12-10,9.4621
2011-12-11,9.1220
2011-12-12,9.0279
2011-12-13,9.1704
2011-12-14,9.1398
2011-12-15,9.1610
2011-12-16,9.2091
2011-12-17,9.0722
2011-12-18,8.7267
2011-12-19,8.6122
2011-12-20,8.6468
2011-12-21,8.5558
2011-12-22,8.9184
2011-12-23,8.7753
2011-12-24,8.3938
2011-12-25,8.2152
2011-12-26,8.1041
2011-12-27,8.1312
2011-12-28,8.2405
2011-12-29,8.2782
2011-12-30,8.1208
2011-12-31,8.1189
2012-01-01,8.2192
2012-01-02,8.1737
2012-01-03,8.0857
2012-01-04,7.7640
2012-01-05,7.5077
2012-01-06,7.2642
2012-01-07,7.6423
2012-01-08,7.4915
2012-01-09,7.4032
2012-01-10,7.2180
2012-01-11,7.1025
2012-01-12,7.0957
2012-01-13,7.3400
2012-01-14,7.1892
2012-01-15,7.1443
2012-01-16,7.1097
2012-01-17,7.1804
2012-01-18,7.2573
2012-01-19,6.9759
2012-01-20,6.7456
2012-01-21,6.5164
2012-01-22,6.2746
2012-01-23,6.4225
2012-01-24,6.5967
2012-01-25,6.4599
2012-01-26,6.3515
2012-01-27,6.4080
2012-01-28,6.4717
2012-01-29,6.3992
2012-01-30,6.1621
2012-01-31,6.0967
2012-02-01,6.1552
2012-02-02,6.2295
2012-02-03,6.1905
2012-02-04,6.0768
2012-02-05,6.1047
2012-02-06,6.1723
2012-02-07,6.1462
2012-02-08,5.9500
2012-02-09,6.0718
2012-02-10,6.1341
2012-02-11,6.0810
2012-02-12,5.9087
2012-02-13,5.6393
2012-02-14,5.6257
2012-02-15,5.6109
2012-02-16,5.7283
2012-02-17,5.7292
2012-02-18,5.8849
2012-02-19,5.9989
2012-02-20,5.8399
2012-02-21,5.6608
2012-02-22,5.6772
2012-02-23,5.8465
2012-02-24,5.8873
2012-02-25,5.8179
2012-02-26,5.6574
2012-02-27,5.5858
2012-02-28,5.5505
2012-02-29,5.3623
2012-03-01,5.3664
2012-03-02,5.3352
2012-03-03,5.6662
2012-03-04,5.8350
2012-03-05,5.7023
2012-03-06,5.4359
2012-03-07,5.4792
2012-03-08,5.7468
2012-03-09,5.4522
2012-03-10,5.2138
2012-03-11,5.3539
2012-03-12,5.7173
2012-03-13,5.8189
2012-03-14,5.6288
2012-03-15,5.4959
2012-03-16,5.4504
2012-03-17,5.5475
2012-03-18,5.8849
2012-03-19,6.5147
2012-03-20,6.6456
2012-03-21,6.5576
2012-03-22,7.0302
2012-03-23,7.1536
2012-03-24,7.0945
2012-03-25,6.7144
2012-03-26,6.1975
2012-03-27,5.9430
2012-03-28,5.7580
2012-03-29,5.7693
2012-03-30,5.6560
2012-03-31,5.7162
2012-04-01,5.9121
2012-04-02,5.9031
2012-04-03,5.9098
2012-04-04,5.9867
2012-04-05,5.6929
2012-04-06,5.6147
2012-04-07,5.5554
2012-04-08,5.6389
2012-04-09,5.6756
2012-04-10,5.8262
2012-04-11,5.9248
2012-04-12,6.2257
2012-04-13,6.4426
2012-04-14,6.4241
2012-04-15,6.4241
2012-04-16,6.6517
2012-04-17,7.2818
2012-04-18,7.2718
2012-04-19,7.4893
2012-04-20,7.6028
2012-04-21,7.7570
2012-04-22,7.6993
2012-04-23,7.6286
2012-04-24,7.6106
2012-04-25,7.5964
2012-04-26,7.7107
2012-04-27,7.6883
2012-04-28,7.5278
2012-04-29,7.5241
2012-04-30,7.4408
2012-05-01,7.3971
2012-05-02,7.7064
2012-05-03,7.7994
2012-05-04,7.7332
2012-05-05,7.5989
2012-05-06,7.9687
2012-05-07,8.2108
2012-05-08,8.2224
2012-05-09,8.0511
2012-05-10,8.2639
2012-05-11,8.4792
2012-05-12,8.7526
2012-05-13,8.9556
2012-05-14,9.1320
2012-05-15,9.2351
2012-05-16,9.4034
2012-05-17,9.6114
2012-05-18,9.9806
2012-05-19,11.0681
2012-05-20,11.8460
2012-05-21,11.8089
2012-05-22,11.7316
2012-05-23,11.8387
2012-05-24,11.7977
2012-05-25,11.7855
2012-05-26,11.6598
2012-05-27,11.7223
2012-05-28,11.8948
2012-05-29,12.1128
2012-05-30,12.2996
2012-05-31,12.0906
2012-06-01,11.8498
2012-06-02,11.7305
2012-06-03,11.3320
2012-06-04,10.9698
2012-06-05,10.7194
2012-06-06,10.4458
2012-06-07,10.4780
2012-06-08,10.5608
2012-06-09,11.3365
2012-06-10,11.6784
2012-06-11,11.7792
2012-06-12,11.8895
2012-06-13,12.2767
2012-06-14,12.5289
2012-06-15,12.6071
2012-06-16,12.7760
2012-06-17,12.9169
2012-06-18,13.0811
2012-06-19,13.8158
2012-06-20,14.6284
2012-06-21,15.2499
2012-06-22,15.4847
2012-06-23,15.2236
2012-06-24,14.9985
2012-06-25,14.9093
2012-06-26,14.5975
2012-06-27,14.2991
2012-06-28,14.4032
2012-06-29,14.9884
2012-06-30,15.4990
2012-07-01,15.9943
2012-07-02,16.1216
2012-07-03,16.1277
2012-07-04,16.1897
2012-07-05,16.2718
2012-07-06,16.2394
2012-07-07,16.3400
2012-07-08,16.3189
2012-07-09,16.4897
2012-07-10,16.7917
2012-07-11,16.8039
2012-07-12,16.8830
2012-07-13,17.2472
2012-07-14,18.1198
2012-07-15,18.4118
2012-07-16,18.4882
2012-07-17,18.1419
2012-07-18,17.9279
2012-07-19,17.5821
2012-07-20,17.5218
2012-07-21,17.8676
2012-07-22,17.6368
2012-07-23,17.3549
2012-07-24,16.8700
2012-07-25,16.6087
2012-07-26,16.7660
2012-07-27,17.3438
2012-07-28,17.4370
2012-07-29,17.2709
2012-07-30,17.2776
2012-07-31,17.4538
2012-08-01,17.2890
2012-08-02,17.6123
2012-08-03,18.3224
2012-08-04,18.6586
2012-08-05,18.7828
2012-08-06,18.1353
2012-08-07,18.0007
2012-08-08,18.2420
2012-08-09,18.6615
2012-08-10,18.5673
2012-08-11,18.5556
2012-08-12,18.6210
2012-08-13,18.9142
2012-08-14,19.2233
2012-08-15,19.4713
2012-08-16,19.2820
2012-08-17,19.0513
2012-08-18,18.9588
2012-08-19,18.9238
2012-08-20,18.7758
2012-08-21,18.8861
2012-08-22,19.1412
2012-08-23,19.3081
2012-08-24,19.3474
2012-08-25,19.3519
2012-08-26,19.3256
2012-08-27,19.2511
2012-08-28,18.7341
2012-08-29,18.2156
2012-08-30,18.1022
2012-08-31,17.7905
2012-09-01,17.4376
2012-09-02,17.4118
2012-09-03,17.5664
2012-09-04,17.5746
2012-09-05,17.4431
2012-09-06,17.2378
2012-09-07,17.5563
2012-09-08,17.7231
2012-09-09,17.4333
2012-09-10,16.8926
2012-09-11,16.5770
2012-09-12,16.7640
2012-09-13,17.0351
2012-09-14,17.1536
2012-09-15,17.0161
2012-09-16,16.6817
2012-09-17,16.6697
2012-09-18,16.6902
2012-09-19,16.3145
2012-09-20,16.0070
2012-09-21,15.9500
2012-09-22,16.2055
2012-09-23,16.4335
2012-09-24,16.4200
2012-09-25,16.3604
2012-09-26,16.2901
2012-09-27,16.0103
2012-09-28,16.1015
2012-09-29,16.0510
2012-09-30,15.6451
2012-10-01,15.5800
2012-10-02,15.5155
2012-10-03,15.4409
2012-10-04,15.3702
2012-10-05,15.5339
2012-10-06,15.5363
2012-10-07,15.4221
2012-10-08,15.3107
2012-10-09,15.0659
2012-10-10,14.6175
2012-10-11,14.4231
2012-10-12,14.1577
2012-10-13,13.9550
2012-10-14,13.8536
2012-10-15,13.7470
2012-10-16,13.6442
2012-10-17,13.5365
2012-10-18,13.5769
2012-10-19,13.6057
2012-10-20,13.5787
2012-10-21,13.3311
2012-10-22,13.1217
2012-10-23,13.0759
2012-10-24,13.0315
2012-10-25,12.9512
2012-10-26,13.0349
2012-10-27,13.1866
2012-10-28,13.2383
2012-10-29,13.0588
2012-10-30,12.8755
2012-10-31,12.6390
2012-11-01,12.4280
2012-11-02,12.3542
2012-11-03,12.2795
2012-11-04,12.2645
2012-11-05,12.1579
2012-11-06,12.0588
2012-11-07,12.0396
2012-11-08,12.0368
2012-11-09,11.8873
2012-11-10,11.8132
2012-11-11,11.7909
2012-11-12,12.0622
2012-11-13,12.1560
2012-11-14,12.0340
2012-11-15,11.9047
2012-11-16,11.6585
2012-11-17,11.5411
2012-11-18,11.4313
2012-11-19,11.2960
2012-11-20,11.2275
2012-11-21,11.2315
2012-11-22,11.3167
2012-11-23,11.4450
2012-11-24,11.4208
2012-11-25,11.2984
2012-11-26,11.0112
2012-11-27,10.9189
2012-11-28,10.6640
2012-11-29,10.3954
2012-11-30,10.2685
2012-12-01,10.1449
2012-12-02,10.1765
2012-12-03,10.2134
2012-12-04,10.3002
2012-12-05,10.2770
2012-12-06,10.1152
2012-12-07,9.9380
2012-12-08,9.8831
2012-12-09,9.7841
2012-12-10,9.8091
2012-12-11,9.8462
2012-12-12,9.8495
2012-12-13,9.8421
2012-12-14,10.0129
2012-12-15,10.1306
2012-12-16,10.0268
2012-12-17,9.7424
2012-12-18,9.6516
2012-12-19,9.6688
2012-12-20,9.6530
2012-12-21,9.4975
2012-12-22,9.4273
2012-12-23,9.4662
2012-12-24,9.3809
2012-12-25,9.1599
2012-12-26,9.0250
2012-12-27,8.9689
2012-12-28,8.9344
2012-12-29,8.8808
2012-12-30,8.8557
2012-12-31,8.7917
2013-01-01,8.7582
2013-01-02,8.5957
2013-01-03,8.3515
2013-01-04,8.2314
2013-01-05,8.1550
2013-01-06,7.9605
2013-01-07,7.8429
2013-01-08,7.8508
2013-01-09,7.9426
2013-01-10,7.9414
2013-01-11,7.8856
2013-01-12,7.8413
2013-01-13,7.8185
2013-01-14,7.9153
2013-01-15,7.8253
2013-01-16,7.6437
2013-01-17,7.5705
2013-01-18,7.4620
2013-01-19,7.6239
2013-01-20,7.6588
2013-01-21,7.3697
2013-01-22,7.1326
2013-01-23,6.8668
2013-01-24,6.7005
2013-01-25,6.6609
2013-01-26,6.6433
2013-01-27,6.9000
2013-01-28,6.8701
2013-01-29,6.7671
2013-01-30,6.6529
2013-01-31,6.5032
2013-02-01,6.5244
2013-02-02,6.4650
2013-02-03,6.3717
2013-02-04,6.0908
2013-02-05,6.0596
2013-02-06,6.0921
2013-02-07,6.0029
2013-02-08,5.8516
2013-02-09,5.8428
2013-02-10,5.7517
2013-02-11,5.6486
2013-02-12,5.6681
2013-02-13,5.5620
2013-02-14,5.5482
2013-02-15,5.5577
2013-02-16,5.5400
2013-02-17,5.5588
2013-02-18,5.5061
2013-02-19,5.5424
2013-02-20,5.4972
2013-02-21,5.3048
2013-02-22,5.1972
2013-02-23,5.0258
2013-02-24,5.0831
2013-02-25,5.5256
2013-02-26,5.5855
2013-02-27,5.4680
2013-02-28,5.2576
2013-03-01,5.2398
2013-03-02,5.1801
2013-03-03,5.1582
2013-03-04,5.0897
2013-03-05,5.0738
2013-03-06,5.1723
2013-03-07,5.2782
2013-03-08,5.2524
2013-03-09,5.5675
2013-03-10,5.6859
2013-03-11,5.6044
2013-03-12,5.5111
2013-03-13,5.2191
2013-03-14,5.1926
2013-03-15,5.1144
2013-03-16,5.0466
2013-03-17,4.9652
2013-03-18,4.9510
2013-03-19,4.9496
2013-03-20,4.8027
2013-03-21,4.8228
2013-03-22,4.8922
2013-03-23,4.9531
2013-03-24,4.9495
2013-03-25,4.9773
2013-03-26,4.9341
2013-03-27,4.9707
2013-03-28,4.9979
2013-03-29,5.0866
2013-03-30,5.3161
2013-03-31,5.4511
2013-04-01,5.4249
2013-04-02,5.1368
2013-04-03,4.7606
2013-04-04,4.7079
2013-04-05,4.6821
2013-04-06,4.4585
2013-04-07,4.3171
2013-04-08,4.4666
2013-04-09,4.2481
2013-04-10,4.1268
2013-04-11,4.1618
2013-04-12,4.1966
2013-04-13,4.3075
2013-04-14,4.6806
2013-04-15,4.7717
2013-04-16,4.9196
2013-04-17,5.3014
2013-04-18,5.3814
2013-04-19,5.4449
2013-04-20,5.8751
2013-04-21,5.8730
2013-04-22,5.9112
2013-04-23,5.9151
2013-04-24,5.9209
2013-04-25,6.5587
2013-04-26,6.7085
2013-04-27,6.9611
2013-04-28,7.5624
2013-04-29,8.0553
2013-04-30,8.6127
2013-05-01,8.5779
2013-05-02,8.3253
2013-05-03,7.8940
2013-05-04,7.8951
2013-05-05,7.9908
2013-05-06,8.0694
2013-05-07,8.8007
2013-05-08,9.0490
2013-05-09,9.2503
2013-05-10,9.3060
2013-05-11,9.1598
2013-05-12,8.9804
2013-05-13,8.9057
2013-05-14,8.6694
2013-05-15,8.7857
2013-05-16,8.9984
2013-05-17,9.2316
2013-05-18,9.2444
2013-05-19,9.3238
2013-05-20,9.2608
2013-05-21,8.8187
2013-05-22,8.7979
2013-05-23,8.8732
2013-05-24,9.0589
2013-05-25,9.0483
2013-05-26,8.9313
2013-05-27,9.1247
2013-05-28,9.7700
2013-05-29,10.0269
2013-05-30,10.7279
2013-05-31,11.3102
2013-06-01,11.4550
2013-06-02,11.4170
2013-06-03,10.7578
2013-06-04,10.8309
2013-06-05,11.0706
2013-06-06,11.0891
2013-06-07,11.0486
2013-06-08,11.4834
2013-06-09,11.6994
2013-06-10,11.8501
2013-06-11,11.6973
2013-06-12,10.8652
2013-06-13,10.7438
2013-06-14,11.4649
2013-06-15,11.6644
2013-06-16,11.9511
2013-06-17,12.3643
2013-06-18,12.8631
2013-06-19,13.5628
2013-06-20,13.7538
2013-06-21,13.6942
2013-06-22,13.5396
2013-06-23,13.7164
2013-06-24,13.8682
2013-06-25,13.9410
2013-06-26,13.8730
2013-06-27,13.5985
2013-06-28,13.2078
2013-06-29,13.0176
2013-06-30,13.1368
2013-07-01,13.6499
2013-07-02,14.4954
2013-07-03,15.1395
2013-07-04,15.4304
2013-07-05,15.6464
2013-07-06,16.0991
2013-07-07,16.3776
2013-07-08,16.3209
2013-07-09,15.9772
2013-07-10,15.6408
2013-07-11,15.6634
2013-07-12,15.5783
2013-07-13,15.8933
2013-07-14,16.5040
2013-07-15,17.6579
2013-07-16,17.9663
2013-07-17,17.7311
2013-07-18,17.6995
2013-07-19,17.6363
2013-07-20,17.4675
2013-07-21,17.2412
2013-07-22,17.0130
2013-07-23,16.9726
2013-07-24,17.2228
2013-07-25,17.0073
2013-07-26,16.0021
2013-07-27,15.9555
2013-07-28,15.9173
2013-07-29,16.4674
2013-07-30,16.7629
2013-07-31,16.9041
2013-08-01,16.9900
2013-08-02,16.9636
2013-08-03,17.1479
2013-08-04,16.9258
2013-08-05,16.4413
2013-08-06,16.4165
2013-08-07,16.5943
2013-08-08,16.8003
2013-08-09,16.5734
2013-08-10,16.3448
2013-08-11,16.1565
2013-08-12,16.3296
2013-08-13,16.4506
2013-08-14,15.8924
2013-08-15,15.6257
2013-08-16,15.7900
2013-08-17,16.1797
2013-08-18,16.5926
2013-08-19,16.8819
2013-08-20,17.3263
2013-08-21,17.6264
2013-08-22,17.4740
2013-08-23,16.2519
2013-08-24,16.1937
2013-08-25,16.4360
2013-08-26,16.5623
2013-08-27,16.7532
2013-08-28,16.4973
2013-08-29,15.9923
2013-08-30,16.0108
2013-08-31,16.2428
2013-09-01,16.5375
2013-09-02,16.6162
2013-09-03,16.9083
2013-09-04,17.1683
2013-09-05,17.0607
2013-09-06,16.7260
2013-09-07,16.5359
2013-09-08,16.2142
2013-09-09,15.5597
2013-09-10,16.1048
2013-09-11,17.0450
2013-09-12,16.7826
2013-09-13,16.2774
2013-09-14,15.7922
2013-09-15,15.8086
2013-09-16,15.0617
2013-09-17,14.5561
2013-09-18,14.8237
2013-09-19,15.1230
2013-09-20,15.3439
2013-09-21,15.2697
2013-09-22,15.0249
2013-09-23,14.6457
2013-09-24,14.3304
2013-09-25,13.8068
2013-09-26,13.7534
2013-09-27,13.8926
2013-09-28,14.1533
2013-09-29,14.2690
2013-09-30,14.3295
2013-10-01,14.5820
2013-10-02,14.7019
2013-10-03,14.8349
2013-10-04,14.9242
2013-10-05,14.7989
2013-10-06,14.5625
2013-10-07,14.1816
2013-10-08,14.0512
2013-10-09,14.0116
2013-10-10,13.9613
2013-10-11,14.0076
2013-10-12,13.8895
2013-10-13,13.7997
2013-10-14,13.8028
2013-10-15,13.8722
2013-10-16,13.9898
2013-10-17,14.0334
2013-10-18,13.9817
2013-10-19,13.9491
2013-10-20,13.8114
2013-10-21,13.6035
2013-10-22,13.5127
2013-10-23,13.4329
2013-10-24,13.2262
2013-10-25,12.9504
2013-10-26,12.7933
2013-10-27,12.5557
2013-10-28,12.3669
2013-10-29,12.2854
2013-10-30,12.1258
2013-10-31,12.0781
2013-11-01,12.1089
2013-11-02,12.2248
2013-11-03,11.9959
2013-11-04,11.7547
2013-11-05,11.6731
2013-11-06,11.6265
2013-11-07,11.5568
2013-11-08,11.4339
2013-11-09,11.3031
2013-11-10,11.0559
2013-11-11,10.9370
2013-11-12,10.8229
2013-11-13,10.5810
2013-11-14,10.5504
2013-11-15,10.4656
2013-11-16,10.2524
2013-11-17,10.0358
2013-11-18,10.1892
2013-11-19,10.2297
2013-11-20,10.0723
2013-11-21,9.9226
2013-11-22,9.8397
2013-11-23,9.7608
2013-11-24,9.4889
2013-11-25,9.1966
2013-11-26,9.2039
2013-11-27,9.2347
2013-11-28,9.2713
2013-11-29,9.1569
2013-11-30,9.0375
2013-12-01,8.9824
2013-12-02,8.8963
2013-12-03,8.9212
2013-12-04,8.8999
2013-12-05,8.8696
2013-12-06,8.8457
2013-12-07,8.8162
2013-12-08,8.6412
2013-12-09,8.5428
2013-12-10,8.3991
2013-12-11,8.2554
2013-12-12,8.1113
2013-12-13,7.9738
2013-12-14,7.8548
2013-12-15,7.6825
2013-12-16,7.5695
2013-12-17,7.3738
2013-12-18,7.3592
2013-12-19,7.3780
2013-12-20,7.4597
2013-12-21,7.4738
2013-12-22,7.4753
2013-12-23,7.4329
2013-12-24,7.2783
2013-12-25,6.9510
2013-12-26,6.9435
2013-12-27,7.1473
2013-12-28,7.1391
2013-12-29,7.0763
2013-12-30,6.9378
2013-12-31,6.7498
2014-01-01,6.7789
2014-01-02,6.7162
2014-01-03,6.5929
2014-01-04,6.4573
2014-01-05,6.5194
2014-01-06,6.4862
2014-01-07,6.2611
2014-01-08,6.0959
2014-01-09,5.9829
2014-01-10,5.9376
2014-01-11,5.8986
2014-01-12,5.9367
2014-01-13,5.9087
2014-01-14,5.7587
2014-01-15,5.7137
2014-01-16,5.7008
2014-01-17,5.5971
2014-01-18,5.4883
2014-01-19,5.3198
2014-01-20,5.2320
2014-01-21,5.0645
2014-01-22,5.0489
2014-01-23,4.9615
2014-01-24,4.8859
2014-01-25,4.8476
2014-01-26,4.9143
2014-01-27,4.8439
2014-01-28,4.8041
2014-01-29,5.1147
2014-01-30,5.2597
2014-01-31,5.2829
2014-02-01,5.2347
2014-02-02,5.1633
2014-02-03,5.3462
2014-02-04,5.3553
2014-02-05,5.2694
2014-02-06,5.0550
2014-02-07,4.9129
2014-02-08,4.8289
2014-02-09,4.7401
2014-02-10,4.5810
2014-02-11,4.5022
2014-02-12,4.4900
2014-02-13,4.4811
2014-02-14,4.6312
2014-02-15,4.8126
2014-02-16,4.6483
2014-02-17,4.3878
2014-02-18,4.3079
2014-02-19,4.6264
2014-02-20,4.8896
2014-02-21,4.8193
2014-02-22,4.9096
2014-02-23,4.8730
2014-02-24,4.5531
2014-02-25,4.1871
2014-02-26,3.8290
2014-02-27,3.8200
2014-02-28,4.0131
2014-03-01,4.1031
2014-03-02,4.0549
2014-03-03,4.1161
2014-03-04,4.0500
2014-03-05,4.3032
2014-03-06,4.3280
2014-03-07,4.1832
2014-03-08,4.3475
2014-03-09,4.4231
2014-03-10,4.4178
2014-03-11,4.3769
2014-03-12,4.2673
2014-03-13,4.6305
2014-03-14,4.7166
2014-03-15,4.5222
2014-03-16,4.2999
2014-03-17,4.2037
2014-03-18,4.2915
2014-03-19,4.2964
2014-03-20,4.3164
2014-03-21,4.3638
2014-03-22,4.2947
2014-03-23,4.3997
2014-03-24,4.3277
2014-03-25,4.2180
2014-03-26,4.2193
2014-03-27,4.3984
2014-03-28,4.2814
2014-03-29,4.2408
2014-03-30,4.2284
2014-03-31,4.4034
2014-04-01,4.5186
2014-04-02,4.4578
2014-04-03,4.2998
2014-04-04,4.3007
2014-04-05,4.1903
2014-04-06,4.1265
2014-04-07,4.1042
2014-04-08,4.4211
2014-04-09,4.6945
2014-04-10,4.7290
2014-04-11,4.7892
2014-04-12,5.2149
2014-04-13,5.1067
2014-04-14,4.9229
2014-04-15,4.8832
2014-04-16,4.8061
2014-04-17,4.7385
2014-04-18,4.9327
2014-04-19,5.3768
2014-04-20,5.5069
2014-04-21,5.5707
2014-04-22,5.6793
2014-04-23,5.7620
2014-04-24,5.5325
2014-04-25,5.4999
2014-04-26,5.5876
2014-04-27,5.6420
2014-04-28,5.5026
2014-04-29,5.3251
2014-04-30,5.2457
2014-05-01,6.0988
2014-05-02,6.7495
2014-05-03,6.8998
2014-05-04,6.7798
2014-05-05,6.6553
2014-05-06,7.0695
2014-05-07,7.3922
2014-05-08,7.6318
2014-05-09,7.5997
2014-05-10,7.8201
2014-05-11,8.0929
2014-05-12,8.2086
2014-05-13,7.9549
2014-05-14,7.9265
2014-05-15,7.9341
2014-05-16,8.1442
2014-05-17,8.4916
2014-05-18,8.7384
2014-05-19,8.6970
2014-05-20,8.8570
2014-05-21,9.4799
2014-05-22,9.4165
2014-05-23,9.1792
2014-05-24,9.2162
2014-05-25,9.3172
2014-05-26,9.4286
2014-05-27,9.3113
2014-05-28,8.8385
2014-05-29,8.9092
2014-05-30,9.1591
2014-05-31,9.3712
2014-06-01,9.5515
2014-06-02,9.8692
2014-06-03,10.1638
2014-06-04,10.4072
2014-06-05,10.4409
2014-06-06,10.6461
2014-06-07,11.1099
2014-06-08,12.3608
2014-06-09,12.7240
2014-06-10,11.8444
2014-06-11,11.7491
2014-06-12,11.7347
2014-06-13,11.9037
2014-06-14,11.6323
2014-06-15,11.0545
2014-06-16,10.8641
2014-06-17,11.4724
2014-06-18,11.6533
2014-06-19,11.7546
2014-06-20,11.7096
2014-06-21,11.9522
2014-06-22,12.7501
2014-06-23,13.3046
2014-06-24,13.3589
2014-06-25,13.4334
2014-06-26,13.2258
2014-06-27,13.4288
2014-06-28,13.9565
2014-06-29,14.0035
2014-06-30,13.8976
2014-07-01,13.9906
2014-07-02,14.2373
2014-07-03,14.9335
2014-07-04,15.1244
2014-07-05,13.6073
2014-07-06,13.3546
2014-07-07,13.5345
2014-07-08,14.1418
2014-07-09,14.3090
2014-07-10,14.3977
2014-07-11,15.2131
2014-07-12,15.3645
2014-07-13,15.2386
2014-07-14,14.8864
2014-07-15,15.0426
2014-07-16,15.3939
2014-07-17,15.3884
2014-07-18,15.2762
2014-07-19,15.4622
2014-07-20,15.7702
2014-07-21,16.1399
2014-07-22,16.6249
2014-07-23,16.7667
2014-07-24,16.3205
2014-07-25,16.0688
2014-07-26,16.2975
2014-07-27,16.4553
2014-07-28,16.3259
2014-07-29,16.2027
2014-07-30,16.4498
2014-07-31,16.9520
2014-08-01,17.2613
2014-08-02,17.3281
2014-08-03,17.4100
2014-08-04,17.6203
2014-08-05,17.7619
2014-08-06,17.6676
2014-08-07,17.5510
2014-08-08,17.4731
2014-08-09,17.5993
2014-08-10,17.7358
2014-08-11,17.9563
2014-08-12,17.9440
2014-08-13,17.3153
2014-08-14,16.6718
2014-08-15,16.6039
2014-08-16,16.4354
2014-08-17,16.6181
2014-08-18,16.8323
2014-08-19,17.2144
2014-08-20,17.6538
2014-08-21,17.7256
2014-08-22,17.3081
2014-08-23,17.1887
2014-08-24,17.4464
2014-08-25,17.7066
2014-08-26,17.7460
2014-08-27,17.6905
2014-08-28,17.2212
2014-08-29,16.7394
2014-08-30,16.6488
2014-08-31,16.8013
2014-09-01,17.3669
2014-09-02,17.7309
2014-09-03,17.8164
2014-09-04,17.9067
2014-09-05,17.8977
2014-09-06,17.6965
2014-09-07,17.0640
2014-09-08,16.9345
2014-09-09,16.8408
2014-09-10,16.6025
2014-09-11,16.3716
2014-09-12,16.1917
2014-09-13,16.1454
2014-09-14,15.9614
2014-09-15,15.9209
2014-09-16,15.9352
2014-09-17,16.3865
2014-09-18,16.2754
2014-09-19,15.6704
2014-09-20,15.3501
2014-09-21,15.5840
2014-09-22,15.5284
2014-09-23,15.4170
2014-09-24,15.3447
2014-09-25,15.3776
2014-09-26,15.6197
2014-09-27,15.8913
2014-09-28,16.1434
2014-09-29,16.0813
2014-09-30,15.4444
2014-10-01,15.0206
2014-10-02,14.9705
2014-10-03,14.9155
2014-10-04,14.4391
2014-10-05,14.7828
2014-10-06,14.8361
2014-10-07,14.8077
2014-10-08,14.9479
2014-10-09,14.8274
2014-10-10,14.6896
2014-10-11,14.4888
2014-10-12,14.3522
2014-10-13,14.2833
2014-10-14,14.2171
2014-10-15,14.4384
2014-10-16,14.6460
2014-10-17,14.6757
2014-10-18,14.6945
2014-10-19,14.6034
2014-10-20,14.2576
2014-10-21,13.7595
2014-10-22,13.5548
2014-10-23,13.4804
2014-10-24,13.5873
2014-10-25,13.5696
2014-10-26,13.4565
2014-10-27,13.3669
2014-10-28,13.3611
2014-10-29,13.2891
2014-10-30,12.9792
2014-10-31,12.8957
2014-11-01,12.8716
2014-11-02,12.3122
2014-11-03,12.0399
2014-11-04,11.9676
2014-11-05,11.9496
2014-11-06,11.8882
2014-11-07,11.8384
2014-11-08,11.6124
2014-11-09,11.5084
2014-11-10,11.5420
2014-11-11,11.6080
2014-11-12,11.6600
2014-11-13,11.7028
2014-11-14,11.5749
2014-11-15,11.0901
2014-11-16,10.9518
2014-11-17,11.0090
2014-11-18,11.0516
2014-11-19,10.8766
2014-11-20,10.7901
2014-11-21,10.8439
2014-11-22,10.7202
2014-11-23,10.5927
2014-11-24,10.5519
2014-11-25,10.4790
2014-11-26,10.3565
2014-11-27,10.2007
2014-11-28,9.9467
2014-11-29,9.7924
2014-11-30,9.8291
2014-12-01,9.8470
2014-12-02,9.8554
2014-12-03,9.9743
2014-12-04,9.9352
2014-12-05,9.8501
2014-12-06,9.8302
2014-12-07,9.5046
2014-12-08,9.4138
2014-12-09,9.4346
2014-12-10,9.3838
2014-12-11,9.3506
2014-12-12,9.2423
2014-12-13,9.1131
2014-12-14,9.1014
2014-12-15,9.0809
2014-12-16,8.9389
2014-12-17,8.8558
2014-12-18,8.7853
2014-12-19,8.6051
2014-12-20,8.2812
2014-12-21,8.1631
2014-12-22,8.2059
2014-12-23,8.2494
2014-12-24,8.2217
2014-12-25,8.5025
2014-12-26,8.5252
2014-12-27,8.5161
2014-12-28,8.4812
2014-12-29,8.3207
2014-12-30,8.2549
2014-12-31,8.0686
2015-01-01,7.9469
2015-01-02,8.0968
2015-01-03,8.1204
2015-01-04,8.3047
2015-01-05,8.3669
2015-01-06,8.2728
2015-01-07,7.9263
2015-01-08,7.7006
2015-01-09,7.6663
2015-01-10,7.5581
2015-01-11,7.4723
2015-01-12,7.3952
2015-01-13,7.2093
2015-01-14,6.9824
2015-01-15,7.1743
2015-01-16,7.1971
2015-01-17,7.1914
2015-01-18,7.1672
2015-01-19,7.1404
2015-01-20,6.9357
2015-01-21,6.8243
2015-01-22,6.6769
2015-01-23,6.5650
2015-01-24,6.5575
2015-01-25,6.6810
2015-01-26,6.7026
2015-01-27,6.6603
2015-01-28,6.4744
2015-01-29,6.4491
2015-01-30,6.4086
2015-01-31,6.3064
2015-02-01,6.2088
2015-02-02,6.1654
2015-02-03,5.8682
2015-02-04,5.6107
2015-02-05,5.4891
2015-02-06,5.3979
2015-02-07,5.2849
2015-02-08,5.1689
2015-02-09,5.0720
2015-02-10,5.0067
2015-02-11,4.9928
2015-02-12,4.9089
2015-02-13,4.5382
2015-02-14,4.3924
2015-02-15,4.5718
2015-02-16,4.5102
2015-02-17,4.2706
2015-02-18,4.0752
2015-02-19,4.0115
2015-02-20,4.2171
2015-02-21,4.2619
2015-02-22,4.1771
2015-02-23,3.9017
2015-02-24,3.7030
2015-02-25,3.7255
2015-02-26,3.7291
2015-02-27,3.6178
2015-02-28,3.5714
2015-03-01,3.5425
2015-03-02,3.3782
2015-03-03,3.3817
2015-03-04,3.3563
2015-03-05,3.1728
2015-03-06,3.3338
2015-03-07,3.4374
2015-03-08,3.3401
2015-03-09,3.4204
2015-03-10,3.3760
2015-03-11,3.5446
2015-03-12,3.6415
2015-03-13,3.4425
2015-03-14,3.4015
2015-03-15,3.2769
2015-03-16,3.2123
2015-03-17,3.3750
2015-03-18,3.4743
2015-03-19,3.4695
2015-03-20,3.4300
2015-03-21,3.3633
2015-03-22,3.2461
2015-03-23,3.2214
2015-03-24,3.3152
2015-03-25,3.5804
2015-03-26,3.5869
2015-03-27,3.4803
2015-03-28,3.2502
2015-03-29,3.3026
2015-03-30,3.3548
2015-03-31,3.1287
2015-04-01,3.0326
2015-04-02,3.0149
2015-04-03,3.0877
2015-04-04,3.3285
2015-04-05,3.4148
2015-04-06,3.4009
2015-04-07,3.4091
2015-04-08,3.4385
2015-04-09,3.4711
2015-04-10,3.4577
2015-04-11,3.4890
2015-04-12,3.6421
2015-04-13,3.8911
2015-04-14,4.1802
2015-04-15,4.5567
2015-04-16,4.5506
2015-04-17,4.5110
2015-04-18,4.6475
2015-04-19,4.4950
2015-04-20,4.2974
2015-04-21,4.4696
2015-04-22,4.5521
2015-04-23,4.4466
2015-04-24,4.4065
2015-04-25,4.4740
2015-04-26,4.6751
2015-04-27,4.8494
2015-04-28,4.8865
2015-04-29,5.0112
2015-04-30,4.9675
2015-05-01,5.2150
2015-05-02,5.4985
2015-05-03,5.8692
2015-05-04,6.0988
2015-05-05,6.3973
2015-05-06,6.7439
2015-05-07,6.5800
2015-05-08,6.6875
2015-05-09,6.9739
2015-05-10,7.2015
2015-05-11,7.2434
2015-05-12,7.4078
2015-05-13,7.5718
2015-05-14,7.6419
2015-05-15,7.6419
2015-05-16,7.8439
2015-05-17,8.0961
2015-05-18,8.0574
2015-05-19,8.0613
2015-05-20,8.0441
2015-05-21,7.9798
2015-05-22,7.7747
2015-05-23,7.3963
2015-05-24,7.7086
2015-05-25,8.0659
2015-05-26,8.9216
2015-05-27,9.8095
2015-05-28,9.7948
2015-05-29,9.9104
2015-05-30,9.9949
2015-05-31,9.5960
2015-06-01,9.2943
2015-06-02,9.0341
2015-06-03,9.1043
2015-06-04,9.2137
2015-06-05,9.2802
2015-06-06,9.6467
2015-06-07,9.9825
2015-06-08,9.8386
2015-06-09,9.7189
2015-06-10,9.9680
2015-06-11,10.3444
2015-06-12,10.9737
2015-06-13,11.1837
2015-06-14,11.2685
2015-06-15,11.1340
2015-06-16,10.9382
2015-06-17,10.8701
2015-06-18,11.0629
2015-06-19,11.3813
2015-06-20,11.7810
2015-06-21,11.6713
2015-06-22,11.5250
2015-06-23,11.5793
2015-06-24,12.0886
2015-06-25,12.3737
2015-06-26,12.3962
2015-06-27,12.3139
2015-06-28,12.0674
2015-06-29,12.0414
2015-06-30,12.2787
2015-07-01,12.4626
2015-07-02,12.6137
2015-07-03,12.9231
2015-07-04,13.0482
2015-07-05,13.5031
2015-07-06,14.2733
2015-07-07,14.3114
2015-07-08,14.3412
2015-07-09,14.5025
2015-07-10,14.9357
2015-07-11,15.2498
2015-07-12,15.1408
2015-07-13,15.3149
2015-07-14,15.5512
2015-07-15,15.0692
2015-07-16,14.5114
2015-07-17,14.6843
2015-07-18,14.7281
2015-07-19,15.0878
2015-07-20,15.4829
2015-07-21,15.4714
2015-07-22,15.3572
2015-07-23,15.6705
2015-07-24,16.1655
2015-07-25,16.0340
2015-07-26,15.6824
2015-07-27,16.0931
2015-07-28,16.9898
2015-07-29,17.3003
2015-07-30,17.1827
2015-07-31,16.7718
2015-08-01,16.8334
2015-08-02,16.7701
2015-08-03,16.6496
2015-08-04,16.3580
2015-08-05,16.2398
2015-08-06,16.2241
2015-08-07,16.5676
2015-08-08,16.3938
2015-08-09,15.9544
2015-08-10,15.9513
2015-08-11,16.0703
2015-08-12,16.2206
2015-08-13,16.8026
2015-08-14,16.9323
2015-08-15,17.2618
2015-08-16,18.0782
2015-08-17,18.3327
2015-08-18,18.7721
2015-08-19,18.7767
2015-08-20,18.6371
2015-08-21,18.4448
2015-08-22,18.6809
2015-08-23,18.4014
2015-08-24,18.3439
2015-08-25,18.2988
2015-08-26,18.2629
2015-08-27,18.4470
2015-08-28,18.5577
2015-08-29,18.6396
2015-08-30,18.7081
2015-08-31,18.5830
2015-09-01,18.2286
2015-09-02,18.2851
2015-09-03,17.9402
2015-09-04,17.2879
2015-09-05,17.3637
2015-09-06,17.3599
2015-09-07,17.5751
2015-09-08,17.8747
2015-09-09,17.7543
2015-09-10,17.6487
2015-09-11,17.4092
2015-09-12,17.1395
2015-09-13,16.8638
2015-09-14,16.5059
2015-09-15,16.5766
2015-09-16,16.8324
2015-09-17,17.2779
2015-09-18,17.5739
2015-09-19,17.4414
2015-09-20,16.8785
2015-09-21,16.3683
2015-09-22,16.3094
2015-09-23,16.3463
2015-09-24,16.1783
2015-09-25,15.9372
2015-09-26,15.4883
2015-09-27,15.5319
2015-09-28,15.6734
2015-09-29,15.8690
2015-09-30,15.9426
2015-10-01,15.4301
2015-10-02,14.9259
2015-10-03,14.0032
2015-10-04,13.6230
2015-10-05,13.5858
2015-10-06,13.7215
2015-10-07,13.7576
2015-10-08,13.7234
2015-10-09,13.6186
2015-10-10,13.4153
2015-10-11,13.6378
2015-10-12,13.7787
2015-10-13,13.8960
2015-10-14,13.8113
2015-10-15,13.6553
2015-10-16,13.4485
2015-10-17,13.2701
2015-10-18,12.9991
2015-10-19,12.7888
2015-10-20,12.8033
2015-10-21,12.7398
2015-10-22,12.6074
2015-10-23,12.5445
2015-10-24,12.4600
2015-10-25,12.4828
2015-10-26,12.3886
2015-10-27,12.2018
2015-10-28,12.0877
2015-10-29,12.1382
2015-10-30,12.0150
2015-10-31,11.8590
2015-11-01,11.7761
2015-11-02,11.7241
2015-11-03,11.8397
2015-11-04,12.0031
2015-11-05,12.0447
2015-11-06,12.0259
2015-11-07,11.9415
2015-11-08,11.8742
2015-11-09,11.8125
2015-11-10,11.7851
2015-11-11,11.6956
2015-11-12,11.6978
2015-11-13,11.7428
2015-11-14,11.6059
2015-11-15,11.3321
2015-11-16,11.1939
2015-11-17,10.9686
2015-11-18,10.7714
2015-11-19,10.7170
2015-11-20,10.8431
2015-11-21,10.8539
2015-11-22,10.7746
2015-11-23,10.6545
2015-11-24,10.5227
2015-11-25,10.3908
2015-11-26,10.3033
2015-11-27,10.2884
2015-11-28,10.3587
2015-11-29,10.2855
2015-11-30,9.8989
2015-12-01,9.4855
2015-12-02,9.4553
2015-12-03,9.6063
2015-12-04,9.4181
2015-12-05,9.2913
2015-12-06,9.2702
2015-12-07,9.3190
2015-12-08,9.2894
2015-12-09,9.0131
2015-12-10,8.9925
2015-12-11,9.4365
2015-12-12,9.5223
2015-12-13,9.4463
2015-12-14,9.3909
2015-12-15,9.4423
2015-12-16,9.3938
2015-12-17,9.3316
2015-12-18,9.3292
2015-12-19,9.2617
2015-12-20,9.2101
2015-12-21,9.1890
2015-12-22,9.1260
2015-12-23,8.9577
2015-12-24,9.0341
2015-12-25,9.3978
2015-12-26,9.4531
2015-12-27,9.3790
2015-12-28,9.1589
2015-12-29,8.9547
2015-12-30,8.6853
2015-12-31,8.6386
2016-01-01,8.5621
2016-01-02,8.4500
2016-01-03,8.2406
2016-01-04,8.1855
2016-01-05,8.3125
2016-01-06,8.3763
2016-01-07,8.3278
2016-01-08,7.9427
2016-01-09,7.6446
2016-01-10,7.8586
2016-01-11,7.9075
2016-01-12,7.7780
2016-01-13,7.5946
2016-01-14,7.3485
2016-01-15,7.2082
2016-01-16,7.1613
2016-01-17,7.1005
2016-01-18,6.9888
2016-01-19,6.8473
2016-01-20,6.6654
2016-01-21,6.5258
2016-01-22,6.4816
2016-01-23,6.4067
2016-01-24,6.3052
2016-01-25,6.1763
2016-01-26,6.0368
2016-01-27,6.0125
2016-01-28,6.0582
2016-01-29,6.0259
2016-01-30,5.9134
2016-01-31,6.0558
2016-02-01,6.5401
2016-02-02,6.4945
2016-02-03,6.3000
2016-02-04,6.2144
2016-02-05,6.1149
2016-02-06,6.1721
2016-02-07,6.2307
2016-02-08,6.0708
2016-02-09,5.8078
2016-02-10,5.8620
2016-02-11,5.9624
2016-02-12,5.8264
2016-02-13,5.4893
2016-02-14,5.3904
2016-02-15,5.1354
2016-02-16,5.1392
2016-02-17,5.5443
2016-02-18,5.5396
2016-02-19,5.4696
2016-02-20,5.4960
2016-02-21,5.5865
2016-02-22,5.4720
2016-02-23,5.2848
2016-02-24,5.1800
2016-02-25,5.1450
2016-02-26,5.0952
2016-02-27,5.0111
2016-02-28,5.0529
2016-02-29,5.1963
2016-03-01,5.2813
2016-03-02,5.1818
2016-03-03,5.0639
2016-03-04,4.9780
2016-03-05,4.8753
2016-03-06,4.7258
2016-03-07,4.8313
2016-03-08,5.0021
2016-03-09,5.1026
2016-03-10,5.1446
2016-03-11,5.3686
2016-03-12,5.4116
2016-03-13,5.3792
2016-03-14,5.1731
2016-03-15,5.1839
2016-03-16,5.2460
2016-03-17,5.2848
2016-03-18,5.2690
2016-03-19,5.1825
2016-03-20,5.2118
2016-03-21,5.1516
2016-03-22,5.2389
2016-03-23,5.3905
2016-03-24,5.3761
2016-03-25,5.2090
2016-03-26,5.1952
2016-03-27,5.2509
2016-03-28,5.1961
2016-03-29,5.1910
2016-03-30,5.2325
2016-03-31,5.5032
2016-04-01,5.5720
2016-04-02,5.3783
2016-04-03,5.2010
2016-04-04,4.9831
2016-04-05,4.6514
2016-04-06,4.6088
2016-04-07,4.7589
2016-04-08,5.3614
2016-04-09,5.3310
2016-04-10,5.3524
2016-04-11,5.3075
2016-04-12,5.7540
2016-04-13,5.9823
2016-04-14,5.7791
2016-04-15,5.7166
2016-04-16,5.7164
2016-04-17,5.6390
2016-04-18,5.9521
2016-04-19,5.7231
2016-04-20,5.6658
2016-04-21,5.9552
2016-04-22,6.5803
2016-04-23,6.8658
2016-04-24,6.3585
2016-04-25,6.2982
2016-04-26,6.0797
2016-04-27,5.9016
2016-04-28,6.0241
2016-04-29,6.0568
2016-04-30,6.6936
2016-05-01,6.7116
2016-05-02,6.8241
2016-05-03,6.8126
2016-05-04,6.8227
2016-05-05,6.6802
2016-05-06,6.6856
2016-05-07,6.8495
2016-05-08,6.9308
2016-05-09,6.7064
2016-05-10,6.9333
2016-05-11,7.5276
2016-05-12,8.3263
2016-05-13,8.4392
2016-05-14,8.9973
2016-05-15,8.5493
2016-05-16,7.8324
2016-05-17,7.3646
2016-05-18,8.1661
2016-05-19,8.7310
2016-05-20,9.0210
2016-05-21,9.3891
2016-05-22,9.2283
2016-05-23,9.2732
2016-05-24,9.3357
2016-05-25,9.5115
2016-05-26,10.6421
2016-05-27,10.2596
2016-05-28,10.6558
2016-05-29,10.3528
2016-05-30,10.2954
2016-05-31,10.5045
2016-06-01,10.8761
2016-06-02,11.0869
2016-06-03,11.2320
2016-06-04,11.4666
2016-06-05,11.6265
2016-06-06,11.3614
2016-06-07,11.5036
2016-06-08,11.4581
2016-06-09,11.7798
2016-06-10,11.3172
2016-06-11,11.7468
2016-06-12,11.7019
2016-06-13,11.2596
2016-06-14,11.2868
2016-06-15,11.6898
2016-06-16,12.8132
2016-06-17,13.4614
2016-06-18,13.3621
2016-06-19,13.4229
2016-06-20,13.2326
2016-06-21,13.3090
2016-06-22,13.7818
2016-06-23,13.8602
2016-06-24,14.2315
2016-06-25,14.8461
2016-06-26,15.2690
2016-06-27,14.6262
2016-06-28,14.4081
2016-06-29,14.4849
2016-06-30,14.9237
2016-07-01,15.5940
2016-07-02,15.1311
2016-07-03,14.9721
2016-07-04,15.0261
2016-07-05,15.2383
2016-07-06,15.5755
2016-07-07,15.6794
2016-07-08,15.4119
2016-07-09,15.1514
2016-07-10,14.5792
2016-07-11,14.7663
2016-07-12,15.5117
2016-07-13,15.8156
2016-07-14,16.0345
2016-07-15,16.4137
2016-07-16,16.9806
2016-07-17,17.3246
2016-07-18,17.4726
2016-07-19,16.8025
2016-07-20,16.6734
2016-07-21,16.9845
2016-07-22,17.0169
2016-07-23,17.0370
2016-07-24,17.3644
2016-07-25,18.1344
2016-07-26,18.4119
2016-07-27,18.7046
2016-07-28,18.6215
2016-07-29,18.5177
2016-07-30,18.7248
2016-07-31,18.6719
2016-08-01,18.6069
2016-08-02,18.3472
2016-08-03,18.4625
2016-08-04,18.4670
2016-08-05,18.4456
2016-08-06,17.9611
2016-08-07,17.6906
2016-08-08,17.6998
2016-08-09,17.6071
2016-08-10,17.6721
2016-08-11,17.9214
2016-08-12,18.2281
2016-08-13,18.2393
2016-08-14,18.4329
2016-08-15,18.7423
2016-08-16,18.6825
2016-08-17,18.3763
2016-08-18,17.7509
2016-08-19,17.8249
2016-08-20,17.7886
2016-08-21,17.8906
2016-08-22,17.3915
2016-08-23,17.0766
2016-08-24,17.1676
2016-08-25,17.3598
2016-08-26,17.5433
2016-08-27,17.7104
2016-08-28,17.9953
2016-08-29,17.8982
2016-08-30,17.6208
2016-08-31,17.5393
2016-09-01,17.2220
2016-09-02,17.0873
2016-09-03,17.2382
2016-09-04,17.3155
2016-09-05,17.5244
2016-09-06,17.9183
2016-09-07,18.2107
2016-09-08,18.2491
2016-09-09,18.4555
2016-09-10,18.7642
2016-09-11,18.2680
2016-09-12,17.8051
2016-09-13,17.7915
2016-09-14,17.6818
2016-09-15,17.1265
2016-09-16,16.9989
2016-09-17,16.8562
2016-09-18,16.7893
2016-09-19,16.7462
2016-09-20,17.0534
2016-09-21,17.6926
2016-09-22,17.7888
2016-09-23,17.2756
2016-09-24,16.4771
2016-09-25,15.8850
2016-09-26,15.5878
2016-09-27,15.5306
2016-09-28,15.3065
2016-09-29,15.0341
2016-09-30,14.8512
2016-10-01,14.7788
2016-10-02,14.7548
2016-10-03,14.8742
2016-10-04,14.8885
2016-10-05,15.1012
2016-10-06,15.3447
2016-10-07,15.4837
2016-10-08,15.5356
2016-10-09,15.2838
2016-10-10,14.4365
2016-10-11,14.4158
2016-10-12,14.4642
2016-10-13,14.5766
2016-10-14,14.3657
2016-10-15,13.9046
2016-10-16,13.9406
2016-10-17,14.2384
2016-10-18,14.2804
2016-10-19,14.3914
2016-10-20,14.3894
2016-10-21,14.3205
2016-10-22,14.1730
2016-10-23,13.3027
2016-10-24,13.1308
2016-10-25,12.9552
2016-10-26,12.6437
2016-10-27,12.5419
2016-10-28,12.5889
2016-10-29,12.5454
2016-10-30,12.4858
2016-10-31,12.2812
2016-11-01,12.0794
2016-11-02,12.0887
2016-11-03,12.0372
2016-11-04,11.8727
2016-11-05,11.6815
2016-11-06,11.5565
2016-11-07,11.3868
2016-11-08,11.3652
2016-11-09,11.4143
2016-11-10,11.4522
2016-11-11,11.5665
2016-11-12,11.3960
2016-11-13,11.2995
2016-11-14,11.3882
2016-11-15,11.3298
2016-11-16,11.1531
2016-11-17,11.0681
2016-11-18,11.1592
2016-11-19,11.1354
2016-11-20,10.9903
2016-11-21,10.7407
2016-11-22,10.6039
2016-11-23,10.4805
2016-11-24,10.4658
2016-11-25,10.4866
2016-11-26,10.4516
2016-11-27,10.4042
2016-11-28,10.4158
2016-11-29,10.3877
2016-11-30,10.4181
2016-12-01,10.4713
2016-12-02,10.3860
2016-12-03,10.2547
2016-12-04,10.0099
2016-12-05,9.8595
2016-12-06,9.8812
2016-12-07,9.7801
2016-12-08,9.6447
2016-12-09,9.5621
2016-12-10,9.3978
2016-12-11,9.3189
2016-12-12,9.2938
2016-12-13,9.2909
2016-12-14,9.0513
2016-12-15,8.8723
2016-12-16,8.7696
2016-12-17,8.6326
2016-12-18,8.6631
2016-12-19,8.5106
2016-12-20,8.3463
2016-12-21,8.3976
2016-12-22,8.2332
2016-12-23,8.1553
2016-12-24,8.2511
2016-12-25,8.3792
2016-12-26,8.2104
2016-12-27,8.2301
2016-12-28,8.3856
2016-12-29,8.3090
2016-12-30,8.1859
2016-12-31,8.1659
2017-01-01,8.3356
2017-01-02,8.2742
2017-01-03,8.0545
2017-01-04,8.1020
2017-01-05,8.2715
2017-01-06,7.7421
2017-01-07,7.5585
2017-01-08,7.3629
2017-01-09,7.3947
2017-01-10,7.3789
2017-01-11,7.5413
2017-01-12,7.6259
2017-01-13,8.3546
2017-01-14,7.5647
2017-01-15,8.1144
2017-01-16,7.8997
2017-01-17,7.3712
2017-01-18,6.9552
2017-01-19,6.8327
2017-01-20,7.1586
2017-01-21,6.7609
2017-01-22,6.7314
2017-01-23,6.6156
2017-01-24,6.5884
2017-01-25,6.8675
2017-01-26,6.9398
2017-01-27,6.9936
2017-01-28,6.7286
2017-01-29,6.4848
2017-01-30,6.5535
2017-01-31,6.1700
2017-02-01,6.0522
2017-02-02,6.1322
2017-02-03,5.8657
2017-02-04,5.7774
2017-02-05,5.5868
2017-02-06,5.9571
2017-02-07,5.7029
2017-02-08,5.6567
2017-02-09,5.5647
2017-02-10,5.4090
2017-02-11,5.2396
2017-02-12,5.3851
2017-02-13,5.3468
2017-02-14,5.3689
2017-02-15,5.1854
2017-02-16,5.1375
2017-02-17,5.1739
2017-02-18,4.9991
2017-02-19,5.3216
2017-02-20,4.9689
2017-02-21,5.1022
2017-02-22,4.9988
2017-02-23,5.2329
2017-02-24,5.5116
2017-02-25,5.5980
2017-02-26,5.5092
2017-02-27,5.2407
2017-02-28,5.2084
2017-03-01,5.2474
2017-03-02,5.2961
2017-03-03,5.1119
2017-03-04,4.7345
2017-03-05,4.5753
2017-03-06,4.5332
2017-03-07,4.3795
2017-03-08,4.4662
2017-03-09,4.4840
2017-03-10,4.4061
2017-03-11,4.2695
2017-03-12,4.1300
2017-03-13,4.1003
2017-03-14,4.0056
2017-03-15,4.0897
2017-03-16,4.1591
2017-03-17,4.3207
2017-03-18,4.3490
2017-03-19,4.3442
2017-03-20,4.4340
2017-03-21,4.5358
2017-03-22,4.4065
2017-03-23,4.1936
2017-03-24,3.9884
2017-03-25,4.1035
2017-03-26,4.1547
2017-03-27,4.0908
2017-03-28,3.9380
2017-03-29,4.0181
2017-03-30,3.8792
2017-03-31,3.7827
2017-04-01,3.7685
2017-04-02,4.2120
2017-04-03,4.2348
2017-04-04,3.9732
2017-04-05,3.7316
2017-04-06,4.0727
2017-04-07,4.1756
2017-04-08,4.3594
2017-04-09,4.7663
2017-04-10,4.9912
2017-04-11,5.1221
2017-04-12,5.2672
2017-04-13,5.2825
2017-04-14,5.3032
2017-04-15,5.3123
2017-04-16,5.5805
2017-04-17,6.0235
2017-04-18,5.6530
2017-04-19,5.3266
2017-04-20,5.2810
2017-04-21,5.2253
2017-04-22,5.3910
2017-04-23,5.8713
2017-04-24,5.9412
2017-04-25,5.8401
2017-04-26,5.6223
2017-04-27,5.7058
2017-04-28,5.9392
2017-04-29,5.9879
2017-04-30,5.9191
2017-05-01,5.7282
2017-05-02,5.8403
2017-05-03,5.8907
2017-05-04,5.9349
2017-05-05,6.0018
2017-05-06,6.3401
2017-05-07,6.5275
2017-05-08,6.6025
2017-05-09,6.8351
2017-05-10,6.8623
2017-05-11,6.8837
2017-05-12,7.0893
2017-05-13,7.1937
2017-05-14,7.1389
2017-05-15,7.2450
2017-05-16,7.3912
2017-05-17,7.8034
2017-05-18,8.2274
2017-05-19,8.4280
2017-05-20,8.4202
2017-05-21,8.6574
2017-05-22,8.7132
2017-05-23,8.6857
2017-05-24,8.6770
2017-05-25,8.7624
2017-05-26,8.4640
2017-05-27,8.3440
2017-05-28,8.3226
2017-05-29,8.3527
2017-05-30,8.5832
2017-05-31,8.7373
2017-06-01,9.0012
2017-06-02,9.0781
2017-06-03,9.3212
2017-06-04,9.5951
2017-06-05,9.5874
2017-06-06,8.9266
2017-06-07,9.0918
2017-06-08,9.3723
2017-06-09,9.6178
2017-06-10,10.0175
2017-06-11,10.1922
2017-06-12,10.9967
2017-06-13,11.1874
2017-06-14,11.5383
2017-06-15,11.7422
2017-06-16,11.6961
2017-06-17,11.6217
2017-06-18,11.8575
2017-06-19,11.8083
2017-06-20,11.8957
2017-06-21,12.2821
2017-06-22,12.4956
2017-06-23,12.6250
2017-06-24,12.7140
2017-06-25,12.7512
2017-06-26,12.8743
2017-06-27,12.9031
2017-06-28,12.7892
2017-06-29,12.9797
2017-06-30,13.0360
2017-07-01,13.3401
2017-07-02,13.8637
2017-07-03,14.1684
2017-07-04,14.5180
2017-07-05,14.9304
2017-07-06,14.9668
2017-07-07,14.8247
2017-07-08,14.7800
2017-07-09,14.9223
2017-07-10,15.1364
2017-07-11,15.3520
2017-07-12,15.7651
2017-07-13,15.6391
2017-07-14,15.0828
2017-07-15,15.1154
2017-07-16,15.4149
2017-07-17,15.6791
2017-07-18,15.9888
2017-07-19,16.6614
2017-07-20,17.1681
2017-07-21,17.0485
2017-07-22,16.6968
2017-07-23,15.9902
2017-07-24,15.7881
2017-07-25,15.0365
2017-07-26,15.1091
2017-07-27,15.1589
2017-07-28,15.2110
2017-07-29,14.7762
2017-07-30,14.8039
2017-07-31,15.3748
2017-08-01,16.1062
2017-08-02,16.5994
2017-08-03,16.8681
2017-08-04,17.0075
2017-08-05,16.9518
2017-08-06,16.5924
2017-08-07,16.3625
2017-08-08,15.9936
2017-08-09,15.8516
2017-08-10,16.4810
2017-08-11,16.7089
2017-08-12,16.7510
2017-08-13,16.8642
2017-08-14,17.1701
2017-08-15,17.1547
2017-08-16,17.0142
2017-08-17,16.9277
2017-08-18,16.5287
2017-08-19,16.3832
2017-08-20,16.4784
2017-08-21,16.4663
2017-08-22,16.4883
2017-08-23,16.4216
2017-08-24,16.1943
2017-08-25,16.0255
2017-08-26,15.8785
2017-08-27,16.0597
2017-08-28,16.0902
2017-08-29,16.2517
2017-08-30,16.1908
2017-08-31,16.0457
2017-09-01,15.7497
2017-09-02,15.1599
2017-09-03,14.9423
2017-09-04,14.9774
2017-09-05,15.1841
2017-09-06,15.2599
2017-09-07,15.5357
2017-09-08,15.5522
2017-09-09,15.5736
2017-09-10,15.4864
2017-09-11,15.3039
2017-09-12,15.6482
2017-09-13,16.0446
2017-09-14,16.1049
2017-09-15,15.9708
2017-09-16,15.9053
2017-09-17,15.9142
2017-09-18,15.7811
2017-09-19,15.5218
2017-09-20,15.3099
2017-09-21,15.2296
2017-09-22,15.1152
2017-09-23,15.9200
2017-09-24,16.2603
2017-09-25,16.4691
2017-09-26,16.5837
2017-09-27,16.8134
2017-09-28,15.8774
2017-09-29,15.3684
2017-09-30,15.2047
2017-10-01,15.1855
2017-10-02,15.1858
2017-10-03,15.1182
2017-10-04,15.0416
2017-10-05,15.1337
2017-10-06,15.1160
2017-10-07,14.8860
2017-10-08,14.9191
2017-10-09,15.3483
2017-10-10,15.4957
2017-10-11,15.3049
2017-10-12,14.8710
2017-10-13,14.7009
2017-10-14,14.6959
2017-10-15,14.7032
2017-10-16,14.5329
2017-10-17,14.3006
2017-10-18,14.2360
2017-10-19,14.3728
2017-10-20,14.3701
2017-10-21,14.3249
2017-10-22,14.2848
2017-10-23,14.3076
2017-10-24,14.1455
2017-10-25,13.9633
2017-10-26,13.8164
2017-10-27,13.7404
2017-10-28,13.6283
2017-10-29,13.5682
2017-10-30,13.4190
2017-10-31,13.3099
2017-11-01,13.0630
2017-11-02,12.8071
2017-11-03,12.9963
2017-11-04,13.1098
2017-11-05,13.0560
2017-11-06,12.7652
2017-11-07,12.6984
2017-11-08,12.3911
2017-11-09,12.2809
2017-11-10,12.1891
2017-11-11,11.7879
2017-11-12,11.4951
2017-11-13,11.3857
2017-11-14,11.3665
2017-11-15,11.1949
2017-11-16,11.0509
2017-11-17,11.3876
2017-11-18,11.4978
2017-11-19,11.4263
2017-11-20,10.8122
2017-11-21,10.7628
2017-11-22,10.7668
2017-11-23,10.7709
2017-11-24,10.6922
2017-11-25,10.6569
2017-11-26,10.4972
2017-11-27,10.1726
2017-11-28,9.8425
2017-11-29,9.9385
2017-11-30,9.9415
2017-12-01,9.8868
2017-12-02,9.8620
2017-12-03,9.9895
2017-12-04,9.9866
2017-12-05,9.9288
2017-12-06,9.9318
2017-12-07,9.8910
2017-12-08,9.8071
2017-12-09,9.6461
2017-12-10,9.5067
2017-12-11,9.4697
2017-12-12,9.4825
2017-12-13,9.6067
2017-12-14,9.5865
2017-12-15,9.6390
2017-12-16,9.4458
2017-12-17,9.2185
2017-12-18,9.1497
2017-12-19,9.0181
2017-12-20,9.0053
2017-12-21,8.8698
2017-12-22,8.6743
2017-12-23,8.7546
2017-12-24,8.7629
2017-12-25,8.7057
2017-12-26,8.5900
2017-12-27,8.4893
2017-12-28,8.2621
2017-12-29,8.1267
2017-12-30,8.0067
2017-12-31,7.8926
2018-01-01,7.7634
2018-01-02,7.6766
2018-01-03,7.8048
2018-01-04,7.7694
2018-01-05,7.6568
2018-01-06,7.5516
2018-01-07,7.3573
2018-01-08,7.2946
2018-01-09,7.5166
2018-01-10,7.6045
2018-01-11,7.6606
2018-01-12,7.6482
2018-01-13,7.6270
2018-01-14,7.5189
2018-01-15,7.4192
2018-01-16,7.2073
2018-01-17,7.1670
2018-01-18,7.2084
2018-01-19,7.1288
2018-01-20,6.8924
2018-01-21,6.8784
2018-01-22,6.8740
2018-01-23,6.8194
2018-01-24,6.7755
2018-01-25,6.6325
2018-01-26,6.1576
2018-01-27,6.0815
2018-01-28,6.0764
2018-01-29,6.0994
2018-01-30,6.1020
2018-01-31,6.0325
2018-02-01,6.0096
2018-02-02,5.9708
2018-02-03,5.8245
2018-02-04,5.8307
2018-02-05,6.1200
2018-02-06,6.1606
2018-02-07,6.0761
2018-02-08,5.8263
2018-02-09,5.7754
2018-02-10,5.6483
2018-02-11,5.5781
2018-02-12,6.1298
2018-02-13,6.0769
2018-02-14,5.9331
2018-02-15,5.9195
2018-02-16,5.7899
2018-02-17,5.7642
2018-02-18,5.6992
2018-02-19,5.5549
2018-02-20,5.5520
2018-02-21,5.6274
2018-02-22,5.6663
2018-02-23,5.7221
2018-02-24,5.9627
2018-02-25,5.8818
2018-02-26,5.6100
2018-02-27,5.5920
2018-02-28,5.5931
2018-03-01,5.7062
2018-03-02,5.6708
2018-03-03,5.5139
2018-03-04,5.5286
2018-03-05,5.5218
2018-03-06,5.3920
2018-03-07,5.3783
2018-03-08,5.3058
2018-03-09,5.2904
2018-03-10,5.2368
2018-03-11,5.0515
2018-03-12,5.0366
2018-03-13,5.0220
2018-03-14,4.8647
2018-03-15,4.8450
2018-03-16,4.8544
2018-03-17,4.8245
2018-03-18,4.7583
2018-03-19,4.6993
2018-03-20,4.6396
2018-03-21,4.5770
2018-03-22,4.5009
2018-03-23,4.4742
2018-03-24,4.4960
2018-03-25,4.5917
2018-03-26,4.6842
2018-03-27,4.7526
2018-03-28,4.7760
2018-03-29,4.8274
2018-03-30,5.0021
2018-03-31,5.1334
2018-04-01,5.0744
2018-04-02,4.8322
2018-04-03,4.8012
2018-04-04,4.9153
2018-04-05,5.1930
2018-04-06,5.1700
2018-04-07,5.0750
2018-04-08,5.0825
2018-04-09,5.1466
2018-04-10,5.2760
2018-04-11,5.4430
2018-04-12,5.4912
2018-04-13,5.4905
2018-04-14,5.4724
2018-04-15,5.2612
2018-04-16,5.6634
2018-04-17,5.7737
2018-04-18,5.7109
2018-04-19,5.5375
2018-04-20,5.6112
2018-04-21,5.7851
2018-04-22,5.9102
2018-04-23,6.2510
2018-04-24,6.6374
2018-04-25,6.5426
2018-04-26,6.4902
2018-04-27,6.7782
2018-04-28,7.0153
2018-04-29,7.0692
2018-04-30,7.0484
2018-05-01,7.1093
2018-05-02,7.3375
2018-05-03,7.3972
2018-05-04,7.4422
2018-05-05,7.2883
2018-05-06,7.1461
2018-05-07,7.4879
2018-05-08,7.6050
2018-05-09,7.6590
2018-05-10,8.1103
2018-05-11,8.2844
2018-05-12,8.4044
2018-05-13,8.6833
2018-05-14,9.1174
2018-05-15,8.9058
2018-05-16,8.7270
2018-05-17,8.8895
2018-05-18,8.9295
2018-05-19,8.9572
2018-05-20,9.5570
2018-05-21,9.7143
2018-05-22,9.7443
2018-05-23,9.4549
2018-05-24,9.3999
2018-05-25,9.4845
2018-05-26,9.6886
2018-05-27,9.7596
2018-05-28,9.8713
2018-05-29,10.2273
2018-05-30,10.7892
2018-05-31,11.2183
2018-06-01,11.3578
2018-06-02,11.6331
2018-06-03,11.2563
2018-06-04,10.8871
2018-06-05,10.5480
2018-06-06,10.7829
2018-06-07,10.9637
2018-06-08,11.2862
2018-06-09,11.9067
2018-06-10,12.2119
2018-06-11,12.2139
2018-06-12,12.0156
2018-06-13,11.8369
2018-06-14,11.8289
2018-06-15,11.8358
2018-06-16,12.1932
2018-06-17,12.5066
2018-06-18,12.6066
2018-06-19,12.8930
2018-06-20,13.1451
2018-06-21,13.2579
2018-06-22,13.1597
2018-06-23,13.1419
2018-06-24,13.2210
2018-06-25,12.9227
2018-06-26,12.9166
2018-06-27,12.9128
2018-06-28,12.8607
2018-06-29,13.1139
2018-06-30,14.1953
2018-07-01,14.7904
2018-07-02,15.2002
2018-07-03,15.8615
2018-07-04,16.3268
2018-07-05,16.4130
2018-07-06,15.0916
2018-07-07,14.5998
2018-07-08,14.9411
2018-07-09,15.1588
2018-07-10,15.5116
2018-07-11,15.6073
2018-07-12,15.5391
2018-07-13,15.8198
2018-07-14,15.9062
2018-07-15,16.1344
2018-07-16,16.3668
2018-07-17,16.3166
2018-07-18,15.7527
2018-07-19,15.9986
2018-07-20,16.9643
2018-07-21,17.0882
2018-07-22,17.1430
2018-07-23,17.1908
2018-07-24,17.4907
2018-07-25,17.5953
2018-07-26,17.4887
2018-07-27,17.3172
2018-07-28,17.4999
2018-07-29,17.8719
2018-07-30,17.8842
2018-07-31,18.2749
2018-08-01,18.4307
2018-08-02,18.3231
2018-08-03,18.4913
2018-08-04,18.6720
2018-08-05,18.8958
2018-08-06,19.2251
2018-08-07,19.6925
2018-08-08,19.7518
2018-08-09,19.0679
2018-08-10,18.9451
2018-08-11,18.9665
2018-08-12,18.6233
2018-08-13,18.3505
2018-08-14,18.3550
2018-08-15,18.4228
2018-08-16,18.4782
2018-08-17,18.5957
2018-08-18,18.5696
2018-08-19,17.9433
2018-08-20,17.4313
2018-08-21,17.4445
2018-08-22,17.5909
2018-08-23,17.5946
2018-08-24,17.7460
2018-08-25,17.7797
2018-08-26,17.8996
2018-08-27,18.2038
2018-08-28,18.7220
2018-08-29,19.4597
2018-08-30,19.2066
2018-08-31,18.4494
2018-09-01,18.0864
2018-09-02,18.1035
2018-09-03,18.2291
2018-09-04,18.6146
2018-09-05,18.7649
2018-09-06,18.7355
2018-09-07,18.5403
2018-09-08,17.9066
2018-09-09,17.3433
2018-09-10,17.0105
2018-09-11,16.9600
2018-09-12,17.3249
2018-09-13,17.3908
2018-09-14,17.5716
2018-09-15,17.6639
2018-09-16,17.7201
2018-09-17,17.7305
2018-09-18,17.6459
2018-09-19,16.8826
2018-09-20,16.5350
2018-09-21,16.4881
2018-09-22,16.5520
2018-09-23,16.4519
2018-09-24,16.1695
2018-09-25,15.8718
2018-09-26,15.7344
2018-09-27,15.8219
2018-09-28,15.5715
2018-09-29,15.5664
2018-09-30,15.5588
2018-10-01,15.4530
2018-10-02,15.2826
2018-10-03,15.1640
2018-10-04,15.0434
2018-10-05,14.9331
2018-10-06,14.8128
2018-10-07,14.7267
2018-10-08,14.5777
2018-10-09,15.0580
2018-10-10,15.5350
2018-10-11,15.5071
2018-10-12,14.8344
2018-10-13,14.3373
2018-10-14,14.0556
2018-10-15,13.9036
2018-10-16,13.6854
2018-10-17,13.6005
2018-10-18,13.3346
2018-10-19,13.0557
2018-10-20,13.0034
2018-10-21,12.9052
2018-10-22,12.5664
2018-10-23,12.3292
2018-10-24,12.2776
2018-10-25,12.1611
2018-10-26,11.7950
2018-10-27,11.5880
2018-10-28,11.5670
2018-10-29,11.6503
2018-10-30,11.6631
2018-10-31,11.5855
2018-11-01,11.4615
2018-11-02,11.4626
2018-11-03,11.5729
2018-11-04,11.5710
2018-11-05,11.5087
2018-11-06,11.7335
2018-11-07,11.7243
2018-11-08,11.4773
2018-11-09,11.4101
2018-11-10,11.3049
2018-11-11,11.0597
2018-11-12,10.9771
2018-11-13,10.9203
2018-11-14,10.5431
2018-11-15,10.3456
2018-11-16,10.3200
2018-11-17,10.3812
2018-11-18,10.3036
2018-11-19,10.0698
2018-11-20,9.9414
2018-11-21,9.8504
2018-11-22,9.7049
2018-11-23,9.6039
2018-11-24,9.5970
2018-11-25,9.5429
2018-11-26,9.3939
2018-11-27,9.3576
2018-11-28,9.2161
2018-11-29,9.2725
2018-11-30,9.3611
2018-12-01,9.2752
2018-12-02,9.1157
2018-12-03,9.2433
2018-12-04,9.2432
2018-12-05,9.0895
2018-12-06,8.7794
2018-12-07,8.5288
2018-12-08,8.4401
2018-12-09,8.3809
2018-12-10,8.3357
2018-12-11,8.1531
2018-12-12,7.6726
2018-12-13,7.6929
2018-12-14,7.7112
2018-12-15,7.6467
2018-12-16,7.6107
2018-12-17,7.5139
2018-12-18,7.4555
2018-12-19,7.4269
2018-12-20,7.4017
2018-12-21,7.3799
2018-12-22,7.5655
2018-12-23,7.4100
2018-12-24,7.1474
2018-12-25,7.0789
2018-12-26,6.9156
2018-12-27,6.7957
2018-12-28,6.8314
2018-12-29,6.9825
2018-12-30,6.7530
2018-12-31,6.5928
2019-01-01,6.6425
2019-01-02,6.5987
2019-01-03,6.4643
2019-01-04,6.3733
2019-01-05,6.3599
2019-01-06,6.1236
2019-01-07,6.0930
2019-01-08,6.0299
2019-01-09,5.8919
2019-01-10,5.7487
2019-01-11,5.6566
2019-01-12,5.5583
2019-01-13,5.3873
2019-01-14,5.7128
2019-01-15,5.7285
2019-01-16,5.5615
2019-01-17,5.3759
2019-01-18,5.2146
2019-01-19,4.9961
2019-01-20,4.9279
2019-01-21,4.7603
2019-01-22,4.8375
2019-01-23,4.7582
2019-01-24,4.9656
2019-01-25,5.0303
2019-01-26,4.6049
2019-01-27,4.4467
2019-01-28,4.4035
2019-01-29,4.2673
2019-01-30,4.0237
2019-01-31,3.8948
2019-02-01,3.7335
2019-02-02,3.6012
2019-02-03,3.6313
2019-02-04,3.6575
2019-02-05,3.9461
2019-02-06,4.1847
2019-02-07,4.1480
2019-02-08,4.0415
2019-02-09,4.0255
2019-02-10,3.9893
2019-02-11,3.9107
2019-02-12,3.8912
2019-02-13,3.9002
2019-02-14,3.9009
2019-02-15,3.8889
2019-02-16,4.1795
2019-02-17,4.2148
2019-02-18,3.9636
2019-02-19,3.9171
2019-02-20,3.8153
2019-02-21,4.0963
2019-02-22,4.2608
2019-02-23,4.1470
2019-02-24,4.2039
2019-02-25,4.3258
2019-02-26,4.4171
2019-02-27,4.3312
2019-02-28,4.3149
2019-03-01,4.3157
2019-03-02,4.2927
2019-03-03,4.4802
2019-03-04,4.2991
2019-03-05,4.0368
2019-03-06,3.7678
2019-03-07,3.7631
2019-03-08,4.1257
2019-03-09,4.0952
2019-03-10,3.8552
2019-03-11,3.9171
2019-03-12,3.7991
2019-03-13,3.8273
2019-03-14,3.8338
2019-03-15,3.8124
2019-03-16,3.9728
2019-03-17,3.8921
2019-03-18,3.8829
2019-03-19,3.9561
2019-03-20,4.0142
2019-03-21,3.9868
2019-03-22,3.9401
2019-03-23,4.1786
2019-03-24,4.2452
2019-03-25,4.1729
2019-03-26,4.0773
2019-03-27,4.2362
2019-03-28,4.1891
2019-03-29,4.0249
2019-03-30,4.1897
2019-03-31,4.4343
2019-04-01,4.2390
2019-04-02,4.2326
2019-04-03,4.2002
2019-04-04,4.0865
2019-04-05,4.1145
2019-04-06,4.4944
2019-04-07,4.7920
2019-04-08,4.7394
2019-04-09,4.5643
2019-04-10,4.6024
2019-04-11,4.6416
2019-04-12,4.5903
2019-04-13,5.1363
2019-04-14,5.6136
2019-04-15,5.5631
2019-04-16,5.1493
2019-04-17,5.2056
2019-04-18,5.2487
2019-04-19,5.2368
2019-04-20,5.2947
2019-04-21,5.4098
2019-04-22,5.4436
2019-04-23,5.4960
2019-04-24,5.6307
2019-04-25,5.9984
2019-04-26,6.0521
2019-04-27,5.8819
2019-04-28,5.9485
2019-04-29,6.0919
2019-04-30,6.0937
2019-05-01,6.0463
2019-05-02,5.9942
2019-05-03,6.1970
2019-05-04,6.4219
2019-05-05,6.8753
2019-05-06,7.1620
2019-05-07,7.3163
2019-05-08,7.2900
2019-05-09,7.1064
2019-05-10,7.1910
2019-05-11,7.5876
2019-05-12,7.7037
2019-05-13,7.5952
2019-05-14,7.3602
2019-05-15,7.7098
2019-05-16,7.8244
2019-05-17,7.7607
2019-05-18,7.8040
2019-05-19,7.8633
2019-05-20,8.0118
2019-05-21,7.8613
2019-05-22,7.7643
2019-05-23,7.9189
2019-05-24,7.9753
2019-05-25,8.0186
2019-05-26,8.3543
2019-05-27,8.8306
2019-05-28,8.9740
2019-05-29,8.8341
2019-05-30,8.8804
2019-05-31,9.0246
2019-06-01,9.0926
2019-06-02,9.1206
2019-06-03,9.3588
2019-06-04,9.3554
2019-06-05,9.3740
2019-06-06,10.5410
2019-06-07,10.7122
2019-06-08,10.5386
2019-06-09,10.8480
2019-06-10,11.1593
2019-06-11,10.8633
2019-06-12,10.7748
2019-06-13,10.7275
2019-06-14,10.6366
2019-06-15,10.6039
2019-06-16,10.6495
2019-06-17,11.0144
2019-06-18,11.1420
2019-06-19,11.2195
2019-06-20,11.3715
2019-06-21,11.3616
2019-06-22,11.2811
2019-06-23,11.4810
2019-06-24,11.8417
2019-06-25,12.0732
2019-06-26,12.2920
2019-06-27,12.6787
2019-06-28,13.3039
2019-06-29,13.6428
2019-06-30,13.1199
2019-07-01,12.7630
2019-07-02,13.6122
2019-07-03,14.6444
2019-07-04,14.8469
2019-07-05,14.9354
2019-07-06,14.6629
2019-07-07,14.3449
2019-07-08,14.5247
2019-07-09,14.6672
2019-07-10,14.6998
2019-07-11,14.7815
2019-07-12,14.8123
2019-07-13,15.0648
2019-07-14,15.4836
2019-07-15,15.4960
2019-07-16,15.7526
2019-07-17,15.9369
2019-07-18,15.9213
2019-07-19,16.1026
2019-07-20,16.7022
2019-07-21,17.2531
2019-07-22,17.2102
2019-07-23,16.8396
2019-07-24,16.3174
2019-07-25,16.4838
2019-07-26,16.5525
2019-07-27,16.5525
2019-07-28,16.8846
2019-07-29,17.3794
2019-07-30,17.6367
2019-07-31,17.8804
2019-08-01,17.8487
2019-08-02,17.8837
2019-08-03,17.7935
2019-08-04,17.5829
2019-08-05,16.9828
2019-08-06,16.4713
2019-08-07,16.4476
2019-08-08,16.4163
2019-08-09,16.4285
2019-08-10,16.3777
2019-08-11,16.4458
2019-08-12,16.6160
2019-08-13,16.9272
2019-08-14,16.8760
2019-08-15,16.9378
2019-08-16,17.1299
2019-08-17,17.2970
2019-08-18,17.4530
2019-08-19,17.9528
2019-08-20,18.1018
2019-08-21,18.1535
2019-08-22,18.2656
2019-08-23,17.6554
2019-08-24,16.8572
2019-08-25,16.4730
2019-08-26,16.4251
2019-08-27,16.7609
2019-08-28,16.9510
2019-08-29,17.1207
2019-08-30,17.2530
2019-08-31,17.0220
2019-09-01,16.7562
2019-09-02,16.6984
2019-09-03,16.6891
2019-09-04,16.4185
2019-09-05,16.0622
2019-09-06,15.9216
2019-09-07,14.7863
2019-09-08,14.8698
2019-09-09,15.2855
2019-09-10,15.6019
2019-09-11,15.5360
2019-09-12,14.9954
2019-09-13,14.9884
2019-09-14,15.0478
2019-09-15,15.1764
2019-09-16,15.1795
2019-09-17,14.9584
2019-09-18,14.7819
2019-09-19,14.8193
2019-09-20,15.0540
2019-09-21,15.4286
2019-09-22,15.7207
2019-09-23,15.6510
2019-09-24,15.4688
2019-09-25,15.5793
2019-09-26,15.7876
2019-09-27,15.7399
2019-09-28,15.6337
2019-09-29,15.6055
2019-09-30,15.4043
2019-10-01,15.1842
2019-10-02,14.6236
2019-10-03,14.4887
2019-10-04,14.0725
2019-10-05,14.0356
2019-10-06,14.1487
2019-10-07,14.1564
2019-10-08,14.0524
2019-10-09,13.9479
2019-10-10,13.7142
2019-10-11,13.3910
2019-10-12,13.2506
2019-10-13,13.3228
2019-10-14,13.3999
2019-10-15,13.4463
2019-10-16,13.3541
2019-10-17,13.2184
2019-10-18,12.5018
2019-10-19,12.5369
2019-10-20,12.6381
2019-10-21,12.7189
2019-10-22,12.7106
2019-10-23,12.8400
2019-10-24,12.8955
2019-10-25,12.8457
2019-10-26,12.7872
2019-10-27,12.5767
2019-10-28,12.4818
2019-10-29,12.5237
2019-10-30,12.6382
2019-10-31,12.7722
2019-11-01,12.6904
2019-11-02,12.5196
2019-11-03,12.4336
2019-11-04,12.3162
2019-11-05,12.2803
2019-11-06,12.2576
2019-11-07,12.0108
2019-11-08,11.8659
2019-11-09,11.2778
2019-11-10,11.1175
2019-11-11,10.9821
2019-11-12,10.9617
2019-11-13,10.7624
2019-11-14,10.8206
2019-11-15,10.7835
2019-11-16,10.6074
2019-11-17,10.5458
2019-11-18,10.4118
2019-11-19,10.2188
2019-11-20,10.2170
2019-11-21,10.0946
2019-11-22,10.1485
2019-11-23,10.2041
2019-11-24,10.1633
2019-11-25,10.0999
2019-11-26,10.0889
2019-11-27,10.0345
2019-11-28,9.9463
2019-11-29,9.7805
2019-11-30,9.3569
2019-12-01,9.2204
2019-12-02,9.2569
2019-12-03,9.2108
2019-12-04,9.1024
2019-12-05,8.9751
2019-12-06,9.0052
2019-12-07,9.0304
2019-12-08,9.0338
2019-12-09,9.0381
2019-12-10,8.9430
2019-12-11,8.9785
2019-12-12,8.9358
2019-12-13,8.8156
2019-12-14,8.7073
2019-12-15,8.7032
2019-12-16,8.6190
2019-12-17,8.4880
2019-12-18,8.2825
2019-12-19,8.0732
2019-12-20,7.9428
2019-12-21,7.9840
2019-12-22,7.8497
2019-12-23,7.8448
2019-12-24,7.8845
2019-12-25,7.6960
2019-12-26,7.5378
2019-12-27,7.1885
2019-12-28,7.4026
2019-12-29,7.5139
2019-12-30,7.5009
2019-12-31,7.6253
2020-01-01,7.5941
2020-01-02,7.4722
2020-01-03,7.3363
2020-01-04,7.2012
2020-01-05,7.1667
2020-01-06,7.4603
2020-01-07,7.5928
2020-01-08,7.4692
2020-01-09,6.8360
2020-01-10,6.7756
2020-01-11,6.7868
2020-01-12,6.9136
2020-01-13,6.8543
2020-01-14,6.7998
2020-01-15,7.1193
2020-01-16,7.1004
2020-01-17,7.0033
2020-01-18,6.7998
2020-01-19,6.7213
2020-01-20,6.5463
2020-01-21,6.5608
2020-01-22,6.4342
2020-01-23,6.5552
2020-01-24,6.5405
2020-01-25,6.4092
2020-01-26,6.4658
2020-01-27,6.4749
2020-01-28,6.3482
2020-01-29,6.3155
2020-01-30,6.1944
2020-01-31,6.2147
2020-02-01,6.0610
2020-02-02,5.9712
2020-02-03,6.0792
2020-02-04,6.1378
2020-02-05,6.1073
2020-02-06,5.9715
2020-02-07,5.9332
2020-02-08,6.2152
2020-02-09,6.2033
2020-02-10,6.0705
2020-02-11,6.0797
2020-02-12,6.2883
2020-02-13,6.0825
2020-02-14,5.9338
2020-02-15,5.8250
2020-02-16,5.7626
2020-02-17,5.7962
2020-02-18,5.7255
2020-02-19,5.8398
2020-02-20,5.5303
2020-02-21,5.2060
2020-02-22,5.3257
2020-02-23,5.5832
2020-02-24,5.7417
2020-02-25,5.5991
2020-02-26,5.2045
2020-02-27,5.0734
2020-02-28,5.0168
2020-02-29,4.9350
2020-03-01,4.6893
2020-03-02,4.6801
2020-03-03,4.8078
2020-03-04,5.0444
2020-03-05,5.0658
2020-03-06,4.9504
2020-03-07,4.6763
2020-03-08,4.5611
2020-03-09,4.6018
2020-03-10,4.5201
2020-03-11,4.5086
2020-03-12,4.2946
2020-03-13,4.5122
2020-03-14,4.7080
2020-03-15,4.6805
2020-03-16,4.4322
2020-03-17,4.5632
2020-03-18,4.8846
2020-03-19,4.8479
2020-03-20,4.7689
2020-03-21,4.9023
2020-03-22,4.8162
2020-03-23,4.6186
2020-03-24,4.6767
2020-03-25,4.6462
2020-03-26,4.8661
2020-03-27,5.2393
2020-03-28,5.6735
2020-03-29,5.6815
2020-03-30,5.3938
2020-03-31,5.0753
2020-04-01,4.9481
2020-04-02,4.9463
2020-04-03,5.0107
2020-04-04,5.3710
2020-04-05,5.5067
2020-04-06,5.7770
2020-04-07,5.9557
2020-04-08,5.7294
2020-04-09,5.4016
2020-04-10,5.2363
2020-04-11,5.3378
2020-04-12,5.3719
2020-04-13,5.4507
2020-04-14,5.7548
2020-04-15,5.5953
2020-04-16,5.4367
2020-04-17,5.3953
2020-04-18,5.4513
2020-04-19,5.6224
2020-04-20,5.6736
2020-04-21,5.8216
2020-04-22,5.7329
2020-04-23,5.7874
2020-04-24,5.7519
2020-04-25,5.9731
2020-04-26,6.1187
2020-04-27,5.9303
2020-04-28,5.5613
2020-04-29,5.5987
2020-04-30,5.5218
2020-05-01,5.7511
2020-05-02,6.1435
2020-05-03,6.2913
2020-05-04,6.5764
2020-05-05,6.8858
2020-05-06,6.9870
2020-05-07,7.0348
2020-05-08,7.1357
2020-05-09,6.8469
2020-05-10,6.5529
2020-05-11,6.7287
2020-05-12,6.8455
2020-05-13,7.0895
2020-05-14,7.1428
2020-05-15,7.2902
2020-05-16,7.4706
2020-05-17,7.6051
2020-05-18,7.8028
2020-05-19,8.3661
2020-05-20,8.8525
2020-05-21,8.6690
2020-05-22,8.5972
2020-05-23,8.4203
2020-05-24,8.3786
2020-05-25,8.5100
2020-05-26,8.9773
2020-05-27,9.5411
2020-05-28,9.4700
2020-05-29,9.3171
2020-05-30,9.9253
2020-05-31,9.9744
2020-06-01,9.8198
2020-06-02,9.8327
2020-06-03,10.5299
2020-06-04,10.9090
2020-06-05,10.8559
2020-06-06,10.6246
2020-06-07,10.6675
2020-06-08,10.8707
2020-06-09,11.1318
2020-06-10,11.1191
2020-06-11,10.9761
2020-06-12,10.9807
2020-06-13,11.1034
2020-06-14,11.0199
2020-06-15,11.0979
2020-06-16,11.6988
2020-06-17,12.6015
2020-06-18,12.9057
2020-06-19,13.3931
2020-06-20,13.6988
2020-06-21,13.9740
2020-06-22,14.5982
2020-06-23,15.5952
2020-06-24,15.6727
2020-06-25,15.2277
2020-06-26,15.1723
2020-06-27,15.4287
2020-06-28,15.5420
2020-06-29,15.4803
2020-06-30,15.2119
2020-07-01,15.4995
2020-07-02,15.3982
2020-07-03,15.2401
2020-07-04,14.7359
2020-07-05,14.5809
2020-07-06,14.8408
2020-07-07,14.9821
2020-07-08,15.0693
2020-07-09,15.5230
2020-07-10,15.8758
2020-07-11,16.3356
2020-07-12,16.5437
2020-07-13,16.5606
2020-07-14,16.7936
2020-07-15,15.9784
2020-07-16,15.8556
2020-07-17,15.9969
2020-07-18,16.2514
2020-07-19,16.4233
2020-07-20,16.8454
2020-07-21,17.2084
2020-07-22,17.5546
2020-07-23,17.6473
2020-07-24,17.6884
2020-07-25,17.8690
2020-07-26,18.0358
2020-07-27,18.3434
2020-07-28,18.5447
2020-07-29,18.6656
2020-07-30,18.8326
2020-07-31,18.8587
2020-08-01,18.9726
2020-08-02,18.9486
2020-08-03,18.8460
2020-08-04,18.6065
2020-08-05,18.1013
2020-08-06,17.9829
2020-08-07,18.0962
2020-08-08,18.3727
2020-08-09,18.5390
2020-08-10,18.7134
2020-08-11,19.0230
2020-08-12,19.1337
2020-08-13,19.4571
2020-08-14,19.4599
2020-08-15,19.4547
2020-08-16,19.1349
2020-08-17,18.5748
2020-08-18,18.1588
2020-08-19,18.1399
2020-08-20,18.0023
2020-08-21,17.9608
2020-08-22,18.0626
2020-08-23,18.1541
2020-08-24,18.1496
2020-08-25,18.0253
2020-08-26,17.5115
2020-08-27,16.5806
2020-08-28,16.6459
2020-08-29,16.8396
2020-08-30,16.5833
2020-08-31,15.8697
2020-09-01,16.0976
2020-09-02,16.2059
2020-09-03,16.5173
2020-09-04,16.8082
2020-09-05,16.7832
2020-09-06,16.7001
2020-09-07,16.7957
2020-09-08,17.0069
2020-09-09,17.2165
2020-09-10,17.4009
2020-09-11,17.3300
2020-09-12,17.1401
2020-09-13,17.1255
2020-09-14,16.9571
2020-09-15,16.8288
2020-09-16,16.4155
2020-09-17,16.1732
2020-09-18,16.1432
2020-09-19,16.1463
2020-09-20,15.6538
2020-09-21,15.3285
2020-09-22,15.1301
2020-09-23,14.9217
2020-09-24,14.8711
2020-09-25,14.9323
2020-09-26,14.9535
2020-09-27,15.2619
2020-09-28,15.5704
2020-09-29,15.7187
2020-09-30,15.3551
2020-10-01,14.9113
2020-10-02,14.7094
2020-10-03,14.6139
2020-10-04,14.6609
2020-10-05,14.6217
2020-10-06,14.5865
2020-10-07,14.5417
2020-10-08,14.1609
2020-10-09,13.5117
2020-10-10,13.3101
2020-10-11,13.3360
2020-10-12,13.2246
2020-10-13,12.9391
2020-10-14,12.9726
2020-10-15,13.0280
2020-10-16,13.1492
2020-10-17,13.0947
2020-10-18,12.7984
2020-10-19,12.7386
2020-10-20,12.7823
2020-10-21,13.0732
2020-10-22,13.1081
2020-10-23,13.0334
2020-10-24,12.9778
2020-10-25,12.8016
2020-10-26,12.7630
2020-10-27,12.7176
2020-10-28,12.5769
2020-10-29,12.4437
2020-10-30,12.3285
2020-10-31,12.2830
2020-11-01,12.3196
2020-11-02,12.2723
2020-11-03,11.7569
2020-11-04,11.5241
2020-11-05,11.5682
2020-11-06,11.7171
2020-11-07,11.7396
2020-11-08,11.7572
2020-11-09,11.9547
2020-11-10,12.0812
2020-11-11,12.2652
2020-11-12,12.2280
2020-11-13,11.8266
2020-11-14,11.6428
2020-11-15,11.3568
2020-11-16,11.2548
2020-11-17,11.1335
2020-11-18,10.9723
2020-11-19,10.7536
2020-11-20,10.8681
2020-11-21,10.9120
2020-11-22,10.7678
2020-11-23,10.4900
2020-11-24,10.4256
2020-11-25,10.3354
2020-11-26,10.2732
2020-11-27,10.2265
2020-11-28,10.1646
2020-11-29,10.1838
2020-11-30,10.2331
2020-12-01,10.2270
2020-12-02,10.0034
2020-12-03,9.9664
2020-12-04,9.9446
2020-12-05,9.8880
2020-12-06,9.8557
2020-12-07,9.7509
2020-12-08,9.5929
2020-12-09,9.4231
2020-12-10,9.1951
2020-12-11,9.0811
2020-12-12,9.0565
2020-12-13,9.0920
2020-12-14,9.0331
2020-12-15,8.9237
2020-12-16,8.7739
2020-12-17,8.7704
2020-12-18,8.7070
2020-12-19,8.5927
2020-12-20,8.4696
2020-12-21,8.4102
2020-12-22,8.1024
2020-12-23,7.9941
2020-12-24,7.9833
2020-12-25,8.0547
2020-12-26,8.0673
2020-12-27,7.9093
2020-12-28,7.8020
2020-12-29,7.5533
2020-12-30,7.6312
2020-12-31,7.5791
2021-01-01,7.4546
2021-01-02,7.4948
2021-01-03,7.6827
2021-01-04,7.6951
2021-01-05,7.6683
2021-01-06,7.6266
2021-01-07,7.4335
2021-01-08,7.3933
2021-01-09,7.3688
2021-01-10,7.2022
2021-01-11,7.1555
2021-01-12,7.1460
2021-01-13,7.1443
2021-01-14,7.1492
2021-01-15,7.3212
2021-01-16,7.4023
2021-01-17,7.4369
2021-01-18,7.5075
2021-01-19,7.5039
2021-01-20,7.3871
2021-01-21,7.1686
2021-01-22,7.1284
2021-01-23,7.0946
2021-01-24,7.0570
2021-01-25,7.0208
2021-01-26,7.0045
2021-01-27,6.9390
2021-01-28,6.7166
2021-01-29,6.6064
2021-01-30,6.5347
2021-01-31,6.4813
2021-02-01,6.4721
2021-02-02,6.5798
2021-02-03,6.5791
2021-02-04,6.4780
2021-02-05,6.4210
2021-02-06,6.4509
2021-02-07,6.3827
2021-02-08,6.2819
2021-02-09,6.1456
2021-02-10,6.1104
2021-02-11,6.0016
2021-02-12,5.9189
2021-02-13,5.7438
2021-02-14,5.6066
2021-02-15,5.6295
2021-02-16,6.0298
2021-02-17,6.1319
2021-02-18,6.0092
2021-02-19,5.7617
2021-02-20,5.6780
2021-02-21,5.3596
2021-02-22,5.1658
2021-02-23,4.9644
2021-02-24,5.0223
2021-02-25,5.0062
2021-02-26,4.9298
2021-02-27,4.9166
2021-02-28,5.0074
2021-03-01,5.0369
2021-03-02,5.2140
2021-03-03,5.3063
2021-03-04,5.1947
2021-03-05,5.0894
2021-03-06,5.1045
2021-03-07,5.0848
2021-03-08,4.9583
2021-03-09,4.8666
2021-03-10,4.9233
2021-03-11,5.2123
2021-03-12,5.5614
2021-03-13,5.5826
2021-03-14,5.5377
2021-03-15,5.1171
2021-03-16,4.7330
2021-03-17,4.7085
2021-03-18,4.7388
2021-03-19,4.7821
2021-03-20,4.8080
2021-03-21,4.9614
2021-03-22,5.1714
2021-03-23,5.4666
2021-03-24,5.6908
2021-03-25,5.8275
2021-03-26,5.7157
2021-03-27,5.6464
2021-03-28,5.3561
2021-03-29,5.3783
2021-03-30,5.5443
2021-03-31,5.5456
2021-04-01,5.5080
2021-04-02,5.3424
2021-04-03,5.3718
2021-04-04,5.4175
2021-04-05,5.4624
2021-04-06,5.6451
2021-04-07,5.8777
2021-04-08,6.2121
2021-04-09,6.4673
2021-04-10,6.5543
2021-04-11,6.5570
2021-04-12,6.2672
2021-04-13,6.1367
2021-04-14,6.2070
2021-04-15,6.1549
2021-04-16,6.0704
2021-04-17,6.0043
2021-04-18,6.4161
2021-04-19,6.5717
2021-04-20,6.6583
2021-04-21,6.7128
2021-04-22,6.6150
2021-04-23,6.2525
2021-04-24,6.1788
2021-04-25,6.1982
2021-04-26,6.2249
2021-04-27,6.3698
2021-04-28,6.6717
2021-04-29,6.8135
2021-04-30,6.7421
2021-05-01,7.3874
2021-05-02,7.6052
2021-05-03,7.6810
2021-05-04,7.6658
2021-05-05,7.3923
2021-05-06,7.4963
2021-05-07,7.7379
2021-05-08,7.8334
2021-05-09,7.8355
2021-05-10,7.8856
2021-05-11,7.9741
2021-05-12,8.1510
2021-05-13,8.5270
2021-05-14,8.7770
2021-05-15,9.2651
2021-05-16,9.5311
2021-05-17,10.0536
2021-05-18,10.3537
2021-05-19,10.3603
2021-05-20,10.5018
2021-05-21,10.5422
2021-05-22,10.7684
2021-05-23,10.6259
2021-05-24,10.0408
2021-05-25,10.0294
2021-05-26,10.0466
2021-05-27,10.3454
2021-05-28,10.3625
2021-05-29,10.0844
2021-05-30,9.9047
2021-05-31,9.9592
2021-06-01,9.7305
2021-06-02,9.8962
2021-06-03,9.9690
2021-06-04,10.4509
2021-06-05,10.6468
2021-06-06,11.7663
2021-06-07,12.7524
2021-06-08,12.9587
2021-06-09,13.1823
2021-06-10,13.4260
2021-06-11,13.2389
2021-06-12,12.7136
2021-06-13,12.7413
2021-06-14,12.9527
2021-06-15,13.0980
2021-06-16,13.4623
2021-06-17,13.7053
2021-06-18,13.9754
2021-06-19,14.0910
2021-06-20,14.2983
2021-06-21,14.6013
2021-06-22,14.7360
2021-06-23,14.1000
2021-06-24,14.0760
2021-06-25,14.4673
2021-06-26,14.6411
2021-06-27,14.6283
2021-06-28,15.5383
2021-06-29,16.2571
2021-06-30,16.2643
2021-07-01,16.0286
2021-07-02,15.6276
2021-07-03,15.1782
2021-07-04,14.9115
2021-07-05,14.5654
2021-07-06,14.9612
2021-07-07,15.2114
2021-07-08,15.3472
2021-07-09,15.3007
2021-07-10,15.2380
2021-07-11,15.3983
2021-07-12,15.4534
2021-07-13,15.4842
2021-07-14,16.7988
2021-07-15,17.3771
2021-07-16,16.5582
2021-07-17,16.3534
2021-07-18,16.5023
2021-07-19,16.5287
2021-07-20,16.7201
2021-07-21,16.8832
2021-07-22,16.7528
2021-07-23,16.7277
2021-07-24,16.8717
2021-07-25,16.8534
2021-07-26,16.8176
2021-07-27,17.0609
2021-07-28,17.1343
2021-07-29,17.0789
2021-07-30,16.2978
2021-07-31,15.7480
2021-08-01,16.0128
2021-08-02,16.4244
2021-08-03,16.7019
2021-08-04,16.8709
2021-08-05,16.8664
2021-08-06,17.0850
2021-08-07,17.4324
2021-08-08,17.5773
2021-08-09,17.6295
2021-08-10,17.6021
2021-08-11,17.8129
2021-08-12,18.8540
2021-08-13,19.2361
2021-08-14,19.1942
2021-08-15,19.0829
2021-08-16,18.5749
2021-08-17,18.4504
2021-08-18,18.3354
2021-08-19,18.0285
2021-08-20,18.2357
2021-08-21,18.4051
2021-08-22,18.7689
2021-08-23,18.8066
2021-08-24,18.6667
2021-08-25,18.7378
2021-08-26,18.9383
2021-08-27,19.1039
2021-08-28,18.8581
2021-08-29,18.2858
2021-08-30,17.9959
2021-08-31,18.0919
2021-09-01,18.1364
2021-09-02,17.5534
2021-09-03,16.5339
2021-09-04,16.2171
2021-09-05,16.0821
2021-09-06,16.3080
2021-09-07,16.5659
2021-09-08,16.7214
2021-09-09,16.7990
2021-09-10,16.7434
2021-09-11,16.5508
2021-09-12,16.4951
2021-09-13,16.4906
2021-09-14,16.4897
2021-09-15,16.4987
2021-09-16,16.5620
2021-09-17,16.6110
2021-09-18,16.7027
2021-09-19,16.6598
2021-09-20,16.6818
2021-09-21,16.6815
2021-09-22,16.6950
2021-09-23,16.7894
2021-09-24,16.9204
2021-09-25,17.1047
2021-09-26,17.0694
2021-09-27,16.8642
2021-09-28,16.8441
2021-09-29,16.6195
2021-09-30,16.1908
2021-10-01,15.9901
2021-10-02,15.7563
2021-10-03,15.5930
2021-10-04,15.5405
2021-10-05,15.4945
2021-10-06,15.6252
2021-10-07,15.7817
2021-10-08,15.7129
2021-10-09,15.4172
2021-10-10,15.1923
2021-10-11,15.2661
2021-10-12,15.3893
2021-10-13,15.4834
2021-10-14,15.6453
2021-10-15,15.6944
2021-10-16,15.5976
2021-10-17,15.2670
2021-10-18,15.1668
2021-10-19,14.8132
2021-10-20,14.3967
2021-10-21,14.3268
2021-10-22,14.4096
2021-10-23,14.3461
2021-10-24,14.1810
2021-10-25,14.0795
2021-10-26,13.9661
2021-10-27,13.6096
2021-10-28,13.4386
2021-10-29,13.3278
2021-10-30,13.2370
2021-10-31,13.2057
2021-11-01,13.2184
2021-11-02,13.1646
2021-11-03,13.0295
2021-11-04,12.8802
2021-11-05,12.7254
2021-11-06,12.6125
2021-11-07,12.5325
2021-11-08,12.4695
2021-11-09,12.4641
2021-11-10,12.2735
2021-11-11,12.0880
2021-11-12,11.9982
2021-11-13,12.0296
2021-11-14,11.9827
2021-11-15,11.8571
2021-11-16,11.6519
2021-11-17,11.4518
2021-11-18,11.3640
2021-11-19,11.3167
2021-11-20,11.1817
2021-11-21,11.0663
2021-11-22,11.0291
2021-11-23,10.9444
2021-11-24,10.8570
2021-11-25,10.8102
2021-11-26,10.7122
2021-11-27,10.5261
2021-11-28,10.3846
2021-11-29,10.3268
2021-11-30,10.2374
2021-12-01,10.1804
2021-12-02,10.1206
2021-12-03,10.1978
2021-12-04,10.1625
2021-12-05,10.1111
2021-12-06,10.0189
2021-12-07,9.9337
2021-12-08,9.8150
2021-12-09,9.8212
2021-12-10,9.8693
2021-12-11,9.8270
2021-12-12,9.7247
2021-12-13,9.7520
2021-12-14,9.7006
2021-12-15,9.5930
2021-12-16,9.6010
2021-12-17,9.6171
2021-12-18,9.5823
2021-12-19,9.5302
2021-12-20,9.3310
2021-12-21,9.3099
2021-12-22,9.2589
2021-12-23,9.1430
2021-12-24,9.0989
2021-12-25,9.0809
2021-12-26,9.0186
2021-12-27,8.9372
2021-12-28,8.8781
2021-12-29,8.8978
2021-12-30,8.7915
2021-12-31,8.6855
2022-01-01,8.7738
2022-01-02,8.8087
2022-01-03,8.7085
2022-01-04,8.6944
2022-01-05,8.6985
2022-01-06,8.6695
2022-01-07,8.6326
2022-01-08,8.5199
2022-01-09,8.4696
2022-01-10,8.3516
2022-01-11,8.1362
2022-01-12,7.8280
2022-01-13,7.6880
2022-01-14,7.5079
2022-01-15,7.2573
2022-01-16,7.1643
2022-01-17,7.0564
2022-01-18,6.9173
2022-01-19,6.8511
2022-01-20,6.7282
2022-01-21,6.4584
2022-01-22,6.3041
2022-01-23,6.3357
2022-01-24,6.4112
2022-01-25,6.3456
2022-01-26,6.2511
2022-01-27,6.1184
2022-01-28,6.0688
2022-01-29,6.1680
2022-01-30,6.0992
2022-01-31,5.9939
2022-02-01,5.9503
2022-02-02,5.8611
2022-02-03,5.6827
2022-02-04,5.7015
2022-02-05,5.7933
2022-02-06,5.8686
2022-02-07,5.9456
2022-02-08,5.9517
2022-02-09,5.9892
2022-02-10,5.9823
2022-02-11,5.9768
2022-02-12,6.1007
2022-02-13,6.0967
2022-02-14,5.8112
2022-02-15,5.3765
2022-02-16,5.3099
2022-02-17,5.3337
2022-02-18,5.4364
2022-02-19,5.4868
2022-02-20,5.7040
2022-02-21,5.6865
2022-02-22,5.7529
2022-02-23,5.8355
2022-02-24,5.8200
2022-02-25,5.4789
2022-02-26,5.3005
2022-02-27,5.3060
2022-02-28,5.2542
2022-03-01,5.2580
2022-03-02,5.3089
2022-03-03,5.2823
2022-03-04,5.1972
2022-03-05,5.1023
2022-03-06,5.1074
2022-03-07,5.3074
2022-03-08,5.3426
2022-03-09,5.3301
2022-03-10,5.2638
2022-03-11,5.3235
2022-03-12,5.3210
2022-03-13,5.2505
2022-03-14,5.2180
2022-03-15,5.2326
2022-03-16,5.3342
2022-03-17,5.4226
2022-03-18,5.4923
2022-03-19,5.3145
2022-03-20,5.3090
2022-03-21,5.3014
2022-03-22,5.2834
2022-03-23,5.2875
2022-03-24,5.2617
2022-03-25,5.3400
2022-03-26,5.3657
2022-03-27,5.4102
2022-03-28,5.3836
2022-03-29,5.1940
2022-03-30,5.0808
2022-03-31,5.1203
2022-04-01,5.3219
2022-04-02,5.2335
2022-04-03,5.1701
2022-04-04,5.2234
2022-04-05,5.3137
2022-04-06,5.3258
2022-04-07,5.5524
2022-04-08,5.5234
2022-04-09,5.6004
2022-04-10,5.6095
2022-04-11,5.7226
2022-04-12,5.8317
2022-04-13,5.8829
2022-04-14,5.9830
2022-04-15,6.1318
2022-04-16,6.0938
2022-04-17,5.9029
2022-04-18,5.9367
2022-04-19,5.8542
2022-04-20,5.7956
2022-04-21,5.7604
2022-04-22,5.9557
2022-04-23,6.0308
2022-04-24,6.2377
2022-04-25,6.2928
2022-04-26,6.4016
2022-04-27,6.3760
2022-04-28,6.2015
2022-04-29,6.0548
2022-04-30,6.0437
2022-05-01,6.3211
2022-05-02,6.6240
2022-05-03,6.9400
2022-05-04,7.1394
2022-05-05,7.1119
2022-05-06,7.1535
2022-05-07,7.1670
2022-05-08,7.2457
2022-05-09,7.1359
2022-05-10,7.1618
2022-05-11,7.1539
2022-05-12,7.2748
2022-05-13,7.7002
2022-05-14,7.9552
2022-05-15,8.6020
2022-05-16,8.8046
2022-05-17,8.6277
2022-05-18,8.6652
2022-05-19,8.7240
2022-05-20,8.7858
2022-05-21,8.8885
2022-05-22,9.0657
2022-05-23,9.2696
2022-05-24,9.3779
2022-05-25,9.5578
2022-05-26,9.7197
2022-05-27,9.8617
2022-05-28,9.9712
2022-05-29,10.4449
2022-05-30,10.7158
2022-05-31,10.6469
2022-06-01,10.7150
2022-06-02,10.5774
2022-06-03,10.6569
2022-06-04,11.0975
2022-06-05,11.5113
2022-06-06,11.9137
2022-06-07,12.1217
2022-06-08,12.1097
2022-06-09,12.0343
2022-06-10,12.0635
2022-06-11,12.1550
2022-06-12,12.6113
2022-06-13,12.9448
2022-06-14,13.2076
2022-06-15,13.2260
2022-06-16,13.1713
2022-06-17,13.1147
2022-06-18,12.9255
2022-06-19,12.6120
2022-06-20,12.1957
2022-06-21,12.3157
2022-06-22,12.4267
2022-06-23,12.6665
2022-06-24,13.0969
2022-06-25,13.6685
2022-06-26,14.3416
2022-06-27,14.3818
2022-06-28,14.2438
2022-06-29,14.2587
2022-06-30,14.4563
2022-07-01,14.5758
2022-07-02,14.7809
2022-07-03,15.0295
2022-07-04,15.3042
2022-07-05,15.4687
2022-07-06,15.5146
2022-07-07,15.6395
2022-07-08,15.5848
2022-07-09,15.6234
2022-07-10,15.8081
2022-07-11,15.7386
2022-07-12,15.8621
2022-07-13,15.9618
2022-07-14,16.1110
2022-07-15,16.1581
2022-07-16,16.2114
2022-07-17,16.2903
2022-07-18,16.4142
2022-07-19,16.1467
2022-07-20,16.3041
2022-07-21,16.8099
2022-07-22,17.1449
2022-07-23,17.3760
2022-07-24,17.4708
2022-07-25,17.5497
2022-07-26,17.3291
2022-07-27,17.3462
2022-07-28,17.5051
2022-07-29,17.5979
2022-07-30,17.6423
2022-07-31,17.6497
2022-08-01,17.8039
2022-08-02,18.0901
2022-08-03,18.3628
2022-08-04,18.4416
2022-08-05,18.9552
2022-08-06,19.4060
2022-08-07,19.6480
2022-08-08,19.5260
2022-08-09,19.2113
2022-08-10,18.5373
2022-08-11,18.2270
2022-08-12,18.3732
2022-08-13,18.3002
2022-08-14,18.1185
2022-08-15,18.1863
2022-08-16,18.1884
2022-08-17,17.5586
2022-08-18,17.0592
2022-08-19,17.1726
2022-08-20,17.3687
2022-08-21,17.7941
2022-08-22,17.9538
2022-08-23,18.1425
2022-08-24,18.3569
2022-08-25,18.6298
2022-08-26,18.7078
2022-08-27,18.6192
2022-08-28,18.3693
2022-08-29,18.2106
2022-08-30,18.2354
2022-08-31,18.3206
2022-09-01,18.2056
2022-09-02,17.9626
2022-09-03,17.8646
2022-09-04,17.9467
2022-09-05,17.9598
2022-09-06,17.6853
2022-09-07,17.5853
2022-09-08,17.6723
2022-09-09,17.7222
2022-09-10,17.8194
2022-09-11,17.8709
2022-09-12,17.9417
2022-09-13,17.8765
2022-09-14,17.6140
2022-09-15,17.0860
2022-09-16,16.5807
2022-09-17,16.2440
2022-09-18,16.1123
2022-09-19,16.0834
2022-09-20,15.9978
2022-09-21,15.7596
2022-09-22,15.7570
2022-09-23,15.5662
2022-09-24,14.8029
2022-09-25,14.6006
2022-09-26,14.5267
2022-09-27,14.5623
2022-09-28,14.5952
2022-09-29,14.5095
2022-09-30,14.3235
2022-10-01,14.1922
2022-10-02,13.9475
2022-10-03,13.7609
2022-10-04,13.6729
2022-10-05,13.6222
2022-10-06,13.7836
2022-10-07,13.8439
2022-10-08,13.7638
2022-10-09,13.5959
2022-10-10,13.4962
2022-10-11,13.5112
2022-10-12,13.6089
2022-10-13,13.6376
2022-10-14,13.6436
2022-10-15,13.8235
2022-10-16,13.8597
2022-10-17,13.8521
2022-10-18,13.8326
2022-10-19,13.6660
2022-10-20,13.5034
2022-10-21,13.3857
2022-10-22,13.3888
2022-10-23,13.4298
2022-10-24,13.6213
2022-10-25,13.6582
2022-10-26,13.9508
2022-10-27,14.0785
2022-10-28,13.8039
2022-10-29,13.5777
2022-10-30,13.6521
2022-10-31,13.6942
2022-11-01,13.7005
2022-11-02,13.7127
2022-11-03,13.6363
2022-11-04,13.5512
2022-11-05,13.3708
2022-11-06,13.4223
2022-11-07,13.6893
2022-11-08,13.2213
2022-11-09,12.8593
2022-11-10,12.7859
2022-11-11,12.7261
2022-11-12,12.7832
2022-11-13,12.6284
2022-11-14,12.4568
2022-11-15,12.1890
2022-11-16,11.9652
2022-11-17,11.7943
2022-11-18,11.6527
2022-11-19,11.4485
2022-11-20,11.2514
2022-11-21,11.0353
2022-11-22,10.8619
2022-11-23,10.7037
2022-11-24,10.5687
2022-11-25,10.4150
2022-11-26,10.3067
2022-11-27,10.2739
2022-11-28,10.1878
2022-11-29,10.0934
2022-11-30,10.0750
2022-12-01,10.1747
2022-12-02,10.2905
2022-12-03,10.3627
2022-12-04,10.3649
2022-12-05,10.3160
2022-12-06,10.3021
2022-12-07,10.2690
2022-12-08,10.2105
2022-12-09,10.1714
2022-12-10,10.0583
2022-12-11,10.2547
2022-12-12,9.9956
2022-12-13,9.8714
2022-12-14,9.6067
2022-12-15,9.4939
2022-12-16,9.5048
2022-12-17,9.3550
2022-12-18,9.2723
2022-12-19,9.0394
2022-12-20,8.7376
2022-12-21,8.5665
2022-12-22,8.4587
2022-12-23,8.5712
2022-12-24,8.5686
2022-12-25,8.4462
2022-12-26,8.3675
2022-12-27,8.2308
2022-12-28,7.9966
2022-12-29,7.8847
2022-12-30,7.8362
2022-12-31,7.6907
2023-01-01,7.7986
2023-01-02,7.6898
2023-01-03,7.5993
2023-01-04,7.6120
2023-01-05,7.6659
2023-01-06,7.5884
2023-01-07,7.5230
2023-01-08,7.5863
2023-01-09,7.5904
2023-01-10,7.5180
2023-01-11,7.3648
2023-01-12,7.3184
2023-01-13,7.4251
2023-01-14,7.5704
2023-01-15,7.5715
2023-01-16,7.4593
2023-01-17,7.4388
2023-01-18,7.4643
2023-01-19,7.4771
2023-01-20,7.4647
2023-01-21,7.2424
2023-01-22,7.1427
2023-01-23,7.2528
2023-01-24,7.2146
2023-01-25,7.2565
2023-01-26,7.4293
2023-01-27,7.4113
2023-01-28,7.3589
2023-01-29,7.3261
2023-01-30,7.2541
2023-01-31,7.1918
2023-02-01,7.0868
2023-02-02,7.0314
2023-02-03,7.0282
2023-02-04,6.8993
2023-02-05,6.5855
2023-02-06,6.3737
2023-02-07,6.3567
2023-02-08,6.4281
2023-02-09,6.4772
2023-02-10,6.7115
2023-02-11,6.7790
2023-02-12,6.6922
2023-02-13,6.6386
2023-02-14,6.5914
2023-02-15,6.6999
2023-02-16,6.8996
2023-02-17,6.7816
2023-02-18,6.5347
2023-02-19,6.4817
2023-02-20,6.4795
2023-02-21,6.4872
2023-02-22,6.4840
2023-02-23,6.4203
2023-02-24,6.3535
2023-02-25,6.2117
2023-02-26,5.9409
2023-02-27,5.8814
2023-02-28,5.8098
2023-03-01,5.8238
2023-03-02,5.8813
2023-03-03,5.9246
2023-03-04,5.9159
2023-03-05,5.9184
2023-03-06,5.9247
2023-03-07,5.8487
2023-03-08,5.6950
2023-03-09,5.6969
2023-03-10,5.6762
2023-03-11,5.5681
2023-03-12,5.3789
2023-03-13,5.3825
2023-03-14,5.4132
2023-03-15,5.3221
2023-03-16,5.1647
2023-03-17,5.1276
2023-03-18,5.0948
2023-03-19,5.0341
2023-03-20,4.9589
2023-03-21,4.9188
2023-03-22,4.8763
2023-03-23,4.9436
2023-03-24,4.9302
2023-03-25,4.9838
2023-03-26,4.9544
2023-03-27,4.9609
2023-03-28,4.9980
2023-03-29,5.0776
2023-03-30,5.1228
2023-03-31,5.1406
2023-04-01,5.3372
2023-04-02,5.6529
2023-04-03,5.6566
2023-04-04,5.7152
2023-04-05,5.8327
2023-04-06,5.9429
2023-04-07,5.9920
2023-04-08,5.8500
2023-04-09,5.8779
2023-04-10,6.1628
2023-04-11,6.3066
2023-04-12,6.4875
2023-04-13,6.7718
2023-04-14,6.9733
2023-04-15,6.8686
2023-04-16,7.0262
2023-04-17,7.5057
2023-04-18,7.2756
2023-04-19,7.0763
2023-04-20,6.9451
2023-04-21,6.8446
2023-04-22,6.7613
2023-04-23,6.8750
2023-04-24,6.9285
2023-04-25,6.7703
2023-04-26,6.7900
2023-04-27,6.9677
2023-04-28,7.3461
2023-04-29,7.3814
2023-04-30,7.3580
2023-05-01,7.4356
2023-05-02,7.4757
2023-05-03,7.4093
2023-05-04,7.2046
2023-05-05,7.2421
2023-05-06,7.3680
2023-05-07,7.7486
2023-05-08,8.0294
2023-05-09,7.9762
2023-05-10,8.1271
2023-05-11,8.2813
2023-05-12,8.3739
2023-05-13,8.8703
2023-05-14,8.9795
2023-05-15,8.9354
2023-05-16,8.8375
2023-05-17,8.4456
2023-05-18,8.2418
2023-05-19,8.2610
2023-05-20,8.2109
2023-05-21,8.3023
2023-05-22,8.5934
2023-05-23,8.9386
2023-05-24,9.0807
2023-05-25,9.0799
2023-05-26,9.3066
2023-05-27,9.8160
2023-05-28,10.2790
2023-05-29,10.2569
2023-05-30,10.4258
2023-05-31,10.6410
2023-06-01,11.1583
2023-06-02,11.9115
2023-06-03,11.8710
2023-06-04,10.9428
2023-06-05,10.2487
2023-06-06,9.9272
2023-06-07,10.0075
2023-06-08,10.3177
2023-06-09,10.6919
2023-06-10,10.8918
2023-06-11,10.9348
2023-06-12,11.0923
2023-06-13,11.3569
2023-06-14,11.5737
2023-06-15,11.9483
2023-06-16,12.3826
2023-06-17,12.4442
2023-06-18,11.7097
2023-06-19,11.5022
2023-06-20,11.8426
2023-06-21,12.2039
2023-06-22,12.6541
2023-06-23,13.3757
2023-06-24,14.1548
2023-06-25,14.2990
2023-06-26,14.6895
2023-06-27,14.3527
2023-06-28,14.2741
2023-06-29,14.2145
2023-06-30,14.0779
2023-07-01,14.4182
2023-07-02,14.4847
2023-07-03,14.8565
2023-07-04,14.9943
2023-07-05,14.8721
2023-07-06,15.0145
2023-07-07,15.3007
2023-07-08,15.4258
2023-07-09,15.3750
2023-07-10,15.4122
2023-07-11,15.7584
2023-07-12,16.0708
2023-07-13,16.3357
2023-07-14,16.6160
2023-07-15,16.9648
2023-07-16,17.0148
2023-07-17,17.0380
2023-07-18,17.0793
2023-07-19,17.3581
2023-07-20,17.5789
2023-07-21,17.6598
2023-07-22,17.7591
2023-07-23,18.1739
2023-07-24,18.3043
2023-07-25,18.5208
2023-07-26,18.6583
2023-07-27,18.6053
2023-07-28,18.8118
2023-07-29,18.7523
2023-07-30,17.8302
2023-07-31,17.5209
2023-08-01,17.4624
2023-08-02,17.2733
2023-08-03,17.0844
2023-08-04,16.9229
2023-08-05,16.7930
2023-08-06,16.6803
2023-08-07,16.6466
2023-08-08,16.6015
2023-08-09,16.5913
2023-08-10,16.4539
2023-08-11,16.5122
2023-08-12,16.7455
2023-08-13,17.1134
2023-08-14,17.3307
2023-08-15,17.3680
2023-08-16,17.3572
2023-08-17,17.2113
2023-08-18,17.1880
2023-08-19,17.1360
2023-08-20,17.0740
2023-08-21,17.0825
2023-08-22,16.9203
2023-08-23,16.9542
2023-08-24,17.1291
2023-08-25,17.1599
2023-08-26,17.1928
2023-08-27,17.2645
2023-08-28,17.2911
2023-08-29,17.3175
2023-08-30,17.2672
2023-08-31,16.9283
2023-09-01,16.4130
2023-09-02,16.1924
2023-09-03,16.2675
2023-09-04,16.4251
2023-09-05,16.6724
2023-09-06,17.3102
2023-09-07,17.7401
2023-09-08,18.0016
2023-09-09,17.9581
2023-09-10,17.9477
2023-09-11,18.0153
2023-09-12,18.0039
2023-09-13,17.8509
2023-09-14,17.7525
2023-09-15,17.4420
2023-09-16,15.3632
2023-09-17,14.7316
2023-09-18,14.5750
2023-09-19,14.2457
2023-09-20,14.2500
2023-09-21,14.3714
2023-09-22,14.4076
2023-09-23,14.3207
2023-09-24,14.2571
2023-09-25,14.1563
2023-09-26,14.0287
2023-09-27,13.9858
2023-09-28,13.8833
2023-09-29,13.8068
2023-09-30,13.8377
2023-10-01,13.8039
2023-10-02,13.9027
2023-10-03,14.0656
2023-10-04,14.1995
2023-10-05,14.3497
2023-10-06,14.3174
2023-10-07,14.2250
2023-10-08,13.9220
2023-10-09,13.8825
2023-10-10,13.8421
2023-10-11,13.9281
2023-10-12,14.0029
2023-10-13,13.9607
2023-10-14,13.7945
2023-10-15,13.6486
2023-10-16,13.4961
2023-10-17,13.3829
2023-10-18,13.3495
2023-10-19,13.4111
2023-10-20,13.4701
2023-10-21,13.5187
2023-10-22,13.2496
2023-10-23,12.9944
2023-10-24,12.9521
2023-10-25,13.0177
2023-10-26,13.3221
2023-10-27,13.3869
2023-10-28,13.3876
2023-10-29,13.1419
2023-10-30,12.6729
2023-10-31,12.3702
2023-11-01,12.0362
2023-11-02,11.7351
2023-11-03,11.5271
2023-11-04,11.4199
2023-11-05,11.4605
2023-11-06,11.3463
2023-11-07,11.3042
2023-11-08,11.1643
2023-11-09,10.9900
2023-11-10,10.7487
2023-11-11,10.6580
2023-11-12,10.5093
2023-11-13,10.3480
2023-11-14,10.2995
2023-11-15,10.3065
2023-11-16,10.2713
2023-11-17,10.2928
2023-11-18,10.2853
2023-11-19,10.2381
2023-11-20,10.0957
2023-11-21,9.9137
2023-11-22,9.7900
2023-11-23,9.6720
2023-11-24,9.7429
2023-11-25,9.4806
2023-11-26,9.1919
2023-11-27,9.1848
2023-11-28,9.1453
2023-11-29,9.0567
2023-11-30,8.9581
2023-12-01,8.9328
2023-12-02,8.9240
2023-12-03,8.7360
2023-12-04,8.6193
2023-12-05,8.5244
2023-12-06,8.3825
2023-12-07,8.1713
2023-12-08,8.0105
2023-12-09,7.8262
2023-12-10,7.7787
2023-12-11,7.8377
2023-12-12,7.8175
2023-12-13,7.7253
2023-12-14,7.5520
2023-12-15,7.5556
2023-12-16,7.5717
2023-12-17,7.4863
2023-12-18,7.6106
2023-12-19,7.7086
2023-12-20,7.5170
2023-12-21,7.3104
2023-12-22,7.0549
2023-12-23,6.8688
2023-12-24,6.7638
2023-12-25,6.7901
2023-12-26,6.8124
2023-12-27,6.6551
2023-12-28,6.6528
2023-12-29,6.8534
2023-12-30,6.6858
2023-12-31,6.6434
2024-01-01,6.4621
2024-01-02,6.3206
2024-01-03,6.2057
2024-01-04,6.0672
2024-01-05,5.9884
2024-01-06,5.9158
2024-01-07,5.8045
2024-01-08,5.7222
2024-01-09,5.6172
2024-01-10,5.6656
2024-01-11,5.5366
2024-01-12,5.3855
2024-01-13,5.4383
2024-01-14,5.3199
2024-01-15,5.1638
2024-01-16,5.0231
2024-01-17,4.8594
2024-01-18,4.7631
2024-01-19,4.6487
2024-01-20,4.5430
2024-01-21,4.4743
2024-01-22,4.4334
2024-01-23,4.3870
2024-01-24,4.2936
2024-01-25,4.4358
2024-01-26,4.5104
2024-01-27,4.3081
2024-01-28,4.1170
2024-01-29,4.2374
2024-01-30,4.4250
2024-01-31,4.4161
2024-02-01,4.3937
2024-02-02,4.3229
2024-02-03,4.3590
2024-02-04,4.3348
2024-02-05,4.2443
2024-02-06,4.0357
2024-02-07,3.8550
2024-02-08,3.7660
2024-02-09,3.8095
2024-02-10,3.9740
2024-02-11,3.9976
2024-02-12,4.0976
2024-02-13,3.9930
2024-02-14,3.8990
2024-02-15,3.7870
2024-02-16,3.6175
2024-02-17,3.4336
2024-02-18,3.3957
2024-02-19,3.4307
2024-02-20,3.3574
2024-02-21,3.2960
2024-02-22,3.2740
2024-02-23,3.1480
2024-02-24,3.1629
2024-02-25,3.1540
2024-02-26,3.2036
2024-02-27,3.3242
2024-02-28,3.3963
2024-02-29,3.6769
2024-03-01,3.7079
2024-03-02,3.7735
2024-03-03,4.1993
2024-03-04,4.5006
2024-03-05,4.3643
2024-03-06,4.3758
2024-03-07,4.4734
2024-03-08,4.5106
2024-03-09,4.5283
2024-03-10,4.3718
2024-03-11,4.2534
2024-03-12,4.3787
2024-03-13,4.5394
2024-03-14,4.6833
2024-03-15,4.8277
2024-03-16,4.9700
2024-03-17,4.9227
2024-03-18,4.8680
2024-03-19,4.7249
2024-03-20,4.6066
2024-03-21,4.5653
2024-03-22,4.5799
2024-03-23,4.5079
2024-03-24,4.3839
2024-03-25,4.3945
2024-03-26,4.5690
2024-03-27,4.5716
2024-03-28,4.5005
2024-03-29,4.4454
2024-03-30,4.4497
2024-03-31,5.0462
2024-04-01,4.5619
2024-04-02,4.6873
2024-04-03,4.7631
2024-04-04,4.7464
2024-04-05,4.6439
2024-04-06,4.7390
2024-04-07,5.0626
2024-04-08,5.2923
2024-04-09,5.3316
2024-04-10,5.3415
2024-04-11,5.3210
2024-04-12,5.5842
2024-04-13,5.5590
2024-04-14,5.5814
2024-04-15,6.0395
2024-04-16,6.3742
2024-04-17,6.2757
2024-04-18,6.1795
2024-04-19,6.3175
2024-04-20,6.3573
2024-04-21,6.2599
2024-04-22,6.2251
2024-04-23,6.3321
2024-04-24,6.4879
2024-04-25,6.1520
2024-04-26,6.1486
2024-04-27,6.5794
2024-04-28,6.7701
2024-04-29,6.8701
2024-04-30,7.1127
2024-05-01,7.0638
2024-05-02,7.2982
2024-05-03,7.2232
2024-05-04,7.2883
2024-05-05,7.1640
2024-05-06,7.3012
2024-05-07,7.4702
2024-05-08,7.7006
2024-05-09,7.6193
2024-05-10,7.3716
2024-05-11,7.2905
2024-05-12,7.4850
2024-05-13,8.1030
2024-05-14,8.3277
2024-05-15,8.3566
2024-05-16,8.6789
2024-05-17,9.0687
2024-05-18,9.2905
2024-05-19,9.2036
2024-05-20,8.9988
2024-05-21,8.9410
2024-05-22,9.2700
2024-05-23,9.8928
2024-05-24,10.3273
2024-05-25,10.5958
2024-05-26,10.7994
2024-05-27,10.8872
2024-05-28,11.0183
2024-05-29,11.3161
2024-05-30,11.6012
2024-05-31,11.8121
2024-06-01,11.9334
2024-06-02,11.9968
2024-06-03,12.1773
2024-06-04,12.4319
2024-06-05,12.5495
2024-06-06,12.6726
2024-06-07,12.8767
2024-06-08,12.8433
2024-06-09,12.7303
2024-06-10,12.5866
2024-06-11,12.7716
2024-06-12,13.0816
2024-06-13,13.2830
2024-06-14,13.2001
2024-06-15,13.1754
2024-06-16,13.1859
2024-06-17,13.2437
2024-06-18,13.2704
2024-06-19,13.7891
2024-06-20,14.3268
2024-06-21,14.7802
2024-06-22,14.9218
2024-06-23,14.4979
2024-06-24,13.9797
2024-06-25,13.6060
2024-06-26,13.4377
2024-06-27,13.5114
2024-06-28,13.2504
2024-06-29,13.1306
2024-06-30,12.9477
2024-07-01,12.8992
2024-07-02,13.3202
2024-07-03,13.8867
2024-07-04,14.4245
2024-07-05,14.6462
2024-07-06,14.6015
2024-07-07,14.8179
2024-07-08,15.0306
2024-07-09,14.9961
2024-07-10,15.0544
2024-07-11,14.9613
2024-07-12,14.9647
2024-07-13,15.1851
2024-07-14,15.1578
2024-07-15,15.4409
2024-07-16,15.8324
2024-07-17,15.9737
2024-07-18,16.4359
2024-07-19,16.3061
2024-07-20,16.3848
2024-07-21,16.6860
2024-07-22,16.7416
2024-07-23,16.8150
2024-07-24,16.8968
2024-07-25,16.5247
2024-07-26,16.3645
2024-07-27,16.5634
2024-07-28,16.5562
2024-07-29,16.3243
2024-07-30,16.2918
2024-07-31,16.3339
2024-08-01,16.5631
2024-08-02,17.1141
2024-08-03,17.3232
2024-08-04,17.8016
2024-08-05,17.5000
2024-08-06,17.6189
2024-08-07,16.9120
2024-08-08,16.8853
2024-08-09,17.0467
2024-08-10,16.9407
2024-08-11,16.8441
2024-08-12,16.9070
2024-08-13,17.0612
2024-08-14,17.2422
2024-08-15,17.4488
2024-08-16,17.5819
2024-08-17,17.6964
2024-08-18,17.9036
2024-08-19,18.3487
2024-08-20,18.3966
2024-08-21,17.5851
2024-08-22,17.1287
2024-08-23,16.9877
2024-08-24,17.0602
2024-08-25,17.2580
2024-08-26,17.4821
2024-08-27,17.5074
2024-08-28,17.4262
2024-08-29,16.9764
2024-08-30,16.6484
2024-08-31,16.5011
2024-09-01,16.8146
2024-09-02,16.9062
2024-09-03,16.6408
2024-09-04,16.6107
2024-09-05,16.6645
2024-09-06,16.6579
2024-09-07,16.5650
2024-09-08,16.3156
2024-09-09,16.0428
2024-09-10,16.0286
2024-09-11,16.1180
2024-09-12,16.2489
2024-09-13,16.4860
2024-09-14,16.5371
2024-09-15,16.6509
2024-09-16,16.6614
2024-09-17,16.5719
2024-09-18,16.4261
2024-09-19,16.3766
2024-09-20,16.2746
2024-09-21,15.5630
2024-09-22,14.9995
2024-09-23,14.7909
2024-09-24,14.7196
2024-09-25,14.7132
2024-09-26,14.8750
2024-09-27,15.0000
2024-09-28,15.1269
2024-09-29,15.3429
2024-09-30,15.5689
2024-10-01,15.6269
2024-10-02,15.7208
2024-10-03,15.8629
2024-10-04,15.9186
2024-10-05,15.9586
2024-10-06,15.7810
2024-10-07,15.7088
2024-10-08,15.3900
2024-10-09,15.2476
2024-10-10,15.1246
2024-10-11,14.7994
2024-10-12,14.4222
2024-10-13,14.1815
2024-10-14,14.0041
2024-10-15,13.7051
2024-10-16,13.3613
2024-10-17,12.9318
2024-10-18,12.6853
2024-10-19,12.6278
2024-10-20,12.7527
2024-10-21,12.8639
2024-10-22,12.9230
2024-10-23,12.9689
2024-10-24,12.9194
2024-10-25,12.8149
2024-10-26,12.6645
2024-10-27,12.4688
2024-10-28,12.1690
2024-10-29,11.9801
2024-10-30,11.9585
2024-10-31,12.0821
2024-11-01,12.2151
2024-11-02,12.1359
2024-11-03,11.9575
2024-11-04,11.6940
2024-11-05,11.7431
2024-11-06,11.8104
2024-11-07,11.7399
2024-11-08,11.6301
2024-11-09,11.3631
2024-11-10,11.0824
2024-11-11,10.9305
2024-11-12,10.7945
2024-11-13,10.5557
2024-11-14,10.1641
2024-11-15,9.9974
2024-11-16,9.7921
2024-11-17,9.6321
2024-11-18,9.6179
2024-11-19,9.6671
2024-11-20,9.6525
2024-11-21,9.6016
2024-11-22,9.6809
2024-11-23,9.6278
2024-11-24,9.5465
2024-11-25,9.4560
2024-11-26,9.3709
2024-11-27,9.3290
2024-11-28,9.2457
2024-11-29,9.1622
2024-11-30,9.0077
2024-12-01,8.8529
2024-12-02,8.7184
2024-12-03,8.6160
2024-12-04,8.5425
2024-12-05,8.4748
2024-12-06,8.3742
2024-12-07,8.2288
2024-12-08,8.1316
2024-12-09,8.1555
2024-12-10,8.1710
2024-12-11,7.7328
2024-12-12,7.6925
2024-12-13,7.6581
2024-12-14,7.5531
2024-12-15,7.5083
2024-12-16,7.5396
2024-12-17,7.6646
2024-12-18,7.7195
2024-12-19,7.7675
2024-12-20,7.6662
2024-12-21,7.5291
2024-12-22,7.1358
2024-12-23,6.9195
2024-12-24,6.7940
2024-12-25,6.9441
2024-12-26,6.9391
2024-12-27,6.8381
2024-12-28,6.6773
2024-12-29,6.3216
2024-12-30,6.0390
2024-12-31,6.3018
2025-01-01,6.3381
2025-01-02,6.4150
2025-01-03,6.4333
2025-01-04,6.4074
2025-01-05,6.3665
2025-01-06,6.2420
2025-01-07,6.1786
2025-01-08,6.1662
2025-01-09,6.1752
2025-01-10,6.1548
2025-01-11,6.1725
2025-01-12,6.1433
2025-01-13,6.1279
2025-01-14,6.1321
2025-01-15,6.0141
2025-01-16,5.7590
2025-01-17,5.6024
2025-01-18,5.5602
2025-01-19,5.6467
2025-01-20,5.5044
2025-01-21,5.3276
2025-01-22,5.0949
2025-01-23,4.8495
2025-01-24,4.7991
2025-01-25,4.6733
2025-01-26,4.5294
2025-01-27,4.4990
2025-01-28,4.5732
2025-01-29,4.6929
2025-01-30,4.8468
2025-01-31,4.9414
2025-02-01,4.9815
2025-02-02,4.9867
2025-02-03,4.8894
2025-02-04,4.9477
2025-02-05,4.7873
2025-02-06,4.6050
2025-02-07,4.4834
2025-02-08,4.5087
2025-02-09,4.3943
2025-02-10,4.3169
2025-02-11,4.2785
2025-02-12,4.2068
2025-02-13,4.2486
2025-02-14,4.2652
2025-02-15,4.2352
2025-02-16,4.1746
2025-02-17,3.8920
2025-02-18,3.7644
2025-02-19,3.7054
2025-02-20,3.6296
2025-02-21,3.5399
2025-02-22,3.5593
2025-02-23,3.5331
2025-02-24,3.4869
2025-02-25,3.5254
2025-02-26,3.6400
2025-02-27,3.6213
2025-02-28,3.5267
2025-03-01,3.4506
2025-03-02,3.4152
2025-03-03,3.4731
2025-03-04,3.5018
2025-03-05,3.5094
2025-03-06,3.4350
2025-03-07,3.6421
2025-03-08,3.7037
2025-03-09,3.7029
2025-03-10,3.7133
2025-03-11,3.8030
2025-03-12,3.7712
2025-03-13,3.7347
2025-03-14,3.7998
2025-03-15,3.7501
2025-03-16,3.7925
2025-03-17,3.7484
2025-03-18,3.8697
2025-03-19,4.0925
2025-03-20,4.2164
2025-03-21,4.3641
2025-03-22,4.2945
2025-03-23,4.2418
2025-03-24,4.1174
2025-03-25,4.1335
2025-03-26,4.1800
2025-03-27,4.3153
2025-03-28,4.4191
2025-03-29,4.4117
2025-03-30,4.4858
2025-03-31,4.5178
2025-04-01,4.3394
2025-04-02,4.2502
2025-04-03,4.2982
2025-04-04,4.5347
2025-04-05,4.5156
2025-04-06,4.4953
2025-04-07,4.3603
2025-04-08,4.1820
2025-04-09,4.1251
2025-04-10,4.2067
2025-04-11,4.1512
2025-04-12,4.1661
2025-04-13,4.2610
2025-04-14,4.1333
2025-04-15,4.1382
2025-04-16,4.1948
2025-04-17,4.2801
2025-04-18,4.4856
2025-04-19,4.6089
2025-04-20,5.0295
2025-04-21,5.1710
2025-04-22,5.1803
2025-04-23,5.2520
2025-04-24,5.7282
2025-04-25,5.7840
2025-04-26,5.6649
2025-04-27,5.6315
2025-04-28,5.5554
2025-04-29,5.5081
2025-04-30,5.9118
2025-05-01,6.1681
2025-05-02,6.3398
2025-05-03,6.3369
2025-05-04,6.0416
2025-05-05,5.9443
2025-05-06,6.1199
2025-05-07,6.1945
2025-05-08,6.5442
2025-05-09,6.8525
2025-05-10,6.8423
2025-05-11,6.9805
2025-05-12,7.1816
2025-05-13,7.3151
2025-05-14,7.6312
2025-05-15,7.8404
2025-05-16,8.2370
2025-05-17,8.6267
2025-05-18,8.7393
2025-05-19,8.7599
2025-05-20,8.4446
2025-05-21,7.9575
2025-05-22,7.8910
2025-05-23,7.4569
2025-05-24,7.4652
2025-05-25,7.8113
2025-05-26,8.3332
2025-05-27,8.7072
2025-05-28,8.9214
2025-05-29,9.1387
2025-05-30,9.1600
2025-05-31,9.1093
2025-06-01,8.8556
2025-06-02,8.8272
2025-06-03,9.1481
2025-06-04,9.7318
2025-06-05,10.1284
2025-06-06,10.5666
2025-06-07,10.8322
2025-06-08,10.8193
2025-06-09,10.9370
2025-06-10,10.9406
2025-06-11,10.9404
2025-06-12,11.1096
2025-06-13,11.3256
2025-06-14,11.4900
2025-06-15,11.5009
2025-06-16,11.7965
2025-06-17,12.1844
2025-06-18,12.7218
2025-06-19,13.5087
2025-06-20,13.1615
2025-06-21,13.0278
2025-06-22,12.9953
2025-06-23,13.2046
2025-06-24,13.7089
2025-06-25,14.1835
2025-06-26,14.3190
2025-06-27,14.0021
2025-06-28,13.9906
2025-06-29,13.8369
2025-06-30,13.7541
2025-07-01,14.4574
2025-07-02,14.7967
2025-07-03,14.7701
2025-07-04,14.9356
2025-07-05,15.0316
2025-07-06,15.1466
2025-07-07,15.4828
2025-07-08,16.3059
2025-07-09,16.2313
2025-07-10,15.8673
2025-07-11,15.3863
2025-07-12,15.5999
2025-07-13,15.6438
2025-07-14,16.0316
2025-07-15,16.6289
2025-07-16,17.3394
2025-07-17,17.4343
2025-07-18,17.0629
2025-07-19,16.9077
2025-07-20,16.7131
2025-07-21,16.3187
2025-07-22,16.0720
2025-07-23,16.0974
2025-07-24,16.0201
2025-07-25,16.1397
2025-07-26,16.0074
2025-07-27,15.9261
2025-07-28,16.0455
2025-07-29,16.6408
2025-07-30,16.9566
2025-07-31,17.0754
2025-08-01,16.4643
2025-08-02,16.1515
2025-08-03,16.3248
2025-08-04,16.4729
2025-08-05,16.7439
2025-08-06,16.7967
2025-08-07,16.9487
2025-08-08,17.0505
2025-08-09,17.2454
2025-08-10,17.3320
2025-08-11,17.7608
2025-08-12,18.2045
2025-08-13,18.4976
2025-08-14,18.4304
2025-08-15,17.9796
2025-08-16,17.7587
2025-08-17,17.7189
2025-08-18,17.2069
2025-08-19,16.9564
2025-08-20,16.7769
2025-08-21,16.5171
2025-08-22,16.3950
2025-08-23,16.3976
2025-08-24,16.3945
2025-08-25,16.4788
2025-08-26,16.7597
2025-08-27,16.8831
2025-08-28,16.8959
2025-08-29,16.7071
2025-08-30,16.5023
2025-08-31,16.5265
2025-09-01,16.7692
2025-09-02,17.2511
2025-09-03,17.4767
2025-09-04,17.4939
2025-09-05,17.4769
2025-09-06,17.5342
2025-09-07,17.4564
2025-09-08,17.2006
2025-09-09,17.0940
2025-09-10,16.7431
2025-09-11,16.5174
2025-09-12,16.3997
2025-09-13,16.4289
2025-09-14,16.5178
2025-09-15,16.5964
2025-09-16,16.7361
2025-09-17,16.8810
2025-09-18,17.1430
2025-09-19,17.0758
2025-09-20,16.7020
2025-09-21,16.3653
2025-09-22,16.2389
2025-09-23,16.2675
2025-09-24,16.2502
2025-09-25,16.3324
2025-09-26,16.3920
2025-09-27,16.3231
2025-09-28,16.3443
2025-09-29,16.4458
2025-09-30,16.2021
2025-10-01,15.8043
2025-10-02,15.3366
2025-10-03,15.0582
2025-10-04,15.0832
2025-10-05,15.2395
2025-10-06,15.3447
2025-10-07,15.3113
2025-10-08,15.0935
2025-10-09,14.5491
2025-10-10,14.1907
2025-10-11,13.9867
2025-10-12,13.8572
2025-10-13,13.6556
2025-10-14,13.6716
2025-10-15,13.7382
2025-10-16,13.7148
2025-10-17,13.4901
2025-10-18,13.4313
2025-10-19,13.4654
2025-10-20,13.5332
2025-10-21,13.4747
2025-10-22,13.4153
2025-10-23,13.3466
2025-10-24,13.2736
2025-10-25,13.1661
2025-10-26,12.9632
2025-10-27,12.7788
2025-10-28,12.6135
2025-10-29,12.4704
2025-10-30,12.2506
2025-10-31,12.2190
2025-11-01,12.0426
2025-11-02,11.7677
2025-11-03,11.5453
2025-11-04,11.4286
2025-11-05,11.3359
2025-11-06,11.0973
2025-11-07,10.8825
2025-11-08,10.7323
2025-11-09,10.5647
2025-11-10,10.6207
2025-11-11,10.5297
2025-11-12,10.3253
2025-11-13,10.1384
2025-11-14,9.9742
2025-11-15,9.8747
2025-11-16,9.8304
2025-11-17,9.8025
2025-11-18,9.7092
2025-11-19,9.5736
2025-11-20,9.4535
2025-11-21,9.3355
2025-11-22,9.2556
2025-11-23,9.2381
2025-11-24,9.2043
2025-11-25,9.1150
2025-11-26,9.1418
2025-11-27,9.1563
2025-11-28,9.0671
2025-11-29,9.0027
2025-11-30,8.9366
2025-12-01,8.8837
2025-12-02,8.9788
2025-12-03,9.0078
2025-12-04,8.9144
2025-12-05,8.7768
2025-12-06,8.5201
2025-12-07,8.4169
2025-12-08,8.2388
2025-12-09,7.9968
2025-12-10,7.9333
2025-12-11,7.7443
2025-12-12,7.6064
2025-12-13,7.5301
2025-12-14,7.4889
2025-12-15,7.6293
2025-12-16,7.6169
2025-12-17,7.5616
2025-12-18,7.6033
2025-12-19,7.5923
2025-12-20,7.5246
2025-12-21,7.3871
2025-12-22,7.2502
2025-12-23,7.2154
2025-12-24,7.1329
2025-12-25,6.9369
2025-12-26,6.8705
2025-12-27,6.6786
2025-12-28,6.6388
2025-12-29,6.4518
2025-12-30,6.1846
2025-12-31,5.9739
2026-01-01,5.7307
2026-01-02,5.5519
2026-01-03,5.4591
2026-01-04,5.3882
2026-01-05,5.3602
2026-01-06,5.3332
2026-01-07,5.4282
2026-01-08,5.4837
2026-01-09,5.5428
2026-01-10,5.6373
2026-01-11,5.5504
2026-01-12,5.3886
2026-01-13,5.3371
2026-01-14,5.3582
2026-01-15,5.4769
2026-01-16,5.4767
2026-01-17,5.4362
2026-01-18,5.3470
2026-01-19,5.4046
2026-01-20,5.3518
2026-01-21,5.2910
2026-01-22,5.3038
2026-01-23,5.2331
2026-01-24,5.1630
2026-01-25,5.0013
2026-01-26,4.9361
2026-01-27,4.7841
2026-01-28,4.6989
2026-01-29,4.7163
2026-01-30,4.7027
2026-01-31,4.6831
2026-02-01,4.6860
2026-02-02,4.6741
2026-02-03,4.6247
2026-02-04,4.4580
2026-02-05,4.3063
2026-02-06,4.1424
2026-02-07,4.0229
2026-02-08,3.8880
2026-02-09,3.8591
2026-02-10,3.8550
2026-02-11,3.7996
2026-02-12,3.7548
2026-02-13,3.7858
2026-02-14,3.7989
2026-02-15,3.7342
2026-02-16,3.6028
2026-02-17,3.6435
2026-02-18,3.7703
2026-02-19,3.8375
2026-02-20,3.7649
2026-02-21,3.5489
2026-02-22,3.5409
2026-02-23,3.5726
2026-02-24,3.5794
2026-02-25,3.6510
2026-02-26,3.6613
2026-02-27,3.6613
2026-02-28,3.7581
2026-03-01,3.6458
2026-03-02,3.5382
2026-03-03,3.4843
2026-03-04,3.6912
2026-03-05,3.7561
2026-03-06,3.6379
2026-03-07,3.8621
2026-03-08,3.9469
2026-03-09,3.9741
2026-03-10,4.1473
2026-03-11,4.1591
2026-03-12,3.8605
2026-03-13,3.5954
2026-03-14,3.4961
2026-03-15,3.3782
2026-03-16,3.3024
2026-03-17,3.2006
2026-03-18,3.1776
2026-03-19,3.1127
2026-03-20,3.1602
2026-03-21,3.1793
2026-03-22,3.0956
2026-03-23,3.1520
2026-03-24,3.1566
2026-03-25,3.1640
2026-03-26,3.2264
2026-03-27,3.3489
2026-03-28,3.3213
2026-03-29,3.2231
2026-03-30,3.2741
2026-03-31,3.4102
2026-04-01,3.4724
2026-04-02,3.3928
2026-04-03,3.5979
2026-04-04,3.6559
2026-04-05,3.6301
2026-04-06,3.4245
2026-04-07,3.3476
2026-04-08,3.5188
2026-04-09,3.7515
2026-04-10,3.8923
2026-04-11,4.0081
2026-04-12,4.0511
2026-04-13,4.1465
2026-04-14,4.3783
2026-04-15,4.6391
2026-04-16,4.8481
2026-04-17,5.0335
2026-04-18,5.1822
2026-04-19,5.2430
2026-04-20,5.0936
2026-04-21,5.0112
2026-04-22,4.9654
2026-04-23,5.0159
2026-04-24,5.0996
2026-04-25,5.2038
2026-04-26,5.5705
2026-04-27,5.8093
2026-04-28,5.7602
2026-04-29,5.6272
2026-04-30,5.5132
2026-05-01,5.7003
2026-05-02,5.8311
2026-05-03,5.7909
2026-05-04,5.7974
2026-05-05,5.8229
2026-05-06,6.0747
2026-05-07,6.4676
2026-05-08,6.5766
2026-05-09,6.6911
2026-05-10,6.9563
2026-05-11,7.2872
2026-05-12,7.3199
2026-05-13,7.3264
2026-05-14,7.2462
2026-05-15,7.1790
2026-05-16,7.2400
2026-05-17,7.5279
2026-05-18,7.7787
2026-05-19,8.3180
2026-05-20,8.7681
2026-05-21,8.6916
2026-05-22,8.4631
2026-05-23,8.4022
2026-05-24,8.3826
2026-05-25,8.5638
2026-05-26,8.6697
2026-05-27,8.9309
2026-05-28,9.3068
2026-05-29,9.5038
2026-05-30,9.4161
2026-05-31,9.0731
2026-06-01,8.9956
2026-06-02,9.3180
2026-06-03,9.9470
2026-06-04,10.0488
2026-06-05,9.9851
2026-06-06,10.2136
2026-06-07,10.4784
2026-06-08,10.4826
2026-06-09,10.5374
2026-06-10,10.7104
2026-06-11,10.9436
2026-06-12,11.3364
2026-06-13,11.9546
2026-06-14,12.2834
2026-06-15,12.1421
2026-06-16,12.1250
2026-06-17,12.1874
2026-06-18,12.0912
2026-06-19,11.7480
2026-06-20,11.7219
2026-06-21,11.8856
2026-06-22,11.9612
2026-06-23,12.0947
2026-06-24,12.2917
2026-06-25,12.3908
2026-06-26,12.7249
2026-06-27,12.7396
2026-06-28,13.0802
2026-06-29,13.5816
2026-06-30,13.8685
2026-07-01,14.1510
2026-07-02,14.3022
2026-07-03,14.9401
2026-07-04,15.7313
2026-07-05,15.8405
2026-07-06,15.7970
2026-07-07,15.5615
2026-07-08,15.5029
2026-07-09,15.5608
2026-07-10,15.9564
2026-07-11,16.1408
2026-07-12,16.2363
2026-07-13,16.2311
2026-07-14,16.1889
2026-07-15,16.0232
2026-07-16,15.5613
2026-07-17,15.3276
2026-07-18,15.1362
2026-07-19,14.5584
2026-07-20,14.6061
2026-07-21,14.6578
2026-07-22,14.7533
2026-07-23,14.9781
2026-07-24,15.2988
2026-07-25,15.7015
2026-07-26,15.9699
2026-07-27,16.1807
2026-07-28,16.3025
2026-07-29,16.4337
2026-07-30,16.2860
2026-07-31,16.0877
2026-08-01,16.2071
2026-08-02,16.5054
2026-08-03,16.6746
2026-08-04,16.2295
2026-08-05,16.3252
2026-08-06,17.0461
2026-08-07,18.1822
2026-08-08,18.6704
2026-08-09,18.4970
2026-08-10,18.4473
2026-08-11,18.3402
2026-08-12,18.2382
2026-08-13,18.0001
2026-08-14,17.3744
2026-08-15,17.0444
2026-08-16,16.9499
2026-08-17,16.9213
2026-08-18,16.6710
2026-08-19,16.7670
2026-08-20,17.0086
2026-08-21,17.1317
2026-08-22,17.1181
2026-08-23,17.0917
2026-08-24,17.1551
2026-08-25,17.2723
2026-08-26,17.5706
2026-08-27,17.7389
2026-08-28,17.8815
2026-08-29,17.7777
2026-08-30,17.6503
2026-08-31,17.3987
2026-09-01,17.3059
2026-09-02,17.1913
2026-09-03,17.2097
2026-09-04,17.1729
2026-09-05,16.9113
2026-09-06,16.6120
2026-09-07,16.3741
2026-09-08,16.3122
2026-09-09,16.2254
2026-09-10,16.3234
2026-09-11,16.3816
2026-09-12,16.3926
2026-09-13,16.3039
2026-09-14,16.1246
2026-09-15,15.8384
2026-09-16,15.9143
2026-09-17,16.0440
2026-09-18,16.0254
2026-09-19,15.7911
2026-09-20,15.5411
2026-09-21,15.4728
2026-09-22,15.4367
2026-09-23,14.9871
2026-09-24,14.9982
2026-09-25,14.7904
2026-09-26,14.6646
2026-09-27,14.4540
2026-09-28,14.1971
2026-09-29,14.2445
2026-09-30,13.4813
2026-10-01,14.1588
2026-10-02,14.2986
2026-10-03,14.2140
2026-10-04,14.0722
