date,sst
1982-01-01,23.7403
1982-01-02,23.8590
1982-01-03,23.9398
1982-01-04,23.7789
1982-01-05,23.5465
1982-01-06,23.3984
1982-01-07,23.4709
1982-01-08,23.4437
1982-01-09,23.3189
1982-01-10,23.1301
1982-01-11,22.8718
1982-01-12,22.6411
1982-01-13,22.6185
1982-01-14,22.5758
1982-01-15,22.5134
1982-01-16,22.5252
1982-01-17,22.6500
1982-01-18,22.7536
1982-01-19,22.7467
1982-01-20,23.0106
1982-01-21,23.0852
1982-01-22,23.1005
1982-01-23,23.1702
1982-01-24,23.1416
1982-01-25,22.9666
1982-01-26,22.7526
1982-01-27,22.7075
1982-01-28,22.8437
1982-01-29,22.8677
1982-01-30,22.9046
1982-01-31,22.9764
1982-02-01,22.9200
1982-02-02,22.7731
1982-02-03,22.6692
1982-02-04,22.8084
1982-02-05,22.8217
1982-02-06,22.8318
1982-02-07,22.7979
1982-02-08,22.8773
1982-02-09,22.9716
1982-02-10,22.9030
1982-02-11,22.8303
1982-02-12,22.8315
1982-02-13,22.6505
1982-02-14,22.4792
1982-02-15,22.8123
1982-02-16,23.0752
1982-02-17,23.2549
1982-02-18,23.3624
1982-02-19,23.4469
1982-02-20,23.4599
1982-02-21,23.3764
1982-02-22,23.2315
1982-02-23,23.0724
1982-02-24,23.1532
1982-02-25,23.2514
1982-02-26,23.3287
1982-02-27,23.3334
1982-02-28,23.2010
1982-03-01,23.0296
1982-03-02,23.0665
1982-03-03,23.0877
1982-03-04,23.1513
1982-03-05,23.2007
1982-03-06,23.0732
1982-03-07,22.8812
1982-03-08,22.6453
1982-03-09,22.5267
1982-03-10,22.6018
1982-03-11,22.8400
1982-03-12,23.1859
1982-03-13,23.4073
1982-03-14,23.4797
1982-03-15,23.5358
1982-03-16,23.6319
1982-03-17,23.7658
1982-03-18,23.8115
1982-03-19,23.8809
1982-03-20,24.0523
1982-03-21,24.1853
1982-03-22,24.3519
1982-03-23,24.5437
1982-03-24,24.6438
1982-03-25,24.6109
1982-03-26,24.5673
1982-03-27,24.5184
1982-03-28,24.3235
1982-03-29,23.7012
1982-03-30,23.7645
1982-03-31,24.0769
1982-04-01,24.3262
1982-04-02,24.4297
1982-04-03,24.5937
1982-04-04,24.6321
1982-04-05,24.5618
1982-04-06,24.5803
1982-04-07,24.5839
1982-04-08,24.6810
1982-04-09,24.6915
1982-04-10,24.7023
1982-04-11,24.7000
1982-04-12,24.5612
1982-04-13,24.6097
1982-04-14,24.6157
1982-04-15,24.6171
1982-04-16,24.6984
1982-04-17,24.7544
1982-04-18,24.8327
1982-04-19,24.9402
1982-04-20,25.0354
1982-04-21,25.2005
1982-04-22,25.3797
1982-04-23,25.4079
1982-04-24,25.6004
1982-04-25,25.5086
1982-04-26,25.3511
1982-04-27,25.3312
1982-04-28,25.3537
1982-04-29,25.2474
1982-04-30,25.1500
1982-05-01,25.1981
1982-05-02,25.2041
1982-05-03,25.1472
1982-05-04,25.2262
1982-05-05,25.2215
1982-05-06,25.2262
1982-05-07,25.4145
1982-05-08,25.6688
1982-05-09,25.7404
1982-05-10,25.6511
1982-05-11,25.5124
1982-05-12,25.7231
1982-05-13,25.8578
1982-05-14,25.9907
1982-05-15,26.0769
1982-05-16,26.1347
1982-05-17,26.2077
1982-05-18,25.9841
1982-05-19,25.7790
1982-05-20,25.7374
1982-05-21,25.7197
1982-05-22,25.8722
1982-05-23,26.3359
1982-05-24,26.6731
1982-05-25,27.0127
1982-05-26,27.0223
1982-05-27,26.9708
1982-05-28,26.9369
1982-05-29,27.0608
1982-05-30,27.1146
1982-05-31,27.1700
1982-06-01,27.1885
1982-06-02,27.1757
1982-06-03,27.2099
1982-06-04,27.2368
1982-06-05,27.4339
1982-06-06,27.7451
1982-06-07,27.9775
1982-06-08,27.9024
1982-06-09,27.9146
1982-06-10,27.8044
1982-06-11,27.8041
1982-06-12,27.9078
1982-06-13,28.2854
1982-06-14,28.4279
1982-06-15,28.1742
1982-06-16,28.0988
1982-06-17,27.9976
1982-06-18,28.1277
1982-06-19,28.1973
1982-06-20,28.2547
1982-06-21,28.4774
1982-06-22,28.6510
1982-06-23,28.7395
1982-06-24,28.8390
1982-06-25,28.7644
1982-06-26,28.7737
1982-06-27,28.5072
1982-06-28,28.3545
1982-06-29,28.3818
1982-06-30,28.5199
1982-07-01,28.6824
1982-07-02,28.7756
1982-07-03,28.9448
1982-07-04,28.9328
1982-07-05,28.8407
1982-07-06,28.9767
1982-07-07,29.2596
1982-07-08,29.3574
1982-07-09,29.3224
1982-07-10,29.3202
1982-07-11,29.2909
1982-07-12,29.3510
1982-07-13,29.3901
1982-07-14,29.3541
1982-07-15,29.3758
1982-07-16,29.3089
1982-07-17,29.3187
1982-07-18,29.2872
1982-07-19,29.3635
1982-07-20,29.4310
1982-07-21,29.5001
1982-07-22,29.2890
1982-07-23,29.1873
1982-07-24,29.4699
1982-07-25,29.3954
1982-07-26,29.3578
1982-07-27,29.4722
1982-07-28,29.6748
1982-07-29,29.6055
1982-07-30,29.2927
1982-07-31,29.2427
1982-08-01,29.2972
1982-08-02,29.1977
1982-08-03,29.1876
1982-08-04,29.0976
1982-08-05,29.2481
1982-08-06,29.4505
1982-08-07,29.4611
1982-08-08,29.2505
1982-08-09,29.2107
1982-08-10,29.3978
1982-08-11,29.8397
1982-08-12,29.8769
1982-08-13,29.6907
1982-08-14,29.6796
1982-08-15,29.7373
1982-08-16,29.6173
1982-08-17,29.4164
1982-08-18,29.2897
1982-08-19,29.3402
1982-08-20,29.4308
1982-08-21,29.3895
1982-08-22,29.3533
1982-08-23,29.3729
1982-08-24,29.4177
1982-08-25,29.5681
1982-08-26,29.7829
1982-08-27,29.8713
1982-08-28,29.8810
1982-08-29,29.8471
1982-08-30,29.6444
1982-08-31,29.3916
1982-09-01,29.3608
1982-09-02,29.3903
1982-09-03,29.4597
1982-09-04,29.5643
1982-09-05,29.6292
1982-09-06,29.6229
1982-09-07,29.4782
1982-09-08,29.2729
1982-09-09,29.0222
1982-09-10,28.8484
1982-09-11,28.8038
1982-09-12,28.8277
1982-09-13,28.8825
1982-09-14,28.9222
1982-09-15,28.9917
1982-09-16,29.1274
1982-09-17,29.1991
1982-09-18,29.1406
1982-09-19,29.1335
1982-09-20,29.1814
1982-09-21,28.9378
1982-09-22,28.8038
1982-09-23,28.6419
1982-09-24,28.4818
1982-09-25,28.4570
1982-09-26,28.4966
1982-09-27,28.3964
1982-09-28,28.3762
1982-09-29,28.1406
1982-09-30,28.0679
1982-10-01,28.0721
1982-10-02,28.1839
1982-10-03,28.1645
1982-10-04,28.1099
1982-10-05,28.0642
1982-10-06,28.0786
1982-10-07,28.1528
1982-10-08,28.4020
1982-10-09,28.5574
1982-10-10,28.7250
1982-10-11,28.7149
1982-10-12,28.5314
1982-10-13,28.3129
1982-10-14,28.1317
1982-10-15,27.7445
1982-10-16,27.5604
1982-10-17,27.5092
1982-10-18,27.5294
1982-10-19,27.5222
1982-10-20,27.4780
1982-10-21,27.4903
1982-10-22,27.4550
1982-10-23,27.3667
1982-10-24,27.1915
1982-10-25,26.9276
1982-10-26,26.8452
1982-10-27,26.7187
1982-10-28,26.5838
1982-10-29,26.5719
1982-10-30,26.6413
1982-10-31,26.9025
1982-11-01,27.0670
1982-11-02,27.1868
1982-11-03,27.1695
1982-11-04,26.9295
1982-11-05,26.6280
1982-11-06,26.3460
1982-11-07,26.1124
1982-11-08,25.8995
1982-11-09,25.7852
1982-11-10,25.7408
1982-11-11,25.7526
1982-11-12,25.6892
1982-11-13,25.6263
1982-11-14,25.5203
1982-11-15,25.4609
1982-11-16,25.4407
1982-11-17,25.4208
1982-11-18,25.3536
1982-11-19,25.3287
1982-11-20,25.4234
1982-11-21,25.4798
1982-11-22,25.4768
1982-11-23,25.4895
1982-11-24,25.4748
1982-11-25,25.4961
1982-11-26,25.5634
1982-11-27,25.4114
1982-11-28,25.4871
1982-11-29,25.5218
1982-11-30,25.4977
1982-12-01,25.4107
1982-12-02,25.2573
1982-12-03,25.2906
1982-12-04,25.2352
1982-12-05,25.2478
1982-12-06,25.4240
1982-12-07,25.4677
1982-12-08,25.3408
1982-12-09,25.2486
1982-12-10,25.2239
1982-12-11,25.1850
1982-12-12,25.0312
1982-12-13,24.8521
1982-12-14,24.6980
1982-12-15,24.6745
1982-12-16,24.5501
1982-12-17,24.3818
1982-12-18,24.2175
1982-12-19,24.0798
1982-12-20,24.0294
1982-12-21,24.0453
1982-12-22,24.0816
1982-12-23,24.0979
1982-12-24,24.0286
1982-12-25,23.9878
1982-12-26,23.9713
1982-12-27,23.9783
1982-12-28,23.9645
1982-12-29,23.8986
1982-12-30,23.8865
1982-12-31,23.8315
1983-01-01,23.7098
1983-01-02,23.5938
1983-01-03,23.5594
1983-01-04,23.5379
1983-01-05,23.5370
1983-01-06,23.6514
1983-01-07,23.6067
1983-01-08,23.6231
1983-01-09,23.6284
1983-01-10,23.5415
1983-01-11,23.4880
1983-01-12,23.4193
1983-01-13,23.4153
1983-01-14,23.2889
1983-01-15,23.1859
1983-01-16,23.3216
1983-01-17,23.3802
1983-01-18,23.3576
1983-01-19,23.2597
1983-01-20,23.0673
1983-01-21,23.0231
1983-01-22,22.8757
1983-01-23,22.8731
1983-01-24,23.0398
1983-01-25,23.0788
1983-01-26,22.8962
1983-01-27,22.7573
1983-01-28,22.7732
1983-01-29,22.8292
1983-01-30,22.7682
1983-01-31,22.6180
1983-02-01,22.5494
1983-02-02,22.6923
1983-02-03,22.7223
1983-02-04,22.6805
1983-02-05,22.6266
1983-02-06,22.5721
1983-02-07,22.4287
1983-02-08,22.2606
1983-02-09,22.3423
1983-02-10,22.4607
1983-02-11,22.5168
1983-02-12,22.4853
1983-02-13,22.4470
1983-02-14,22.3772
1983-02-15,22.4054
1983-02-16,22.4107
1983-02-17,22.4588
1983-02-18,22.5521
1983-02-19,22.5965
1983-02-20,22.4809
1983-02-21,22.3953
1983-02-22,22.3211
1983-02-23,22.4614
1983-02-24,22.4799
1983-02-25,22.3902
1983-02-26,22.3447
1983-02-27,22.3107
1983-02-28,22.4104
1983-03-01,22.5780
1983-03-02,22.7106
1983-03-03,22.6815
1983-03-04,22.5122
1983-03-05,22.5256
1983-03-06,22.6140
1983-03-07,22.9243
1983-03-08,23.0303
1983-03-09,23.0451
1983-03-10,22.9699
1983-03-11,22.8646
1983-03-12,22.7040
1983-03-13,22.6222
1983-03-14,22.6601
1983-03-15,22.6474
1983-03-16,22.4712
1983-03-17,22.3504
1983-03-18,22.5090
1983-03-19,22.6113
1983-03-20,22.6101
1983-03-21,22.5078
1983-03-22,22.4145
1983-03-23,22.3996
1983-03-24,22.3862
1983-03-25,22.2570
1983-03-26,22.1969
1983-03-27,22.3751
1983-03-28,22.4991
1983-03-29,22.6519
1983-03-30,22.9048
1983-03-31,22.9512
1983-04-01,22.8240
1983-04-02,22.6795
1983-04-03,22.6118
1983-04-04,22.6286
1983-04-05,22.7418
1983-04-06,22.8319
1983-04-07,23.0202
1983-04-08,22.9980
1983-04-09,22.9861
1983-04-10,22.9978
1983-04-11,23.1784
1983-04-12,23.2474
1983-04-13,23.2292
1983-04-14,23.1368
1983-04-15,23.0566
1983-04-16,23.0845
1983-04-17,23.1686
1983-04-18,23.1811
1983-04-19,23.1899
1983-04-20,23.2352
1983-04-21,23.5003
1983-04-22,23.6234
1983-04-23,23.6210
1983-04-24,23.6368
1983-04-25,23.0641
1983-04-26,23.1138
1983-04-27,23.2878
1983-04-28,23.4998
1983-04-29,23.7031
1983-04-30,24.0557
1983-05-01,24.1918
1983-05-02,24.4103
1983-05-03,24.6945
1983-05-04,24.6216
1983-05-05,24.4378
1983-05-06,24.4113
1983-05-07,24.5815
1983-05-08,24.8176
1983-05-09,24.8811
1983-05-10,24.8790
1983-05-11,24.9728
1983-05-12,25.1258
1983-05-13,25.2188
1983-05-14,25.3438
1983-05-15,25.4395
1983-05-16,25.6993
1983-05-17,25.7983
1983-05-18,25.9575
1983-05-19,26.0640
1983-05-20,26.1216
1983-05-21,26.1771
1983-05-22,26.2080
1983-05-23,26.3213
1983-05-24,26.6723
1983-05-25,26.8833
1983-05-26,26.9465
1983-05-27,27.0339
1983-05-28,27.0327
1983-05-29,26.8803
1983-05-30,26.7691
1983-05-31,26.7864
1983-06-01,27.1146
1983-06-02,27.2941
1983-06-03,27.5685
1983-06-04,27.8337
1983-06-05,28.0080
1983-06-06,27.9475
1983-06-07,27.6785
1983-06-08,27.4568
1983-06-09,27.3834
1983-06-10,27.4078
1983-06-11,27.5077
1983-06-12,27.4625
1983-06-13,27.4405
1983-06-14,27.5690
1983-06-15,27.7686
1983-06-16,28.0009
1983-06-17,28.2388
1983-06-18,28.3434
1983-06-19,28.2530
1983-06-20,28.0760
1983-06-21,28.0435
1983-06-22,28.0979
1983-06-23,28.1262
1983-06-24,28.1676
1983-06-25,28.2473
1983-06-26,28.3046
1983-06-27,28.2854
1983-06-28,28.5060
1983-06-29,28.7111
1983-06-30,28.8984
1983-07-01,28.9051
1983-07-02,28.9934
1983-07-03,29.0301
1983-07-04,29.0989
1983-07-05,29.2080
1983-07-06,29.3749
1983-07-07,29.2657
1983-07-08,29.0894
1983-07-09,29.0601
1983-07-10,29.0371
1983-07-11,28.9749
1983-07-12,28.9373
1983-07-13,28.9397
1983-07-14,28.7760
1983-07-15,28.7130
1983-07-16,28.7039
1983-07-17,28.7231
1983-07-18,28.6681
1983-07-19,28.8489
1983-07-20,29.0193
1983-07-21,29.2784
1983-07-22,29.3745
1983-07-23,29.3128
1983-07-24,29.2385
1983-07-25,29.2671
1983-07-26,29.3974
1983-07-27,29.2762
1983-07-28,29.3125
1983-07-29,29.3059
1983-07-30,29.4358
1983-07-31,29.6016
1983-08-01,29.6203
1983-08-02,29.6295
1983-08-03,29.5989
1983-08-04,29.5276
1983-08-05,29.5165
1983-08-06,29.5088
1983-08-07,29.5514
1983-08-08,29.5451
1983-08-09,29.4901
1983-08-10,29.4549
1983-08-11,29.4438
1983-08-12,29.4963
1983-08-13,29.4431
1983-08-14,29.5296
1983-08-15,29.5377
1983-08-16,29.5384
1983-08-17,29.5139
1983-08-18,29.4188
1983-08-19,29.3197
1983-08-20,29.5223
1983-08-21,29.4943
1983-08-22,29.5194
1983-08-23,29.5724
1983-08-24,29.7223
1983-08-25,29.6931
1983-08-26,29.6555
1983-08-27,29.6058
1983-08-28,29.6922
1983-08-29,29.7627
1983-08-30,29.8857
1983-08-31,29.8744
1983-09-01,29.7081
1983-09-02,29.6121
1983-09-03,29.4532
1983-09-04,28.9887
1983-09-05,28.7942
1983-09-06,28.8025
1983-09-07,28.9048
1983-09-08,28.9578
1983-09-09,29.0775
1983-09-10,29.1125
1983-09-11,29.0026
1983-09-12,28.9428
1983-09-13,28.9314
1983-09-14,28.9632
1983-09-15,28.9535
1983-09-16,28.8472
1983-09-17,28.7580
1983-09-18,28.7473
1983-09-19,28.7249
1983-09-20,28.7344
1983-09-21,28.7472
1983-09-22,28.6519
1983-09-23,28.5290
1983-09-24,28.4464
1983-09-25,28.3604
1983-09-26,28.2274
1983-09-27,28.0378
1983-09-28,27.7634
1983-09-29,27.7376
1983-09-30,27.7742
1983-10-01,27.7476
1983-10-02,27.7349
1983-10-03,27.8705
1983-10-04,28.1206
1983-10-05,28.1803
1983-10-06,28.1263
1983-10-07,28.2495
1983-10-08,28.3496
1983-10-09,28.3939
1983-10-10,28.3456
1983-10-11,28.2590
1983-10-12,28.1093
1983-10-13,27.8771
1983-10-14,27.7098
1983-10-15,27.6124
1983-10-16,27.6283
1983-10-17,27.6872
1983-10-18,27.8091
1983-10-19,27.6716
1983-10-20,27.6253
1983-10-21,27.8214
1983-10-22,27.8685
1983-10-23,27.7518
1983-10-24,27.6326
1983-10-25,27.5792
1983-10-26,27.5322
1983-10-27,27.3573
1983-10-28,27.2958
1983-10-29,27.1116
1983-10-30,26.9799
1983-10-31,26.9235
1983-11-01,26.9521
1983-11-02,26.9673
1983-11-03,26.9217
1983-11-04,26.9273
1983-11-05,26.8981
1983-11-06,26.6932
1983-11-07,26.5172
1983-11-08,26.4165
1983-11-09,26.5062
1983-11-10,26.4915
1983-11-11,26.3004
1983-11-12,26.0044
1983-11-13,25.8096
1983-11-14,25.7764
1983-11-15,25.7501
1983-11-16,25.5839
1983-11-17,25.4035
1983-11-18,25.2818
1983-11-19,25.2606
1983-11-20,25.2819
1983-11-21,25.4089
1983-11-22,25.5526
1983-11-23,25.4822
1983-11-24,25.3058
1983-11-25,25.1334
1983-11-26,25.0853
1983-11-27,25.1447
1983-11-28,25.1679
1983-11-29,25.0041
1983-11-30,24.9031
1983-12-01,24.9967
1983-12-02,25.1072
1983-12-03,25.2010
1983-12-04,25.2192
1983-12-05,25.3005
1983-12-06,25.2945
1983-12-07,25.1320
1983-12-08,25.0007
1983-12-09,24.9820
1983-12-10,24.9796
1983-12-11,24.9005
1983-12-12,24.9120
1983-12-13,24.8053
1983-12-14,24.7093
1983-12-15,24.5790
1983-12-16,24.4481
1983-12-17,24.4046
1983-12-18,24.3991
1983-12-19,24.4109
1983-12-20,24.4969
1983-12-21,24.5322
1983-12-22,24.5500
1983-12-23,24.5267
1983-12-24,24.4893
1983-12-25,24.3066
1983-12-26,23.8949
1983-12-27,23.6645
1983-12-28,23.7007
1983-12-29,23.6448
1983-12-30,23.5006
1983-12-31,23.3288
1984-01-01,23.2013
1984-01-02,23.1287
1984-01-03,23.0718
1984-01-04,23.0857
1984-01-05,23.1693
1984-01-06,23.1923
1984-01-07,23.2545
1984-01-08,23.3488
1984-01-09,23.3412
1984-01-10,23.2277
1984-01-11,23.1561
1984-01-12,22.9047
1984-01-13,22.8885
1984-01-14,22.8818
1984-01-15,22.8548
1984-01-16,22.8021
1984-01-17,22.9287
1984-01-18,22.9256
1984-01-19,22.8414
1984-01-20,22.7059
1984-01-21,22.4511
1984-01-22,22.4333
1984-01-23,22.5576
1984-01-24,22.6070
1984-01-25,22.4363
1984-01-26,22.4041
1984-01-27,22.4601
1984-01-28,22.6077
1984-01-29,22.5886
1984-01-30,22.5828
1984-01-31,22.5411
1984-02-01,22.4485
1984-02-02,22.3731
1984-02-03,22.3261
1984-02-04,22.3679
1984-02-05,22.2855
1984-02-06,22.0398
1984-02-07,21.8883
1984-02-08,21.8668
1984-02-09,21.8957
1984-02-10,21.8127
1984-02-11,21.8593
1984-02-12,21.8273
1984-02-13,21.8535
1984-02-14,21.9889
1984-02-15,22.0386
1984-02-16,22.1951
1984-02-17,22.2622
1984-02-18,22.3856
1984-02-19,22.4151
1984-02-20,22.4512
1984-02-21,22.4651
1984-02-22,22.4056
1984-02-23,22.6503
1984-02-24,22.8073
1984-02-25,22.8656
1984-02-26,22.7819
1984-02-27,22.6483
1984-02-28,22.4529
1984-02-29,22.0540
1984-03-01,21.7437
1984-03-02,21.7505
1984-03-03,21.8291
1984-03-04,21.8789
1984-03-05,21.9360
1984-03-06,21.9885
1984-03-07,21.8265
1984-03-08,21.7053
1984-03-09,21.5851
1984-03-10,21.5001
1984-03-11,21.4341
1984-03-12,21.5255
1984-03-13,21.7897
1984-03-14,21.9624
1984-03-15,22.5454
1984-03-16,22.5707
1984-03-17,22.6650
1984-03-18,22.8048
1984-03-19,22.8044
1984-03-20,22.6295
1984-03-21,22.3169
1984-03-22,22.2897
1984-03-23,22.3825
1984-03-24,22.5373
1984-03-25,22.6392
1984-03-26,22.7020
1984-03-27,23.0632
1984-03-28,23.1250
1984-03-29,23.1371
1984-03-30,22.9056
1984-03-31,22.8286
1984-04-01,22.7602
1984-04-02,22.7779
1984-04-03,22.9096
1984-04-04,22.9768
1984-04-05,23.1046
1984-04-06,23.2201
1984-04-07,23.0961
1984-04-08,23.4109
1984-04-09,23.5000
1984-04-10,23.4084
1984-04-11,23.4715
1984-04-12,23.5585
1984-04-13,23.6469
1984-04-14,23.9071
1984-04-15,23.9424
1984-04-16,23.8217
1984-04-17,23.7338
1984-04-18,23.7218
1984-04-19,23.7623
1984-04-20,23.7038
1984-04-21,23.5571
1984-04-22,23.6373
1984-04-23,23.9222
1984-04-24,24.1919
1984-04-25,24.2910
1984-04-26,24.2591
1984-04-27,24.2509
1984-04-28,24.4823
1984-04-29,24.6378
1984-04-30,24.7488
1984-05-01,24.8734
1984-05-02,25.0677
1984-05-03,25.2120
1984-05-04,25.2077
1984-05-05,25.3005
1984-05-06,25.3644
1984-05-07,25.5819
1984-05-08,25.6219
1984-05-09,25.4643
1984-05-10,25.4758
1984-05-11,25.4853
1984-05-12,25.4344
1984-05-13,25.5048
1984-05-14,25.6192
1984-05-15,25.7188
1984-05-16,25.7720
1984-05-17,25.7009
1984-05-18,25.5971
1984-05-19,25.6578
1984-05-20,25.7882
1984-05-21,25.8978
1984-05-22,26.0270
1984-05-23,26.1474
1984-05-24,26.2594
1984-05-25,26.3573
1984-05-26,26.5153
1984-05-27,26.5974
1984-05-28,26.5947
1984-05-29,26.4198
1984-05-30,26.0123
1984-05-31,25.9055
1984-06-01,25.8984
1984-06-02,25.8921
1984-06-03,25.9521
1984-06-04,26.0213
1984-06-05,26.0821
1984-06-06,26.3146
1984-06-07,26.2409
1984-06-08,26.2672
1984-06-09,26.2862
1984-06-10,26.3703
1984-06-11,26.5290
1984-06-12,26.6841
1984-06-13,27.0514
1984-06-14,27.0208
1984-06-15,27.1474
1984-06-16,27.1504
1984-06-17,27.1205
1984-06-18,27.2766
1984-06-19,27.4188
1984-06-20,27.6559
1984-06-21,28.0426
1984-06-22,28.2654
1984-06-23,28.2961
1984-06-24,28.2892
1984-06-25,28.2257
1984-06-26,28.2764
1984-06-27,28.1708
1984-06-28,28.3198
1984-06-29,28.3843
1984-06-30,28.3775
1984-07-01,28.3837
1984-07-02,28.4579
1984-07-03,28.4396
1984-07-04,28.4174
1984-07-05,28.5141
1984-07-06,28.6993
1984-07-07,28.8947
1984-07-08,28.8604
1984-07-09,28.7389
1984-07-10,28.7033
1984-07-11,28.7361
1984-07-12,28.6910
1984-07-13,28.7482
1984-07-14,28.8902
1984-07-15,28.9060
1984-07-16,28.8677
1984-07-17,28.4744
1984-07-18,28.4163
1984-07-19,28.4267
1984-07-20,28.5080
1984-07-21,28.5467
1984-07-22,28.6622
1984-07-23,28.8355
1984-07-24,28.8804
1984-07-25,28.8333
1984-07-26,28.8240
1984-07-27,28.7151
1984-07-28,28.6918
1984-07-29,28.5695
1984-07-30,28.2462
1984-07-31,28.2578
1984-08-01,27.9583
1984-08-02,27.8281
1984-08-03,27.9292
1984-08-04,28.2295
1984-08-05,28.3738
1984-08-06,28.4887
1984-08-07,28.5637
1984-08-08,28.5699
1984-08-09,28.5857
1984-08-10,28.6767
1984-08-11,28.7882
1984-08-12,28.7521
1984-08-13,28.6275
1984-08-14,28.6564
1984-08-15,28.5273
1984-08-16,28.6596
1984-08-17,28.8014
1984-08-18,28.8508
1984-08-19,28.8895
1984-08-20,28.8934
1984-08-21,28.9239
1984-08-22,28.9395
1984-08-23,28.9095
1984-08-24,28.8219
1984-08-25,28.7231
1984-08-26,28.6194
1984-08-27,28.6146
1984-08-28,28.8486
1984-08-29,29.0041
1984-08-30,29.1071
1984-08-31,28.9763
1984-09-01,28.9116
1984-09-02,28.9165
1984-09-03,28.8808
1984-09-04,28.7600
1984-09-05,28.5098
1984-09-06,28.4755
1984-09-07,28.4852
1984-09-08,28.4543
1984-09-09,28.4854
1984-09-10,28.4994
1984-09-11,28.4979
1984-09-12,28.4790
1984-09-13,28.5209
1984-09-14,28.6126
1984-09-15,28.6346
1984-09-16,28.4447
1984-09-17,28.2239
1984-09-18,28.0916
1984-09-19,28.0102
1984-09-20,27.8256
1984-09-21,27.8245
1984-09-22,27.8920
1984-09-23,27.9106
1984-09-24,27.8882
1984-09-25,27.9306
1984-09-26,28.0750
1984-09-27,28.0820
1984-09-28,27.9393
1984-09-29,27.8318
1984-09-30,27.6577
1984-10-01,27.5521
1984-10-02,27.3663
1984-10-03,27.1728
1984-10-04,27.0852
1984-10-05,27.0314
1984-10-06,26.9806
1984-10-07,26.9554
1984-10-08,26.9279
1984-10-09,27.0563
1984-10-10,27.1144
1984-10-11,27.1517
1984-10-12,27.1668
1984-10-13,27.1129
1984-10-14,27.0671
1984-10-15,27.1276
1984-10-16,27.2456
1984-10-17,27.3580
1984-10-18,27.5056
1984-10-19,27.5335
1984-10-20,27.3577
1984-10-21,27.1826
1984-10-22,27.0616
1984-10-23,26.9794
1984-10-24,26.9268
1984-10-25,26.8242
1984-10-26,26.7154
1984-10-27,26.8272
1984-10-28,26.9036
1984-10-29,26.9204
1984-10-30,26.9256
1984-10-31,26.9420
1984-11-01,26.9253
1984-11-02,26.9380
1984-11-03,26.8002
1984-11-04,26.9482
1984-11-05,26.9164
1984-11-06,26.6484
1984-11-07,26.1798
1984-11-08,26.0201
1984-11-09,26.0194
1984-11-10,26.0655
1984-11-11,26.0914
1984-11-12,25.9320
1984-11-13,25.7590
1984-11-14,25.5335
1984-11-15,25.4934
1984-11-16,25.4831
1984-11-17,25.4268
1984-11-18,25.3328
1984-11-19,25.3770
1984-11-20,25.2765
1984-11-21,25.0382
1984-11-22,24.8161
1984-11-23,24.6862
1984-11-24,24.5735
1984-11-25,24.4830
1984-11-26,24.4682
1984-11-27,24.3824
1984-11-28,24.3554
1984-11-29,24.2932
1984-11-30,24.4014
1984-12-01,24.4900
1984-12-02,24.5032
1984-12-03,24.4480
1984-12-04,24.4513
1984-12-05,24.3495
1984-12-06,24.2526
1984-12-07,24.1628
1984-12-08,24.0986
1984-12-09,23.6290
1984-12-10,23.6311
1984-12-11,23.6645
1984-12-12,23.6906
1984-12-13,23.6335
1984-12-14,23.6330
1984-12-15,23.6483
1984-12-16,23.6327
1984-12-17,23.6707
1984-12-18,23.6869
1984-12-19,23.7433
1984-12-20,23.8211
1984-12-21,23.9163
1984-12-22,24.0357
1984-12-23,24.0898
1984-12-24,23.9622
1984-12-25,23.8598
1984-12-26,23.8086
1984-12-27,23.8350
1984-12-28,23.8789
1984-12-29,23.9617
1984-12-30,24.0762
1984-12-31,24.0731
1985-01-01,24.1168
1985-01-02,24.1077
1985-01-03,23.9008
1985-01-04,23.7375
1985-01-05,23.5614
1985-01-06,23.5148
1985-01-07,23.5050
1985-01-08,23.3727
1985-01-09,23.1953
1985-01-10,23.1672
1985-01-11,23.0927
1985-01-12,22.9936
1985-01-13,22.7336
1985-01-14,22.6968
1985-01-15,22.6760
1985-01-16,22.6648
1985-01-17,22.5665
1985-01-18,22.5153
1985-01-19,22.4974
1985-01-20,22.5305
1985-01-21,22.4517
1985-01-22,22.2381
1985-01-23,22.2536
1985-01-24,22.1986
1985-01-25,22.1622
1985-01-26,21.7865
1985-01-27,21.7705
1985-01-28,21.7328
1985-01-29,21.6807
1985-01-30,21.7523
1985-01-31,21.7759
1985-02-01,21.8255
1985-02-02,21.8077
1985-02-03,21.8307
1985-02-04,21.9106
1985-02-05,22.0204
1985-02-06,22.0377
1985-02-07,22.0007
1985-02-08,22.0043
1985-02-09,21.9871
1985-02-10,21.9991
1985-02-11,21.9921
1985-02-12,21.9532
1985-02-13,21.8337
1985-02-14,21.6257
1985-02-15,21.5980
1985-02-16,21.6084
1985-02-17,21.5880
1985-02-18,21.5987
1985-02-19,21.7616
1985-02-20,21.8575
1985-02-21,21.9008
1985-02-22,21.8886
1985-02-23,21.9790
1985-02-24,22.0751
1985-02-25,22.1963
1985-02-26,22.3027
1985-02-27,22.4779
1985-02-28,22.6302
1985-03-01,22.7871
1985-03-02,22.9298
1985-03-03,22.9419
1985-03-04,22.9304
1985-03-05,22.9415
1985-03-06,22.9639
1985-03-07,23.0963
1985-03-08,23.2464
1985-03-09,23.3082
1985-03-10,23.4575
1985-03-11,23.6051
1985-03-12,23.7128
1985-03-13,23.7600
1985-03-14,23.7575
1985-03-15,23.8001
1985-03-16,23.7967
1985-03-17,23.5903
1985-03-18,23.3338
1985-03-19,23.2965
1985-03-20,23.1993
1985-03-21,23.2141
1985-03-22,23.2950
1985-03-23,23.3674
1985-03-24,23.4338
1985-03-25,23.3795
1985-03-26,23.3859
1985-03-27,23.4053
1985-03-28,23.6170
1985-03-29,23.6888
1985-03-30,23.6409
1985-03-31,23.6483
1985-04-01,23.6451
1985-04-02,23.6887
1985-04-03,23.6124
1985-04-04,23.6091
1985-04-05,23.7319
1985-04-06,23.8825
1985-04-07,24.0837
1985-04-08,24.1006
1985-04-09,23.9608
1985-04-10,23.8214
1985-04-11,23.8191
1985-04-12,23.6943
1985-04-13,23.7224
1985-04-14,23.8723
1985-04-15,23.9582
1985-04-16,24.0257
1985-04-17,24.0937
1985-04-18,24.1390
1985-04-19,24.2840
1985-04-20,24.3640
1985-04-21,24.4831
1985-04-22,24.5707
1985-04-23,24.6231
1985-04-24,24.7891
1985-04-25,24.7467
1985-04-26,24.7395
1985-04-27,24.8649
1985-04-28,24.9603
1985-04-29,25.2198
1985-04-30,25.4384
1985-05-01,25.4898
1985-05-02,25.4903
1985-05-03,25.4981
1985-05-04,25.5311
1985-05-05,25.5383
1985-05-06,25.6342
1985-05-07,25.7736
1985-05-08,25.8293
1985-05-09,26.0354
1985-05-10,26.1015
1985-05-11,26.3997
1985-05-12,26.5262
1985-05-13,26.6898
1985-05-14,26.7250
1985-05-15,26.7666
1985-05-16,26.8070
1985-05-17,26.7679
1985-05-18,26.9854
1985-05-19,26.9499
1985-05-20,27.0253
1985-05-21,27.0456
1985-05-22,27.2121
1985-05-23,27.2963
1985-05-24,27.2999
1985-05-25,27.3177
1985-05-26,27.2560
1985-05-27,27.3188
1985-05-28,27.2269
1985-05-29,27.3084
1985-05-30,27.4455
1985-05-31,27.6394
1985-06-01,27.8157
1985-06-02,27.7961
1985-06-03,27.7208
1985-06-04,27.7033
1985-06-05,27.6993
1985-06-06,27.9308
1985-06-07,28.1363
1985-06-08,28.4258
1985-06-09,28.4697
1985-06-10,28.2383
1985-06-11,27.8956
1985-06-12,27.7882
1985-06-13,27.7429
1985-06-14,27.7931
1985-06-15,27.8024
1985-06-16,27.7961
1985-06-17,27.5240
1985-06-18,27.5826
1985-06-19,27.7583
1985-06-20,27.8269
1985-06-21,27.9593
1985-06-22,28.1461
1985-06-23,28.2752
1985-06-24,28.2982
1985-06-25,28.2863
1985-06-26,28.3990
1985-06-27,28.4606
1985-06-28,28.6096
1985-06-29,28.5775
1985-06-30,28.3663
1985-07-01,28.2579
1985-07-02,28.3387
1985-07-03,28.4080
1985-07-04,28.4869
1985-07-05,28.4586
1985-07-06,28.2337
1985-07-07,27.8943
1985-07-08,27.6979
1985-07-09,27.8052
1985-07-10,28.1022
1985-07-11,28.3147
1985-07-12,28.4010
1985-07-13,28.4861
1985-07-14,28.6018
1985-07-15,28.5370
1985-07-16,28.7471
1985-07-17,28.8016
1985-07-18,28.9598
1985-07-19,29.0229
1985-07-20,29.0087
1985-07-21,28.9361
1985-07-22,28.7668
1985-07-23,28.7628
1985-07-24,28.6102
1985-07-25,28.5881
1985-07-26,28.7875
1985-07-27,28.7532
1985-07-28,28.8386
1985-07-29,28.8678
1985-07-30,28.9282
1985-07-31,29.1271
1985-08-01,29.2863
1985-08-02,29.4246
1985-08-03,29.4222
1985-08-04,29.4249
1985-08-05,29.4088
1985-08-06,29.3829
1985-08-07,29.3430
1985-08-08,29.2867
1985-08-09,29.3631
1985-08-10,29.3468
1985-08-11,29.3300
1985-08-12,29.2608
1985-08-13,29.1702
1985-08-14,28.8926
1985-08-15,28.8256
1985-08-16,28.8417
1985-08-17,28.9938
1985-08-18,29.0433
1985-08-19,29.1868
1985-08-20,29.2716
1985-08-21,29.0981
1985-08-22,28.9189
1985-08-23,28.8758
1985-08-24,28.9230
1985-08-25,28.7842
1985-08-26,28.8159
1985-08-27,28.7772
1985-08-28,28.7528
1985-08-29,28.8889
1985-08-30,28.8224
1985-08-31,28.7646
1985-09-01,28.6757
1985-09-02,28.6332
1985-09-03,28.6870
1985-09-04,28.7040
1985-09-05,28.7187
1985-09-06,28.6846
1985-09-07,28.7206
1985-09-08,28.8595
1985-09-09,29.0153
1985-09-10,29.0760
1985-09-11,29.0101
1985-09-12,28.9419
1985-09-13,28.8436
1985-09-14,28.6822
1985-09-15,28.4433
1985-09-16,28.3303
1985-09-17,28.2396
1985-09-18,28.1147
1985-09-19,28.1617
1985-09-20,28.1839
1985-09-21,28.2865
1985-09-22,28.3496
1985-09-23,28.4229
1985-09-24,28.4968
1985-09-25,28.5303
1985-09-26,28.5356
1985-09-27,28.4490
1985-09-28,28.3503
1985-09-29,28.3196
1985-09-30,28.2779
1985-10-01,28.1667
1985-10-02,28.0436
1985-10-03,27.9730
1985-10-04,27.9675
1985-10-05,27.9902
1985-10-06,27.9386
1985-10-07,27.7352
1985-10-08,27.5179
1985-10-09,27.4791
1985-10-10,27.5668
1985-10-11,27.7020
1985-10-12,27.8791
1985-10-13,27.9541
1985-10-14,28.0492
1985-10-15,28.0876
1985-10-16,27.9566
1985-10-17,27.8700
1985-10-18,27.8685
1985-10-19,27.8841
1985-10-20,27.9676
1985-10-21,27.9441
1985-10-22,27.8912
1985-10-23,27.8104
1985-10-24,27.7059
1985-10-25,27.5885
1985-10-26,27.3939
1985-10-27,27.2765
1985-10-28,27.2063
1985-10-29,27.0054
1985-10-30,26.7231
1985-10-31,26.4997
1985-11-01,26.5422
1985-11-02,26.4415
1985-11-03,26.2774
1985-11-04,26.1332
1985-11-05,26.0220
1985-11-06,25.9383
1985-11-07,25.8508
1985-11-08,25.6003
1985-11-09,25.5820
1985-11-10,25.5783
1985-11-11,25.5466
1985-11-12,25.5585
1985-11-13,25.5393
1985-11-14,25.5267
1985-11-15,25.5302
1985-11-16,25.5258
1985-11-17,25.5754
1985-11-18,25.5998
1985-11-19,25.5154
1985-11-20,25.4177
1985-11-21,25.3249
1985-11-22,25.2802
1985-11-23,25.2887
1985-11-24,25.2998
1985-11-25,25.3605
1985-11-26,25.3705
1985-11-27,25.3804
1985-11-28,25.3846
1985-11-29,25.4226
1985-11-30,25.4575
1985-12-01,25.4563
1985-12-02,25.3458
1985-12-03,25.1424
1985-12-04,25.0154
1985-12-05,24.6952
1985-12-06,24.6933
1985-12-07,24.6723
1985-12-08,24.6381
1985-12-09,24.5326
1985-12-10,24.4967
1985-12-11,24.4818
1985-12-12,24.4726
1985-12-13,24.3997
1985-12-14,24.2390
1985-12-15,23.9437
1985-12-16,23.8744
1985-12-17,23.8695
1985-12-18,23.8108
1985-12-19,23.7419
1985-12-20,23.7254
1985-12-21,23.6868
1985-12-22,23.5318
1985-12-23,23.4753
1985-12-24,23.5688
1985-12-25,23.5057
1985-12-26,23.4333
1985-12-27,23.5236
1985-12-28,23.6083
1985-12-29,23.5980
1985-12-30,23.5770
1985-12-31,23.6582
1986-01-01,23.6156
1986-01-02,23.6159
1986-01-03,23.6461
1986-01-04,23.6438
1986-01-05,23.5883
1986-01-06,23.4278
1986-01-07,23.3940
1986-01-08,23.3246
1986-01-09,23.3273
1986-01-10,23.2520
1986-01-11,23.1908
1986-01-12,23.1306
1986-01-13,23.1474
1986-01-14,23.0869
1986-01-15,23.0627
1986-01-16,23.0393
1986-01-17,23.0515
1986-01-18,22.9831
1986-01-19,22.9977
1986-01-20,23.0464
1986-01-21,23.0239
1986-01-22,22.9674
1986-01-23,22.9418
1986-01-24,22.9927
1986-01-25,22.9792
1986-01-26,22.9726
1986-01-27,22.9478
1986-01-28,22.8395
1986-01-29,22.6859
1986-01-30,22.5899
1986-01-31,22.5233
1986-02-01,22.5468
1986-02-02,22.6116
1986-02-03,22.7024
1986-02-04,22.7445
1986-02-05,22.7339
1986-02-06,22.7193
1986-02-07,22.7848
1986-02-08,22.7879
1986-02-09,22.7534
1986-02-10,22.7051
1986-02-11,22.5950
1986-02-12,22.4717
1986-02-13,22.2458
1986-02-14,22.3004
1986-02-15,22.3129
1986-02-16,22.3761
1986-02-17,22.4738
1986-02-18,22.6156
1986-02-19,22.7501
1986-02-20,22.8044
1986-02-21,22.8158
1986-02-22,22.8782
1986-02-23,22.8911
1986-02-24,22.8581
1986-02-25,22.7979
1986-02-26,22.6690
1986-02-27,22.6159
1986-02-28,22.5645
1986-03-01,22.3916
1986-03-02,22.4007
1986-03-03,22.5065
1986-03-04,22.5210
1986-03-05,22.3678
1986-03-06,22.4252
1986-03-07,22.3974
1986-03-08,22.3918
1986-03-09,22.6674
1986-03-10,22.8187
1986-03-11,22.8479
1986-03-12,22.7177
1986-03-13,22.7467
1986-03-14,22.7956
1986-03-15,23.1140
1986-03-16,23.1966
1986-03-17,23.1129
1986-03-18,23.0463
1986-03-19,23.1120
1986-03-20,23.0512
1986-03-21,22.9067
1986-03-22,22.5682
1986-03-23,22.5421
1986-03-24,22.5208
1986-03-25,22.4994
1986-03-26,22.5511
1986-03-27,22.6863
1986-03-28,22.7591
1986-03-29,22.7956
1986-03-30,22.9079
1986-03-31,23.0436
1986-04-01,23.1234
1986-04-02,23.1815
1986-04-03,23.2314
1986-04-04,23.2255
1986-04-05,23.3384
1986-04-06,23.3897
1986-04-07,23.5224
1986-04-08,23.7047
1986-04-09,23.7404
1986-04-10,23.7551
1986-04-11,23.7762
1986-04-12,23.8818
1986-04-13,23.8495
1986-04-14,23.8163
1986-04-15,23.7429
1986-04-16,23.6374
1986-04-17,23.6237
1986-04-18,23.6409
1986-04-19,23.6581
1986-04-20,23.7952
1986-04-21,23.8828
1986-04-22,23.9188
1986-04-23,23.8408
1986-04-24,23.8137
1986-04-25,23.9124
1986-04-26,23.9853
1986-04-27,24.0344
1986-04-28,24.2099
1986-04-29,24.3020
1986-04-30,24.4986
1986-05-01,24.6449
1986-05-02,24.8387
1986-05-03,25.0481
1986-05-04,25.0263
1986-05-05,25.0250
1986-05-06,25.1464
1986-05-07,25.3480
1986-05-08,25.4795
1986-05-09,25.5820
1986-05-10,25.6426
1986-05-11,25.7890
1986-05-12,25.9234
1986-05-13,25.9613
1986-05-14,25.9398
1986-05-15,25.9819
1986-05-16,25.9915
1986-05-17,25.9969
1986-05-18,26.0567
1986-05-19,26.0170
1986-05-20,26.0348
1986-05-21,26.0708
1986-05-22,26.1741
1986-05-23,26.2115
1986-05-24,26.1997
1986-05-25,26.1327
1986-05-26,26.0676
1986-05-27,26.1848
1986-05-28,26.4555
1986-05-29,26.7284
1986-05-30,26.9077
1986-05-31,26.9466
1986-06-01,26.9533
1986-06-02,27.0151
1986-06-03,27.1563
1986-06-04,27.2430
1986-06-05,27.3417
1986-06-06,27.5711
1986-06-07,27.6204
1986-06-08,27.5951
1986-06-09,27.6014
1986-06-10,27.8797
1986-06-11,28.0885
1986-06-12,28.1933
1986-06-13,28.1648
1986-06-14,28.2618
1986-06-15,28.4254
1986-06-16,28.4569
1986-06-17,28.4910
1986-06-18,28.5568
1986-06-19,28.6820
1986-06-20,28.6920
1986-06-21,28.6502
1986-06-22,28.6399
1986-06-23,28.6298
1986-06-24,28.6767
1986-06-25,28.5070
1986-06-26,28.1177
1986-06-27,28.2180
1986-06-28,28.5582
1986-06-29,28.6376
1986-06-30,28.5436
1986-07-01,28.2375
1986-07-02,27.8989
1986-07-03,27.8894
1986-07-04,28.0805
1986-07-05,28.2873
1986-07-06,28.4385
1986-07-07,28.2971
1986-07-08,28.5264
1986-07-09,28.7995
1986-07-10,28.8887
1986-07-11,28.8990
1986-07-12,28.8111
1986-07-13,28.7542
1986-07-14,28.8294
1986-07-15,28.9737
1986-07-16,29.0240
1986-07-17,29.1878
1986-07-18,29.1725
1986-07-19,29.2514
1986-07-20,29.2607
1986-07-21,29.2401
1986-07-22,29.2223
1986-07-23,29.1273
1986-07-24,29.0840
1986-07-25,29.0767
1986-07-26,29.0571
1986-07-27,29.0123
1986-07-28,29.1689
1986-07-29,29.0785
1986-07-30,29.0661
1986-07-31,29.0682
1986-08-01,29.1745
1986-08-02,29.1705
1986-08-03,29.2034
1986-08-04,29.2251
1986-08-05,29.2036
1986-08-06,29.2770
1986-08-07,29.3003
1986-08-08,29.2480
1986-08-09,29.2235
1986-08-10,29.2870
1986-08-11,29.2848
1986-08-12,29.2368
1986-08-13,29.0724
1986-08-14,28.9935
1986-08-15,28.9172
1986-08-16,29.1498
1986-08-17,29.2780
1986-08-18,29.2964
1986-08-19,29.3648
1986-08-20,29.3695
1986-08-21,29.2693
1986-08-22,28.8360
1986-08-23,28.6358
1986-08-24,28.8121
1986-08-25,29.0495
1986-08-26,28.9573
1986-08-27,28.7305
1986-08-28,28.7474
1986-08-29,28.7379
1986-08-30,28.6777
1986-08-31,28.6068
1986-09-01,28.4850
1986-09-02,28.4693
1986-09-03,28.4175
1986-09-04,28.3583
1986-09-05,28.3326
1986-09-06,28.4231
1986-09-07,28.5529
1986-09-08,28.7981
1986-09-09,28.7490
1986-09-10,28.6933
1986-09-11,28.6812
1986-09-12,28.6078
1986-09-13,28.5651
1986-09-14,28.5678
1986-09-15,28.6234
1986-09-16,28.7118
1986-09-17,28.7461
1986-09-18,28.6318
1986-09-19,28.3623
1986-09-20,28.2754
1986-09-21,28.3896
1986-09-22,28.5283
1986-09-23,28.5912
1986-09-24,28.6546
1986-09-25,28.6148
1986-09-26,28.5208
1986-09-27,28.5163
1986-09-28,28.5447
1986-09-29,28.5897
1986-09-30,28.5826
1986-10-01,28.5260
1986-10-02,28.3057
1986-10-03,28.2202
1986-10-04,28.3613
1986-10-05,28.4860
1986-10-06,28.5367
1986-10-07,28.5522
1986-10-08,28.5278
1986-10-09,28.4408
1986-10-10,28.4279
1986-10-11,28.3673
1986-10-12,28.3127
1986-10-13,28.3535
1986-10-14,28.3607
1986-10-15,28.2758
1986-10-16,28.0629
1986-10-17,27.9087
1986-10-18,27.7220
1986-10-19,27.3351
1986-10-20,27.2093
1986-10-21,27.0698
1986-10-22,27.0590
1986-10-23,27.0661
1986-10-24,26.9805
1986-10-25,26.9161
1986-10-26,26.8296
1986-10-27,26.7722
1986-10-28,26.5140
1986-10-29,26.3919
1986-10-30,26.2350
1986-10-31,26.1796
1986-11-01,26.2253
1986-11-02,26.2944
1986-11-03,26.3600
1986-11-04,26.3936
1986-11-05,26.4204
1986-11-06,26.2929
1986-11-07,26.2841
1986-11-08,26.2393
1986-11-09,26.2577
1986-11-10,26.3350
1986-11-11,26.4076
1986-11-12,26.3974
1986-11-13,26.2817
1986-11-14,25.9375
1986-11-15,25.8851
1986-11-16,25.8802
1986-11-17,25.8446
1986-11-18,25.9174
1986-11-19,26.0444
1986-11-20,26.0780
1986-11-21,26.0483
1986-11-22,26.0510
1986-11-23,26.0877
1986-11-24,26.0874
1986-11-25,25.9569
1986-11-26,25.9295
1986-11-27,25.8514
1986-11-28,25.7844
1986-11-29,25.7259
1986-11-30,25.6321
1986-12-01,25.4886
1986-12-02,25.4004
1986-12-03,25.2781
1986-12-04,25.2504
1986-12-05,25.0326
1986-12-06,25.0263
1986-12-07,25.0145
1986-12-08,24.9996
1986-12-09,24.9905
1986-12-10,25.0200
1986-12-11,25.0032
1986-12-12,24.8329
1986-12-13,24.6109
1986-12-14,24.5912
1986-12-15,24.6399
1986-12-16,24.6740
1986-12-17,24.6299
1986-12-18,24.5945
1986-12-19,24.5360
1986-12-20,24.5048
1986-12-21,24.4691
1986-12-22,24.3432
1986-12-23,24.1989
1986-12-24,24.1075
1986-12-25,24.0837
1986-12-26,24.0536
1986-12-27,24.0738
1986-12-28,24.0197
1986-12-29,23.9038
1986-12-30,23.8085
1986-12-31,23.6670
1987-01-01,23.6191
1987-01-02,23.4967
1987-01-03,23.4183
1987-01-04,23.3484
1987-01-05,23.2601
1987-01-06,23.2274
1987-01-07,23.3648
1987-01-08,23.4074
1987-01-09,23.4188
1987-01-10,23.3096
1987-01-11,23.1781
1987-01-12,23.2066
1987-01-13,23.2205
1987-01-14,23.1352
1987-01-15,23.1293
1987-01-16,23.0781
1987-01-17,23.0985
1987-01-18,22.9994
1987-01-19,22.9097
1987-01-20,22.7804
1987-01-21,22.6969
1987-01-22,22.6258
1987-01-23,22.5119
1987-01-24,22.5174
1987-01-25,22.5081
1987-01-26,22.4785
1987-01-27,22.4271
1987-01-28,22.2350
1987-01-29,22.0969
1987-01-30,22.0349
1987-01-31,22.0715
1987-02-01,22.0532
1987-02-02,21.9861
1987-02-03,22.0710
1987-02-04,22.1832
1987-02-05,22.2741
1987-02-06,22.2551
1987-02-07,22.1635
1987-02-08,22.1147
1987-02-09,22.1321
1987-02-10,22.1796
1987-02-11,22.2421
1987-02-12,22.3322
1987-02-13,22.4399
1987-02-14,22.4487
1987-02-15,22.4153
1987-02-16,22.4613
1987-02-17,22.3226
1987-02-18,22.0835
1987-02-19,22.0566
1987-02-20,22.1359
1987-02-21,22.2386
1987-02-22,22.3006
1987-02-23,22.3275
1987-02-24,22.3325
1987-02-25,22.3468
1987-02-26,22.5275
1987-02-27,22.5118
1987-02-28,22.4674
1987-03-01,22.3810
1987-03-02,22.3535
1987-03-03,22.3564
1987-03-04,22.3025
1987-03-05,22.1673
1987-03-06,22.0196
1987-03-07,22.1610
1987-03-08,22.2744
1987-03-09,22.3659
1987-03-10,22.4426
1987-03-11,22.4058
1987-03-12,22.2698
1987-03-13,22.0418
1987-03-14,22.0268
1987-03-15,22.1087
1987-03-16,22.0454
1987-03-17,21.8440
1987-03-18,22.0249
1987-03-19,22.2393
1987-03-20,22.4733
1987-03-21,22.6892
1987-03-22,22.7025
1987-03-23,22.6696
1987-03-24,22.6709
1987-03-25,22.7334
1987-03-26,22.9085
1987-03-27,22.9788
1987-03-28,23.0298
1987-03-29,23.1597
1987-03-30,23.2162
1987-03-31,23.1026
1987-04-01,22.8525
1987-04-02,22.7171
1987-04-03,22.6681
1987-04-04,22.4696
1987-04-05,22.3570
1987-04-06,22.3142
1987-04-07,22.3617
1987-04-08,22.2904
1987-04-09,22.3498
1987-04-10,22.4649
1987-04-11,22.5591
1987-04-12,22.8133
1987-04-13,22.8363
1987-04-14,22.6959
1987-04-15,22.6087
1987-04-16,22.6827
1987-04-17,22.8799
1987-04-18,23.1367
1987-04-19,23.3914
1987-04-20,23.5539
1987-04-21,23.6999
1987-04-22,24.0750
1987-04-23,24.2443
1987-04-24,24.2093
1987-04-25,24.1085
1987-04-26,24.1285
1987-04-27,24.3115
1987-04-28,24.3820
1987-04-29,24.4137
1987-04-30,24.6522
1987-05-01,24.7523
1987-05-02,24.7935
1987-05-03,24.7686
1987-05-04,24.8191
1987-05-05,24.9537
1987-05-06,25.0570
1987-05-07,25.2494
1987-05-08,25.4989
1987-05-09,25.6178
1987-05-10,25.6496
1987-05-11,25.6935
1987-05-12,25.6712
1987-05-13,25.6329
1987-05-14,25.7789
1987-05-15,25.9229
1987-05-16,26.1083
1987-05-17,26.2735
1987-05-18,26.3298
1987-05-19,26.5011
1987-05-20,26.6718
1987-05-21,26.7392
1987-05-22,26.7514
1987-05-23,26.8110
1987-05-24,26.8745
1987-05-25,26.9976
1987-05-26,27.0198
1987-05-27,26.9601
1987-05-28,26.9134
1987-05-29,26.7463
1987-05-30,26.7934
1987-05-31,26.7976
1987-06-01,26.7796
1987-06-02,26.8486
1987-06-03,26.9262
1987-06-04,27.0704
1987-06-05,27.1459
1987-06-06,27.2795
1987-06-07,27.2835
1987-06-08,27.2663
1987-06-09,26.8301
1987-06-10,26.7784
1987-06-11,26.9595
1987-06-12,27.2093
1987-06-13,27.5397
1987-06-14,27.8169
1987-06-15,27.8941
1987-06-16,27.9241
1987-06-17,27.9673
1987-06-18,28.0262
1987-06-19,27.9802
1987-06-20,27.8522
1987-06-21,27.8559
1987-06-22,28.0109
1987-06-23,28.2761
1987-06-24,28.5457
1987-06-25,28.6816
1987-06-26,28.6723
1987-06-27,28.6709
1987-06-28,28.7584
1987-06-29,28.7558
1987-06-30,28.7560
1987-07-01,28.8356
1987-07-02,28.7478
1987-07-03,28.6912
1987-07-04,28.6839
1987-07-05,28.8638
1987-07-06,28.7964
1987-07-07,28.6230
1987-07-08,28.4415
1987-07-09,28.6863
1987-07-10,28.8789
1987-07-11,29.0445
1987-07-12,29.1747
1987-07-13,29.2054
1987-07-14,29.1043
1987-07-15,29.1561
1987-07-16,29.2041
1987-07-17,29.3397
1987-07-18,29.3617
1987-07-19,29.3008
1987-07-20,29.3964
1987-07-21,29.3571
1987-07-22,29.3065
1987-07-23,29.3113
1987-07-24,29.3674
1987-07-25,29.3797
1987-07-26,29.4316
1987-07-27,29.5248
1987-07-28,29.5559
1987-07-29,29.5725
1987-07-30,29.5265
1987-07-31,29.4016
1987-08-01,29.3930
1987-08-02,29.5570
1987-08-03,29.6203
1987-08-04,29.6323
1987-08-05,29.6258
1987-08-06,29.6434
1987-08-07,29.7142
1987-08-08,29.5644
1987-08-09,29.3650
1987-08-10,29.2377
1987-08-11,29.3777
1987-08-12,29.3731
1987-08-13,29.3409
1987-08-14,29.1940
1987-08-15,29.1350
1987-08-16,29.1900
1987-08-17,29.3172
1987-08-18,29.4094
1987-08-19,29.4685
1987-08-20,29.4525
1987-08-21,29.4189
1987-08-22,29.4633
1987-08-23,29.4814
1987-08-24,29.5158
1987-08-25,29.5414
1987-08-26,29.4728
1987-08-27,29.4805
1987-08-28,29.5141
1987-08-29,29.5223
1987-08-30,29.5107
1987-08-31,29.4436
1987-09-01,29.3028
1987-09-02,29.1615
1987-09-03,29.1379
1987-09-04,29.1234
1987-09-05,29.2126
1987-09-06,29.3454
1987-09-07,29.3608
1987-09-08,29.3291
1987-09-09,29.2228
1987-09-10,29.1440
1987-09-11,29.0360
1987-09-12,28.9495
1987-09-13,29.0960
1987-09-14,29.1710
1987-09-15,29.2159
1987-09-16,29.3381
1987-09-17,29.4808
1987-09-18,29.5459
1987-09-19,29.4652
1987-09-20,29.3833
1987-09-21,29.3496
1987-09-22,29.3256
1987-09-23,29.2047
1987-09-24,29.0840
1987-09-25,29.0961
1987-09-26,29.0645
1987-09-27,29.0483
1987-09-28,29.0474
1987-09-29,28.9613
1987-09-30,28.6894
1987-10-01,28.5605
1987-10-02,28.5265
1987-10-03,28.4120
1987-10-04,28.2860
1987-10-05,28.1940
1987-10-06,27.8838
1987-10-07,27.5637
1987-10-08,27.3322
1987-10-09,27.2280
1987-10-10,27.1700
1987-10-11,27.0888
1987-10-12,27.0130
1987-10-13,26.9490
1987-10-14,26.8837
1987-10-15,26.6693
1987-10-16,26.5629
1987-10-17,26.4841
1987-10-18,26.5127
1987-10-19,26.5709
1987-10-20,26.6752
1987-10-21,26.7314
1987-10-22,26.7779
1987-10-23,26.6622
1987-10-24,26.5723
1987-10-25,26.5626
1987-10-26,26.5856
1987-10-27,26.5334
1987-10-28,26.4871
1987-10-29,26.3556
1987-10-30,26.1308
1987-10-31,25.9840
1987-11-01,25.8357
1987-11-02,25.7241
1987-11-03,25.6940
1987-11-04,25.5958
1987-11-05,25.5071
1987-11-06,25.4924
1987-11-07,25.4429
1987-11-08,25.3966
1987-11-09,25.2975
1987-11-10,25.3085
1987-11-11,25.1704
1987-11-12,24.9277
1987-11-13,24.8542
1987-11-14,24.8397
1987-11-15,24.8678
1987-11-16,24.8817
1987-11-17,24.9313
1987-11-18,24.9327
1987-11-19,24.8213
1987-11-20,24.7657
1987-11-21,24.7147
1987-11-22,24.5084
1987-11-23,24.3089
1987-11-24,24.2194
1987-11-25,24.2091
1987-11-26,24.3594
1987-11-27,24.4526
1987-11-28,24.4550
1987-11-29,24.3557
1987-11-30,24.2227
1987-12-01,24.2259
1987-12-02,24.2848
1987-12-03,24.3226
1987-12-04,24.3230
1987-12-05,24.3539
1987-12-06,24.3925
1987-12-07,24.3739
1987-12-08,24.3724
1987-12-09,24.2776
1987-12-10,24.2559
1987-12-11,24.2556
1987-12-12,24.2681
1987-12-13,24.3591
1987-12-14,24.4435
1987-12-15,24.4465
1987-12-16,24.1666
1987-12-17,23.9583
1987-12-18,23.8051
1987-12-19,23.7877
1987-12-20,23.7788
1987-12-21,23.8302
1987-12-22,24.0034
1987-12-23,24.0080
1987-12-24,23.9976
1987-12-25,23.9678
1987-12-26,23.9052
1987-12-27,23.8536
1987-12-28,23.7387
1987-12-29,23.6425
1987-12-30,23.5270
1987-12-31,23.4420
1988-01-01,23.3770
1988-01-02,23.3174
1988-01-03,23.2472
1988-01-04,23.2164
1988-01-05,23.1333
1988-01-06,23.1168
1988-01-07,23.0975
1988-01-08,23.0215
1988-01-09,22.8993
1988-01-10,22.7535
1988-01-11,22.6366
1988-01-12,22.5893
1988-01-13,22.4612
1988-01-14,22.3010
1988-01-15,22.1727
1988-01-16,22.3392
1988-01-17,22.4755
1988-01-18,22.5117
1988-01-19,22.5303
1988-01-20,22.5117
1988-01-21,22.4848
1988-01-22,22.4444
1988-01-23,22.3013
1988-01-24,22.0527
1988-01-25,22.0648
1988-01-26,22.1710
1988-01-27,22.3210
1988-01-28,22.3729
1988-01-29,22.3322
1988-01-30,22.2670
1988-01-31,22.2219
1988-02-01,22.4180
1988-02-02,22.5125
1988-02-03,22.5022
1988-02-04,22.4222
1988-02-05,22.2409
1988-02-06,22.0468
1988-02-07,21.9403
1988-02-08,21.7233
1988-02-09,21.4621
1988-02-10,21.4827
1988-02-11,21.4816
1988-02-12,21.5498
1988-02-13,21.5677
1988-02-14,21.5931
1988-02-15,21.6406
1988-02-16,21.7330
1988-02-17,21.6607
1988-02-18,21.7297
1988-02-19,21.6644
1988-02-20,21.7412
1988-02-21,21.6086
1988-02-22,21.6244
1988-02-23,21.6783
1988-02-24,21.6580
1988-02-25,21.7299
1988-02-26,21.8127
1988-02-27,21.8020
1988-02-28,22.0121
1988-02-29,22.0533
1988-03-01,22.0810
1988-03-02,22.0264
1988-03-03,22.0403
1988-03-04,22.1084
1988-03-05,22.1144
1988-03-06,22.1733
1988-03-07,22.1750
1988-03-08,22.1376
1988-03-09,22.1482
1988-03-10,22.2450
1988-03-11,22.1596
1988-03-12,22.2268
1988-03-13,22.2972
1988-03-14,22.2038
1988-03-15,22.0412
1988-03-16,21.8588
1988-03-17,21.9239
1988-03-18,21.9347
1988-03-19,21.8309
1988-03-20,21.8652
1988-03-21,21.8275
1988-03-22,21.8884
1988-03-23,22.0688
1988-03-24,22.1990
1988-03-25,22.4882
1988-03-26,22.7589
1988-03-27,22.9270
1988-03-28,23.0285
1988-03-29,23.0746
1988-03-30,23.0334
1988-03-31,23.1505
1988-04-01,23.1954
1988-04-02,23.2505
1988-04-03,23.4688
1988-04-04,23.6410
1988-04-05,23.6530
1988-04-06,23.7303
1988-04-07,23.5806
1988-04-08,23.5262
1988-04-09,23.5208
1988-04-10,23.4732
1988-04-11,23.3883
1988-04-12,23.2514
1988-04-13,23.1428
1988-04-14,23.1025
1988-04-15,23.1065
1988-04-16,23.3210
1988-04-17,23.3579
1988-04-18,23.3096
1988-04-19,23.3273
1988-04-20,23.3948
1988-04-21,23.6304
1988-04-22,23.9369
1988-04-23,24.2507
1988-04-24,24.3627
1988-04-25,24.4557
1988-04-26,24.6195
1988-04-27,24.7130
1988-04-28,24.7584
1988-04-29,24.7867
1988-04-30,24.7145
1988-05-01,24.4849
1988-05-02,24.4471
1988-05-03,24.5814
1988-05-04,24.7385
1988-05-05,24.8864
1988-05-06,24.9325
1988-05-07,24.9784
1988-05-08,24.9756
1988-05-09,24.9661
1988-05-10,24.9818
1988-05-11,25.0391
1988-05-12,24.9597
1988-05-13,24.9782
1988-05-14,25.1982
1988-05-15,25.3057
1988-05-16,25.4421
1988-05-17,25.5957
1988-05-18,25.6878
1988-05-19,25.8002
1988-05-20,25.9341
1988-05-21,25.9629
1988-05-22,26.0181
1988-05-23,26.2668
1988-05-24,26.4186
1988-05-25,26.4070
1988-05-26,26.3507
1988-05-27,26.3802
1988-05-28,26.3179
1988-05-29,26.2373
1988-05-30,26.2213
1988-05-31,26.1670
1988-06-01,26.3059
1988-06-02,26.6389
1988-06-03,26.8230
1988-06-04,26.8523
1988-06-05,26.8956
1988-06-06,27.0919
1988-06-07,27.2677
1988-06-08,27.3843
1988-06-09,27.4118
1988-06-10,27.3223
1988-06-11,27.2151
1988-06-12,27.1688
1988-06-13,27.1539
1988-06-14,27.1903
1988-06-15,27.2248
1988-06-16,27.4639
1988-06-17,27.5894
1988-06-18,27.6337
1988-06-19,27.6074
1988-06-20,27.5365
1988-06-21,27.4644
1988-06-22,27.3731
1988-06-23,27.3050
1988-06-24,27.4192
1988-06-25,27.5013
1988-06-26,27.6557
1988-06-27,27.9528
1988-06-28,28.1569
1988-06-29,28.3254
1988-06-30,28.4905
1988-07-01,28.6156
1988-07-02,28.6388
1988-07-03,28.8050
1988-07-04,28.8788
1988-07-05,28.7099
1988-07-06,28.7712
1988-07-07,28.7260
1988-07-08,28.5692
1988-07-09,28.6121
1988-07-10,28.7051
1988-07-11,28.8242
1988-07-12,28.8525
1988-07-13,28.7298
1988-07-14,28.2098
1988-07-15,28.3503
1988-07-16,28.4991
1988-07-17,28.7454
1988-07-18,28.7121
1988-07-19,28.7283
1988-07-20,28.8141
1988-07-21,28.8047
1988-07-22,28.9676
1988-07-23,29.0489
1988-07-24,29.2178
1988-07-25,29.2405
1988-07-26,29.2386
1988-07-27,29.2148
1988-07-28,29.1615
1988-07-29,29.0270
1988-07-30,29.1357
1988-07-31,29.2431
1988-08-01,29.2788
1988-08-02,29.1343
1988-08-03,28.9548
1988-08-04,28.7659
1988-08-05,28.8602
1988-08-06,28.9923
1988-08-07,29.0091
1988-08-08,28.9984
1988-08-09,29.0827
1988-08-10,29.0534
1988-08-11,29.2493
1988-08-12,29.2584
1988-08-13,29.1315
1988-08-14,29.1072
1988-08-15,29.0807
1988-08-16,29.0330
1988-08-17,29.1190
1988-08-18,29.1370
1988-08-19,29.3130
1988-08-20,29.3631
1988-08-21,29.2811
1988-08-22,29.3244
1988-08-23,29.4119
1988-08-24,29.4362
1988-08-25,29.3853
1988-08-26,29.3997
1988-08-27,29.4393
1988-08-28,29.4789
1988-08-29,29.4142
1988-08-30,29.2928
1988-08-31,29.0403
1988-09-01,28.8677
1988-09-02,28.7020
1988-09-03,28.5688
1988-09-04,28.4962
1988-09-05,28.5596
1988-09-06,28.5412
1988-09-07,28.3490
1988-09-08,28.2048
1988-09-09,28.1927
1988-09-10,28.2964
1988-09-11,28.3863
1988-09-12,28.4611
1988-09-13,28.4570
1988-09-14,28.3860
1988-09-15,28.2746
1988-09-16,27.7269
1988-09-17,27.7364
1988-09-18,27.8039
1988-09-19,27.9886
1988-09-20,28.0048
1988-09-21,28.0880
1988-09-22,28.1155
1988-09-23,28.2321
1988-09-24,28.3724
1988-09-25,28.3498
1988-09-26,28.3585
1988-09-27,28.3326
1988-09-28,28.2145
1988-09-29,28.0024
1988-09-30,27.9142
1988-10-01,27.8805
1988-10-02,27.8491
1988-10-03,27.8673
1988-10-04,27.7648
1988-10-05,27.6247
1988-10-06,27.4400
1988-10-07,27.2690
1988-10-08,27.0787
1988-10-09,27.0937
1988-10-10,27.0733
1988-10-11,27.1178
1988-10-12,27.1120
1988-10-13,27.0244
1988-10-14,26.8153
1988-10-15,26.6343
1988-10-16,26.4353
1988-10-17,26.3622
1988-10-18,26.3574
1988-10-19,26.4084
1988-10-20,26.5231
1988-10-21,26.6116
1988-10-22,26.6724
1988-10-23,26.6544
1988-10-24,26.5987
1988-10-25,26.5550
1988-10-26,26.5967
1988-10-27,26.6551
1988-10-28,26.6205
1988-10-29,26.6462
1988-10-30,26.6891
1988-10-31,26.6804
1988-11-01,26.4958
1988-11-02,26.4117
1988-11-03,26.3515
1988-11-04,26.3826
1988-11-05,26.4149
1988-11-06,26.4080
1988-11-07,26.3848
1988-11-08,26.3737
1988-11-09,26.2582
1988-11-10,26.1682
1988-11-11,26.0804
1988-11-12,26.0916
1988-11-13,26.1239
1988-11-14,26.1353
1988-11-15,26.2273
1988-11-16,26.1648
1988-11-17,26.0179
1988-11-18,25.9141
1988-11-19,25.8600
1988-11-20,25.7435
1988-11-21,25.6571
1988-11-22,25.5688
1988-11-23,25.5224
1988-11-24,25.4638
1988-11-25,25.4480
1988-11-26,25.3837
1988-11-27,25.3726
1988-11-28,25.3638
1988-11-29,25.2996
1988-11-30,25.1350
1988-12-01,24.8965
1988-12-02,24.6854
1988-12-03,24.6089
1988-12-04,24.6086
1988-12-05,24.5717
1988-12-06,24.5161
1988-12-07,24.4092
1988-12-08,24.2584
1988-12-09,24.1932
1988-12-10,24.1391
1988-12-11,24.0987
1988-12-12,24.0741
1988-12-13,24.0629
1988-12-14,24.0037
1988-12-15,24.0629
1988-12-16,24.0243
1988-12-17,23.9692
1988-12-18,23.8551
1988-12-19,23.7609
1988-12-20,23.6534
1988-12-21,23.6128
1988-12-22,23.6460
1988-12-23,23.7064
1988-12-24,23.8186
1988-12-25,23.7928
1988-12-26,23.7483
1988-12-27,23.7686
1988-12-28,23.8587
1988-12-29,23.8679
1988-12-30,23.8545
1988-12-31,23.9301
1989-01-01,24.0127
1989-01-02,24.0005
1989-01-03,24.0583
1989-01-04,24.1435
1989-01-05,24.0552
1989-01-06,24.0078
1989-01-07,23.9744
1989-01-08,23.9590
1989-01-09,23.9032
1989-01-10,23.8637
1989-01-11,23.8879
1989-01-12,23.8680
1989-01-13,23.8795
1989-01-14,23.9724
1989-01-15,23.8907
1989-01-16,23.8800
1989-01-17,23.8766
1989-01-18,23.8946
1989-01-19,23.9233
1989-01-20,23.9111
1989-01-21,23.7809
1989-01-22,23.6939
1989-01-23,23.6284
1989-01-24,23.5433
1989-01-25,23.6208
1989-01-26,23.6480
1989-01-27,23.6159
1989-01-28,23.6010
1989-01-29,23.6139
1989-01-30,23.5643
1989-01-31,23.6101
1989-02-01,23.6343
1989-02-02,23.5567
1989-02-03,23.5267
1989-02-04,23.5695
1989-02-05,23.5111
1989-02-06,23.4691
1989-02-07,23.4797
1989-02-08,23.4051
1989-02-09,23.1980
1989-02-10,22.9132
1989-02-11,22.9141
1989-02-12,22.8817
1989-02-13,22.9375
1989-02-14,23.0225
1989-02-15,23.0561
1989-02-16,23.0322
1989-02-17,23.0309
1989-02-18,22.9391
1989-02-19,22.9247
1989-02-20,23.0668
1989-02-21,23.0908
1989-02-22,23.0593
1989-02-23,22.8836
1989-02-24,22.8976
1989-02-25,22.9519
1989-02-26,22.8669
1989-02-27,22.8227
1989-02-28,22.8059
1989-03-01,22.8370
1989-03-02,22.8431
1989-03-03,22.8115
1989-03-04,22.8573
1989-03-05,22.8717
1989-03-06,22.9044
1989-03-07,22.7033
1989-03-08,22.6010
1989-03-09,22.4109
1989-03-10,22.4786
1989-03-11,22.3993
1989-03-12,22.2794
1989-03-13,22.2513
1989-03-14,22.3226
1989-03-15,22.5514
1989-03-16,22.8565
1989-03-17,23.1426
1989-03-18,23.3374
1989-03-19,23.4262
1989-03-20,23.4828
1989-03-21,23.4280
1989-03-22,23.1360
1989-03-23,23.1292
1989-03-24,23.1674
1989-03-25,23.3957
1989-03-26,23.6055
1989-03-27,23.7627
1989-03-28,23.8066
1989-03-29,23.8175
1989-03-30,23.8144
1989-03-31,23.7341
1989-04-01,23.6304
1989-04-02,23.6406
1989-04-03,23.7302
1989-04-04,23.8941
1989-04-05,23.9396
1989-04-06,23.8732
1989-04-07,23.8103
1989-04-08,23.8555
1989-04-09,23.9136
1989-04-10,23.9051
1989-04-11,23.8476
1989-04-12,23.7530
1989-04-13,23.8251
1989-04-14,23.8426
1989-04-15,23.8511
1989-04-16,23.8684
1989-04-17,23.9152
1989-04-18,24.2018
1989-04-19,24.4735
1989-04-20,24.6889
1989-04-21,24.8210
1989-04-22,24.8226
1989-04-23,24.8290
1989-04-24,24.8581
1989-04-25,24.9841
1989-04-26,25.0433
1989-04-27,25.2311
1989-04-28,25.5254
1989-04-29,25.5653
1989-04-30,25.4955
1989-05-01,25.5010
1989-05-02,25.4402
1989-05-03,25.5433
1989-05-04,25.6177
1989-05-05,25.7115
1989-05-06,25.8207
1989-05-07,25.8670
1989-05-08,25.8361
1989-05-09,25.8537
1989-05-10,25.8968
1989-05-11,26.0461
1989-05-12,26.0796
1989-05-13,25.9925
1989-05-14,25.9923
1989-05-15,26.1128
1989-05-16,26.2154
1989-05-17,26.2813
1989-05-18,26.2055
1989-05-19,26.3158
1989-05-20,26.4391
1989-05-21,26.5387
1989-05-22,26.7010
1989-05-23,26.8143
1989-05-24,26.9331
1989-05-25,27.0547
1989-05-26,27.1109
1989-05-27,27.0483
1989-05-28,27.1347
1989-05-29,27.1560
1989-05-30,27.1630
1989-05-31,27.2120
1989-06-01,27.2533
1989-06-02,27.3173
1989-06-03,27.4609
1989-06-04,27.4522
1989-06-05,27.4682
1989-06-06,27.5221
1989-06-07,27.5647
1989-06-08,27.5960
1989-06-09,27.5553
1989-06-10,27.5823
1989-06-11,27.7143
1989-06-12,27.8548
1989-06-13,27.8272
1989-06-14,27.7191
1989-06-15,27.7345
1989-06-16,27.4774
1989-06-17,27.2398
1989-06-18,27.5199
1989-06-19,27.6989
1989-06-20,27.8757
1989-06-21,27.9996
1989-06-22,28.0386
1989-06-23,27.9777
1989-06-24,28.0793
1989-06-25,28.0379
1989-06-26,27.9858
1989-06-27,28.0356
1989-06-28,28.1464
1989-06-29,28.1003
1989-06-30,27.9841
1989-07-01,28.0049
1989-07-02,28.1564
1989-07-03,28.2714
1989-07-04,28.2521
1989-07-05,28.3030
1989-07-06,28.4290
1989-07-07,28.6625
1989-07-08,28.7096
1989-07-09,28.7328
1989-07-10,28.7442
1989-07-11,28.7446
1989-07-12,28.7520
1989-07-13,28.9087
1989-07-14,28.9620
1989-07-15,29.1102
1989-07-16,29.2096
1989-07-17,29.2355
1989-07-18,29.2902
1989-07-19,29.3297
1989-07-20,29.3701
1989-07-21,29.2861
1989-07-22,29.1768
1989-07-23,29.0939
1989-07-24,29.0131
1989-07-25,28.8572
1989-07-26,28.6714
1989-07-27,28.6537
1989-07-28,28.7869
1989-07-29,28.8980
1989-07-30,28.8368
1989-07-31,28.7451
1989-08-01,28.7989
1989-08-02,28.9216
1989-08-03,28.9927
1989-08-04,29.0522
1989-08-05,29.0621
1989-08-06,29.0939
1989-08-07,29.1783
1989-08-08,29.1349
1989-08-09,29.0281
1989-08-10,29.0600
1989-08-11,29.1763
1989-08-12,29.2239
1989-08-13,29.2805
1989-08-14,29.1772
1989-08-15,29.1133
1989-08-16,29.1132
1989-08-17,29.2245
1989-08-18,29.2551
1989-08-19,29.2381
1989-08-20,29.1628
1989-08-21,29.1576
1989-08-22,29.2608
1989-08-23,29.2048
1989-08-24,29.3431
1989-08-25,29.4190
1989-08-26,29.4503
1989-08-27,29.4042
1989-08-28,29.5205
1989-08-29,29.5905
1989-08-30,29.7093
1989-08-31,29.7676
1989-09-01,29.9656
1989-09-02,29.8895
1989-09-03,29.8336
1989-09-04,29.6704
1989-09-05,29.5452
1989-09-06,29.5751
1989-09-07,29.6313
1989-09-08,29.6670
1989-09-09,29.6875
1989-09-10,29.7001
1989-09-11,29.6425
1989-09-12,29.6457
1989-09-13,29.5500
1989-09-14,29.4582
1989-09-15,29.3656
1989-09-16,29.1441
1989-09-17,29.1237
1989-09-18,29.0855
1989-09-19,29.0702
1989-09-20,29.1505
1989-09-21,29.2277
1989-09-22,29.3233
1989-09-23,29.2941
1989-09-24,28.9969
1989-09-25,28.7180
1989-09-26,28.5592
1989-09-27,28.4824
1989-09-28,28.3957
1989-09-29,28.3198
1989-09-30,28.3498
1989-10-01,28.1488
1989-10-02,28.2039
1989-10-03,28.1764
1989-10-04,28.1852
1989-10-05,28.3061
1989-10-06,28.3729
1989-10-07,28.3772
1989-10-08,28.3348
1989-10-09,28.2223
1989-10-10,27.9975
1989-10-11,27.8399
1989-10-12,27.7827
1989-10-13,27.6510
1989-10-14,27.7030
1989-10-15,27.8821
1989-10-16,27.8864
1989-10-17,27.8292
1989-10-18,27.7941
1989-10-19,27.5501
1989-10-20,27.2681
1989-10-21,26.9605
1989-10-22,26.7170
1989-10-23,26.5842
1989-10-24,26.5458
1989-10-25,26.5568
1989-10-26,26.5438
1989-10-27,26.4567
1989-10-28,26.3262
1989-10-29,26.2819
1989-10-30,26.2456
1989-10-31,26.1818
1989-11-01,26.0861
1989-11-02,26.1109
1989-11-03,26.0624
1989-11-04,25.9577
1989-11-05,26.0470
1989-11-06,26.0721
1989-11-07,26.1953
1989-11-08,26.2543
1989-11-09,26.1412
1989-11-10,26.0049
1989-11-11,25.9823
1989-11-12,25.9553
1989-11-13,26.0111
1989-11-14,26.0756
1989-11-15,26.1084
1989-11-16,26.0597
1989-11-17,25.8076
1989-11-18,25.5075
1989-11-19,25.3556
1989-11-20,25.2576
1989-11-21,25.3644
1989-11-22,25.5366
1989-11-23,25.4619
1989-11-24,25.2699
1989-11-25,25.2156
1989-11-26,25.2952
1989-11-27,25.3470
1989-11-28,25.3182
1989-11-29,25.2027
1989-11-30,24.9934
1989-12-01,24.8269
1989-12-02,24.7488
1989-12-03,24.6648
1989-12-04,24.6022
1989-12-05,24.4756
1989-12-06,24.3738
1989-12-07,24.3078
1989-12-08,24.1470
1989-12-09,23.9974
1989-12-10,23.8767
1989-12-11,23.8463
1989-12-12,23.7933
1989-12-13,23.7256
1989-12-14,23.6653
1989-12-15,23.6084
1989-12-16,23.4904
1989-12-17,23.4245
1989-12-18,23.4371
1989-12-19,23.4308
1989-12-20,23.4265
1989-12-21,23.3531
1989-12-22,23.2732
1989-12-23,23.1736
1989-12-24,22.9829
1989-12-25,22.9647
1989-12-26,22.9284
1989-12-27,22.8593
1989-12-28,22.7716
1989-12-29,22.7485
1989-12-30,22.8216
1989-12-31,22.8974
1990-01-01,22.7387
1990-01-02,22.5693
1990-01-03,22.5459
1990-01-04,22.5874
1990-01-05,22.6434
1990-01-06,22.6537
1990-01-07,22.6586
1990-01-08,22.5160
1990-01-09,22.5518
1990-01-10,22.6351
1990-01-11,22.6545
1990-01-12,22.5901
1990-01-13,22.5577
1990-01-14,22.5916
1990-01-15,22.5509
1990-01-16,22.6110
1990-01-17,22.6682
1990-01-18,22.6841
1990-01-19,22.7107
1990-01-20,22.8139
1990-01-21,22.9160
1990-01-22,23.0035
1990-01-23,23.1099
1990-01-24,23.1561
1990-01-25,23.1012
1990-01-26,23.0647
1990-01-27,22.9683
1990-01-28,22.9803
1990-01-29,23.0491
1990-01-30,23.1070
1990-01-31,23.0983
1990-02-01,23.0956
1990-02-02,23.2911
1990-02-03,23.3789
1990-02-04,23.2932
1990-02-05,23.0546
1990-02-06,23.0635
1990-02-07,23.0836
1990-02-08,23.0536
1990-02-09,23.0603
1990-02-10,23.1211
1990-02-11,23.0974
1990-02-12,23.0115
1990-02-13,22.9638
1990-02-14,23.0783
1990-02-15,23.2357
1990-02-16,23.3752
1990-02-17,23.4640
1990-02-18,23.4809
1990-02-19,23.4602
1990-02-20,23.3633
1990-02-21,23.3218
1990-02-22,23.1640
1990-02-23,23.0807
1990-02-24,22.9723
1990-02-25,22.9149
1990-02-26,22.8489
1990-02-27,22.8059
1990-02-28,22.8785
1990-03-01,22.8767
1990-03-02,22.8451
1990-03-03,22.8922
1990-03-04,23.0877
1990-03-05,23.1920
1990-03-06,23.1980
1990-03-07,23.1874
1990-03-08,23.1433
1990-03-09,23.1702
1990-03-10,23.2196
1990-03-11,23.1550
1990-03-12,23.1518
1990-03-13,23.2863
1990-03-14,23.3575
1990-03-15,23.3809
1990-03-16,23.2618
1990-03-17,23.2158
1990-03-18,23.1387
1990-03-19,23.1629
1990-03-20,23.1302
1990-03-21,23.0793
1990-03-22,23.0530
1990-03-23,23.0863
1990-03-24,23.1238
1990-03-25,23.2641
1990-03-26,23.3783
1990-03-27,23.3546
1990-03-28,23.3437
1990-03-29,23.4684
1990-03-30,23.5877
1990-03-31,23.7008
1990-04-01,23.8652
1990-04-02,23.9211
1990-04-03,23.9214
1990-04-04,23.9807
1990-04-05,24.0270
1990-04-06,23.9108
1990-04-07,23.7202
1990-04-08,23.7254
1990-04-09,23.8449
1990-04-10,23.8483
1990-04-11,23.6536
1990-04-12,23.4967
1990-04-13,23.5389
1990-04-14,23.6616
1990-04-15,23.7500
1990-04-16,23.8986
1990-04-17,23.8749
1990-04-18,23.8542
1990-04-19,23.9484
1990-04-20,24.0100
1990-04-21,24.0554
1990-04-22,24.2656
1990-04-23,24.3557
1990-04-24,24.3929
1990-04-25,24.4670
1990-04-26,24.5534
1990-04-27,24.5704
1990-04-28,24.6764
1990-04-29,24.9150
1990-04-30,25.1000
1990-05-01,25.3157
1990-05-02,25.4371
1990-05-03,25.4257
1990-05-04,25.2911
1990-05-05,25.4648
1990-05-06,25.5527
1990-05-07,25.5262
1990-05-08,25.4816
1990-05-09,25.4330
1990-05-10,25.6371
1990-05-11,25.7349
1990-05-12,25.8118
1990-05-13,26.0607
1990-05-14,26.2281
1990-05-15,26.3197
1990-05-16,26.4171
1990-05-17,26.5848
1990-05-18,26.5578
1990-05-19,26.6590
1990-05-20,26.7872
1990-05-21,26.7899
1990-05-22,26.8324
1990-05-23,26.8198
1990-05-24,26.8664
1990-05-25,26.9665
1990-05-26,27.2158
1990-05-27,27.4897
1990-05-28,27.5982
1990-05-29,27.6117
1990-05-30,27.7119
1990-05-31,27.7393
1990-06-01,27.7980
1990-06-02,27.9496
1990-06-03,28.0508
1990-06-04,28.3272
1990-06-05,28.5045
1990-06-06,28.4879
1990-06-07,28.4817
1990-06-08,28.4150
1990-06-09,28.2723
1990-06-10,28.2604
1990-06-11,28.3425
1990-06-12,28.3900
1990-06-13,28.4851
1990-06-14,28.5389
1990-06-15,28.5421
1990-06-16,28.5879
1990-06-17,28.5913
1990-06-18,28.6288
1990-06-19,28.6665
1990-06-20,28.7030
1990-06-21,28.7059
1990-06-22,28.7769
1990-06-23,28.8438
1990-06-24,28.9585
1990-06-25,29.0860
1990-06-26,29.1466
1990-06-27,29.0898
1990-06-28,28.9852
1990-06-29,28.8628
1990-06-30,28.6136
1990-07-01,28.7029
1990-07-02,28.8462
1990-07-03,28.7308
1990-07-04,28.6549
1990-07-05,28.6468
1990-07-06,28.6779
1990-07-07,28.6209
1990-07-08,28.6629
1990-07-09,28.6710
1990-07-10,28.6751
1990-07-11,28.6684
1990-07-12,28.6720
1990-07-13,28.7613
1990-07-14,28.8182
1990-07-15,28.7746
1990-07-16,28.6539
1990-07-17,28.5957
1990-07-18,28.5433
1990-07-19,28.5562
1990-07-20,28.5493
1990-07-21,28.6476
1990-07-22,28.7536
1990-07-23,28.8232
1990-07-24,28.8309
1990-07-25,28.9197
1990-07-26,29.0281
1990-07-27,29.0954
1990-07-28,29.0941
1990-07-29,29.0108
1990-07-30,29.1086
1990-07-31,29.1956
1990-08-01,29.2906
1990-08-02,29.4022
1990-08-03,29.4054
1990-08-04,29.2360
1990-08-05,29.2302
1990-08-06,29.2640
1990-08-07,29.0608
1990-08-08,29.1433
1990-08-09,29.3361
1990-08-10,29.4369
1990-08-11,29.4872
1990-08-12,29.4930
1990-08-13,29.3820
1990-08-14,29.2783
1990-08-15,29.2619
1990-08-16,29.2398
1990-08-17,29.2577
1990-08-18,29.3811
1990-08-19,29.5035
1990-08-20,29.4593
1990-08-21,29.4868
1990-08-22,29.4188
1990-08-23,29.3762
1990-08-24,29.4664
1990-08-25,29.5740
1990-08-26,29.6570
1990-08-27,29.6703
1990-08-28,29.7009
1990-08-29,29.7829
1990-08-30,29.8264
1990-08-31,29.8915
1990-09-01,29.7899
1990-09-02,29.5959
1990-09-03,29.4994
1990-09-04,29.4060
1990-09-05,29.3596
1990-09-06,29.3184
1990-09-07,29.3966
1990-09-08,29.4456
1990-09-09,29.5136
1990-09-10,29.4921
1990-09-11,29.3577
1990-09-12,29.1215
1990-09-13,29.1706
1990-09-14,29.1182
1990-09-15,29.1129
1990-09-16,29.2241
1990-09-17,29.2823
1990-09-18,29.3098
1990-09-19,29.4151
1990-09-20,29.6236
1990-09-21,29.6583
1990-09-22,29.5673
1990-09-23,29.5090
1990-09-24,29.4347
1990-09-25,29.2686
1990-09-26,29.2290
1990-09-27,29.2338
1990-09-28,29.2471
1990-09-29,29.1314
1990-09-30,28.9843
1990-10-01,28.7031
1990-10-02,28.6792
1990-10-03,28.6628
1990-10-04,28.6712
1990-10-05,28.6442
1990-10-06,28.6833
1990-10-07,28.6624
1990-10-08,28.7234
1990-10-09,28.7637
1990-10-10,28.5186
1990-10-11,28.1156
1990-10-12,28.1077
1990-10-13,28.1707
1990-10-14,28.1754
1990-10-15,28.0321
1990-10-16,27.9044
1990-10-17,28.0050
1990-10-18,28.0130
1990-10-19,27.8092
1990-10-20,27.7368
1990-10-21,27.6573
1990-10-22,27.6435
1990-10-23,27.5531
1990-10-24,27.4168
1990-10-25,27.3132
1990-10-26,27.2376
1990-10-27,27.1266
1990-10-28,26.9404
1990-10-29,26.7556
1990-10-30,26.6187
1990-10-31,26.6014
1990-11-01,26.5933
1990-11-02,26.4373
1990-11-03,26.3508
1990-11-04,26.2871
1990-11-05,26.2220
1990-11-06,26.0411
1990-11-07,25.9670
1990-11-08,25.7964
1990-11-09,25.7216
1990-11-10,25.7318
1990-11-11,25.6868
1990-11-12,25.6609
1990-11-13,25.5116
1990-11-14,25.4820
1990-11-15,25.3581
1990-11-16,25.2842
1990-11-17,25.2445
1990-11-18,25.2142
1990-11-19,25.2323
1990-11-20,25.1970
1990-11-21,25.2277
1990-11-22,25.2827
1990-11-23,25.2844
1990-11-24,25.1367
1990-11-25,25.1872
1990-11-26,25.2300
1990-11-27,25.1179
1990-11-28,25.1503
1990-11-29,25.1445
1990-11-30,25.1323
1990-12-01,25.0764
1990-12-02,25.0556
1990-12-03,25.0762
1990-12-04,24.9070
1990-12-05,24.5628
1990-12-06,24.4588
1990-12-07,24.3727
1990-12-08,24.2920
1990-12-09,24.2494
1990-12-10,24.2538
1990-12-11,24.1698
1990-12-12,23.9204
1990-12-13,23.8711
1990-12-14,23.8787
1990-12-15,23.8552
1990-12-16,23.8473
1990-12-17,23.7995
1990-12-18,23.8602
1990-12-19,23.9052
1990-12-20,24.0134
1990-12-21,24.1198
1990-12-22,24.1911
1990-12-23,24.2176
1990-12-24,24.1577
1990-12-25,23.9664
1990-12-26,23.8734
1990-12-27,23.7731
1990-12-28,23.7155
1990-12-29,23.7673
1990-12-30,23.7720
1990-12-31,23.7569
1991-01-01,23.7523
1991-01-02,23.8067
1991-01-03,23.8505
1991-01-04,23.8689
1991-01-05,23.7413
1991-01-06,23.6529
1991-01-07,23.5947
1991-01-08,23.6015
1991-01-09,23.5115
1991-01-10,23.4959
1991-01-11,23.4576
1991-01-12,23.3570
1991-01-13,23.2230
1991-01-14,23.0575
1991-01-15,23.0057
1991-01-16,22.9866
1991-01-17,22.8823
1991-01-18,22.8081
1991-01-19,22.7789
1991-01-20,22.6993
1991-01-21,22.6933
1991-01-22,22.6566
1991-01-23,22.6555
1991-01-24,22.6543
1991-01-25,22.5864
1991-01-26,22.6124
1991-01-27,22.8177
1991-01-28,22.9546
1991-01-29,23.0488
1991-01-30,23.0827
1991-01-31,23.0809
1991-02-01,23.0473
1991-02-02,23.0376
1991-02-03,23.0393
1991-02-04,23.0041
1991-02-05,23.0925
1991-02-06,23.1764
1991-02-07,23.1497
1991-02-08,23.0382
1991-02-09,22.9544
1991-02-10,22.9055
1991-02-11,22.7726
1991-02-12,22.6197
1991-02-13,22.5831
1991-02-14,22.5728
1991-02-15,22.5849
1991-02-16,22.5257
1991-02-17,22.3515
1991-02-18,22.2024
1991-02-19,22.2999
1991-02-20,22.3906
1991-02-21,22.5156
1991-02-22,22.5012
1991-02-23,22.6400
1991-02-24,22.6852
1991-02-25,22.7269
1991-02-26,22.7244
1991-02-27,22.7046
1991-02-28,22.7234
1991-03-01,22.8139
1991-03-02,22.8710
1991-03-03,22.8491
1991-03-04,22.7791
1991-03-05,22.8626
1991-03-06,22.8546
1991-03-07,22.7114
1991-03-08,22.6689
1991-03-09,22.7363
1991-03-10,22.7846
1991-03-11,22.7229
1991-03-12,22.7487
1991-03-13,22.7675
1991-03-14,22.7546
1991-03-15,22.7330
1991-03-16,22.7597
1991-03-17,22.8714
1991-03-18,22.9500
1991-03-19,22.9863
1991-03-20,23.0305
1991-03-21,23.0785
1991-03-22,23.2883
1991-03-23,23.5243
1991-03-24,23.6764
1991-03-25,23.8015
1991-03-26,23.9032
1991-03-27,23.9148
1991-03-28,23.9175
1991-03-29,23.7921
1991-03-30,23.6119
1991-03-31,23.4604
1991-04-01,23.4739
1991-04-02,23.4649
1991-04-03,23.4484
1991-04-04,23.4843
1991-04-05,23.5633
1991-04-06,23.6123
1991-04-07,23.9112
1991-04-08,24.2500
1991-04-09,24.4290
1991-04-10,24.4935
1991-04-11,24.5147
1991-04-12,24.6962
1991-04-13,24.9071
1991-04-14,24.9305
1991-04-15,24.9370
1991-04-16,25.1853
1991-04-17,25.4235
1991-04-18,25.6078
1991-04-19,25.7186
1991-04-20,25.7793
1991-04-21,25.6638
1991-04-22,25.7472
1991-04-23,25.8501
1991-04-24,25.9231
1991-04-25,25.9462
1991-04-26,25.9969
1991-04-27,26.0160
1991-04-28,26.0332
1991-04-29,25.9186
1991-04-30,25.7836
1991-05-01,25.8807
1991-05-02,25.9999
1991-05-03,26.0789
1991-05-04,26.2368
1991-05-05,26.3396
1991-05-06,26.3416
1991-05-07,26.3026
1991-05-08,26.3606
1991-05-09,26.4307
1991-05-10,26.4940
1991-05-11,26.6097
1991-05-12,26.7962
1991-05-13,26.8826
1991-05-14,26.9050
1991-05-15,26.8949
1991-05-16,26.8940
1991-05-17,26.9256
1991-05-18,26.9162
1991-05-19,27.0192
1991-05-20,27.0365
1991-05-21,26.9378
1991-05-22,26.7690
1991-05-23,26.7172
1991-05-24,26.7146
1991-05-25,26.7406
1991-05-26,27.0444
1991-05-27,27.2499
1991-05-28,27.4617
1991-05-29,27.6022
1991-05-30,27.6029
1991-05-31,27.6562
1991-06-01,27.6549
1991-06-02,27.6578
1991-06-03,27.7740
1991-06-04,28.0611
1991-06-05,28.2768
1991-06-06,28.3107
1991-06-07,28.2751
1991-06-08,28.1035
1991-06-09,28.0339
1991-06-10,28.1196
1991-06-11,28.2445
1991-06-12,28.2777
1991-06-13,28.2549
1991-06-14,28.3277
1991-06-15,28.4774
1991-06-16,28.6225
1991-06-17,28.7000
1991-06-18,28.6444
1991-06-19,28.6386
1991-06-20,28.6684
1991-06-21,28.6176
1991-06-22,28.6071
1991-06-23,28.6277
1991-06-24,28.6810
1991-06-25,28.8284
1991-06-26,28.8407
1991-06-27,28.7109
1991-06-28,28.6557
1991-06-29,28.6286
1991-06-30,28.6915
1991-07-01,28.8401
1991-07-02,28.9942
1991-07-03,29.1057
1991-07-04,29.1299
1991-07-05,28.7894
1991-07-06,28.5657
1991-07-07,28.5089
1991-07-08,28.4773
1991-07-09,28.4976
1991-07-10,28.6558
1991-07-11,28.6816
1991-07-12,28.8680
1991-07-13,29.0483
1991-07-14,29.0903
1991-07-15,29.1089
1991-07-16,29.1000
1991-07-17,29.1662
1991-07-18,29.1010
1991-07-19,28.9667
1991-07-20,28.9166
1991-07-21,28.7840
1991-07-22,28.7917
1991-07-23,28.7954
1991-07-24,28.7843
1991-07-25,28.7677
1991-07-26,28.9151
1991-07-27,29.0858
1991-07-28,29.1842
1991-07-29,29.2753
1991-07-30,29.3540
1991-07-31,29.4328
1991-08-01,29.5319
1991-08-02,29.6364
1991-08-03,29.7908
1991-08-04,29.8245
1991-08-05,29.5631
1991-08-06,29.4519
1991-08-07,29.2402
1991-08-08,29.2801
1991-08-09,29.2016
1991-08-10,29.0635
1991-08-11,28.9893
1991-08-12,29.1415
1991-08-13,29.2746
1991-08-14,29.2279
1991-08-15,29.2003
1991-08-16,29.1010
1991-08-17,29.2720
1991-08-18,29.3148
1991-08-19,29.4022
1991-08-20,29.4875
1991-08-21,29.5112
1991-08-22,29.4815
1991-08-23,29.5000
1991-08-24,29.3446
1991-08-25,29.1773
1991-08-26,28.9713
1991-08-27,29.0095
1991-08-28,29.1747
1991-08-29,29.2377
1991-08-30,29.3224
1991-08-31,29.2593
1991-09-01,29.2003
1991-09-02,29.0978
1991-09-03,28.8885
1991-09-04,28.7989
1991-09-05,28.7384
1991-09-06,28.8288
1991-09-07,28.8746
1991-09-08,28.9255
1991-09-09,28.9190
1991-09-10,28.8799
1991-09-11,28.9532
1991-09-12,28.9555
1991-09-13,28.9444
1991-09-14,29.0081
1991-09-15,29.0948
1991-09-16,29.0984
1991-09-17,29.0721
1991-09-18,29.1240
1991-09-19,29.1171
1991-09-20,29.0196
1991-09-21,28.9450
1991-09-22,28.8706
1991-09-23,28.8817
1991-09-24,28.8209
1991-09-25,28.6710
1991-09-26,28.4021
1991-09-27,28.3457
1991-09-28,28.2558
1991-09-29,28.1367
1991-09-30,28.1391
1991-10-01,28.1502
1991-10-02,28.1582
1991-10-03,28.1631
1991-10-04,28.1791
1991-10-05,28.2129
1991-10-06,28.1571
1991-10-07,27.9636
1991-10-08,27.7553
1991-10-09,27.7371
1991-10-10,27.7305
1991-10-11,27.6293
1991-10-12,27.5246
1991-10-13,27.2733
1991-10-14,27.2469
1991-10-15,27.1592
1991-10-16,26.9628
1991-10-17,26.9450
1991-10-18,26.9724
1991-10-19,27.0360
1991-10-20,27.0858
1991-10-21,27.1276
1991-10-22,27.1992
1991-10-23,27.1995
1991-10-24,27.0750
1991-10-25,27.0765
1991-10-26,27.1007
1991-10-27,27.0970
1991-10-28,27.0673
1991-10-29,26.9848
1991-10-30,26.8726
1991-10-31,26.8017
1991-11-01,26.6542
1991-11-02,26.5105
1991-11-03,26.3508
1991-11-04,26.1050
1991-11-05,25.9733
1991-11-06,25.8427
1991-11-07,25.7454
1991-11-08,25.5378
1991-11-09,25.3833
1991-11-10,25.2570
1991-11-11,25.1870
1991-11-12,25.1671
1991-11-13,25.1030
1991-11-14,25.0799
1991-11-15,25.0967
1991-11-16,25.0917
1991-11-17,25.2027
1991-11-18,25.2282
1991-11-19,25.1959
1991-11-20,25.2252
1991-11-21,25.2186
1991-11-22,25.1547
1991-11-23,25.1644
1991-11-24,25.0873
1991-11-25,24.9467
1991-11-26,24.7031
1991-11-27,24.4812
1991-11-28,24.3753
1991-11-29,24.4642
1991-11-30,24.5989
1991-12-01,24.7153
1991-12-02,24.8002
1991-12-03,24.7333
1991-12-04,24.5038
1991-12-05,24.2843
1991-12-06,24.1940
1991-12-07,24.3741
1991-12-08,24.4538
1991-12-09,24.4808
1991-12-10,24.5171
1991-12-11,24.4196
1991-12-12,24.2997
1991-12-13,24.2426
1991-12-14,24.2504
1991-12-15,24.3143
1991-12-16,24.2706
1991-12-17,24.2493
1991-12-18,24.2079
1991-12-19,24.1092
1991-12-20,24.0230
1991-12-21,23.9452
1991-12-22,23.9418
1991-12-23,23.9521
1991-12-24,23.8711
1991-12-25,23.7167
1991-12-26,23.6031
1991-12-27,23.6744
1991-12-28,23.6706
1991-12-29,23.6136
1991-12-30,23.5582
1991-12-31,23.4582
1992-01-01,23.3152
1992-01-02,23.2754
1992-01-03,23.1864
1992-01-04,23.1346
1992-01-05,23.1698
1992-01-06,23.1865
1992-01-07,23.2615
1992-01-08,23.2767
1992-01-09,23.3013
1992-01-10,23.1800
1992-01-11,23.0929
1992-01-12,23.1053
1992-01-13,23.1848
1992-01-14,23.1655
1992-01-15,23.0572
1992-01-16,22.9150
1992-01-17,22.8681
1992-01-18,22.5976
1992-01-19,22.5326
1992-01-20,22.5546
1992-01-21,22.5504
1992-01-22,22.5172
1992-01-23,22.5403
1992-01-24,22.4933
1992-01-25,22.4657
1992-01-26,22.4648
1992-01-27,22.4937
1992-01-28,22.6495
1992-01-29,22.7713
1992-01-30,22.7771
1992-01-31,22.7428
1992-02-01,22.6045
1992-02-02,22.5313
1992-02-03,22.4575
1992-02-04,22.4594
1992-02-05,22.4123
1992-02-06,22.3220
1992-02-07,22.2731
1992-02-08,22.1612
1992-02-09,22.1023
1992-02-10,21.9916
1992-02-11,21.9654
1992-02-12,22.0750
1992-02-13,22.2000
1992-02-14,22.4227
1992-02-15,22.5770
1992-02-16,22.6739
1992-02-17,22.8590
1992-02-18,23.0109
1992-02-19,22.9512
1992-02-20,22.9170
1992-02-21,22.7607
1992-02-22,22.7105
1992-02-23,22.7463
1992-02-24,22.6820
1992-02-25,22.6437
1992-02-26,22.4666
1992-02-27,22.4109
1992-02-28,22.4574
1992-02-29,22.5715
1992-03-01,22.6728
1992-03-02,22.7293
1992-03-03,22.7386
1992-03-04,22.8143
1992-03-05,22.8597
1992-03-06,23.0573
1992-03-07,23.2660
1992-03-08,23.3718
1992-03-09,23.5137
1992-03-10,23.4621
1992-03-11,23.3225
1992-03-12,23.0597
1992-03-13,22.7943
1992-03-14,22.6966
1992-03-15,22.6262
1992-03-16,22.5963
1992-03-17,22.6546
1992-03-18,22.7621
1992-03-19,22.8706
1992-03-20,22.9401
1992-03-21,23.1647
1992-03-22,23.1314
1992-03-23,22.9936
1992-03-24,22.6909
1992-03-25,22.6661
1992-03-26,22.7282
1992-03-27,22.8718
1992-03-28,22.9824
1992-03-29,23.1043
1992-03-30,23.1626
1992-03-31,23.2904
1992-04-01,23.2918
1992-04-02,23.1359
1992-04-03,23.0602
1992-04-04,23.0924
1992-04-05,23.2022
1992-04-06,23.2655
1992-04-07,23.2597
1992-04-08,23.1189
1992-04-09,23.2241
1992-04-10,23.4060
1992-04-11,23.7222
1992-04-12,23.7799
1992-04-13,23.7731
1992-04-14,23.7316
1992-04-15,23.8608
1992-04-16,23.9655
1992-04-17,24.1189
1992-04-18,24.1950
1992-04-19,24.3393
1992-04-20,24.4815
1992-04-21,24.5385
1992-04-22,24.5431
1992-04-23,24.6522
1992-04-24,24.8503
1992-04-25,24.8937
1992-04-26,24.7740
1992-04-27,24.4724
1992-04-28,24.2105
1992-04-29,24.1659
1992-04-30,24.1639
1992-05-01,24.1621
1992-05-02,24.2447
1992-05-03,24.4355
1992-05-04,24.6853
1992-05-05,24.7978
1992-05-06,24.5594
1992-05-07,24.3892
1992-05-08,24.3828
1992-05-09,24.4105
1992-05-10,24.5156
1992-05-11,24.7549
1992-05-12,24.9365
1992-05-13,25.0803
1992-05-14,25.2068
1992-05-15,25.1999
1992-05-16,25.1275
1992-05-17,25.2122
1992-05-18,25.4072
1992-05-19,25.4756
1992-05-20,25.4649
1992-05-21,25.4145
1992-05-22,25.5404
1992-05-23,25.7584
1992-05-24,25.9354
1992-05-25,26.0012
1992-05-26,26.1014
1992-05-27,26.2591
1992-05-28,26.4456
1992-05-29,26.6296
1992-05-30,26.7627
1992-05-31,26.8419
1992-06-01,26.8816
1992-06-02,26.9418
1992-06-03,26.9095
1992-06-04,26.9691
1992-06-05,27.1178
1992-06-06,27.1064
1992-06-07,27.0937
1992-06-08,27.4530
1992-06-09,27.6347
1992-06-10,27.8348
1992-06-11,28.0086
1992-06-12,28.1356
1992-06-13,28.2845
1992-06-14,28.2060
1992-06-15,28.1505
1992-06-16,28.0634
1992-06-17,28.0667
1992-06-18,28.1685
1992-06-19,28.3171
1992-06-20,28.5814
1992-06-21,28.9040
1992-06-22,29.0020
1992-06-23,28.9957
1992-06-24,28.9714
1992-06-25,28.9264
1992-06-26,28.9672
1992-06-27,28.9595
1992-06-28,29.0536
1992-06-29,29.1966
1992-06-30,29.0357
1992-07-01,28.8399
1992-07-02,28.4058
1992-07-03,28.0065
1992-07-04,28.1165
1992-07-05,28.4000
1992-07-06,28.6461
1992-07-07,28.8047
1992-07-08,28.9020
1992-07-09,28.8825
1992-07-10,28.9309
1992-07-11,29.0502
1992-07-12,28.9937
1992-07-13,28.9068
1992-07-14,28.7541
1992-07-15,28.6843
1992-07-16,28.7081
1992-07-17,28.8520
1992-07-18,29.0855
1992-07-19,29.1106
1992-07-20,29.0642
1992-07-21,29.0489
1992-07-22,29.0379
1992-07-23,29.0513
1992-07-24,29.0555
1992-07-25,29.0347
1992-07-26,29.0436
1992-07-27,29.0608
1992-07-28,29.1224
1992-07-29,29.1338
1992-07-30,29.1378
1992-07-31,29.2117
1992-08-01,29.3728
1992-08-02,29.4328
1992-08-03,29.3753
1992-08-04,29.3060
1992-08-05,29.2216
1992-08-06,29.2526
1992-08-07,29.3058
1992-08-08,29.2711
1992-08-09,29.2931
1992-08-10,29.3755
1992-08-11,29.2412
1992-08-12,29.1312
1992-08-13,29.0581
1992-08-14,29.0534
1992-08-15,29.0535
1992-08-16,29.0303
1992-08-17,29.0067
1992-08-18,29.0491
1992-08-19,29.1453
1992-08-20,29.0704
1992-08-21,28.9974
1992-08-22,28.9674
1992-08-23,29.0312
1992-08-24,28.9778
1992-08-25,28.8803
1992-08-26,28.6780
1992-08-27,28.7494
1992-08-28,28.7520
1992-08-29,28.8992
1992-08-30,28.9965
1992-08-31,29.0139
1992-09-01,29.0924
1992-09-02,29.1437
1992-09-03,29.2372
1992-09-04,29.2224
1992-09-05,29.1294
1992-09-06,28.9442
1992-09-07,28.9066
1992-09-08,28.9192
1992-09-09,29.0283
1992-09-10,29.1214
1992-09-11,29.2105
1992-09-12,29.2357
1992-09-13,29.1311
1992-09-14,28.9765
1992-09-15,28.8324
1992-09-16,28.7438
1992-09-17,28.8135
1992-09-18,28.9111
1992-09-19,29.0264
1992-09-20,29.0544
1992-09-21,29.0854
1992-09-22,29.0269
1992-09-23,28.9413
1992-09-24,28.7916
1992-09-25,28.7094
1992-09-26,28.6763
1992-09-27,28.7242
1992-09-28,28.7569
1992-09-29,28.6911
1992-09-30,28.4351
1992-10-01,28.1112
1992-10-02,27.6856
1992-10-03,27.5765
1992-10-04,27.6593
1992-10-05,27.7213
1992-10-06,27.7040
1992-10-07,27.5909
1992-10-08,27.4472
1992-10-09,27.3609
1992-10-10,27.3079
1992-10-11,27.3254
1992-10-12,27.3287
1992-10-13,27.3158
1992-10-14,27.2929
1992-10-15,27.3481
1992-10-16,27.4169
1992-10-17,27.3358
1992-10-18,27.1413
1992-10-19,27.0447
1992-10-20,26.9889
1992-10-21,26.8453
1992-10-22,26.8060
1992-10-23,26.8510
1992-10-24,26.9107
1992-10-25,26.8841
1992-10-26,26.7632
1992-10-27,26.7884
1992-10-28,26.8056
1992-10-29,26.8311
1992-10-30,26.8152
1992-10-31,26.8173
1992-11-01,26.7971
1992-11-02,26.6293
1992-11-03,26.5562
1992-11-04,26.4624
1992-11-05,26.3144
1992-11-06,26.1782
1992-11-07,26.0438
1992-11-08,25.9292
1992-11-09,25.7250
1992-11-10,25.6172
1992-11-11,25.6257
1992-11-12,25.6318
1992-11-13,25.5436
1992-11-14,25.4035
1992-11-15,25.2843
1992-11-16,25.1931
1992-11-17,25.0678
1992-11-18,24.9819
1992-11-19,24.9225
1992-11-20,24.7904
1992-11-21,24.7675
1992-11-22,24.6516
1992-11-23,24.6815
1992-11-24,24.7236
1992-11-25,24.8400
1992-11-26,24.7851
1992-11-27,24.5920
1992-11-28,24.4887
1992-11-29,24.3818
1992-11-30,24.2968
1992-12-01,24.1638
1992-12-02,24.1962
1992-12-03,24.1852
1992-12-04,24.1692
1992-12-05,24.1234
1992-12-06,24.1034
1992-12-07,24.0420
1992-12-08,24.0135
1992-12-09,24.0568
1992-12-10,24.0504
1992-12-11,24.0393
1992-12-12,23.9249
1992-12-13,23.8365
1992-12-14,23.7190
1992-12-15,23.6364
1992-12-16,23.5703
1992-12-17,23.5945
1992-12-18,23.6448
1992-12-19,23.7004
1992-12-20,23.8063
1992-12-21,23.8282
1992-12-22,23.8414
1992-12-23,23.8041
1992-12-24,23.7385
1992-12-25,23.7512
1992-12-26,23.8746
1992-12-27,23.9589
1992-12-28,24.0789
1992-12-29,24.0849
1992-12-30,23.9899
1992-12-31,23.9238
1993-01-01,23.8167
1993-01-02,23.7490
1993-01-03,23.8497
1993-01-04,23.9544
1993-01-05,23.9484
1993-01-06,23.8610
1993-01-07,23.9051
1993-01-08,23.9090
1993-01-09,23.9244
1993-01-10,23.9987
1993-01-11,23.9728
1993-01-12,23.9169
1993-01-13,23.9023
1993-01-14,23.8870
1993-01-15,23.8979
1993-01-16,23.9408
1993-01-17,23.7515
1993-01-18,23.6291
1993-01-19,23.6597
1993-01-20,23.6561
1993-01-21,23.6662
1993-01-22,23.7207
1993-01-23,23.7323
1993-01-24,23.5746
1993-01-25,23.4826
1993-01-26,23.3159
1993-01-27,23.3720
1993-01-28,23.3796
1993-01-29,23.3800
1993-01-30,23.3710
1993-01-31,23.2235
1993-02-01,23.0771
1993-02-02,23.0547
1993-02-03,23.0109
1993-02-04,22.9867
1993-02-05,23.0199
1993-02-06,23.0439
1993-02-07,22.9205
1993-02-08,22.7571
1993-02-09,22.6953
1993-02-10,22.6270
1993-02-11,22.7007
1993-02-12,22.6678
1993-02-13,22.6174
1993-02-14,22.5248
1993-02-15,22.4056
1993-02-16,22.3142
1993-02-17,22.2245
1993-02-18,22.2559
1993-02-19,22.3442
1993-02-20,22.4633
1993-02-21,22.6006
1993-02-22,22.6905
1993-02-23,22.7245
1993-02-24,22.7154
1993-02-25,22.7931
1993-02-26,22.7594
1993-02-27,22.7668
1993-02-28,22.5584
1993-03-01,22.6097
1993-03-02,22.7321
1993-03-03,22.7702
1993-03-04,22.7237
1993-03-05,22.7019
1993-03-06,22.5641
1993-03-07,22.5082
1993-03-08,22.7251
1993-03-09,22.7513
1993-03-10,22.7746
1993-03-11,22.7719
1993-03-12,22.7101
1993-03-13,22.5563
1993-03-14,22.3244
1993-03-15,21.9955
1993-03-16,21.9095
1993-03-17,21.8603
1993-03-18,21.9045
1993-03-19,22.0118
1993-03-20,22.0913
1993-03-21,22.2216
1993-03-22,22.3883
1993-03-23,22.4453
1993-03-24,22.8314
1993-03-25,22.9005
1993-03-26,22.9661
1993-03-27,22.9912
1993-03-28,23.1930
1993-03-29,23.4743
1993-03-30,23.5719
1993-03-31,23.4885
1993-04-01,23.4424
1993-04-02,23.4381
1993-04-03,23.4279
1993-04-04,23.3543
1993-04-05,23.2269
1993-04-06,23.0678
1993-04-07,23.0777
1993-04-08,23.1161
1993-04-09,23.0889
1993-04-10,23.0778
1993-04-11,23.1453
1993-04-12,23.2206
1993-04-13,23.2455
1993-04-14,23.2742
1993-04-15,23.3724
1993-04-16,23.3554
1993-04-17,23.2671
1993-04-18,23.2767
1993-04-19,23.3490
1993-04-20,23.4773
1993-04-21,23.7199
1993-04-22,23.6525
1993-04-23,23.5363
1993-04-24,23.6806
1993-04-25,24.0106
1993-04-26,24.2713
1993-04-27,24.3140
1993-04-28,24.2643
1993-04-29,24.2479
1993-04-30,24.3857
1993-05-01,24.4767
1993-05-02,24.4290
1993-05-03,24.4840
1993-05-04,24.7049
1993-05-05,24.8219
1993-05-06,24.8175
1993-05-07,24.9187
1993-05-08,25.0805
1993-05-09,25.1623
1993-05-10,25.4340
1993-05-11,25.6366
1993-05-12,25.8112
1993-05-13,25.7690
1993-05-14,25.7588
1993-05-15,25.7733
1993-05-16,25.7694
1993-05-17,25.7307
1993-05-18,25.7091
1993-05-19,25.7387
1993-05-20,25.8087
1993-05-21,25.7513
1993-05-22,25.6206
1993-05-23,25.5595
1993-05-24,25.6045
1993-05-25,25.6263
1993-05-26,25.6113
1993-05-27,25.6225
1993-05-28,25.7464
1993-05-29,25.9217
1993-05-30,26.0586
1993-05-31,26.2371
1993-06-01,26.4602
1993-06-02,26.6203
1993-06-03,26.7523
1993-06-04,26.9848
1993-06-05,27.3188
1993-06-06,27.6469
1993-06-07,27.8026
1993-06-08,27.8442
1993-06-09,27.8885
1993-06-10,28.0033
1993-06-11,28.1013
1993-06-12,28.0352
1993-06-13,27.9994
1993-06-14,27.9915
1993-06-15,27.9455
1993-06-16,27.9371
1993-06-17,27.8563
1993-06-18,27.6627
1993-06-19,27.6027
1993-06-20,27.6314
1993-06-21,27.6784
1993-06-22,27.9987
1993-06-23,28.0321
1993-06-24,28.0603
1993-06-25,28.1193
1993-06-26,28.1698
1993-06-27,28.1192
1993-06-28,28.1094
1993-06-29,27.9525
1993-06-30,28.0128
1993-07-01,28.1063
1993-07-02,28.2111
1993-07-03,28.3140
1993-07-04,28.4432
1993-07-05,28.4545
1993-07-06,28.4087
1993-07-07,28.4104
1993-07-08,28.4575
1993-07-09,28.5385
1993-07-10,28.6603
1993-07-11,28.7703
1993-07-12,28.8171
1993-07-13,28.8790
1993-07-14,28.8162
1993-07-15,28.7787
1993-07-16,28.7718
1993-07-17,28.8783
1993-07-18,29.0520
1993-07-19,29.1583
1993-07-20,29.2149
1993-07-21,29.2194
1993-07-22,29.1706
1993-07-23,29.2584
1993-07-24,29.2578
1993-07-25,29.4163
1993-07-26,29.4658
1993-07-27,29.4778
1993-07-28,29.6322
1993-07-29,29.8507
1993-07-30,29.9692
1993-07-31,29.9339
1993-08-01,29.9671
1993-08-02,29.7805
1993-08-03,29.6676
1993-08-04,29.5264
1993-08-05,29.4829
1993-08-06,29.4634
1993-08-07,29.4917
1993-08-08,29.5395
1993-08-09,29.6979
1993-08-10,29.8032
1993-08-11,29.8767
1993-08-12,29.9602
1993-08-13,29.9508
1993-08-14,29.8140
1993-08-15,29.6043
1993-08-16,29.4314
1993-08-17,29.4205
1993-08-18,29.5234
1993-08-19,29.6091
1993-08-20,29.6815
1993-08-21,29.7091
1993-08-22,29.6425
1993-08-23,29.5534
1993-08-24,29.5134
1993-08-25,29.3940
1993-08-26,29.3643
1993-08-27,29.4406
1993-08-28,29.4821
1993-08-29,29.4839
1993-08-30,29.4454
1993-08-31,29.3289
1993-09-01,29.2306
1993-09-02,29.2117
1993-09-03,29.2191
1993-09-04,29.1134
1993-09-05,29.0327
1993-09-06,29.0881
1993-09-07,29.1443
1993-09-08,29.1710
1993-09-09,29.2905
1993-09-10,29.3703
1993-09-11,29.3706
1993-09-12,29.2115
1993-09-13,29.0935
1993-09-14,29.0326
1993-09-15,29.0565
1993-09-16,29.0058
1993-09-17,28.9261
1993-09-18,28.8546
1993-09-19,28.8389
1993-09-20,28.9124
1993-09-21,28.9084
1993-09-22,28.9273
1993-09-23,28.9653
1993-09-24,29.1148
1993-09-25,29.2122
1993-09-26,29.1024
1993-09-27,28.9264
1993-09-28,28.7577
1993-09-29,28.6186
1993-09-30,28.4309
1993-10-01,28.3109
1993-10-02,28.2528
1993-10-03,28.2105
1993-10-04,28.0394
1993-10-05,27.9012
1993-10-06,27.8807
1993-10-07,27.8941
1993-10-08,27.9922
1993-10-09,28.0708
1993-10-10,27.9959
1993-10-11,28.0126
1993-10-12,28.0809
1993-10-13,27.9423
1993-10-14,27.7653
1993-10-15,27.6382
1993-10-16,27.6620
1993-10-17,27.7795
1993-10-18,27.7588
1993-10-19,27.7652
1993-10-20,27.8052
1993-10-21,27.7885
1993-10-22,27.7184
1993-10-23,27.6010
1993-10-24,27.5102
1993-10-25,27.4686
1993-10-26,27.4125
1993-10-27,27.1881
1993-10-28,27.1438
1993-10-29,27.1568
1993-10-30,26.9015
1993-10-31,26.3281
1993-11-01,26.0665
1993-11-02,26.0452
1993-11-03,25.9511
1993-11-04,25.8939
1993-11-05,25.9114
1993-11-06,25.7984
1993-11-07,25.4952
1993-11-08,25.4748
1993-11-09,25.5172
1993-11-10,25.4011
1993-11-11,25.3792
1993-11-12,25.3951
1993-11-13,25.6162
1993-11-14,25.6951
1993-11-15,25.6213
1993-11-16,25.6018
1993-11-17,25.5477
1993-11-18,25.5344
1993-11-19,25.5807
1993-11-20,25.5736
1993-11-21,25.4605
1993-11-22,25.3203
1993-11-23,25.2780
1993-11-24,25.1107
1993-11-25,25.0254
1993-11-26,24.9703
1993-11-27,24.9713
1993-11-28,24.9477
1993-11-29,24.9381
1993-11-30,24.8425
1993-12-01,24.7517
1993-12-02,24.7187
1993-12-03,24.6469
1993-12-04,24.5404
1993-12-05,24.4951
1993-12-06,24.4867
1993-12-07,24.4776
1993-12-08,24.4506
1993-12-09,24.3476
1993-12-10,24.2951
1993-12-11,24.2113
1993-12-12,24.2052
1993-12-13,24.1164
1993-12-14,24.0188
1993-12-15,23.9578
1993-12-16,23.8713
1993-12-17,23.8550
1993-12-18,23.7903
1993-12-19,23.7741
1993-12-20,23.8251
1993-12-21,23.7298
1993-12-22,23.5702
1993-12-23,23.5688
1993-12-24,23.5508
1993-12-25,23.3150
1993-12-26,23.2091
1993-12-27,23.1206
1993-12-28,23.1258
1993-12-29,23.0893
1993-12-30,23.0482
1993-12-31,23.1000
1994-01-01,23.2004
1994-01-02,23.2096
1994-01-03,23.1431
1994-01-04,23.0415
1994-01-05,23.0504
1994-01-06,23.0296
1994-01-07,22.9239
1994-01-08,22.8580
1994-01-09,22.6102
1994-01-10,22.5290
1994-01-11,22.7246
1994-01-12,22.7660
1994-01-13,22.7109
1994-01-14,22.6936
1994-01-15,22.7569
1994-01-16,22.7842
1994-01-17,22.7030
1994-01-18,22.5088
1994-01-19,22.3632
1994-01-20,22.2957
1994-01-21,22.3344
1994-01-22,22.3479
1994-01-23,22.4233
1994-01-24,22.5400
1994-01-25,22.5702
1994-01-26,22.5832
1994-01-27,22.5874
1994-01-28,22.5879
1994-01-29,22.5359
1994-01-30,22.4137
1994-01-31,22.2704
1994-02-01,22.1435
1994-02-02,21.9414
1994-02-03,21.8146
1994-02-04,22.0539
1994-02-05,22.3656
1994-02-06,22.4496
1994-02-07,22.4901
1994-02-08,22.6170
1994-02-09,22.6788
1994-02-10,22.6622
1994-02-11,22.7292
1994-02-12,22.8531
1994-02-13,22.7721
1994-02-14,22.6166
1994-02-15,22.5714
1994-02-16,22.5647
1994-02-17,22.5770
1994-02-18,22.7561
1994-02-19,23.0079
1994-02-20,23.1071
1994-02-21,23.2580
1994-02-22,23.2523
1994-02-23,23.2703
1994-02-24,23.1443
1994-02-25,23.0654
1994-02-26,22.9802
1994-02-27,22.9487
1994-02-28,23.0388
1994-03-01,23.1008
1994-03-02,22.9682
1994-03-03,22.9377
1994-03-04,22.9438
1994-03-05,22.8439
1994-03-06,22.8083
1994-03-07,22.8247
1994-03-08,22.7570
1994-03-09,22.6529
1994-03-10,22.3586
1994-03-11,21.9492
1994-03-12,21.8598
1994-03-13,21.9191
1994-03-14,22.0595
1994-03-15,22.0942
1994-03-16,22.0332
1994-03-17,22.1692
1994-03-18,22.4557
1994-03-19,22.6345
1994-03-20,22.8853
1994-03-21,23.2216
1994-03-22,23.5574
1994-03-23,23.8141
1994-03-24,23.9467
1994-03-25,23.9448
1994-03-26,23.9953
1994-03-27,23.8853
1994-03-28,23.6793
1994-03-29,23.4376
1994-03-30,23.1917
1994-03-31,23.0615
1994-04-01,23.0127
1994-04-02,23.1836
1994-04-03,23.2697
1994-04-04,23.3144
1994-04-05,23.4740
1994-04-06,23.6045
1994-04-07,23.5627
1994-04-08,23.5694
1994-04-09,23.7966
1994-04-10,23.9162
1994-04-11,23.9811
1994-04-12,23.9813
1994-04-13,24.1545
1994-04-14,24.3550
1994-04-15,24.4970
1994-04-16,24.6128
1994-04-17,24.6334
1994-04-18,24.5712
1994-04-19,24.5416
1994-04-20,24.5815
1994-04-21,24.7353
1994-04-22,24.7856
1994-04-23,25.0053
1994-04-24,25.2632
1994-04-25,25.4423
1994-04-26,25.4972
1994-04-27,25.6540
1994-04-28,25.7239
1994-04-29,25.7996
1994-04-30,25.9655
1994-05-01,26.2001
1994-05-02,26.2842
1994-05-03,26.1889
1994-05-04,26.0110
1994-05-05,26.1212
1994-05-06,26.3027
1994-05-07,26.4527
1994-05-08,26.5718
1994-05-09,26.8177
1994-05-10,26.9402
1994-05-11,27.1110
1994-05-12,27.1294
1994-05-13,27.1593
1994-05-14,27.1497
1994-05-15,27.1765
1994-05-16,27.2525
1994-05-17,27.4679
1994-05-18,27.4191
1994-05-19,27.2609
1994-05-20,26.9413
1994-05-21,26.6104
1994-05-22,26.5627
1994-05-23,26.6895
1994-05-24,26.7750
1994-05-25,26.8409
1994-05-26,27.0171
1994-05-27,27.0713
1994-05-28,27.0504
1994-05-29,27.0985
1994-05-30,27.1784
1994-05-31,27.1985
1994-06-01,27.2392
1994-06-02,27.2524
1994-06-03,27.2536
1994-06-04,27.4501
1994-06-05,27.5783
1994-06-06,27.6379
1994-06-07,27.5802
1994-06-08,27.6663
1994-06-09,27.7817
1994-06-10,27.9360
1994-06-11,28.0488
1994-06-12,28.2331
1994-06-13,28.3807
1994-06-14,28.5121
1994-06-15,28.5264
1994-06-16,28.5969
1994-06-17,28.6946
1994-06-18,28.7714
1994-06-19,28.8221
1994-06-20,28.7493
1994-06-21,28.5243
1994-06-22,28.1876
1994-06-23,28.0159
1994-06-24,27.6849
1994-06-25,27.6477
1994-06-26,27.8496
1994-06-27,28.2263
1994-06-28,28.7763
1994-06-29,29.0546
1994-06-30,29.1314
1994-07-01,29.0353
1994-07-02,28.9250
1994-07-03,28.8652
1994-07-04,28.8003
1994-07-05,28.5669
1994-07-06,28.4348
1994-07-07,28.5760
1994-07-08,28.8038
1994-07-09,28.9625
1994-07-10,28.9777
1994-07-11,28.9406
1994-07-12,28.7849
1994-07-13,28.5759
1994-07-14,28.4928
1994-07-15,28.5264
1994-07-16,28.7166
1994-07-17,29.0225
1994-07-18,29.1498
1994-07-19,29.2161
1994-07-20,29.2251
1994-07-21,29.1795
1994-07-22,29.1870
1994-07-23,29.1908
1994-07-24,29.1964
1994-07-25,29.1739
1994-07-26,29.2412
1994-07-27,29.2671
1994-07-28,29.2391
1994-07-29,29.1545
1994-07-30,29.0314
1994-07-31,28.9192
1994-08-01,28.6790
1994-08-02,28.4779
1994-08-03,28.4565
1994-08-04,28.4951
1994-08-05,28.5720
1994-08-06,28.6965
1994-08-07,28.8482
1994-08-08,28.9363
1994-08-09,28.8758
1994-08-10,28.7731
1994-08-11,28.6676
1994-08-12,28.6202
1994-08-13,28.6150
1994-08-14,28.7165
1994-08-15,28.7061
1994-08-16,28.7285
1994-08-17,28.7929
1994-08-18,28.8031
1994-08-19,28.8475
1994-08-20,28.8591
1994-08-21,28.9301
1994-08-22,29.0546
1994-08-23,29.1413
1994-08-24,28.9580
1994-08-25,28.8932
1994-08-26,28.8079
1994-08-27,28.7782
1994-08-28,28.7561
1994-08-29,28.7096
1994-08-30,28.7537
1994-08-31,28.8775
1994-09-01,28.8983
1994-09-02,28.9189
1994-09-03,28.9642
1994-09-04,28.8860
1994-09-05,28.9147
1994-09-06,29.0299
1994-09-07,29.1661
1994-09-08,29.3084
1994-09-09,29.3175
1994-09-10,29.2658
1994-09-11,29.0342
1994-09-12,28.9148
1994-09-13,28.8834
1994-09-14,28.8288
1994-09-15,28.7747
1994-09-16,28.7954
1994-09-17,28.8199
1994-09-18,28.8405
1994-09-19,28.8822
1994-09-20,28.8312
1994-09-21,28.7882
1994-09-22,28.6863
1994-09-23,28.6438
1994-09-24,28.5508
1994-09-25,28.4104
1994-09-26,28.3848
1994-09-27,28.3898
1994-09-28,28.3473
1994-09-29,28.0717
1994-09-30,27.8643
1994-10-01,27.6517
1994-10-02,27.6452
1994-10-03,27.7742
1994-10-04,27.8132
1994-10-05,27.8407
1994-10-06,27.8185
1994-10-07,27.8884
1994-10-08,27.8688
1994-10-09,27.8430
1994-10-10,27.7313
1994-10-11,27.6684
1994-10-12,27.4562
1994-10-13,27.3647
1994-10-14,27.0890
1994-10-15,27.1141
1994-10-16,27.1550
1994-10-17,27.1579
1994-10-18,27.1758
1994-10-19,27.1642
1994-10-20,27.1668
1994-10-21,27.2531
1994-10-22,27.2768
1994-10-23,27.2390
1994-10-24,27.2671
1994-10-25,27.3114
1994-10-26,27.2610
1994-10-27,27.2106
1994-10-28,27.1305
1994-10-29,27.0303
1994-10-30,26.9372
1994-10-31,26.8514
1994-11-01,26.8608
1994-11-02,26.8269
1994-11-03,26.7940
1994-11-04,26.7711
1994-11-05,26.7821
1994-11-06,26.7416
1994-11-07,26.7635
1994-11-08,26.7622
1994-11-09,26.8231
1994-11-10,26.8306
1994-11-11,26.7409
1994-11-12,26.5743
1994-11-13,26.4166
1994-11-14,26.3090
1994-11-15,26.1683
1994-11-16,26.0927
1994-11-17,26.0979
1994-11-18,26.0988
1994-11-19,26.0234
1994-11-20,25.9011
1994-11-21,25.8956
1994-11-22,25.9309
1994-11-23,25.9058
1994-11-24,25.7697
1994-11-25,25.7626
1994-11-26,25.7403
1994-11-27,25.7113
1994-11-28,25.6564
1994-11-29,25.6049
1994-11-30,25.5554
1994-12-01,25.4732
1994-12-02,25.4510
1994-12-03,25.3714
1994-12-04,25.3044
1994-12-05,25.2190
1994-12-06,25.0936
1994-12-07,25.1522
1994-12-08,25.2154
1994-12-09,25.2788
1994-12-10,25.2374
1994-12-11,25.1459
1994-12-12,24.8464
1994-12-13,24.8014
1994-12-14,24.7380
1994-12-15,24.7690
1994-12-16,24.7349
1994-12-17,24.6904
1994-12-18,24.5633
1994-12-19,24.5325
1994-12-20,24.4948
1994-12-21,24.4221
1994-12-22,24.2776
1994-12-23,24.2494
1994-12-24,24.0363
1994-12-25,23.9745
1994-12-26,23.9769
1994-12-27,24.0442
1994-12-28,24.0337
1994-12-29,23.9797
1994-12-30,23.8094
1994-12-31,23.7103
1995-01-01,23.6654
1995-01-02,23.6031
1995-01-03,23.4470
1995-01-04,23.3252
1995-01-05,23.2113
1995-01-06,23.3432
1995-01-07,23.4075
1995-01-08,23.3534
1995-01-09,23.3302
1995-01-10,23.1907
1995-01-11,23.1824
1995-01-12,23.1759
1995-01-13,23.1012
1995-01-14,23.0353
1995-01-15,23.0038
1995-01-16,23.0447
1995-01-17,22.9597
1995-01-18,22.8232
1995-01-19,22.7503
1995-01-20,22.6570
1995-01-21,22.5144
1995-01-22,22.5373
1995-01-23,22.5730
1995-01-24,22.5737
1995-01-25,22.5244
1995-01-26,22.5860
1995-01-27,22.7811
1995-01-28,22.8109
1995-01-29,22.7275
1995-01-30,22.4537
1995-01-31,22.4674
1995-02-01,22.5220
1995-02-02,22.6995
1995-02-03,22.7858
1995-02-04,22.7628
1995-02-05,22.6254
1995-02-06,22.5976
1995-02-07,22.5513
1995-02-08,22.4982
1995-02-09,22.4292
1995-02-10,22.4656
1995-02-11,22.4301
1995-02-12,22.3607
1995-02-13,22.4585
1995-02-14,22.5143
1995-02-15,22.5959
1995-02-16,22.6719
1995-02-17,22.7174
1995-02-18,22.7551
1995-02-19,22.7922
1995-02-20,22.8505
1995-02-21,22.8986
1995-02-22,22.9288
1995-02-23,22.9038
1995-02-24,22.9207
1995-02-25,22.9933
1995-02-26,23.0174
1995-02-27,23.0864
1995-02-28,23.1053
1995-03-01,23.0091
1995-03-02,22.8618
1995-03-03,22.7434
1995-03-04,22.8193
1995-03-05,22.9889
1995-03-06,23.1100
1995-03-07,23.1922
1995-03-08,23.1502
1995-03-09,22.9085
1995-03-10,22.8190
1995-03-11,22.6733
1995-03-12,22.6389
1995-03-13,22.7028
1995-03-14,22.8282
1995-03-15,22.8435
1995-03-16,22.9230
1995-03-17,22.9734
1995-03-18,22.9672
1995-03-19,23.0629
1995-03-20,23.2403
1995-03-21,23.4186
1995-03-22,23.8043
1995-03-23,24.0349
1995-03-24,24.0031
1995-03-25,23.9410
1995-03-26,23.9216
1995-03-27,23.9754
1995-03-28,24.0404
1995-03-29,24.0266
1995-03-30,24.0838
1995-03-31,24.1126
1995-04-01,23.9941
1995-04-02,23.7830
1995-04-03,23.8225
1995-04-04,23.7952
1995-04-05,23.8340
1995-04-06,23.8426
1995-04-07,23.8854
1995-04-08,24.2155
1995-04-09,24.3341
1995-04-10,24.3449
1995-04-11,24.3740
1995-04-12,24.2808
1995-04-13,24.3124
1995-04-14,24.3714
1995-04-15,24.5048
1995-04-16,24.6160
1995-04-17,24.8108
1995-04-18,24.9224
1995-04-19,25.0634
1995-04-20,25.0830
1995-04-21,25.1375
1995-04-22,25.1867
1995-04-23,25.2502
1995-04-24,25.2426
1995-04-25,25.1063
1995-04-26,24.9860
1995-04-27,24.9751
1995-04-28,25.0576
1995-04-29,25.0938
1995-04-30,25.1260
1995-05-01,25.2786
1995-05-02,25.4504
1995-05-03,25.5456
1995-05-04,25.6734
1995-05-05,25.8756
1995-05-06,26.0574
1995-05-07,26.2005
1995-05-08,26.2859
1995-05-09,26.3974
1995-05-10,26.5182
1995-05-11,26.6593
1995-05-12,26.7504
1995-05-13,26.8649
1995-05-14,27.1523
1995-05-15,27.2744
1995-05-16,27.2898
1995-05-17,27.1895
1995-05-18,27.1137
1995-05-19,26.9731
1995-05-20,26.9825
1995-05-21,27.1166
1995-05-22,27.1478
1995-05-23,27.0983
1995-05-24,27.0880
1995-05-25,27.2865
1995-05-26,27.4165
1995-05-27,27.5860
1995-05-28,27.6817
1995-05-29,27.7683
1995-05-30,27.8185
1995-05-31,27.8505
1995-06-01,27.8847
1995-06-02,27.8867
1995-06-03,27.9172
1995-06-04,28.0786
1995-06-05,27.9497
1995-06-06,27.8020
1995-06-07,27.8707
1995-06-08,27.9677
1995-06-09,28.0297
1995-06-10,28.2085
1995-06-11,28.3298
1995-06-12,28.3893
1995-06-13,28.2542
1995-06-14,28.1350
1995-06-15,27.9841
1995-06-16,27.8966
1995-06-17,27.7142
1995-06-18,27.6563
1995-06-19,27.8469
1995-06-20,28.0653
1995-06-21,28.1288
1995-06-22,28.2154
1995-06-23,28.1778
1995-06-24,28.2245
1995-06-25,28.0690
1995-06-26,27.9541
1995-06-27,28.0105
1995-06-28,28.0747
1995-06-29,28.1516
1995-06-30,28.2762
1995-07-01,28.4173
1995-07-02,28.5054
1995-07-03,28.6519
1995-07-04,28.7170
1995-07-05,28.7932
1995-07-06,28.7492
1995-07-07,28.6355
1995-07-08,28.6882
1995-07-09,28.7234
1995-07-10,28.8735
1995-07-11,28.7864
1995-07-12,28.5165
1995-07-13,28.5710
1995-07-14,28.7106
1995-07-15,28.9157
1995-07-16,29.1369
1995-07-17,29.1807
1995-07-18,29.0976
1995-07-19,29.0121
1995-07-20,29.0244
1995-07-21,29.1637
1995-07-22,29.3202
1995-07-23,29.4441
1995-07-24,29.4597
1995-07-25,29.4336
1995-07-26,29.5130
1995-07-27,29.5023
1995-07-28,29.5591
1995-07-29,29.5853
1995-07-30,29.4140
1995-07-31,29.1617
1995-08-01,29.3258
1995-08-02,29.4348
1995-08-03,29.4432
1995-08-04,29.3153
1995-08-05,29.2389
1995-08-06,29.2599
1995-08-07,29.0772
1995-08-08,28.9024
1995-08-09,28.8769
1995-08-10,28.8437
1995-08-11,28.9042
1995-08-12,29.1518
1995-08-13,29.3757
1995-08-14,29.4243
1995-08-15,29.4503
1995-08-16,29.4815
1995-08-17,29.5841
1995-08-18,29.6143
1995-08-19,29.6509
1995-08-20,29.6347
1995-08-21,29.6779
1995-08-22,29.6932
1995-08-23,29.6450
1995-08-24,29.5354
1995-08-25,29.4425
1995-08-26,29.5204
1995-08-27,29.7890
1995-08-28,30.0484
1995-08-29,30.2314
1995-08-30,30.1980
1995-08-31,30.1728
1995-09-01,30.2027
1995-09-02,30.3096
1995-09-03,30.3256
1995-09-04,30.3064
1995-09-05,30.1084
1995-09-06,30.0064
1995-09-07,29.8419
1995-09-08,29.7469
1995-09-09,29.7377
1995-09-10,29.6667
1995-09-11,29.5997
1995-09-12,29.5894
1995-09-13,29.5194
1995-09-14,29.4810
1995-09-15,29.4445
1995-09-16,29.5763
1995-09-17,29.7492
1995-09-18,29.7555
1995-09-19,29.8021
1995-09-20,29.9478
1995-09-21,29.9607
1995-09-22,29.8268
1995-09-23,29.5787
1995-09-24,29.3388
1995-09-25,29.2378
1995-09-26,29.1403
1995-09-27,29.0918
1995-09-28,28.9276
1995-09-29,28.8040
1995-09-30,28.7607
1995-10-01,28.7037
1995-10-02,28.6676
1995-10-03,28.6121
1995-10-04,28.3919
1995-10-05,28.2266
1995-10-06,28.1041
1995-10-07,27.9441
1995-10-08,27.8437
1995-10-09,27.7132
1995-10-10,27.5471
1995-10-11,27.5246
1995-10-12,27.5261
1995-10-13,27.5404
1995-10-14,27.5651
1995-10-15,27.5004
1995-10-16,27.3710
1995-10-17,27.1702
1995-10-18,26.9048
1995-10-19,26.8635
1995-10-20,26.8081
1995-10-21,26.7325
1995-10-22,26.6790
1995-10-23,26.4783
1995-10-24,26.4001
1995-10-25,26.4711
1995-10-26,26.6203
1995-10-27,26.7570
1995-10-28,26.9212
1995-10-29,26.9691
1995-10-30,26.8500
1995-10-31,26.7496
1995-11-01,26.8582
1995-11-02,26.9229
1995-11-03,26.8429
1995-11-04,26.5255
1995-11-05,26.2193
1995-11-06,26.2072
1995-11-07,26.2860
1995-11-08,26.3108
1995-11-09,26.4365
1995-11-10,26.4734
1995-11-11,26.4281
1995-11-12,25.9348
1995-11-13,25.7294
1995-11-14,25.7547
1995-11-15,25.8042
1995-11-16,25.7832
1995-11-17,25.7407
1995-11-18,25.6552
1995-11-19,25.2037
1995-11-20,25.0706
1995-11-21,25.1293
1995-11-22,25.1441
1995-11-23,25.0649
1995-11-24,25.0297
1995-11-25,24.9783
1995-11-26,24.8581
1995-11-27,24.7789
1995-11-28,24.6497
1995-11-29,24.5549
1995-11-30,24.5730
1995-12-01,24.7128
1995-12-02,24.7517
1995-12-03,24.8168
1995-12-04,24.8718
1995-12-05,24.9184
1995-12-06,24.8954
1995-12-07,24.8168
1995-12-08,24.7926
1995-12-09,24.7993
1995-12-10,24.5633
1995-12-11,24.3409
1995-12-12,24.1768
1995-12-13,24.1477
1995-12-14,24.2237
1995-12-15,24.1643
1995-12-16,24.2040
1995-12-17,24.3395
1995-12-18,24.3067
1995-12-19,24.1134
1995-12-20,23.9780
1995-12-21,23.9359
1995-12-22,23.8559
1995-12-23,23.7639
1995-12-24,23.7385
1995-12-25,23.7341
1995-12-26,23.7097
1995-12-27,23.6007
1995-12-28,23.2865
1995-12-29,23.2036
1995-12-30,23.1717
1995-12-31,23.1385
1996-01-01,23.2601
1996-01-02,23.2835
1996-01-03,23.1279
1996-01-04,22.8045
1996-01-05,22.6631
1996-01-06,22.5948
1996-01-07,22.5371
1996-01-08,22.3773
1996-01-09,22.3278
1996-01-10,22.3264
1996-01-11,22.2940
1996-01-12,22.2910
1996-01-13,22.2547
1996-01-14,22.1626
1996-01-15,22.1666
1996-01-16,22.1730
1996-01-17,22.1163
1996-01-18,22.0874
1996-01-19,22.0294
1996-01-20,21.9069
1996-01-21,21.9225
1996-01-22,22.0514
1996-01-23,22.1467
1996-01-24,22.2310
1996-01-25,22.2412
1996-01-26,22.3975
1996-01-27,22.4449
1996-01-28,22.3472
1996-01-29,22.3680
1996-01-30,22.4586
1996-01-31,22.5477
1996-02-01,22.5665
1996-02-02,22.5547
1996-02-03,22.4118
1996-02-04,22.0206
1996-02-05,21.9339
1996-02-06,21.9783
1996-02-07,22.0278
1996-02-08,22.0754
1996-02-09,22.1496
1996-02-10,22.2660
1996-02-11,22.2062
1996-02-12,22.2170
1996-02-13,22.2395
1996-02-14,22.2665
1996-02-15,22.2489
1996-02-16,22.2377
1996-02-17,22.0990
1996-02-18,21.9732
1996-02-19,22.1647
1996-02-20,22.3837
1996-02-21,22.4763
1996-02-22,22.7026
1996-02-23,22.8217
1996-02-24,22.9158
1996-02-25,22.9640
1996-02-26,23.0611
1996-02-27,23.1568
1996-02-28,23.2312
1996-02-29,23.1287
1996-03-01,22.7528
1996-03-02,22.5702
1996-03-03,22.4702
1996-03-04,22.4437
1996-03-05,22.5365
1996-03-06,22.7930
1996-03-07,22.9162
1996-03-08,22.8381
1996-03-09,22.3077
1996-03-10,22.1650
1996-03-11,22.0695
1996-03-12,21.9968
1996-03-13,21.9483
1996-03-14,21.9606
1996-03-15,22.0338
1996-03-16,22.1513
1996-03-17,22.1960
1996-03-18,22.1580
1996-03-19,21.9767
1996-03-20,21.8404
1996-03-21,21.9196
1996-03-22,22.0049
1996-03-23,22.0131
1996-03-24,22.0612
1996-03-25,22.0593
1996-03-26,22.0678
1996-03-27,22.1707
1996-03-28,22.3450
1996-03-29,22.6258
1996-03-30,22.9802
1996-03-31,22.9958
1996-04-01,22.7987
1996-04-02,22.6141
1996-04-03,22.6305
1996-04-04,22.7063
1996-04-05,22.7368
1996-04-06,22.7136
1996-04-07,22.6077
1996-04-08,22.4928
1996-04-09,22.6717
1996-04-10,22.7681
1996-04-11,22.8051
1996-04-12,22.8498
1996-04-13,23.0945
1996-04-14,23.0795
1996-04-15,22.9535
1996-04-16,22.9290
1996-04-17,23.0452
1996-04-18,23.3205
1996-04-19,23.5002
1996-04-20,23.5758
1996-04-21,23.6590
1996-04-22,23.7612
1996-04-23,23.8136
1996-04-24,23.9526
1996-04-25,24.0074
1996-04-26,24.2908
1996-04-27,24.6371
1996-04-28,24.7504
1996-04-29,24.7654
1996-04-30,24.5553
1996-05-01,24.3166
1996-05-02,24.3386
1996-05-03,24.5098
1996-05-04,24.6906
1996-05-05,25.1198
1996-05-06,25.3138
1996-05-07,25.4021
1996-05-08,25.4151
1996-05-09,25.4682
1996-05-10,25.6054
1996-05-11,25.7737
1996-05-12,25.9948
1996-05-13,26.0424
1996-05-14,25.9986
1996-05-15,25.9216
1996-05-16,26.0699
1996-05-17,26.1739
1996-05-18,26.1981
1996-05-19,26.2674
1996-05-20,26.3276
1996-05-21,26.4937
1996-05-22,26.5545
1996-05-23,26.6101
1996-05-24,26.7178
1996-05-25,26.8904
1996-05-26,26.9719
1996-05-27,27.0035
1996-05-28,27.0932
1996-05-29,27.1597
1996-05-30,27.3712
1996-05-31,27.5828
1996-06-01,27.7328
1996-06-02,27.7465
1996-06-03,27.7095
1996-06-04,27.8425
1996-06-05,27.8324
1996-06-06,27.8307
1996-06-07,27.7793
1996-06-08,27.8051
1996-06-09,27.8282
1996-06-10,27.8405
1996-06-11,27.8296
1996-06-12,27.7929
1996-06-13,27.7928
1996-06-14,27.9078
1996-06-15,28.1760
1996-06-16,28.3663
1996-06-17,28.4714
1996-06-18,28.5237
1996-06-19,28.5150
1996-06-20,28.5267
1996-06-21,28.5779
1996-06-22,28.7716
1996-06-23,28.9194
1996-06-24,28.9257
1996-06-25,28.8524
1996-06-26,28.9348
1996-06-27,28.8623
1996-06-28,28.7620
1996-06-29,28.7163
1996-06-30,28.4753
1996-07-01,28.4332
1996-07-02,28.5096
1996-07-03,28.6118
1996-07-04,28.7183
1996-07-05,28.6499
1996-07-06,28.4588
1996-07-07,28.3898
1996-07-08,28.4563
1996-07-09,28.7934
1996-07-10,28.9497
1996-07-11,29.0478
1996-07-12,29.0318
1996-07-13,29.1196
1996-07-14,29.1411
1996-07-15,29.2553
1996-07-16,29.2794
1996-07-17,29.0952
1996-07-18,29.0134
1996-07-19,29.0869
1996-07-20,29.3275
1996-07-21,29.5183
1996-07-22,29.6006
1996-07-23,29.5724
1996-07-24,29.4996
1996-07-25,29.4573
1996-07-26,29.3942
1996-07-27,29.3295
1996-07-28,29.4218
1996-07-29,29.3761
1996-07-30,29.3538
1996-07-31,29.4392
1996-08-01,29.4383
1996-08-02,29.5105
1996-08-03,29.5546
1996-08-04,29.5786
1996-08-05,29.4830
1996-08-06,29.2366
1996-08-07,28.9565
1996-08-08,28.7931
1996-08-09,28.8020
1996-08-10,28.7965
1996-08-11,28.9863
1996-08-12,29.2563
1996-08-13,29.3451
1996-08-14,29.4384
1996-08-15,29.4061
1996-08-16,29.3397
1996-08-17,29.3304
1996-08-18,29.3245
1996-08-19,29.2680
1996-08-20,29.2145
1996-08-21,29.0368
1996-08-22,28.5933
1996-08-23,28.4916
1996-08-24,28.6802
1996-08-25,28.8070
1996-08-26,28.8714
1996-08-27,28.8579
1996-08-28,28.8902
1996-08-29,28.8974
1996-08-30,28.9090
1996-08-31,28.8787
1996-09-01,29.0129
1996-09-02,29.1593
1996-09-03,29.2301
1996-09-04,29.2885
1996-09-05,29.3452
1996-09-06,29.3252
1996-09-07,29.3225
1996-09-08,29.4911
1996-09-09,29.5478
1996-09-10,29.4697
1996-09-11,29.4777
1996-09-12,29.5691
1996-09-13,29.6715
1996-09-14,29.6631
1996-09-15,29.5915
1996-09-16,29.5550
1996-09-17,29.6310
1996-09-18,29.6850
1996-09-19,29.7916
1996-09-20,29.6820
1996-09-21,29.5047
1996-09-22,29.5345
1996-09-23,29.4777
1996-09-24,29.4234
1996-09-25,29.3879
1996-09-26,29.3640
1996-09-27,29.2697
1996-09-28,29.1513
1996-09-29,28.8730
1996-09-30,28.6845
1996-10-01,28.5759
1996-10-02,28.4545
1996-10-03,28.3871
1996-10-04,28.3454
1996-10-05,28.2371
1996-10-06,28.0862
1996-10-07,27.9593
1996-10-08,27.9590
1996-10-09,27.9482
1996-10-10,27.8779
1996-10-11,27.7057
1996-10-12,27.4487
1996-10-13,27.1965
1996-10-14,27.0617
1996-10-15,26.9169
1996-10-16,26.9810
1996-10-17,27.0461
1996-10-18,26.9996
1996-10-19,26.9631
1996-10-20,26.9519
1996-10-21,26.8852
1996-10-22,26.8001
1996-10-23,26.6736
1996-10-24,26.7360
1996-10-25,26.9124
1996-10-26,26.9504
1996-10-27,26.9035
1996-10-28,26.9084
1996-10-29,26.8991
1996-10-30,26.9118
1996-10-31,26.8881
1996-11-01,26.8427
1996-11-02,26.7572
1996-11-03,26.4700
1996-11-04,26.3615
1996-11-05,26.3524
1996-11-06,26.3988
1996-11-07,26.3807
1996-11-08,26.3146
1996-11-09,26.2263
1996-11-10,26.0524
1996-11-11,25.9442
1996-11-12,25.6919
1996-11-13,25.4931
1996-11-14,25.3853
1996-11-15,25.1603
1996-11-16,25.0023
1996-11-17,25.0267
1996-11-18,25.1858
1996-11-19,25.2826
1996-11-20,25.3171
1996-11-21,25.3760
1996-11-22,25.3250
1996-11-23,25.1985
1996-11-24,25.1871
1996-11-25,25.1029
1996-11-26,24.9838
1996-11-27,24.8989
1996-11-28,24.7941
1996-11-29,24.6757
1996-11-30,24.5175
1996-12-01,24.3720
1996-12-02,24.3240
1996-12-03,24.2625
1996-12-04,24.1358
1996-12-05,24.1248
1996-12-06,24.1511
1996-12-07,24.1977
1996-12-08,24.2762
1996-12-09,24.2706
1996-12-10,24.3048
1996-12-11,24.2743
1996-12-12,24.2314
1996-12-13,24.1386
1996-12-14,24.0629
1996-12-15,24.0744
1996-12-16,24.0654
1996-12-17,24.0475
1996-12-18,23.9772
1996-12-19,23.8732
1996-12-20,23.3416
1996-12-21,23.0638
1996-12-22,23.0786
1996-12-23,23.1779
1996-12-24,23.2397
1996-12-25,23.2555
1996-12-26,23.1817
1996-12-27,23.2222
1996-12-28,23.2390
1996-12-29,23.2819
1996-12-30,23.2936
1996-12-31,23.3166
1997-01-01,23.4126
1997-01-02,23.5728
1997-01-03,23.6359
1997-01-04,23.7159
1997-01-05,23.7479
1997-01-06,23.8312
1997-01-07,23.7745
1997-01-08,23.6189
1997-01-09,23.4726
1997-01-10,23.1930
1997-01-11,23.0486
1997-01-12,22.9883
1997-01-13,22.9071
1997-01-14,22.8492
1997-01-15,22.9107
1997-01-16,22.9604
1997-01-17,22.9335
1997-01-18,22.8592
1997-01-19,22.7636
1997-01-20,22.7383
1997-01-21,22.6684
1997-01-22,22.5436
1997-01-23,22.5543
1997-01-24,22.6708
1997-01-25,22.6816
1997-01-26,22.7577
1997-01-27,22.8973
1997-01-28,23.0563
1997-01-29,23.0938
1997-01-30,22.8983
1997-01-31,22.8528
1997-02-01,22.7603
1997-02-02,22.6420
1997-02-03,22.9284
1997-02-04,22.8914
1997-02-05,22.7450
1997-02-06,22.7898
1997-02-07,22.9236
1997-02-08,22.9272
1997-02-09,22.6955
1997-02-10,22.4982
1997-02-11,22.5272
1997-02-12,22.5199
1997-02-13,22.5425
1997-02-14,22.6322
1997-02-15,22.7102
1997-02-16,22.5822
1997-02-17,22.4940
1997-02-18,22.4802
1997-02-19,22.5825
1997-02-20,22.8151
1997-02-21,22.8740
1997-02-22,22.8706
1997-02-23,22.8625
1997-02-24,23.1476
1997-02-25,23.3502
1997-02-26,23.4384
1997-02-27,23.4883
1997-02-28,23.5725
1997-03-01,23.6200
1997-03-02,23.7366
1997-03-03,23.8953
1997-03-04,24.0832
1997-03-05,24.1448
1997-03-06,23.9262
1997-03-07,23.6571
1997-03-08,23.6381
1997-03-09,23.7147
1997-03-10,23.8448
1997-03-11,23.8780
1997-03-12,23.8993
1997-03-13,23.8807
1997-03-14,23.8327
1997-03-15,23.6744
1997-03-16,23.6659
1997-03-17,23.7264
1997-03-18,23.8040
1997-03-19,23.8408
1997-03-20,23.9167
1997-03-21,23.9207
1997-03-22,23.9309
1997-03-23,23.8885
1997-03-24,23.8253
1997-03-25,23.8451
1997-03-26,24.0117
1997-03-27,24.1687
1997-03-28,24.4131
1997-03-29,24.7688
1997-03-30,24.8575
1997-03-31,24.6314
1997-04-01,24.1596
1997-04-02,24.0540
1997-04-03,24.0559
1997-04-04,24.0349
1997-04-05,24.1062
1997-04-06,24.1600
1997-04-07,24.1756
1997-04-08,24.0886
1997-04-09,23.9397
1997-04-10,24.0469
1997-04-11,24.1370
1997-04-12,24.1716
1997-04-13,24.1734
1997-04-14,24.0992
1997-04-15,23.9124
1997-04-16,23.9296
1997-04-17,24.0559
1997-04-18,24.0859
1997-04-19,24.1948
1997-04-20,24.2312
1997-04-21,24.3710
1997-04-22,24.4866
1997-04-23,24.4827
1997-04-24,24.4361
1997-04-25,24.4482
1997-04-26,24.4792
1997-04-27,24.2017
1997-04-28,24.2298
1997-04-29,24.4070
1997-04-30,24.4892
1997-05-01,24.6547
1997-05-02,24.8199
1997-05-03,25.0640
1997-05-04,25.0676
1997-05-05,25.0021
1997-05-06,25.0364
1997-05-07,25.0314
1997-05-08,25.0647
1997-05-09,25.1520
1997-05-10,25.2423
1997-05-11,25.2271
1997-05-12,25.2166
1997-05-13,25.4469
1997-05-14,25.6254
1997-05-15,25.7226
1997-05-16,25.7236
1997-05-17,25.6341
1997-05-18,25.6677
1997-05-19,25.7826
1997-05-20,25.9848
1997-05-21,26.2097
1997-05-22,26.4499
1997-05-23,26.6088
1997-05-24,26.8400
1997-05-25,26.9541
1997-05-26,27.1076
1997-05-27,27.2595
1997-05-28,27.3008
1997-05-29,27.2717
1997-05-30,27.2831
1997-05-31,27.4424
1997-06-01,27.5227
1997-06-02,27.5059
1997-06-03,27.4644
1997-06-04,27.4345
1997-06-05,27.3846
1997-06-06,27.3594
1997-06-07,27.4076
1997-06-08,27.4988
1997-06-09,27.4032
1997-06-10,27.4176
1997-06-11,27.5610
1997-06-12,27.6804
1997-06-13,27.7341
1997-06-14,27.8280
1997-06-15,27.9085
1997-06-16,28.0150
1997-06-17,28.1321
1997-06-18,27.9859
1997-06-19,27.7322
1997-06-20,27.6722
1997-06-21,27.7558
1997-06-22,28.0717
1997-06-23,28.1600
1997-06-24,28.2513
1997-06-25,28.4942
1997-06-26,28.6096
1997-06-27,28.7422
1997-06-28,28.9227
1997-06-29,28.9116
1997-06-30,28.7757
1997-07-01,28.7195
1997-07-02,28.6760
1997-07-03,28.7880
1997-07-04,28.9960
1997-07-05,29.2023
1997-07-06,29.3801
1997-07-07,29.4744
1997-07-08,29.5382
1997-07-09,29.6292
1997-07-10,29.7092
1997-07-11,29.7254
1997-07-12,29.6893
1997-07-13,29.6004
1997-07-14,29.5299
1997-07-15,29.5522
1997-07-16,29.7163
1997-07-17,29.6866
1997-07-18,29.6691
1997-07-19,29.6290
1997-07-20,29.7196
1997-07-21,29.7956
1997-07-22,29.8439
1997-07-23,29.7695
1997-07-24,29.7012
1997-07-25,29.7312
1997-07-26,29.9474
1997-07-27,30.0110
1997-07-28,30.0901
1997-07-29,29.9773
1997-07-30,29.8582
1997-07-31,29.7506
1997-08-01,29.6773
1997-08-02,29.5788
1997-08-03,29.4733
1997-08-04,29.3408
1997-08-05,29.3981
1997-08-06,29.5672
1997-08-07,29.6395
1997-08-08,29.5827
1997-08-09,29.5988
1997-08-10,29.6453
1997-08-11,29.5926
1997-08-12,29.6239
1997-08-13,29.7792
1997-08-14,29.7963
1997-08-15,29.8136
1997-08-16,29.7954
1997-08-17,29.8945
1997-08-18,29.9892
1997-08-19,30.0028
1997-08-20,30.0166
1997-08-21,30.2236
1997-08-22,30.3148
1997-08-23,30.2193
1997-08-24,30.0266
1997-08-25,29.7704
1997-08-26,29.6579
1997-08-27,29.6955
1997-08-28,29.7332
1997-08-29,29.7540
1997-08-30,29.7914
1997-08-31,29.6527
1997-09-01,29.5979
1997-09-02,29.5194
1997-09-03,29.4678
1997-09-04,29.3090
1997-09-05,29.1899
1997-09-06,29.1357
1997-09-07,29.0882
1997-09-08,29.1429
1997-09-09,29.1755
1997-09-10,29.2805
1997-09-11,29.3175
1997-09-12,29.2794
1997-09-13,29.2552
1997-09-14,29.3193
1997-09-15,29.3906
1997-09-16,29.4037
1997-09-17,29.3074
1997-09-18,29.1972
1997-09-19,29.0777
1997-09-20,28.8392
1997-09-21,28.8757
1997-09-22,28.8992
1997-09-23,28.9663
1997-09-24,28.9384
1997-09-25,28.8302
1997-09-26,28.7786
1997-09-27,28.7199
1997-09-28,28.5625
1997-09-29,28.4942
1997-09-30,28.5162
1997-10-01,28.7587
1997-10-02,28.7908
1997-10-03,28.7193
1997-10-04,28.7410
1997-10-05,28.7301
1997-10-06,28.5148
1997-10-07,28.3715
1997-10-08,28.0528
1997-10-09,28.0917
1997-10-10,28.2071
1997-10-11,28.1577
1997-10-12,27.9962
1997-10-13,27.9500
1997-10-14,27.9398
1997-10-15,27.8414
1997-10-16,27.7579
1997-10-17,27.5453
1997-10-18,27.3155
1997-10-19,27.0459
1997-10-20,26.8281
1997-10-21,26.8211
1997-10-22,26.8213
1997-10-23,26.8188
1997-10-24,26.7622
1997-10-25,26.7389
1997-10-26,26.7168
1997-10-27,26.5617
1997-10-28,26.3677
1997-10-29,26.2094
1997-10-30,26.2300
1997-10-31,26.2239
1997-11-01,26.2484
1997-11-02,26.2049
1997-11-03,26.0555
1997-11-04,26.0128
1997-11-05,25.8218
1997-11-06,25.7245
1997-11-07,25.7195
1997-11-08,25.7568
1997-11-09,25.6379
1997-11-10,25.5444
1997-11-11,25.4793
1997-11-12,25.4301
1997-11-13,25.3398
1997-11-14,25.2065
1997-11-15,25.0871
1997-11-16,24.9343
1997-11-17,24.8822
1997-11-18,24.9405
1997-11-19,24.8546
1997-11-20,24.8198
1997-11-21,24.8247
1997-11-22,24.7841
1997-11-23,24.8598
1997-11-24,24.9540
1997-11-25,24.8619
1997-11-26,24.7467
1997-11-27,24.7509
1997-11-28,24.7751
1997-11-29,24.9200
1997-11-30,24.9789
1997-12-01,24.8060
1997-12-02,24.6675
1997-12-03,24.5459
1997-12-04,24.5484
1997-12-05,24.5782
1997-12-06,24.5834
1997-12-07,24.4716
1997-12-08,24.2780
1997-12-09,24.2104
1997-12-10,24.2373
1997-12-11,24.2285
1997-12-12,24.1457
1997-12-13,24.0435
1997-12-14,23.9161
1997-12-15,23.8710
1997-12-16,23.8887
1997-12-17,23.8955
1997-12-18,23.9162
1997-12-19,23.9082
1997-12-20,23.8179
1997-12-21,23.7955
1997-12-22,23.8337
1997-12-23,23.7234
1997-12-24,23.6944
1997-12-25,23.6615
1997-12-26,23.6407
1997-12-27,23.6229
1997-12-28,23.4743
1997-12-29,23.2648
1997-12-30,23.2201
1997-12-31,23.1915
1998-01-01,23.0893
1998-01-02,23.0005
1998-01-03,22.9087
1998-01-04,22.9485
1998-01-05,22.9763
1998-01-06,22.9919
1998-01-07,22.9292
1998-01-08,22.9499
1998-01-09,23.0204
1998-01-10,23.0140
1998-01-11,23.0045
1998-01-12,23.0170
1998-01-13,23.1351
1998-01-14,23.1588
1998-01-15,23.1520
1998-01-16,23.0693
1998-01-17,23.0695
1998-01-18,23.1107
1998-01-19,23.1317
1998-01-20,23.1061
1998-01-21,23.1242
1998-01-22,23.1319
1998-01-23,23.1521
1998-01-24,22.9987
1998-01-25,22.8770
1998-01-26,22.9132
1998-01-27,22.8622
1998-01-28,22.8672
1998-01-29,22.9019
1998-01-30,22.8887
1998-01-31,22.9434
1998-02-01,22.9194
1998-02-02,22.8029
1998-02-03,22.7436
1998-02-04,22.8225
1998-02-05,22.7082
1998-02-06,22.6453
1998-02-07,22.5906
1998-02-08,22.5225
1998-02-09,22.5042
1998-02-10,22.5038
1998-02-11,22.5270
1998-02-12,22.5366
1998-02-13,22.5407
1998-02-14,22.5475
1998-02-15,22.4953
1998-02-16,22.4266
1998-02-17,22.3314
1998-02-18,22.3550
1998-02-19,22.3961
1998-02-20,22.3580
1998-02-21,22.1523
1998-02-22,22.1089
1998-02-23,22.1512
1998-02-24,22.0695
1998-02-25,22.0438
1998-02-26,22.0477
1998-02-27,22.0614
1998-02-28,22.1139
1998-03-01,22.0431
1998-03-02,21.8040
1998-03-03,21.7991
1998-03-04,21.7109
1998-03-05,21.7228
1998-03-06,21.8728
1998-03-07,22.0767
1998-03-08,22.0264
1998-03-09,21.8235
1998-03-10,21.6162
1998-03-11,21.5767
1998-03-12,21.6255
1998-03-13,21.7151
1998-03-14,21.6696
1998-03-15,21.7493
1998-03-16,21.7554
1998-03-17,21.7804
1998-03-18,22.1488
1998-03-19,22.3095
1998-03-20,22.2427
1998-03-21,22.1425
1998-03-22,22.3466
1998-03-23,22.4908
1998-03-24,22.5508
1998-03-25,22.5834
1998-03-26,22.5554
1998-03-27,22.6297
1998-03-28,22.8230
1998-03-29,23.0242
1998-03-30,23.1853
1998-03-31,23.4070
1998-04-01,23.4320
1998-04-02,23.4817
1998-04-03,23.6344
1998-04-04,23.6583
1998-04-05,23.6397
1998-04-06,23.7325
1998-04-07,23.8650
1998-04-08,24.0381
1998-04-09,23.8973
1998-04-10,23.7194
1998-04-11,23.6240
1998-04-12,23.6211
1998-04-13,23.5975
1998-04-14,23.6879
1998-04-15,23.7981
1998-04-16,23.8703
1998-04-17,23.8672
1998-04-18,23.6777
1998-04-19,23.4597
1998-04-20,23.4490
1998-04-21,23.6026
1998-04-22,23.6857
1998-04-23,23.7827
1998-04-24,23.7137
1998-04-25,23.6683
1998-04-26,23.6638
1998-04-27,23.7532
1998-04-28,23.8181
1998-04-29,23.6869
1998-04-30,23.6524
1998-05-01,23.7891
1998-05-02,24.2379
1998-05-03,24.6585
1998-05-04,25.1353
1998-05-05,25.3732
1998-05-06,25.6363
1998-05-07,25.7757
1998-05-08,25.7072
1998-05-09,25.5212
1998-05-10,25.4781
1998-05-11,25.4474
1998-05-12,25.4132
1998-05-13,25.4875
1998-05-14,25.7138
1998-05-15,25.8707
1998-05-16,26.0540
1998-05-17,26.2670
1998-05-18,26.4199
1998-05-19,26.4989
1998-05-20,26.4886
1998-05-21,26.4876
1998-05-22,26.5927
1998-05-23,26.6765
1998-05-24,26.7364
1998-05-25,26.6787
1998-05-26,26.6659
1998-05-27,26.7234
1998-05-28,26.7500
1998-05-29,26.8872
1998-05-30,27.1381
1998-05-31,27.3744
1998-06-01,27.5294
1998-06-02,27.5854
1998-06-03,27.7716
1998-06-04,27.9957
1998-06-05,28.2060
1998-06-06,28.3489
1998-06-07,28.3113
1998-06-08,28.2290
1998-06-09,28.2475
1998-06-10,28.3538
1998-06-11,28.4843
1998-06-12,28.4906
1998-06-13,28.5473
1998-06-14,28.6917
1998-06-15,28.6735
1998-06-16,28.6274
1998-06-17,28.6256
1998-06-18,28.7316
1998-06-19,28.8693
1998-06-20,28.9723
1998-06-21,28.9728
1998-06-22,28.9486
1998-06-23,28.9260
1998-06-24,28.6950
1998-06-25,28.7684
1998-06-26,28.7197
1998-06-27,28.7869
1998-06-28,28.7553
1998-06-29,28.7621
1998-06-30,28.8520
1998-07-01,28.8636
1998-07-02,28.8149
1998-07-03,28.9226
1998-07-04,29.1460
1998-07-05,29.3552
1998-07-06,29.3853
1998-07-07,29.2988
1998-07-08,29.2734
1998-07-09,29.2501
1998-07-10,29.1929
1998-07-11,29.0905
1998-07-12,29.1105
1998-07-13,29.2063
1998-07-14,29.2284
1998-07-15,29.2692
1998-07-16,29.4333
1998-07-17,29.7116
1998-07-18,29.8882
1998-07-19,29.9940
1998-07-20,30.0223
1998-07-21,30.0052
1998-07-22,29.9370
1998-07-23,29.6309
1998-07-24,29.3522
1998-07-25,29.3653
1998-07-26,29.6100
1998-07-27,29.7034
1998-07-28,29.7275
1998-07-29,29.6824
1998-07-30,29.7263
1998-07-31,29.7693
1998-08-01,29.9493
1998-08-02,29.8837
1998-08-03,30.0139
1998-08-04,30.1320
1998-08-05,30.1648
1998-08-06,30.1928
1998-08-07,30.2226
1998-08-08,30.2886
1998-08-09,30.3498
1998-08-10,30.3695
1998-08-11,30.4044
1998-08-12,30.4160
1998-08-13,30.5394
1998-08-14,30.5995
1998-08-15,30.4947
1998-08-16,30.3575
1998-08-17,30.1954
1998-08-18,30.1502
1998-08-19,29.9549
1998-08-20,29.8736
1998-08-21,29.8260
1998-08-22,29.7919
1998-08-23,29.9810
1998-08-24,30.1553
1998-08-25,30.2103
1998-08-26,30.3146
1998-08-27,30.3484
1998-08-28,30.3431
1998-08-29,30.2542
1998-08-30,30.1479
1998-08-31,29.9856
1998-09-01,29.7219
1998-09-02,29.4495
1998-09-03,29.5662
1998-09-04,29.6544
1998-09-05,29.6396
1998-09-06,29.5657
1998-09-07,29.3790
1998-09-08,29.3210
1998-09-09,29.2921
1998-09-10,29.1525
1998-09-11,28.9991
1998-09-12,28.9111
1998-09-13,28.8265
1998-09-14,28.7805
1998-09-15,28.7943
1998-09-16,28.6704
1998-09-17,28.5412
1998-09-18,28.4611
1998-09-19,28.4477
1998-09-20,28.5423
1998-09-21,28.7240
1998-09-22,28.8576
1998-09-23,28.8192
1998-09-24,28.8292
1998-09-25,28.7838
1998-09-26,28.7320
1998-09-27,28.5212
1998-09-28,28.4762
1998-09-29,28.6935
1998-09-30,28.7910
1998-10-01,28.8930
1998-10-02,28.9941
1998-10-03,28.9750
1998-10-04,29.0068
1998-10-05,28.9990
1998-10-06,28.9052
1998-10-07,28.8337
1998-10-08,28.5801
1998-10-09,28.4262
1998-10-10,28.2922
1998-10-11,28.2240
1998-10-12,28.1859
1998-10-13,28.1894
1998-10-14,28.1721
1998-10-15,28.0544
1998-10-16,27.9745
1998-10-17,27.9122
1998-10-18,27.8706
1998-10-19,27.9787
1998-10-20,27.9901
1998-10-21,27.9208
1998-10-22,27.8318
1998-10-23,27.6687
1998-10-24,27.4670
1998-10-25,27.1967
1998-10-26,27.2082
1998-10-27,27.1873
1998-10-28,27.2468
1998-10-29,27.2954
1998-10-30,27.0820
1998-10-31,26.7393
1998-11-01,26.5892
1998-11-02,26.4133
1998-11-03,26.3896
1998-11-04,26.3244
1998-11-05,26.3356
1998-11-06,26.2908
1998-11-07,26.1774
1998-11-08,26.0345
1998-11-09,25.9803
1998-11-10,25.9340
1998-11-11,25.8213
1998-11-12,25.7071
1998-11-13,25.6319
1998-11-14,25.5700
1998-11-15,25.6197
1998-11-16,25.6226
1998-11-17,25.5922
1998-11-18,25.6087
1998-11-19,25.6623
1998-11-20,25.7383
1998-11-21,25.7505
1998-11-22,25.7102
1998-11-23,25.6449
1998-11-24,25.5534
1998-11-25,25.5075
1998-11-26,25.5374
1998-11-27,25.5651
1998-11-28,25.5712
1998-11-29,25.6174
1998-11-30,25.6426
1998-12-01,25.6951
1998-12-02,25.6887
1998-12-03,25.6808
1998-12-04,25.6492
1998-12-05,25.5409
1998-12-06,25.4549
1998-12-07,25.2764
1998-12-08,25.2154
1998-12-09,25.1023
1998-12-10,25.0772
1998-12-11,25.0002
1998-12-12,24.8997
1998-12-13,24.8711
1998-12-14,24.7312
1998-12-15,24.5991
1998-12-16,24.5865
1998-12-17,24.5216
1998-12-18,24.4368
1998-12-19,24.3646
1998-12-20,24.3396
1998-12-21,24.3187
1998-12-22,24.2688
1998-12-23,24.2663
1998-12-24,24.1987
1998-12-25,24.0795
1998-12-26,24.0771
1998-12-27,24.1104
1998-12-28,24.2459
1998-12-29,24.3236
1998-12-30,24.3052
1998-12-31,24.2209
1999-01-01,24.1499
1999-01-02,24.0818
1999-01-03,23.9825
1999-01-04,23.6620
1999-01-05,23.2926
1999-01-06,23.2514
1999-01-07,23.2483
1999-01-08,23.2249
1999-01-09,23.2260
1999-01-10,23.2956
1999-01-11,23.1907
1999-01-12,23.1645
1999-01-13,23.1743
1999-01-14,23.2205
1999-01-15,23.2759
1999-01-16,23.3468
1999-01-17,23.3600
1999-01-18,23.4121
1999-01-19,23.5265
1999-01-20,23.5860
1999-01-21,23.4912
1999-01-22,23.3766
1999-01-23,23.1978
1999-01-24,23.2290
1999-01-25,23.1975
1999-01-26,23.1230
1999-01-27,23.0946
1999-01-28,23.1626
1999-01-29,23.1793
1999-01-30,23.1467
1999-01-31,23.0492
1999-02-01,23.0651
1999-02-02,23.1723
1999-02-03,23.2095
1999-02-04,23.3254
1999-02-05,23.4286
1999-02-06,23.5206
1999-02-07,23.6633
1999-02-08,23.8207
1999-02-09,23.9406
1999-02-10,23.9417
1999-02-11,23.8633
1999-02-12,23.8519
1999-02-13,23.5844
1999-02-14,23.3726
1999-02-15,23.2556
1999-02-16,23.0980
1999-02-17,23.1023
1999-02-18,23.4055
1999-02-19,23.4202
1999-02-20,23.3368
1999-02-21,23.2400
1999-02-22,23.1458
1999-02-23,23.1302
1999-02-24,23.1434
1999-02-25,23.1207
1999-02-26,23.2483
1999-02-27,23.2768
1999-02-28,23.2320
1999-03-01,23.2003
1999-03-02,23.1271
1999-03-03,22.9726
1999-03-04,22.9733
1999-03-05,23.1246
1999-03-06,23.1641
1999-03-07,23.0854
1999-03-08,23.0440
1999-03-09,23.1867
1999-03-10,23.2845
1999-03-11,23.3007
1999-03-12,23.2370
1999-03-13,23.1055
1999-03-14,23.0031
1999-03-15,23.0185
1999-03-16,22.9997
1999-03-17,23.0524
1999-03-18,23.1949
1999-03-19,23.3072
1999-03-20,23.3689
1999-03-21,23.2536
1999-03-22,23.1202
1999-03-23,23.2075
1999-03-24,23.4381
1999-03-25,23.5773
1999-03-26,23.5187
1999-03-27,23.4586
1999-03-28,23.5750
1999-03-29,23.6535
1999-03-30,23.6835
1999-03-31,23.7393
1999-04-01,23.8532
1999-04-02,23.9089
1999-04-03,24.0296
1999-04-04,24.2735
1999-04-05,24.4244
1999-04-06,24.5459
1999-04-07,24.5743
1999-04-08,24.6093
1999-04-09,24.8207
1999-04-10,24.9574
1999-04-11,25.1440
1999-04-12,25.1855
1999-04-13,25.1490
1999-04-14,25.1088
1999-04-15,25.1415
1999-04-16,25.1557
1999-04-17,24.8735
1999-04-18,24.6017
1999-04-19,24.3972
1999-04-20,24.2836
1999-04-21,24.2062
1999-04-22,24.4826
1999-04-23,24.7973
1999-04-24,24.9572
1999-04-25,25.1548
1999-04-26,25.3368
1999-04-27,25.6318
1999-04-28,25.8159
1999-04-29,25.6674
1999-04-30,25.2319
1999-05-01,24.7431
1999-05-02,24.6995
1999-05-03,24.7384
1999-05-04,24.8718
1999-05-05,25.0144
1999-05-06,25.2122
1999-05-07,25.3745
1999-05-08,25.7285
1999-05-09,25.9076
1999-05-10,25.8546
1999-05-11,26.0952
1999-05-12,26.2214
1999-05-13,26.2913
1999-05-14,26.4453
1999-05-15,26.5788
1999-05-16,26.6012
1999-05-17,26.5770
1999-05-18,26.6509
1999-05-19,26.8249
1999-05-20,26.8120
1999-05-21,26.7094
1999-05-22,26.7797
1999-05-23,27.0368
1999-05-24,27.2824
1999-05-25,27.3170
1999-05-26,27.4842
1999-05-27,27.6017
1999-05-28,27.6515
1999-05-29,27.7999
1999-05-30,27.8895
1999-05-31,27.9672
1999-06-01,27.9458
1999-06-02,27.8785
1999-06-03,27.9536
1999-06-04,28.1061
1999-06-05,28.1728
1999-06-06,28.2673
1999-06-07,28.3412
1999-06-08,28.4406
1999-06-09,28.5482
1999-06-10,28.5467
1999-06-11,28.5566
1999-06-12,28.6232
1999-06-13,28.7214
1999-06-14,28.6381
1999-06-15,28.5251
1999-06-16,28.4827
1999-06-17,28.5254
1999-06-18,28.5016
1999-06-19,28.5388
1999-06-20,28.5433
1999-06-21,28.6173
1999-06-22,28.7530
1999-06-23,28.6791
1999-06-24,28.6206
1999-06-25,28.4829
1999-06-26,28.5032
1999-06-27,28.6432
1999-06-28,28.6438
1999-06-29,28.4851
1999-06-30,28.3378
1999-07-01,28.2957
1999-07-02,28.2756
1999-07-03,28.3263
1999-07-04,28.4749
1999-07-05,28.5077
1999-07-06,28.5294
1999-07-07,28.7178
1999-07-08,28.7843
1999-07-09,28.8150
1999-07-10,28.8203
1999-07-11,28.8231
1999-07-12,28.8676
1999-07-13,28.9085
1999-07-14,29.0013
1999-07-15,29.0889
1999-07-16,29.0634
1999-07-17,29.0234
1999-07-18,28.9219
1999-07-19,28.9416
1999-07-20,28.9306
1999-07-21,28.8971
1999-07-22,28.9678
1999-07-23,29.2731
1999-07-24,29.4253
1999-07-25,29.5191
1999-07-26,29.5334
1999-07-27,29.6317
1999-07-28,29.6725
1999-07-29,29.6389
1999-07-30,29.5354
1999-07-31,29.4941
1999-08-01,29.5306
1999-08-02,29.7201
1999-08-03,29.7581
1999-08-04,29.6725
1999-08-05,29.4997
1999-08-06,29.5101
1999-08-07,29.5554
1999-08-08,29.7238
1999-08-09,29.8131
1999-08-10,29.7930
1999-08-11,29.6703
1999-08-12,29.5812
1999-08-13,29.6283
1999-08-14,29.6557
1999-08-15,29.7030
1999-08-16,29.7391
1999-08-17,29.7079
1999-08-18,29.7197
1999-08-19,29.7625
1999-08-20,29.8430
1999-08-21,29.6051
1999-08-22,29.6001
1999-08-23,29.6680
1999-08-24,29.8379
1999-08-25,30.0315
1999-08-26,30.1093
1999-08-27,30.1920
1999-08-28,30.1548
1999-08-29,30.1071
1999-08-30,30.0217
1999-08-31,29.9529
1999-09-01,29.8674
1999-09-02,29.8150
1999-09-03,29.9100
1999-09-04,29.9929
1999-09-05,29.9306
1999-09-06,29.8897
1999-09-07,29.8912
1999-09-08,29.8294
1999-09-09,29.6911
1999-09-10,29.5804
1999-09-11,29.5732
1999-09-12,29.5985
1999-09-13,29.6392
1999-09-14,29.5998
1999-09-15,29.4547
1999-09-16,29.2610
1999-09-17,29.0815
1999-09-18,28.9003
1999-09-19,28.7042
1999-09-20,28.5708
1999-09-21,28.7464
1999-09-22,28.8923
1999-09-23,28.8895
1999-09-24,28.7858
1999-09-25,28.5901
1999-09-26,28.3868
1999-09-27,28.2930
1999-09-28,28.2147
1999-09-29,28.3010
1999-09-30,28.3517
1999-10-01,28.4138
1999-10-02,28.2617
1999-10-03,28.0761
1999-10-04,27.9314
1999-10-05,27.6705
1999-10-06,27.4925
1999-10-07,27.5018
1999-10-08,27.5909
1999-10-09,27.6294
1999-10-10,27.5978
1999-10-11,27.6609
1999-10-12,27.8978
1999-10-13,27.9415
1999-10-14,27.8955
1999-10-15,27.8174
1999-10-16,27.8367
1999-10-17,27.8925
1999-10-18,27.8110
1999-10-19,27.7466
1999-10-20,27.6485
1999-10-21,27.5587
1999-10-22,27.5692
1999-10-23,27.4776
1999-10-24,27.3607
1999-10-25,27.2082
1999-10-26,27.1293
1999-10-27,27.0513
1999-10-28,26.9130
1999-10-29,26.7980
1999-10-30,26.7210
1999-10-31,26.5198
1999-11-01,26.3741
1999-11-02,26.3451
1999-11-03,26.3216
1999-11-04,26.2824
1999-11-05,26.1684
1999-11-06,26.0603
1999-11-07,25.9497
1999-11-08,25.9068
1999-11-09,25.8570
1999-11-10,25.9086
1999-11-11,25.9151
1999-11-12,25.9250
1999-11-13,25.8829
1999-11-14,25.8477
1999-11-15,25.8119
1999-11-16,25.7437
1999-11-17,25.6288
1999-11-18,25.5533
1999-11-19,25.5726
1999-11-20,25.5322
1999-11-21,25.4522
1999-11-22,25.4399
1999-11-23,25.4032
1999-11-24,25.3701
1999-11-25,25.3112
1999-11-26,25.2822
1999-11-27,25.3361
1999-11-28,25.2880
1999-11-29,25.2667
1999-11-30,25.2400
1999-12-01,25.1317
1999-12-02,24.8779
1999-12-03,24.5896
1999-12-04,24.4766
1999-12-05,24.3417
1999-12-06,24.2234
1999-12-07,24.2326
1999-12-08,24.2499
1999-12-09,24.3187
1999-12-10,24.3577
1999-12-11,24.3109
1999-12-12,24.2980
1999-12-13,24.1969
1999-12-14,24.1611
1999-12-15,24.1170
1999-12-16,24.1296
1999-12-17,23.9874
1999-12-18,23.8846
1999-12-19,23.8365
1999-12-20,23.7306
1999-12-21,23.6129
1999-12-22,23.6901
1999-12-23,23.7752
1999-12-24,23.7891
1999-12-25,23.7409
1999-12-26,23.6497
1999-12-27,23.6308
1999-12-28,23.6433
1999-12-29,23.5834
1999-12-30,23.5359
1999-12-31,23.4874
2000-01-01,23.4955
2000-01-02,23.5084
2000-01-03,23.4860
2000-01-04,23.4745
2000-01-05,23.3895
2000-01-06,23.2654
2000-01-07,23.2460
2000-01-08,23.3375
2000-01-09,23.3803
2000-01-10,23.4822
2000-01-11,23.4509
2000-01-12,23.3752
2000-01-13,23.3897
2000-01-14,23.3309
2000-01-15,23.2653
2000-01-16,23.1094
2000-01-17,23.1461
2000-01-18,23.1918
2000-01-19,23.1595
2000-01-20,23.1593
2000-01-21,23.1216
2000-01-22,23.0613
2000-01-23,23.0358
2000-01-24,22.9848
2000-01-25,22.8814
2000-01-26,22.7173
2000-01-27,22.5981
2000-01-28,22.5185
2000-01-29,22.4733
2000-01-30,22.4819
2000-01-31,22.4866
2000-02-01,22.4338
2000-02-02,22.3855
2000-02-03,22.4519
2000-02-04,22.4823
2000-02-05,22.4616
2000-02-06,22.3646
2000-02-07,22.2707
2000-02-08,22.2481
2000-02-09,22.3231
2000-02-10,22.3605
2000-02-11,22.4388
2000-02-12,22.4911
2000-02-13,22.6315
2000-02-14,22.8888
2000-02-15,22.9301
2000-02-16,23.0436
2000-02-17,23.1238
2000-02-18,23.2083
2000-02-19,23.2604
2000-02-20,23.2662
2000-02-21,23.2153
2000-02-22,23.1202
2000-02-23,23.0434
2000-02-24,23.0693
2000-02-25,23.0873
2000-02-26,23.1190
2000-02-27,23.0973
2000-02-28,23.1919
2000-02-29,23.3826
2000-03-01,23.5056
2000-03-02,23.5112
2000-03-03,23.5525
2000-03-04,23.5543
2000-03-05,23.5096
2000-03-06,23.4289
2000-03-07,23.4362
2000-03-08,23.5262
2000-03-09,23.6786
2000-03-10,23.8026
2000-03-11,23.8014
2000-03-12,23.6307
2000-03-13,23.4504
2000-03-14,23.4874
2000-03-15,23.6870
2000-03-16,23.7582
2000-03-17,23.7198
2000-03-18,23.7169
2000-03-19,23.8180
2000-03-20,23.8952
2000-03-21,23.8624
2000-03-22,23.8931
2000-03-23,23.9750
2000-03-24,24.0015
2000-03-25,24.1635
2000-03-26,24.3422
2000-03-27,24.5574
2000-03-28,24.6389
2000-03-29,24.6202
2000-03-30,24.6873
2000-03-31,24.6985
2000-04-01,24.7078
2000-04-02,24.6119
2000-04-03,24.4516
2000-04-04,24.3013
2000-04-05,24.1721
2000-04-06,24.0605
2000-04-07,24.1947
2000-04-08,24.3054
2000-04-09,24.1844
2000-04-10,24.0583
2000-04-11,24.0646
2000-04-12,24.0310
2000-04-13,24.1398
2000-04-14,24.2773
2000-04-15,24.4553
2000-04-16,24.6949
2000-04-17,24.8808
2000-04-18,25.0288
2000-04-19,25.2672
2000-04-20,25.4223
2000-04-21,25.3983
2000-04-22,25.3136
2000-04-23,25.1604
2000-04-24,25.1059
2000-04-25,25.1244
2000-04-26,25.1851
2000-04-27,25.1975
2000-04-28,25.2224
2000-04-29,25.2658
2000-04-30,25.2886
2000-05-01,25.2954
2000-05-02,25.2820
2000-05-03,25.3216
2000-05-04,25.4546
2000-05-05,25.5230
2000-05-06,25.6951
2000-05-07,25.8254
2000-05-08,25.8066
2000-05-09,25.9666
2000-05-10,26.3436
2000-05-11,26.4524
2000-05-12,26.5046
2000-05-13,26.6450
2000-05-14,26.8110
2000-05-15,26.7983
2000-05-16,26.7699
2000-05-17,26.6227
2000-05-18,26.6420
2000-05-19,26.6457
2000-05-20,26.6695
2000-05-21,26.8278
2000-05-22,26.9402
2000-05-23,27.1937
2000-05-24,27.2872
2000-05-25,27.2908
2000-05-26,27.3293
2000-05-27,27.4876
2000-05-28,27.7676
2000-05-29,27.8758
2000-05-30,27.9025
2000-05-31,27.8308
2000-06-01,27.7254
2000-06-02,27.8139
2000-06-03,27.8907
2000-06-04,27.9059
2000-06-05,27.8908
2000-06-06,27.8754
2000-06-07,27.8492
2000-06-08,27.8181
2000-06-09,27.8330
2000-06-10,27.7280
2000-06-11,27.8537
2000-06-12,28.0058
2000-06-13,28.0759
2000-06-14,28.0577
2000-06-15,27.9841
2000-06-16,27.8989
2000-06-17,27.9439
2000-06-18,27.8836
2000-06-19,27.7645
2000-06-20,27.8803
2000-06-21,28.0894
2000-06-22,28.4106
2000-06-23,28.5081
2000-06-24,28.5136
2000-06-25,28.5438
2000-06-26,28.6025
2000-06-27,28.6318
2000-06-28,28.6758
2000-06-29,28.6983
2000-06-30,28.6201
2000-07-01,28.6355
2000-07-02,28.7119
2000-07-03,28.7374
2000-07-04,28.8139
2000-07-05,28.9755
2000-07-06,28.9836
2000-07-07,28.9889
2000-07-08,28.8997
2000-07-09,28.8832
2000-07-10,28.9652
2000-07-11,29.1127
2000-07-12,29.2406
2000-07-13,29.3873
2000-07-14,29.4535
2000-07-15,29.4972
2000-07-16,29.3584
2000-07-17,29.3783
2000-07-18,29.4979
2000-07-19,29.6878
2000-07-20,29.7878
2000-07-21,29.8169
2000-07-22,29.8719
2000-07-23,29.7535
2000-07-24,29.7086
2000-07-25,29.7383
2000-07-26,29.7405
2000-07-27,29.7681
2000-07-28,29.8374
2000-07-29,29.8996
2000-07-30,29.9010
2000-07-31,29.8494
2000-08-01,29.6380
2000-08-02,29.4149
2000-08-03,29.3610
2000-08-04,29.4472
2000-08-05,29.4452
2000-08-06,29.3227
2000-08-07,29.2553
2000-08-08,29.2200
2000-08-09,29.3192
2000-08-10,29.3746
2000-08-11,29.2484
2000-08-12,29.0613
2000-08-13,29.0416
2000-08-14,29.1083
2000-08-15,29.2173
2000-08-16,29.3813
2000-08-17,29.4415
2000-08-18,29.5190
2000-08-19,29.6201
2000-08-20,29.7277
2000-08-21,29.6888
2000-08-22,29.6612
2000-08-23,29.5511
2000-08-24,29.5719
2000-08-25,29.6494
2000-08-26,29.5655
2000-08-27,29.4942
2000-08-28,29.3949
2000-08-29,29.3589
2000-08-30,29.3462
2000-08-31,29.4341
2000-09-01,29.5307
2000-09-02,29.4946
2000-09-03,29.5376
2000-09-04,29.5747
2000-09-05,29.5017
2000-09-06,29.3716
2000-09-07,29.2331
2000-09-08,29.1792
2000-09-09,29.1435
2000-09-10,29.2040
2000-09-11,29.2306
2000-09-12,29.2868
2000-09-13,29.3592
2000-09-14,29.4092
2000-09-15,29.3275
2000-09-16,29.0722
2000-09-17,29.0206
2000-09-18,29.0410
2000-09-19,29.0616
2000-09-20,29.0101
2000-09-21,28.9992
2000-09-22,28.9678
2000-09-23,29.0563
2000-09-24,29.2503
2000-09-25,29.2595
2000-09-26,29.1733
2000-09-27,28.9376
2000-09-28,28.7448
2000-09-29,28.5763
2000-09-30,28.4184
2000-10-01,28.3963
2000-10-02,28.2391
2000-10-03,28.2049
2000-10-04,28.2795
2000-10-05,28.4622
2000-10-06,28.6141
2000-10-07,28.6235
2000-10-08,28.5383
2000-10-09,28.2316
2000-10-10,27.7555
2000-10-11,27.4081
2000-10-12,27.2330
2000-10-13,27.1659
2000-10-14,27.1474
2000-10-15,27.1742
2000-10-16,27.2691
2000-10-17,27.4176
2000-10-18,27.4258
2000-10-19,27.3583
2000-10-20,27.3188
2000-10-21,27.1990
2000-10-22,27.2505
2000-10-23,27.1254
2000-10-24,27.0342
2000-10-25,26.9127
2000-10-26,26.8981
2000-10-27,26.8127
2000-10-28,26.8365
2000-10-29,26.8302
2000-10-30,26.8054
2000-10-31,26.7195
2000-11-01,26.6953
2000-11-02,26.7090
2000-11-03,26.6722
2000-11-04,26.5895
2000-11-05,26.5893
2000-11-06,26.5533
2000-11-07,26.5646
2000-11-08,26.4010
2000-11-09,26.2973
2000-11-10,26.0487
2000-11-11,26.0611
2000-11-12,26.1302
2000-11-13,26.1684
2000-11-14,26.2197
2000-11-15,26.2004
2000-11-16,26.1611
2000-11-17,26.0831
2000-11-18,25.9972
2000-11-19,25.8331
2000-11-20,25.7666
2000-11-21,25.6201
2000-11-22,25.5011
2000-11-23,25.4065
2000-11-24,25.2762
2000-11-25,25.1107
2000-11-26,24.9407
2000-11-27,24.8216
2000-11-28,24.6543
2000-11-29,24.6072
2000-11-30,24.6359
2000-12-01,24.7139
2000-12-02,24.7143
2000-12-03,24.7132
2000-12-04,24.6232
2000-12-05,24.5964
2000-12-06,24.5557
2000-12-07,24.3855
2000-12-08,24.4456
2000-12-09,24.4486
2000-12-10,24.4492
2000-12-11,24.4662
2000-12-12,24.4543
2000-12-13,24.4167
2000-12-14,24.4527
2000-12-15,24.5325
2000-12-16,24.5143
2000-12-17,24.3212
2000-12-18,24.1505
2000-12-19,24.0213
2000-12-20,23.9301
2000-12-21,23.8948
2000-12-22,23.8355
2000-12-23,23.7115
2000-12-24,23.6052
2000-12-25,23.5583
2000-12-26,23.4488
2000-12-27,23.4169
2000-12-28,23.4749
2000-12-29,23.4389
2000-12-30,23.3569
2000-12-31,23.1809
2001-01-01,23.0483
2001-01-02,22.9928
2001-01-03,22.9096
2001-01-04,22.8873
2001-01-05,22.8503
2001-01-06,22.7811
2001-01-07,22.7451
2001-01-08,22.6668
2001-01-09,22.5730
2001-01-10,22.4710
2001-01-11,22.4476
2001-01-12,22.4557
2001-01-13,22.4491
2001-01-14,22.5436
2001-01-15,22.6449
2001-01-16,22.8122
2001-01-17,22.8926
2001-01-18,22.8975
2001-01-19,22.9190
2001-01-20,22.8239
2001-01-21,22.7421
2001-01-22,22.7900
2001-01-23,22.8331
2001-01-24,22.7837
2001-01-25,22.7252
2001-01-26,22.6375
2001-01-27,22.6742
2001-01-28,22.6801
2001-01-29,22.7670
2001-01-30,22.7576
2001-01-31,22.7301
2001-02-01,22.6877
2001-02-02,22.6879
2001-02-03,22.5291
2001-02-04,22.4373
2001-02-05,22.3365
2001-02-06,22.3278
2001-02-07,22.2858
2001-02-08,22.3532
2001-02-09,22.3976
2001-02-10,22.4249
2001-02-11,22.4600
2001-02-12,22.5944
2001-02-13,22.7128
2001-02-14,22.8375
2001-02-15,22.9961
2001-02-16,23.1522
2001-02-17,23.0983
2001-02-18,22.9307
2001-02-19,22.9615
2001-02-20,23.0375
2001-02-21,23.1957
2001-02-22,23.3144
2001-02-23,23.3737
2001-02-24,23.5035
2001-02-25,23.6876
2001-02-26,23.8611
2001-02-27,23.9456
2001-02-28,23.9828
2001-03-01,23.9713
2001-03-02,23.9143
2001-03-03,23.9056
2001-03-04,23.6724
2001-03-05,23.5416
2001-03-06,23.5002
2001-03-07,23.3835
2001-03-08,23.2488
2001-03-09,23.1412
2001-03-10,23.0996
2001-03-11,23.0950
2001-03-12,23.2111
2001-03-13,23.4076
2001-03-14,23.5700
2001-03-15,23.5317
2001-03-16,23.4342
2001-03-17,23.3086
2001-03-18,23.1103
2001-03-19,23.1801
2001-03-20,23.1632
2001-03-21,23.0609
2001-03-22,22.9986
2001-03-23,23.0957
2001-03-24,23.0750
2001-03-25,23.0011
2001-03-26,22.9113
2001-03-27,22.8363
2001-03-28,22.8832
2001-03-29,23.0953
2001-03-30,23.2271
2001-03-31,23.1659
2001-04-01,23.2145
2001-04-02,23.2666
2001-04-03,23.6254
2001-04-04,23.7663
2001-04-05,23.8487
2001-04-06,23.8582
2001-04-07,23.9425
2001-04-08,24.2224
2001-04-09,24.4388
2001-04-10,24.5407
2001-04-11,24.6184
2001-04-12,24.7771
2001-04-13,24.9900
2001-04-14,25.2210
2001-04-15,25.5354
2001-04-16,25.6528
2001-04-17,25.4875
2001-04-18,25.1059
2001-04-19,24.7334
2001-04-20,24.7324
2001-04-21,24.7605
2001-04-22,24.7947
2001-04-23,24.8497
2001-04-24,24.8977
2001-04-25,24.9140
2001-04-26,24.8970
2001-04-27,24.8656
2001-04-28,24.8353
2001-04-29,24.8604
2001-04-30,24.9067
2001-05-01,24.9858
2001-05-02,25.0763
2001-05-03,25.0629
2001-05-04,25.0862
2001-05-05,25.1886
2001-05-06,25.2708
2001-05-07,25.3290
2001-05-08,25.3448
2001-05-09,25.4018
2001-05-10,25.5879
2001-05-11,25.6993
2001-05-12,25.7550
2001-05-13,25.8212
2001-05-14,25.9755
2001-05-15,26.0789
2001-05-16,25.9664
2001-05-17,26.0688
2001-05-18,26.1386
2001-05-19,26.2162
2001-05-20,26.3573
2001-05-21,26.4355
2001-05-22,26.6677
2001-05-23,26.7648
2001-05-24,26.8290
2001-05-25,26.8815
2001-05-26,26.8045
2001-05-27,26.7423
2001-05-28,26.6494
2001-05-29,26.6470
2001-05-30,26.6509
2001-05-31,26.8566
2001-06-01,27.0618
2001-06-02,27.0761
2001-06-03,27.2315
2001-06-04,27.2772
2001-06-05,27.0026
2001-06-06,26.7607
2001-06-07,26.9428
2001-06-08,27.2562
2001-06-09,27.3267
2001-06-10,27.8125
2001-06-11,27.8824
2001-06-12,27.9777
2001-06-13,28.1298
2001-06-14,28.2207
2001-06-15,28.3592
2001-06-16,28.4368
2001-06-17,28.5285
2001-06-18,28.5460
2001-06-19,28.5527
2001-06-20,28.5417
2001-06-21,28.8118
2001-06-22,28.6918
2001-06-23,28.4501
2001-06-24,28.3772
2001-06-25,28.3097
2001-06-26,28.3008
2001-06-27,28.4183
2001-06-28,28.5691
2001-06-29,28.7159
2001-06-30,28.8139
2001-07-01,28.8043
2001-07-02,28.7607
2001-07-03,28.6325
2001-07-04,28.7441
2001-07-05,29.0206
2001-07-06,29.0428
2001-07-07,29.0670
2001-07-08,29.1660
2001-07-09,29.2186
2001-07-10,29.2569
2001-07-11,29.1613
2001-07-12,29.2411
2001-07-13,29.2137
2001-07-14,29.1617
2001-07-15,29.1764
2001-07-16,29.2443
2001-07-17,29.2390
2001-07-18,29.3345
2001-07-19,29.4900
2001-07-20,29.5842
2001-07-21,29.4006
2001-07-22,29.2233
2001-07-23,29.1641
2001-07-24,29.3062
2001-07-25,29.4038
2001-07-26,29.5348
2001-07-27,29.5472
2001-07-28,29.6320
2001-07-29,29.6978
2001-07-30,29.5895
2001-07-31,29.3933
2001-08-01,29.2475
2001-08-02,29.0153
2001-08-03,28.8317
2001-08-04,28.8244
2001-08-05,28.8430
2001-08-06,28.9756
2001-08-07,29.1524
2001-08-08,29.2730
2001-08-09,29.2807
2001-08-10,29.2358
2001-08-11,29.1524
2001-08-12,29.1582
2001-08-13,29.2680
2001-08-14,29.2684
2001-08-15,29.3096
2001-08-16,29.4409
2001-08-17,29.5585
2001-08-18,29.6264
2001-08-19,29.7354
2001-08-20,29.8142
2001-08-21,29.7139
2001-08-22,29.4638
2001-08-23,29.4472
2001-08-24,29.5346
2001-08-25,29.5518
2001-08-26,29.5404
2001-08-27,29.5818
2001-08-28,29.6321
2001-08-29,29.6106
2001-08-30,29.5440
2001-08-31,29.5251
2001-09-01,29.4191
2001-09-02,29.4498
2001-09-03,29.5558
2001-09-04,29.7251
2001-09-05,29.8024
2001-09-06,29.8491
2001-09-07,29.8083
2001-09-08,29.7587
2001-09-09,29.6676
2001-09-10,29.5932
2001-09-11,29.5028
2001-09-12,29.3881
2001-09-13,29.1003
2001-09-14,28.9392
2001-09-15,29.0079
2001-09-16,29.1331
2001-09-17,29.1456
2001-09-18,29.0417
2001-09-19,29.0124
2001-09-20,29.0032
2001-09-21,29.0542
2001-09-22,29.1034
2001-09-23,29.0539
2001-09-24,28.9905
2001-09-25,28.7374
2001-09-26,28.4643
2001-09-27,28.3494
2001-09-28,28.3201
2001-09-29,28.2959
2001-09-30,28.2456
2001-10-01,28.1480
2001-10-02,28.0296
2001-10-03,27.9372
2001-10-04,27.7339
2001-10-05,27.8223
2001-10-06,27.8639
2001-10-07,27.6997
2001-10-08,27.5297
2001-10-09,27.4034
2001-10-10,27.3882
2001-10-11,27.5044
2001-10-12,27.6689
2001-10-13,27.7026
2001-10-14,27.6673
2001-10-15,27.6187
2001-10-16,27.5152
2001-10-17,27.3858
2001-10-18,27.1359
2001-10-19,27.0075
2001-10-20,26.9422
2001-10-21,26.8699
2001-10-22,26.8688
2001-10-23,26.9776
2001-10-24,27.1041
2001-10-25,27.0947
2001-10-26,27.1491
2001-10-27,27.0122
2001-10-28,26.7362
2001-10-29,26.5957
2001-10-30,26.3798
2001-10-31,26.2365
2001-11-01,26.1988
2001-11-02,26.1920
2001-11-03,26.1409
2001-11-04,26.0235
2001-11-05,26.0282
2001-11-06,25.9956
2001-11-07,25.9356
2001-11-08,25.8882
2001-11-09,25.8529
2001-11-10,25.9134
2001-11-11,25.9372
2001-11-12,25.8321
2001-11-13,25.8103
2001-11-14,25.7612
2001-11-15,25.7648
2001-11-16,25.7556
2001-11-17,25.7608
2001-11-18,25.8554
2001-11-19,25.9171
2001-11-20,25.8152
2001-11-21,25.6235
2001-11-22,25.5571
2001-11-23,25.5396
2001-11-24,25.5113
2001-11-25,25.4441
2001-11-26,25.4097
2001-11-27,25.4051
2001-11-28,25.3792
2001-11-29,25.1173
2001-11-30,25.0490
2001-12-01,25.0840
2001-12-02,25.2018
2001-12-03,25.2698
2001-12-04,25.1772
2001-12-05,25.0650
2001-12-06,24.9759
2001-12-07,24.9261
2001-12-08,24.9645
2001-12-09,25.0140
2001-12-10,24.9358
2001-12-11,24.8165
2001-12-12,24.9065
2001-12-13,24.9838
2001-12-14,24.9854
2001-12-15,24.8981
2001-12-16,24.8229
2001-12-17,24.7030
2001-12-18,24.7210
2001-12-19,24.7562
2001-12-20,24.8447
2001-12-21,24.7820
2001-12-22,24.6605
2001-12-23,24.4905
2001-12-24,24.3078
2001-12-25,24.1476
2001-12-26,23.9928
2001-12-27,23.6294
2001-12-28,23.5767
2001-12-29,23.5848
2001-12-30,23.5782
2001-12-31,23.5167
2002-01-01,23.4527
2002-01-02,23.3851
2002-01-03,23.2546
2002-01-04,23.1955
2002-01-05,23.2752
2002-01-06,23.2539
2002-01-07,23.2198
2002-01-08,23.1551
2002-01-09,23.0741
2002-01-10,23.0064
2002-01-11,22.8770
2002-01-12,22.8230
2002-01-13,22.8520
2002-01-14,22.8526
2002-01-15,22.9071
2002-01-16,22.8880
2002-01-17,22.9412
2002-01-18,23.0680
2002-01-19,23.1744
2002-01-20,23.1963
2002-01-21,23.2788
2002-01-22,23.3441
2002-01-23,23.3306
2002-01-24,23.3028
2002-01-25,23.3577
2002-01-26,23.3558
2002-01-27,23.4722
2002-01-28,23.6508
2002-01-29,23.6729
2002-01-30,23.6671
2002-01-31,23.6883
2002-02-01,23.6980
2002-02-02,23.5662
2002-02-03,23.5029
2002-02-04,23.3757
2002-02-05,23.2618
2002-02-06,23.2704
2002-02-07,23.2208
2002-02-08,23.1491
2002-02-09,23.1096
2002-02-10,23.0976
2002-02-11,23.0854
2002-02-12,23.0583
2002-02-13,22.8979
2002-02-14,22.9703
2002-02-15,23.0971
2002-02-16,23.1452
2002-02-17,23.1844
2002-02-18,23.1874
2002-02-19,23.0690
2002-02-20,23.1025
2002-02-21,23.1082
2002-02-22,22.9171
2002-02-23,22.8676
2002-02-24,22.9200
2002-02-25,22.9816
2002-02-26,22.9814
2002-02-27,22.8362
2002-02-28,22.6730
2002-03-01,22.6845
2002-03-02,22.7387
2002-03-03,22.7410
2002-03-04,22.4955
2002-03-05,22.2343
2002-03-06,22.2149
2002-03-07,22.2997
2002-03-08,22.4312
2002-03-09,22.5861
2002-03-10,22.6576
2002-03-11,22.6421
2002-03-12,22.8402
2002-03-13,22.8910
2002-03-14,22.9878
2002-03-15,23.2979
2002-03-16,23.6180
2002-03-17,23.7959
2002-03-18,23.8145
2002-03-19,23.7880
2002-03-20,23.6622
2002-03-21,23.6622
2002-03-22,23.6689
2002-03-23,23.7068
2002-03-24,23.8603
2002-03-25,24.0917
2002-03-26,24.2331
2002-03-27,24.1341
2002-03-28,24.1570
2002-03-29,24.2380
2002-03-30,24.2650
2002-03-31,24.2662
2002-04-01,24.4200
2002-04-02,24.6613
2002-04-03,24.8581
2002-04-04,24.8100
2002-04-05,24.5735
2002-04-06,24.3755
2002-04-07,24.4522
2002-04-08,24.5429
2002-04-09,24.5166
2002-04-10,24.4902
2002-04-11,24.5930
2002-04-12,24.6426
2002-04-13,24.7517
2002-04-14,24.9098
2002-04-15,24.9891
2002-04-16,25.1998
2002-04-17,25.3183
2002-04-18,25.4288
2002-04-19,25.5419
2002-04-20,25.7851
2002-04-21,25.9582
2002-04-22,25.9803
2002-04-23,25.9670
2002-04-24,26.0522
2002-04-25,26.2169
2002-04-26,26.2816
2002-04-27,26.3241
2002-04-28,26.3888
2002-04-29,26.4737
2002-04-30,26.4834
2002-05-01,26.5379
2002-05-02,26.5879
2002-05-03,26.6502
2002-05-04,26.7569
2002-05-05,26.7834
2002-05-06,26.7730
2002-05-07,26.7546
2002-05-08,26.7737
2002-05-09,26.8300
2002-05-10,26.8731
2002-05-11,26.8572
2002-05-12,26.8095
2002-05-13,26.8405
2002-05-14,26.9711
2002-05-15,27.0354
2002-05-16,27.1295
2002-05-17,27.1846
2002-05-18,26.8734
2002-05-19,26.5622
2002-05-20,26.5620
2002-05-21,26.6134
2002-05-22,26.5467
2002-05-23,26.4254
2002-05-24,26.3421
2002-05-25,26.3602
2002-05-26,26.6111
2002-05-27,26.7262
2002-05-28,26.8924
2002-05-29,27.1733
2002-05-30,27.3705
2002-05-31,27.4545
2002-06-01,27.5540
2002-06-02,27.6493
2002-06-03,27.7043
2002-06-04,27.5832
2002-06-05,27.4992
2002-06-06,27.6679
2002-06-07,27.8030
2002-06-08,27.8498
2002-06-09,27.8335
2002-06-10,27.9190
2002-06-11,27.9920
2002-06-12,28.0425
2002-06-13,28.1801
2002-06-14,28.3801
2002-06-15,28.5211
2002-06-16,28.5597
2002-06-17,28.5658
2002-06-18,28.5151
2002-06-19,28.4640
2002-06-20,28.5751
2002-06-21,28.4494
2002-06-22,28.4703
2002-06-23,28.4508
2002-06-24,28.4463
2002-06-25,28.4673
2002-06-26,28.4833
2002-06-27,28.4287
2002-06-28,28.4012
2002-06-29,28.4560
2002-06-30,28.4056
2002-07-01,28.4801
2002-07-02,28.5370
2002-07-03,28.5767
2002-07-04,28.5660
2002-07-05,28.5621
2002-07-06,28.5214
2002-07-07,28.5041
2002-07-08,28.4597
2002-07-09,28.5266
2002-07-10,28.6343
2002-07-11,28.7565
2002-07-12,28.7841
2002-07-13,28.8913
2002-07-14,29.0362
2002-07-15,29.1309
2002-07-16,29.1507
2002-07-17,29.1839
2002-07-18,29.3257
2002-07-19,29.5045
2002-07-20,29.4944
2002-07-21,29.5117
2002-07-22,29.5294
2002-07-23,29.5893
2002-07-24,29.6362
2002-07-25,29.6938
2002-07-26,29.6654
2002-07-27,29.6157
2002-07-28,29.5117
2002-07-29,29.4030
2002-07-30,29.4626
2002-07-31,29.5586
2002-08-01,29.6076
2002-08-02,29.5853
2002-08-03,29.5784
2002-08-04,29.6804
2002-08-05,29.7299
2002-08-06,29.7013
2002-08-07,29.7672
2002-08-08,29.7948
2002-08-09,29.7914
2002-08-10,29.6572
2002-08-11,29.6563
2002-08-12,29.7728
2002-08-13,29.8696
2002-08-14,29.7603
2002-08-15,29.6962
2002-08-16,29.7026
2002-08-17,29.7141
2002-08-18,29.8022
2002-08-19,29.8918
2002-08-20,29.8745
2002-08-21,29.8068
2002-08-22,29.7914
2002-08-23,29.8692
2002-08-24,29.8842
2002-08-25,29.8486
2002-08-26,29.7832
2002-08-27,29.7670
2002-08-28,29.8278
2002-08-29,29.7849
2002-08-30,29.7013
2002-08-31,29.6482
2002-09-01,29.6178
2002-09-02,29.6146
2002-09-03,29.5399
2002-09-04,29.5199
2002-09-05,29.5193
2002-09-06,29.4822
2002-09-07,29.3288
2002-09-08,29.2274
2002-09-09,29.2441
2002-09-10,29.1287
2002-09-11,29.2375
2002-09-12,29.2978
2002-09-13,29.2840
2002-09-14,29.2615
2002-09-15,29.2568
2002-09-16,29.2592
2002-09-17,29.2511
2002-09-18,29.2437
2002-09-19,29.1656
2002-09-20,28.9061
2002-09-21,28.7924
2002-09-22,28.6287
2002-09-23,28.4617
2002-09-24,28.2285
2002-09-25,28.0310
2002-09-26,27.9083
2002-09-27,27.9940
2002-09-28,28.0245
2002-09-29,28.0539
2002-09-30,28.0434
2002-10-01,27.9814
2002-10-02,27.7547
2002-10-03,27.5675
2002-10-04,27.7404
2002-10-05,27.9219
2002-10-06,28.0787
2002-10-07,28.1374
2002-10-08,28.2858
2002-10-09,28.4711
2002-10-10,28.4376
2002-10-11,28.4536
2002-10-12,28.4638
2002-10-13,28.3821
2002-10-14,28.3537
2002-10-15,28.2147
2002-10-16,28.0998
2002-10-17,27.9417
2002-10-18,27.8360
2002-10-19,27.8013
2002-10-20,27.9829
2002-10-21,28.1289
2002-10-22,28.1299
2002-10-23,28.0660
2002-10-24,27.9182
2002-10-25,27.7755
2002-10-26,27.6395
2002-10-27,27.7557
2002-10-28,27.7895
2002-10-29,27.6484
2002-10-30,27.4920
2002-10-31,27.4137
2002-11-01,27.4552
2002-11-02,27.4209
2002-11-03,27.3143
2002-11-04,27.0955
2002-11-05,27.0733
2002-11-06,27.0509
2002-11-07,26.8358
2002-11-08,26.7456
2002-11-09,26.7298
2002-11-10,26.7425
2002-11-11,26.7437
2002-11-12,26.7368
2002-11-13,26.6199
2002-11-14,26.4099
2002-11-15,26.2792
2002-11-16,26.1884
2002-11-17,25.9785
2002-11-18,25.8599
2002-11-19,25.7611
2002-11-20,25.7011
2002-11-21,25.6887
2002-11-22,25.6669
2002-11-23,25.4823
2002-11-24,25.3287
2002-11-25,25.2730
2002-11-26,25.2101
2002-11-27,25.0790
2002-11-28,24.9056
2002-11-29,24.6988
2002-11-30,24.6424
2002-12-01,24.5270
2002-12-02,24.5538
2002-12-03,24.5013
2002-12-04,24.4840
2002-12-05,24.4671
2002-12-06,24.3406
2002-12-07,24.2153
2002-12-08,24.1718
2002-12-09,24.2397
2002-12-10,24.1740
2002-12-11,23.9990
2002-12-12,24.0295
2002-12-13,24.0711
2002-12-14,24.0434
2002-12-15,23.9009
2002-12-16,23.8842
2002-12-17,23.8499
2002-12-18,23.7229
2002-12-19,23.7019
2002-12-20,23.5970
2002-12-21,23.4389
2002-12-22,23.3472
2002-12-23,23.4665
2002-12-24,23.6276
2002-12-25,23.6373
2002-12-26,23.5429
2002-12-27,23.4257
2002-12-28,23.3525
2002-12-29,23.3366
2002-12-30,23.3347
2002-12-31,23.3374
2003-01-01,23.3228
2003-01-02,23.3059
2003-01-03,23.2078
2003-01-04,23.1353
2003-01-05,23.0223
2003-01-06,22.8399
2003-01-07,22.7071
2003-01-08,22.7385
2003-01-09,22.7404
2003-01-10,22.7400
2003-01-11,22.6345
2003-01-12,22.4157
2003-01-13,22.3455
2003-01-14,22.2593
2003-01-15,22.1778
2003-01-16,22.1268
2003-01-17,22.0876
2003-01-18,21.9585
2003-01-19,21.7231
2003-01-20,21.7824
2003-01-21,21.8368
2003-01-22,21.9194
2003-01-23,21.9316
2003-01-24,21.7001
2003-01-25,21.5829
2003-01-26,21.5905
2003-01-27,21.6044
2003-01-28,21.6471
2003-01-29,21.6490
2003-01-30,21.6262
2003-01-31,21.6263
2003-02-01,21.8042
2003-02-02,21.8254
2003-02-03,21.8117
2003-02-04,21.8769
2003-02-05,21.8737
2003-02-06,21.9015
2003-02-07,21.9610
2003-02-08,21.9703
2003-02-09,22.0359
2003-02-10,22.1716
2003-02-11,22.3045
2003-02-12,22.3336
2003-02-13,22.3240
2003-02-14,22.2580
2003-02-15,22.3038
2003-02-16,22.2800
2003-02-17,22.2258
2003-02-18,22.1804
2003-02-19,22.1952
2003-02-20,22.3074
2003-02-21,22.4837
2003-02-22,22.4258
2003-02-23,22.2999
2003-02-24,22.2432
2003-02-25,22.3491
2003-02-26,22.4196
2003-02-27,22.3980
2003-02-28,22.4086
2003-03-01,22.4603
2003-03-02,22.5401
2003-03-03,22.5850
2003-03-04,22.7842
2003-03-05,23.0232
2003-03-06,23.1546
2003-03-07,23.2547
2003-03-08,23.3767
2003-03-09,23.5523
2003-03-10,23.7561
2003-03-11,23.7679
2003-03-12,23.7968
2003-03-13,23.8831
2003-03-14,24.0239
2003-03-15,24.0359
2003-03-16,23.9695
2003-03-17,23.9533
2003-03-18,23.8855
2003-03-19,23.9447
2003-03-20,24.0631
2003-03-21,24.0677
2003-03-22,23.9131
2003-03-23,23.9013
2003-03-24,23.9622
2003-03-25,23.9250
2003-03-26,23.8130
2003-03-27,23.8549
2003-03-28,23.9430
2003-03-29,23.9110
2003-03-30,23.8061
2003-03-31,23.3362
2003-04-01,23.1109
2003-04-02,23.0388
2003-04-03,23.0615
2003-04-04,23.5508
2003-04-05,23.8676
2003-04-06,24.1179
2003-04-07,24.2524
2003-04-08,24.1961
2003-04-09,23.8786
2003-04-10,23.7305
2003-04-11,23.6424
2003-04-12,23.6913
2003-04-13,23.8023
2003-04-14,23.9048
2003-04-15,24.0226
2003-04-16,24.1419
2003-04-17,24.3119
2003-04-18,24.3900
2003-04-19,24.4835
2003-04-20,24.5841
2003-04-21,24.6334
2003-04-22,24.7168
2003-04-23,24.7597
2003-04-24,24.7209
2003-04-25,24.7433
2003-04-26,24.9145
2003-04-27,24.8968
2003-04-28,24.9588
2003-04-29,25.0054
2003-04-30,25.0885
2003-05-01,25.3185
2003-05-02,25.6219
2003-05-03,25.7525
2003-05-04,25.8537
2003-05-05,26.0102
2003-05-06,26.0567
2003-05-07,26.2170
2003-05-08,26.2867
2003-05-09,26.3046
2003-05-10,26.2389
2003-05-11,26.3631
2003-05-12,26.5367
2003-05-13,26.5539
2003-05-14,26.6810
2003-05-15,26.8864
2003-05-16,27.0543
2003-05-17,27.1392
2003-05-18,27.1962
2003-05-19,27.3263
2003-05-20,27.3626
2003-05-21,27.3229
2003-05-22,27.3056
2003-05-23,27.3688
2003-05-24,27.6093
2003-05-25,27.6884
2003-05-26,27.6773
2003-05-27,27.6266
2003-05-28,27.5625
2003-05-29,27.4627
2003-05-30,27.5078
2003-05-31,27.5614
2003-06-01,27.6661
2003-06-02,27.7360
2003-06-03,27.8178
2003-06-04,27.8621
2003-06-05,27.8652
2003-06-06,27.7951
2003-06-07,27.8192
2003-06-08,28.0819
2003-06-09,28.2464
2003-06-10,28.5320
2003-06-11,28.6595
2003-06-12,28.7056
2003-06-13,28.7354
2003-06-14,28.6893
2003-06-15,28.7289
2003-06-16,28.6114
2003-06-17,28.5540
2003-06-18,28.5976
2003-06-19,28.5154
2003-06-20,28.5231
2003-06-21,28.5804
2003-06-22,28.6391
2003-06-23,28.7273
2003-06-24,28.8001
2003-06-25,28.7700
2003-06-26,28.7314
2003-06-27,28.6749
2003-06-28,28.6183
2003-06-29,28.4262
2003-06-30,28.3127
2003-07-01,28.2892
2003-07-02,28.2713
2003-07-03,28.3518
2003-07-04,28.4381
2003-07-05,28.5764
2003-07-06,28.5564
2003-07-07,28.5712
2003-07-08,28.5794
2003-07-09,28.6218
2003-07-10,28.8525
2003-07-11,28.9263
2003-07-12,28.8777
2003-07-13,28.7258
2003-07-14,28.6607
2003-07-15,28.5778
2003-07-16,28.6069
2003-07-17,28.6722
2003-07-18,28.8015
2003-07-19,29.1253
2003-07-20,29.4452
2003-07-21,29.4069
2003-07-22,29.3709
2003-07-23,29.3327
2003-07-24,29.3240
2003-07-25,29.3316
2003-07-26,29.2973
2003-07-27,29.3435
2003-07-28,29.4158
2003-07-29,29.6516
2003-07-30,29.6621
2003-07-31,29.6154
2003-08-01,29.5674
2003-08-02,29.5215
2003-08-03,29.5620
2003-08-04,29.5356
2003-08-05,29.5164
2003-08-06,29.5338
2003-08-07,29.5322
2003-08-08,29.5149
2003-08-09,29.5067
2003-08-10,29.5788
2003-08-11,29.6201
2003-08-12,29.6005
2003-08-13,29.4976
2003-08-14,29.4496
2003-08-15,29.4163
2003-08-16,29.4543
2003-08-17,29.4620
2003-08-18,29.5120
2003-08-19,29.5636
2003-08-20,29.6195
2003-08-21,29.5721
2003-08-22,29.5272
2003-08-23,29.5669
2003-08-24,29.6900
2003-08-25,29.7509
2003-08-26,29.7188
2003-08-27,29.7259
2003-08-28,29.6927
2003-08-29,29.5302
2003-08-30,29.2621
2003-08-31,29.2076
2003-09-01,29.1965
2003-09-02,29.1586
2003-09-03,29.0816
2003-09-04,29.1232
2003-09-05,29.1307
2003-09-06,29.0549
2003-09-07,29.2311
2003-09-08,29.4034
2003-09-09,29.3860
2003-09-10,29.4795
2003-09-11,29.5321
2003-09-12,29.4377
2003-09-13,29.3368
2003-09-14,29.3528
2003-09-15,29.2614
2003-09-16,29.2067
2003-09-17,29.2059
2003-09-18,29.2264
2003-09-19,29.2343
2003-09-20,29.1666
2003-09-21,29.1065
2003-09-22,29.0427
2003-09-23,28.9673
2003-09-24,28.9520
2003-09-25,28.9380
2003-09-26,28.9455
2003-09-27,28.9832
2003-09-28,28.9513
2003-09-29,28.8292
2003-09-30,28.7397
2003-10-01,28.5907
2003-10-02,28.3792
2003-10-03,28.1548
2003-10-04,28.1824
2003-10-05,28.1846
2003-10-06,28.1885
2003-10-07,28.1844
2003-10-08,28.2804
2003-10-09,28.3075
2003-10-10,28.2828
2003-10-11,28.3065
2003-10-12,28.1677
2003-10-13,28.1472
2003-10-14,28.1665
2003-10-15,28.1561
2003-10-16,28.2021
2003-10-17,28.1660
2003-10-18,27.9163
2003-10-19,27.8250
2003-10-20,27.6647
2003-10-21,27.6585
2003-10-22,27.6367
2003-10-23,27.6267
2003-10-24,27.5977
2003-10-25,27.6381
2003-10-26,27.6653
2003-10-27,27.5221
2003-10-28,27.3017
2003-10-29,27.0054
2003-10-30,27.0097
2003-10-31,26.9483
2003-11-01,26.9368
2003-11-02,26.9348
2003-11-03,26.9806
2003-11-04,27.1399
2003-11-05,27.1369
2003-11-06,27.0513
2003-11-07,26.9848
2003-11-08,27.0013
2003-11-09,27.0135
2003-11-10,26.9424
2003-11-11,26.8746
2003-11-12,26.8373
2003-11-13,26.8031
2003-11-14,26.7505
2003-11-15,26.6800
2003-11-16,26.5811
2003-11-17,26.4461
2003-11-18,26.3349
2003-11-19,26.3502
2003-11-20,26.3604
2003-11-21,26.3160
2003-11-22,26.2017
2003-11-23,26.0771
2003-11-24,25.9504
2003-11-25,25.7132
2003-11-26,25.6724
2003-11-27,25.7862
2003-11-28,25.8171
2003-11-29,25.6096
2003-11-30,25.3000
2003-12-01,25.1526
2003-12-02,25.1219
2003-12-03,25.1357
2003-12-04,25.1331
2003-12-05,25.1200
2003-12-06,25.0232
2003-12-07,24.8304
2003-12-08,24.6585
2003-12-09,24.5849
2003-12-10,24.5391
2003-12-11,24.5443
2003-12-12,24.5045
2003-12-13,24.3254
2003-12-14,24.1395
2003-12-15,24.0863
2003-12-16,24.0424
2003-12-17,23.9051
2003-12-18,23.8330
2003-12-19,23.7350
2003-12-20,23.7186
2003-12-21,23.6023
2003-12-22,23.5417
2003-12-23,23.5306
2003-12-24,23.5150
2003-12-25,23.5046
2003-12-26,23.4993
2003-12-27,23.5751
2003-12-28,23.6339
2003-12-29,23.6454
2003-12-30,23.5291
2003-12-31,23.5209
2004-01-01,23.5231
2004-01-02,23.5337
2004-01-03,23.4962
2004-01-04,23.4162
2004-01-05,23.4615
2004-01-06,23.4017
2004-01-07,23.2306
2004-01-08,23.1132
2004-01-09,23.0792
2004-01-10,22.9439
2004-01-11,22.8783
2004-01-12,22.7168
2004-01-13,22.6254
2004-01-14,22.6126
2004-01-15,22.5897
2004-01-16,22.6591
2004-01-17,22.7431
2004-01-18,22.6128
2004-01-19,22.4802
2004-01-20,22.4439
2004-01-21,22.3769
2004-01-22,22.3541
2004-01-23,22.2987
2004-01-24,22.2553
2004-01-25,22.2751
2004-01-26,22.3016
2004-01-27,22.3023
2004-01-28,22.2725
2004-01-29,22.2489
2004-01-30,22.2026
2004-01-31,22.1840
2004-02-01,22.2297
2004-02-02,22.2665
2004-02-03,22.2627
2004-02-04,22.2907
2004-02-05,22.3725
2004-02-06,22.4075
2004-02-07,22.4109
2004-02-08,22.1559
2004-02-09,22.1100
2004-02-10,22.1071
2004-02-11,22.1700
2004-02-12,22.3244
2004-02-13,22.3550
2004-02-14,22.3805
2004-02-15,22.2776
2004-02-16,22.3137
2004-02-17,22.3798
2004-02-18,22.3518
2004-02-19,22.3355
2004-02-20,22.2766
2004-02-21,22.1998
2004-02-22,22.2885
2004-02-23,22.4358
2004-02-24,22.5171
2004-02-25,22.5199
2004-02-26,22.4196
2004-02-27,22.4299
2004-02-28,22.4104
2004-02-29,22.4625
2004-03-01,22.5296
2004-03-02,22.7405
2004-03-03,22.8505
2004-03-04,22.9253
2004-03-05,22.9892
2004-03-06,23.0544
2004-03-07,23.1591
2004-03-08,23.1295
2004-03-09,23.0784
2004-03-10,22.9335
2004-03-11,22.8601
2004-03-12,22.8516
2004-03-13,22.8830
2004-03-14,22.9035
2004-03-15,22.8997
2004-03-16,23.0042
2004-03-17,23.0377
2004-03-18,23.2101
2004-03-19,23.3806
2004-03-20,23.4823
2004-03-21,23.5521
2004-03-22,23.5535
2004-03-23,23.4271
2004-03-24,23.2948
2004-03-25,23.2236
2004-03-26,23.2111
2004-03-27,23.3737
2004-03-28,23.5273
2004-03-29,23.7473
2004-03-30,23.7725
2004-03-31,23.8692
2004-04-01,23.8805
2004-04-02,23.7863
2004-04-03,23.7280
2004-04-04,23.7081
2004-04-05,23.7280
2004-04-06,23.7728
2004-04-07,24.0691
2004-04-08,24.1870
2004-04-09,24.3245
2004-04-10,24.4507
2004-04-11,24.4270
2004-04-12,24.2117
2004-04-13,24.0189
2004-04-14,23.8344
2004-04-15,23.8332
2004-04-16,23.8042
2004-04-17,23.8323
2004-04-18,23.9304
2004-04-19,24.0008
2004-04-20,24.0922
2004-04-21,24.1727
2004-04-22,24.3438
2004-04-23,24.4115
2004-04-24,24.4287
2004-04-25,24.5405
2004-04-26,24.6660
2004-04-27,24.6744
2004-04-28,24.6346
2004-04-29,24.6824
2004-04-30,24.8140
2004-05-01,24.9356
2004-05-02,24.7348
2004-05-03,24.6569
2004-05-04,24.6642
2004-05-05,24.6960
2004-05-06,24.8107
2004-05-07,24.9083
2004-05-08,24.8823
2004-05-09,24.9886
2004-05-10,25.0800
2004-05-11,25.1123
2004-05-12,25.2079
2004-05-13,25.2904
2004-05-14,25.3224
2004-05-15,25.4433
2004-05-16,25.6328
2004-05-17,25.7355
2004-05-18,25.8811
2004-05-19,26.1570
2004-05-20,26.2538
2004-05-21,26.2536
2004-05-22,26.2856
2004-05-23,26.4999
2004-05-24,26.6549
2004-05-25,26.8130
2004-05-26,26.8527
2004-05-27,26.9484
2004-05-28,27.0793
2004-05-29,27.2688
2004-05-30,27.5344
2004-05-31,27.7083
2004-06-01,27.8191
2004-06-02,27.9024
2004-06-03,27.9126
2004-06-04,27.9653
2004-06-05,28.0923
2004-06-06,28.2229
2004-06-07,28.2945
2004-06-08,28.2281
2004-06-09,28.0110
2004-06-10,28.0815
2004-06-11,28.1910
2004-06-12,28.2520
2004-06-13,28.2149
2004-06-14,28.3202
2004-06-15,28.3619
2004-06-16,28.4951
2004-06-17,28.5579
2004-06-18,28.7092
2004-06-19,29.0483
2004-06-20,29.2758
2004-06-21,29.2522
2004-06-22,29.2183
2004-06-23,29.0393
2004-06-24,28.9105
2004-06-25,28.7925
2004-06-26,28.6694
2004-06-27,28.7856
2004-06-28,29.1121
2004-06-29,29.0250
2004-06-30,28.9530
2004-07-01,28.8745
2004-07-02,28.9743
2004-07-03,29.1831
2004-07-04,29.2297
2004-07-05,29.2787
2004-07-06,29.3975
2004-07-07,29.5137
2004-07-08,29.3538
2004-07-09,29.2729
2004-07-10,29.2400
2004-07-11,29.1199
2004-07-12,29.2577
2004-07-13,29.3086
2004-07-14,29.3899
2004-07-15,29.4654
2004-07-16,29.4868
2004-07-17,29.3109
2004-07-18,29.3196
2004-07-19,29.4619
2004-07-20,29.6585
2004-07-21,29.6877
2004-07-22,29.6724
2004-07-23,29.6561
2004-07-24,29.7049
2004-07-25,29.7070
2004-07-26,29.6826
2004-07-27,29.6538
2004-07-28,29.8480
2004-07-29,30.0067
2004-07-30,29.9739
2004-07-31,29.8948
2004-08-01,29.8101
2004-08-02,29.6839
2004-08-03,29.8526
2004-08-04,29.8787
2004-08-05,29.8906
2004-08-06,29.9763
2004-08-07,29.8513
2004-08-08,29.7930
2004-08-09,29.8243
2004-08-10,29.8684
2004-08-11,29.8293
2004-08-12,29.7350
2004-08-13,29.6036
2004-08-14,29.6166
2004-08-15,29.4513
2004-08-16,29.4381
2004-08-17,29.4454
2004-08-18,29.4910
2004-08-19,29.5747
2004-08-20,29.6251
2004-08-21,29.7294
2004-08-22,29.7659
2004-08-23,29.7627
2004-08-24,29.7204
2004-08-25,29.6420
2004-08-26,29.5651
2004-08-27,29.5894
2004-08-28,29.7415
2004-08-29,29.8117
2004-08-30,29.8298
2004-08-31,29.8605
2004-09-01,29.8770
2004-09-02,29.8288
2004-09-03,29.7192
2004-09-04,29.7233
2004-09-05,29.7552
2004-09-06,29.8196
2004-09-07,29.6208
2004-09-08,29.4823
2004-09-09,29.3694
2004-09-10,29.4016
2004-09-11,29.4250
2004-09-12,29.3892
2004-09-13,29.3312
2004-09-14,29.4579
2004-09-15,29.3310
2004-09-16,28.8824
2004-09-17,28.9835
2004-09-18,29.1180
2004-09-19,29.0434
2004-09-20,28.9483
2004-09-21,28.8364
2004-09-22,28.8244
2004-09-23,28.8693
2004-09-24,28.7587
2004-09-25,28.7427
2004-09-26,28.6779
2004-09-27,28.6313
2004-09-28,28.5335
2004-09-29,28.6862
2004-09-30,28.6980
2004-10-01,28.6595
2004-10-02,28.6699
2004-10-03,28.6485
2004-10-04,28.6759
2004-10-05,28.6073
2004-10-06,28.4060
2004-10-07,28.2171
2004-10-08,28.1045
2004-10-09,28.0760
2004-10-10,28.1176
2004-10-11,28.1105
2004-10-12,28.1239
2004-10-13,28.1908
2004-10-14,28.2492
2004-10-15,27.9685
2004-10-16,27.6956
2004-10-17,27.6197
2004-10-18,27.6413
2004-10-19,27.7878
2004-10-20,28.0165
2004-10-21,28.0786
2004-10-22,27.9748
2004-10-23,27.9232
2004-10-24,27.9100
2004-10-25,27.8327
2004-10-26,27.8253
2004-10-27,27.8935
2004-10-28,27.8556
2004-10-29,27.8345
2004-10-30,27.7609
2004-10-31,27.6415
2004-11-01,27.5314
2004-11-02,27.4127
2004-11-03,27.4276
2004-11-04,27.4416
2004-11-05,27.3847
2004-11-06,27.2884
2004-11-07,27.1227
2004-11-08,26.9867
2004-11-09,26.9679
2004-11-10,26.8778
2004-11-11,26.7420
2004-11-12,26.6429
2004-11-13,26.5514
2004-11-14,26.4732
2004-11-15,26.4253
2004-11-16,26.4308
2004-11-17,26.4434
2004-11-18,26.3967
2004-11-19,26.3811
2004-11-20,26.3078
2004-11-21,26.1373
2004-11-22,26.0826
2004-11-23,26.1433
2004-11-24,26.2189
2004-11-25,26.1147
2004-11-26,26.0171
2004-11-27,25.9229
2004-11-28,25.8986
2004-11-29,25.9390
2004-11-30,25.9554
2004-12-01,25.9348
2004-12-02,25.7154
2004-12-03,25.5705
2004-12-04,25.4809
2004-12-05,25.4855
2004-12-06,25.4787
2004-12-07,25.4603
2004-12-08,25.4682
2004-12-09,25.4503
2004-12-10,25.4351
2004-12-11,25.2968
2004-12-12,25.1243
2004-12-13,24.9445
2004-12-14,24.8863
2004-12-15,24.7832
2004-12-16,24.5382
2004-12-17,24.2583
2004-12-18,24.1820
2004-12-19,24.1750
2004-12-20,24.1487
2004-12-21,24.0357
2004-12-22,24.0190
2004-12-23,24.0241
2004-12-24,23.9244
2004-12-25,23.8607
2004-12-26,23.8550
2004-12-27,23.8381
2004-12-28,23.8320
2004-12-29,23.7865
2004-12-30,23.6763
2004-12-31,23.6365
2005-01-01,23.7934
2005-01-02,23.9308
2005-01-03,23.9177
2005-01-04,23.8858
2005-01-05,23.8638
2005-01-06,23.8165
2005-01-07,23.7979
2005-01-08,23.8160
2005-01-09,23.8329
2005-01-10,23.8436
2005-01-11,23.8342
2005-01-12,23.8654
2005-01-13,23.8482
2005-01-14,23.7706
2005-01-15,23.5818
2005-01-16,23.4852
2005-01-17,23.4144
2005-01-18,23.3932
2005-01-19,23.3577
2005-01-20,23.3032
2005-01-21,23.2535
2005-01-22,23.2148
2005-01-23,23.1427
2005-01-24,23.1599
2005-01-25,23.1005
2005-01-26,23.0937
2005-01-27,23.0848
2005-01-28,22.9907
2005-01-29,22.9358
2005-01-30,22.9792
2005-01-31,22.9753
2005-02-01,22.9810
2005-02-02,22.9766
2005-02-03,22.9309
2005-02-04,22.8432
2005-02-05,22.8036
2005-02-06,22.7068
2005-02-07,22.7049
2005-02-08,22.7348
2005-02-09,22.7994
2005-02-10,22.7708
2005-02-11,22.6028
2005-02-12,22.4768
2005-02-13,22.3918
2005-02-14,22.3931
2005-02-15,22.6184
2005-02-16,22.7975
2005-02-17,22.9137
2005-02-18,22.8404
2005-02-19,22.9152
2005-02-20,23.0627
2005-02-21,23.1809
2005-02-22,23.3023
2005-02-23,23.3650
2005-02-24,23.3239
2005-02-25,23.2212
2005-02-26,23.1423
2005-02-27,23.0312
2005-02-28,22.9983
2005-03-01,23.0199
2005-03-02,22.9549
2005-03-03,22.8510
2005-03-04,22.7657
2005-03-05,22.7932
2005-03-06,23.0078
2005-03-07,23.1027
2005-03-08,23.1352
2005-03-09,23.2749
2005-03-10,23.2509
2005-03-11,23.2560
2005-03-12,23.2506
2005-03-13,23.1926
2005-03-14,23.2196
2005-03-15,23.2630
2005-03-16,23.2145
2005-03-17,23.0981
2005-03-18,22.9303
2005-03-19,23.0813
2005-03-20,23.1271
2005-03-21,23.2091
2005-03-22,23.4518
2005-03-23,23.4946
2005-03-24,23.5146
2005-03-25,23.5766
2005-03-26,23.6139
2005-03-27,23.5069
2005-03-28,23.5126
2005-03-29,23.5437
2005-03-30,23.6381
2005-03-31,23.9888
2005-04-01,24.0262
2005-04-02,23.8186
2005-04-03,23.7694
2005-04-04,23.7291
2005-04-05,23.7439
2005-04-06,23.8013
2005-04-07,23.8614
2005-04-08,23.8956
2005-04-09,24.0737
2005-04-10,24.3203
2005-04-11,24.3387
2005-04-12,24.4135
2005-04-13,24.3814
2005-04-14,24.3407
2005-04-15,24.2699
2005-04-16,24.2068
2005-04-17,24.1887
2005-04-18,24.2690
2005-04-19,24.3993
2005-04-20,24.4981
2005-04-21,24.5556
2005-04-22,24.5261
2005-04-23,24.4734
2005-04-24,24.3788
2005-04-25,24.3590
2005-04-26,24.4622
2005-04-27,24.4859
2005-04-28,24.5561
2005-04-29,24.5864
2005-04-30,24.7146
2005-05-01,24.8937
2005-05-02,24.9547
2005-05-03,24.9390
2005-05-04,24.9152
2005-05-05,24.9658
2005-05-06,24.9622
2005-05-07,24.9088
2005-05-08,24.9499
2005-05-09,25.1280
2005-05-10,25.2834
2005-05-11,25.4023
2005-05-12,25.4598
2005-05-13,25.5532
2005-05-14,25.9207
2005-05-15,26.2508
2005-05-16,26.2631
2005-05-17,26.2837
2005-05-18,26.3410
2005-05-19,26.4230
2005-05-20,26.5857
2005-05-21,26.6608
2005-05-22,26.8399
2005-05-23,27.1081
2005-05-24,27.3063
2005-05-25,27.3036
2005-05-26,27.3651
2005-05-27,27.4577
2005-05-28,27.5905
2005-05-29,27.7320
2005-05-30,27.7188
2005-05-31,27.6196
2005-06-01,27.5276
2005-06-02,27.4990
2005-06-03,27.4288
2005-06-04,27.4733
2005-06-05,27.5105
2005-06-06,27.7784
2005-06-07,27.8474
2005-06-08,27.8987
2005-06-09,28.0528
2005-06-10,27.8238
2005-06-11,27.7050
2005-06-12,27.8825
2005-06-13,28.0237
2005-06-14,28.2042
2005-06-15,28.6166
2005-06-16,28.8373
2005-06-17,29.0764
2005-06-18,29.1038
2005-06-19,28.9436
2005-06-20,28.7959
2005-06-21,28.7419
2005-06-22,28.6870
2005-06-23,28.7040
2005-06-24,28.7520
2005-06-25,28.8254
2005-06-26,28.8304
2005-06-27,28.7561
2005-06-28,28.6699
2005-06-29,28.6168
2005-06-30,28.6933
2005-07-01,29.0103
2005-07-02,29.1700
2005-07-03,29.1548
2005-07-04,29.2619
2005-07-05,29.2392
2005-07-06,29.2793
2005-07-07,29.3203
2005-07-08,29.2961
2005-07-09,29.3261
2005-07-10,29.0683
2005-07-11,28.9940
2005-07-12,28.9935
2005-07-13,29.0715
2005-07-14,29.2766
2005-07-15,29.3208
2005-07-16,29.2615
2005-07-17,29.2852
2005-07-18,29.2616
2005-07-19,28.8464
2005-07-20,28.9863
2005-07-21,29.1371
2005-07-22,29.2448
2005-07-23,29.2106
2005-07-24,29.2176
2005-07-25,29.1852
2005-07-26,29.1539
2005-07-27,29.2434
2005-07-28,29.3866
2005-07-29,29.5356
2005-07-30,29.5768
2005-07-31,29.8022
2005-08-01,30.0497
2005-08-02,30.0121
2005-08-03,29.9842
2005-08-04,29.9883
2005-08-05,29.8981
2005-08-06,29.7820
2005-08-07,29.7479
2005-08-08,29.7782
2005-08-09,29.8114
2005-08-10,30.1627
2005-08-11,30.2645
2005-08-12,30.2909
2005-08-13,30.2253
2005-08-14,30.2498
2005-08-15,30.2589
2005-08-16,30.1775
2005-08-17,30.1421
2005-08-18,30.2064
2005-08-19,30.3428
2005-08-20,30.3249
2005-08-21,30.2976
2005-08-22,30.2586
2005-08-23,30.1332
2005-08-24,29.9715
2005-08-25,29.9001
2005-08-26,29.8544
2005-08-27,29.6335
2005-08-28,29.4447
2005-08-29,29.1909
2005-08-30,29.1501
2005-08-31,29.3813
2005-09-01,29.4295
2005-09-02,29.4244
2005-09-03,29.3951
2005-09-04,29.3515
2005-09-05,29.2491
2005-09-06,29.2087
2005-09-07,29.1709
2005-09-08,29.0652
2005-09-09,29.0124
2005-09-10,29.0492
2005-09-11,28.9667
2005-09-12,29.0185
2005-09-13,29.1431
2005-09-14,29.2589
2005-09-15,29.3766
2005-09-16,29.4235
2005-09-17,29.5271
2005-09-18,29.3799
2005-09-19,29.2980
2005-09-20,29.2701
2005-09-21,29.2570
2005-09-22,29.0254
2005-09-23,28.7267
2005-09-24,28.4691
2005-09-25,28.4853
2005-09-26,28.4838
2005-09-27,28.8986
2005-09-28,28.9919
2005-09-29,29.0265
2005-09-30,29.0300
2005-10-01,28.8320
2005-10-02,28.6530
2005-10-03,28.6077
2005-10-04,28.5897
2005-10-05,28.5037
2005-10-06,28.4650
2005-10-07,28.4470
2005-10-08,28.4364
2005-10-09,28.3082
2005-10-10,28.3737
2005-10-11,28.3835
2005-10-12,28.3898
2005-10-13,28.4789
2005-10-14,28.4512
2005-10-15,28.2762
2005-10-16,28.2304
2005-10-17,28.2214
2005-10-18,28.2192
2005-10-19,28.0247
2005-10-20,27.9099
2005-10-21,27.8243
2005-10-22,27.7751
2005-10-23,27.8955
2005-10-24,27.6872
2005-10-25,27.5569
2005-10-26,27.2338
2005-10-27,27.0704
2005-10-28,26.9702
2005-10-29,26.7822
2005-10-30,26.6214
2005-10-31,26.3734
2005-11-01,26.2608
2005-11-02,26.2355
2005-11-03,26.2060
2005-11-04,26.0623
2005-11-05,25.9887
2005-11-06,26.0793
2005-11-07,26.1142
2005-11-08,26.2010
2005-11-09,26.3374
2005-11-10,26.2667
2005-11-11,26.1972
2005-11-12,26.1535
2005-11-13,26.0599
2005-11-14,26.1623
2005-11-15,26.2220
2005-11-16,26.2510
2005-11-17,26.1364
2005-11-18,25.8852
2005-11-19,25.7027
2005-11-20,25.5664
2005-11-21,25.5330
2005-11-22,25.5940
2005-11-23,25.5930
2005-11-24,25.5578
2005-11-25,25.5199
2005-11-26,25.2340
2005-11-27,25.1510
2005-11-28,25.0306
2005-11-29,24.9606
2005-11-30,24.9039
2005-12-01,24.7925
2005-12-02,24.8084
2005-12-03,24.8241
2005-12-04,24.8215
2005-12-05,24.7937
2005-12-06,24.7384
2005-12-07,24.6399
2005-12-08,24.6167
2005-12-09,24.5365
2005-12-10,24.3081
2005-12-11,24.2612
2005-12-12,24.2511
2005-12-13,24.2381
2005-12-14,24.2611
2005-12-15,24.0913
2005-12-16,23.9832
2005-12-17,23.9429
2005-12-18,23.8973
2005-12-19,23.8537
2005-12-20,23.7710
2005-12-21,23.7873
2005-12-22,23.8140
2005-12-23,23.8272
2005-12-24,23.6865
2005-12-25,23.5499
2005-12-26,23.5420
2005-12-27,23.6081
2005-12-28,23.6273
2005-12-29,23.6105
2005-12-30,23.5394
2005-12-31,23.6879
2006-01-01,23.9273
2006-01-02,24.0517
2006-01-03,23.9906
2006-01-04,23.8960
2006-01-05,23.8124
2006-01-06,23.6115
2006-01-07,23.4388
2006-01-08,23.3798
2006-01-09,23.2866
2006-01-10,23.3401
2006-01-11,23.3969
2006-01-12,23.4136
2006-01-13,23.5512
2006-01-14,23.5683
2006-01-15,23.5437
2006-01-16,23.5052
2006-01-17,23.3544
2006-01-18,23.2248
2006-01-19,23.1256
2006-01-20,23.1128
2006-01-21,23.1969
2006-01-22,23.2312
2006-01-23,23.2510
2006-01-24,23.2901
2006-01-25,23.2500
2006-01-26,23.2267
2006-01-27,23.1765
2006-01-28,23.1038
2006-01-29,23.0881
2006-01-30,23.1635
2006-01-31,23.1829
2006-02-01,23.1510
2006-02-02,23.2513
2006-02-03,23.2780
2006-02-04,23.2180
2006-02-05,23.0584
2006-02-06,22.8886
2006-02-07,22.7536
2006-02-08,22.6970
2006-02-09,22.6945
2006-02-10,22.7484
2006-02-11,22.7227
2006-02-12,22.7053
2006-02-13,22.4722
2006-02-14,22.6324
2006-02-15,22.6253
2006-02-16,22.6015
2006-02-17,22.5739
2006-02-18,22.6523
2006-02-19,22.7535
2006-02-20,22.8016
2006-02-21,22.9092
2006-02-22,23.0365
2006-02-23,23.1598
2006-02-24,23.1876
2006-02-25,23.2196
2006-02-26,23.1824
2006-02-27,23.1001
2006-02-28,22.9694
2006-03-01,22.9944
2006-03-02,23.1189
2006-03-03,23.1618
2006-03-04,23.1611
2006-03-05,23.1682
2006-03-06,23.2286
2006-03-07,23.3114
2006-03-08,23.3580
2006-03-09,23.3778
2006-03-10,23.4050
2006-03-11,23.6251
2006-03-12,23.8042
2006-03-13,23.9481
2006-03-14,23.9660
2006-03-15,23.9191
2006-03-16,23.8548
2006-03-17,23.9121
2006-03-18,23.9672
2006-03-19,23.9453
2006-03-20,23.9997
2006-03-21,24.0107
2006-03-22,23.9819
2006-03-23,23.8830
2006-03-24,23.6940
2006-03-25,23.4340
2006-03-26,23.3191
2006-03-27,23.2759
2006-03-28,23.3101
2006-03-29,23.3508
2006-03-30,23.4550
2006-03-31,23.5299
2006-04-01,23.6385
2006-04-02,23.9407
2006-04-03,24.1419
2006-04-04,24.2029
2006-04-05,24.2642
2006-04-06,24.3272
2006-04-07,24.3186
2006-04-08,24.3235
2006-04-09,24.2677
2006-04-10,24.3038
2006-04-11,24.3847
2006-04-12,24.3806
2006-04-13,24.3960
2006-04-14,24.3727
2006-04-15,24.3339
2006-04-16,24.5475
2006-04-17,24.7778
2006-04-18,24.8307
2006-04-19,24.9925
2006-04-20,25.1795
2006-04-21,25.2968
2006-04-22,25.3877
2006-04-23,25.7139
2006-04-24,26.0626
2006-04-25,26.2596
2006-04-26,26.2419
2006-04-27,26.2424
2006-04-28,26.1694
2006-04-29,26.0722
2006-04-30,25.8350
2006-05-01,25.7368
2006-05-02,25.7486
2006-05-03,25.7992
2006-05-04,26.0474
2006-05-05,26.1076
2006-05-06,26.1759
2006-05-07,26.2077
2006-05-08,26.3120
2006-05-09,26.4431
2006-05-10,26.5451
2006-05-11,26.5321
2006-05-12,26.5622
2006-05-13,26.5115
2006-05-14,26.4847
2006-05-15,26.5623
2006-05-16,26.5980
2006-05-17,26.4951
2006-05-18,26.5156
2006-05-19,26.4692
2006-05-20,26.3749
2006-05-21,26.4029
2006-05-22,26.2596
2006-05-23,26.2183
2006-05-24,26.2370
2006-05-25,26.3439
2006-05-26,26.4151
2006-05-27,26.5203
2006-05-28,26.6302
2006-05-29,26.9968
2006-05-30,26.9715
2006-05-31,26.9666
2006-06-01,27.0420
2006-06-02,27.2323
2006-06-03,27.5088
2006-06-04,27.6286
2006-06-05,27.7060
2006-06-06,27.9380
2006-06-07,27.9863
2006-06-08,27.8791
2006-06-09,27.8028
2006-06-10,27.8820
2006-06-11,27.8265
2006-06-12,27.6591
2006-06-13,27.6957
2006-06-14,27.8425
2006-06-15,27.9614
2006-06-16,28.0313
2006-06-17,28.1395
2006-06-18,28.2139
2006-06-19,28.2460
2006-06-20,28.3072
2006-06-21,28.3312
2006-06-22,28.3131
2006-06-23,28.4760
2006-06-24,28.7582
2006-06-25,28.9440
2006-06-26,29.0063
2006-06-27,29.0807
2006-06-28,29.2474
2006-06-29,29.2853
2006-06-30,29.2359
2006-07-01,29.1691
2006-07-02,29.1491
2006-07-03,29.0967
2006-07-04,29.2776
2006-07-05,29.3697
2006-07-06,29.4802
2006-07-07,29.3935
2006-07-08,29.1591
2006-07-09,29.1278
2006-07-10,29.0909
2006-07-11,29.2143
2006-07-12,29.2914
2006-07-13,29.2995
2006-07-14,29.3112
2006-07-15,29.3451
2006-07-16,29.4566
2006-07-17,29.5558
2006-07-18,29.5456
2006-07-19,29.5639
2006-07-20,29.5126
2006-07-21,29.5235
2006-07-22,29.4935
2006-07-23,29.4302
2006-07-24,29.3896
2006-07-25,29.0637
2006-07-26,29.1141
2006-07-27,29.1854
2006-07-28,29.4364
2006-07-29,29.5756
2006-07-30,29.3546
2006-07-31,29.3459
2006-08-01,29.3337
2006-08-02,29.3388
2006-08-03,29.5068
2006-08-04,29.6008
2006-08-05,29.6226
2006-08-06,29.6444
2006-08-07,29.6324
2006-08-08,29.5928
2006-08-09,29.6263
2006-08-10,29.7500
2006-08-11,29.8595
2006-08-12,29.8347
2006-08-13,29.7995
2006-08-14,29.7607
2006-08-15,29.8573
2006-08-16,29.8706
2006-08-17,29.8131
2006-08-18,29.7968
2006-08-19,29.9584
2006-08-20,30.0080
2006-08-21,29.8958
2006-08-22,29.7858
2006-08-23,29.7543
2006-08-24,29.7911
2006-08-25,29.7852
2006-08-26,29.7976
2006-08-27,29.7560
2006-08-28,29.8548
2006-08-29,29.9630
2006-08-30,29.9830
2006-08-31,30.0687
2006-09-01,30.1049
2006-09-02,30.0304
2006-09-03,29.8867
2006-09-04,29.8156
2006-09-05,29.8396
2006-09-06,29.9414
2006-09-07,30.0494
2006-09-08,30.0399
2006-09-09,29.9649
2006-09-10,29.8606
2006-09-11,29.7473
2006-09-12,29.7484
2006-09-13,29.7455
2006-09-14,29.6904
2006-09-15,29.7945
2006-09-16,29.8913
2006-09-17,29.8935
2006-09-18,29.8796
2006-09-19,29.7498
2006-09-20,29.6468
2006-09-21,29.6291
2006-09-22,29.6737
2006-09-23,29.6587
2006-09-24,29.5192
2006-09-25,29.4188
2006-09-26,29.3847
2006-09-27,29.4639
2006-09-28,29.5051
2006-09-29,29.3805
2006-09-30,29.3361
2006-10-01,29.2626
2006-10-02,29.0593
2006-10-03,28.9523
2006-10-04,28.8097
2006-10-05,28.7349
2006-10-06,28.6432
2006-10-07,28.5195
2006-10-08,28.4560
2006-10-09,28.4378
2006-10-10,28.4399
2006-10-11,28.3811
2006-10-12,28.4649
2006-10-13,28.4171
2006-10-14,28.3200
2006-10-15,28.0780
2006-10-16,28.0402
2006-10-17,27.9915
2006-10-18,28.0597
2006-10-19,28.1603
2006-10-20,28.2838
2006-10-21,28.3823
2006-10-22,28.3662
2006-10-23,28.2289
2006-10-24,27.9338
2006-10-25,27.4131
2006-10-26,27.2329
2006-10-27,27.1842
2006-10-28,27.0633
2006-10-29,26.9950
2006-10-30,26.9265
2006-10-31,26.9196
2006-11-01,26.8832
2006-11-02,26.7951
2006-11-03,26.6576
2006-11-04,26.4935
2006-11-05,26.4278
2006-11-06,26.3753
2006-11-07,26.3492
2006-11-08,26.3611
2006-11-09,26.3575
2006-11-10,26.4066
2006-11-11,26.4075
2006-11-12,26.3058
2006-11-13,26.1773
2006-11-14,26.2580
2006-11-15,26.2886
2006-11-16,26.1061
2006-11-17,25.9416
2006-11-18,25.8184
2006-11-19,25.7488
2006-11-20,25.5176
2006-11-21,25.2991
2006-11-22,25.2364
2006-11-23,24.9975
2006-11-24,24.9051
2006-11-25,24.8339
2006-11-26,24.7713
2006-11-27,24.7753
2006-11-28,24.8799
2006-11-29,25.0009
2006-11-30,25.0546
2006-12-01,25.0034
2006-12-02,24.8641
2006-12-03,24.7423
2006-12-04,24.5875
2006-12-05,24.5048
2006-12-06,24.4196
2006-12-07,24.3428
2006-12-08,24.2322
2006-12-09,24.1172
2006-12-10,24.0714
2006-12-11,23.9836
2006-12-12,23.9827
2006-12-13,23.9945
2006-12-14,23.9684
2006-12-15,24.0005
2006-12-16,24.0060
2006-12-17,24.0043
2006-12-18,24.0494
2006-12-19,24.1473
2006-12-20,24.3023
2006-12-21,24.3353
2006-12-22,24.3034
2006-12-23,24.1116
2006-12-24,23.9612
2006-12-25,23.9446
2006-12-26,23.8871
2006-12-27,23.7833
2006-12-28,23.6112
2006-12-29,23.6158
2006-12-30,23.6394
2006-12-31,23.6941
2007-01-01,23.6005
2007-01-02,23.6165
2007-01-03,23.5896
2007-01-04,23.7007
2007-01-05,23.8153
2007-01-06,23.9457
2007-01-07,23.9842
2007-01-08,23.9274
2007-01-09,23.7246
2007-01-10,23.4767
2007-01-11,23.3093
2007-01-12,23.3884
2007-01-13,23.4825
2007-01-14,23.5975
2007-01-15,23.7121
2007-01-16,23.7779
2007-01-17,23.6597
2007-01-18,23.4362
2007-01-19,23.3763
2007-01-20,23.3906
2007-01-21,23.4051
2007-01-22,23.3794
2007-01-23,23.3456
2007-01-24,23.3261
2007-01-25,23.1505
2007-01-26,23.0271
2007-01-27,22.9476
2007-01-28,22.7787
2007-01-29,22.6606
2007-01-30,22.5620
2007-01-31,22.5409
2007-02-01,22.6431
2007-02-02,22.7328
2007-02-03,22.6756
2007-02-04,22.5682
2007-02-05,22.4761
2007-02-06,22.4522
2007-02-07,22.5252
2007-02-08,22.5775
2007-02-09,22.6453
2007-02-10,22.6215
2007-02-11,22.4920
2007-02-12,22.5396
2007-02-13,22.6906
2007-02-14,22.7585
2007-02-15,22.6069
2007-02-16,22.4444
2007-02-17,22.3532
2007-02-18,22.2621
2007-02-19,22.1798
2007-02-20,22.2876
2007-02-21,22.4351
2007-02-22,22.4974
2007-02-23,22.5452
2007-02-24,22.6253
2007-02-25,22.7284
2007-02-26,22.8089
2007-02-27,22.9178
2007-02-28,23.0305
2007-03-01,23.1301
2007-03-02,23.1147
2007-03-03,23.0487
2007-03-04,22.8762
2007-03-05,22.6459
2007-03-06,22.5809
2007-03-07,22.6150
2007-03-08,22.6568
2007-03-09,22.7089
2007-03-10,22.7638
2007-03-11,22.8789
2007-03-12,22.9855
2007-03-13,23.0923
2007-03-14,23.1680
2007-03-15,23.2731
2007-03-16,23.3287
2007-03-17,23.1991
2007-03-18,23.1109
2007-03-19,23.0412
2007-03-20,22.9526
2007-03-21,22.9829
2007-03-22,23.0783
2007-03-23,23.1953
2007-03-24,23.3302
2007-03-25,23.4636
2007-03-26,23.5557
2007-03-27,23.6823
2007-03-28,23.7984
2007-03-29,23.9263
2007-03-30,23.9446
2007-03-31,23.9075
2007-04-01,23.9535
2007-04-02,24.1181
2007-04-03,24.5021
2007-04-04,24.6605
2007-04-05,24.5717
2007-04-06,24.2556
2007-04-07,24.0601
2007-04-08,23.8181
2007-04-09,23.5148
2007-04-10,23.7198
2007-04-11,24.0554
2007-04-12,24.2020
2007-04-13,24.3038
2007-04-14,24.4533
2007-04-15,24.2826
2007-04-16,23.9366
2007-04-17,23.8764
2007-04-18,23.9077
2007-04-19,23.9928
2007-04-20,24.1310
2007-04-21,24.0874
2007-04-22,24.0431
2007-04-23,24.1198
2007-04-24,24.2359
2007-04-25,24.5495
2007-04-26,24.6435
2007-04-27,24.8237
2007-04-28,24.9674
2007-04-29,25.1370
2007-04-30,25.1774
2007-05-01,25.2468
2007-05-02,25.2952
2007-05-03,25.4177
2007-05-04,25.5660
2007-05-05,25.7841
2007-05-06,25.9154
2007-05-07,25.8845
2007-05-08,25.7739
2007-05-09,25.7179
2007-05-10,25.8312
2007-05-11,25.9134
2007-05-12,26.0486
2007-05-13,26.2225
2007-05-14,26.3880
2007-05-15,26.4284
2007-05-16,26.5167
2007-05-17,26.6032
2007-05-18,26.5890
2007-05-19,26.4296
2007-05-20,26.3165
2007-05-21,26.3208
2007-05-22,26.3571
2007-05-23,26.4125
2007-05-24,26.3768
2007-05-25,26.3095
2007-05-26,26.2745
2007-05-27,26.2917
2007-05-28,26.4579
2007-05-29,26.5482
2007-05-30,26.5825
2007-05-31,26.6421
2007-06-01,26.5797
2007-06-02,26.6254
2007-06-03,26.7729
2007-06-04,26.9512
2007-06-05,27.1188
2007-06-06,27.3082
2007-06-07,27.3983
2007-06-08,27.4536
2007-06-09,27.5299
2007-06-10,27.6592
2007-06-11,28.0164
2007-06-12,28.2467
2007-06-13,28.3894
2007-06-14,28.3856
2007-06-15,28.3272
2007-06-16,28.3492
2007-06-17,28.4426
2007-06-18,28.4349
2007-06-19,28.3942
2007-06-20,28.4121
2007-06-21,28.5292
2007-06-22,28.6351
2007-06-23,28.6790
2007-06-24,28.6635
2007-06-25,28.5203
2007-06-26,28.5756
2007-06-27,28.6625
2007-06-28,28.7310
2007-06-29,28.8166
2007-06-30,28.9701
2007-07-01,28.9576
2007-07-02,28.8967
2007-07-03,28.7881
2007-07-04,28.7255
2007-07-05,28.7091
2007-07-06,28.7897
2007-07-07,28.9910
2007-07-08,29.1751
2007-07-09,29.1430
2007-07-10,29.1165
2007-07-11,29.1140
2007-07-12,29.2017
2007-07-13,29.2891
2007-07-14,29.3384
2007-07-15,29.3011
2007-07-16,29.1074
2007-07-17,29.0126
2007-07-18,29.0929
2007-07-19,29.0780
2007-07-20,29.1605
2007-07-21,29.2625
2007-07-22,29.2853
2007-07-23,29.3153
2007-07-24,29.3332
2007-07-25,29.3147
2007-07-26,29.3030
2007-07-27,29.3355
2007-07-28,29.3271
2007-07-29,29.3326
2007-07-30,29.3553
2007-07-31,29.4201
2007-08-01,29.4767
2007-08-02,29.4256
2007-08-03,29.4554
2007-08-04,29.5248
2007-08-05,29.5207
2007-08-06,29.5106
2007-08-07,29.5673
2007-08-08,29.6982
2007-08-09,29.7824
2007-08-10,29.8691
2007-08-11,29.9391
2007-08-12,29.9925
2007-08-13,30.0294
2007-08-14,30.0004
2007-08-15,29.8412
2007-08-16,29.6045
2007-08-17,29.6614
2007-08-18,29.7798
2007-08-19,29.9046
2007-08-20,29.9004
2007-08-21,29.7898
2007-08-22,29.6448
2007-08-23,29.4550
2007-08-24,29.4788
2007-08-25,29.5185
2007-08-26,29.5818
2007-08-27,29.6181
2007-08-28,29.6078
2007-08-29,29.6267
2007-08-30,29.6716
2007-08-31,29.7412
2007-09-01,29.7530
2007-09-02,29.7718
2007-09-03,29.8396
2007-09-04,29.8703
2007-09-05,29.8315
2007-09-06,29.8531
2007-09-07,29.8613
2007-09-08,29.7600
2007-09-09,29.6489
2007-09-10,29.5974
2007-09-11,29.6060
2007-09-12,29.5668
2007-09-13,29.5032
2007-09-14,29.4963
2007-09-15,29.4326
2007-09-16,29.3371
2007-09-17,29.2954
2007-09-18,29.2785
2007-09-19,29.2806
2007-09-20,29.2683
2007-09-21,29.2498
2007-09-22,29.2427
2007-09-23,29.2047
2007-09-24,28.9560
2007-09-25,28.8730
2007-09-26,28.8836
2007-09-27,28.9595
2007-09-28,28.9688
2007-09-29,28.9607
2007-09-30,28.8648
2007-10-01,28.6811
2007-10-02,28.6041
2007-10-03,28.5859
2007-10-04,28.6410
2007-10-05,28.6126
2007-10-06,28.5617
2007-10-07,28.5267
2007-10-08,28.5360
2007-10-09,28.5244
2007-10-10,28.4433
2007-10-11,28.4254
2007-10-12,28.4048
2007-10-13,28.3106
2007-10-14,28.2904
2007-10-15,28.2894
2007-10-16,28.3206
2007-10-17,28.3791
2007-10-18,28.4637
2007-10-19,28.4280
2007-10-20,28.3014
2007-10-21,28.1255
2007-10-22,28.1197
2007-10-23,27.9375
2007-10-24,27.6133
2007-10-25,27.4244
2007-10-26,27.2571
2007-10-27,27.2046
2007-10-28,27.0554
2007-10-29,26.8719
2007-10-30,26.6807
2007-10-31,26.6147
2007-11-01,26.6615
2007-11-02,26.7378
2007-11-03,26.7371
2007-11-04,26.7149
2007-11-05,26.6844
2007-11-06,26.6869
2007-11-07,26.5839
2007-11-08,26.4446
2007-11-09,26.2794
2007-11-10,26.1780
2007-11-11,26.1005
2007-11-12,26.0285
2007-11-13,25.9579
2007-11-14,25.9125
2007-11-15,25.9279
2007-11-16,25.8183
2007-11-17,25.6722
2007-11-18,25.5587
2007-11-19,25.5866
2007-11-20,25.5980
2007-11-21,25.5470
2007-11-22,25.5080
2007-11-23,25.3729
2007-11-24,25.2168
2007-11-25,25.2148
2007-11-26,25.1734
2007-11-27,25.1273
2007-11-28,25.0389
2007-11-29,25.0568
2007-11-30,25.0905
2007-12-01,25.1172
2007-12-02,25.1725
2007-12-03,25.1565
2007-12-04,25.0447
2007-12-05,25.0036
2007-12-06,25.0627
2007-12-07,25.1660
2007-12-08,25.2343
2007-12-09,25.1932
2007-12-10,25.1684
2007-12-11,25.1328
2007-12-12,25.1556
2007-12-13,25.2040
2007-12-14,25.2221
2007-12-15,25.2003
2007-12-16,25.0148
2007-12-17,24.7758
2007-12-18,24.7579
2007-12-19,24.7558
2007-12-20,24.6290
2007-12-21,24.5805
2007-12-22,24.6143
2007-12-23,24.5594
2007-12-24,24.2379
2007-12-25,24.1567
2007-12-26,24.1284
2007-12-27,24.2142
2007-12-28,24.2316
2007-12-29,24.2269
2007-12-30,24.2511
2007-12-31,24.2002
2008-01-01,24.1950
2008-01-02,24.0816
2008-01-03,23.7169
2008-01-04,23.5842
2008-01-05,23.6063
2008-01-06,23.6174
2008-01-07,23.6932
2008-01-08,23.7338
2008-01-09,23.7286
2008-01-10,23.7253
2008-01-11,23.6983
2008-01-12,23.7227
2008-01-13,23.6702
2008-01-14,23.5726
2008-01-15,23.4028
2008-01-16,23.4011
2008-01-17,23.3454
2008-01-18,23.2938
2008-01-19,23.2651
2008-01-20,23.1219
2008-01-21,22.8686
2008-01-22,22.9149
2008-01-23,23.1013
2008-01-24,23.2480
2008-01-25,23.1836
2008-01-26,23.0758
2008-01-27,23.1273
2008-01-28,23.1543
2008-01-29,23.1486
2008-01-30,23.0376
2008-01-31,22.9301
2008-02-01,22.9228
2008-02-02,22.9258
2008-02-03,23.0239
2008-02-04,23.2065
2008-02-05,23.2647
2008-02-06,23.2828
2008-02-07,23.1450
2008-02-08,23.1833
2008-02-09,23.3175
2008-02-10,23.3375
2008-02-11,23.2859
2008-02-12,23.2287
2008-02-13,23.0276
2008-02-14,23.0624
2008-02-15,23.1402
2008-02-16,23.2216
2008-02-17,23.3617
2008-02-18,23.4017
2008-02-19,23.2558
2008-02-20,23.0904
2008-02-21,23.2707
2008-02-22,23.6854
2008-02-23,23.8607
2008-02-24,23.9874
2008-02-25,23.9920
2008-02-26,23.9681
2008-02-27,23.5174
2008-02-28,22.9525
2008-02-29,22.9147
2008-03-01,22.9097
2008-03-02,22.9835
2008-03-03,23.0357
2008-03-04,23.0439
2008-03-05,22.9939
2008-03-06,23.1173
2008-03-07,23.1495
2008-03-08,22.9877
2008-03-09,22.7697
2008-03-10,22.5929
2008-03-11,22.6504
2008-03-12,22.8267
2008-03-13,22.9584
2008-03-14,23.1533
2008-03-15,23.4505
2008-03-16,23.6239
2008-03-17,23.6416
2008-03-18,23.5585
2008-03-19,23.4136
2008-03-20,23.2608
2008-03-21,23.2284
2008-03-22,23.2429
2008-03-23,23.2501
2008-03-24,23.2265
2008-03-25,23.2075
2008-03-26,23.2348
2008-03-27,23.3699
2008-03-28,23.5649
2008-03-29,23.7192
2008-03-30,23.8171
2008-03-31,23.9714
2008-04-01,24.1863
2008-04-02,24.4935
2008-04-03,24.6967
2008-04-04,24.8104
2008-04-05,24.7089
2008-04-06,24.5922
2008-04-07,24.7029
2008-04-08,24.8135
2008-04-09,24.9688
2008-04-10,25.1587
2008-04-11,25.3039
2008-04-12,25.3031
2008-04-13,25.1896
2008-04-14,24.9216
2008-04-15,24.5672
2008-04-16,24.3197
2008-04-17,24.2693
2008-04-18,24.2055
2008-04-19,24.2464
2008-04-20,24.4325
2008-04-21,24.7205
2008-04-22,24.8879
2008-04-23,24.9709
2008-04-24,24.9841
2008-04-25,24.9723
2008-04-26,24.9436
2008-04-27,24.9271
2008-04-28,24.8793
2008-04-29,24.8562
2008-04-30,24.8258
2008-05-01,24.8960
2008-05-02,24.9547
2008-05-03,25.0568
2008-05-04,25.2393
2008-05-05,25.4333
2008-05-06,25.5579
2008-05-07,25.6354
2008-05-08,25.7038
2008-05-09,26.0336
2008-05-10,26.3762
2008-05-11,26.4520
2008-05-12,26.4583
2008-05-13,26.4637
2008-05-14,26.5085
2008-05-15,26.5220
2008-05-16,26.5195
2008-05-17,26.5492
2008-05-18,26.6471
2008-05-19,26.6896
2008-05-20,26.7246
2008-05-21,26.8503
2008-05-22,26.9162
2008-05-23,26.9793
2008-05-24,27.0424
2008-05-25,27.1248
2008-05-26,27.1190
2008-05-27,27.0893
2008-05-28,27.1025
2008-05-29,27.1723
2008-05-30,27.1909
2008-05-31,27.2242
2008-06-01,27.4105
2008-06-02,27.6179
2008-06-03,27.7184
2008-06-04,27.7123
2008-06-05,27.6394
2008-06-06,27.6241
2008-06-07,27.6283
2008-06-08,27.6960
2008-06-09,27.7741
2008-06-10,27.8724
2008-06-11,27.9923
2008-06-12,27.9616
2008-06-13,27.9359
2008-06-14,28.0813
2008-06-15,28.1874
2008-06-16,28.2586
2008-06-17,28.4326
2008-06-18,28.5683
2008-06-19,28.5599
2008-06-20,28.5622
2008-06-21,28.6129
2008-06-22,28.5981
2008-06-23,28.4581
2008-06-24,28.4075
2008-06-25,28.3937
2008-06-26,28.4148
2008-06-27,28.4162
2008-06-28,28.0533
2008-06-29,27.9056
2008-06-30,28.0252
2008-07-01,28.2473
2008-07-02,28.3732
2008-07-03,28.4347
2008-07-04,28.4601
2008-07-05,28.4572
2008-07-06,28.5491
2008-07-07,28.5772
2008-07-08,28.6176
2008-07-09,28.6547
2008-07-10,28.6953
2008-07-11,28.8491
2008-07-12,28.9794
2008-07-13,29.1358
2008-07-14,29.1872
2008-07-15,29.1980
2008-07-16,29.1517
2008-07-17,29.1915
2008-07-18,29.1715
2008-07-19,29.1531
2008-07-20,29.1562
2008-07-21,29.1553
2008-07-22,29.1082
2008-07-23,28.9363
2008-07-24,28.6692
2008-07-25,28.7236
2008-07-26,28.8843
2008-07-27,29.1233
2008-07-28,29.2496
2008-07-29,29.2648
2008-07-30,29.2959
2008-07-31,29.3189
2008-08-01,29.3610
2008-08-02,29.3888
2008-08-03,29.3790
2008-08-04,29.2756
2008-08-05,29.2152
2008-08-06,29.3301
2008-08-07,29.4152
2008-08-08,29.4563
2008-08-09,29.2912
2008-08-10,29.1763
2008-08-11,29.1048
2008-08-12,29.0622
2008-08-13,28.9810
2008-08-14,29.0159
2008-08-15,29.0789
2008-08-16,29.1318
2008-08-17,29.1177
2008-08-18,29.1048
2008-08-19,29.1474
2008-08-20,29.2623
2008-08-21,29.3573
2008-08-22,29.3889
2008-08-23,29.3474
2008-08-24,29.4024
2008-08-25,29.4838
2008-08-26,29.5366
2008-08-27,29.6194
2008-08-28,29.6279
2008-08-29,29.6002
2008-08-30,29.4808
2008-08-31,29.3320
2008-09-01,29.0107
2008-09-02,28.9494
2008-09-03,29.0052
2008-09-04,29.1242
2008-09-05,29.2025
2008-09-06,29.2206
2008-09-07,29.1762
2008-09-08,29.0973
2008-09-09,29.0259
2008-09-10,28.9931
2008-09-11,28.9365
2008-09-12,28.9231
2008-09-13,28.6496
2008-09-14,28.6275
2008-09-15,28.7081
2008-09-16,28.7717
2008-09-17,28.7417
2008-09-18,28.6543
2008-09-19,28.5750
2008-09-20,28.5217
2008-09-21,28.4463
2008-09-22,28.4086
2008-09-23,28.3930
2008-09-24,28.3896
2008-09-25,28.2071
2008-09-26,28.1180
2008-09-27,28.1171
2008-09-28,28.1328
2008-09-29,28.1038
2008-09-30,28.1401
2008-10-01,28.0951
2008-10-02,28.0934
2008-10-03,28.0801
2008-10-04,28.0876
2008-10-05,28.0805
2008-10-06,28.1182
2008-10-07,28.1340
2008-10-08,27.9795
2008-10-09,27.9666
2008-10-10,28.0101
2008-10-11,28.0566
2008-10-12,27.9991
2008-10-13,27.9488
2008-10-14,27.8375
2008-10-15,27.7253
2008-10-16,27.6097
2008-10-17,27.5839
2008-10-18,27.5768
2008-10-19,27.4933
2008-10-20,27.2795
2008-10-21,27.1696
2008-10-22,27.1072
2008-10-23,27.0407
2008-10-24,26.9130
2008-10-25,26.9650
2008-10-26,27.0535
2008-10-27,26.9633
2008-10-28,26.7633
2008-10-29,26.5658
2008-10-30,26.4328
2008-10-31,26.1998
2008-11-01,26.0575
2008-11-02,25.9927
2008-11-03,26.0041
2008-11-04,26.0307
2008-11-05,26.0033
2008-11-06,25.9717
2008-11-07,25.9556
2008-11-08,25.9801
2008-11-09,25.9688
2008-11-10,25.8814
2008-11-11,25.7522
2008-11-12,25.6310
2008-11-13,25.6907
2008-11-14,25.7361
2008-11-15,25.6985
2008-11-16,25.5589
2008-11-17,25.2510
2008-11-18,25.1442
2008-11-19,25.1026
2008-11-20,25.0810
2008-11-21,25.0348
2008-11-22,24.8627
2008-11-23,24.7633
2008-11-24,24.6543
2008-11-25,24.5300
2008-11-26,24.5398
2008-11-27,24.6097
2008-11-28,24.6386
2008-11-29,24.6044
2008-11-30,24.5787
2008-12-01,24.4469
2008-12-02,24.2429
2008-12-03,24.1370
2008-12-04,24.0913
2008-12-05,23.9728
2008-12-06,23.8806
2008-12-07,23.8811
2008-12-08,23.8646
2008-12-09,23.9455
2008-12-10,24.0357
2008-12-11,23.9547
2008-12-12,23.7193
2008-12-13,23.6443
2008-12-14,23.5746
2008-12-15,23.5196
2008-12-16,23.5646
2008-12-17,23.6666
2008-12-18,23.7025
2008-12-19,23.7260
2008-12-20,23.7348
2008-12-21,23.7628
2008-12-22,23.6331
2008-12-23,23.3829
2008-12-24,23.4192
2008-12-25,23.5356
2008-12-26,23.6633
2008-12-27,23.6942
2008-12-28,23.6647
2008-12-29,23.5725
2008-12-30,23.5802
2008-12-31,23.5837
2009-01-01,23.5830
2009-01-02,23.6332
2009-01-03,23.6666
2009-01-04,23.8763
2009-01-05,23.8300
2009-01-06,23.7731
2009-01-07,23.7537
2009-01-08,23.6865
2009-01-09,23.7043
2009-01-10,23.7517
2009-01-11,23.6675
2009-01-12,23.5019
2009-01-13,23.3926
2009-01-14,23.2764
2009-01-15,23.1987
2009-01-16,23.0479
2009-01-17,22.8428
2009-01-18,22.8161
2009-01-19,22.7889
2009-01-20,22.7015
2009-01-21,22.4701
2009-01-22,22.3595
2009-01-23,22.4061
2009-01-24,22.4606
2009-01-25,22.5163
2009-01-26,22.5625
2009-01-27,22.5431
2009-01-28,22.5475
2009-01-29,22.5641
2009-01-30,22.5481
2009-01-31,22.4127
2009-02-01,22.2372
2009-02-02,22.2039
2009-02-03,22.3000
2009-02-04,22.2907
2009-02-05,22.2187
2009-02-06,22.0991
2009-02-07,22.0795
2009-02-08,22.1203
2009-02-09,22.1466
2009-02-10,22.1933
2009-02-11,22.3920
2009-02-12,22.5533
2009-02-13,22.7453
2009-02-14,22.8843
2009-02-15,23.0445
2009-02-16,22.9201
2009-02-17,22.8043
2009-02-18,22.8701
2009-02-19,23.0110
2009-02-20,22.8717
2009-02-21,22.6104
2009-02-22,22.6038
2009-02-23,22.6362
2009-02-24,22.7362
2009-02-25,22.8264
2009-02-26,22.8910
2009-02-27,23.0128
2009-02-28,23.1540
2009-03-01,23.0474
2009-03-02,22.7909
2009-03-03,22.5640
2009-03-04,22.4976
2009-03-05,22.5169
2009-03-06,22.5655
2009-03-07,22.6303
2009-03-08,22.7801
2009-03-09,23.0119
2009-03-10,23.1469
2009-03-11,23.2167
2009-03-12,23.1843
2009-03-13,23.1504
2009-03-14,23.1614
2009-03-15,23.2005
2009-03-16,23.2665
2009-03-17,23.3540
2009-03-18,23.3600
2009-03-19,23.4403
2009-03-20,23.5420
2009-03-21,23.6168
2009-03-22,23.5253
2009-03-23,23.4633
2009-03-24,23.5056
2009-03-25,23.5479
2009-03-26,23.6739
2009-03-27,23.7933
2009-03-28,23.7856
2009-03-29,23.6423
2009-03-30,23.6121
2009-03-31,23.6267
2009-04-01,23.7834
2009-04-02,23.9878
2009-04-03,24.0297
2009-04-04,24.0371
2009-04-05,24.0704
2009-04-06,23.9764
2009-04-07,23.6975
2009-04-08,23.3646
2009-04-09,23.4084
2009-04-10,23.5266
2009-04-11,23.6280
2009-04-12,23.8212
2009-04-13,23.9711
2009-04-14,23.9272
2009-04-15,23.9110
2009-04-16,23.9065
2009-04-17,23.9330
2009-04-18,23.8677
2009-04-19,23.9089
2009-04-20,24.0209
2009-04-21,24.1490
2009-04-22,24.2421
2009-04-23,24.3152
2009-04-24,24.3379
2009-04-25,24.3491
2009-04-26,24.3779
2009-04-27,24.4368
2009-04-28,24.4988
2009-04-29,24.6391
2009-04-30,24.8682
2009-05-01,25.1114
2009-05-02,25.2599
2009-05-03,25.4449
2009-05-04,25.6119
2009-05-05,25.7606
2009-05-06,25.8690
2009-05-07,26.0864
2009-05-08,26.3015
2009-05-09,26.4856
2009-05-10,26.6009
2009-05-11,26.6863
2009-05-12,26.8596
2009-05-13,26.8172
2009-05-14,26.7109
2009-05-15,26.6803
2009-05-16,26.6449
2009-05-17,26.5998
2009-05-18,26.5174
2009-05-19,26.3350
2009-05-20,26.0863
2009-05-21,26.0437
2009-05-22,26.1471
2009-05-23,26.3844
2009-05-24,26.5606
2009-05-25,26.7298
2009-05-26,26.9157
2009-05-27,27.0950
2009-05-28,27.1913
2009-05-29,27.1907
2009-05-30,27.1782
2009-05-31,27.2663
2009-06-01,27.3201
2009-06-02,27.3633
2009-06-03,27.3986
2009-06-04,27.4633
2009-06-05,27.4966
2009-06-06,27.4387
2009-06-07,27.4224
2009-06-08,27.6964
2009-06-09,27.8021
2009-06-10,27.8831
2009-06-11,28.0365
2009-06-12,28.1806
2009-06-13,28.2472
2009-06-14,28.2742
2009-06-15,28.3478
2009-06-16,28.4124
2009-06-17,28.4858
2009-06-18,28.5689
2009-06-19,28.6876
2009-06-20,28.7669
2009-06-21,28.8457
2009-06-22,28.8779
2009-06-23,28.8989
2009-06-24,29.0854
2009-06-25,29.0989
2009-06-26,29.0667
2009-06-27,29.0775
2009-06-28,29.0624
2009-06-29,29.1336
2009-06-30,29.2414
2009-07-01,29.3001
2009-07-02,29.4101
2009-07-03,29.5540
2009-07-04,29.6384
2009-07-05,29.6326
2009-07-06,29.5439
2009-07-07,29.4216
2009-07-08,29.3245
2009-07-09,29.3614
2009-07-10,29.3486
2009-07-11,29.3301
2009-07-12,29.4766
2009-07-13,29.6806
2009-07-14,29.7387
2009-07-15,29.7590
2009-07-16,29.8068
2009-07-17,29.8432
2009-07-18,29.7057
2009-07-19,29.5332
2009-07-20,29.5010
2009-07-21,29.5221
2009-07-22,29.6075
2009-07-23,29.8012
2009-07-24,29.9753
2009-07-25,30.0268
2009-07-26,29.9965
2009-07-27,29.8685
2009-07-28,29.8173
2009-07-29,29.8633
2009-07-30,29.8881
2009-07-31,29.8040
2009-08-01,29.7651
2009-08-02,29.8531
2009-08-03,29.9630
2009-08-04,30.0426
2009-08-05,30.1077
2009-08-06,30.1063
2009-08-07,30.0935
2009-08-08,30.0904
2009-08-09,30.0282
2009-08-10,30.0222
2009-08-11,30.0972
2009-08-12,30.1075
2009-08-13,30.1014
2009-08-14,30.1752
2009-08-15,30.1931
2009-08-16,30.0354
2009-08-17,29.9263
2009-08-18,29.9131
2009-08-19,29.8865
2009-08-20,29.9066
2009-08-21,29.8473
2009-08-22,29.8022
2009-08-23,29.8326
2009-08-24,29.8383
2009-08-25,29.8381
2009-08-26,29.8409
2009-08-27,29.8316
2009-08-28,29.8768
2009-08-29,29.9911
2009-08-30,29.9910
2009-08-31,30.0236
2009-09-01,30.0280
2009-09-02,30.0577
2009-09-03,30.0760
2009-09-04,30.1131
2009-09-05,30.1112
2009-09-06,30.1165
2009-09-07,30.0888
2009-09-08,30.0155
2009-09-09,29.9636
2009-09-10,29.8433
2009-09-11,29.6527
2009-09-12,29.6562
2009-09-13,29.7206
2009-09-14,29.7870
2009-09-15,29.8037
2009-09-16,29.8417
2009-09-17,29.8046
2009-09-18,29.8217
2009-09-19,29.9089
2009-09-20,29.9371
2009-09-21,29.9292
2009-09-22,29.8462
2009-09-23,29.7029
2009-09-24,29.6085
2009-09-25,29.6079
2009-09-26,29.6750
2009-09-27,29.8093
2009-09-28,29.9167
2009-09-29,29.9192
2009-09-30,29.7392
2009-10-01,29.5865
2009-10-02,29.5597
2009-10-03,29.5280
2009-10-04,29.4844
2009-10-05,29.3847
2009-10-06,29.4189
2009-10-07,29.3973
2009-10-08,29.3488
2009-10-09,29.2356
2009-10-10,29.1943
2009-10-11,29.0108
2009-10-12,28.9676
2009-10-13,28.9773
2009-10-14,29.0071
2009-10-15,29.0417
2009-10-16,29.0578
2009-10-17,28.9700
2009-10-18,28.4248
2009-10-19,27.8786
2009-10-20,27.7124
2009-10-21,27.5674
2009-10-22,27.5155
2009-10-23,27.6462
2009-10-24,27.7643
2009-10-25,27.6995
2009-10-26,27.6502
2009-10-27,27.4904
2009-10-28,27.5103
2009-10-29,27.4820
2009-10-30,27.3799
2009-10-31,27.2400
2009-11-01,27.1217
2009-11-02,26.9716
2009-11-03,26.8999
2009-11-04,26.8094
2009-11-05,26.7648
2009-11-06,26.6528
2009-11-07,26.5043
2009-11-08,26.3131
2009-11-09,26.1988
2009-11-10,26.1950
2009-11-11,26.2234
2009-11-12,26.1936
2009-11-13,26.1252
2009-11-14,26.0427
2009-11-15,26.0458
2009-11-16,26.0193
2009-11-17,25.8611
2009-11-18,25.6213
2009-11-19,25.4856
2009-11-20,25.3894
2009-11-21,25.2853
2009-11-22,25.1868
2009-11-23,25.0975
2009-11-24,25.0168
2009-11-25,24.9909
2009-11-26,24.8672
2009-11-27,24.8732
2009-11-28,24.7916
2009-11-29,24.6921
2009-11-30,24.6431
2009-12-01,24.6599
2009-12-02,24.6195
2009-12-03,24.5703
2009-12-04,24.3788
2009-12-05,24.2817
2009-12-06,24.1880
2009-12-07,24.1729
2009-12-08,24.3911
2009-12-09,24.5938
2009-12-10,24.5826
2009-12-11,24.3866
2009-12-12,24.3179
2009-12-13,24.3644
2009-12-14,24.4250
2009-12-15,24.4905
2009-12-16,24.4449
2009-12-17,24.2826
2009-12-18,24.1462
2009-12-19,24.0455
2009-12-20,23.8306
2009-12-21,23.6718
2009-12-22,23.6180
2009-12-23,23.6158
2009-12-24,23.6011
2009-12-25,23.4948
2009-12-26,23.3494
2009-12-27,23.2602
2009-12-28,23.2317
2009-12-29,23.1814
2009-12-30,23.1464
2009-12-31,23.0455
2010-01-01,23.0228
2010-01-02,23.0295
2010-01-03,22.8151
2010-01-04,22.6822
2010-01-05,22.5061
2010-01-06,22.3470
2010-01-07,22.2759
2010-01-08,22.2317
2010-01-09,22.0965
2010-01-10,21.9756
2010-01-11,22.0111
2010-01-12,21.9613
2010-01-13,21.9289
2010-01-14,21.8254
2010-01-15,21.7132
2010-01-16,21.7341
2010-01-17,21.7172
2010-01-18,21.7092
2010-01-19,21.7640
2010-01-20,21.8591
2010-01-21,22.1135
2010-01-22,22.4002
2010-01-23,22.4814
2010-01-24,22.4303
2010-01-25,22.3013
2010-01-26,22.2039
2010-01-27,22.1146
2010-01-28,21.9914
2010-01-29,21.9047
2010-01-30,21.9456
2010-01-31,21.8995
2010-02-01,21.9136
2010-02-02,21.9643
2010-02-03,21.9664
2010-02-04,21.9477
2010-02-05,22.0415
2010-02-06,22.1035
2010-02-07,21.9888
2010-02-08,21.8841
2010-02-09,21.9478
2010-02-10,21.9046
2010-02-11,21.8237
2010-02-12,21.6997
2010-02-13,21.6645
2010-02-14,21.5952
2010-02-15,21.4303
2010-02-16,21.3151
2010-02-17,21.2546
2010-02-18,21.1542
2010-02-19,21.1628
2010-02-20,21.3354
2010-02-21,21.5900
2010-02-22,21.8065
2010-02-23,21.8978
2010-02-24,21.6564
2010-02-25,21.3113
2010-02-26,21.1678
2010-02-27,21.0832
2010-02-28,21.0907
2010-03-01,21.0802
2010-03-02,20.9221
2010-03-03,20.7596
2010-03-04,20.6937
2010-03-05,20.6924
2010-03-06,20.6772
2010-03-07,20.7130
2010-03-08,20.7842
2010-03-09,21.0469
2010-03-10,21.1997
2010-03-11,21.2516
2010-03-12,21.2410
2010-03-13,21.2429
2010-03-14,21.3663
2010-03-15,21.4080
2010-03-16,21.2825
2010-03-17,21.2159
2010-03-18,21.2547
2010-03-19,21.3177
2010-03-20,21.2890
2010-03-21,21.1686
2010-03-22,21.2785
2010-03-23,21.3626
2010-03-24,21.3817
2010-03-25,21.5486
2010-03-26,21.5951
2010-03-27,21.7067
2010-03-28,21.8224
2010-03-29,21.6196
2010-03-30,21.6562
2010-03-31,21.8231
2010-04-01,22.0251
2010-04-02,22.1826
2010-04-03,22.4138
2010-04-04,22.6846
2010-04-05,22.7568
2010-04-06,22.7933
2010-04-07,22.8642
2010-04-08,22.7988
2010-04-09,22.5834
2010-04-10,22.4931
2010-04-11,22.5266
2010-04-12,22.6269
2010-04-13,22.6045
2010-04-14,22.7575
2010-04-15,22.7745
2010-04-16,22.8142
2010-04-17,22.9215
2010-04-18,23.1390
2010-04-19,23.3623
2010-04-20,23.5922
2010-04-21,23.6909
2010-04-22,23.7803
2010-04-23,24.0867
2010-04-24,24.3316
2010-04-25,24.3583
2010-04-26,24.4626
2010-04-27,24.4876
2010-04-28,24.3773
2010-04-29,24.2602
2010-04-30,24.3482
2010-05-01,24.6441
2010-05-02,24.9093
2010-05-03,25.1214
2010-05-04,25.3022
2010-05-05,25.4475
2010-05-06,25.7273
2010-05-07,26.0081
2010-05-08,26.2629
2010-05-09,26.1922
2010-05-10,26.0599
2010-05-11,26.0185
2010-05-12,26.0444
2010-05-13,26.0084
2010-05-14,25.8854
2010-05-15,25.8671
2010-05-16,26.2669
2010-05-17,26.5292
2010-05-18,26.7021
2010-05-19,26.8018
2010-05-20,26.8257
2010-05-21,26.8463
2010-05-22,26.9780
2010-05-23,27.0915
2010-05-24,27.1836
2010-05-25,27.3484
2010-05-26,27.5558
2010-05-27,27.7176
2010-05-28,27.9176
2010-05-29,28.0845
2010-05-30,28.0857
2010-05-31,28.0339
2010-06-01,28.0359
2010-06-02,28.1465
2010-06-03,28.2006
2010-06-04,28.2030
2010-06-05,28.2633
2010-06-06,28.3930
2010-06-07,28.5630
2010-06-08,28.6668
2010-06-09,28.6878
2010-06-10,28.6539
2010-06-11,28.7149
2010-06-12,28.8764
2010-06-13,28.9888
2010-06-14,29.1248
2010-06-15,29.2175
2010-06-16,29.3070
2010-06-17,29.3855
2010-06-18,29.4778
2010-06-19,29.5402
2010-06-20,29.5615
2010-06-21,29.5967
2010-06-22,29.4595
2010-06-23,29.3690
2010-06-24,29.3167
2010-06-25,29.3013
2010-06-26,29.3293
2010-06-27,29.3127
2010-06-28,29.3169
2010-06-29,29.3047
2010-06-30,29.0326
2010-07-01,28.6900
2010-07-02,28.6371
2010-07-03,28.7651
2010-07-04,28.8402
2010-07-05,28.8816
2010-07-06,28.8730
2010-07-07,28.8939
2010-07-08,28.8524
2010-07-09,28.9979
2010-07-10,29.2849
2010-07-11,29.4264
2010-07-12,29.4557
2010-07-13,29.4300
2010-07-14,29.3575
2010-07-15,29.3865
2010-07-16,29.4747
2010-07-17,29.4049
2010-07-18,29.3787
2010-07-19,29.3677
2010-07-20,29.4682
2010-07-21,29.4437
2010-07-22,29.3808
2010-07-23,29.2910
2010-07-24,29.3438
2010-07-25,29.4626
2010-07-26,29.5038
2010-07-27,29.4708
2010-07-28,29.5810
2010-07-29,29.6822
2010-07-30,29.8031
2010-07-31,30.0262
2010-08-01,30.1469
2010-08-02,30.2176
2010-08-03,30.3176
2010-08-04,30.4255
2010-08-05,30.4938
2010-08-06,30.5191
2010-08-07,30.5055
2010-08-08,30.4604
2010-08-09,30.2780
2010-08-10,30.2250
2010-08-11,30.2635
2010-08-12,30.3300
2010-08-13,30.2481
2010-08-14,30.2309
2010-08-15,30.2087
2010-08-16,30.1650
2010-08-17,30.1886
2010-08-18,30.1448
2010-08-19,30.1669
2010-08-20,30.1976
2010-08-21,30.1346
2010-08-22,30.0805
2010-08-23,30.0721
2010-08-24,30.0440
2010-08-25,30.0487
2010-08-26,30.0425
2010-08-27,29.9199
2010-08-28,29.8348
2010-08-29,29.8181
2010-08-30,29.8109
2010-08-31,29.7986
2010-09-01,29.7754
2010-09-02,29.7483
2010-09-03,29.7572
2010-09-04,29.7648
2010-09-05,29.7082
2010-09-06,29.5575
2010-09-07,29.4912
2010-09-08,29.5485
2010-09-09,29.6052
2010-09-10,29.7298
2010-09-11,29.8241
2010-09-12,29.8177
2010-09-13,29.7690
2010-09-14,29.7762
2010-09-15,29.7941
2010-09-16,29.6828
2010-09-17,29.6533
2010-09-18,29.6171
2010-09-19,29.4693
2010-09-20,29.4144
2010-09-21,29.3984
2010-09-22,29.2933
2010-09-23,29.1935
2010-09-24,29.1373
2010-09-25,29.1770
2010-09-26,29.1740
2010-09-27,29.0795
2010-09-28,28.9633
2010-09-29,28.8619
2010-09-30,28.8128
2010-10-01,28.7339
2010-10-02,28.6730
2010-10-03,28.5814
2010-10-04,28.4574
2010-10-05,28.2521
2010-10-06,27.9725
2010-10-07,27.7727
2010-10-08,27.6228
2010-10-09,27.5169
2010-10-10,27.5108
2010-10-11,27.5235
2010-10-12,27.5500
2010-10-13,27.5162
2010-10-14,27.4555
2010-10-15,27.3662
2010-10-16,27.3186
2010-10-17,27.3034
2010-10-18,27.2918
2010-10-19,27.3121
2010-10-20,27.2957
2010-10-21,27.2205
2010-10-22,27.1833
2010-10-23,27.1509
2010-10-24,27.1330
2010-10-25,27.1840
2010-10-26,27.3270
2010-10-27,27.4646
2010-10-28,27.4714
2010-10-29,27.1279
2010-10-30,26.9190
2010-10-31,26.8722
2010-11-01,26.9126
2010-11-02,26.9463
2010-11-03,26.8569
2010-11-04,26.6891
2010-11-05,26.4280
2010-11-06,26.1171
2010-11-07,25.8778
2010-11-08,25.6232
2010-11-09,25.5352
2010-11-10,25.5108
2010-11-11,25.5206
2010-11-12,25.5201
2010-11-13,25.4982
2010-11-14,25.4288
2010-11-15,25.3282
2010-11-16,25.2792
2010-11-17,25.2072
2010-11-18,25.1545
2010-11-19,25.0967
2010-11-20,25.1013
2010-11-21,25.0813
2010-11-22,25.0555
2010-11-23,25.1210
2010-11-24,25.1137
2010-11-25,25.1007
2010-11-26,25.0201
2010-11-27,24.9163
2010-11-28,24.8498
2010-11-29,24.8377
2010-11-30,24.8379
2010-12-01,24.7321
2010-12-02,24.3788
2010-12-03,24.1993
2010-12-04,24.1457
2010-12-05,24.0868
2010-12-06,23.9794
2010-12-07,23.8183
2010-12-08,23.6626
2010-12-09,23.4711
2010-12-10,23.4395
2010-12-11,23.4515
2010-12-12,23.4150
2010-12-13,23.2414
2010-12-14,22.8669
2010-12-15,22.6834
2010-12-16,22.6263
2010-12-17,22.6515
2010-12-18,22.5914
2010-12-19,22.5597
2010-12-20,22.5471
2010-12-21,22.5703
2010-12-22,22.6075
2010-12-23,22.5900
2010-12-24,22.5849
2010-12-25,22.5511
2010-12-26,22.3804
2010-12-27,22.1550
2010-12-28,22.0675
2010-12-29,21.9609
2010-12-30,22.0286
2010-12-31,22.1497
2011-01-01,22.2536
2011-01-02,22.2448
2011-01-03,22.1822
2011-01-04,22.2318
2011-01-05,22.2718
2011-01-06,22.2563
2011-01-07,22.2248
2011-01-08,22.2039
2011-01-09,22.1147
2011-01-10,22.0716
2011-01-11,22.0453
2011-01-12,22.0123
2011-01-13,21.8435
2011-01-14,21.6560
2011-01-15,21.5558
2011-01-16,21.4974
2011-01-17,21.5823
2011-01-18,21.7225
2011-01-19,21.8123
2011-01-20,21.8011
2011-01-21,21.6400
2011-01-22,21.4492
2011-01-23,21.3429
2011-01-24,21.1513
2011-01-25,21.2246
2011-01-26,21.2701
2011-01-27,21.2633
2011-01-28,21.3343
2011-01-29,21.4362
2011-01-30,21.3784
2011-01-31,21.4421
2011-02-01,21.5095
2011-02-02,21.5203
2011-02-03,21.5077
2011-02-04,21.4464
2011-02-05,21.3592
2011-02-06,21.3236
2011-02-07,21.4571
2011-02-08,21.4039
2011-02-09,21.2950
2011-02-10,21.2122
2011-02-11,21.2321
2011-02-12,21.0871
2011-02-13,21.0770
2011-02-14,21.0371
2011-02-15,21.0419
2011-02-16,21.1200
2011-02-17,21.2948
2011-02-18,21.4817
2011-02-19,21.6181
2011-02-20,21.6760
2011-02-21,21.7812
2011-02-22,22.0287
2011-02-23,22.2146
2011-02-24,22.2581
2011-02-25,22.3008
2011-02-26,22.3308
2011-02-27,22.4427
2011-02-28,22.5355
2011-03-01,22.4706
2011-03-02,22.4045
2011-03-03,22.5405
2011-03-04,22.5577
2011-03-05,22.5666
2011-03-06,22.5220
2011-03-07,22.3968
2011-03-08,22.6465
2011-03-09,22.7521
2011-03-10,22.6820
2011-03-11,22.4962
2011-03-12,22.3710
2011-03-13,22.4117
2011-03-14,22.4946
2011-03-15,22.5924
2011-03-16,22.6977
2011-03-17,22.7584
2011-03-18,22.9375
2011-03-19,23.0875
2011-03-20,23.1389
2011-03-21,23.1820
2011-03-22,23.2923
2011-03-23,23.4758
2011-03-24,23.6898
2011-03-25,23.8347
2011-03-26,23.9402
2011-03-27,24.0485
2011-03-28,24.2111
2011-03-29,24.2361
2011-03-30,24.2514
2011-03-31,24.2823
2011-04-01,24.3196
2011-04-02,24.4475
2011-04-03,24.5470
2011-04-04,24.6121
2011-04-05,24.4404
2011-04-06,24.2083
2011-04-07,24.2928
2011-04-08,24.5565
2011-04-09,24.7400
2011-04-10,24.8419
2011-04-11,24.9145
2011-04-12,24.8947
2011-04-13,24.8903
2011-04-14,24.9860
2011-04-15,25.1090
2011-04-16,25.0460
2011-04-17,25.0298
2011-04-18,25.0960
2011-04-19,25.3510
2011-04-20,25.3253
2011-04-21,25.3747
2011-04-22,25.4318
2011-04-23,25.4412
2011-04-24,25.4337
2011-04-25,25.4754
2011-04-26,25.5487
2011-04-27,25.6635
2011-04-28,25.6421
2011-04-29,25.5581
2011-04-30,25.5896
2011-05-01,25.8289
2011-05-02,25.9162
2011-05-03,25.8912
2011-05-04,25.7191
2011-05-05,25.6031
2011-05-06,25.6614
2011-05-07,25.8420
2011-05-08,26.0189
2011-05-09,26.1482
2011-05-10,26.2779
2011-05-11,26.3860
2011-05-12,26.4518
2011-05-13,26.5155
2011-05-14,26.5723
2011-05-15,26.4716
2011-05-16,26.3450
2011-05-17,26.3092
2011-05-18,26.3390
2011-05-19,26.3918
2011-05-20,26.5663
2011-05-21,26.6750
2011-05-22,26.7876
2011-05-23,26.9407
2011-05-24,27.0431
2011-05-25,27.1086
2011-05-26,27.2588
2011-05-27,27.5028
2011-05-28,27.5984
2011-05-29,27.6725
2011-05-30,27.6306
2011-05-31,27.5383
2011-06-01,27.5238
2011-06-02,27.6164
2011-06-03,27.5926
2011-06-04,27.6092
2011-06-05,27.7051
2011-06-06,27.8835
2011-06-07,27.9605
2011-06-08,27.9630
2011-06-09,27.9938
2011-06-10,28.0989
2011-06-11,28.2290
2011-06-12,28.3584
2011-06-13,28.5449
2011-06-14,28.7271
2011-06-15,28.7517
2011-06-16,28.7576
2011-06-17,28.7365
2011-06-18,28.7136
2011-06-19,28.6775
2011-06-20,28.5932
2011-06-21,28.6427
2011-06-22,28.6585
2011-06-23,28.5680
2011-06-24,28.4927
2011-06-25,28.5415
2011-06-26,28.5437
2011-06-27,28.5887
2011-06-28,28.5837
2011-06-29,28.6456
2011-06-30,28.7483
2011-07-01,28.7930
2011-07-02,28.8512
2011-07-03,28.8341
2011-07-04,28.9555
2011-07-05,29.0727
2011-07-06,29.1684
2011-07-07,29.2422
2011-07-08,29.1739
2011-07-09,29.1663
2011-07-10,29.1524
2011-07-11,29.2221
2011-07-12,29.3332
2011-07-13,29.4189
2011-07-14,29.4293
2011-07-15,29.3983
2011-07-16,29.4051
2011-07-17,29.4129
2011-07-18,29.4436
2011-07-19,29.5153
2011-07-20,29.5493
2011-07-21,29.5553
2011-07-22,29.6086
2011-07-23,29.6075
2011-07-24,29.6748
2011-07-25,29.7986
2011-07-26,29.8314
2011-07-27,29.7929
2011-07-28,29.6289
2011-07-29,29.5715
2011-07-30,29.5811
2011-07-31,29.6269
2011-08-01,29.7152
2011-08-02,29.8540
2011-08-03,30.0037
2011-08-04,30.0696
2011-08-05,30.1190
2011-08-06,30.2983
2011-08-07,30.3278
2011-08-08,30.2455
2011-08-09,30.1652
2011-08-10,30.0652
2011-08-11,30.0569
2011-08-12,30.0943
2011-08-13,30.1385
2011-08-14,30.1828
2011-08-15,30.2870
2011-08-16,30.3767
2011-08-17,30.4080
2011-08-18,30.3860
2011-08-19,30.3768
2011-08-20,30.3971
2011-08-21,30.3578
2011-08-22,30.4311
2011-08-23,30.4536
2011-08-24,30.4968
2011-08-25,30.5105
2011-08-26,30.5445
2011-08-27,30.5556
2011-08-28,30.5691
2011-08-29,30.5252
2011-08-30,30.4286
2011-08-31,30.2972
2011-09-01,30.1345
2011-09-02,30.0212
2011-09-03,29.9033
2011-09-04,29.6936
2011-09-05,29.5702
2011-09-06,29.4220
2011-09-07,29.2381
2011-09-08,29.1770
2011-09-09,29.1416
2011-09-10,29.0444
2011-09-11,28.9838
2011-09-12,28.9520
2011-09-13,28.9450
2011-09-14,28.9911
2011-09-15,29.0462
2011-09-16,29.0178
2011-09-17,28.9705
2011-09-18,29.1176
2011-09-19,29.2675
2011-09-20,29.3488
2011-09-21,29.3830
2011-09-22,29.3559
2011-09-23,29.3129
2011-09-24,29.3022
2011-09-25,29.2899
2011-09-26,29.2931
2011-09-27,29.3155
2011-09-28,29.5205
2011-09-29,29.6863
2011-09-30,29.5451
2011-10-01,29.4259
2011-10-02,29.1350
2011-10-03,28.8524
2011-10-04,28.7049
2011-10-05,28.6009
2011-10-06,28.4841
2011-10-07,28.4378
2011-10-08,28.3625
2011-10-09,28.2904
2011-10-10,28.2486
2011-10-11,28.2711
2011-10-12,28.3047
2011-10-13,28.0962
2011-10-14,28.2093
2011-10-15,28.0897
2011-10-16,27.9997
2011-10-17,27.8707
2011-10-18,27.8039
2011-10-19,27.5932
2011-10-20,27.3908
2011-10-21,27.2892
2011-10-22,27.1999
2011-10-23,27.1074
2011-10-24,26.9841
2011-10-25,26.9134
2011-10-26,26.8203
2011-10-27,26.7384
2011-10-28,26.6612
2011-10-29,26.5507
2011-10-30,26.3745
2011-10-31,26.2263
2011-11-01,26.0542
2011-11-02,26.0055
2011-11-03,26.0441
2011-11-04,26.0199
2011-11-05,25.9825
2011-11-06,25.8749
2011-11-07,25.8935
2011-11-08,25.9131
2011-11-09,25.9309
2011-11-10,25.8040
2011-11-11,25.6137
2011-11-12,25.5204
2011-11-13,25.5216
2011-11-14,25.5209
2011-11-15,25.6808
2011-11-16,25.7982
2011-11-17,25.7855
2011-11-18,25.6393
2011-11-19,25.6440
2011-11-20,25.7113
2011-11-21,25.7586
2011-11-22,25.7693
2011-11-23,25.7467
2011-11-24,25.6609
2011-11-25,25.5796
2011-11-26,25.5135
2011-11-27,25.4255
2011-11-28,25.2026
2011-11-29,25.0100
2011-11-30,24.9063
2011-12-01,24.7532
2011-12-02,24.6981
2011-12-03,24.5898
2011-12-04,24.5194
2011-12-05,24.5185
2011-12-06,24.5097
2011-12-07,24.3990
2011-12-08,24.2247
2011-12-09,24.0818
2011-12-10,24.0420
2011-12-11,23.9179
2011-12-12,23.7687
2011-12-13,23.8125
2011-12-14,23.9122
2011-12-15,23.9700
2011-12-16,23.9859
2011-12-17,23.9579
2011-12-18,23.9112
2011-12-19,23.9024
2011-12-20,23.9549
2011-12-21,23.9742
2011-12-22,23.9859
2011-12-23,24.0030
2011-12-24,23.9668
2011-12-25,23.9368
2011-12-26,23.9697
2011-12-27,23.8762
2011-12-28,23.7831
2011-12-29,23.7375
2011-12-30,23.7929
2011-12-31,23.7877
2012-01-01,23.8440
2012-01-02,23.7717
2012-01-03,23.6325
2012-01-04,23.4608
2012-01-05,23.1860
2012-01-06,23.0809
2012-01-07,22.9447
2012-01-08,23.1587
2012-01-09,23.1488
2012-01-10,23.0990
2012-01-11,23.0597
2012-01-12,23.2001
2012-01-13,22.8974
2012-01-14,22.7601
2012-01-15,23.0479
2012-01-16,23.1059
2012-01-17,23.2147
2012-01-18,23.3043
2012-01-19,23.3211
2012-01-20,23.3447
2012-01-21,23.4875
2012-01-22,23.6283
2012-01-23,23.7392
2012-01-24,23.7543
2012-01-25,23.6470
2012-01-26,23.5533
2012-01-27,23.3905
2012-01-28,23.2892
2012-01-29,23.2239
2012-01-30,23.0725
2012-01-31,23.0078
2012-02-01,22.9115
2012-02-02,22.9744
2012-02-03,23.0947
2012-02-04,23.0063
2012-02-05,22.9661
2012-02-06,22.9305
2012-02-07,22.9320
2012-02-08,22.9601
2012-02-09,22.9728
2012-02-10,22.9160
2012-02-11,22.8874
2012-02-12,22.7083
2012-02-13,22.5814
2012-02-14,22.5936
2012-02-15,22.6883
2012-02-16,22.8050
2012-02-17,22.9049
2012-02-18,23.0429
2012-02-19,22.9523
2012-02-20,22.8154
2012-02-21,22.7638
2012-02-22,22.9246
2012-02-23,22.9866
2012-02-24,22.9993
2012-02-25,22.8933
2012-02-26,22.8049
2012-02-27,22.8818
2012-02-28,23.0820
2012-02-29,23.2805
2012-03-01,23.4107
2012-03-02,23.5110
2012-03-03,23.4613
2012-03-04,23.2296
2012-03-05,23.1115
2012-03-06,22.9444
2012-03-07,22.9576
2012-03-08,23.1845
2012-03-09,23.4306
2012-03-10,23.6003
2012-03-11,23.8433
2012-03-12,23.9822
2012-03-13,24.0871
2012-03-14,24.2150
2012-03-15,24.3984
2012-03-16,24.5097
2012-03-17,24.5540
2012-03-18,24.5884
2012-03-19,24.5364
2012-03-20,24.4397
2012-03-21,24.3711
2012-03-22,24.2986
2012-03-23,24.3702
2012-03-24,24.5161
2012-03-25,24.6420
2012-03-26,24.6343
2012-03-27,24.6095
2012-03-28,24.6475
2012-03-29,24.7522
2012-03-30,24.8112
2012-03-31,24.8491
2012-04-01,24.9882
2012-04-02,25.1037
2012-04-03,25.1538
2012-04-04,25.1627
2012-04-05,25.1958
2012-04-06,25.3116
2012-04-07,25.2589
2012-04-08,25.2180
2012-04-09,25.2482
2012-04-10,25.3261
2012-04-11,25.3956
2012-04-12,25.4143
2012-04-13,25.3789
2012-04-14,25.3738
2012-04-15,25.2685
2012-04-16,25.2277
2012-04-17,25.1651
2012-04-18,25.1426
2012-04-19,25.3021
2012-04-20,25.4121
2012-04-21,25.4384
2012-04-22,25.2547
2012-04-23,25.1408
2012-04-24,24.9982
2012-04-25,24.9240
2012-04-26,24.8886
2012-04-27,25.0015
2012-04-28,25.1741
2012-04-29,25.3283
2012-04-30,25.4773
2012-05-01,25.5923
2012-05-02,25.7664
2012-05-03,26.0451
2012-05-04,26.3205
2012-05-05,26.5688
2012-05-06,26.7717
2012-05-07,26.9786
2012-05-08,27.2808
2012-05-09,27.4143
2012-05-10,27.3488
2012-05-11,27.2423
2012-05-12,27.0504
2012-05-13,27.0777
2012-05-14,27.0256
2012-05-15,26.9779
2012-05-16,26.8911
2012-05-17,26.8508
2012-05-18,26.9574
2012-05-19,26.9523
2012-05-20,26.9144
2012-05-21,26.9008
2012-05-22,26.9545
2012-05-23,26.9985
2012-05-24,26.9707
2012-05-25,26.9427
2012-05-26,27.0772
2012-05-27,27.2911
2012-05-28,27.5308
2012-05-29,27.6139
2012-05-30,27.6380
2012-05-31,27.6990
2012-06-01,27.6430
2012-06-02,27.6351
2012-06-03,27.6820
2012-06-04,27.8013
2012-06-05,27.8540
2012-06-06,27.8824
2012-06-07,27.9436
2012-06-08,27.9488
2012-06-09,28.0137
2012-06-10,27.9923
2012-06-11,27.9699
2012-06-12,28.0149
2012-06-13,28.2034
2012-06-14,28.3338
2012-06-15,28.3467
2012-06-16,28.2343
2012-06-17,28.1475
2012-06-18,28.0911
2012-06-19,28.0721
2012-06-20,28.0835
2012-06-21,28.1062
2012-06-22,28.1294
2012-06-23,28.1221
2012-06-24,28.3004
2012-06-25,28.3446
2012-06-26,28.3707
2012-06-27,28.5492
2012-06-28,28.7056
2012-06-29,28.7586
2012-06-30,28.7373
2012-07-01,28.7903
2012-07-02,28.9549
2012-07-03,29.1310
2012-07-04,29.2715
2012-07-05,29.3780
2012-07-06,29.4060
2012-07-07,29.4174
2012-07-08,29.4042
2012-07-09,29.3331
2012-07-10,29.3241
2012-07-11,29.3966
2012-07-12,29.4440
2012-07-13,29.4230
2012-07-14,29.2795
2012-07-15,29.2465
2012-07-16,29.2920
2012-07-17,29.3146
2012-07-18,29.2943
2012-07-19,29.1925
2012-07-20,29.1455
2012-07-21,29.1742
2012-07-22,29.2531
2012-07-23,29.3157
2012-07-24,29.4039
2012-07-25,29.4328
2012-07-26,29.3882
2012-07-27,29.4456
2012-07-28,29.5807
2012-07-29,29.7267
2012-07-30,29.8256
2012-07-31,29.9117
2012-08-01,29.9857
2012-08-02,30.0017
2012-08-03,30.0381
2012-08-04,30.0732
2012-08-05,30.0418
2012-08-06,30.0029
2012-08-07,30.0001
2012-08-08,29.8638
2012-08-09,29.8470
2012-08-10,29.8504
2012-08-11,29.9459
2012-08-12,29.9674
2012-08-13,30.0048
2012-08-14,29.9997
2012-08-15,29.9533
2012-08-16,30.0083
2012-08-17,30.0053
2012-08-18,30.0014
2012-08-19,29.9756
2012-08-20,29.8173
2012-08-21,29.6961
2012-08-22,29.6075
2012-08-23,29.4774
2012-08-24,29.4045
2012-08-25,29.3403
2012-08-26,29.3607
2012-08-27,29.3283
2012-08-28,29.1874
2012-08-29,29.1111
2012-08-30,29.0831
2012-08-31,29.0454
2012-09-01,29.1699
2012-09-02,29.3089
2012-09-03,29.3672
2012-09-04,29.3650
2012-09-05,29.3287
2012-09-06,29.3476
2012-09-07,29.4018
2012-09-08,29.4473
2012-09-09,29.4792
2012-09-10,29.4973
2012-09-11,29.4809
2012-09-12,29.4985
2012-09-13,29.4334
2012-09-14,29.3596
2012-09-15,29.3010
2012-09-16,29.3238
2012-09-17,29.3399
2012-09-18,29.3199
2012-09-19,29.2677
2012-09-20,29.2258
2012-09-21,29.2048
2012-09-22,29.1704
2012-09-23,29.1436
2012-09-24,28.9944
2012-09-25,28.9052
2012-09-26,28.9900
2012-09-27,29.0663
2012-09-28,29.0857
2012-09-29,29.0131
2012-09-30,29.0210
2012-10-01,29.0466
2012-10-02,29.0177
2012-10-03,28.9326
2012-10-04,28.7961
2012-10-05,28.7863
2012-10-06,28.7914
2012-10-07,28.8132
2012-10-08,28.6427
2012-10-09,28.6099
2012-10-10,28.6366
2012-10-11,28.6364
2012-10-12,28.5381
2012-10-13,28.5248
2012-10-14,28.5444
2012-10-15,28.5743
2012-10-16,28.5992
2012-10-17,28.5399
2012-10-18,28.5188
2012-10-19,28.5334
2012-10-20,28.4074
2012-10-21,28.3168
2012-10-22,28.1797
2012-10-23,28.0724
2012-10-24,28.0252
2012-10-25,28.0476
2012-10-26,28.0736
2012-10-27,28.0553
2012-10-28,27.8052
2012-10-29,27.4679
2012-10-30,27.1682
2012-10-31,27.0137
2012-11-01,26.9851
2012-11-02,27.0472
2012-11-03,27.0701
2012-11-04,27.0667
2012-11-05,27.0286
2012-11-06,26.8513
2012-11-07,26.6838
2012-11-08,26.4208
2012-11-09,26.2466
2012-11-10,26.1544
2012-11-11,26.1060
2012-11-12,26.0253
2012-11-13,25.9782
2012-11-14,25.8496
2012-11-15,25.7414
2012-11-16,25.7102
2012-11-17,25.6108
2012-11-18,25.5582
2012-11-19,25.5524
2012-11-20,25.4867
2012-11-21,25.4092
2012-11-22,25.4190
2012-11-23,25.3979
2012-11-24,25.3953
2012-11-25,25.2666
2012-11-26,25.1927
2012-11-27,25.1406
2012-11-28,25.0033
2012-11-29,24.9555
2012-11-30,24.9683
2012-12-01,24.9982
2012-12-02,25.0665
2012-12-03,25.1549
2012-12-04,25.1834
2012-12-05,25.1668
2012-12-06,25.1514
2012-12-07,25.0866
2012-12-08,25.0495
2012-12-09,25.0585
2012-12-10,25.0546
2012-12-11,24.9288
2012-12-12,24.7691
2012-12-13,24.6639
2012-12-14,24.5660
2012-12-15,24.5534
2012-12-16,24.4983
2012-12-17,24.3526
2012-12-18,24.3184
2012-12-19,24.3433
2012-12-20,24.4170
2012-12-21,24.3435
2012-12-22,24.2315
2012-12-23,24.1458
2012-12-24,24.0665
2012-12-25,23.9932
2012-12-26,23.8028
2012-12-27,23.7143
2012-12-28,23.6618
2012-12-29,23.6753
2012-12-30,23.5074
2012-12-31,23.4770
2013-01-01,23.4941
2013-01-02,23.4985
2013-01-03,23.4767
2013-01-04,23.4415
2013-01-05,23.2958
2013-01-06,23.2514
2013-01-07,23.2307
2013-01-08,23.2913
2013-01-09,23.3002
2013-01-10,23.3269
2013-01-11,23.4035
2013-01-12,23.4868
2013-01-13,23.5741
2013-01-14,23.6607
2013-01-15,23.6184
2013-01-16,23.5831
2013-01-17,23.5304
2013-01-18,23.3662
2013-01-19,23.2807
2013-01-20,23.2251
2013-01-21,23.2723
2013-01-22,23.3668
2013-01-23,23.4411
2013-01-24,23.3732
2013-01-25,23.3521
2013-01-26,23.3740
2013-01-27,23.3888
2013-01-28,23.4775
2013-01-29,23.6117
2013-01-30,23.7288
2013-01-31,23.6840
2013-02-01,23.4001
2013-02-02,23.2192
2013-02-03,23.2357
2013-02-04,23.2532
2013-02-05,23.2803
2013-02-06,23.3674
2013-02-07,23.5045
2013-02-08,23.5744
2013-02-09,23.4740
2013-02-10,23.4533
2013-02-11,23.5472
2013-02-12,23.6362
2013-02-13,23.6107
2013-02-14,23.4917
2013-02-15,23.2938
2013-02-16,23.1480
2013-02-17,23.0309
2013-02-18,22.9799
2013-02-19,22.8880
2013-02-20,22.9159
2013-02-21,23.0359
2013-02-22,23.2732
2013-02-23,23.4562
2013-02-24,23.5952
2013-02-25,23.6726
2013-02-26,23.5711
2013-02-27,23.4348
2013-02-28,23.3821
2013-03-01,23.3043
2013-03-02,23.1621
2013-03-03,22.9783
2013-03-04,22.8321
2013-03-05,22.7703
2013-03-06,22.6584
2013-03-07,22.5380
2013-03-08,22.5165
2013-03-09,22.5748
2013-03-10,22.6734
2013-03-11,22.6275
2013-03-12,22.4973
2013-03-13,22.4436
2013-03-14,22.4703
2013-03-15,22.5453
2013-03-16,22.6370
2013-03-17,22.8738
2013-03-18,22.9887
2013-03-19,23.1065
2013-03-20,23.0748
2013-03-21,23.0353
2013-03-22,23.2030
2013-03-23,23.4165
2013-03-24,23.3773
2013-03-25,23.1257
2013-03-26,22.8346
2013-03-27,22.6011
2013-03-28,22.6631
2013-03-29,22.7334
2013-03-30,22.8588
2013-03-31,23.0495
2013-04-01,23.3306
2013-04-02,23.5394
2013-04-03,23.6436
2013-04-04,23.5322
2013-04-05,23.3921
2013-04-06,23.3135
2013-04-07,23.3507
2013-04-08,23.4639
2013-04-09,23.6431
2013-04-10,23.6713
2013-04-11,23.6691
2013-04-12,23.6950
2013-04-13,23.6544
2013-04-14,23.7388
2013-04-15,24.0951
2013-04-16,24.3501
2013-04-17,24.5388
2013-04-18,24.5756
2013-04-19,24.4851
2013-04-20,24.2684
2013-04-21,24.0260
2013-04-22,24.0833
2013-04-23,24.2332
2013-04-24,24.4045
2013-04-25,24.5521
2013-04-26,24.7134
2013-04-27,24.7605
2013-04-28,24.7803
2013-04-29,24.8826
2013-04-30,24.9890
2013-05-01,25.0349
2013-05-02,25.1542
2013-05-03,25.0698
2013-05-04,24.5540
2013-05-05,24.3399
2013-05-06,24.3099
2013-05-07,24.3872
2013-05-08,24.4404
2013-05-09,24.5401
2013-05-10,24.7909
2013-05-11,25.0060
2013-05-12,25.1150
2013-05-13,25.1311
2013-05-14,24.9997
2013-05-15,24.9561
2013-05-16,25.0416
2013-05-17,25.3225
2013-05-18,25.5055
2013-05-19,25.7611
2013-05-20,26.0388
2013-05-21,26.2276
2013-05-22,26.3648
2013-05-23,26.6110
2013-05-24,26.7901
2013-05-25,26.8815
2013-05-26,26.8761
2013-05-27,26.8527
2013-05-28,26.8009
2013-05-29,26.7242
2013-05-30,26.7920
2013-05-31,26.8752
2013-06-01,26.9608
2013-06-02,27.1083
2013-06-03,27.2815
2013-06-04,27.3843
2013-06-05,27.3086
2013-06-06,27.3487
2013-06-07,27.5650
2013-06-08,27.5968
2013-06-09,27.5997
2013-06-10,27.5500
2013-06-11,27.5571
2013-06-12,27.7803
2013-06-13,28.0393
2013-06-14,28.2053
2013-06-15,28.3244
2013-06-16,28.4251
2013-06-17,28.4794
2013-06-18,28.5325
2013-06-19,28.5512
2013-06-20,28.5233
2013-06-21,28.3219
2013-06-22,28.4009
2013-06-23,28.4140
2013-06-24,28.4515
2013-06-25,28.5022
2013-06-26,28.5961
2013-06-27,28.7792
2013-06-28,28.9911
2013-06-29,28.9564
2013-06-30,28.7819
2013-07-01,28.7841
2013-07-02,28.8643
2013-07-03,28.8705
2013-07-04,28.7958
2013-07-05,28.7536
2013-07-06,28.6975
2013-07-07,28.4738
2013-07-08,28.4005
2013-07-09,28.3861
2013-07-10,28.4208
2013-07-11,28.5905
2013-07-12,28.7469
2013-07-13,28.7257
2013-07-14,28.7524
2013-07-15,28.7151
2013-07-16,28.5087
2013-07-17,28.4208
2013-07-18,28.4652
2013-07-19,28.5118
2013-07-20,28.6355
2013-07-21,28.7373
2013-07-22,28.7701
2013-07-23,28.7838
2013-07-24,28.8124
2013-07-25,28.8634
2013-07-26,28.9822
2013-07-27,29.0306
2013-07-28,29.0650
2013-07-29,29.1816
2013-07-30,29.2589
2013-07-31,29.3632
2013-08-01,29.4843
2013-08-02,29.5189
2013-08-03,29.5648
2013-08-04,29.6041
2013-08-05,29.5475
2013-08-06,29.4129
2013-08-07,29.3916
2013-08-08,29.5541
2013-08-09,29.6265
2013-08-10,29.5472
2013-08-11,29.5785
2013-08-12,29.6162
2013-08-13,29.6868
2013-08-14,29.6872
2013-08-15,29.5984
2013-08-16,29.5059
2013-08-17,29.4524
2013-08-18,29.3531
2013-08-19,29.3200
2013-08-20,29.3428
2013-08-21,29.3837
2013-08-22,29.3656
2013-08-23,29.3385
2013-08-24,29.2651
2013-08-25,29.0683
2013-08-26,28.9198
2013-08-27,28.9048
2013-08-28,29.0907
2013-08-29,29.1618
2013-08-30,29.1667
2013-08-31,29.1965
2013-09-01,29.2357
2013-09-02,29.3125
2013-09-03,29.3678
2013-09-04,29.3087
2013-09-05,29.2793
2013-09-06,29.2724
2013-09-07,29.2093
2013-09-08,29.0560
2013-09-09,28.8893
2013-09-10,28.8205
2013-09-11,28.7961
2013-09-12,28.7987
2013-09-13,28.8851
2013-09-14,28.8938
2013-09-15,28.8390
2013-09-16,28.8815
2013-09-17,28.7619
2013-09-18,28.6492
2013-09-19,28.6670
2013-09-20,28.6540
2013-09-21,28.5533
2013-09-22,28.3821
2013-09-23,28.4316
2013-09-24,28.6213
2013-09-25,28.7328
2013-09-26,28.7994
2013-09-27,28.7824
2013-09-28,28.7302
2013-09-29,28.7095
2013-09-30,28.7371
2013-10-01,28.7638
2013-10-02,28.7606
2013-10-03,28.6712
2013-10-04,28.6660
2013-10-05,28.7142
2013-10-06,28.7119
2013-10-07,28.5789
2013-10-08,28.3545
2013-10-09,28.2311
2013-10-10,28.0837
2013-10-11,28.1458
2013-10-12,28.1845
2013-10-13,28.1741
2013-10-14,28.1010
2013-10-15,28.0043
2013-10-16,28.0582
2013-10-17,28.0159
2013-10-18,27.8836
2013-10-19,27.7873
2013-10-20,27.7728
2013-10-21,27.7818
2013-10-22,27.7767
2013-10-23,27.7224
2013-10-24,27.5318
2013-10-25,27.4076
2013-10-26,27.3071
2013-10-27,27.1734
2013-10-28,27.0725
2013-10-29,26.9981
2013-10-30,26.9318
2013-10-31,26.9172
2013-11-01,26.9142
2013-11-02,26.8108
2013-11-03,26.5845
2013-11-04,26.4399
2013-11-05,26.3854
2013-11-06,26.4505
2013-11-07,26.4564
2013-11-08,26.3734
2013-11-09,26.2228
2013-11-10,26.1668
2013-11-11,26.2279
2013-11-12,26.2678
2013-11-13,26.0987
2013-11-14,25.7649
2013-11-15,25.7490
2013-11-16,25.8535
2013-11-17,26.0274
2013-11-18,26.1844
2013-11-19,26.0732
2013-11-20,26.0076
2013-11-21,26.0674
2013-11-22,26.1045
2013-11-23,26.0636
2013-11-24,25.9475
2013-11-25,25.7664
2013-11-26,25.5471
2013-11-27,25.3402
2013-11-28,25.0469
2013-11-29,24.8099
2013-11-30,24.7325
2013-12-01,24.7255
2013-12-02,24.7620
2013-12-03,24.8456
2013-12-04,24.9324
2013-12-05,25.0367
2013-12-06,25.0105
2013-12-07,24.9690
2013-12-08,24.8494
2013-12-09,24.8162
2013-12-10,24.8247
2013-12-11,24.7444
2013-12-12,24.5775
2013-12-13,24.5873
2013-12-14,24.5791
2013-12-15,24.4596
2013-12-16,24.2877
2013-12-17,24.1385
2013-12-18,24.0914
2013-12-19,24.1252
2013-12-20,24.2562
2013-12-21,24.4069
2013-12-22,24.4294
2013-12-23,24.3224
2013-12-24,24.1868
2013-12-25,24.0154
2013-12-26,23.9407
2013-12-27,23.8641
2013-12-28,23.8241
2013-12-29,23.7830
2013-12-30,23.7451
2013-12-31,23.6426
2014-01-01,23.4376
2014-01-02,23.3518
2014-01-03,23.2107
2014-01-04,23.1036
2014-01-05,23.0909
2014-01-06,23.0109
2014-01-07,22.8541
2014-01-08,22.6045
2014-01-09,22.6569
2014-01-10,22.8153
2014-01-11,22.8198
2014-01-12,22.7407
2014-01-13,22.6940
2014-01-14,22.5844
2014-01-15,22.4315
2014-01-16,22.2390
2014-01-17,22.1392
2014-01-18,22.1012
2014-01-19,22.0488
2014-01-20,22.0667
2014-01-21,22.0404
2014-01-22,21.9565
2014-01-23,21.9593
2014-01-24,21.8902
2014-01-25,21.9916
2014-01-26,22.0364
2014-01-27,22.0647
2014-01-28,22.1068
2014-01-29,21.9289
2014-01-30,21.9067
2014-01-31,22.0681
2014-02-01,22.2688
2014-02-02,22.4964
2014-02-03,22.5766
2014-02-04,22.6106
2014-02-05,22.6583
2014-02-06,22.6281
2014-02-07,22.5351
2014-02-08,22.5233
2014-02-09,22.5855
2014-02-10,22.6334
2014-02-11,22.6701
2014-02-12,22.6043
2014-02-13,22.3004
2014-02-14,22.1314
2014-02-15,22.1384
2014-02-16,22.1582
2014-02-17,22.2377
2014-02-18,22.3795
2014-02-19,22.4975
2014-02-20,22.6394
2014-02-21,22.7494
2014-02-22,22.8541
2014-02-23,23.0485
2014-02-24,23.3349
2014-02-25,23.4865
2014-02-26,23.3826
2014-02-27,23.0964
2014-02-28,22.9588
2014-03-01,23.0659
2014-03-02,23.1475
2014-03-03,23.1882
2014-03-04,23.1778
2014-03-05,22.9696
2014-03-06,22.9743
2014-03-07,22.8437
2014-03-08,22.7783
2014-03-09,22.7425
2014-03-10,22.8707
2014-03-11,22.8735
2014-03-12,22.8198
2014-03-13,22.7338
2014-03-14,22.5401
2014-03-15,22.6187
2014-03-16,22.6970
2014-03-17,22.5486
2014-03-18,22.5697
2014-03-19,22.6526
2014-03-20,22.7488
2014-03-21,22.8269
2014-03-22,23.0591
2014-03-23,23.3740
2014-03-24,23.4969
2014-03-25,23.4051
2014-03-26,23.1706
2014-03-27,23.0746
2014-03-28,23.1226
2014-03-29,23.2880
2014-03-30,23.3421
2014-03-31,23.3502
2014-04-01,23.4479
2014-04-02,23.5608
2014-04-03,23.8024
2014-04-04,23.9535
2014-04-05,24.0884
2014-04-06,24.1692
2014-04-07,24.2359
2014-04-08,23.9477
2014-04-09,23.6713
2014-04-10,23.5705
2014-04-11,23.5539
2014-04-12,23.7084
2014-04-13,23.8810
2014-04-14,23.9773
2014-04-15,23.8693
2014-04-16,23.6475
2014-04-17,23.4344
2014-04-18,23.5273
2014-04-19,23.5745
2014-04-20,23.6199
2014-04-21,23.8641
2014-04-22,24.1299
2014-04-23,24.3077
2014-04-24,24.5113
2014-04-25,24.7922
2014-04-26,24.9848
2014-04-27,25.1445
2014-04-28,25.2072
2014-04-29,25.2299
2014-04-30,25.2318
2014-05-01,24.9841
2014-05-02,24.6140
2014-05-03,24.3499
2014-05-04,24.4325
2014-05-05,24.6050
2014-05-06,24.7690
2014-05-07,24.9726
2014-05-08,25.1112
2014-05-09,25.2826
2014-05-10,25.3982
2014-05-11,25.4745
2014-05-12,25.5463
2014-05-13,25.6103
2014-05-14,25.6787
2014-05-15,25.4688
2014-05-16,25.2776
2014-05-17,25.2248
2014-05-18,25.2544
2014-05-19,25.3070
2014-05-20,25.3564
2014-05-21,25.4365
2014-05-22,25.6482
2014-05-23,25.8876
2014-05-24,26.0735
2014-05-25,26.2732
2014-05-26,26.3978
2014-05-27,26.4819
2014-05-28,26.6071
2014-05-29,26.7365
2014-05-30,26.9568
2014-05-31,27.0237
2014-06-01,27.0493
2014-06-02,26.9775
2014-06-03,26.8244
2014-06-04,26.8796
2014-06-05,27.0467
2014-06-06,27.2177
2014-06-07,27.2867
2014-06-08,27.4365
2014-06-09,27.5565
2014-06-10,27.6122
2014-06-11,27.6248
2014-06-12,27.7072
2014-06-13,27.8000
2014-06-14,27.7735
2014-06-15,27.7507
2014-06-16,27.8806
2014-06-17,27.9678
2014-06-18,27.9901
2014-06-19,28.0076
2014-06-20,28.0571
2014-06-21,28.1790
2014-06-22,28.3133
2014-06-23,28.4089
2014-06-24,28.4809
2014-06-25,28.4803
2014-06-26,28.5250
2014-06-27,28.5401
2014-06-28,28.4223
2014-06-29,28.4319
2014-06-30,28.5321
2014-07-01,28.6357
2014-07-02,28.6952
2014-07-03,28.7716
2014-07-04,28.7813
2014-07-05,28.9118
2014-07-06,29.0411
2014-07-07,29.0579
2014-07-08,29.0962
2014-07-09,29.1013
2014-07-10,29.0721
2014-07-11,29.0469
2014-07-12,29.1260
2014-07-13,29.2482
2014-07-14,29.3114
2014-07-15,29.2276
2014-07-16,29.1585
2014-07-17,29.1263
2014-07-18,29.0888
2014-07-19,29.0518
2014-07-20,29.1710
2014-07-21,29.2345
2014-07-22,29.3124
2014-07-23,29.4540
2014-07-24,29.6141
2014-07-25,29.6851
2014-07-26,29.7073
2014-07-27,29.6750
2014-07-28,29.6625
2014-07-29,29.6471
2014-07-30,29.6016
2014-07-31,29.7028
2014-08-01,29.7981
2014-08-02,29.8194
2014-08-03,29.8052
2014-08-04,29.8040
2014-08-05,29.7901
2014-08-06,29.8069
2014-08-07,29.8959
2014-08-08,29.9606
2014-08-09,29.9666
2014-08-10,29.9951
2014-08-11,30.1083
2014-08-12,30.1940
2014-08-13,30.2621
2014-08-14,30.2909
2014-08-15,30.2310
2014-08-16,30.0971
2014-08-17,29.9583
2014-08-18,29.9123
2014-08-19,29.9573
2014-08-20,29.9728
2014-08-21,29.9242
2014-08-22,29.9881
2014-08-23,30.0929
2014-08-24,30.1737
2014-08-25,30.2660
2014-08-26,30.1497
2014-08-27,30.0047
2014-08-28,30.0495
2014-08-29,30.0172
2014-08-30,29.8400
2014-08-31,29.7552
2014-09-01,29.7441
2014-09-02,29.7602
2014-09-03,29.7353
2014-09-04,29.6920
2014-09-05,29.8104
2014-09-06,29.8692
2014-09-07,29.8326
2014-09-08,29.8762
2014-09-09,29.9211
2014-09-10,29.8245
2014-09-11,29.8421
2014-09-12,29.8561
2014-09-13,29.8183
2014-09-14,29.6105
2014-09-15,29.4703
2014-09-16,29.5229
2014-09-17,29.6307
2014-09-18,29.7000
2014-09-19,29.5603
2014-09-20,29.4135
2014-09-21,29.4081
2014-09-22,29.3559
2014-09-23,29.2575
2014-09-24,29.1320
2014-09-25,29.0678
2014-09-26,29.0091
2014-09-27,28.9243
2014-09-28,28.7682
2014-09-29,28.7009
2014-09-30,28.7065
2014-10-01,28.8065
2014-10-02,28.8601
2014-10-03,28.8328
2014-10-04,28.7607
2014-10-05,28.6702
2014-10-06,28.6257
2014-10-07,28.6324
2014-10-08,28.6864
2014-10-09,28.6917
2014-10-10,28.6846
2014-10-11,28.6717
2014-10-12,28.7573
2014-10-13,28.7083
2014-10-14,28.5358
2014-10-15,28.3458
2014-10-16,28.2514
2014-10-17,28.1661
2014-10-18,28.1924
2014-10-19,28.2854
2014-10-20,28.3671
2014-10-21,28.2573
2014-10-22,28.0148
2014-10-23,27.9870
2014-10-24,27.8139
2014-10-25,27.6231
2014-10-26,27.5556
2014-10-27,27.5126
2014-10-28,27.5519
2014-10-29,27.6061
2014-10-30,27.5886
2014-10-31,27.5126
2014-11-01,27.3705
2014-11-02,27.0708
2014-11-03,26.8506
2014-11-04,26.7147
2014-11-05,26.6071
2014-11-06,26.6465
2014-11-07,26.6197
2014-11-08,26.5136
2014-11-09,26.3832
2014-11-10,26.1630
2014-11-11,26.1500
2014-11-12,26.1223
2014-11-13,25.9672
2014-11-14,25.8465
2014-11-15,25.4575
2014-11-16,25.3406
2014-11-17,25.3203
2014-11-18,25.1807
2014-11-19,24.9858
2014-11-20,24.8903
2014-11-21,24.8563
2014-11-22,24.9191
2014-11-23,24.9391
2014-11-24,24.9617
2014-11-25,24.9225
2014-11-26,24.8019
2014-11-27,24.6471
2014-11-28,24.6266
2014-11-29,24.5911
2014-11-30,24.6066
2014-12-01,24.6387
2014-12-02,24.7304
2014-12-03,24.7883
2014-12-04,24.9158
2014-12-05,24.9820
2014-12-06,24.9812
2014-12-07,24.9256
2014-12-08,24.8035
2014-12-09,24.6820
2014-12-10,24.6392
2014-12-11,24.5680
2014-12-12,24.5455
2014-12-13,24.5070
2014-12-14,24.4455
2014-12-15,24.3625
2014-12-16,24.3053
2014-12-17,24.2836
2014-12-18,24.3596
2014-12-19,24.3344
2014-12-20,24.2714
2014-12-21,24.1919
2014-12-22,24.2452
2014-12-23,24.2438
2014-12-24,24.0769
2014-12-25,23.8894
2014-12-26,23.7937
2014-12-27,23.8123
2014-12-28,23.8588
2014-12-29,23.8895
2014-12-30,23.8867
2014-12-31,23.8319
2015-01-01,23.8007
2015-01-02,23.8243
2015-01-03,23.9103
2015-01-04,23.8520
2015-01-05,23.6482
2015-01-06,23.6196
2015-01-07,23.5914
2015-01-08,23.5075
2015-01-09,23.4081
2015-01-10,23.2792
2015-01-11,23.2642
2015-01-12,23.2625
2015-01-13,23.2521
2015-01-14,23.1890
2015-01-15,23.2380
2015-01-16,23.4158
2015-01-17,23.4041
2015-01-18,23.3591
2015-01-19,23.4735
2015-01-20,23.6236
2015-01-21,23.6651
2015-01-22,23.7102
2015-01-23,23.6126
2015-01-24,23.4867
2015-01-25,23.4125
2015-01-26,23.2608
2015-01-27,23.1053
2015-01-28,23.0244
2015-01-29,23.0087
2015-01-30,22.9629
2015-01-31,22.9189
2015-02-01,22.9087
2015-02-02,22.9759
2015-02-03,22.9129
2015-02-04,22.8485
2015-02-05,22.8222
2015-02-06,22.8314
2015-02-07,22.8380
2015-02-08,22.7777
2015-02-09,22.7421
2015-02-10,22.7291
2015-02-11,22.7603
2015-02-12,22.8099
2015-02-13,22.7676
2015-02-14,22.7458
2015-02-15,22.7297
2015-02-16,22.7524
2015-02-17,22.6976
2015-02-18,22.5491
2015-02-19,22.3779
2015-02-20,22.4049
2015-02-21,22.5836
2015-02-22,22.8141
2015-02-23,23.0028
2015-02-24,22.9775
2015-02-25,22.8027
2015-02-26,22.6093
2015-02-27,22.4987
2015-02-28,22.5170
2015-03-01,22.7968
2015-03-02,23.0309
2015-03-03,23.1064
2015-03-04,23.1675
2015-03-05,23.3153
2015-03-06,23.2580
2015-03-07,23.0070
2015-03-08,23.0125
2015-03-09,23.1427
2015-03-10,23.2648
2015-03-11,23.3314
2015-03-12,23.4328
2015-03-13,23.5328
2015-03-14,23.6081
2015-03-15,23.6454
2015-03-16,23.7591
2015-03-17,23.9931
2015-03-18,24.2949
2015-03-19,24.5265
2015-03-20,24.6544
2015-03-21,24.7302
2015-03-22,24.6905
2015-03-23,24.5963
2015-03-24,24.6176
2015-03-25,24.8063
2015-03-26,24.9145
2015-03-27,24.6667
2015-03-28,24.4316
2015-03-29,24.2637
2015-03-30,24.2916
2015-03-31,24.3409
2015-04-01,24.4824
2015-04-02,24.5191
2015-04-03,24.5432
2015-04-04,24.6801
2015-04-05,24.7683
2015-04-06,24.8165
2015-04-07,24.9181
2015-04-08,25.0417
2015-04-09,25.1011
2015-04-10,25.1333
2015-04-11,25.2132
2015-04-12,25.3556
2015-04-13,25.4926
2015-04-14,25.5555
2015-04-15,25.7109
2015-04-16,25.7579
2015-04-17,25.7524
2015-04-18,25.7744
2015-04-19,25.9403
2015-04-20,25.9143
2015-04-21,25.8188
2015-04-22,25.8871
2015-04-23,26.0322
2015-04-24,26.3356
2015-04-25,26.5155
2015-04-26,26.6321
2015-04-27,26.6673
2015-04-28,26.5127
2015-04-29,26.2623
2015-04-30,25.9416
2015-05-01,25.9164
2015-05-02,25.8960
2015-05-03,25.8707
2015-05-04,25.9414
2015-05-05,25.9630
2015-05-06,26.0592
2015-05-07,26.2174
2015-05-08,26.2274
2015-05-09,26.3181
2015-05-10,26.4328
2015-05-11,26.4869
2015-05-12,26.5763
2015-05-13,26.7005
2015-05-14,26.9361
2015-05-15,26.9909
2015-05-16,27.0860
2015-05-17,27.1838
2015-05-18,27.3195
2015-05-19,27.5597
2015-05-20,27.7555
2015-05-21,27.8703
2015-05-22,27.9678
2015-05-23,27.9811
2015-05-24,27.8778
2015-05-25,27.7835
2015-05-26,27.7713
2015-05-27,27.7942
2015-05-28,27.8177
2015-05-29,27.8447
2015-05-30,27.8815
2015-05-31,27.9183
2015-06-01,28.1127
2015-06-02,28.2440
2015-06-03,28.2587
2015-06-04,28.2619
2015-06-05,28.2857
2015-06-06,28.4120
2015-06-07,28.5401
2015-06-08,28.6309
2015-06-09,28.6992
2015-06-10,28.7303
2015-06-11,28.5672
2015-06-12,28.4019
2015-06-13,28.3403
2015-06-14,28.2941
2015-06-15,28.2417
2015-06-16,28.2071
2015-06-17,28.3045
2015-06-18,28.4830
2015-06-19,28.6091
2015-06-20,28.6134
2015-06-21,28.7010
2015-06-22,28.9079
2015-06-23,28.9942
2015-06-24,29.0616
2015-06-25,29.1707
2015-06-26,29.3092
2015-06-27,29.5029
2015-06-28,29.4918
2015-06-29,29.3865
2015-06-30,29.3305
2015-07-01,29.1517
2015-07-02,28.9903
2015-07-03,28.9908
2015-07-04,28.9653
2015-07-05,28.8081
2015-07-06,28.7889
2015-07-07,28.8262
2015-07-08,28.8728
2015-07-09,28.9558
2015-07-10,29.0229
2015-07-11,29.0842
2015-07-12,29.1797
2015-07-13,29.2643
2015-07-14,29.3339
2015-07-15,29.3679
2015-07-16,29.3512
2015-07-17,29.3255
2015-07-18,29.4435
2015-07-19,29.5989
2015-07-20,29.6634
2015-07-21,29.7121
2015-07-22,29.8014
2015-07-23,29.8466
2015-07-24,29.8646
2015-07-25,29.8420
2015-07-26,29.8945
2015-07-27,29.9066
2015-07-28,29.8594
2015-07-29,29.8416
2015-07-30,29.8207
2015-07-31,29.7675
2015-08-01,29.6683
2015-08-02,29.6781
2015-08-03,29.7189
2015-08-04,29.7301
2015-08-05,29.6563
2015-08-06,29.6239
2015-08-07,29.6352
2015-08-08,29.6187
2015-08-09,29.6626
2015-08-10,29.7742
2015-08-11,29.9058
2015-08-12,30.0581
2015-08-13,30.1718
2015-08-14,30.2155
2015-08-15,30.1583
2015-08-16,30.0813
2015-08-17,30.0021
2015-08-18,29.8914
2015-08-19,29.9353
2015-08-20,30.0638
2015-08-21,30.1392
2015-08-22,30.1677
2015-08-23,30.2105
2015-08-24,30.2006
2015-08-25,30.2445
2015-08-26,30.2138
2015-08-27,29.9935
2015-08-28,29.7969
2015-08-29,29.7452
2015-08-30,29.7133
2015-08-31,29.7043
2015-09-01,29.6951
2015-09-02,29.6356
2015-09-03,29.6944
2015-09-04,29.7863
2015-09-05,29.8377
2015-09-06,29.9108
2015-09-07,29.9420
2015-09-08,29.8696
2015-09-09,29.7253
2015-09-10,29.7809
2015-09-11,29.8227
2015-09-12,29.6348
2015-09-13,29.4475
2015-09-14,29.3164
2015-09-15,29.2513
2015-09-16,29.0380
2015-09-17,28.8966
2015-09-18,28.8761
2015-09-19,28.9872
2015-09-20,29.0929
2015-09-21,29.1533
2015-09-22,29.1596
2015-09-23,29.1300
2015-09-24,29.1080
2015-09-25,29.0997
2015-09-26,29.0117
2015-09-27,28.9136
2015-09-28,28.8780
2015-09-29,28.9051
2015-09-30,28.9799
2015-10-01,29.0003
2015-10-02,28.9184
2015-10-03,28.7199
2015-10-04,28.6009
2015-10-05,28.4678
2015-10-06,28.3178
2015-10-07,28.3486
2015-10-08,28.4107
2015-10-09,28.4599
2015-10-10,28.4652
2015-10-11,28.3873
2015-10-12,28.2814
2015-10-13,28.3706
2015-10-14,28.3351
2015-10-15,28.2617
2015-10-16,28.0930
2015-10-17,27.9391
2015-10-18,27.8044
2015-10-19,27.4170
2015-10-20,27.2350
2015-10-21,27.1992
2015-10-22,27.2563
2015-10-23,27.3254
2015-10-24,27.2563
2015-10-25,27.1714
2015-10-26,27.0623
2015-10-27,27.0306
2015-10-28,27.1136
2015-10-29,27.2006
2015-10-30,27.3880
2015-10-31,27.4368
2015-11-01,27.3938
2015-11-02,27.3703
2015-11-03,27.4473
2015-11-04,27.4999
2015-11-05,27.4434
2015-11-06,27.4190
2015-11-07,27.4390
2015-11-08,27.2737
2015-11-09,27.2163
2015-11-10,27.1263
2015-11-11,27.1284
2015-11-12,27.2096
2015-11-13,27.2247
2015-11-14,27.1302
2015-11-15,26.7683
2015-11-16,26.6691
2015-11-17,26.5997
2015-11-18,26.4697
2015-11-19,26.4917
2015-11-20,26.5647
2015-11-21,26.5464
2015-11-22,26.4231
2015-11-23,26.2601
2015-11-24,26.1569
2015-11-25,26.0293
2015-11-26,25.9414
2015-11-27,25.9506
2015-11-28,25.9952
2015-11-29,25.9844
2015-11-30,25.9264
2015-12-01,25.9095
2015-12-02,25.8288
2015-12-03,25.6781
2015-12-04,25.4229
2015-12-05,25.2304
2015-12-06,25.1665
2015-12-07,25.1289
2015-12-08,25.0474
2015-12-09,24.9838
2015-12-10,24.9151
2015-12-11,24.8953
2015-12-12,24.9622
2015-12-13,25.0779
2015-12-14,25.2188
2015-12-15,25.3404
2015-12-16,25.3737
2015-12-17,25.3402
2015-12-18,25.2437
2015-12-19,25.0653
2015-12-20,24.9197
2015-12-21,24.8429
2015-12-22,24.8435
2015-12-23,25.1611
2015-12-24,25.4603
2015-12-25,25.4464
2015-12-26,25.3749
2015-12-27,25.3147
2015-12-28,25.2689
2015-12-29,25.2272
2015-12-30,25.2293
2015-12-31,25.2340
2016-01-01,25.2623
2016-01-02,25.2435
2016-01-03,24.9792
2016-01-04,24.7810
2016-01-05,24.5654
2016-01-06,24.4680
2016-01-07,24.3510
2016-01-08,24.3478
2016-01-09,24.2619
2016-01-10,24.2219
2016-01-11,24.0677
2016-01-12,23.9804
2016-01-13,23.8529
2016-01-14,23.6564
2016-01-15,23.6680
2016-01-16,23.7230
2016-01-17,23.6774
2016-01-18,23.6156
2016-01-19,23.5474
2016-01-20,23.4783
2016-01-21,23.4255
2016-01-22,23.3632
2016-01-23,23.2832
2016-01-24,23.2029
2016-01-25,23.2006
2016-01-26,23.1096
2016-01-27,23.1622
2016-01-28,23.0578
2016-01-29,22.9222
2016-01-30,22.9098
2016-01-31,22.9295
2016-02-01,23.0435
2016-02-02,23.1067
2016-02-03,23.0899
2016-02-04,22.9965
2016-02-05,22.7866
2016-02-06,22.5609
2016-02-07,22.5034
2016-02-08,22.4736
2016-02-09,22.4740
2016-02-10,22.4853
2016-02-11,22.4099
2016-02-12,22.4406
2016-02-13,22.5446
2016-02-14,22.5882
2016-02-15,22.5510
2016-02-16,22.5604
2016-02-17,22.7078
2016-02-18,22.7191
2016-02-19,22.7024
2016-02-20,22.7607
2016-02-21,22.9084
2016-02-22,23.0315
2016-02-23,23.1086
2016-02-24,23.0560
2016-02-25,22.8223
2016-02-26,22.7513
2016-02-27,22.7270
2016-02-28,22.8183
2016-02-29,22.9130
2016-03-01,22.9811
2016-03-02,23.0550
2016-03-03,23.2278
2016-03-04,23.3297
2016-03-05,23.3121
2016-03-06,23.3073
2016-03-07,23.2306
2016-03-08,23.2100
2016-03-09,23.2216
2016-03-10,23.2532
2016-03-11,23.3984
2016-03-12,23.5713
2016-03-13,23.6398
2016-03-14,23.7384
2016-03-15,23.8349
2016-03-16,23.9568
2016-03-17,24.1551
2016-03-18,24.2636
2016-03-19,24.1880
2016-03-20,23.9283
2016-03-21,23.5742
2016-03-22,23.3197
2016-03-23,23.3483
2016-03-24,23.4249
2016-03-25,23.5144
2016-03-26,23.5821
2016-03-27,23.7796
2016-03-28,23.9374
2016-03-29,24.0127
2016-03-30,24.0153
2016-03-31,24.2896
2016-04-01,24.3935
2016-04-02,24.3351
2016-04-03,24.1863
2016-04-04,23.9576
2016-04-05,24.0470
2016-04-06,24.1797
2016-04-07,24.1886
2016-04-08,24.3844
2016-04-09,24.4688
2016-04-10,24.3989
2016-04-11,24.3987
2016-04-12,24.4099
2016-04-13,24.4815
2016-04-14,24.6081
2016-04-15,24.6982
2016-04-16,24.7939
2016-04-17,24.7229
2016-04-18,24.7417
2016-04-19,24.7136
2016-04-20,24.7768
2016-04-21,24.9578
2016-04-22,25.0637
2016-04-23,25.1447
2016-04-24,25.3299
2016-04-25,25.3155
2016-04-26,25.4747
2016-04-27,25.5403
2016-04-28,25.7421
2016-04-29,25.7823
2016-04-30,26.0463
2016-05-01,26.0790
2016-05-02,26.1793
2016-05-03,26.2129
2016-05-04,26.2464
2016-05-05,25.9819
2016-05-06,25.8981
2016-05-07,25.8342
2016-05-08,25.8796
2016-05-09,25.9194
2016-05-10,25.9547
2016-05-11,26.0232
2016-05-12,26.1886
2016-05-13,26.4942
2016-05-14,26.6862
2016-05-15,26.7969
2016-05-16,26.8319
2016-05-17,26.8679
2016-05-18,27.1586
2016-05-19,27.2623
2016-05-20,27.3317
2016-05-21,27.3615
2016-05-22,27.4406
2016-05-23,27.3847
2016-05-24,27.5886
2016-05-25,27.5497
2016-05-26,27.5834
2016-05-27,27.6867
2016-05-28,27.7452
2016-05-29,27.7487
2016-05-30,27.9660
2016-05-31,28.0140
2016-06-01,28.1185
2016-06-02,28.1485
2016-06-03,28.1616
2016-06-04,28.1354
2016-06-05,28.1300
2016-06-06,28.0656
2016-06-07,28.0378
2016-06-08,28.2205
2016-06-09,28.3991
2016-06-10,28.5040
2016-06-11,28.6439
2016-06-12,28.7576
2016-06-13,28.8369
2016-06-14,28.9689
2016-06-15,29.1752
2016-06-16,29.2853
2016-06-17,29.2705
2016-06-18,29.2323
2016-06-19,29.2067
2016-06-20,29.1712
2016-06-21,28.9639
2016-06-22,28.9957
2016-06-23,29.1824
2016-06-24,29.3405
2016-06-25,29.4270
2016-06-26,29.5418
2016-06-27,29.6208
2016-06-28,29.7824
2016-06-29,29.8749
2016-06-30,29.8509
2016-07-01,29.8803
2016-07-02,30.0528
2016-07-03,30.1336
2016-07-04,30.1074
2016-07-05,30.1213
2016-07-06,30.0361
2016-07-07,29.9333
2016-07-08,29.9132
2016-07-09,29.8535
2016-07-10,29.9202
2016-07-11,29.9856
2016-07-12,30.0887
2016-07-13,30.1602
2016-07-14,30.1621
2016-07-15,30.2336
2016-07-16,30.2570
2016-07-17,30.2809
2016-07-18,30.2926
2016-07-19,30.2703
2016-07-20,30.2262
2016-07-21,30.2079
2016-07-22,30.2436
2016-07-23,30.3063
2016-07-24,30.2770
2016-07-25,30.2188
2016-07-26,30.1395
2016-07-27,30.0939
2016-07-28,30.1036
2016-07-29,30.1761
2016-07-30,30.2696
2016-07-31,30.2818
2016-08-01,30.3238
2016-08-02,30.3920
2016-08-03,30.4219
2016-08-04,30.4265
2016-08-05,30.3644
2016-08-06,30.2594
2016-08-07,30.2756
2016-08-08,30.3053
2016-08-09,30.3682
2016-08-10,30.3801
2016-08-11,30.3103
2016-08-12,30.0981
2016-08-13,30.0012
2016-08-14,29.9346
2016-08-15,29.8941
2016-08-16,29.8152
2016-08-17,29.7902
2016-08-18,29.8258
2016-08-19,29.8888
2016-08-20,29.9268
2016-08-21,29.9636
2016-08-22,30.0117
2016-08-23,29.9888
2016-08-24,30.0138
2016-08-25,30.0466
2016-08-26,30.0148
2016-08-27,29.9737
2016-08-28,29.8927
2016-08-29,29.8413
2016-08-30,29.8819
2016-08-31,29.8526
2016-09-01,29.7301
2016-09-02,29.7899
2016-09-03,29.8587
2016-09-04,29.7781
2016-09-05,29.6908
2016-09-06,29.6664
2016-09-07,29.6548
2016-09-08,29.6777
2016-09-09,29.7684
2016-09-10,29.8317
2016-09-11,29.8460
2016-09-12,29.8899
2016-09-13,29.8548
2016-09-14,29.7564
2016-09-15,29.6996
2016-09-16,29.7768
2016-09-17,29.7936
2016-09-18,29.8985
2016-09-19,30.0166
2016-09-20,30.0361
2016-09-21,30.1110
2016-09-22,30.0904
2016-09-23,30.1182
2016-09-24,30.1494
2016-09-25,30.1276
2016-09-26,30.1006
2016-09-27,30.0424
2016-09-28,29.9939
2016-09-29,29.8790
2016-09-30,29.7742
2016-10-01,29.7219
2016-10-02,29.7084
2016-10-03,29.6664
2016-10-04,29.6297
2016-10-05,29.6339
2016-10-06,29.5862
2016-10-07,29.5625
2016-10-08,29.6092
2016-10-09,29.5196
2016-10-10,29.3915
2016-10-11,29.2951
2016-10-12,29.0499
2016-10-13,28.9379
2016-10-14,28.8659
2016-10-15,28.9186
2016-10-16,28.9458
2016-10-17,28.9004
2016-10-18,28.8797
2016-10-19,28.8303
2016-10-20,28.7620
2016-10-21,28.7317
2016-10-22,28.5684
2016-10-23,28.3689
2016-10-24,28.2968
2016-10-25,28.2218
2016-10-26,28.1364
2016-10-27,28.0690
2016-10-28,27.9903
2016-10-29,27.9591
2016-10-30,27.9181
2016-10-31,27.9059
2016-11-01,27.8704
2016-11-02,27.8291
2016-11-03,27.8231
2016-11-04,27.8736
2016-11-05,27.8137
2016-11-06,27.6721
2016-11-07,27.5145
2016-11-08,27.3618
2016-11-09,27.2630
2016-11-10,27.2502
2016-11-11,27.2195
2016-11-12,27.1619
2016-11-13,27.0226
2016-11-14,26.9605
2016-11-15,26.8860
2016-11-16,26.7401
2016-11-17,26.6843
2016-11-18,26.6622
2016-11-19,26.5659
2016-11-20,26.4174
2016-11-21,26.2632
2016-11-22,26.2208
2016-11-23,26.2030
2016-11-24,26.1655
2016-11-25,26.1770
2016-11-26,26.1831
2016-11-27,26.0869
2016-11-28,26.0204
2016-11-29,26.0061
2016-11-30,25.9624
2016-12-01,25.9084
2016-12-02,25.8590
2016-12-03,25.8110
2016-12-04,25.7876
2016-12-05,25.7107
2016-12-06,25.7150
2016-12-07,25.6864
2016-12-08,25.6565
2016-12-09,25.5075
2016-12-10,25.1719
2016-12-11,25.0498
2016-12-12,25.0863
2016-12-13,25.2087
2016-12-14,25.2306
2016-12-15,25.1667
2016-12-16,25.0957
2016-12-17,25.1940
2016-12-18,25.2237
2016-12-19,25.1887
2016-12-20,24.9090
2016-12-21,24.8380
2016-12-22,24.8606
2016-12-23,24.9460
2016-12-24,24.9663
2016-12-25,24.9964
2016-12-26,25.0672
2016-12-27,25.1018
2016-12-28,25.1896
2016-12-29,25.2623
2016-12-30,25.2155
2016-12-31,24.8846
2017-01-01,24.8016
2017-01-02,24.8362
2017-01-03,24.8864
2017-01-04,25.0004
2017-01-05,24.9721
2017-01-06,24.9617
2017-01-07,24.8243
2017-01-08,24.5692
2017-01-09,24.1260
2017-01-10,24.0615
2017-01-11,23.9935
2017-01-12,23.9758
2017-01-13,24.0959
2017-01-14,24.0659
2017-01-15,24.0061
2017-01-16,24.1569
2017-01-17,24.1784
2017-01-18,24.3175
2017-01-19,24.3755
2017-01-20,24.5281
2017-01-21,24.5170
2017-01-22,24.4611
2017-01-23,24.2715
2017-01-24,24.0904
2017-01-25,24.0978
2017-01-26,24.0776
2017-01-27,23.9291
2017-01-28,23.7737
2017-01-29,23.7528
2017-01-30,23.7879
2017-01-31,23.5323
2017-02-01,23.6139
2017-02-02,23.6594
2017-02-03,23.7051
2017-02-04,23.5541
2017-02-05,23.5261
2017-02-06,23.6826
2017-02-07,23.9065
2017-02-08,23.7940
2017-02-09,23.9622
2017-02-10,23.8310
2017-02-11,23.7514
2017-02-12,23.8734
2017-02-13,23.9618
2017-02-14,23.9141
2017-02-15,23.8909
2017-02-16,23.5831
2017-02-17,23.5732
2017-02-18,23.8643
2017-02-19,24.0849
2017-02-20,24.0647
2017-02-21,24.1176
2017-02-22,24.0058
2017-02-23,23.9282
2017-02-24,23.9331
2017-02-25,23.9404
2017-02-26,23.8551
2017-02-27,23.8571
2017-02-28,24.1137
2017-03-01,24.2214
2017-03-02,24.3117
2017-03-03,24.1860
2017-03-04,23.8402
2017-03-05,23.7505
2017-03-06,23.7211
2017-03-07,23.7759
2017-03-08,23.9510
2017-03-09,24.0932
2017-03-10,24.1589
2017-03-11,24.2207
2017-03-12,24.2758
2017-03-13,24.1727
2017-03-14,23.9618
2017-03-15,23.8188
2017-03-16,23.7623
2017-03-17,23.7159
2017-03-18,23.8146
2017-03-19,23.9751
2017-03-20,24.0430
2017-03-21,24.0887
2017-03-22,24.1665
2017-03-23,24.2656
2017-03-24,24.2913
2017-03-25,24.3218
2017-03-26,24.4446
2017-03-27,24.5687
2017-03-28,24.7150
2017-03-29,24.7482
2017-03-30,24.8070
2017-03-31,24.7951
2017-04-01,24.9545
2017-04-02,25.1662
2017-04-03,25.2606
2017-04-04,25.2803
2017-04-05,25.3175
2017-04-06,25.1828
2017-04-07,24.9830
2017-04-08,24.8150
2017-04-09,24.7647
2017-04-10,24.7904
2017-04-11,24.8573
2017-04-12,24.9781
2017-04-13,25.0822
2017-04-14,25.1259
2017-04-15,25.1631
2017-04-16,25.1827
2017-04-17,25.1759
2017-04-18,25.3039
2017-04-19,25.3773
2017-04-20,25.4877
2017-04-21,25.5659
2017-04-22,25.6278
2017-04-23,25.6874
2017-04-24,25.4645
2017-04-25,25.4057
2017-04-26,25.5813
2017-04-27,25.7146
2017-04-28,25.7878
2017-04-29,25.8745
2017-04-30,25.8657
2017-05-01,25.8901
2017-05-02,25.9718
2017-05-03,26.0320
2017-05-04,26.0915
2017-05-05,25.9157
2017-05-06,25.6553
2017-05-07,25.6559
2017-05-08,25.6982
2017-05-09,25.7658
2017-05-10,25.8547
2017-05-11,26.0227
2017-05-12,26.1456
2017-05-13,26.2073
2017-05-14,26.2193
2017-05-15,26.2511
2017-05-16,26.3231
2017-05-17,26.4154
2017-05-18,26.5006
2017-05-19,26.5604
2017-05-20,26.7047
2017-05-21,26.8614
2017-05-22,27.0210
2017-05-23,27.0100
2017-05-24,26.8484
2017-05-25,26.7283
2017-05-26,26.8428
2017-05-27,27.0754
2017-05-28,27.2434
2017-05-29,27.2920
2017-05-30,27.4496
2017-05-31,27.6435
2017-06-01,27.7607
2017-06-02,27.7522
2017-06-03,27.7663
2017-06-04,27.7796
2017-06-05,27.8209
2017-06-06,27.9074
2017-06-07,27.9419
2017-06-08,27.9184
2017-06-09,27.9630
2017-06-10,28.0063
2017-06-11,28.0085
2017-06-12,28.0107
2017-06-13,28.1806
2017-06-14,28.2438
2017-06-15,28.3914
2017-06-16,28.5655
2017-06-17,28.6405
2017-06-18,28.6490
2017-06-19,28.6938
2017-06-20,28.6083
2017-06-21,28.4029
2017-06-22,28.3527
2017-06-23,28.4691
2017-06-24,28.6239
2017-06-25,28.8285
2017-06-26,28.9889
2017-06-27,29.0953
2017-06-28,29.1380
2017-06-29,29.0761
2017-06-30,29.0699
2017-07-01,29.1000
2017-07-02,29.3083
2017-07-03,29.4575
2017-07-04,29.5486
2017-07-05,29.5445
2017-07-06,29.5907
2017-07-07,29.6767
2017-07-08,29.7362
2017-07-09,29.7618
2017-07-10,29.6953
2017-07-11,29.6952
2017-07-12,29.6560
2017-07-13,29.7168
2017-07-14,29.8406
2017-07-15,29.9961
2017-07-16,30.0242
2017-07-17,30.0020
2017-07-18,29.9949
2017-07-19,30.0858
2017-07-20,30.1335
2017-07-21,30.2324
2017-07-22,30.1494
2017-07-23,29.9062
2017-07-24,29.8512
2017-07-25,29.9406
2017-07-26,30.0171
2017-07-27,30.1150
2017-07-28,30.2699
2017-07-29,30.3338
2017-07-30,30.2601
2017-07-31,30.1009
2017-08-01,30.1233
2017-08-02,30.0982
2017-08-03,29.9733
2017-08-04,29.8732
2017-08-05,29.8633
2017-08-06,29.8768
2017-08-07,29.8956
2017-08-08,29.8913
2017-08-09,29.8684
2017-08-10,29.8973
2017-08-11,29.9643
2017-08-12,30.0928
2017-08-13,30.1530
2017-08-14,30.1608
2017-08-15,30.1964
2017-08-16,30.2090
2017-08-17,30.2214
2017-08-18,30.1910
2017-08-19,30.1754
2017-08-20,30.1336
2017-08-21,30.1100
2017-08-22,29.9993
2017-08-23,29.9533
2017-08-24,29.8770
2017-08-25,29.7806
2017-08-26,29.7097
2017-08-27,29.7249
2017-08-28,29.7059
2017-08-29,29.6977
2017-08-30,29.7334
2017-08-31,29.7638
2017-09-01,29.6882
2017-09-02,29.6217
2017-09-03,29.6287
2017-09-04,29.6501
2017-09-05,29.6577
2017-09-06,29.6100
2017-09-07,29.5500
2017-09-08,29.4624
2017-09-09,29.4589
2017-09-10,29.3464
2017-09-11,28.9715
2017-09-12,28.9220
2017-09-13,28.9702
2017-09-14,29.0942
2017-09-15,29.1641
2017-09-16,29.1853
2017-09-17,29.2203
2017-09-18,29.2663
2017-09-19,29.2849
2017-09-20,29.3396
2017-09-21,29.4035
2017-09-22,29.4905
2017-09-23,29.4938
2017-09-24,29.4613
2017-09-25,29.3727
2017-09-26,29.2995
2017-09-27,29.2671
2017-09-28,29.2403
2017-09-29,29.2643
2017-09-30,29.2232
2017-10-01,29.1756
2017-10-02,29.1610
2017-10-03,29.0732
2017-10-04,28.8628
2017-10-05,28.7137
2017-10-06,28.6424
2017-10-07,28.7008
2017-10-08,28.7916
2017-10-09,28.8511
2017-10-10,28.8175
2017-10-11,28.8551
2017-10-12,28.8198
2017-10-13,28.8242
2017-10-14,28.8002
2017-10-15,28.8155
2017-10-16,28.7311
2017-10-17,28.5245
2017-10-18,28.3515
2017-10-19,28.3098
2017-10-20,28.3879
2017-10-21,28.4742
2017-10-22,28.4865
2017-10-23,28.3762
2017-10-24,28.2692
2017-10-25,27.8986
2017-10-26,27.5208
2017-10-27,27.4901
2017-10-28,27.4589
2017-10-29,27.2620
2017-10-30,27.0331
2017-10-31,26.9285
2017-11-01,26.9610
2017-11-02,26.9912
2017-11-03,27.0555
2017-11-04,27.0854
2017-11-05,27.1329
2017-11-06,27.1942
2017-11-07,27.2054
2017-11-08,27.1464
2017-11-09,26.9902
2017-11-10,26.8260
2017-11-11,26.7048
2017-11-12,26.7144
2017-11-13,26.6631
2017-11-14,26.6512
2017-11-15,26.6844
2017-11-16,26.6308
2017-11-17,26.4635
2017-11-18,26.3641
2017-11-19,26.3086
2017-11-20,26.2125
2017-11-21,26.1868
2017-11-22,26.1516
2017-11-23,26.0860
2017-11-24,26.0083
2017-11-25,25.9822
2017-11-26,26.0198
2017-11-27,25.9385
2017-11-28,25.8670
2017-11-29,25.9354
2017-11-30,25.9431
2017-12-01,25.9763
2017-12-02,26.0123
2017-12-03,26.0367
2017-12-04,26.0590
2017-12-05,26.0403
2017-12-06,25.9735
2017-12-07,25.8730
2017-12-08,25.6413
2017-12-09,25.4071
2017-12-10,25.1218
2017-12-11,25.0100
2017-12-12,24.9374
2017-12-13,24.8734
2017-12-14,24.8499
2017-12-15,24.6911
2017-12-16,24.5307
2017-12-17,24.6117
2017-12-18,24.8194
2017-12-19,24.8467
2017-12-20,24.8603
2017-12-21,24.9221
2017-12-22,24.8773
2017-12-23,24.8160
2017-12-24,24.7207
2017-12-25,24.7275
2017-12-26,24.6826
2017-12-27,24.6475
2017-12-28,24.5781
2017-12-29,24.5112
2017-12-30,24.5296
2017-12-31,24.4424
2018-01-01,24.3230
2018-01-02,24.0737
2018-01-03,23.8707
2018-01-04,23.6938
2018-01-05,23.5091
2018-01-06,23.4403
2018-01-07,23.3487
2018-01-08,23.3822
2018-01-09,23.4565
2018-01-10,23.4234
2018-01-11,23.4382
2018-01-12,23.3760
2018-01-13,23.2148
2018-01-14,23.0380
2018-01-15,22.9888
2018-01-16,22.9348
2018-01-17,22.8011
2018-01-18,22.6846
2018-01-19,22.6690
2018-01-20,22.6744
2018-01-21,22.6927
2018-01-22,22.6652
2018-01-23,22.6595
2018-01-24,22.6181
2018-01-25,22.5319
2018-01-26,22.4734
2018-01-27,22.5380
2018-01-28,22.5762
2018-01-29,22.5349
2018-01-30,22.4861
2018-01-31,22.4484
2018-02-01,22.4027
2018-02-02,22.4792
2018-02-03,22.6200
2018-02-04,22.7444
2018-02-05,22.9496
2018-02-06,22.9736
2018-02-07,22.9634
2018-02-08,23.0300
2018-02-09,23.0279
2018-02-10,23.0739
2018-02-11,23.1736
2018-02-12,23.2992
2018-02-13,23.3859
2018-02-14,23.4821
2018-02-15,23.5844
2018-02-16,23.6670
2018-02-17,23.7269
2018-02-18,23.7969
2018-02-19,23.8816
2018-02-20,23.9309
2018-02-21,23.9859
2018-02-22,24.0643
2018-02-23,24.1762
2018-02-24,24.2994
2018-02-25,24.4064
2018-02-26,24.5620
2018-02-27,24.6600
2018-02-28,24.6636
2018-03-01,24.6840
2018-03-02,24.6464
2018-03-03,24.6031
2018-03-04,24.6041
2018-03-05,24.5424
2018-03-06,24.4371
2018-03-07,24.2567
2018-03-08,24.0013
2018-03-09,23.8909
2018-03-10,23.8846
2018-03-11,23.9504
2018-03-12,23.9898
2018-03-13,23.8402
2018-03-14,23.6847
2018-03-15,23.5526
2018-03-16,23.5248
2018-03-17,23.7525
2018-03-18,23.9951
2018-03-19,24.1753
2018-03-20,24.2185
2018-03-21,24.0543
2018-03-22,23.9434
2018-03-23,23.9156
2018-03-24,23.9507
2018-03-25,24.1033
2018-03-26,24.1692
2018-03-27,24.2011
2018-03-28,24.2532
2018-03-29,24.2864
2018-03-30,24.3206
2018-03-31,24.3109
2018-04-01,24.4289
2018-04-02,24.6457
2018-04-03,24.7763
2018-04-04,24.8598
2018-04-05,24.7981
2018-04-06,24.7930
2018-04-07,24.9044
2018-04-08,25.0095
2018-04-09,25.0798
2018-04-10,25.1349
2018-04-11,25.0466
2018-04-12,24.9734
2018-04-13,25.0916
2018-04-14,25.1953
2018-04-15,24.8546
2018-04-16,24.5241
2018-04-17,24.4531
2018-04-18,24.5141
2018-04-19,24.6735
2018-04-20,24.7996
2018-04-21,24.9785
2018-04-22,25.2374
2018-04-23,25.3531
2018-04-24,25.3916
2018-04-25,25.4178
2018-04-26,25.4310
2018-04-27,25.3420
2018-04-28,25.2871
2018-04-29,25.3207
2018-04-30,25.3422
2018-05-01,25.4395
2018-05-02,25.5270
2018-05-03,25.5505
2018-05-04,25.6282
2018-05-05,25.8712
2018-05-06,26.0147
2018-05-07,26.0430
2018-05-08,26.1156
2018-05-09,26.2440
2018-05-10,26.3222
2018-05-11,26.4271
2018-05-12,26.5036
2018-05-13,26.5953
2018-05-14,26.7164
2018-05-15,26.8555
2018-05-16,26.9878
2018-05-17,27.1380
2018-05-18,27.2291
2018-05-19,27.2943
2018-05-20,27.2432
2018-05-21,27.2358
2018-05-22,27.3234
2018-05-23,27.4067
2018-05-24,27.5607
2018-05-25,27.6389
2018-05-26,27.7605
2018-05-27,27.8066
2018-05-28,27.8194
2018-05-29,27.8872
2018-05-30,27.8776
2018-05-31,27.8501
2018-06-01,27.9546
2018-06-02,28.1612
2018-06-03,28.3478
2018-06-04,28.4809
2018-06-05,28.5319
2018-06-06,28.4483
2018-06-07,28.4265
2018-06-08,28.4113
2018-06-09,28.4068
2018-06-10,28.4127
2018-06-11,28.4654
2018-06-12,28.4712
2018-06-13,28.4496
2018-06-14,28.4977
2018-06-15,28.4715
2018-06-16,28.4893
2018-06-17,28.4850
2018-06-18,28.4260
2018-06-19,28.4077
2018-06-20,28.4647
2018-06-21,28.5635
2018-06-22,28.7078
2018-06-23,28.8396
2018-06-24,28.9666
2018-06-25,29.0158
2018-06-26,29.0671
2018-06-27,29.1293
2018-06-28,29.1698
2018-06-29,29.0976
2018-06-30,29.0408
2018-07-01,29.1496
2018-07-02,29.2549
2018-07-03,29.3231
2018-07-04,29.3951
2018-07-05,29.4650
2018-07-06,29.4747
2018-07-07,29.4422
2018-07-08,29.4199
2018-07-09,29.3901
2018-07-10,29.4630
2018-07-11,29.5834
2018-07-12,29.7000
2018-07-13,29.7755
2018-07-14,29.6618
2018-07-15,29.6231
2018-07-16,29.8365
2018-07-17,29.9573
2018-07-18,29.9676
2018-07-19,29.9440
2018-07-20,29.8992
2018-07-21,29.8841
2018-07-22,29.9055
2018-07-23,29.8605
2018-07-24,29.7760
2018-07-25,29.7736
2018-07-26,29.8477
2018-07-27,29.9672
2018-07-28,30.1273
2018-07-29,30.2306
2018-07-30,30.1834
2018-07-31,30.1454
2018-08-01,29.9417
2018-08-02,29.6908
2018-08-03,29.7418
2018-08-04,29.7881
2018-08-05,29.7683
2018-08-06,29.7736
2018-08-07,29.7936
2018-08-08,29.8194
2018-08-09,29.8400
2018-08-10,29.7555
2018-08-11,29.6544
2018-08-12,29.5699
2018-08-13,29.6651
2018-08-14,29.7729
2018-08-15,29.8123
2018-08-16,29.8339
2018-08-17,29.8322
2018-08-18,29.8367
2018-08-19,29.8186
2018-08-20,29.8667
2018-08-21,29.9460
2018-08-22,30.0583
2018-08-23,30.0604
2018-08-24,30.0800
2018-08-25,30.0726
2018-08-26,30.0729
2018-08-27,30.0524
2018-08-28,30.0043
2018-08-29,29.9307
2018-08-30,29.8393
2018-08-31,29.7665
2018-09-01,29.7266
2018-09-02,29.6698
2018-09-03,29.6278
2018-09-04,29.5914
2018-09-05,29.5583
2018-09-06,29.5133
2018-09-07,29.5601
2018-09-08,29.6009
2018-09-09,29.6192
2018-09-10,29.6127
2018-09-11,29.4329
2018-09-12,29.3761
2018-09-13,29.4492
2018-09-14,29.5361
2018-09-15,29.6200
2018-09-16,29.7164
2018-09-17,29.7413
2018-09-18,29.7385
2018-09-19,29.6875
2018-09-20,29.7322
2018-09-21,29.8226
2018-09-22,29.8082
2018-09-23,29.7202
2018-09-24,29.7263
2018-09-25,29.7507
2018-09-26,29.7414
2018-09-27,29.6512
2018-09-28,29.5638
2018-09-29,29.5490
2018-09-30,29.5129
2018-10-01,29.4083
2018-10-02,29.3349
2018-10-03,29.3108
2018-10-04,29.2569
2018-10-05,29.2142
2018-10-06,29.1754
2018-10-07,29.1171
2018-10-08,29.0351
2018-10-09,28.9469
2018-10-10,28.8151
2018-10-11,28.8784
2018-10-12,28.8904
2018-10-13,28.8684
2018-10-14,28.7392
2018-10-15,28.6929
2018-10-16,28.6782
2018-10-17,28.6163
2018-10-18,28.5427
2018-10-19,28.4804
2018-10-20,28.4438
2018-10-21,28.4395
2018-10-22,28.3837
2018-10-23,28.3062
2018-10-24,28.3027
2018-10-25,28.2341
2018-10-26,28.1383
2018-10-27,28.0166
2018-10-28,27.9742
2018-10-29,27.8538
2018-10-30,27.7359
2018-10-31,27.7160
2018-11-01,27.6426
2018-11-02,27.4761
2018-11-03,27.2956
2018-11-04,27.3265
2018-11-05,27.4273
2018-11-06,27.4500
2018-11-07,27.4210
2018-11-08,27.3706
2018-11-09,27.3378
2018-11-10,27.2715
2018-11-11,27.0877
2018-11-12,27.0096
2018-11-13,26.9567
2018-11-14,26.6029
2018-11-15,26.1690
2018-11-16,25.8803
2018-11-17,25.7699
2018-11-18,25.7738
2018-11-19,25.7991
2018-11-20,25.7828
2018-11-21,25.6966
2018-11-22,25.5997
2018-11-23,25.5951
2018-11-24,25.5873
2018-11-25,25.4992
2018-11-26,25.4269
2018-11-27,25.3855
2018-11-28,25.2326
2018-11-29,25.2039
2018-11-30,25.1916
2018-12-01,25.1911
2018-12-02,25.1605
2018-12-03,25.1449
2018-12-04,25.0924
2018-12-05,24.9653
2018-12-06,24.8065
2018-12-07,24.7292
2018-12-08,24.6855
2018-12-09,24.5020
2018-12-10,24.3481
2018-12-11,24.2025
2018-12-12,24.1014
2018-12-13,23.9634
2018-12-14,23.9955
2018-12-15,24.0310
2018-12-16,24.0470
2018-12-17,24.0287
2018-12-18,23.9763
2018-12-19,23.8625
2018-12-20,23.7638
2018-12-21,23.6508
2018-12-22,23.5067
2018-12-23,23.4868
2018-12-24,23.5112
2018-12-25,23.5295
2018-12-26,23.6891
2018-12-27,23.7492
2018-12-28,23.8374
2018-12-29,23.8667
2018-12-30,23.9190
2018-12-31,23.9827
2019-01-01,23.9962
2019-01-02,24.0430
2019-01-03,24.0378
2019-01-04,23.9817
2019-01-05,23.8860
2019-01-06,23.8070
2019-01-07,23.8119
2019-01-08,23.7905
2019-01-09,23.8628
2019-01-10,23.8241
2019-01-11,23.6949
2019-01-12,23.5699
2019-01-13,23.5029
2019-01-14,23.4232
2019-01-15,23.3508
2019-01-16,23.2662
2019-01-17,23.2771
2019-01-18,23.3058
2019-01-19,23.3262
2019-01-20,23.2056
2019-01-21,22.9102
2019-01-22,22.8891
2019-01-23,22.8894
2019-01-24,22.8511
2019-01-25,22.7677
2019-01-26,22.7093
2019-01-27,22.6791
2019-01-28,22.6221
2019-01-29,22.5738
2019-01-30,22.5053
2019-01-31,22.4463
2019-02-01,22.5037
2019-02-02,22.7022
2019-02-03,22.8612
2019-02-04,23.0704
2019-02-05,23.2917
2019-02-06,23.3626
2019-02-07,23.3950
2019-02-08,23.4019
2019-02-09,23.2529
2019-02-10,23.0841
2019-02-11,23.1905
2019-02-12,23.2541
2019-02-13,23.1061
2019-02-14,22.9483
2019-02-15,23.0917
2019-02-16,23.3093
2019-02-17,23.3712
2019-02-18,23.3727
2019-02-19,23.3880
2019-02-20,23.4469
2019-02-21,23.4535
2019-02-22,23.5121
2019-02-23,23.6888
2019-02-24,23.7530
2019-02-25,23.6137
2019-02-26,23.6001
2019-02-27,23.6254
2019-02-28,23.6848
2019-03-01,23.8059
2019-03-02,23.9589
2019-03-03,24.0768
2019-03-04,24.0486
2019-03-05,23.8554
2019-03-06,23.5848
2019-03-07,23.2986
2019-03-08,23.2397
2019-03-09,23.3181
2019-03-10,23.5170
2019-03-11,23.6689
2019-03-12,23.7177
2019-03-13,23.7822
2019-03-14,23.8616
2019-03-15,23.9158
2019-03-16,23.9498
2019-03-17,23.8763
2019-03-18,23.8079
2019-03-19,23.5939
2019-03-20,23.5597
2019-03-21,23.5516
2019-03-22,23.5083
2019-03-23,23.4887
2019-03-24,23.5457
2019-03-25,23.6699
2019-03-26,23.7761
2019-03-27,23.6912
2019-03-28,23.6217
2019-03-29,23.6191
2019-03-30,23.6668
2019-03-31,23.7357
2019-04-01,23.6919
2019-04-02,23.5991
2019-04-03,23.5515
2019-04-04,23.7381
2019-04-05,23.9791
2019-04-06,24.2041
2019-04-07,24.4027
2019-04-08,24.4297
2019-04-09,24.3975
2019-04-10,24.4630
2019-04-11,24.5780
2019-04-12,24.6511
2019-04-13,24.7044
2019-04-14,24.6671
2019-04-15,24.5326
2019-04-16,24.5550
2019-04-17,24.6545
2019-04-18,24.8278
2019-04-19,24.7840
2019-04-20,24.6223
2019-04-21,24.6363
2019-04-22,24.6681
2019-04-23,24.6862
2019-04-24,24.8006
2019-04-25,24.9978
2019-04-26,25.1366
2019-04-27,25.2401
2019-04-28,25.3341
2019-04-29,25.5208
2019-04-30,25.6880
2019-05-01,25.7820
2019-05-02,25.8185
2019-05-03,26.0072
2019-05-04,26.2541
2019-05-05,26.3041
2019-05-06,26.3619
2019-05-07,26.4464
2019-05-08,26.4698
2019-05-09,26.4955
2019-05-10,26.5127
2019-05-11,26.5315
2019-05-12,26.6534
2019-05-13,26.7522
2019-05-14,26.7355
2019-05-15,26.6903
2019-05-16,26.6670
2019-05-17,26.7727
2019-05-18,26.8560
2019-05-19,26.8746
2019-05-20,26.9794
2019-05-21,27.1818
2019-05-22,27.2622
2019-05-23,27.2848
2019-05-24,27.2516
2019-05-25,27.2493
2019-05-26,27.3145
2019-05-27,27.4762
2019-05-28,27.6053
2019-05-29,27.6330
2019-05-30,27.7685
2019-05-31,28.0547
2019-06-01,28.2981
2019-06-02,28.5011
2019-06-03,28.6814
2019-06-04,28.7563
2019-06-05,28.7442
2019-06-06,28.6333
2019-06-07,28.5893
2019-06-08,28.6147
2019-06-09,28.6960
2019-06-10,28.8085
2019-06-11,28.9257
2019-06-12,29.0182
2019-06-13,28.9416
2019-06-14,28.8621
2019-06-15,28.8610
2019-06-16,28.8610
2019-06-17,28.8608
2019-06-18,28.9350
2019-06-19,29.1080
2019-06-20,29.1914
2019-06-21,29.2152
2019-06-22,29.2686
2019-06-23,29.2253
2019-06-24,29.2080
2019-06-25,29.2386
2019-06-26,29.2897
2019-06-27,29.3514
2019-06-28,29.4424
2019-06-29,29.5640
2019-06-30,29.5962
2019-07-01,29.5511
2019-07-02,29.5050
2019-07-03,29.3399
2019-07-04,29.3571
2019-07-05,29.4563
2019-07-06,29.6354
2019-07-07,29.7740
2019-07-08,29.8316
2019-07-09,29.8281
2019-07-10,29.8299
2019-07-11,29.8110
2019-07-12,29.5997
2019-07-13,29.4811
2019-07-14,29.4163
2019-07-15,29.2694
2019-07-16,29.3265
2019-07-17,29.4666
2019-07-18,29.5700
2019-07-19,29.5822
2019-07-20,29.5534
2019-07-21,29.5957
2019-07-22,29.7207
2019-07-23,29.7738
2019-07-24,29.7555
2019-07-25,29.5787
2019-07-26,29.5295
2019-07-27,29.5902
2019-07-28,29.6313
2019-07-29,29.6421
2019-07-30,29.6241
2019-07-31,29.6803
2019-08-01,29.7962
2019-08-02,29.8794
2019-08-03,29.9003
2019-08-04,29.8754
2019-08-05,29.9429
2019-08-06,30.0767
2019-08-07,30.1714
2019-08-08,30.1626
2019-08-09,30.1572
2019-08-10,30.1774
2019-08-11,30.2228
2019-08-12,30.2718
2019-08-13,30.2643
2019-08-14,30.2554
2019-08-15,30.3093
2019-08-16,30.3689
2019-08-17,30.2800
2019-08-18,29.9996
2019-08-19,29.9011
2019-08-20,29.8518
2019-08-21,29.9575
2019-08-22,30.0146
2019-08-23,30.0226
2019-08-24,30.0219
2019-08-25,30.0924
2019-08-26,30.0919
2019-08-27,30.0915
2019-08-28,30.1414
2019-08-29,30.2370
2019-08-30,30.2895
2019-08-31,30.2770
2019-09-01,30.1385
2019-09-02,30.0747
2019-09-03,30.0340
2019-09-04,29.9488
2019-09-05,30.0079
2019-09-06,30.0601
2019-09-07,30.0877
2019-09-08,30.1445
2019-09-09,30.1558
2019-09-10,30.0633
2019-09-11,29.9263
2019-09-12,29.8323
2019-09-13,29.7298
2019-09-14,29.6747
2019-09-15,29.6800
2019-09-16,29.7543
2019-09-17,29.8309
2019-09-18,29.8511
2019-09-19,29.7800
2019-09-20,29.6505
2019-09-21,29.4899
2019-09-22,29.4212
2019-09-23,29.4573
2019-09-24,29.4996
2019-09-25,29.5040
2019-09-26,29.5029
2019-09-27,29.4935
2019-09-28,29.4936
2019-09-29,29.4687
2019-09-30,29.4585
2019-10-01,29.4485
2019-10-02,29.3658
2019-10-03,29.3373
2019-10-04,29.4012
2019-10-05,29.4234
2019-10-06,29.3352
2019-10-07,29.2660
2019-10-08,29.1378
2019-10-09,29.0342
2019-10-10,29.0302
2019-10-11,29.0522
2019-10-12,29.0662
2019-10-13,28.9754
2019-10-14,28.9935
2019-10-15,29.0168
2019-10-16,29.0228
2019-10-17,28.9688
2019-10-18,28.7411
2019-10-19,28.7538
2019-10-20,28.8516
2019-10-21,28.8625
2019-10-22,28.7745
2019-10-23,28.6655
2019-10-24,28.5700
2019-10-25,28.4296
2019-10-26,27.9541
2019-10-27,27.8367
2019-10-28,27.8142
2019-10-29,27.9415
2019-10-30,27.9961
2019-10-31,27.9445
2019-11-01,27.8000
2019-11-02,27.4562
2019-11-03,27.3630
2019-11-04,27.2962
2019-11-05,27.1689
2019-11-06,27.1567
2019-11-07,27.0822
2019-11-08,26.9915
2019-11-09,26.8682
2019-11-10,26.7871
2019-11-11,26.7417
2019-11-12,26.7039
2019-11-13,26.5928
2019-11-14,26.4054
2019-11-15,26.1815
2019-11-16,26.0488
2019-11-17,25.9495
2019-11-18,25.9272
2019-11-19,25.9411
2019-11-20,25.9344
2019-11-21,25.9171
2019-11-22,25.9108
2019-11-23,25.8583
2019-11-24,25.8090
2019-11-25,25.7373
2019-11-26,25.7861
2019-11-27,25.8221
2019-11-28,25.8691
2019-11-29,25.9805
2019-11-30,25.9873
2019-12-01,25.8745
2019-12-02,25.6750
2019-12-03,25.5127
2019-12-04,25.3998
2019-12-05,25.4512
2019-12-06,25.5476
2019-12-07,25.4530
2019-12-08,25.4763
2019-12-09,25.4833
2019-12-10,25.4149
2019-12-11,25.3866
2019-12-12,25.2553
2019-12-13,25.2498
2019-12-14,25.2579
2019-12-15,25.2172
2019-12-16,25.2183
2019-12-17,25.1670
2019-12-18,25.1076
2019-12-19,24.8314
2019-12-20,24.7287
2019-12-21,24.6159
2019-12-22,24.4923
2019-12-23,24.4281
2019-12-24,24.3150
2019-12-25,24.3230
2019-12-26,24.3043
2019-12-27,24.3550
2019-12-28,24.4155
2019-12-29,24.4899
2019-12-30,24.5559
2019-12-31,24.4437
2020-01-01,24.3714
2020-01-02,24.4456
2020-01-03,24.5989
2020-01-04,24.5261
2020-01-05,24.2922
2020-01-06,24.1916
2020-01-07,24.2080
2020-01-08,24.1857
2020-01-09,24.1187
2020-01-10,24.0373
2020-01-11,24.0912
2020-01-12,24.2206
2020-01-13,24.3391
2020-01-14,24.3824
2020-01-15,24.3964
2020-01-16,24.3146
2020-01-17,24.2550
2020-01-18,24.2476
2020-01-19,24.2618
2020-01-20,24.1936
2020-01-21,23.9897
2020-01-22,23.8036
2020-01-23,23.6856
2020-01-24,23.6767
2020-01-25,23.6935
2020-01-26,23.7095
2020-01-27,23.6804
2020-01-28,23.6291
2020-01-29,23.5998
2020-01-30,23.4734
2020-01-31,23.3710
2020-02-01,23.3438
2020-02-02,23.2975
2020-02-03,23.2589
2020-02-04,23.2829
2020-02-05,23.3708
2020-02-06,23.3806
2020-02-07,23.2740
2020-02-08,23.1439
2020-02-09,23.2028
2020-02-10,23.3004
2020-02-11,23.5324
2020-02-12,23.7131
2020-02-13,23.7805
2020-02-14,23.5745
2020-02-15,23.4921
2020-02-16,23.5597
2020-02-17,23.7043
2020-02-18,23.8819
2020-02-19,24.0194
2020-02-20,24.0779
2020-02-21,24.0343
2020-02-22,23.6057
2020-02-23,23.3634
2020-02-24,23.3531
2020-02-25,23.4315
2020-02-26,23.4296
2020-02-27,23.2737
2020-02-28,23.0525
2020-02-29,23.0646
2020-03-01,23.0585
2020-03-02,23.0878
2020-03-03,23.2203
2020-03-04,23.3993
2020-03-05,23.4725
2020-03-06,23.3624
2020-03-07,23.1609
2020-03-08,23.0638
2020-03-09,23.0538
2020-03-10,23.2518
2020-03-11,23.4815
2020-03-12,23.5624
2020-03-13,23.7140
2020-03-14,23.8242
2020-03-15,23.9300
2020-03-16,24.1000
2020-03-17,24.2937
2020-03-18,24.4552
2020-03-19,24.5658
2020-03-20,24.6751
2020-03-21,24.7871
2020-03-22,24.8972
2020-03-23,25.0807
2020-03-24,25.2542
2020-03-25,25.4173
2020-03-26,25.5318
2020-03-27,25.5208
2020-03-28,25.4963
2020-03-29,25.5108
2020-03-30,25.5465
2020-03-31,25.5531
2020-04-01,25.5365
2020-04-02,25.3984
2020-04-03,25.3243
2020-04-04,25.3487
2020-04-05,25.4136
2020-04-06,25.5553
2020-04-07,25.6974
2020-04-08,25.9219
2020-04-09,26.0933
2020-04-10,26.1802
2020-04-11,26.1280
2020-04-12,26.0192
2020-04-13,25.9617
2020-04-14,25.8874
2020-04-15,25.8021
2020-04-16,25.6600
2020-04-17,25.6676
2020-04-18,25.8933
2020-04-19,26.0884
2020-04-20,26.1649
2020-04-21,26.1732
2020-04-22,26.1755
2020-04-23,26.3553
2020-04-24,26.3925
2020-04-25,26.4346
2020-04-26,26.3617
2020-04-27,26.3377
2020-04-28,26.3419
2020-04-29,26.3862
2020-04-30,26.3430
2020-05-01,26.2473
2020-05-02,26.2607
2020-05-03,26.3171
2020-05-04,26.4336
2020-05-05,26.5689
2020-05-06,26.6703
2020-05-07,26.5468
2020-05-08,26.4392
2020-05-09,26.5058
2020-05-10,26.4019
2020-05-11,26.2468
2020-05-12,26.3286
2020-05-13,26.3925
2020-05-14,26.4771
2020-05-15,26.4753
2020-05-16,26.5875
2020-05-17,26.8198
2020-05-18,27.0423
2020-05-19,27.2197
2020-05-20,27.3243
2020-05-21,27.3776
2020-05-22,27.4726
2020-05-23,27.5957
2020-05-24,27.5527
2020-05-25,27.4455
2020-05-26,27.6193
2020-05-27,27.8053
2020-05-28,27.9432
2020-05-29,27.9831
2020-05-30,27.9801
2020-05-31,28.0059
2020-06-01,28.0168
2020-06-02,27.9702
2020-06-03,27.9202
2020-06-04,27.9068
2020-06-05,27.8786
2020-06-06,27.6695
2020-06-07,27.6701
2020-06-08,27.7033
2020-06-09,27.9782
2020-06-10,28.1876
2020-06-11,28.3411
2020-06-12,28.3361
2020-06-13,28.2967
2020-06-14,28.2965
2020-06-15,28.2236
2020-06-16,28.1732
2020-06-17,28.1378
2020-06-18,28.2490
2020-06-19,28.4252
2020-06-20,28.5689
2020-06-21,28.6895
2020-06-22,28.7551
2020-06-23,28.7743
2020-06-24,28.6978
2020-06-25,28.6489
2020-06-26,28.6879
2020-06-27,28.7165
2020-06-28,28.8707
2020-06-29,29.0025
2020-06-30,29.0572
2020-07-01,29.0942
2020-07-02,29.1970
2020-07-03,29.3923
2020-07-04,29.4564
2020-07-05,29.4809
2020-07-06,29.5189
2020-07-07,29.5142
2020-07-08,29.5649
2020-07-09,29.6155
2020-07-10,29.6430
2020-07-11,29.6848
2020-07-12,29.7233
2020-07-13,29.7724
2020-07-14,29.8103
2020-07-15,29.7677
2020-07-16,29.6940
2020-07-17,29.6614
2020-07-18,29.7181
2020-07-19,29.7347
2020-07-20,29.8006
2020-07-21,29.8281
2020-07-22,29.8713
2020-07-23,29.8726
2020-07-24,29.7790
2020-07-25,29.6934
2020-07-26,29.5940
2020-07-27,29.4541
2020-07-28,29.3071
2020-07-29,29.3104
2020-07-30,29.3596
2020-07-31,29.4166
2020-08-01,29.4933
2020-08-02,29.4929
2020-08-03,29.5385
2020-08-04,29.6337
2020-08-05,29.7253
2020-08-06,29.8278
2020-08-07,29.8667
2020-08-08,29.8952
2020-08-09,29.9434
2020-08-10,29.9886
2020-08-11,30.0709
2020-08-12,30.1197
2020-08-13,30.2110
2020-08-14,30.2695
2020-08-15,30.3556
2020-08-16,30.3481
2020-08-17,30.3030
2020-08-18,30.2812
2020-08-19,30.3424
2020-08-20,30.3363
2020-08-21,30.2261
2020-08-22,30.1371
2020-08-23,30.0731
2020-08-24,29.9923
2020-08-25,29.9176
2020-08-26,29.8868
2020-08-27,29.8402
2020-08-28,29.8263
2020-08-29,29.9479
2020-08-30,29.9601
2020-08-31,29.9744
2020-09-01,30.0382
2020-09-02,30.0264
2020-09-03,30.0677
2020-09-04,30.0710
2020-09-05,30.1071
2020-09-06,30.1019
2020-09-07,30.0624
2020-09-08,30.0612
2020-09-09,30.0514
2020-09-10,30.0337
2020-09-11,30.0430
2020-09-12,30.0290
2020-09-13,29.9117
2020-09-14,29.8179
2020-09-15,29.7202
2020-09-16,29.6572
2020-09-17,29.5923
2020-09-18,29.5864
2020-09-19,29.5536
2020-09-20,29.4860
2020-09-21,29.3817
2020-09-22,29.3459
2020-09-23,29.3076
2020-09-24,29.2430
2020-09-25,29.2025
2020-09-26,29.2174
2020-09-27,29.2162
2020-09-28,29.1558
2020-09-29,28.9247
2020-09-30,28.6794
2020-10-01,28.5412
2020-10-02,28.4345
2020-10-03,28.3939
2020-10-04,28.3044
2020-10-05,28.1690
2020-10-06,28.1136
2020-10-07,28.0724
2020-10-08,28.0501
2020-10-09,27.9260
2020-10-10,27.8284
2020-10-11,27.8394
2020-10-12,27.8898
2020-10-13,28.0080
2020-10-14,28.0537
2020-10-15,28.0622
2020-10-16,28.0685
2020-10-17,27.9502
2020-10-18,27.8422
2020-10-19,27.8654
2020-10-20,27.8751
2020-10-21,27.8729
2020-10-22,27.8759
2020-10-23,27.9015
2020-10-24,27.9822
2020-10-25,27.9444
2020-10-26,27.8547
2020-10-27,27.8723
2020-10-28,27.8619
2020-10-29,27.7191
2020-10-30,27.6195
2020-10-31,27.4576
2020-11-01,27.3552
2020-11-02,27.2727
2020-11-03,27.0951
2020-11-04,26.9341
2020-11-05,26.8075
2020-11-06,26.6989
2020-11-07,26.7059
2020-11-08,26.7122
2020-11-09,26.7337
2020-11-10,26.7646
2020-11-11,26.7332
2020-11-12,26.7757
2020-11-13,26.8212
2020-11-14,26.8098
2020-11-15,26.7624
2020-11-16,26.7819
2020-11-17,26.7450
2020-11-18,26.5870
2020-11-19,26.4180
2020-11-20,26.1857
2020-11-21,26.0910
2020-11-22,26.0504
2020-11-23,25.9995
2020-11-24,25.8825
2020-11-25,25.8501
2020-11-26,25.9050
2020-11-27,25.9409
2020-11-28,25.9051
2020-11-29,25.8328
2020-11-30,25.6062
2020-12-01,25.4154
2020-12-02,25.2615
2020-12-03,25.1666
2020-12-04,25.0759
2020-12-05,25.0098
2020-12-06,24.9386
2020-12-07,24.8823
2020-12-08,24.8271
2020-12-09,24.7035
2020-12-10,24.5839
2020-12-11,24.4526
2020-12-12,24.3755
2020-12-13,24.3658
2020-12-14,24.3946
2020-12-15,24.3862
2020-12-16,24.3583
2020-12-17,24.3122
2020-12-18,24.1910
2020-12-19,24.0949
2020-12-20,24.0024
2020-12-21,23.9340
2020-12-22,23.8700
2020-12-23,23.8805
2020-12-24,23.8685
2020-12-25,23.7819
2020-12-26,23.6223
2020-12-27,23.4593
2020-12-28,23.3518
2020-12-29,23.3525
2020-12-30,23.4027
2020-12-31,23.4601
2021-01-01,23.4561
2021-01-02,23.3638
2021-01-03,23.2525
2021-01-04,23.2166
2021-01-05,23.1891
2021-01-06,23.1647
2021-01-07,23.1617
2021-01-08,23.1483
2021-01-09,23.0740
2021-01-10,23.0090
2021-01-11,22.9353
2021-01-12,22.8560
2021-01-13,22.7848
2021-01-14,22.7013
2021-01-15,22.6623
2021-01-16,22.6598
2021-01-17,22.5991
2021-01-18,22.5615
2021-01-19,22.6425
2021-01-20,22.7045
2021-01-21,22.8088
2021-01-22,22.9288
2021-01-23,23.0488
2021-01-24,23.1538
2021-01-25,23.2624
2021-01-26,23.3063
2021-01-27,23.3924
2021-01-28,23.3206
2021-01-29,23.1290
2021-01-30,23.0089
2021-01-31,22.9770
2021-02-01,22.9570
2021-02-02,22.7850
2021-02-03,22.6566
2021-02-04,22.6182
2021-02-05,22.7206
2021-02-06,22.8209
2021-02-07,22.9004
2021-02-08,22.9347
2021-02-09,23.0086
2021-02-10,23.1906
2021-02-11,23.2962
2021-02-12,23.3503
2021-02-13,23.3043
2021-02-14,23.2123
2021-02-15,23.1729
2021-02-16,23.0854
2021-02-17,23.0404
2021-02-18,23.0433
2021-02-19,22.9948
2021-02-20,22.7876
2021-02-21,22.5235
2021-02-22,22.4609
2021-02-23,22.4731
2021-02-24,22.6170
2021-02-25,22.8706
2021-02-26,23.1175
2021-02-27,23.2223
2021-02-28,23.3414
2021-03-01,23.4696
2021-03-02,23.5494
2021-03-03,23.4617
2021-03-04,23.4039
2021-03-05,23.3899
2021-03-06,23.3731
2021-03-07,23.2935
2021-03-08,23.1850
2021-03-09,23.0977
2021-03-10,23.1034
2021-03-11,23.3250
2021-03-12,23.4675
2021-03-13,23.4888
2021-03-14,23.4989
2021-03-15,23.5695
2021-03-16,23.7100
2021-03-17,23.7550
2021-03-18,23.7462
2021-03-19,23.6058
2021-03-20,23.4169
2021-03-21,23.1062
2021-03-22,23.1200
2021-03-23,23.1255
2021-03-24,23.1134
2021-03-25,23.2682
2021-03-26,23.5859
2021-03-27,23.8032
2021-03-28,23.9517
2021-03-29,24.0764
2021-03-30,24.2053
2021-03-31,24.3027
2021-04-01,24.1219
2021-04-02,23.8755
2021-04-03,23.7564
2021-04-04,23.7135
2021-04-05,23.6993
2021-04-06,23.7192
2021-04-07,23.8254
2021-04-08,23.9553
2021-04-09,24.2860
2021-04-10,24.5205
2021-04-11,24.5737
2021-04-12,24.6960
2021-04-13,24.8953
2021-04-14,25.1009
2021-04-15,25.1853
2021-04-16,25.3385
2021-04-17,25.4603
2021-04-18,25.4868
2021-04-19,25.3152
2021-04-20,25.0305
2021-04-21,25.0698
2021-04-22,25.0389
2021-04-23,24.9996
2021-04-24,25.0500
2021-04-25,25.1809
2021-04-26,25.3705
2021-04-27,25.6132
2021-04-28,25.7963
2021-04-29,25.8926
2021-04-30,25.9350
2021-05-01,26.0591
2021-05-02,26.0746
2021-05-03,26.2453
2021-05-04,26.3271
2021-05-05,26.4185
2021-05-06,26.5250
2021-05-07,26.5207
2021-05-08,26.5242
2021-05-09,26.5986
2021-05-10,26.7055
2021-05-11,26.8144
2021-05-12,26.9634
2021-05-13,26.9440
2021-05-14,26.7394
2021-05-15,26.6660
2021-05-16,26.6753
2021-05-17,26.7438
2021-05-18,26.7689
2021-05-19,26.7672
2021-05-20,26.7356
2021-05-21,26.6631
2021-05-22,26.6420
2021-05-23,26.6386
2021-05-24,26.6025
2021-05-25,26.6864
2021-05-26,26.7773
2021-05-27,26.9182
2021-05-28,27.0839
2021-05-29,27.3483
2021-05-30,27.4976
2021-05-31,27.5075
2021-06-01,27.5227
2021-06-02,27.6860
2021-06-03,27.8180
2021-06-04,27.9014
2021-06-05,27.9205
2021-06-06,27.9621
2021-06-07,28.0536
2021-06-08,28.1542
2021-06-09,28.2041
2021-06-10,28.2314
2021-06-11,28.3216
2021-06-12,28.4568
2021-06-13,28.4677
2021-06-14,28.5136
2021-06-15,28.5729
2021-06-16,28.5850
2021-06-17,28.5011
2021-06-18,28.4083
2021-06-19,28.3315
2021-06-20,28.3569
2021-06-21,28.4559
2021-06-22,28.5047
2021-06-23,28.5719
2021-06-24,28.5996
2021-06-25,28.6009
2021-06-26,28.5745
2021-06-27,28.5377
2021-06-28,28.5371
2021-06-29,28.5190
2021-06-30,28.4909
2021-07-01,28.4604
2021-07-02,28.5815
2021-07-03,28.6376
2021-07-04,28.6872
2021-07-05,28.7551
2021-07-06,28.8106
2021-07-07,28.7761
2021-07-08,28.7490
2021-07-09,28.7393
2021-07-10,28.6847
2021-07-11,28.6673
2021-07-12,28.7392
2021-07-13,28.8219
2021-07-14,28.8616
2021-07-15,28.8567
2021-07-16,28.9094
2021-07-17,29.0058
2021-07-18,29.0513
2021-07-19,29.1165
2021-07-20,29.2234
2021-07-21,29.3004
2021-07-22,29.3686
2021-07-23,29.4070
2021-07-24,29.5409
2021-07-25,29.6485
2021-07-26,29.7265
2021-07-27,29.8237
2021-07-28,29.8942
2021-07-29,29.9296
2021-07-30,29.8879
2021-07-31,29.8824
2021-08-01,29.9450
2021-08-02,30.0314
2021-08-03,30.0533
2021-08-04,30.0158
2021-08-05,29.9073
2021-08-06,29.9081
2021-08-07,29.9143
2021-08-08,29.9451
2021-08-09,29.9712
2021-08-10,29.9932
2021-08-11,30.0764
2021-08-12,30.1296
2021-08-13,30.0791
2021-08-14,30.0344
2021-08-15,29.9677
2021-08-16,29.8961
2021-08-17,29.9161
2021-08-18,29.9732
2021-08-19,30.0020
2021-08-20,29.9558
2021-08-21,29.8893
2021-08-22,29.7801
2021-08-23,29.8232
2021-08-24,29.8053
2021-08-25,29.7701
2021-08-26,29.8217
2021-08-27,29.8466
2021-08-28,29.9057
2021-08-29,29.8513
2021-08-30,29.7749
2021-08-31,29.7323
2021-09-01,29.6309
2021-09-02,29.4536
2021-09-03,29.4664
2021-09-04,29.4905
2021-09-05,29.5272
2021-09-06,29.5677
2021-09-07,29.5313
2021-09-08,29.4836
2021-09-09,29.4254
2021-09-10,29.3687
2021-09-11,29.3100
2021-09-12,29.2487
2021-09-13,29.2246
2021-09-14,29.1749
2021-09-15,29.1588
2021-09-16,29.1510
2021-09-17,29.1549
2021-09-18,29.2145
2021-09-19,29.1854
2021-09-20,29.1896
2021-09-21,29.1827
2021-09-22,29.2084
2021-09-23,29.1353
2021-09-24,29.0420
2021-09-25,28.9895
2021-09-26,28.9871
2021-09-27,29.0914
2021-09-28,29.1979
2021-09-29,29.2267
2021-09-30,29.2405
2021-10-01,29.2540
2021-10-02,29.1911
2021-10-03,29.0824
2021-10-04,29.0781
2021-10-05,29.0710
2021-10-06,28.9990
2021-10-07,28.9529
2021-10-08,28.8424
2021-10-09,28.7908
2021-10-10,28.8116
2021-10-11,28.8158
2021-10-12,28.8305
2021-10-13,28.7815
2021-10-14,28.7511
2021-10-15,28.7209
2021-10-16,28.7131
2021-10-17,28.6748
2021-10-18,28.5531
2021-10-19,28.4114
2021-10-20,28.3206
2021-10-21,28.3250
2021-10-22,28.2906
2021-10-23,28.2161
2021-10-24,28.2045
2021-10-25,28.1779
2021-10-26,28.2292
2021-10-27,28.2972
2021-10-28,28.2357
2021-10-29,28.0728
2021-10-30,27.7622
2021-10-31,27.6750
2021-11-01,27.6129
2021-11-02,27.5828
2021-11-03,27.5784
2021-11-04,27.5524
2021-11-05,27.4083
2021-11-06,27.2060
2021-11-07,27.0348
2021-11-08,26.8917
2021-11-09,26.8033
2021-11-10,26.7633
2021-11-11,26.7335
2021-11-12,26.6869
2021-11-13,26.6195
2021-11-14,26.5077
2021-11-15,26.3832
2021-11-16,26.3288
2021-11-17,26.3323
2021-11-18,26.3400
2021-11-19,26.2934
2021-11-20,26.2694
2021-11-21,26.2964
2021-11-22,26.2844
2021-11-23,26.2134
2021-11-24,26.0609
2021-11-25,25.9398
2021-11-26,25.8670
2021-11-27,25.7973
2021-11-28,25.6906
2021-11-29,25.6434
2021-11-30,25.6302
2021-12-01,25.5995
2021-12-02,25.5553
2021-12-03,25.5533
2021-12-04,25.5428
2021-12-05,25.5255
2021-12-06,25.5377
2021-12-07,25.5596
2021-12-08,25.6193
2021-12-09,25.6928
2021-12-10,25.7463
2021-12-11,25.7563
2021-12-12,25.7561
2021-12-13,25.7341
2021-12-14,25.7324
2021-12-15,25.7095
2021-12-16,25.7077
2021-12-17,25.7353
2021-12-18,25.8001
2021-12-19,25.8383
2021-12-20,25.7344
2021-12-21,25.6184
2021-12-22,25.5360
2021-12-23,25.3879
2021-12-24,25.2957
2021-12-25,25.2125
2021-12-26,25.1315
2021-12-27,25.0889
2021-12-28,25.0683
2021-12-29,25.0769
2021-12-30,25.1316
2021-12-31,25.2015
2022-01-01,25.2307
2022-01-02,25.2551
2022-01-03,25.1642
2022-01-04,24.8989
2022-01-05,24.7809
2022-01-06,24.7649
2022-01-07,24.7477
2022-01-08,24.7733
2022-01-09,24.8647
2022-01-10,24.8993
2022-01-11,24.8671
2022-01-12,24.7791
2022-01-13,24.6863
2022-01-14,24.6276
2022-01-15,24.5452
2022-01-16,24.3977
2022-01-17,24.1898
2022-01-18,24.0455
2022-01-19,23.9650
2022-01-20,23.9375
2022-01-21,23.8578
2022-01-22,23.7498
2022-01-23,23.6718
2022-01-24,23.5595
2022-01-25,23.5446
2022-01-26,23.5831
2022-01-27,23.5999
2022-01-28,23.5736
2022-01-29,23.4274
2022-01-30,23.2436
2022-01-31,23.1229
2022-02-01,23.0807
2022-02-02,23.0948
2022-02-03,23.2316
2022-02-04,23.3030
2022-02-05,23.1920
2022-02-06,23.1200
2022-02-07,23.1036
2022-02-08,23.0449
2022-02-09,22.9788
2022-02-10,22.9594
2022-02-11,22.9739
2022-02-12,23.0246
2022-02-13,23.0097
2022-02-14,22.8934
2022-02-15,22.7751
2022-02-16,22.7758
2022-02-17,22.9522
2022-02-18,23.0842
2022-02-19,23.0969
2022-02-20,23.1519
2022-02-21,23.1957
2022-02-22,23.3248
2022-02-23,23.4550
2022-02-24,23.5748
2022-02-25,23.6680
2022-02-26,23.6365
2022-02-27,23.7151
2022-02-28,23.6634
2022-03-01,23.5267
2022-03-02,23.4760
2022-03-03,23.4759
2022-03-04,23.4847
2022-03-05,23.5305
2022-03-06,23.6490
2022-03-07,23.7981
2022-03-08,23.8874
2022-03-09,23.8595
2022-03-10,23.8893
2022-03-11,23.9706
2022-03-12,23.9098
2022-03-13,23.6027
2022-03-14,23.2933
2022-03-15,23.2676
2022-03-16,23.2985
2022-03-17,23.3674
2022-03-18,23.4972
2022-03-19,23.5477
2022-03-20,23.5317
2022-03-21,23.5431
2022-03-22,23.5781
2022-03-23,23.5921
2022-03-24,23.5388
2022-03-25,23.5097
2022-03-26,23.5544
2022-03-27,23.5858
2022-03-28,23.6691
2022-03-29,23.7682
2022-03-30,23.8857
2022-03-31,23.9523
2022-04-01,24.0509
2022-04-02,24.2234
2022-04-03,24.2695
2022-04-04,24.3474
2022-04-05,24.5377
2022-04-06,24.7319
2022-04-07,24.6480
2022-04-08,24.3624
2022-04-09,24.2018
2022-04-10,24.1539
2022-04-11,24.1951
2022-04-12,24.2910
2022-04-13,24.4096
2022-04-14,24.5163
2022-04-15,24.7214
2022-04-16,24.9052
2022-04-17,25.2133
2022-04-18,25.3734
2022-04-19,25.2431
2022-04-20,25.1576
2022-04-21,25.1322
2022-04-22,25.1202
2022-04-23,25.1498
2022-04-24,25.2696
2022-04-25,25.4090
2022-04-26,25.5150
2022-04-27,25.6352
2022-04-28,25.7321
2022-04-29,25.8008
2022-04-30,25.8639
2022-05-01,25.9448
2022-05-02,25.9912
2022-05-03,26.1047
2022-05-04,26.2671
2022-05-05,26.4261
2022-05-06,26.5748
2022-05-07,26.6897
2022-05-08,26.8628
2022-05-09,26.9672
2022-05-10,26.9560
2022-05-11,26.8799
2022-05-12,26.8774
2022-05-13,26.9552
2022-05-14,27.0584
2022-05-15,27.1380
2022-05-16,27.2219
2022-05-17,27.3197
2022-05-18,27.4074
2022-05-19,27.4774
2022-05-20,27.5414
2022-05-21,27.5331
2022-05-22,27.4433
2022-05-23,27.4154
2022-05-24,27.4255
2022-05-25,27.4332
2022-05-26,27.4920
2022-05-27,27.6334
2022-05-28,27.7976
2022-05-29,27.7827
2022-05-30,27.7610
2022-05-31,27.7601
2022-06-01,27.7311
2022-06-02,27.7719
2022-06-03,27.7692
2022-06-04,27.8663
2022-06-05,28.0332
2022-06-06,28.1055
2022-06-07,28.2222
2022-06-08,28.3396
2022-06-09,28.4828
2022-06-10,28.5157
2022-06-11,28.4792
2022-06-12,28.4482
2022-06-13,28.4353
2022-06-14,28.3989
2022-06-15,28.4415
2022-06-16,28.5825
2022-06-17,28.7133
2022-06-18,28.8536
2022-06-19,28.9777
2022-06-20,29.0073
2022-06-21,28.9555
2022-06-22,28.8950
2022-06-23,28.9855
2022-06-24,29.1705
2022-06-25,29.2831
2022-06-26,29.3519
2022-06-27,29.3819
2022-06-28,29.4241
2022-06-29,29.4826
2022-06-30,29.4832
2022-07-01,29.4778
2022-07-02,29.4633
2022-07-03,29.4841
2022-07-04,29.5272
2022-07-05,29.6143
2022-07-06,29.7388
2022-07-07,29.8233
2022-07-08,29.8801
2022-07-09,29.9796
2022-07-10,30.0191
2022-07-11,29.9930
2022-07-12,29.8987
2022-07-13,29.8829
2022-07-14,29.7944
2022-07-15,29.7455
2022-07-16,29.8136
2022-07-17,29.9379
2022-07-18,30.0110
2022-07-19,30.0186
2022-07-20,30.0632
2022-07-21,30.1278
2022-07-22,30.1814
2022-07-23,30.2318
2022-07-24,30.2286
2022-07-25,30.2305
2022-07-26,30.2127
2022-07-27,30.1916
2022-07-28,30.1135
2022-07-29,30.0452
2022-07-30,30.0364
2022-07-31,30.0336
2022-08-01,30.0463
2022-08-02,30.0429
2022-08-03,29.9962
2022-08-04,29.9474
2022-08-05,29.9200
2022-08-06,29.9356
2022-08-07,29.9220
2022-08-08,29.8963
2022-08-09,29.8498
2022-08-10,29.8014
2022-08-11,29.7971
2022-08-12,29.7716
2022-08-13,29.8058
2022-08-14,29.8916
2022-08-15,29.9046
2022-08-16,29.9097
2022-08-17,29.9525
2022-08-18,30.0221
2022-08-19,30.0539
2022-08-20,30.0848
2022-08-21,30.0565
2022-08-22,30.0166
2022-08-23,29.9952
2022-08-24,30.0328
2022-08-25,30.0825
2022-08-26,30.1289
2022-08-27,30.1357
2022-08-28,30.0743
2022-08-29,30.0008
2022-08-30,30.0085
2022-08-31,30.0502
2022-09-01,30.1173
2022-09-02,30.0879
2022-09-03,30.0402
2022-09-04,29.9968
2022-09-05,29.9709
2022-09-06,30.0072
2022-09-07,30.0076
2022-09-08,29.9532
2022-09-09,29.9372
2022-09-10,29.8729
2022-09-11,29.7940
2022-09-12,29.7366
2022-09-13,29.7008
2022-09-14,29.6191
2022-09-15,29.5745
2022-09-16,29.5536
2022-09-17,29.5251
2022-09-18,29.5242
2022-09-19,29.5340
2022-09-20,29.5726
2022-09-21,29.6216
2022-09-22,29.6438
2022-09-23,29.6735
2022-09-24,29.7027
2022-09-25,29.7070
2022-09-26,29.6526
2022-09-27,29.5292
2022-09-28,29.2664
2022-09-29,29.0189
2022-09-30,28.8011
2022-10-01,28.6356
2022-10-02,28.5065
2022-10-03,28.4575
2022-10-04,28.4378
2022-10-05,28.4037
2022-10-06,28.3273
2022-10-07,28.2662
2022-10-08,28.2156
2022-10-09,28.1431
2022-10-10,28.0807
2022-10-11,28.0092
2022-10-12,27.9507
2022-10-13,27.9993
2022-10-14,28.0215
2022-10-15,28.0765
2022-10-16,28.1341
2022-10-17,28.1808
2022-10-18,28.1261
2022-10-19,27.8766
2022-10-20,27.6184
2022-10-21,27.4340
2022-10-22,27.3210
2022-10-23,27.2830
2022-10-24,27.2417
2022-10-25,27.1957
2022-10-26,27.1033
2022-10-27,27.0243
2022-10-28,27.0260
2022-10-29,27.0258
2022-10-30,26.9934
2022-10-31,26.9657
2022-11-01,26.9706
2022-11-02,26.9889
2022-11-03,26.9898
2022-11-04,27.0555
2022-11-05,27.1233
2022-11-06,27.1451
2022-11-07,27.1448
2022-11-08,27.1328
2022-11-09,27.1088
2022-11-10,27.1054
2022-11-11,27.0713
2022-11-12,27.0464
2022-11-13,26.9035
2022-11-14,26.7473
2022-11-15,26.7281
2022-11-16,26.6799
2022-11-17,26.4854
2022-11-18,26.3284
2022-11-19,26.2214
2022-11-20,26.0368
2022-11-21,25.9177
2022-11-22,25.6882
2022-11-23,25.6352
2022-11-24,25.6225
2022-11-25,25.6499
2022-11-26,25.6034
2022-11-27,25.5986
2022-11-28,25.6691
2022-11-29,25.7172
2022-11-30,25.7535
2022-12-01,25.6904
2022-12-02,25.6422
2022-12-03,25.6541
2022-12-04,25.6358
2022-12-05,25.6310
2022-12-06,25.6638
2022-12-07,25.7066
2022-12-08,25.7292
2022-12-09,25.7141
2022-12-10,25.6947
2022-12-11,25.6988
2022-12-12,25.6908
2022-12-13,25.6988
2022-12-14,25.6684
2022-12-15,25.5883
2022-12-16,25.4923
2022-12-17,25.4280
2022-12-18,25.2974
2022-12-19,25.2067
2022-12-20,25.1060
2022-12-21,25.0016
2022-12-22,24.9272
2022-12-23,24.8852
2022-12-24,24.7585
2022-12-25,24.4004
2022-12-26,24.1305
2022-12-27,24.0061
2022-12-28,23.8660
2022-12-29,23.7857
2022-12-30,23.7650
2022-12-31,23.8667
2023-01-01,23.9702
2023-01-02,24.0736
2023-01-03,24.0827
2023-01-04,24.1457
2023-01-05,24.1668
2023-01-06,24.1016
2023-01-07,24.0268
2023-01-08,24.0557
2023-01-09,24.1336
2023-01-10,24.1762
2023-01-11,24.1834
2023-01-12,24.1869
2023-01-13,24.1167
2023-01-14,23.9640
2023-01-15,23.7882
2023-01-16,23.7102
2023-01-17,23.7038
2023-01-18,23.7129
2023-01-19,23.7448
2023-01-20,23.7922
2023-01-21,23.8444
2023-01-22,23.8869
2023-01-23,23.8391
2023-01-24,23.7547
2023-01-25,23.7273
2023-01-26,23.6538
2023-01-27,23.4505
2023-01-28,23.3351
2023-01-29,23.4623
2023-01-30,23.6029
2023-01-31,23.6806
2023-02-01,23.7471
2023-02-02,23.6716
2023-02-03,23.6028
2023-02-04,23.4499
2023-02-05,23.3467
2023-02-06,23.3045
2023-02-07,23.3691
2023-02-08,23.5064
2023-02-09,23.6161
2023-02-10,23.7146
2023-02-11,23.7094
2023-02-12,23.6250
2023-02-13,23.5396
2023-02-14,23.4719
2023-02-15,23.4893
2023-02-16,23.5760
2023-02-17,23.6510
2023-02-18,23.5570
2023-02-19,23.4563
2023-02-20,23.4877
2023-02-21,23.5798
2023-02-22,23.6792
2023-02-23,23.7307
2023-02-24,23.7765
2023-02-25,23.8957
2023-02-26,23.9751
2023-02-27,24.0543
2023-02-28,24.1537
2023-03-01,24.2464
2023-03-02,24.3039
2023-03-03,24.2684
2023-03-04,24.1859
2023-03-05,24.2381
2023-03-06,24.4059
2023-03-07,24.5485
2023-03-08,24.5978
2023-03-09,24.6480
2023-03-10,24.7072
2023-03-11,24.7478
2023-03-12,24.7578
2023-03-13,24.7593
2023-03-14,24.6018
2023-03-15,24.4027
2023-03-16,24.2966
2023-03-17,24.2945
2023-03-18,24.2968
2023-03-19,24.2031
2023-03-20,24.0086
2023-03-21,23.9105
2023-03-22,23.9412
2023-03-23,24.0762
2023-03-24,24.2361
2023-03-25,24.4431
2023-03-26,24.5888
2023-03-27,24.7930
2023-03-28,24.9942
2023-03-29,25.0190
2023-03-30,24.9505
2023-03-31,24.9509
2023-04-01,25.0948
2023-04-02,25.2854
2023-04-03,25.3947
2023-04-04,25.4372
2023-04-05,25.3972
2023-04-06,25.4277
2023-04-07,25.5222
2023-04-08,25.6041
2023-04-09,25.6615
2023-04-10,25.6161
2023-04-11,25.5606
2023-04-12,25.4716
2023-04-13,25.4819
2023-04-14,25.5205
2023-04-15,25.6159
2023-04-16,25.5541
2023-04-17,25.3760
2023-04-18,25.2649
2023-04-19,25.2304
2023-04-20,25.3180
2023-04-21,25.4495
2023-04-22,25.5393
2023-04-23,25.6192
2023-04-24,25.6299
2023-04-25,25.6268
2023-04-26,25.6942
2023-04-27,25.8416
2023-04-28,25.9883
2023-04-29,26.0033
2023-04-30,25.8421
2023-05-01,25.7778
2023-05-02,25.8196
2023-05-03,25.9092
2023-05-04,25.9931
2023-05-05,26.0674
2023-05-06,26.2533
2023-05-07,26.3537
2023-05-08,26.4368
2023-05-09,26.5179
2023-05-10,26.5699
2023-05-11,26.6426
2023-05-12,26.7747
2023-05-13,26.8662
2023-05-14,26.9407
2023-05-15,27.1236
2023-05-16,27.3594
2023-05-17,27.4606
2023-05-18,27.5613
2023-05-19,27.6689
2023-05-20,27.7202
2023-05-21,27.8680
2023-05-22,28.0411
2023-05-23,28.1301
2023-05-24,28.0873
2023-05-25,28.0010
2023-05-26,27.8832
2023-05-27,27.7720
2023-05-28,27.7059
2023-05-29,27.6686
2023-05-30,27.6922
2023-05-31,27.7446
2023-06-01,27.7724
2023-06-02,27.7670
2023-06-03,27.7663
2023-06-04,27.8084
2023-06-05,27.8900
2023-06-06,27.9953
2023-06-07,28.1070
2023-06-08,28.2213
2023-06-09,28.3766
2023-06-10,28.5405
2023-06-11,28.6823
2023-06-12,28.8292
2023-06-13,28.9541
2023-06-14,29.0217
2023-06-15,29.0298
2023-06-16,29.0176
2023-06-17,29.0274
2023-06-18,29.0959
2023-06-19,29.1678
2023-06-20,29.1786
2023-06-21,29.1593
2023-06-22,29.1636
2023-06-23,29.1747
2023-06-24,29.2820
2023-06-25,29.3897
2023-06-26,29.4804
2023-06-27,29.5888
2023-06-28,29.6976
2023-06-29,29.8273
2023-06-30,29.9442
2023-07-01,30.0408
2023-07-02,30.0925
2023-07-03,30.1185
2023-07-04,30.1763
2023-07-05,30.1805
2023-07-06,30.1465
2023-07-07,30.1388
2023-07-08,30.1087
2023-07-09,30.0827
2023-07-10,30.1055
2023-07-11,30.1741
2023-07-12,30.1951
2023-07-13,30.2277
2023-07-14,30.2312
2023-07-15,30.2224
2023-07-16,30.1604
2023-07-17,30.1923
2023-07-18,30.2924
2023-07-19,30.4171
2023-07-20,30.5391
2023-07-21,30.6252
2023-07-22,30.6159
2023-07-23,30.5674
2023-07-24,30.4916
2023-07-25,30.4496
2023-07-26,30.4620
2023-07-27,30.4842
2023-07-28,30.5171
2023-07-29,30.5424
2023-07-30,30.6127
2023-07-31,30.7072
2023-08-01,30.7999
2023-08-02,30.8794
2023-08-03,30.9375
2023-08-04,30.9841
2023-08-05,31.0135
2023-08-06,31.0542
2023-08-07,31.0530
2023-08-08,31.0879
2023-08-09,31.1385
2023-08-10,31.1521
2023-08-11,31.1932
2023-08-12,31.2439
2023-08-13,31.2415
2023-08-14,31.2046
2023-08-15,31.1707
2023-08-16,31.0986
2023-08-17,30.9950
2023-08-18,30.9492
2023-08-19,30.9110
2023-08-20,30.8659
2023-08-21,30.7686
2023-08-22,30.5860
2023-08-23,30.5161
2023-08-24,30.5031
2023-08-25,30.4936
2023-08-26,30.4990
2023-08-27,30.5131
2023-08-28,30.5374
2023-08-29,30.4545
2023-08-30,30.3609
2023-08-31,30.3534
2023-09-01,30.3671
2023-09-02,30.3769
2023-09-03,30.3861
2023-09-04,30.3841
2023-09-05,30.3656
2023-09-06,30.4081
2023-09-07,30.4707
2023-09-08,30.5125
2023-09-09,30.5400
2023-09-10,30.6022
2023-09-11,30.6463
2023-09-12,30.6771
2023-09-13,30.6778
2023-09-14,30.6651
2023-09-15,30.6533
2023-09-16,30.6661
2023-09-17,30.6305
2023-09-18,30.5678
2023-09-19,30.4781
2023-09-20,30.4447
2023-09-21,30.4028
2023-09-22,30.3385
2023-09-23,30.2863
2023-09-24,30.1898
2023-09-25,30.1352
2023-09-26,30.1129
2023-09-27,30.0332
2023-09-28,29.9797
2023-09-29,29.9430
2023-09-30,29.8966
2023-10-01,29.8454
2023-10-02,29.7738
2023-10-03,29.6918
2023-10-04,29.6019
2023-10-05,29.5532
2023-10-06,29.5756
2023-10-07,29.5988
2023-10-08,29.5385
2023-10-09,29.4178
2023-10-10,29.2929
2023-10-11,29.2069
2023-10-12,29.1737
2023-10-13,29.1861
2023-10-14,29.1966
2023-10-15,29.1648
2023-10-16,29.0373
2023-10-17,28.7196
2023-10-18,28.4890
2023-10-19,28.3720
2023-10-20,28.2851
2023-10-21,28.2408
2023-10-22,28.2410
2023-10-23,28.3161
2023-10-24,28.3366
2023-10-25,28.2926
2023-10-26,28.1861
2023-10-27,28.1181
2023-10-28,28.0631
2023-10-29,28.0010
2023-10-30,28.0044
2023-10-31,27.9488
2023-11-01,27.7042
2023-11-02,27.4833
2023-11-03,27.3034
2023-11-04,27.1321
2023-11-05,27.0337
2023-11-06,27.0054
2023-11-07,27.0498
2023-11-08,27.0941
2023-11-09,27.1355
2023-11-10,27.1528
2023-11-11,27.1836
2023-11-12,27.2089
2023-11-13,27.0679
2023-11-14,26.9260
2023-11-15,26.8361
2023-11-16,26.7695
2023-11-17,26.7513
2023-11-18,26.7395
2023-11-19,26.7101
2023-11-20,26.6622
2023-11-21,26.6086
2023-11-22,26.5320
2023-11-23,26.1613
2023-11-24,26.0956
2023-11-25,26.0606
2023-11-26,25.9813
2023-11-27,25.9284
2023-11-28,25.8253
2023-11-29,25.7113
2023-11-30,25.6309
2023-12-01,25.6219
2023-12-02,25.6609
2023-12-03,25.6724
2023-12-04,25.6520
2023-12-05,25.5890
2023-12-06,25.5154
2023-12-07,25.4718
2023-12-08,25.4025
2023-12-09,25.3889
2023-12-10,25.3639
2023-12-11,25.2430
2023-12-12,25.1090
2023-12-13,25.0324
2023-12-14,24.9415
2023-12-15,24.8715
2023-12-16,24.8411
2023-12-17,24.7837
2023-12-18,24.7129
2023-12-19,24.6349
2023-12-20,24.5333
2023-12-21,24.4499
2023-12-22,24.4221
2023-12-23,24.4430
2023-12-24,24.4185
2023-12-25,24.3987
2023-12-26,24.4105
2023-12-27,24.3388
2023-12-28,24.3246
2023-12-29,24.2402
2023-12-30,24.0468
2023-12-31,23.9162
2024-01-01,23.8674
2024-01-02,23.8238
2024-01-03,23.7951
2024-01-04,23.7594
2024-01-05,23.7332
2024-01-06,23.8034
2024-01-07,23.8173
2024-01-08,23.8213
2024-01-09,23.8027
2024-01-10,23.6950
2024-01-11,23.6118
2024-01-12,23.6065
2024-01-13,23.5202
2024-01-14,23.4173
2024-01-15,23.4430
2024-01-16,23.4320
2024-01-17,23.2465
2024-01-18,23.1187
2024-01-19,23.0933
2024-01-20,23.0749
2024-01-21,23.0198
2024-01-22,22.9736
2024-01-23,23.0437
2024-01-24,23.1262
2024-01-25,23.2734
2024-01-26,23.4512
2024-01-27,23.5281
2024-01-28,23.4757
2024-01-29,23.4148
2024-01-30,23.3216
2024-01-31,23.2951
2024-02-01,23.3600
2024-02-02,23.4577
2024-02-03,23.4531
2024-02-04,23.4285
2024-02-05,23.3948
2024-02-06,23.2705
2024-02-07,23.1803
2024-02-08,23.1614
2024-02-09,23.1468
2024-02-10,23.2303
2024-02-11,23.3361
2024-02-12,23.3779
2024-02-13,23.2554
2024-02-14,23.1733
2024-02-15,23.1467
2024-02-16,23.1413
2024-02-17,23.1389
2024-02-18,23.0922
2024-02-19,23.0303
2024-02-20,23.0172
2024-02-21,23.0392
2024-02-22,23.1009
2024-02-23,23.1604
2024-02-24,23.1702
2024-02-25,23.2010
2024-02-26,23.2792
2024-02-27,23.4103
2024-02-28,23.5344
2024-02-29,23.6068
2024-03-01,23.6885
2024-03-02,23.8104
2024-03-03,23.8956
2024-03-04,23.9935
2024-03-05,24.0910
2024-03-06,24.1275
2024-03-07,24.1414
2024-03-08,24.1452
2024-03-09,24.1422
2024-03-10,24.0253
2024-03-11,23.8106
2024-03-12,23.7305
2024-03-13,23.7951
2024-03-14,23.9138
2024-03-15,24.1084
2024-03-16,24.3244
2024-03-17,24.4950
2024-03-18,24.5742
2024-03-19,24.4506
2024-03-20,24.3496
2024-03-21,24.3463
2024-03-22,24.3830
2024-03-23,24.3770
2024-03-24,24.3734
2024-03-25,24.3575
2024-03-26,24.3397
2024-03-27,24.3370
2024-03-28,24.3473
2024-03-29,24.3458
2024-03-30,24.3641
2024-03-31,24.2958
2024-04-01,24.5282
2024-04-02,24.6585
2024-04-03,24.6737
2024-04-04,24.5702
2024-04-05,24.4921
2024-04-06,24.5145
2024-04-07,24.5997
2024-04-08,24.6717
2024-04-09,24.7461
2024-04-10,24.7522
2024-04-11,24.7556
2024-04-12,24.7854
2024-04-13,24.7796
2024-04-14,24.8392
2024-04-15,24.9232
2024-04-16,24.9444
2024-04-17,25.0802
2024-04-18,25.2231
2024-04-19,25.3747
2024-04-20,25.5585
2024-04-21,25.6359
2024-04-22,25.5359
2024-04-23,25.3277
2024-04-24,25.3073
2024-04-25,25.3819
2024-04-26,25.4198
2024-04-27,25.4429
2024-04-28,25.3986
2024-04-29,25.4440
2024-04-30,25.5591
2024-05-01,25.7655
2024-05-02,25.9653
2024-05-03,26.0910
2024-05-04,26.2005
2024-05-05,26.2461
2024-05-06,26.2297
2024-05-07,26.3698
2024-05-08,26.6805
2024-05-09,27.0282
2024-05-10,27.1861
2024-05-11,27.2897
2024-05-12,27.3200
2024-05-13,27.3976
2024-05-14,27.4916
2024-05-15,27.5538
2024-05-16,27.6442
2024-05-17,27.7712
2024-05-18,27.8300
2024-05-19,27.9449
2024-05-20,28.0813
2024-05-21,28.2161
2024-05-22,28.3511
2024-05-23,28.4976
2024-05-24,28.5997
2024-05-25,28.6651
2024-05-26,28.7738
2024-05-27,28.9269
2024-05-28,28.9973
2024-05-29,29.0061
2024-05-30,29.0320
2024-05-31,29.0070
2024-06-01,28.9729
2024-06-02,28.9354
2024-06-03,28.9956
2024-06-04,29.0697
2024-06-05,29.1263
2024-06-06,29.2442
2024-06-07,29.4230
2024-06-08,29.5458
2024-06-09,29.5886
2024-06-10,29.6240
2024-06-11,29.6837
2024-06-12,29.6963
2024-06-13,29.6998
2024-06-14,29.6773
2024-06-15,29.6393
2024-06-16,29.6088
2024-06-17,29.5556
2024-06-18,29.4708
2024-06-19,29.3137
2024-06-20,29.1340
2024-06-21,29.1383
2024-06-22,29.0138
2024-06-23,29.0264
2024-06-24,29.1473
2024-06-25,29.2677
2024-06-26,29.3661
2024-06-27,29.4465
2024-06-28,29.5093
2024-06-29,29.5583
2024-06-30,29.5734
2024-07-01,29.5600
2024-07-02,29.6259
2024-07-03,29.7087
2024-07-04,29.7821
2024-07-05,29.8155
2024-07-06,29.7550
2024-07-07,29.7174
2024-07-08,29.6125
2024-07-09,29.6060
2024-07-10,29.6587
2024-07-11,29.7623
2024-07-12,29.8327
2024-07-13,29.9347
2024-07-14,30.0267
2024-07-15,30.1427
2024-07-16,30.2301
2024-07-17,30.2775
2024-07-18,30.3279
2024-07-19,30.3944
2024-07-20,30.3984
2024-07-21,30.3957
2024-07-22,30.4147
2024-07-23,30.3787
2024-07-24,30.3561
2024-07-25,30.4089
2024-07-26,30.4879
2024-07-27,30.5069
2024-07-28,30.4628
2024-07-29,30.3899
2024-07-30,30.3113
2024-07-31,30.3082
2024-08-01,30.3621
2024-08-02,30.4215
2024-08-03,30.4993
2024-08-04,30.6101
2024-08-05,30.8739
2024-08-06,30.6846
2024-08-07,30.7279
2024-08-08,30.7404
2024-08-09,30.7158
2024-08-10,30.6942
2024-08-11,30.7192
2024-08-12,30.7173
2024-08-13,30.7154
2024-08-14,30.7397
2024-08-15,30.7620
2024-08-16,30.7985
2024-08-17,30.8719
2024-08-18,30.8990
2024-08-19,30.8835
2024-08-20,30.8417
2024-08-21,30.8680
2024-08-22,30.8728
2024-08-23,30.8446
2024-08-24,30.8510
2024-08-25,30.8273
2024-08-26,30.7932
2024-08-27,30.7654
2024-08-28,30.7165
2024-08-29,30.6518
2024-08-30,30.5686
2024-08-31,30.5174
2024-09-01,30.5160
2024-09-02,30.4812
2024-09-03,30.4825
2024-09-04,30.5003
2024-09-05,30.4756
2024-09-06,30.4625
2024-09-07,30.4141
2024-09-08,30.3079
2024-09-09,30.1960
2024-09-10,30.0703
2024-09-11,29.9290
2024-09-12,29.9041
2024-09-13,30.0123
2024-09-14,30.1242
2024-09-15,30.2224
2024-09-16,30.3031
2024-09-17,30.3323
2024-09-18,30.3504
2024-09-19,30.3452
2024-09-20,30.3295
2024-09-21,30.3082
2024-09-22,30.3016
2024-09-23,30.2902
2024-09-24,30.2852
2024-09-25,30.2560
2024-09-26,29.9642
2024-09-27,29.8562
2024-09-28,29.8308
2024-09-29,29.8437
2024-09-30,29.7958
2024-10-01,29.7042
2024-10-02,29.6544
2024-10-03,29.6282
2024-10-04,29.6331
2024-10-05,29.6254
2024-10-06,29.5745
2024-10-07,29.4867
2024-10-08,29.3567
2024-10-09,29.1580
2024-10-10,29.0295
2024-10-11,29.0226
2024-10-12,28.9861
2024-10-13,28.9312
2024-10-14,28.9015
2024-10-15,28.8563
2024-10-16,28.7404
2024-10-17,28.5769
2024-10-18,28.3609
2024-10-19,28.0932
2024-10-20,27.8954
2024-10-21,27.8219
2024-10-22,27.8493
2024-10-23,27.8903
2024-10-24,27.9245
2024-10-25,27.9193
2024-10-26,27.8936
2024-10-27,27.8833
2024-10-28,27.8202
2024-10-29,27.7604
2024-10-30,27.7175
2024-10-31,27.7194
2024-11-01,27.7477
2024-11-02,27.7666
2024-11-03,27.7646
2024-11-04,27.7345
2024-11-05,27.7013
2024-11-06,27.7300
2024-11-07,27.7752
2024-11-08,27.8058
2024-11-09,27.7457
2024-11-10,27.7041
2024-11-11,27.7083
2024-11-12,27.7319
2024-11-13,27.7009
2024-11-14,27.5719
2024-11-15,27.4422
2024-11-16,27.2836
2024-11-17,27.2039
2024-11-18,27.1937
2024-11-19,27.1858
2024-11-20,27.1327
2024-11-21,27.0412
2024-11-22,26.8808
2024-11-23,26.6972
2024-11-24,26.5227
2024-11-25,26.4855
2024-11-26,26.4407
2024-11-27,26.4497
2024-11-28,26.5216
2024-11-29,26.5141
2024-11-30,26.3814
2024-12-01,26.2375
2024-12-02,26.1382
2024-12-03,26.0106
2024-12-04,25.8877
2024-12-05,25.7638
2024-12-06,25.7007
2024-12-07,25.6637
2024-12-08,25.6142
2024-12-09,25.6226
2024-12-10,25.6365
2024-12-11,25.5790
2024-12-12,25.3671
2024-12-13,25.1683
2024-12-14,25.1016
2024-12-15,25.0677
2024-12-16,25.0857
2024-12-17,25.1247
2024-12-18,25.2065
2024-12-19,25.1999
2024-12-20,25.1455
2024-12-21,25.0621
2024-12-22,24.8782
2024-12-23,24.7058
2024-12-24,24.5773
2024-12-25,24.5406
2024-12-26,24.6009
2024-12-27,24.6845
2024-12-28,24.7547
2024-12-29,24.8057
2024-12-30,24.8366
2024-12-31,24.9069
2025-01-01,24.9063
2025-01-02,24.8408
2025-01-03,24.7617
2025-01-04,24.7301
2025-01-05,24.6751
2025-01-06,24.5737
2025-01-07,24.4455
2025-01-08,24.2382
2025-01-09,24.0938
2025-01-10,24.0054
2025-01-11,23.8940
2025-01-12,23.8414
2025-01-13,23.9211
2025-01-14,23.9611
2025-01-15,23.9425
2025-01-16,23.8976
2025-01-17,23.8630
2025-01-18,23.8790
2025-01-19,23.8745
2025-01-20,23.8159
2025-01-21,23.5540
2025-01-22,23.3685
2025-01-23,23.2772
2025-01-24,23.1530
2025-01-25,23.0531
2025-01-26,23.0365
2025-01-27,23.0812
2025-01-28,23.0607
2025-01-29,23.1084
2025-01-30,23.2004
2025-01-31,23.2855
2025-02-01,23.3320
2025-02-02,23.3652
2025-02-03,23.4130
2025-02-04,23.5104
2025-02-05,23.6289
2025-02-06,23.7348
2025-02-07,23.8412
2025-02-08,23.9714
2025-02-09,24.1185
2025-02-10,24.2302
2025-02-11,24.2659
2025-02-12,24.3702
2025-02-13,24.4468
2025-02-14,24.3696
2025-02-15,24.3345
2025-02-16,24.2932
2025-02-17,24.1903
2025-02-18,24.1760
2025-02-19,24.2075
2025-02-20,24.0795
2025-02-21,23.9071
2025-02-22,23.7721
2025-02-23,23.7710
2025-02-24,23.7769
2025-02-25,23.7998
2025-02-26,23.9088
2025-02-27,23.9806
2025-02-28,24.0111
2025-03-01,24.0462
2025-03-02,24.0567
2025-03-03,24.1035
2025-03-04,24.0887
2025-03-05,23.8730
2025-03-06,23.8244
2025-03-07,23.8522
2025-03-08,23.9722
2025-03-09,24.0411
2025-03-10,23.9570
2025-03-11,23.8689
2025-03-12,23.8519
2025-03-13,23.9409
2025-03-14,24.0833
2025-03-15,24.1700
2025-03-16,24.1497
2025-03-17,24.1584
2025-03-18,24.1313
2025-03-19,24.0555
2025-03-20,23.9827
2025-03-21,23.8126
2025-03-22,23.7141
2025-03-23,23.8525
2025-03-24,24.0682
2025-03-25,24.2514
2025-03-26,24.3244
2025-03-27,24.3416
2025-03-28,24.3088
2025-03-29,24.3231
2025-03-30,24.4892
2025-03-31,24.7142
2025-04-01,24.8601
2025-04-02,24.9416
2025-04-03,24.9884
2025-04-04,25.1044
2025-04-05,25.1713
2025-04-06,25.1642
2025-04-07,25.0379
2025-04-08,24.8225
2025-04-09,24.6733
2025-04-10,24.6045
2025-04-11,24.6075
2025-04-12,24.6216
2025-04-13,24.6254
2025-04-14,24.6425
2025-04-15,24.7416
2025-04-16,24.8248
2025-04-17,24.8834
2025-04-18,24.9595
2025-04-19,24.9694
2025-04-20,24.9710
2025-04-21,25.0410
2025-04-22,25.1383
2025-04-23,25.2234
2025-04-24,25.3043
2025-04-25,25.4038
2025-04-26,25.5591
2025-04-27,25.7579
2025-04-28,25.9154
2025-04-29,26.0022
2025-04-30,26.0038
2025-05-01,26.0056
2025-05-02,26.0174
2025-05-03,26.0383
2025-05-04,26.0875
2025-05-05,26.1766
2025-05-06,26.2881
2025-05-07,26.3853
2025-05-08,26.4808
2025-05-09,26.5227
2025-05-10,26.5147
2025-05-11,26.4892
2025-05-12,26.4601
2025-05-13,26.5402
2025-05-14,26.6666
2025-05-15,26.7863
2025-05-16,26.9192
2025-05-17,27.0744
2025-05-18,27.2039
2025-05-19,27.3542
2025-05-20,27.5267
2025-05-21,27.7212
2025-05-22,27.9700
2025-05-23,28.1203
2025-05-24,28.2037
2025-05-25,28.2490
2025-05-26,28.3080
2025-05-27,28.3529
2025-05-28,28.3609
2025-05-29,28.2871
2025-05-30,28.3317
2025-05-31,28.4148
2025-06-01,28.5553
2025-06-02,28.6718
2025-06-03,28.6686
2025-06-04,28.6131
2025-06-05,28.6190
2025-06-06,28.6678
2025-06-07,28.7594
2025-06-08,28.8551
2025-06-09,28.9877
2025-06-10,29.1517
2025-06-11,29.2204
2025-06-12,29.2474
2025-06-13,29.2598
2025-06-14,29.2779
2025-06-15,29.3105
2025-06-16,29.3502
2025-06-17,29.3788
2025-06-18,29.3701
2025-06-19,29.3911
2025-06-20,29.4039
2025-06-21,29.4347
2025-06-22,29.4571
2025-06-23,29.4464
2025-06-24,29.3859
2025-06-25,29.3142
2025-06-26,29.2911
2025-06-27,29.2730
2025-06-28,29.2608
2025-06-29,29.2356
2025-06-30,29.2010
2025-07-01,29.1719
2025-07-02,29.1896
2025-07-03,29.2802
2025-07-04,29.3847
2025-07-05,29.4736
2025-07-06,29.5226
2025-07-07,29.5493
2025-07-08,29.5543
2025-07-09,29.5537
2025-07-10,29.5861
2025-07-11,29.6495
2025-07-12,29.6852
2025-07-13,29.7121
2025-07-14,29.7226
2025-07-15,29.7389
2025-07-16,29.7568
2025-07-17,29.7637
2025-07-18,29.7897
2025-07-19,29.8548
2025-07-20,29.9442
2025-07-21,30.0212
2025-07-22,30.0935
2025-07-23,30.1290
2025-07-24,30.1132
2025-07-25,30.0435
2025-07-26,29.9629
2025-07-27,29.9400
2025-07-28,29.9965
2025-07-29,30.0779
2025-07-30,30.1872
2025-07-31,30.2320
2025-08-01,30.2107
2025-08-02,30.2853
2025-08-03,30.3473
2025-08-04,30.3784
2025-08-05,30.3801
2025-08-06,30.3645
2025-08-07,30.3952
2025-08-08,30.4602
2025-08-09,30.5201
2025-08-10,30.5207
2025-08-11,30.4799
2025-08-12,30.4536
2025-08-13,30.4517
2025-08-14,30.4752
2025-08-15,30.4722
2025-08-16,30.4575
2025-08-17,30.5155
2025-08-18,30.6328
2025-08-19,30.7566
2025-08-20,30.8124
2025-08-21,30.8020
2025-08-22,30.7875
2025-08-23,30.7623
2025-08-24,30.6804
2025-08-25,30.6805
2025-08-26,30.7119
2025-08-27,30.6953
2025-08-28,30.7057
2025-08-29,30.7063
2025-08-30,30.5927
2025-08-31,30.5269
2025-09-01,30.4993
2025-09-02,30.4906
2025-09-03,30.4907
2025-09-04,30.5215
2025-09-05,30.5479
2025-09-06,30.5810
2025-09-07,30.5388
2025-09-08,30.4328
2025-09-09,30.3380
2025-09-10,30.3215
2025-09-11,30.3164
2025-09-12,30.2002
2025-09-13,30.1223
2025-09-14,30.0657
2025-09-15,30.0094
2025-09-16,29.9372
2025-09-17,29.8629
2025-09-18,29.8222
2025-09-19,29.8314
2025-09-20,29.8368
2025-09-21,29.8322
2025-09-22,29.8379
2025-09-23,29.8703
2025-09-24,29.9464
2025-09-25,30.0100
2025-09-26,29.9589
2025-09-27,29.8792
2025-09-28,29.8185
2025-09-29,29.7772
2025-09-30,29.7394
2025-10-01,29.7081
2025-10-02,29.6711
2025-10-03,29.6346
2025-10-04,29.5847
2025-10-05,29.5541
2025-10-06,29.5455
2025-10-07,29.5437
2025-10-08,29.5010
2025-10-09,29.4288
2025-10-10,29.3349
2025-10-11,29.2250
2025-10-12,29.1680
2025-10-13,29.1162
2025-10-14,29.0908
2025-10-15,29.0613
2025-10-16,28.9958
2025-10-17,28.8961
2025-10-18,28.8231
2025-10-19,28.7712
2025-10-20,28.7199
2025-10-21,28.7333
2025-10-22,28.7568
2025-10-23,28.7440
2025-10-24,28.6813
2025-10-25,28.5939
2025-10-26,28.5250
2025-10-27,28.4971
2025-10-28,28.4610
2025-10-29,28.4043
2025-10-30,28.1606
2025-10-31,27.8808
2025-11-01,27.7451
2025-11-02,27.6338
2025-11-03,27.5208
2025-11-04,27.3525
2025-11-05,27.2230
2025-11-06,27.2196
2025-11-07,27.2960
2025-11-08,27.3657
2025-11-09,27.4295
2025-11-10,27.4013
2025-11-11,27.1974
2025-11-12,26.9350
2025-11-13,26.7687
2025-11-14,26.7165
2025-11-15,26.7158
2025-11-16,26.7203
2025-11-17,26.7257
2025-11-18,26.7670
2025-11-19,26.8021
2025-11-20,26.8478
2025-11-21,26.8656
2025-11-22,26.8696
2025-11-23,26.8523
2025-11-24,26.8336
2025-11-25,26.8153
2025-11-26,26.7648
2025-11-27,26.6318
2025-11-28,26.4749
2025-11-29,26.2625
2025-11-30,26.1206
2025-12-01,26.0912
2025-12-02,26.0093
2025-12-03,25.9834
2025-12-04,26.0380
2025-12-05,26.0950
2025-12-06,26.0995
2025-12-07,26.1297
2025-12-08,26.0842
2025-12-09,25.9476
2025-12-10,25.8070
2025-12-11,25.7117
2025-12-12,25.6481
2025-12-13,25.6385
2025-12-14,25.5625
2025-12-15,25.4533
2025-12-16,25.3575
2025-12-17,25.3661
2025-12-18,25.4165
2025-12-19,25.4145
2025-12-20,25.4304
2025-12-21,25.4640
2025-12-22,25.4476
2025-12-23,25.3798
2025-12-24,25.3238
2025-12-25,25.3182
2025-12-26,25.3144
2025-12-27,25.3062
2025-12-28,25.3051
2025-12-29,25.3095
2025-12-30,25.1447
2025-12-31,24.9172
2026-01-01,24.7510
2026-01-02,24.7042
2026-01-03,24.6885
2026-01-04,24.6680
2026-01-05,24.7039
2026-01-06,24.8020
2026-01-07,24.8942
2026-01-08,24.9032
2026-01-09,24.9254
2026-01-10,24.9805
2026-01-11,24.8959
2026-01-12,24.6446
2026-01-13,24.4660
2026-01-14,24.2893
2026-01-15,24.2471
2026-01-16,24.2085
2026-01-17,24.2154
2026-01-18,24.1116
2026-01-19,23.9558
2026-01-20,23.8622
2026-01-21,23.8225
2026-01-22,23.9068
2026-01-23,23.9807
2026-01-24,24.0610
2026-01-25,24.1872
2026-01-26,24.0705
2026-01-27,23.8226
2026-01-28,23.6159
2026-01-29,23.5177
2026-01-30,23.5021
2026-01-31,23.4258
2026-02-01,23.2495
2026-02-02,23.1205
2026-02-03,23.0779
2026-02-04,23.0575
2026-02-05,23.0138
2026-02-06,22.9748
2026-02-07,22.9559
2026-02-08,23.0238
2026-02-09,23.1312
2026-02-10,23.2170
2026-02-11,23.3281
2026-02-12,23.4266
2026-02-13,23.4927
2026-02-14,23.5099
2026-02-15,23.4977
2026-02-16,23.4576
2026-02-17,23.4637
2026-02-18,23.5831
2026-02-19,23.7037
2026-02-20,23.9439
2026-02-21,24.1691
2026-02-22,24.1764
2026-02-23,23.8741
2026-02-24,23.5074
2026-02-25,23.3905
2026-02-26,23.4254
2026-02-27,23.5566
2026-02-28,23.6999
2026-03-01,23.8146
2026-03-02,23.9353
2026-03-03,24.0499
2026-03-04,24.1610
2026-03-05,24.2768
2026-03-06,24.2996
2026-03-07,24.5154
2026-03-08,24.6361
2026-03-09,24.8183
2026-03-10,24.9091
2026-03-11,24.9370
2026-03-12,24.8582
2026-03-13,24.7189
2026-03-14,24.6944
2026-03-15,24.7596
2026-03-16,24.7703
2026-03-17,24.5254
2026-03-18,24.1517
2026-03-19,24.0400
2026-03-20,24.0001
2026-03-21,24.0003
2026-03-22,24.0359
2026-03-23,24.1297
2026-03-24,24.2300
2026-03-25,24.3169
2026-03-26,24.4246
2026-03-27,24.5186
2026-03-28,24.5195
2026-03-29,24.4400
2026-03-30,24.4799
2026-03-31,24.6033
2026-04-01,24.6986
2026-04-02,24.7972
2026-04-03,24.9124
2026-04-04,25.0188
2026-04-05,25.1291
2026-04-06,25.1055
2026-04-07,24.9910
2026-04-08,24.8861
2026-04-09,24.7944
2026-04-10,24.7593
2026-04-11,24.7369
2026-04-12,24.7354
2026-04-13,24.7745
2026-04-14,24.8608
2026-04-15,24.9450
2026-04-16,25.0787
2026-04-17,25.2261
2026-04-18,25.3347
2026-04-19,25.3965
2026-04-20,25.4073
2026-04-21,25.3789
2026-04-22,25.3559
2026-04-23,25.3934
2026-04-24,25.5397
2026-04-25,25.7571
2026-04-26,25.9975
2026-04-27,26.2008
2026-04-28,26.2931
2026-04-29,26.4202
2026-04-30,26.5761
2026-05-01,26.6754
2026-05-02,26.5772
2026-05-03,26.3058
2026-05-04,26.1543
2026-05-05,26.2754
2026-05-06,26.5996
2026-05-07,26.8204
2026-05-08,26.9086
2026-05-09,27.0120
2026-05-10,27.1189
2026-05-11,27.2512
2026-05-12,27.2863
2026-05-13,27.3036
2026-05-14,27.3173
2026-05-15,27.3320
2026-05-16,27.3774
2026-05-17,27.4808
2026-05-18,27.5446
2026-05-19,27.6198
2026-05-20,27.7143
2026-05-21,27.8655
2026-05-22,28.0454
2026-05-23,28.1366
2026-05-24,28.1512
2026-05-25,28.1364
2026-05-26,28.1136
2026-05-27,28.1064
2026-05-28,28.1158
2026-05-29,28.1829
2026-05-30,28.3000
2026-05-31,28.4121
2026-06-01,28.4871
2026-06-02,28.4942
2026-06-03,28.4740
2026-06-04,28.3812
2026-06-05,28.3024
2026-06-06,28.2681
2026-06-07,28.2411
2026-06-08,28.2692
2026-06-09,28.3419
2026-06-10,28.3976
2026-06-11,28.4529
2026-06-12,28.5890
2026-06-13,28.7448
2026-06-14,28.8517
2026-06-15,28.8808
2026-06-16,28.8298
2026-06-17,28.8139
2026-06-18,28.8020
2026-06-19,28.8636
2026-06-20,28.9107
2026-06-21,28.9659
2026-06-22,29.0427
2026-06-23,29.1302
2026-06-24,29.2484
2026-06-25,29.3311
2026-06-26,29.3919
2026-06-27,29.4358
2026-06-28,29.4698
2026-06-29,29.5607
2026-06-30,29.7159
2026-07-01,29.8598
2026-07-02,29.9577
2026-07-03,30.0722
2026-07-04,30.2224
2026-07-05,30.3397
2026-07-06,30.4093
2026-07-07,30.4498
2026-07-08,30.4286
2026-07-09,30.3885
2026-07-10,30.3360
2026-07-11,30.2631
2026-07-12,30.1434
2026-07-13,30.0110
2026-07-14,29.9113
2026-07-15,29.9807
2026-07-16,30.0370
2026-07-17,30.1111
2026-07-18,30.1602
2026-07-19,30.2276
2026-07-20,30.2513
2026-07-21,30.2250
2026-07-22,30.1265
2026-07-23,30.0394
2026-07-24,30.0638
2026-07-25,30.1830
2026-07-26,30.3010
2026-07-27,30.3256
2026-07-28,30.3299
2026-07-29,30.3551
2026-07-30,30.3948
2026-07-31,30.4072
2026-08-01,30.4011
2026-08-02,30.4056
2026-08-03,30.3944
2026-08-04,30.4446
2026-08-05,30.5081
2026-08-06,30.4798
2026-08-07,30.4375
2026-08-08,30.3928
2026-08-09,30.3457
2026-08-10,30.3527
2026-08-11,30.3691
2026-08-12,30.4047
2026-08-13,30.4467
2026-08-14,30.4541
2026-08-15,30.4671
2026-08-16,30.5025
2026-08-17,30.5801
2026-08-18,30.6109
2026-08-19,30.6257
2026-08-20,30.6311
2026-08-21,30.6689
2026-08-22,30.7217
2026-08-23,30.7692
2026-08-24,30.8199
2026-08-25,30.8463
2026-08-26,30.8823
2026-08-27,30.8987
2026-08-28,30.8406
2026-08-29,30.7792
2026-08-30,30.7669
2026-08-31,30.8104
2026-09-01,30.8409
2026-09-02,30.8184
2026-09-03,30.8259
2026-09-04,30.8165
2026-09-05,30.8335
2026-09-06,30.8872
2026-09-07,30.8980
2026-09-08,30.8779
2026-09-09,30.8920
2026-09-10,30.9058
2026-09-11,30.8888
2026-09-12,30.8633
2026-09-13,30.8442
2026-09-14,30.8239
2026-09-15,30.8049
2026-09-16,30.8173
2026-09-17,30.7658
2026-09-18,30.7454
2026-09-19,30.7339
2026-09-20,30.7600
2026-09-21,30.8618
2026-09-22,30.8367
2026-09-23,30.8045
2026-09-24,30.6988
2026-09-25,30.7340
2026-09-26,30.6483
2026-09-27,30.5512
2026-09-28,30.4591
2026-09-29,30.3842
2026-09-30,30.2653
2026-10-01,30.2230
2026-10-02,30.0521
2026-10-03,29.8390
2026-10-04,29.8589
