date,sst
1982-01-01,26.2663
1982-01-02,26.0885
1982-01-03,25.9933
1982-01-04,26.1117
1982-01-05,26.1997
1982-01-06,26.1881
1982-01-07,26.1585
1982-01-08,26.1327
1982-01-09,26.0721
1982-01-10,26.0055
1982-01-11,25.9364
1982-01-12,25.7706
1982-01-13,25.6005
1982-01-14,25.4908
1982-01-15,25.4220
1982-01-16,25.3564
1982-01-17,25.4259
1982-01-18,25.4945
1982-01-19,25.5036
1982-01-20,25.4906
1982-01-21,25.4583
1982-01-22,25.3385
1982-01-23,25.2316
1982-01-24,25.0501
1982-01-25,24.9536
1982-01-26,24.9597
1982-01-27,25.0893
1982-01-28,25.1937
1982-01-29,25.2713
1982-01-30,25.3164
1982-01-31,25.3594
1982-02-01,25.4206
1982-02-02,25.4925
1982-02-03,25.4876
1982-02-04,25.4808
1982-02-05,25.4347
1982-02-06,25.3746
1982-02-07,25.3047
1982-02-08,25.2635
1982-02-09,25.1905
1982-02-10,25.2084
1982-02-11,25.1970
1982-02-12,25.1197
1982-02-13,25.0084
1982-02-14,24.9526
1982-02-15,24.9067
1982-02-16,24.9757
1982-02-17,25.0905
1982-02-18,25.1069
1982-02-19,25.1470
1982-02-20,25.1670
1982-02-21,25.1146
1982-02-22,25.0379
1982-02-23,25.0096
1982-02-24,24.9388
1982-02-25,24.8962
1982-02-26,24.9048
1982-02-27,24.9607
1982-02-28,25.0405
1982-03-01,25.0688
1982-03-02,25.0897
1982-03-03,25.0059
1982-03-04,24.9554
1982-03-05,24.8544
1982-03-06,24.6722
1982-03-07,24.6869
1982-03-08,24.8564
1982-03-09,24.9388
1982-03-10,25.0208
1982-03-11,25.0992
1982-03-12,25.0370
1982-03-13,24.9161
1982-03-14,24.8778
1982-03-15,24.8041
1982-03-16,24.8287
1982-03-17,24.7868
1982-03-18,24.8537
1982-03-19,24.9508
1982-03-20,25.0559
1982-03-21,25.0278
1982-03-22,25.0425
1982-03-23,25.0820
1982-03-24,25.0930
1982-03-25,25.0830
1982-03-26,25.0890
1982-03-27,25.1381
1982-03-28,25.2060
1982-03-29,25.2507
1982-03-30,25.2249
1982-03-31,25.2975
1982-04-01,25.4827
1982-04-02,25.5567
1982-04-03,25.5139
1982-04-04,25.2508
1982-04-05,24.8579
1982-04-06,24.5193
1982-04-07,24.3872
1982-04-08,24.4983
1982-04-09,24.6908
1982-04-10,24.8156
1982-04-11,24.9928
1982-04-12,25.1437
1982-04-13,25.3280
1982-04-14,25.3917
1982-04-15,25.3592
1982-04-16,25.3038
1982-04-17,25.2927
1982-04-18,25.3331
1982-04-19,25.4083
1982-04-20,25.4790
1982-04-21,25.5836
1982-04-22,25.6619
1982-04-23,25.5363
1982-04-24,25.0392
1982-04-25,24.7433
1982-04-26,24.7381
1982-04-27,24.8598
1982-04-28,24.8685
1982-04-29,24.8438
1982-04-30,25.0869
1982-05-01,25.5076
1982-05-02,25.5753
1982-05-03,25.7460
1982-05-04,25.8549
1982-05-05,25.8939
1982-05-06,25.7983
1982-05-07,25.6677
1982-05-08,25.6352
1982-05-09,25.7710
1982-05-10,25.8438
1982-05-11,25.8829
1982-05-12,25.7736
1982-05-13,25.6519
1982-05-14,25.6014
1982-05-15,25.5120
1982-05-16,25.5809
1982-05-17,25.6873
1982-05-18,25.6952
1982-05-19,25.8525
1982-05-20,26.0013
1982-05-21,26.0931
1982-05-22,26.1134
1982-05-23,26.1255
1982-05-24,26.0768
1982-05-25,26.0451
1982-05-26,26.0292
1982-05-27,26.0519
1982-05-28,26.0696
1982-05-29,26.1055
1982-05-30,26.1319
1982-05-31,26.1868
1982-06-01,26.2966
1982-06-02,26.2656
1982-06-03,26.1637
1982-06-04,26.0397
1982-06-05,26.0630
1982-06-06,26.1186
1982-06-07,26.1331
1982-06-08,26.1784
1982-06-09,26.2059
1982-06-10,26.2910
1982-06-11,26.3444
1982-06-12,26.3319
1982-06-13,26.2782
1982-06-14,26.3044
1982-06-15,26.2240
1982-06-16,26.1254
1982-06-17,26.0510
1982-06-18,26.0599
1982-06-19,26.2354
1982-06-20,26.3333
1982-06-21,26.3740
1982-06-22,26.4401
1982-06-23,26.4887
1982-06-24,26.5377
1982-06-25,26.4125
1982-06-26,26.4255
1982-06-27,26.4502
1982-06-28,26.4130
1982-06-29,26.4323
1982-06-30,26.4431
1982-07-01,26.3979
1982-07-02,26.3402
1982-07-03,26.3898
1982-07-04,26.4105
1982-07-05,26.3878
1982-07-06,26.4203
1982-07-07,26.4361
1982-07-08,26.4814
1982-07-09,26.4567
1982-07-10,26.3967
1982-07-11,26.3182
1982-07-12,26.3226
1982-07-13,26.2366
1982-07-14,26.3238
1982-07-15,26.5076
1982-07-16,26.6892
1982-07-17,26.6810
1982-07-18,26.7138
1982-07-19,26.7362
1982-07-20,26.7496
1982-07-21,26.6815
1982-07-22,26.6443
1982-07-23,26.6632
1982-07-24,26.6093
1982-07-25,26.5861
1982-07-26,26.5568
1982-07-27,26.4806
1982-07-28,26.5034
1982-07-29,26.5478
1982-07-30,26.5632
1982-07-31,26.7106
1982-08-01,26.7846
1982-08-02,26.8333
1982-08-03,26.8534
1982-08-04,26.8321
1982-08-05,26.8697
1982-08-06,26.8531
1982-08-07,26.8616
1982-08-08,26.8423
1982-08-09,26.8861
1982-08-10,26.8422
1982-08-11,26.8900
1982-08-12,26.8895
1982-08-13,27.1422
1982-08-14,27.2122
1982-08-15,27.2511
1982-08-16,27.2641
1982-08-17,27.2218
1982-08-18,27.1931
1982-08-19,27.0184
1982-08-20,26.9307
1982-08-21,26.9220
1982-08-22,26.9925
1982-08-23,26.9675
1982-08-24,26.9478
1982-08-25,27.0798
1982-08-26,27.2478
1982-08-27,27.2352
1982-08-28,27.2036
1982-08-29,27.1487
1982-08-30,27.0788
1982-08-31,27.1785
1982-09-01,27.3397
1982-09-02,27.5259
1982-09-03,27.5156
1982-09-04,27.4719
1982-09-05,27.4791
1982-09-06,27.5097
1982-09-07,27.4171
1982-09-08,27.3628
1982-09-09,27.4062
1982-09-10,27.3898
1982-09-11,27.3577
1982-09-12,27.2784
1982-09-13,27.3101
1982-09-14,27.3412
1982-09-15,27.4779
1982-09-16,27.5475
1982-09-17,27.6218
1982-09-18,27.6354
1982-09-19,27.5828
1982-09-20,27.5204
1982-09-21,27.4196
1982-09-22,27.2689
1982-09-23,27.2706
1982-09-24,27.2336
1982-09-25,27.2630
1982-09-26,27.2901
1982-09-27,27.3879
1982-09-28,27.3838
1982-09-29,27.4949
1982-09-30,27.3556
1982-10-01,27.3158
1982-10-02,27.3231
1982-10-03,27.2425
1982-10-04,27.2650
1982-10-05,27.3508
1982-10-06,27.4776
1982-10-07,27.5895
1982-10-08,27.6025
1982-10-09,27.6276
1982-10-10,27.7329
1982-10-11,27.7668
1982-10-12,27.6002
1982-10-13,27.4763
1982-10-14,27.3676
1982-10-15,27.2712
1982-10-16,27.2098
1982-10-17,27.1931
1982-10-18,27.1394
1982-10-19,27.1587
1982-10-20,27.1983
1982-10-21,27.1792
1982-10-22,27.2655
1982-10-23,27.3037
1982-10-24,27.2934
1982-10-25,27.2222
1982-10-26,27.1913
1982-10-27,27.2431
1982-10-28,27.3753
1982-10-29,27.4469
1982-10-30,27.4164
1982-10-31,27.4187
1982-11-01,27.4058
1982-11-02,27.3930
1982-11-03,27.3429
1982-11-04,27.3161
1982-11-05,27.3193
1982-11-06,27.2771
1982-11-07,27.2339
1982-11-08,27.2410
1982-11-09,27.1610
1982-11-10,27.0740
1982-11-11,26.8977
1982-11-12,26.6858
1982-11-13,26.6289
1982-11-14,26.6370
1982-11-15,26.6001
1982-11-16,26.6705
1982-11-17,26.8225
1982-11-18,26.9298
1982-11-19,26.9460
1982-11-20,26.8888
1982-11-21,26.7454
1982-11-22,26.6522
1982-11-23,26.5879
1982-11-24,26.5380
1982-11-25,26.4606
1982-11-26,26.4217
1982-11-27,26.3640
1982-11-28,26.4336
1982-11-29,26.4629
1982-11-30,26.4364
1982-12-01,26.3498
1982-12-02,26.3103
1982-12-03,26.3362
1982-12-04,26.3079
1982-12-05,26.2688
1982-12-06,26.1316
1982-12-07,25.9452
1982-12-08,25.8730
1982-12-09,25.8896
1982-12-10,25.9545
1982-12-11,25.9856
1982-12-12,26.0490
1982-12-13,26.0999
1982-12-14,26.0510
1982-12-15,25.9217
1982-12-16,25.7359
1982-12-17,25.6327
1982-12-18,25.6585
1982-12-19,25.7046
1982-12-20,25.6651
1982-12-21,25.6320
1982-12-22,25.6297
1982-12-23,25.6083
1982-12-24,25.4810
1982-12-25,25.4613
1982-12-26,25.4469
1982-12-27,25.3645
1982-12-28,25.3645
1982-12-29,25.3749
1982-12-30,25.3013
1982-12-31,25.3442
1983-01-01,25.5002
1983-01-02,25.5623
1983-01-03,25.6041
1983-01-04,25.6328
1983-01-05,25.5624
1983-01-06,25.5170
1983-01-07,25.4209
1983-01-08,25.3230
1983-01-09,25.2342
1983-01-10,25.2388
1983-01-11,25.2773
1983-01-12,25.3225
1983-01-13,25.3106
1983-01-14,25.2572
1983-01-15,25.2174
1983-01-16,25.1677
1983-01-17,25.1234
1983-01-18,25.1847
1983-01-19,25.1796
1983-01-20,25.1666
1983-01-21,25.1751
1983-01-22,25.1762
1983-01-23,25.1422
1983-01-24,25.1537
1983-01-25,25.2294
1983-01-26,25.3097
1983-01-27,25.3381
1983-01-28,25.2872
1983-01-29,25.1894
1983-01-30,25.0751
1983-01-31,24.9731
1983-02-01,24.9318
1983-02-02,24.8778
1983-02-03,24.8559
1983-02-04,24.9534
1983-02-05,25.0432
1983-02-06,25.0805
1983-02-07,25.1439
1983-02-08,25.2345
1983-02-09,25.2567
1983-02-10,25.2622
1983-02-11,25.2054
1983-02-12,25.1376
1983-02-13,25.1400
1983-02-14,25.1688
1983-02-15,25.1591
1983-02-16,25.1938
1983-02-17,25.2566
1983-02-18,25.2633
1983-02-19,25.2217
1983-02-20,25.0841
1983-02-21,25.0936
1983-02-22,25.2571
1983-02-23,25.3484
1983-02-24,25.4538
1983-02-25,25.5434
1983-02-26,25.4943
1983-02-27,25.4879
1983-02-28,25.3925
1983-03-01,25.3404
1983-03-02,25.3278
1983-03-03,25.2987
1983-03-04,25.2942
1983-03-05,25.3432
1983-03-06,25.4337
1983-03-07,25.5127
1983-03-08,25.5428
1983-03-09,25.5546
1983-03-10,25.6069
1983-03-11,25.6605
1983-03-12,25.7111
1983-03-13,25.7357
1983-03-14,25.8041
1983-03-15,25.9070
1983-03-16,25.9334
1983-03-17,25.8300
1983-03-18,25.7023
1983-03-19,25.6157
1983-03-20,25.6241
1983-03-21,25.6105
1983-03-22,25.6047
1983-03-23,25.5895
1983-03-24,25.6239
1983-03-25,25.5962
1983-03-26,25.5473
1983-03-27,25.5333
1983-03-28,25.4774
1983-03-29,25.4296
1983-03-30,25.4606
1983-03-31,25.5246
1983-04-01,25.6825
1983-04-02,25.9221
1983-04-03,26.0814
1983-04-04,26.1403
1983-04-05,26.1054
1983-04-06,26.0873
1983-04-07,25.9796
1983-04-08,25.7241
1983-04-09,25.6876
1983-04-10,25.7367
1983-04-11,25.8461
1983-04-12,25.9736
1983-04-13,26.0016
1983-04-14,25.9951
1983-04-15,25.9720
1983-04-16,25.9230
1983-04-17,25.9750
1983-04-18,26.0765
1983-04-19,26.0755
1983-04-20,26.0716
1983-04-21,26.0605
1983-04-22,26.0651
1983-04-23,26.0968
1983-04-24,26.1283
1983-04-25,25.9896
1983-04-26,25.9422
1983-04-27,25.9536
1983-04-28,25.9672
1983-04-29,26.0145
1983-04-30,26.0649
1983-05-01,26.0556
1983-05-02,26.0166
1983-05-03,26.1250
1983-05-04,26.1761
1983-05-05,26.1901
1983-05-06,26.2351
1983-05-07,26.2371
1983-05-08,26.2934
1983-05-09,26.2757
1983-05-10,26.2371
1983-05-11,26.1490
1983-05-12,26.0934
1983-05-13,26.0024
1983-05-14,26.0370
1983-05-15,26.0869
1983-05-16,26.1203
1983-05-17,26.2234
1983-05-18,26.2779
1983-05-19,26.3665
1983-05-20,26.4180
1983-05-21,26.3948
1983-05-22,26.5201
1983-05-23,26.5423
1983-05-24,26.5157
1983-05-25,26.4137
1983-05-26,26.4083
1983-05-27,26.4420
1983-05-28,26.3810
1983-05-29,26.3310
1983-05-30,26.3860
1983-05-31,26.5194
1983-06-01,26.5907
1983-06-02,26.6425
1983-06-03,26.5917
1983-06-04,26.5549
1983-06-05,26.4761
1983-06-06,26.5196
1983-06-07,26.5975
1983-06-08,26.5715
1983-06-09,26.6010
1983-06-10,26.5567
1983-06-11,26.4371
1983-06-12,26.5345
1983-06-13,26.5014
1983-06-14,26.5279
1983-06-15,26.6495
1983-06-16,26.9388
1983-06-17,27.0226
1983-06-18,26.9669
1983-06-19,26.9871
1983-06-20,26.9687
1983-06-21,26.9285
1983-06-22,26.8844
1983-06-23,26.9486
1983-06-24,26.8716
1983-06-25,26.7491
1983-06-26,26.7693
1983-06-27,26.6665
1983-06-28,26.6308
1983-06-29,26.6361
1983-06-30,26.7070
1983-07-01,26.7689
1983-07-02,26.7291
1983-07-03,26.6773
1983-07-04,26.5954
1983-07-05,26.5711
1983-07-06,26.6944
1983-07-07,26.7180
1983-07-08,26.7091
1983-07-09,26.7622
1983-07-10,26.8389
1983-07-11,26.9235
1983-07-12,26.8923
1983-07-13,26.8582
1983-07-14,26.9326
1983-07-15,27.0093
1983-07-16,27.0013
1983-07-17,26.9378
1983-07-18,26.8051
1983-07-19,26.7302
1983-07-20,26.4950
1983-07-21,26.3879
1983-07-22,26.3338
1983-07-23,26.3178
1983-07-24,26.4971
1983-07-25,26.6116
1983-07-26,26.6497
1983-07-27,26.7867
1983-07-28,26.9998
1983-07-29,27.0588
1983-07-30,27.0254
1983-07-31,27.0714
1983-08-01,26.9562
1983-08-02,26.9861
1983-08-03,26.8813
1983-08-04,26.8602
1983-08-05,26.8510
1983-08-06,26.8813
1983-08-07,26.9906
1983-08-08,27.0108
1983-08-09,27.0846
1983-08-10,27.1185
1983-08-11,27.1641
1983-08-12,27.2979
1983-08-13,27.3595
1983-08-14,27.3080
1983-08-15,27.2237
1983-08-16,27.0819
1983-08-17,26.8563
1983-08-18,26.8438
1983-08-19,26.9739
1983-08-20,27.1032
1983-08-21,27.1357
1983-08-22,27.1656
1983-08-23,27.1835
1983-08-24,27.3163
1983-08-25,27.4000
1983-08-26,27.4903
1983-08-27,27.5890
1983-08-28,27.5333
1983-08-29,27.4759
1983-08-30,27.3505
1983-08-31,27.2437
1983-09-01,27.3524
1983-09-02,27.3136
1983-09-03,27.3125
1983-09-04,27.3658
1983-09-05,27.5684
1983-09-06,27.6842
1983-09-07,27.8064
1983-09-08,27.8865
1983-09-09,27.7630
1983-09-10,27.6614
1983-09-11,27.5701
1983-09-12,27.5733
1983-09-13,27.7349
1983-09-14,27.8096
1983-09-15,27.6047
1983-09-16,27.5859
1983-09-17,27.6335
1983-09-18,27.7798
1983-09-19,27.8348
1983-09-20,27.8262
1983-09-21,27.8608
1983-09-22,27.8612
1983-09-23,27.8327
1983-09-24,27.8412
1983-09-25,27.8573
1983-09-26,27.8231
1983-09-27,27.6659
1983-09-28,27.5632
1983-09-29,27.4869
1983-09-30,27.5771
1983-10-01,27.5881
1983-10-02,27.5064
1983-10-03,27.3030
1983-10-04,27.1945
1983-10-05,27.3131
1983-10-06,27.4062
1983-10-07,27.4964
1983-10-08,27.5124
1983-10-09,27.4866
1983-10-10,27.4633
1983-10-11,27.3978
1983-10-12,27.2355
1983-10-13,27.1792
1983-10-14,27.2407
1983-10-15,27.4027
1983-10-16,27.6134
1983-10-17,27.6159
1983-10-18,27.5678
1983-10-19,27.5023
1983-10-20,27.4309
1983-10-21,27.5188
1983-10-22,27.6019
1983-10-23,27.6416
1983-10-24,27.5849
1983-10-25,27.5571
1983-10-26,27.3689
1983-10-27,27.2920
1983-10-28,27.2074
1983-10-29,27.2585
1983-10-30,27.4125
1983-10-31,27.4940
1983-11-01,27.5290
1983-11-02,27.4693
1983-11-03,27.3720
1983-11-04,27.2228
1983-11-05,27.1614
1983-11-06,27.1985
1983-11-07,27.2793
1983-11-08,27.3121
1983-11-09,27.3599
1983-11-10,27.3301
1983-11-11,27.3441
1983-11-12,27.2803
1983-11-13,27.2482
1983-11-14,27.2826
1983-11-15,27.2722
1983-11-16,27.2385
1983-11-17,27.3199
1983-11-18,27.3639
1983-11-19,27.3338
1983-11-20,27.3752
1983-11-21,27.4604
1983-11-22,27.4446
1983-11-23,27.4524
1983-11-24,27.4093
1983-11-25,27.3231
1983-11-26,27.2322
1983-11-27,27.2070
1983-11-28,27.1555
1983-11-29,27.1090
1983-11-30,27.1168
1983-12-01,27.0971
1983-12-02,27.0402
1983-12-03,26.9930
1983-12-04,26.9714
1983-12-05,26.9806
1983-12-06,26.9662
1983-12-07,26.9384
1983-12-08,26.9641
1983-12-09,27.0145
1983-12-10,27.0093
1983-12-11,26.9565
1983-12-12,26.9161
1983-12-13,26.8098
1983-12-14,26.6954
1983-12-15,26.6763
1983-12-16,26.6352
1983-12-17,26.5788
1983-12-18,26.5602
1983-12-19,26.5106
1983-12-20,26.4573
1983-12-21,26.4969
1983-12-22,26.5323
1983-12-23,26.5244
1983-12-24,26.4782
1983-12-25,26.3708
1983-12-26,26.2349
1983-12-27,26.1346
1983-12-28,26.1215
1983-12-29,26.1155
1983-12-30,26.1109
1983-12-31,26.1137
1984-01-01,26.1267
1984-01-02,26.2406
1984-01-03,26.2237
1984-01-04,26.0501
1984-01-05,25.9047
1984-01-06,25.8252
1984-01-07,25.7986
1984-01-08,25.8660
1984-01-09,25.9832
1984-01-10,26.0562
1984-01-11,26.0987
1984-01-12,26.0586
1984-01-13,26.0029
1984-01-14,25.9428
1984-01-15,25.7726
1984-01-16,25.6645
1984-01-17,25.6141
1984-01-18,25.5097
1984-01-19,25.4659
1984-01-20,25.4553
1984-01-21,25.4729
1984-01-22,25.4880
1984-01-23,25.3700
1984-01-24,25.3036
1984-01-25,25.2838
1984-01-26,25.2656
1984-01-27,25.2181
1984-01-28,25.2260
1984-01-29,25.1947
1984-01-30,25.1904
1984-01-31,25.2566
1984-02-01,25.2764
1984-02-02,25.3093
1984-02-03,25.3461
1984-02-04,25.3570
1984-02-05,25.2540
1984-02-06,25.0882
1984-02-07,24.9785
1984-02-08,24.9109
1984-02-09,24.8497
1984-02-10,24.8918
1984-02-11,25.0339
1984-02-12,25.1305
1984-02-13,25.0973
1984-02-14,25.0157
1984-02-15,25.0267
1984-02-16,25.0399
1984-02-17,24.9925
1984-02-18,24.9533
1984-02-19,24.9678
1984-02-20,24.9957
1984-02-21,24.9861
1984-02-22,25.0144
1984-02-23,25.0614
1984-02-24,25.0562
1984-02-25,25.0033
1984-02-26,25.0106
1984-02-27,25.0254
1984-02-28,25.0111
1984-02-29,25.0065
1984-03-01,25.0771
1984-03-02,24.9883
1984-03-03,24.8826
1984-03-04,24.8415
1984-03-05,24.7865
1984-03-06,24.7692
1984-03-07,24.7929
1984-03-08,24.8284
1984-03-09,24.8911
1984-03-10,24.9513
1984-03-11,24.9596
1984-03-12,24.8923
1984-03-13,24.8616
1984-03-14,24.8843
1984-03-15,24.9493
1984-03-16,24.9959
1984-03-17,25.0120
1984-03-18,24.9082
1984-03-19,24.7617
1984-03-20,24.7085
1984-03-21,24.7709
1984-03-22,24.7805
1984-03-23,24.7794
1984-03-24,24.8088
1984-03-25,24.9269
1984-03-26,24.9748
1984-03-27,25.0529
1984-03-28,25.0310
1984-03-29,25.0586
1984-03-30,25.0955
1984-03-31,25.0747
1984-04-01,25.0829
1984-04-02,25.1326
1984-04-03,25.1079
1984-04-04,24.9333
1984-04-05,24.8919
1984-04-06,25.0024
1984-04-07,25.0988
1984-04-08,25.1655
1984-04-09,25.2543
1984-04-10,25.3073
1984-04-11,25.3218
1984-04-12,25.3482
1984-04-13,25.3468
1984-04-14,25.2882
1984-04-15,25.2586
1984-04-16,25.1798
1984-04-17,25.2376
1984-04-18,25.2798
1984-04-19,25.2393
1984-04-20,25.1562
1984-04-21,25.1184
1984-04-22,25.2384
1984-04-23,25.2764
1984-04-24,25.2283
1984-04-25,25.1861
1984-04-26,25.2398
1984-04-27,25.2997
1984-04-28,25.3445
1984-04-29,25.4364
1984-04-30,25.5507
1984-05-01,25.5720
1984-05-02,25.5722
1984-05-03,25.6381
1984-05-04,25.6134
1984-05-05,25.5654
1984-05-06,25.4682
1984-05-07,25.3690
1984-05-08,25.3404
1984-05-09,25.3773
1984-05-10,25.5735
1984-05-11,25.8258
1984-05-12,25.9614
1984-05-13,25.9046
1984-05-14,25.8385
1984-05-15,25.7538
1984-05-16,25.6368
1984-05-17,25.5731
1984-05-18,25.5162
1984-05-19,25.5449
1984-05-20,25.6921
1984-05-21,25.7381
1984-05-22,25.7305
1984-05-23,25.6946
1984-05-24,25.6169
1984-05-25,25.4999
1984-05-26,25.4038
1984-05-27,25.4151
1984-05-28,25.5551
1984-05-29,25.7156
1984-05-30,25.7193
1984-05-31,25.8453
1984-06-01,25.9808
1984-06-02,26.1695
1984-06-03,26.2539
1984-06-04,26.3370
1984-06-05,26.1912
1984-06-06,26.0444
1984-06-07,25.7938
1984-06-08,25.8258
1984-06-09,25.9459
1984-06-10,26.0941
1984-06-11,26.2621
1984-06-12,26.2639
1984-06-13,26.1622
1984-06-14,26.1015
1984-06-15,25.9218
1984-06-16,25.9471
1984-06-17,25.8886
1984-06-18,25.9254
1984-06-19,26.0352
1984-06-20,26.1216
1984-06-21,25.9674
1984-06-22,25.8896
1984-06-23,25.8453
1984-06-24,25.8927
1984-06-25,25.9990
1984-06-26,26.0375
1984-06-27,26.0932
1984-06-28,26.2072
1984-06-29,26.1530
1984-06-30,26.2810
1984-07-01,26.3782
1984-07-02,26.4729
1984-07-03,26.5058
1984-07-04,26.4381
1984-07-05,26.2239
1984-07-06,26.0685
1984-07-07,25.9304
1984-07-08,26.0145
1984-07-09,26.0503
1984-07-10,26.2208
1984-07-11,26.4070
1984-07-12,26.4701
1984-07-13,26.5282
1984-07-14,26.4918
1984-07-15,26.3136
1984-07-16,26.2656
1984-07-17,26.4223
1984-07-18,26.6013
1984-07-19,26.6790
1984-07-20,26.7515
1984-07-21,26.6817
1984-07-22,26.5511
1984-07-23,26.4319
1984-07-24,26.4080
1984-07-25,26.1982
1984-07-26,26.1449
1984-07-27,26.2096
1984-07-28,26.2240
1984-07-29,26.4120
1984-07-30,26.3946
1984-07-31,26.4615
1984-08-01,26.5955
1984-08-02,26.7776
1984-08-03,26.8235
1984-08-04,26.7955
1984-08-05,26.6394
1984-08-06,26.5427
1984-08-07,26.4817
1984-08-08,26.5484
1984-08-09,26.5701
1984-08-10,26.5997
1984-08-11,26.6123
1984-08-12,26.7194
1984-08-13,26.7866
1984-08-14,26.9399
1984-08-15,27.0520
1984-08-16,27.0066
1984-08-17,26.9507
1984-08-18,26.9406
1984-08-19,26.7752
1984-08-20,26.6871
1984-08-21,26.7934
1984-08-22,26.9489
1984-08-23,27.0297
1984-08-24,27.0464
1984-08-25,26.8507
1984-08-26,26.8600
1984-08-27,26.8594
1984-08-28,27.0359
1984-08-29,27.1874
1984-08-30,27.3292
1984-08-31,27.3543
1984-09-01,27.2904
1984-09-02,27.1388
1984-09-03,27.1503
1984-09-04,27.1077
1984-09-05,27.1567
1984-09-06,27.3093
1984-09-07,27.3163
1984-09-08,27.3509
1984-09-09,27.4236
1984-09-10,27.4858
1984-09-11,27.5090
1984-09-12,27.3919
1984-09-13,27.0811
1984-09-14,26.8932
1984-09-15,26.9503
1984-09-16,27.0798
1984-09-17,27.2378
1984-09-18,27.1876
1984-09-19,27.2069
1984-09-20,27.1764
1984-09-21,27.2678
1984-09-22,27.3109
1984-09-23,27.3359
1984-09-24,27.5355
1984-09-25,27.6459
1984-09-26,27.6714
1984-09-27,27.6815
1984-09-28,27.6531
1984-09-29,27.2373
1984-09-30,27.0647
1984-10-01,27.2526
1984-10-02,27.3145
1984-10-03,27.3254
1984-10-04,27.2237
1984-10-05,27.1684
1984-10-06,27.2683
1984-10-07,27.5458
1984-10-08,27.5273
1984-10-09,27.4170
1984-10-10,27.3602
1984-10-11,27.3544
1984-10-12,27.2538
1984-10-13,27.2152
1984-10-14,27.2677
1984-10-15,27.3791
1984-10-16,27.3932
1984-10-17,27.3917
1984-10-18,27.3679
1984-10-19,27.3407
1984-10-20,27.2719
1984-10-21,27.2274
1984-10-22,27.1722
1984-10-23,27.1274
1984-10-24,26.9819
1984-10-25,26.8846
1984-10-26,26.6703
1984-10-27,26.6103
1984-10-28,26.6631
1984-10-29,26.7513
1984-10-30,26.8712
1984-10-31,26.8577
1984-11-01,26.8725
1984-11-02,26.8551
1984-11-03,26.8289
1984-11-04,26.7867
1984-11-05,26.7834
1984-11-06,26.8435
1984-11-07,26.8948
1984-11-08,26.9060
1984-11-09,26.8889
1984-11-10,26.8699
1984-11-11,26.9152
1984-11-12,26.9353
1984-11-13,26.9295
1984-11-14,26.9788
1984-11-15,26.9996
1984-11-16,26.9892
1984-11-17,26.9514
1984-11-18,26.7759
1984-11-19,26.7426
1984-11-20,26.7629
1984-11-21,26.7760
1984-11-22,26.7698
1984-11-23,26.7740
1984-11-24,26.7342
1984-11-25,26.7286
1984-11-26,26.6480
1984-11-27,26.5638
1984-11-28,26.5505
1984-11-29,26.4984
1984-11-30,26.5856
1984-12-01,26.4935
1984-12-02,26.4027
1984-12-03,26.3555
1984-12-04,26.2792
1984-12-05,26.2696
1984-12-06,26.2427
1984-12-07,26.2073
1984-12-08,26.2504
1984-12-09,26.2142
1984-12-10,26.0899
1984-12-11,25.9421
1984-12-12,25.9120
1984-12-13,25.9703
1984-12-14,25.8590
1984-12-15,25.7244
1984-12-16,25.8339
1984-12-17,25.9036
1984-12-18,25.8260
1984-12-19,25.6514
1984-12-20,25.5813
1984-12-21,25.4127
1984-12-22,25.2755
1984-12-23,25.3536
1984-12-24,25.5843
1984-12-25,25.7071
1984-12-26,25.6889
1984-12-27,25.6746
1984-12-28,25.6114
1984-12-29,25.5786
1984-12-30,25.5595
1984-12-31,25.5227
1985-01-01,25.4688
1985-01-02,25.4431
1985-01-03,25.4222
1985-01-04,25.4574
1985-01-05,25.4817
1985-01-06,25.4700
1985-01-07,25.5064
1985-01-08,25.5360
1985-01-09,25.4454
1985-01-10,25.2128
1985-01-11,25.0871
1985-01-12,25.0539
1985-01-13,25.0059
1985-01-14,25.0049
1985-01-15,25.0012
1985-01-16,24.9532
1985-01-17,24.9051
1985-01-18,24.9002
1985-01-19,24.9109
1985-01-20,24.9799
1985-01-21,24.9989
1985-01-22,24.9795
1985-01-23,24.8912
1985-01-24,24.8237
1985-01-25,24.7887
1985-01-26,24.7740
1985-01-27,24.8335
1985-01-28,24.8003
1985-01-29,24.7617
1985-01-30,24.7792
1985-01-31,24.8406
1985-02-01,24.8846
1985-02-02,24.8804
1985-02-03,24.9092
1985-02-04,24.8448
1985-02-05,24.7660
1985-02-06,24.6855
1985-02-07,24.6880
1985-02-08,24.7001
1985-02-09,24.7502
1985-02-10,24.7458
1985-02-11,24.7009
1985-02-12,24.6766
1985-02-13,24.6813
1985-02-14,24.7090
1985-02-15,24.7129
1985-02-16,24.7072
1985-02-17,24.6535
1985-02-18,24.6137
1985-02-19,24.6615
1985-02-20,24.6439
1985-02-21,24.6322
1985-02-22,24.6226
1985-02-23,24.5602
1985-02-24,24.5500
1985-02-25,24.5265
1985-02-26,24.5065
1985-02-27,24.4883
1985-02-28,24.3756
1985-03-01,24.3477
1985-03-02,24.3238
1985-03-03,24.2878
1985-03-04,24.3176
1985-03-05,24.3634
1985-03-06,24.3853
1985-03-07,24.3817
1985-03-08,24.3370
1985-03-09,24.3276
1985-03-10,24.3423
1985-03-11,24.3247
1985-03-12,24.3245
1985-03-13,24.3184
1985-03-14,24.3708
1985-03-15,24.4254
1985-03-16,24.4080
1985-03-17,24.4209
1985-03-18,24.4605
1985-03-19,24.4196
1985-03-20,24.4118
1985-03-21,24.4316
1985-03-22,24.4908
1985-03-23,24.5178
1985-03-24,24.4449
1985-03-25,24.4162
1985-03-26,24.4645
1985-03-27,24.4829
1985-03-28,24.5062
1985-03-29,24.6152
1985-03-30,24.7126
1985-03-31,24.7504
1985-04-01,24.7253
1985-04-02,24.6983
1985-04-03,24.7336
1985-04-04,24.7088
1985-04-05,24.5760
1985-04-06,24.4944
1985-04-07,24.5488
1985-04-08,24.6469
1985-04-09,24.6280
1985-04-10,24.6137
1985-04-11,24.6022
1985-04-12,24.6632
1985-04-13,24.6660
1985-04-14,24.6773
1985-04-15,24.7019
1985-04-16,24.7095
1985-04-17,24.6906
1985-04-18,24.6477
1985-04-19,24.6971
1985-04-20,24.6897
1985-04-21,24.6766
1985-04-22,24.6941
1985-04-23,24.7100
1985-04-24,24.7446
1985-04-25,24.8198
1985-04-26,24.8660
1985-04-27,24.9601
1985-04-28,24.9896
1985-04-29,25.1247
1985-04-30,25.2432
1985-05-01,25.3311
1985-05-02,25.3820
1985-05-03,25.4298
1985-05-04,25.4072
1985-05-05,25.3046
1985-05-06,25.2500
1985-05-07,25.2267
1985-05-08,25.1852
1985-05-09,25.1430
1985-05-10,25.1319
1985-05-11,25.0981
1985-05-12,25.0313
1985-05-13,25.0604
1985-05-14,25.2013
1985-05-15,25.3207
1985-05-16,25.3733
1985-05-17,25.5423
1985-05-18,25.7884
1985-05-19,25.7790
1985-05-20,25.7221
1985-05-21,25.6022
1985-05-22,25.4977
1985-05-23,25.3555
1985-05-24,25.2652
1985-05-25,25.1930
1985-05-26,25.1280
1985-05-27,25.1911
1985-05-28,25.2569
1985-05-29,25.2974
1985-05-30,25.4703
1985-05-31,25.5803
1985-06-01,25.5960
1985-06-02,25.6840
1985-06-03,25.7334
1985-06-04,25.6671
1985-06-05,25.6822
1985-06-06,25.7561
1985-06-07,25.8467
1985-06-08,25.8935
1985-06-09,25.9391
1985-06-10,25.9134
1985-06-11,25.8576
1985-06-12,25.8225
1985-06-13,25.8684
1985-06-14,25.9716
1985-06-15,26.0238
1985-06-16,26.0177
1985-06-17,26.0139
1985-06-18,26.0856
1985-06-19,26.1405
1985-06-20,26.1937
1985-06-21,26.2793
1985-06-22,26.2882
1985-06-23,26.2991
1985-06-24,26.2923
1985-06-25,26.3248
1985-06-26,26.3602
1985-06-27,26.4087
1985-06-28,26.4605
1985-06-29,26.3753
1985-06-30,26.3370
1985-07-01,26.3707
1985-07-02,26.3402
1985-07-03,26.4032
1985-07-04,26.3517
1985-07-05,26.4104
1985-07-06,26.3418
1985-07-07,26.3368
1985-07-08,26.3860
1985-07-09,26.4767
1985-07-10,26.5692
1985-07-11,26.6107
1985-07-12,26.7084
1985-07-13,26.8063
1985-07-14,26.8489
1985-07-15,26.7423
1985-07-16,26.6653
1985-07-17,26.6296
1985-07-18,26.6031
1985-07-19,26.4650
1985-07-20,26.5629
1985-07-21,26.6498
1985-07-22,26.6923
1985-07-23,26.5631
1985-07-24,26.5346
1985-07-25,26.8105
1985-07-26,26.8780
1985-07-27,26.9112
1985-07-28,26.9750
1985-07-29,27.0145
1985-07-30,27.0301
1985-07-31,27.0236
1985-08-01,27.0063
1985-08-02,27.0206
1985-08-03,27.1062
1985-08-04,27.1420
1985-08-05,27.1147
1985-08-06,27.0798
1985-08-07,27.0214
1985-08-08,26.9907
1985-08-09,27.0035
1985-08-10,27.0621
1985-08-11,27.1167
1985-08-12,27.1404
1985-08-13,27.1462
1985-08-14,27.0603
1985-08-15,27.0106
1985-08-16,26.9974
1985-08-17,27.1135
1985-08-18,27.2472
1985-08-19,27.2021
1985-08-20,27.2317
1985-08-21,27.3074
1985-08-22,27.3993
1985-08-23,27.4322
1985-08-24,27.4808
1985-08-25,27.5019
1985-08-26,27.4777
1985-08-27,27.5477
1985-08-28,27.6383
1985-08-29,27.7324
1985-08-30,27.7274
1985-08-31,27.6354
1985-09-01,27.6179
1985-09-02,27.3902
1985-09-03,27.3269
1985-09-04,27.2248
1985-09-05,27.1722
1985-09-06,27.1934
1985-09-07,27.2951
1985-09-08,27.3347
1985-09-09,27.3794
1985-09-10,27.4930
1985-09-11,27.5971
1985-09-12,27.6421
1985-09-13,27.6204
1985-09-14,27.5787
1985-09-15,27.6219
1985-09-16,27.6482
1985-09-17,27.7069
1985-09-18,27.7229
1985-09-19,27.6929
1985-09-20,27.5917
1985-09-21,27.6230
1985-09-22,27.7971
1985-09-23,27.7054
1985-09-24,27.5455
1985-09-25,27.5669
1985-09-26,27.5356
1985-09-27,27.5862
1985-09-28,27.6699
1985-09-29,27.7700
1985-09-30,27.7551
1985-10-01,27.6686
1985-10-02,27.4732
1985-10-03,27.3267
1985-10-04,27.3153
1985-10-05,27.3089
1985-10-06,27.3076
1985-10-07,27.3078
1985-10-08,27.3336
1985-10-09,27.3983
1985-10-10,27.4517
1985-10-11,27.4564
1985-10-12,27.5979
1985-10-13,27.6157
1985-10-14,27.5548
1985-10-15,27.4599
1985-10-16,27.4283
1985-10-17,27.3939
1985-10-18,27.3705
1985-10-19,27.3991
1985-10-20,27.3740
1985-10-21,27.3799
1985-10-22,27.2594
1985-10-23,27.1683
1985-10-24,27.0434
1985-10-25,27.0265
1985-10-26,27.0902
1985-10-27,27.2498
1985-10-28,27.2897
1985-10-29,27.2244
1985-10-30,27.2104
1985-10-31,27.2096
1985-11-01,27.1409
1985-11-02,27.1045
1985-11-03,27.1373
1985-11-04,27.1408
1985-11-05,27.1753
1985-11-06,27.2303
1985-11-07,27.2511
1985-11-08,27.3647
1985-11-09,27.3584
1985-11-10,27.3378
1985-11-11,27.3382
1985-11-12,27.3062
1985-11-13,27.2734
1985-11-14,27.1733
1985-11-15,27.1343
1985-11-16,27.1364
1985-11-17,27.1047
1985-11-18,27.1041
1985-11-19,27.0718
1985-11-20,26.9896
1985-11-21,26.9319
1985-11-22,26.8485
1985-11-23,26.8165
1985-11-24,26.8142
1985-11-25,26.8701
1985-11-26,26.8434
1985-11-27,26.7587
1985-11-28,26.6847
1985-11-29,26.6452
1985-11-30,26.6077
1985-12-01,26.6637
1985-12-02,26.7048
1985-12-03,26.6820
1985-12-04,26.6467
1985-12-05,26.5883
1985-12-06,26.5594
1985-12-07,26.4693
1985-12-08,26.3944
1985-12-09,26.2621
1985-12-10,26.3385
1985-12-11,26.3483
1985-12-12,26.2948
1985-12-13,26.2376
1985-12-14,26.1670
1985-12-15,26.0794
1985-12-16,26.0024
1985-12-17,25.9509
1985-12-18,25.9224
1985-12-19,25.9388
1985-12-20,25.9465
1985-12-21,25.9427
1985-12-22,25.8936
1985-12-23,25.8284
1985-12-24,25.7140
1985-12-25,25.6616
1985-12-26,25.5778
1985-12-27,25.5303
1985-12-28,25.4939
1985-12-29,25.4361
1985-12-30,25.4379
1985-12-31,25.4504
1986-01-01,25.4628
1986-01-02,25.4237
1986-01-03,25.3982
1986-01-04,25.3667
1986-01-05,25.2960
1986-01-06,25.2010
1986-01-07,25.2054
1986-01-08,25.2558
1986-01-09,25.2607
1986-01-10,25.2840
1986-01-11,25.2853
1986-01-12,25.2242
1986-01-13,25.1079
1986-01-14,24.8912
1986-01-15,24.8437
1986-01-16,24.7594
1986-01-17,24.8711
1986-01-18,24.9662
1986-01-19,24.9449
1986-01-20,24.8569
1986-01-21,24.8067
1986-01-22,24.7345
1986-01-23,24.6790
1986-01-24,24.7366
1986-01-25,24.8236
1986-01-26,24.9044
1986-01-27,24.9174
1986-01-28,24.8417
1986-01-29,24.7405
1986-01-30,24.6506
1986-01-31,24.6099
1986-02-01,24.6091
1986-02-02,24.6080
1986-02-03,24.5828
1986-02-04,24.6076
1986-02-05,24.5979
1986-02-06,24.6000
1986-02-07,24.6218
1986-02-08,24.6075
1986-02-09,24.6126
1986-02-10,24.6015
1986-02-11,24.6657
1986-02-12,24.6834
1986-02-13,24.6568
1986-02-14,24.6224
1986-02-15,24.5962
1986-02-16,24.5670
1986-02-17,24.5562
1986-02-18,24.5806
1986-02-19,24.5371
1986-02-20,24.5280
1986-02-21,24.5088
1986-02-22,24.5875
1986-02-23,24.6561
1986-02-24,24.7543
1986-02-25,24.7338
1986-02-26,24.6762
1986-02-27,24.6536
1986-02-28,24.6952
1986-03-01,24.6854
1986-03-02,24.6735
1986-03-03,24.6886
1986-03-04,24.6489
1986-03-05,24.6223
1986-03-06,24.5763
1986-03-07,24.5468
1986-03-08,24.5290
1986-03-09,24.4713
1986-03-10,24.4344
1986-03-11,24.4371
1986-03-12,24.4623
1986-03-13,24.4832
1986-03-14,24.4955
1986-03-15,24.5950
1986-03-16,24.6626
1986-03-17,24.7837
1986-03-18,24.8143
1986-03-19,24.8650
1986-03-20,24.8905
1986-03-21,24.8718
1986-03-22,24.7462
1986-03-23,24.5219
1986-03-24,24.4403
1986-03-25,24.4014
1986-03-26,24.4307
1986-03-27,24.5199
1986-03-28,24.6365
1986-03-29,24.6709
1986-03-30,24.6945
1986-03-31,24.7487
1986-04-01,24.7830
1986-04-02,24.7417
1986-04-03,24.7531
1986-04-04,24.7751
1986-04-05,24.8026
1986-04-06,24.8325
1986-04-07,24.8192
1986-04-08,24.8452
1986-04-09,24.8764
1986-04-10,24.9502
1986-04-11,25.0368
1986-04-12,25.0829
1986-04-13,25.1240
1986-04-14,25.1767
1986-04-15,25.1447
1986-04-16,25.0543
1986-04-17,24.9994
1986-04-18,24.9516
1986-04-19,24.9217
1986-04-20,24.8944
1986-04-21,24.9599
1986-04-22,25.0364
1986-04-23,25.0210
1986-04-24,24.9533
1986-04-25,24.9377
1986-04-26,24.8772
1986-04-27,24.8885
1986-04-28,24.8741
1986-04-29,24.9586
1986-04-30,25.0608
1986-05-01,25.1626
1986-05-02,25.2840
1986-05-03,25.3389
1986-05-04,25.3594
1986-05-05,25.4114
1986-05-06,25.3526
1986-05-07,25.3265
1986-05-08,25.2859
1986-05-09,25.3329
1986-05-10,25.3589
1986-05-11,25.3771
1986-05-12,25.5106
1986-05-13,25.6304
1986-05-14,25.6869
1986-05-15,25.6861
1986-05-16,25.6489
1986-05-17,25.6523
1986-05-18,25.5900
1986-05-19,25.4335
1986-05-20,25.3485
1986-05-21,25.3143
1986-05-22,25.3815
1986-05-23,25.4257
1986-05-24,25.4654
1986-05-25,25.5656
1986-05-26,25.6246
1986-05-27,25.6085
1986-05-28,25.5301
1986-05-29,25.5326
1986-05-30,25.5644
1986-05-31,25.5622
1986-06-01,25.5987
1986-06-02,25.6547
1986-06-03,25.7119
1986-06-04,25.7022
1986-06-05,25.6895
1986-06-06,25.7497
1986-06-07,25.9062
1986-06-08,26.0757
1986-06-09,26.1523
1986-06-10,26.1205
1986-06-11,26.0450
1986-06-12,26.0004
1986-06-13,26.0402
1986-06-14,26.0117
1986-06-15,26.0442
1986-06-16,26.0959
1986-06-17,26.1241
1986-06-18,26.0835
1986-06-19,26.0965
1986-06-20,26.0783
1986-06-21,26.0980
1986-06-22,25.9787
1986-06-23,25.8925
1986-06-24,25.8199
1986-06-25,25.8140
1986-06-26,25.9274
1986-06-27,25.9742
1986-06-28,26.0502
1986-06-29,26.0744
1986-06-30,26.0398
1986-07-01,26.0999
1986-07-02,26.1182
1986-07-03,26.0890
1986-07-04,26.0573
1986-07-05,26.0237
1986-07-06,25.9219
1986-07-07,25.8500
1986-07-08,25.8125
1986-07-09,25.8809
1986-07-10,26.0074
1986-07-11,26.1897
1986-07-12,26.4190
1986-07-13,26.3980
1986-07-14,26.3333
1986-07-15,26.2746
1986-07-16,26.1443
1986-07-17,26.0723
1986-07-18,26.0534
1986-07-19,26.1055
1986-07-20,26.3604
1986-07-21,26.5177
1986-07-22,26.5734
1986-07-23,26.7189
1986-07-24,26.8743
1986-07-25,26.8210
1986-07-26,26.6761
1986-07-27,26.5949
1986-07-28,26.5534
1986-07-29,26.5211
1986-07-30,26.4874
1986-07-31,26.6752
1986-08-01,26.8133
1986-08-02,26.8480
1986-08-03,26.8033
1986-08-04,26.7341
1986-08-05,26.7104
1986-08-06,26.7306
1986-08-07,26.7501
1986-08-08,26.6724
1986-08-09,26.6922
1986-08-10,26.7123
1986-08-11,26.7395
1986-08-12,26.7351
1986-08-13,26.7411
1986-08-14,26.7394
1986-08-15,26.7065
1986-08-16,26.6774
1986-08-17,26.6620
1986-08-18,26.6385
1986-08-19,26.6040
1986-08-20,26.5984
1986-08-21,26.6755
1986-08-22,26.7781
1986-08-23,26.9194
1986-08-24,27.0028
1986-08-25,27.0735
1986-08-26,27.0267
1986-08-27,26.9989
1986-08-28,27.0605
1986-08-29,27.1069
1986-08-30,27.2463
1986-08-31,27.3444
1986-09-01,27.4260
1986-09-02,27.4159
1986-09-03,27.3407
1986-09-04,27.3122
1986-09-05,27.2140
1986-09-06,27.0296
1986-09-07,26.8714
1986-09-08,26.8428
1986-09-09,26.9385
1986-09-10,27.0880
1986-09-11,27.1446
1986-09-12,27.2946
1986-09-13,27.4699
1986-09-14,27.4815
1986-09-15,27.4532
1986-09-16,27.4648
1986-09-17,27.3999
1986-09-18,27.3916
1986-09-19,27.3422
1986-09-20,27.3565
1986-09-21,27.4061
1986-09-22,27.3359
1986-09-23,27.2693
1986-09-24,27.2114
1986-09-25,27.2205
1986-09-26,27.1059
1986-09-27,27.0628
1986-09-28,27.0547
1986-09-29,27.2427
1986-09-30,27.3026
1986-10-01,27.3967
1986-10-02,27.4504
1986-10-03,27.5340
1986-10-04,27.5518
1986-10-05,27.5126
1986-10-06,27.4152
1986-10-07,27.3557
1986-10-08,27.2888
1986-10-09,27.2505
1986-10-10,27.1891
1986-10-11,27.1883
1986-10-12,27.2551
1986-10-13,27.2987
1986-10-14,27.3861
1986-10-15,27.3436
1986-10-16,27.2628
1986-10-17,27.2404
1986-10-18,27.1732
1986-10-19,27.1718
1986-10-20,27.2041
1986-10-21,27.2955
1986-10-22,27.4101
1986-10-23,27.3956
1986-10-24,27.4086
1986-10-25,27.4197
1986-10-26,27.4600
1986-10-27,27.4152
1986-10-28,27.3111
1986-10-29,27.1507
1986-10-30,27.1029
1986-10-31,27.1240
1986-11-01,27.1570
1986-11-02,27.1819
1986-11-03,27.2276
1986-11-04,27.3006
1986-11-05,27.3235
1986-11-06,27.3226
1986-11-07,27.2855
1986-11-08,27.1872
1986-11-09,27.0731
1986-11-10,27.0498
1986-11-11,27.0365
1986-11-12,27.0032
1986-11-13,26.9657
1986-11-14,26.9932
1986-11-15,27.0227
1986-11-16,26.9384
1986-11-17,26.8617
1986-11-18,26.8109
1986-11-19,26.8103
1986-11-20,26.8316
1986-11-21,26.8211
1986-11-22,26.7961
1986-11-23,26.7236
1986-11-24,26.7071
1986-11-25,26.7325
1986-11-26,26.6842
1986-11-27,26.6560
1986-11-28,26.6376
1986-11-29,26.5813
1986-11-30,26.4684
1986-12-01,26.4191
1986-12-02,26.4119
1986-12-03,26.3260
1986-12-04,26.2248
1986-12-05,26.1709
1986-12-06,26.1380
1986-12-07,25.9973
1986-12-08,25.9125
1986-12-09,25.8814
1986-12-10,25.8520
1986-12-11,25.7740
1986-12-12,25.6942
1986-12-13,25.6575
1986-12-14,25.6465
1986-12-15,25.6673
1986-12-16,25.6772
1986-12-17,25.6585
1986-12-18,25.6242
1986-12-19,25.6122
1986-12-20,25.5899
1986-12-21,25.5233
1986-12-22,25.5407
1986-12-23,25.6874
1986-12-24,25.7427
1986-12-25,25.7206
1986-12-26,25.6536
1986-12-27,25.5135
1986-12-28,25.3530
1986-12-29,25.3708
1986-12-30,25.4137
1986-12-31,25.5098
1987-01-01,25.5876
1987-01-02,25.5795
1987-01-03,25.5736
1987-01-04,25.5956
1987-01-05,25.5509
1987-01-06,25.4997
1987-01-07,25.4687
1987-01-08,25.4403
1987-01-09,25.4245
1987-01-10,25.4506
1987-01-11,25.4355
1987-01-12,25.3704
1987-01-13,25.2729
1987-01-14,25.2078
1987-01-15,25.1968
1987-01-16,25.1868
1987-01-17,25.1603
1987-01-18,25.1176
1987-01-19,25.0950
1987-01-20,25.1218
1987-01-21,25.1550
1987-01-22,25.1858
1987-01-23,25.1661
1987-01-24,25.1440
1987-01-25,25.1022
1987-01-26,25.0804
1987-01-27,25.0499
1987-01-28,25.0309
1987-01-29,25.0597
1987-01-30,25.0596
1987-01-31,25.0577
1987-02-01,25.0698
1987-02-02,25.0894
1987-02-03,25.0896
1987-02-04,25.0685
1987-02-05,25.0647
1987-02-06,25.1150
1987-02-07,25.1330
1987-02-08,25.0888
1987-02-09,24.9654
1987-02-10,24.8685
1987-02-11,24.8642
1987-02-12,24.8587
1987-02-13,24.8591
1987-02-14,24.8596
1987-02-15,24.8778
1987-02-16,24.9336
1987-02-17,24.9449
1987-02-18,24.8676
1987-02-19,24.7886
1987-02-20,24.7414
1987-02-21,24.7369
1987-02-22,24.7391
1987-02-23,24.7321
1987-02-24,24.7252
1987-02-25,24.7585
1987-02-26,24.7832
1987-02-27,24.8503
1987-02-28,24.8062
1987-03-01,24.6455
1987-03-02,24.5796
1987-03-03,24.6187
1987-03-04,24.7236
1987-03-05,24.8575
1987-03-06,24.9223
1987-03-07,24.9773
1987-03-08,25.0849
1987-03-09,25.1110
1987-03-10,25.1014
1987-03-11,25.1191
1987-03-12,25.1440
1987-03-13,25.2369
1987-03-14,25.3253
1987-03-15,25.3874
1987-03-16,25.4322
1987-03-17,25.4690
1987-03-18,25.4416
1987-03-19,25.3752
1987-03-20,25.4271
1987-03-21,25.4714
1987-03-22,25.4530
1987-03-23,25.4005
1987-03-24,25.3615
1987-03-25,25.3623
1987-03-26,25.3835
1987-03-27,25.4288
1987-03-28,25.4765
1987-03-29,25.5447
1987-03-30,25.5355
1987-03-31,25.4767
1987-04-01,25.4122
1987-04-02,25.3738
1987-04-03,25.4327
1987-04-04,25.5497
1987-04-05,25.7210
1987-04-06,25.7624
1987-04-07,25.7184
1987-04-08,25.6557
1987-04-09,25.5510
1987-04-10,25.5243
1987-04-11,25.4940
1987-04-12,25.5392
1987-04-13,25.6221
1987-04-14,25.7696
1987-04-15,25.8256
1987-04-16,25.9767
1987-04-17,26.0676
1987-04-18,25.9599
1987-04-19,25.7890
1987-04-20,25.7109
1987-04-21,25.6783
1987-04-22,25.7197
1987-04-23,25.7321
1987-04-24,25.7330
1987-04-25,25.7010
1987-04-26,25.7526
1987-04-27,25.8388
1987-04-28,25.9021
1987-04-29,25.9060
1987-04-30,25.9499
1987-05-01,25.9930
1987-05-02,26.0015
1987-05-03,26.0774
1987-05-04,26.0968
1987-05-05,26.0985
1987-05-06,26.0149
1987-05-07,25.9629
1987-05-08,25.9939
1987-05-09,26.1185
1987-05-10,26.2160
1987-05-11,26.3232
1987-05-12,26.2953
1987-05-13,26.2716
1987-05-14,26.1425
1987-05-15,26.0867
1987-05-16,26.0554
1987-05-17,25.9877
1987-05-18,25.9084
1987-05-19,25.9193
1987-05-20,25.9901
1987-05-21,26.1317
1987-05-22,26.2056
1987-05-23,26.2850
1987-05-24,26.3924
1987-05-25,26.4721
1987-05-26,26.5749
1987-05-27,26.6519
1987-05-28,26.8049
1987-05-29,26.9175
1987-05-30,27.0005
1987-05-31,26.9868
1987-06-01,26.9419
1987-06-02,26.8959
1987-06-03,26.8205
1987-06-04,26.8554
1987-06-05,27.0138
1987-06-06,27.0748
1987-06-07,27.0313
1987-06-08,26.9485
1987-06-09,26.9511
1987-06-10,26.9607
1987-06-11,26.9862
1987-06-12,26.9481
1987-06-13,26.9465
1987-06-14,27.0047
1987-06-15,27.0027
1987-06-16,26.9928
1987-06-17,27.0260
1987-06-18,26.9442
1987-06-19,26.9155
1987-06-20,26.8584
1987-06-21,26.8093
1987-06-22,26.8164
1987-06-23,26.7976
1987-06-24,26.8512
1987-06-25,26.8085
1987-06-26,26.8143
1987-06-27,26.8863
1987-06-28,26.9657
1987-06-29,26.9726
1987-06-30,26.9004
1987-07-01,26.8360
1987-07-02,26.7796
1987-07-03,26.8173
1987-07-04,26.8567
1987-07-05,26.8584
1987-07-06,26.8257
1987-07-07,26.8260
1987-07-08,26.8498
1987-07-09,26.9130
1987-07-10,26.9644
1987-07-11,26.9641
1987-07-12,26.8864
1987-07-13,26.8428
1987-07-14,26.8430
1987-07-15,26.7974
1987-07-16,26.7222
1987-07-17,26.6487
1987-07-18,26.6205
1987-07-19,26.8032
1987-07-20,26.9806
1987-07-21,27.0870
1987-07-22,27.1843
1987-07-23,27.2646
1987-07-24,27.3338
1987-07-25,27.2002
1987-07-26,27.0854
1987-07-27,26.9783
1987-07-28,26.9271
1987-07-29,27.0210
1987-07-30,27.0015
1987-07-31,26.9692
1987-08-01,26.9570
1987-08-02,27.0507
1987-08-03,27.1128
1987-08-04,27.2240
1987-08-05,27.3000
1987-08-06,27.3200
1987-08-07,27.4071
1987-08-08,27.3011
1987-08-09,27.3767
1987-08-10,27.4431
1987-08-11,27.5241
1987-08-12,27.5827
1987-08-13,27.7057
1987-08-14,27.8053
1987-08-15,27.9015
1987-08-16,27.8875
1987-08-17,27.8722
1987-08-18,27.8079
1987-08-19,27.7214
1987-08-20,27.6417
1987-08-21,27.5623
1987-08-22,27.5075
1987-08-23,27.4904
1987-08-24,27.6043
1987-08-25,27.7539
1987-08-26,27.8591
1987-08-27,27.9445
1987-08-28,27.9778
1987-08-29,28.0043
1987-08-30,27.9843
1987-08-31,27.9486
1987-09-01,27.9223
1987-09-02,27.9061
1987-09-03,27.8506
1987-09-04,27.8046
1987-09-05,27.8033
1987-09-06,27.7893
1987-09-07,27.8832
1987-09-08,27.9432
1987-09-09,27.8526
1987-09-10,27.8758
1987-09-11,27.8923
1987-09-12,27.9300
1987-09-13,27.9608
1987-09-14,27.9284
1987-09-15,28.0976
1987-09-16,28.2349
1987-09-17,28.2118
1987-09-18,28.1082
1987-09-19,28.0678
1987-09-20,28.0623
1987-09-21,28.0837
1987-09-22,28.0228
1987-09-23,27.9416
1987-09-24,27.9531
1987-09-25,27.9797
1987-09-26,27.9722
1987-09-27,28.0727
1987-09-28,28.2326
1987-09-29,28.3423
1987-09-30,28.3081
1987-10-01,28.3622
1987-10-02,28.3658
1987-10-03,28.2166
1987-10-04,28.2472
1987-10-05,28.2618
1987-10-06,28.2772
1987-10-07,28.2417
1987-10-08,28.2012
1987-10-09,28.1211
1987-10-10,28.0462
1987-10-11,28.0200
1987-10-12,28.0571
1987-10-13,28.1430
1987-10-14,28.1811
1987-10-15,28.1644
1987-10-16,28.0699
1987-10-17,28.0206
1987-10-18,27.9462
1987-10-19,27.8956
1987-10-20,27.8872
1987-10-21,27.9215
1987-10-22,27.9981
1987-10-23,28.0280
1987-10-24,27.9937
1987-10-25,28.0478
1987-10-26,28.0224
1987-10-27,27.9282
1987-10-28,27.7654
1987-10-29,27.6326
1987-10-30,27.5986
1987-10-31,27.7250
1987-11-01,27.7931
1987-11-02,27.8457
1987-11-03,27.9522
1987-11-04,28.0674
1987-11-05,28.1090
1987-11-06,28.0290
1987-11-07,27.9309
1987-11-08,27.9239
1987-11-09,27.9204
1987-11-10,27.8637
1987-11-11,27.8176
1987-11-12,27.8008
1987-11-13,27.8290
1987-11-14,27.8021
1987-11-15,27.7907
1987-11-16,27.6789
1987-11-17,27.6549
1987-11-18,27.5959
1987-11-19,27.5295
1987-11-20,27.4731
1987-11-21,27.4298
1987-11-22,27.4957
1987-11-23,27.5349
1987-11-24,27.5073
1987-11-25,27.4392
1987-11-26,27.3769
1987-11-27,27.2696
1987-11-28,27.2004
1987-11-29,27.2114
1987-11-30,27.2729
1987-12-01,27.3091
1987-12-02,27.3272
1987-12-03,27.2775
1987-12-04,27.2497
1987-12-05,27.1676
1987-12-06,27.1807
1987-12-07,27.1314
1987-12-08,27.1100
1987-12-09,27.0988
1987-12-10,27.1080
1987-12-11,27.0881
1987-12-12,27.0633
1987-12-13,27.1066
1987-12-14,27.1100
1987-12-15,27.0718
1987-12-16,27.0326
1987-12-17,27.0092
1987-12-18,27.0090
1987-12-19,26.9678
1987-12-20,26.8746
1987-12-21,26.8305
1987-12-22,26.8652
1987-12-23,26.8458
1987-12-24,26.9056
1987-12-25,26.9882
1987-12-26,26.9925
1987-12-27,26.8934
1987-12-28,26.7828
1987-12-29,26.5745
1987-12-30,26.4745
1987-12-31,26.3468
1988-01-01,26.3505
1988-01-02,26.3429
1988-01-03,26.3445
1988-01-04,26.3068
1988-01-05,26.2826
1988-01-06,26.1969
1988-01-07,26.0737
1988-01-08,25.9694
1988-01-09,25.8700
1988-01-10,25.7963
1988-01-11,25.7485
1988-01-12,25.7399
1988-01-13,25.8290
1988-01-14,25.8441
1988-01-15,25.8198
1988-01-16,25.8113
1988-01-17,25.7682
1988-01-18,25.7380
1988-01-19,25.7102
1988-01-20,25.6496
1988-01-21,25.5566
1988-01-22,25.5514
1988-01-23,25.4802
1988-01-24,25.4003
1988-01-25,25.4559
1988-01-26,25.4298
1988-01-27,25.4008
1988-01-28,25.4268
1988-01-29,25.4541
1988-01-30,25.4273
1988-01-31,25.3610
1988-02-01,25.2280
1988-02-02,25.1928
1988-02-03,25.1482
1988-02-04,25.1994
1988-02-05,25.2672
1988-02-06,25.2314
1988-02-07,25.1815
1988-02-08,25.1363
1988-02-09,25.1128
1988-02-10,25.0927
1988-02-11,25.0796
1988-02-12,25.1083
1988-02-13,25.1329
1988-02-14,25.1713
1988-02-15,25.2152
1988-02-16,25.2260
1988-02-17,25.2406
1988-02-18,25.2638
1988-02-19,25.2771
1988-02-20,25.1590
1988-02-21,25.1049
1988-02-22,25.0973
1988-02-23,25.1296
1988-02-24,25.1440
1988-02-25,25.1101
1988-02-26,25.0572
1988-02-27,25.1217
1988-02-28,25.0853
1988-02-29,25.0878
1988-03-01,25.0495
1988-03-02,25.1148
1988-03-03,25.0745
1988-03-04,25.0358
1988-03-05,25.0135
1988-03-06,25.0433
1988-03-07,25.0495
1988-03-08,25.0902
1988-03-09,25.1273
1988-03-10,25.1698
1988-03-11,25.1240
1988-03-12,25.1360
1988-03-13,25.2129
1988-03-14,25.3974
1988-03-15,25.4934
1988-03-16,25.5124
1988-03-17,25.4963
1988-03-18,25.4443
1988-03-19,25.4004
1988-03-20,25.3294
1988-03-21,25.3804
1988-03-22,25.3903
1988-03-23,25.3934
1988-03-24,25.3780
1988-03-25,25.3496
1988-03-26,25.3747
1988-03-27,25.3696
1988-03-28,25.3680
1988-03-29,25.3360
1988-03-30,25.3171
1988-03-31,25.2628
1988-04-01,25.2668
1988-04-02,25.2525
1988-04-03,25.3071
1988-04-04,25.3613
1988-04-05,25.3369
1988-04-06,25.3195
1988-04-07,25.3372
1988-04-08,25.4150
1988-04-09,25.5488
1988-04-10,25.6797
1988-04-11,25.7477
1988-04-12,25.7829
1988-04-13,25.7851
1988-04-14,25.7792
1988-04-15,25.7532
1988-04-16,25.7166
1988-04-17,25.6694
1988-04-18,25.7040
1988-04-19,25.7647
1988-04-20,25.9253
1988-04-21,26.0516
1988-04-22,26.1181
1988-04-23,26.1117
1988-04-24,26.0880
1988-04-25,26.1043
1988-04-26,26.1114
1988-04-27,26.0614
1988-04-28,26.0450
1988-04-29,26.0296
1988-04-30,25.9854
1988-05-01,25.9594
1988-05-02,25.9807
1988-05-03,25.9750
1988-05-04,25.9959
1988-05-05,26.0450
1988-05-06,26.1315
1988-05-07,26.1544
1988-05-08,26.1275
1988-05-09,26.0287
1988-05-10,25.9831
1988-05-11,26.0442
1988-05-12,26.0694
1988-05-13,26.1252
1988-05-14,26.1866
1988-05-15,26.2391
1988-05-16,26.3591
1988-05-17,26.4416
1988-05-18,26.4355
1988-05-19,26.3411
1988-05-20,26.3224
1988-05-21,26.3066
1988-05-22,26.2052
1988-05-23,26.1604
1988-05-24,26.1486
1988-05-25,26.2199
1988-05-26,26.2375
1988-05-27,26.1946
1988-05-28,26.1697
1988-05-29,26.1291
1988-05-30,26.0923
1988-05-31,26.0643
1988-06-01,26.0396
1988-06-02,26.2748
1988-06-03,26.4638
1988-06-04,26.6954
1988-06-05,26.8797
1988-06-06,26.9546
1988-06-07,26.9865
1988-06-08,27.0389
1988-06-09,27.0792
1988-06-10,27.1431
1988-06-11,27.1231
1988-06-12,27.0315
1988-06-13,26.9117
1988-06-14,26.7788
1988-06-15,26.6869
1988-06-16,26.6130
1988-06-17,26.5836
1988-06-18,26.6006
1988-06-19,26.5967
1988-06-20,26.5336
1988-06-21,26.4522
1988-06-22,26.4494
1988-06-23,26.4371
1988-06-24,26.5097
1988-06-25,26.5845
1988-06-26,26.6736
1988-06-27,26.7435
1988-06-28,26.7928
1988-06-29,26.8177
1988-06-30,26.9822
1988-07-01,27.0312
1988-07-02,27.1023
1988-07-03,27.0125
1988-07-04,26.9630
1988-07-05,27.0125
1988-07-06,27.1254
1988-07-07,27.2278
1988-07-08,27.2370
1988-07-09,27.2011
1988-07-10,27.1508
1988-07-11,27.1055
1988-07-12,27.1528
1988-07-13,27.2602
1988-07-14,27.3106
1988-07-15,27.4170
1988-07-16,27.4744
1988-07-17,27.5313
1988-07-18,27.5016
1988-07-19,27.3678
1988-07-20,27.2540
1988-07-21,27.2042
1988-07-22,27.1733
1988-07-23,27.2840
1988-07-24,27.3473
1988-07-25,27.4065
1988-07-26,27.4292
1988-07-27,27.4191
1988-07-28,27.3764
1988-07-29,27.3282
1988-07-30,27.2727
1988-07-31,27.2612
1988-08-01,27.1698
1988-08-02,27.1109
1988-08-03,27.1582
1988-08-04,27.2594
1988-08-05,27.2671
1988-08-06,27.3008
1988-08-07,27.3340
1988-08-08,27.3113
1988-08-09,27.2408
1988-08-10,27.1664
1988-08-11,27.0985
1988-08-12,27.1784
1988-08-13,27.2295
1988-08-14,27.2794
1988-08-15,27.2231
1988-08-16,27.1319
1988-08-17,27.2141
1988-08-18,27.3063
1988-08-19,27.3561
1988-08-20,27.3801
1988-08-21,27.4717
1988-08-22,27.6297
1988-08-23,27.7936
1988-08-24,27.7807
1988-08-25,27.7024
1988-08-26,27.6582
1988-08-27,27.5769
1988-08-28,27.5963
1988-08-29,27.7144
1988-08-30,27.7789
1988-08-31,27.8269
1988-09-01,27.8834
1988-09-02,27.7667
1988-09-03,27.7401
1988-09-04,27.7034
1988-09-05,27.7559
1988-09-06,27.7531
1988-09-07,27.7432
1988-09-08,27.8165
1988-09-09,27.9433
1988-09-10,27.9721
1988-09-11,27.8387
1988-09-12,27.7302
1988-09-13,27.7184
1988-09-14,27.7062
1988-09-15,27.7941
1988-09-16,27.9029
1988-09-17,27.9892
1988-09-18,27.9182
1988-09-19,27.8103
1988-09-20,27.8055
1988-09-21,27.9096
1988-09-22,27.9130
1988-09-23,27.8000
1988-09-24,27.6329
1988-09-25,27.6292
1988-09-26,27.5810
1988-09-27,27.5785
1988-09-28,27.5436
1988-09-29,27.5839
1988-09-30,27.5901
1988-10-01,27.6186
1988-10-02,27.6513
1988-10-03,27.6656
1988-10-04,27.6407
1988-10-05,27.6068
1988-10-06,27.6340
1988-10-07,27.6278
1988-10-08,27.6922
1988-10-09,27.6760
1988-10-10,27.6636
1988-10-11,27.5863
1988-10-12,27.5356
1988-10-13,27.5247
1988-10-14,27.5629
1988-10-15,27.6191
1988-10-16,27.6042
1988-10-17,27.5556
1988-10-18,27.5390
1988-10-19,27.5099
1988-10-20,27.5138
1988-10-21,27.4040
1988-10-22,27.3694
1988-10-23,27.4197
1988-10-24,27.3834
1988-10-25,27.3491
1988-10-26,27.5388
1988-10-27,27.6341
1988-10-28,27.6061
1988-10-29,27.5845
1988-10-30,27.5782
1988-10-31,27.5473
1988-11-01,27.5065
1988-11-02,27.4464
1988-11-03,27.4400
1988-11-04,27.4375
1988-11-05,27.4503
1988-11-06,27.4422
1988-11-07,27.3966
1988-11-08,27.3883
1988-11-09,27.3265
1988-11-10,27.2403
1988-11-11,27.1829
1988-11-12,27.1827
1988-11-13,27.1353
1988-11-14,27.0456
1988-11-15,26.9753
1988-11-16,26.8790
1988-11-17,26.8679
1988-11-18,26.8992
1988-11-19,26.9840
1988-11-20,26.9531
1988-11-21,26.8903
1988-11-22,26.8522
1988-11-23,26.7548
1988-11-24,26.7510
1988-11-25,26.6707
1988-11-26,26.8045
1988-11-27,26.8691
1988-11-28,26.8761
1988-11-29,26.8121
1988-11-30,26.7643
1988-12-01,26.6567
1988-12-02,26.6665
1988-12-03,26.6020
1988-12-04,26.5133
1988-12-05,26.5115
1988-12-06,26.5698
1988-12-07,26.5991
1988-12-08,26.5412
1988-12-09,26.4173
1988-12-10,26.3824
1988-12-11,26.3143
1988-12-12,26.2030
1988-12-13,26.1498
1988-12-14,26.1362
1988-12-15,26.1186
1988-12-16,26.1073
1988-12-17,26.0825
1988-12-18,26.0304
1988-12-19,26.0114
1988-12-20,26.0172
1988-12-21,25.9671
1988-12-22,25.9005
1988-12-23,25.8253
1988-12-24,25.7373
1988-12-25,25.7205
1988-12-26,25.6601
1988-12-27,25.6677
1988-12-28,25.6693
1988-12-29,25.7255
1988-12-30,25.7647
1988-12-31,25.7437
1989-01-01,25.6856
1989-01-02,25.5902
1989-01-03,25.4702
1989-01-04,25.4290
1989-01-05,25.2823
1989-01-06,25.2411
1989-01-07,25.2781
1989-01-08,25.4395
1989-01-09,25.5430
1989-01-10,25.5555
1989-01-11,25.4482
1989-01-12,25.3522
1989-01-13,25.2961
1989-01-14,25.2445
1989-01-15,25.1896
1989-01-16,25.1322
1989-01-17,25.0798
1989-01-18,25.0552
1989-01-19,25.0655
1989-01-20,25.0676
1989-01-21,25.0435
1989-01-22,24.9541
1989-01-23,24.8352
1989-01-24,24.7348
1989-01-25,24.6593
1989-01-26,24.6714
1989-01-27,24.6826
1989-01-28,24.6845
1989-01-29,24.6777
1989-01-30,24.6830
1989-01-31,24.6472
1989-02-01,24.6159
1989-02-02,24.6144
1989-02-03,24.5922
1989-02-04,24.5582
1989-02-05,24.5772
1989-02-06,24.5904
1989-02-07,24.5975
1989-02-08,24.5875
1989-02-09,24.5695
1989-02-10,24.5299
1989-02-11,24.5027
1989-02-12,24.5314
1989-02-13,24.5607
1989-02-14,24.5647
1989-02-15,24.5375
1989-02-16,24.5159
1989-02-17,24.5133
1989-02-18,24.5555
1989-02-19,24.5877
1989-02-20,24.5336
1989-02-21,24.4405
1989-02-22,24.3903
1989-02-23,24.3775
1989-02-24,24.4280
1989-02-25,24.4611
1989-02-26,24.4916
1989-02-27,24.5715
1989-02-28,24.6402
1989-03-01,24.6631
1989-03-02,24.6441
1989-03-03,24.5475
1989-03-04,24.4681
1989-03-05,24.3993
1989-03-06,24.3542
1989-03-07,24.2443
1989-03-08,24.2470
1989-03-09,24.2519
1989-03-10,24.2899
1989-03-11,24.3174
1989-03-12,24.2910
1989-03-13,24.2695
1989-03-14,24.1388
1989-03-15,24.0894
1989-03-16,24.1873
1989-03-17,24.3366
1989-03-18,24.3905
1989-03-19,24.4215
1989-03-20,24.3654
1989-03-21,24.2957
1989-03-22,24.3064
1989-03-23,24.3990
1989-03-24,24.4485
1989-03-25,24.4131
1989-03-26,24.3712
1989-03-27,24.3518
1989-03-28,24.3489
1989-03-29,24.3672
1989-03-30,24.4518
1989-03-31,24.5387
1989-04-01,24.5555
1989-04-02,24.5543
1989-04-03,24.5364
1989-04-04,24.5265
1989-04-05,24.5310
1989-04-06,24.4871
1989-04-07,24.4986
1989-04-08,24.4914
1989-04-09,24.5065
1989-04-10,24.5079
1989-04-11,24.5259
1989-04-12,24.5832
1989-04-13,24.6039
1989-04-14,24.5304
1989-04-15,24.5350
1989-04-16,24.5188
1989-04-17,24.4898
1989-04-18,24.5571
1989-04-19,24.6624
1989-04-20,24.7953
1989-04-21,24.9240
1989-04-22,24.9574
1989-04-23,24.9975
1989-04-24,25.0222
1989-04-25,25.0767
1989-04-26,25.0636
1989-04-27,25.0537
1989-04-28,25.0807
1989-04-29,25.0748
1989-04-30,25.0939
1989-05-01,25.0929
1989-05-02,25.0406
1989-05-03,25.0060
1989-05-04,25.1158
1989-05-05,25.2191
1989-05-06,25.2681
1989-05-07,25.2953
1989-05-08,25.2910
1989-05-09,25.2573
1989-05-10,25.2086
1989-05-11,25.1370
1989-05-12,25.0565
1989-05-13,25.0361
1989-05-14,25.0179
1989-05-15,25.0553
1989-05-16,25.1542
1989-05-17,25.1941
1989-05-18,25.1578
1989-05-19,25.1649
1989-05-20,25.2647
1989-05-21,25.3904
1989-05-22,25.4609
1989-05-23,25.4557
1989-05-24,25.5331
1989-05-25,25.6402
1989-05-26,25.7224
1989-05-27,25.7571
1989-05-28,25.8204
1989-05-29,25.8197
1989-05-30,25.8196
1989-05-31,25.7875
1989-06-01,25.7007
1989-06-02,25.6120
1989-06-03,25.5532
1989-06-04,25.5931
1989-06-05,25.6313
1989-06-06,25.6326
1989-06-07,25.7014
1989-06-08,25.7055
1989-06-09,25.6122
1989-06-10,25.5098
1989-06-11,25.5375
1989-06-12,25.5837
1989-06-13,25.7171
1989-06-14,25.8562
1989-06-15,25.9347
1989-06-16,25.9630
1989-06-17,26.0430
1989-06-18,26.1791
1989-06-19,26.2498
1989-06-20,26.1933
1989-06-21,26.2126
1989-06-22,26.2186
1989-06-23,26.2335
1989-06-24,26.3166
1989-06-25,26.3758
1989-06-26,26.4403
1989-06-27,26.4883
1989-06-28,26.6097
1989-06-29,26.6278
1989-06-30,26.5809
1989-07-01,26.5231
1989-07-02,26.4211
1989-07-03,26.3721
1989-07-04,26.3914
1989-07-05,26.4037
1989-07-06,26.5205
1989-07-07,26.6082
1989-07-08,26.6187
1989-07-09,26.5943
1989-07-10,26.5453
1989-07-11,26.5539
1989-07-12,26.6817
1989-07-13,26.7558
1989-07-14,26.7903
1989-07-15,26.8958
1989-07-16,26.9775
1989-07-17,26.9384
1989-07-18,26.8831
1989-07-19,26.8758
1989-07-20,26.8383
1989-07-21,26.8791
1989-07-22,26.9238
1989-07-23,26.9681
1989-07-24,27.0869
1989-07-25,26.9758
1989-07-26,26.8753
1989-07-27,26.8838
1989-07-28,26.9465
1989-07-29,26.9152
1989-07-30,26.8964
1989-07-31,26.9423
1989-08-01,27.0025
1989-08-02,27.1081
1989-08-03,27.3163
1989-08-04,27.4793
1989-08-05,27.5193
1989-08-06,27.5294
1989-08-07,27.4207
1989-08-08,27.4244
1989-08-09,27.4961
1989-08-10,27.5853
1989-08-11,27.6854
1989-08-12,27.7105
1989-08-13,27.6983
1989-08-14,27.6992
1989-08-15,27.6234
1989-08-16,27.5924
1989-08-17,27.6060
1989-08-18,27.5976
1989-08-19,27.6822
1989-08-20,27.7541
1989-08-21,27.8950
1989-08-22,27.9458
1989-08-23,27.9817
1989-08-24,28.0076
1989-08-25,28.0236
1989-08-26,27.9744
1989-08-27,27.9197
1989-08-28,27.9309
1989-08-29,28.0232
1989-08-30,28.0408
1989-08-31,27.9422
1989-09-01,27.8520
1989-09-02,27.7977
1989-09-03,27.7578
1989-09-04,27.6101
1989-09-05,27.5007
1989-09-06,27.5153
1989-09-07,27.5503
1989-09-08,27.5341
1989-09-09,27.4511
1989-09-10,27.4124
1989-09-11,27.5085
1989-09-12,27.5492
1989-09-13,27.5356
1989-09-14,27.6514
1989-09-15,27.6890
1989-09-16,27.6902
1989-09-17,27.6974
1989-09-18,27.6737
1989-09-19,27.7314
1989-09-20,27.7507
1989-09-21,27.7402
1989-09-22,27.6771
1989-09-23,27.6170
1989-09-24,27.6713
1989-09-25,27.7444
1989-09-26,27.7731
1989-09-27,27.6816
1989-09-28,27.6406
1989-09-29,27.7390
1989-09-30,27.7343
1989-10-01,27.6729
1989-10-02,27.6832
1989-10-03,27.7239
1989-10-04,27.7596
1989-10-05,27.8086
1989-10-06,27.8140
1989-10-07,27.8869
1989-10-08,27.8287
1989-10-09,27.7661
1989-10-10,27.7560
1989-10-11,27.6872
1989-10-12,27.6186
1989-10-13,27.5904
1989-10-14,27.5559
1989-10-15,27.5925
1989-10-16,27.6896
1989-10-17,27.6723
1989-10-18,27.6461
1989-10-19,27.5708
1989-10-20,27.5112
1989-10-21,27.5301
1989-10-22,27.5483
1989-10-23,27.5136
1989-10-24,27.4376
1989-10-25,27.4803
1989-10-26,27.5211
1989-10-27,27.5372
1989-10-28,27.5643
1989-10-29,27.5481
1989-10-30,27.5103
1989-10-31,27.5704
1989-11-01,27.7045
1989-11-02,27.7257
1989-11-03,27.6605
1989-11-04,27.5584
1989-11-05,27.4720
1989-11-06,27.4368
1989-11-07,27.4012
1989-11-08,27.3235
1989-11-09,27.3629
1989-11-10,27.4166
1989-11-11,27.3640
1989-11-12,27.3007
1989-11-13,27.2207
1989-11-14,27.2007
1989-11-15,27.1535
1989-11-16,27.1384
1989-11-17,27.1371
1989-11-18,27.1327
1989-11-19,27.1318
1989-11-20,27.0349
1989-11-21,26.9420
1989-11-22,26.9352
1989-11-23,26.9727
1989-11-24,27.0138
1989-11-25,27.0243
1989-11-26,27.0233
1989-11-27,27.0122
1989-11-28,26.9715
1989-11-29,26.9679
1989-11-30,26.9469
1989-12-01,26.8533
1989-12-02,26.8110
1989-12-03,26.7376
1989-12-04,26.7183
1989-12-05,26.7084
1989-12-06,26.7379
1989-12-07,26.7773
1989-12-08,26.8038
1989-12-09,26.7491
1989-12-10,26.7367
1989-12-11,26.7192
1989-12-12,26.6629
1989-12-13,26.6424
1989-12-14,26.6467
1989-12-15,26.6670
1989-12-16,26.6834
1989-12-17,26.6831
1989-12-18,26.7026
1989-12-19,26.6268
1989-12-20,26.4905
1989-12-21,26.3906
1989-12-22,26.3059
1989-12-23,26.2895
1989-12-24,26.3450
1989-12-25,26.3286
1989-12-26,26.2464
1989-12-27,26.1844
1989-12-28,26.1429
1989-12-29,26.1055
1989-12-30,26.1017
1989-12-31,26.0420
1990-01-01,25.9497
1990-01-02,25.8882
1990-01-03,25.8691
1990-01-04,25.8556
1990-01-05,25.7918
1990-01-06,25.6924
1990-01-07,25.6122
1990-01-08,25.5857
1990-01-09,25.5603
1990-01-10,25.5232
1990-01-11,25.4804
1990-01-12,25.4103
1990-01-13,25.4012
1990-01-14,25.3899
1990-01-15,25.3743
1990-01-16,25.3356
1990-01-17,25.3305
1990-01-18,25.3353
1990-01-19,25.3279
1990-01-20,25.2452
1990-01-21,25.1779
1990-01-22,25.0974
1990-01-23,25.0758
1990-01-24,25.0671
1990-01-25,25.0865
1990-01-26,25.1156
1990-01-27,25.1421
1990-01-28,25.1743
1990-01-29,25.2472
1990-01-30,25.2253
1990-01-31,25.0936
1990-02-01,25.0168
1990-02-02,24.9440
1990-02-03,24.8757
1990-02-04,24.8603
1990-02-05,24.8544
1990-02-06,24.9104
1990-02-07,24.9278
1990-02-08,24.9170
1990-02-09,24.8861
1990-02-10,24.7731
1990-02-11,24.7359
1990-02-12,24.7063
1990-02-13,24.7790
1990-02-14,24.9340
1990-02-15,25.1425
1990-02-16,25.1375
1990-02-17,25.0619
1990-02-18,25.0599
1990-02-19,25.0455
1990-02-20,25.0400
1990-02-21,25.0366
1990-02-22,24.9866
1990-02-23,24.9743
1990-02-24,24.9707
1990-02-25,24.9408
1990-02-26,24.8150
1990-02-27,24.7531
1990-02-28,24.8067
1990-03-01,24.9294
1990-03-02,24.9605
1990-03-03,24.9465
1990-03-04,24.9451
1990-03-05,24.9613
1990-03-06,25.0380
1990-03-07,25.1094
1990-03-08,25.1135
1990-03-09,25.1006
1990-03-10,25.0502
1990-03-11,25.0214
1990-03-12,24.9429
1990-03-13,24.8179
1990-03-14,24.6891
1990-03-15,24.6416
1990-03-16,24.6710
1990-03-17,24.8507
1990-03-18,24.9360
1990-03-19,24.9288
1990-03-20,24.9610
1990-03-21,25.0278
1990-03-22,25.0156
1990-03-23,24.9967
1990-03-24,24.9391
1990-03-25,24.8914
1990-03-26,24.9329
1990-03-27,24.9705
1990-03-28,24.9770
1990-03-29,24.9562
1990-03-30,25.0685
1990-03-31,25.2246
1990-04-01,25.2778
1990-04-02,25.2667
1990-04-03,25.1924
1990-04-04,25.2562
1990-04-05,25.2982
1990-04-06,25.3878
1990-04-07,25.5293
1990-04-08,25.6250
1990-04-09,25.6861
1990-04-10,25.7470
1990-04-11,25.7442
1990-04-12,25.6801
1990-04-13,25.5541
1990-04-14,25.5215
1990-04-15,25.5024
1990-04-16,25.6024
1990-04-17,25.6575
1990-04-18,25.6571
1990-04-19,25.6383
1990-04-20,25.5257
1990-04-21,25.5056
1990-04-22,25.4992
1990-04-23,25.5633
1990-04-24,25.5766
1990-04-25,25.6180
1990-04-26,25.6495
1990-04-27,25.6832
1990-04-28,25.7542
1990-04-29,25.8538
1990-04-30,25.9428
1990-05-01,26.0025
1990-05-02,25.9353
1990-05-03,25.8500
1990-05-04,25.7771
1990-05-05,25.7302
1990-05-06,25.7277
1990-05-07,25.7107
1990-05-08,25.7702
1990-05-09,25.8590
1990-05-10,25.9449
1990-05-11,26.0371
1990-05-12,26.1623
1990-05-13,26.2478
1990-05-14,26.2012
1990-05-15,26.1633
1990-05-16,26.0570
1990-05-17,25.9391
1990-05-18,25.9413
1990-05-19,25.9840
1990-05-20,26.0726
1990-05-21,26.1041
1990-05-22,26.1874
1990-05-23,26.1915
1990-05-24,26.2168
1990-05-25,26.2634
1990-05-26,26.4089
1990-05-27,26.4991
1990-05-28,26.4751
1990-05-29,26.4878
1990-05-30,26.4072
1990-05-31,26.4255
1990-06-01,26.4579
1990-06-02,26.5677
1990-06-03,26.5354
1990-06-04,26.4086
1990-06-05,26.3282
1990-06-06,26.2541
1990-06-07,26.1911
1990-06-08,26.1697
1990-06-09,26.1343
1990-06-10,26.1086
1990-06-11,26.1528
1990-06-12,26.2055
1990-06-13,26.2910
1990-06-14,26.3800
1990-06-15,26.3780
1990-06-16,26.2997
1990-06-17,26.3569
1990-06-18,26.2181
1990-06-19,26.0955
1990-06-20,26.0717
1990-06-21,26.1773
1990-06-22,26.2297
1990-06-23,26.2372
1990-06-24,26.2287
1990-06-25,26.2387
1990-06-26,26.2196
1990-06-27,26.1866
1990-06-28,26.2029
1990-06-29,26.1347
1990-06-30,26.2556
1990-07-01,26.4026
1990-07-02,26.4620
1990-07-03,26.5156
1990-07-04,26.6219
1990-07-05,26.6932
1990-07-06,26.7474
1990-07-07,26.7734
1990-07-08,26.7582
1990-07-09,26.7797
1990-07-10,26.7945
1990-07-11,26.7561
1990-07-12,26.7460
1990-07-13,26.6612
1990-07-14,26.6422
1990-07-15,26.8195
1990-07-16,26.8736
1990-07-17,26.9609
1990-07-18,27.0107
1990-07-19,27.0102
1990-07-20,26.9496
1990-07-21,26.9434
1990-07-22,26.9697
1990-07-23,26.9208
1990-07-24,26.8480
1990-07-25,26.8246
1990-07-26,26.8756
1990-07-27,27.0186
1990-07-28,27.0246
1990-07-29,27.0759
1990-07-30,27.0969
1990-07-31,27.1414
1990-08-01,27.1920
1990-08-02,27.1663
1990-08-03,27.1877
1990-08-04,27.2799
1990-08-05,27.3802
1990-08-06,27.4020
1990-08-07,27.3357
1990-08-08,27.3199
1990-08-09,27.3969
1990-08-10,27.4603
1990-08-11,27.4923
1990-08-12,27.5756
1990-08-13,27.6123
1990-08-14,27.6998
1990-08-15,27.6525
1990-08-16,27.5923
1990-08-17,27.5112
1990-08-18,27.4696
1990-08-19,27.5311
1990-08-20,27.5139
1990-08-21,27.5595
1990-08-22,27.6150
1990-08-23,27.5955
1990-08-24,27.5944
1990-08-25,27.5894
1990-08-26,27.5388
1990-08-27,27.4981
1990-08-28,27.5991
1990-08-29,27.5230
1990-08-30,27.4702
1990-08-31,27.5112
1990-09-01,27.5881
1990-09-02,27.7684
1990-09-03,27.8055
1990-09-04,27.7901
1990-09-05,27.8092
1990-09-06,27.9140
1990-09-07,27.9962
1990-09-08,27.9650
1990-09-09,27.9667
1990-09-10,27.9090
1990-09-11,27.9537
1990-09-12,28.0014
1990-09-13,27.9855
1990-09-14,28.0504
1990-09-15,28.0628
1990-09-16,28.1030
1990-09-17,28.1317
1990-09-18,28.1190
1990-09-19,28.1398
1990-09-20,28.1377
1990-09-21,28.1336
1990-09-22,28.0859
1990-09-23,28.1438
1990-09-24,28.2519
1990-09-25,28.3308
1990-09-26,28.3990
1990-09-27,28.5132
1990-09-28,28.5181
1990-09-29,28.4091
1990-09-30,28.1974
1990-10-01,28.0504
1990-10-02,28.1056
1990-10-03,28.1558
1990-10-04,28.1742
1990-10-05,28.1875
1990-10-06,28.1793
1990-10-07,28.1701
1990-10-08,28.1630
1990-10-09,28.1788
1990-10-10,28.1326
1990-10-11,28.1031
1990-10-12,28.1202
1990-10-13,28.2999
1990-10-14,28.3454
1990-10-15,28.2650
1990-10-16,28.1249
1990-10-17,28.0107
1990-10-18,27.9251
1990-10-19,27.9609
1990-10-20,27.9595
1990-10-21,27.9521
1990-10-22,27.9996
1990-10-23,28.1541
1990-10-24,28.2042
1990-10-25,28.1378
1990-10-26,28.0587
1990-10-27,27.9443
1990-10-28,27.8138
1990-10-29,27.7679
1990-10-30,27.7609
1990-10-31,27.7770
1990-11-01,27.7663
1990-11-02,27.7457
1990-11-03,27.7572
1990-11-04,27.8067
1990-11-05,27.8238
1990-11-06,27.8742
1990-11-07,27.8617
1990-11-08,27.8173
1990-11-09,27.7900
1990-11-10,27.6556
1990-11-11,27.5301
1990-11-12,27.4969
1990-11-13,27.5088
1990-11-14,27.5597
1990-11-15,27.5952
1990-11-16,27.5923
1990-11-17,27.5527
1990-11-18,27.5117
1990-11-19,27.4969
1990-11-20,27.3426
1990-11-21,27.1895
1990-11-22,27.1292
1990-11-23,27.1274
1990-11-24,27.0501
1990-11-25,27.0465
1990-11-26,27.0386
1990-11-27,26.9936
1990-11-28,26.9119
1990-11-29,26.8130
1990-11-30,26.8142
1990-12-01,26.8918
1990-12-02,26.8440
1990-12-03,26.7683
1990-12-04,26.6999
1990-12-05,26.6253
1990-12-06,26.6283
1990-12-07,26.7195
1990-12-08,26.7950
1990-12-09,26.7064
1990-12-10,26.5710
1990-12-11,26.5571
1990-12-12,26.5355
1990-12-13,26.5111
1990-12-14,26.5168
1990-12-15,26.5428
1990-12-16,26.5259
1990-12-17,26.5151
1990-12-18,26.4902
1990-12-19,26.4672
1990-12-20,26.4364
1990-12-21,26.3808
1990-12-22,26.3185
1990-12-23,26.2664
1990-12-24,26.1979
1990-12-25,26.1231
1990-12-26,26.0505
1990-12-27,25.9808
1990-12-28,25.9735
1990-12-29,25.9477
1990-12-30,25.9139
1990-12-31,25.8759
1991-01-01,25.8518
1991-01-02,25.7161
1991-01-03,25.6289
1991-01-04,25.5767
1991-01-05,25.6054
1991-01-06,25.6132
1991-01-07,25.5574
1991-01-08,25.5893
1991-01-09,25.5915
1991-01-10,25.6046
1991-01-11,25.6257
1991-01-12,25.5971
1991-01-13,25.4890
1991-01-14,25.3630
1991-01-15,25.2947
1991-01-16,25.3009
1991-01-17,25.2829
1991-01-18,25.3005
1991-01-19,25.2624
1991-01-20,25.2753
1991-01-21,25.2839
1991-01-22,25.2662
1991-01-23,25.2277
1991-01-24,25.2122
1991-01-25,25.1797
1991-01-26,25.1775
1991-01-27,25.1317
1991-01-28,25.0799
1991-01-29,25.0820
1991-01-30,25.0887
1991-01-31,25.0619
1991-02-01,25.0223
1991-02-02,24.9625
1991-02-03,24.9743
1991-02-04,24.9851
1991-02-05,24.9654
1991-02-06,24.9076
1991-02-07,24.9027
1991-02-08,24.9332
1991-02-09,24.9297
1991-02-10,24.9262
1991-02-11,24.8991
1991-02-12,24.8820
1991-02-13,24.8466
1991-02-14,24.8567
1991-02-15,24.8459
1991-02-16,24.8090
1991-02-17,24.8196
1991-02-18,24.7921
1991-02-19,24.8080
1991-02-20,24.8535
1991-02-21,24.8910
1991-02-22,24.8626
1991-02-23,24.8129
1991-02-24,24.7822
1991-02-25,24.7241
1991-02-26,24.6763
1991-02-27,24.7019
1991-02-28,24.6896
1991-03-01,24.6851
1991-03-02,24.7177
1991-03-03,24.7705
1991-03-04,24.7321
1991-03-05,24.7047
1991-03-06,24.6598
1991-03-07,24.6887
1991-03-08,24.7599
1991-03-09,24.8406
1991-03-10,24.8457
1991-03-11,24.7812
1991-03-12,24.7653
1991-03-13,24.7873
1991-03-14,24.7855
1991-03-15,24.8315
1991-03-16,24.8713
1991-03-17,24.9377
1991-03-18,24.9279
1991-03-19,24.8911
1991-03-20,24.8746
1991-03-21,24.8230
1991-03-22,24.7288
1991-03-23,24.6860
1991-03-24,24.6513
1991-03-25,24.6229
1991-03-26,24.6764
1991-03-27,24.7982
1991-03-28,24.8380
1991-03-29,24.9109
1991-03-30,24.9151
1991-03-31,24.8700
1991-04-01,24.8210
1991-04-02,24.8470
1991-04-03,24.8947
1991-04-04,24.9482
1991-04-05,24.9856
1991-04-06,24.9458
1991-04-07,24.9597
1991-04-08,24.9474
1991-04-09,24.9437
1991-04-10,24.9713
1991-04-11,25.0363
1991-04-12,25.0989
1991-04-13,25.0733
1991-04-14,25.1069
1991-04-15,25.0784
1991-04-16,25.0467
1991-04-17,24.9889
1991-04-18,25.0322
1991-04-19,25.1180
1991-04-20,25.1511
1991-04-21,25.0604
1991-04-22,25.1415
1991-04-23,25.2681
1991-04-24,25.2479
1991-04-25,25.1773
1991-04-26,25.0743
1991-04-27,25.0767
1991-04-28,25.1532
1991-04-29,25.2943
1991-04-30,25.4561
1991-05-01,25.4924
1991-05-02,25.4980
1991-05-03,25.4992
1991-05-04,25.4970
1991-05-05,25.5591
1991-05-06,25.5746
1991-05-07,25.6098
1991-05-08,25.6173
1991-05-09,25.6571
1991-05-10,25.6517
1991-05-11,25.6270
1991-05-12,25.5920
1991-05-13,25.5742
1991-05-14,25.6008
1991-05-15,25.5221
1991-05-16,25.5180
1991-05-17,25.5760
1991-05-18,25.5453
1991-05-19,25.5195
1991-05-20,25.5571
1991-05-21,25.5515
1991-05-22,25.5961
1991-05-23,25.6302
1991-05-24,25.6263
1991-05-25,25.7190
1991-05-26,25.7817
1991-05-27,25.7739
1991-05-28,25.8279
1991-05-29,25.8752
1991-05-30,25.8566
1991-05-31,25.8588
1991-06-01,25.9227
1991-06-02,25.9950
1991-06-03,26.0430
1991-06-04,26.0338
1991-06-05,26.0910
1991-06-06,26.0749
1991-06-07,26.0485
1991-06-08,26.0331
1991-06-09,26.0407
1991-06-10,25.9789
1991-06-11,25.9275
1991-06-12,25.7825
1991-06-13,25.7062
1991-06-14,25.6733
1991-06-15,25.7033
1991-06-16,25.7930
1991-06-17,25.9047
1991-06-18,26.0073
1991-06-19,26.1578
1991-06-20,26.1781
1991-06-21,26.1634
1991-06-22,26.1876
1991-06-23,26.1995
1991-06-24,26.2516
1991-06-25,26.1962
1991-06-26,26.1144
1991-06-27,26.0454
1991-06-28,25.9438
1991-06-29,25.8892
1991-06-30,25.9344
1991-07-01,25.9662
1991-07-02,25.9652
1991-07-03,26.0063
1991-07-04,26.0605
1991-07-05,26.1594
1991-07-06,26.2087
1991-07-07,26.2570
1991-07-08,26.2957
1991-07-09,26.4026
1991-07-10,26.4280
1991-07-11,26.4184
1991-07-12,26.3895
1991-07-13,26.4113
1991-07-14,26.3811
1991-07-15,26.3649
1991-07-16,26.3373
1991-07-17,26.3258
1991-07-18,26.2134
1991-07-19,26.1958
1991-07-20,26.2182
1991-07-21,26.2117
1991-07-22,26.3636
1991-07-23,26.4579
1991-07-24,26.4436
1991-07-25,26.4148
1991-07-26,26.3827
1991-07-27,26.4014
1991-07-28,26.5264
1991-07-29,26.6173
1991-07-30,26.6787
1991-07-31,26.6586
1991-08-01,26.6558
1991-08-02,26.6288
1991-08-03,26.5347
1991-08-04,26.5463
1991-08-05,26.5513
1991-08-06,26.5540
1991-08-07,26.5640
1991-08-08,26.5395
1991-08-09,26.5270
1991-08-10,26.6518
1991-08-11,26.7850
1991-08-12,26.8892
1991-08-13,27.0254
1991-08-14,27.1662
1991-08-15,27.2290
1991-08-16,27.2792
1991-08-17,27.2744
1991-08-18,27.1322
1991-08-19,26.9318
1991-08-20,26.8959
1991-08-21,26.8932
1991-08-22,26.9466
1991-08-23,27.0530
1991-08-24,27.0802
1991-08-25,27.1282
1991-08-26,27.1999
1991-08-27,27.2657
1991-08-28,27.2736
1991-08-29,27.1303
1991-08-30,27.0860
1991-08-31,27.0929
1991-09-01,27.2814
1991-09-02,27.3764
1991-09-03,27.4124
1991-09-04,27.4286
1991-09-05,27.4859
1991-09-06,27.5280
1991-09-07,27.6106
1991-09-08,27.6382
1991-09-09,27.6156
1991-09-10,27.6178
1991-09-11,27.5266
1991-09-12,27.5486
1991-09-13,27.5278
1991-09-14,27.5097
1991-09-15,27.5801
1991-09-16,27.6003
1991-09-17,27.5961
1991-09-18,27.6109
1991-09-19,27.5904
1991-09-20,27.4957
1991-09-21,27.4956
1991-09-22,27.5028
1991-09-23,27.5596
1991-09-24,27.5793
1991-09-25,27.5717
1991-09-26,27.5776
1991-09-27,27.5499
1991-09-28,27.5582
1991-09-29,27.5799
1991-09-30,27.5617
1991-10-01,27.6205
1991-10-02,27.5902
1991-10-03,27.6034
1991-10-04,27.5798
1991-10-05,27.5620
1991-10-06,27.4907
1991-10-07,27.3968
1991-10-08,27.3244
1991-10-09,27.3798
1991-10-10,27.4953
1991-10-11,27.5686
1991-10-12,27.7050
1991-10-13,27.7574
1991-10-14,27.6450
1991-10-15,27.4186
1991-10-16,27.3714
1991-10-17,27.4433
1991-10-18,27.5520
1991-10-19,27.6190
1991-10-20,27.6934
1991-10-21,27.7062
1991-10-22,27.6590
1991-10-23,27.5834
1991-10-24,27.5651
1991-10-25,27.5840
1991-10-26,27.5548
1991-10-27,27.4519
1991-10-28,27.3463
1991-10-29,27.3110
1991-10-30,27.2958
1991-10-31,27.3155
1991-11-01,27.2997
1991-11-02,27.2527
1991-11-03,27.2087
1991-11-04,27.2715
1991-11-05,27.3328
1991-11-06,27.3140
1991-11-07,27.3322
1991-11-08,27.3375
1991-11-09,27.2688
1991-11-10,27.1952
1991-11-11,27.1727
1991-11-12,27.0689
1991-11-13,27.0021
1991-11-14,26.9744
1991-11-15,26.9025
1991-11-16,26.8384
1991-11-17,26.7322
1991-11-18,26.6817
1991-11-19,26.6618
1991-11-20,26.6504
1991-11-21,26.6821
1991-11-22,26.7322
1991-11-23,26.7479
1991-11-24,26.7466
1991-11-25,26.7387
1991-11-26,26.7155
1991-11-27,26.6907
1991-11-28,26.6719
1991-11-29,26.6020
1991-11-30,26.6542
1991-12-01,26.7354
1991-12-02,26.6599
1991-12-03,26.5427
1991-12-04,26.5319
1991-12-05,26.6107
1991-12-06,26.6461
1991-12-07,26.6163
1991-12-08,26.5181
1991-12-09,26.4675
1991-12-10,26.4947
1991-12-11,26.4864
1991-12-12,26.4752
1991-12-13,26.3842
1991-12-14,26.3491
1991-12-15,26.2741
1991-12-16,26.1013
1991-12-17,26.0545
1991-12-18,25.9730
1991-12-19,25.9169
1991-12-20,25.8278
1991-12-21,25.7307
1991-12-22,25.6831
1991-12-23,25.6980
1991-12-24,25.6850
1991-12-25,25.7032
1991-12-26,25.8062
1991-12-27,25.8048
1991-12-28,25.7712
1991-12-29,25.6783
1991-12-30,25.5425
1991-12-31,25.5015
1992-01-01,25.5164
1992-01-02,25.4816
1992-01-03,25.4919
1992-01-04,25.4770
1992-01-05,25.4814
1992-01-06,25.4984
1992-01-07,25.5208
1992-01-08,25.5103
1992-01-09,25.5865
1992-01-10,25.5676
1992-01-11,25.5611
1992-01-12,25.5361
1992-01-13,25.4972
1992-01-14,25.4584
1992-01-15,25.4709
1992-01-16,25.4411
1992-01-17,25.3980
1992-01-18,25.3703
1992-01-19,25.3189
1992-01-20,25.1961
1992-01-21,25.1442
1992-01-22,25.1514
1992-01-23,25.2069
1992-01-24,25.2111
1992-01-25,25.1772
1992-01-26,25.1356
1992-01-27,25.1260
1992-01-28,25.1533
1992-01-29,25.1406
1992-01-30,25.0857
1992-01-31,25.0512
1992-02-01,25.0427
1992-02-02,25.0896
1992-02-03,25.0989
1992-02-04,25.0345
1992-02-05,25.0230
1992-02-06,24.9598
1992-02-07,24.9979
1992-02-08,24.9937
1992-02-09,24.9677
1992-02-10,24.9866
1992-02-11,24.9659
1992-02-12,24.8933
1992-02-13,24.8724
1992-02-14,24.9023
1992-02-15,24.9152
1992-02-16,24.8501
1992-02-17,24.8251
1992-02-18,24.8189
1992-02-19,24.8148
1992-02-20,24.8116
1992-02-21,24.8618
1992-02-22,24.8497
1992-02-23,24.8543
1992-02-24,24.8579
1992-02-25,24.7985
1992-02-26,24.7782
1992-02-27,24.7457
1992-02-28,24.7392
1992-02-29,24.7735
1992-03-01,24.8052
1992-03-02,24.8281
1992-03-03,24.8189
1992-03-04,24.8323
1992-03-05,24.8186
1992-03-06,24.7727
1992-03-07,24.7647
1992-03-08,24.7665
1992-03-09,24.7585
1992-03-10,24.7587
1992-03-11,24.8045
1992-03-12,24.8749
1992-03-13,24.9251
1992-03-14,24.9045
1992-03-15,24.9294
1992-03-16,24.9858
1992-03-17,25.0261
1992-03-18,25.0061
1992-03-19,25.0423
1992-03-20,25.1750
1992-03-21,25.2661
1992-03-22,25.2433
1992-03-23,25.1657
1992-03-24,25.0616
1992-03-25,25.0302
1992-03-26,25.0509
1992-03-27,24.9976
1992-03-28,24.9622
1992-03-29,24.9883
1992-03-30,24.9702
1992-03-31,24.8994
1992-04-01,24.9196
1992-04-02,24.9567
1992-04-03,24.9865
1992-04-04,24.9770
1992-04-05,24.9832
1992-04-06,25.0221
1992-04-07,25.0410
1992-04-08,25.0509
1992-04-09,25.0876
1992-04-10,25.1499
1992-04-11,25.1637
1992-04-12,25.2054
1992-04-13,25.2363
1992-04-14,25.3703
1992-04-15,25.4498
1992-04-16,25.4137
1992-04-17,25.4173
1992-04-18,25.5409
1992-04-19,25.5930
1992-04-20,25.6576
1992-04-21,25.5655
1992-04-22,25.4676
1992-04-23,25.4206
1992-04-24,25.3741
1992-04-25,25.3894
1992-04-26,25.4424
1992-04-27,25.4113
1992-04-28,25.4501
1992-04-29,25.4223
1992-04-30,25.3761
1992-05-01,25.4326
1992-05-02,25.4951
1992-05-03,25.5803
1992-05-04,25.6273
1992-05-05,25.7037
1992-05-06,25.6700
1992-05-07,25.5868
1992-05-08,25.4112
1992-05-09,25.3130
1992-05-10,25.3466
1992-05-11,25.3742
1992-05-12,25.3796
1992-05-13,25.4923
1992-05-14,25.6633
1992-05-15,25.7353
1992-05-16,25.7155
1992-05-17,25.8132
1992-05-18,25.8397
1992-05-19,25.8871
1992-05-20,25.9022
1992-05-21,25.9511
1992-05-22,25.9406
1992-05-23,25.9782
1992-05-24,26.0267
1992-05-25,26.1627
1992-05-26,26.1914
1992-05-27,26.2398
1992-05-28,26.2608
1992-05-29,26.2390
1992-05-30,26.1671
1992-05-31,26.1804
1992-06-01,26.1629
1992-06-02,26.1089
1992-06-03,26.1469
1992-06-04,26.1046
1992-06-05,26.0278
1992-06-06,26.0287
1992-06-07,25.9803
1992-06-08,25.9427
1992-06-09,25.9393
1992-06-10,26.0205
1992-06-11,26.0740
1992-06-12,26.0929
1992-06-13,26.1463
1992-06-14,26.1219
1992-06-15,26.0873
1992-06-16,26.1069
1992-06-17,26.1822
1992-06-18,26.2311
1992-06-19,26.1827
1992-06-20,26.1803
1992-06-21,26.1524
1992-06-22,26.1546
1992-06-23,26.1587
1992-06-24,26.2056
1992-06-25,26.2253
1992-06-26,26.2073
1992-06-27,26.1492
1992-06-28,26.0971
1992-06-29,26.1115
1992-06-30,26.1116
1992-07-01,26.0851
1992-07-02,26.2325
1992-07-03,26.3456
1992-07-04,26.4978
1992-07-05,26.6110
1992-07-06,26.6571
1992-07-07,26.5464
1992-07-08,26.4707
1992-07-09,26.3947
1992-07-10,26.3479
1992-07-11,26.2576
1992-07-12,26.2199
1992-07-13,26.3065
1992-07-14,26.4909
1992-07-15,26.6367
1992-07-16,26.6945
1992-07-17,26.7867
1992-07-18,26.8705
1992-07-19,26.9511
1992-07-20,26.9284
1992-07-21,26.9294
1992-07-22,26.9246
1992-07-23,26.8541
1992-07-24,26.8336
1992-07-25,26.8481
1992-07-26,26.8146
1992-07-27,26.7695
1992-07-28,26.7267
1992-07-29,26.7917
1992-07-30,26.8047
1992-07-31,26.8179
1992-08-01,26.8404
1992-08-02,26.9866
1992-08-03,27.1003
1992-08-04,27.1460
1992-08-05,27.1605
1992-08-06,27.0991
1992-08-07,27.0042
1992-08-08,26.9669
1992-08-09,26.9301
1992-08-10,26.9028
1992-08-11,26.9917
1992-08-12,27.1080
1992-08-13,27.1276
1992-08-14,27.1502
1992-08-15,27.1276
1992-08-16,27.1085
1992-08-17,27.1627
1992-08-18,27.2264
1992-08-19,27.3350
1992-08-20,27.4163
1992-08-21,27.4547
1992-08-22,27.3971
1992-08-23,27.3020
1992-08-24,27.1539
1992-08-25,27.2264
1992-08-26,27.3484
1992-08-27,27.4926
1992-08-28,27.4991
1992-08-29,27.5256
1992-08-30,27.4101
1992-08-31,27.3102
1992-09-01,27.3359
1992-09-02,27.3419
1992-09-03,27.3437
1992-09-04,27.3964
1992-09-05,27.4651
1992-09-06,27.4816
1992-09-07,27.4641
1992-09-08,27.4237
1992-09-09,27.3951
1992-09-10,27.4502
1992-09-11,27.4868
1992-09-12,27.5231
1992-09-13,27.6086
1992-09-14,27.6629
1992-09-15,27.6476
1992-09-16,27.5954
1992-09-17,27.5470
1992-09-18,27.5428
1992-09-19,27.5658
1992-09-20,27.6574
1992-09-21,27.6950
1992-09-22,27.6812
1992-09-23,27.6115
1992-09-24,27.5811
1992-09-25,27.6211
1992-09-26,27.6253
1992-09-27,27.5592
1992-09-28,27.5929
1992-09-29,27.5486
1992-09-30,27.5270
1992-10-01,27.4888
1992-10-02,27.4433
1992-10-03,27.4050
1992-10-04,27.4666
1992-10-05,27.5446
1992-10-06,27.6938
1992-10-07,27.8082
1992-10-08,27.8229
1992-10-09,27.7937
1992-10-10,27.7277
1992-10-11,27.6566
1992-10-12,27.5926
1992-10-13,27.5274
1992-10-14,27.5103
1992-10-15,27.4918
1992-10-16,27.5021
1992-10-17,27.5737
1992-10-18,27.6347
1992-10-19,27.6801
1992-10-20,27.7181
1992-10-21,27.6307
1992-10-22,27.5868
1992-10-23,27.4767
1992-10-24,27.4512
1992-10-25,27.5492
1992-10-26,27.5109
1992-10-27,27.5176
1992-10-28,27.5346
1992-10-29,27.4641
1992-10-30,27.4042
1992-10-31,27.3865
1992-11-01,27.3450
1992-11-02,27.3607
1992-11-03,27.3368
1992-11-04,27.2795
1992-11-05,27.2456
1992-11-06,27.2097
1992-11-07,27.0430
1992-11-08,27.0224
1992-11-09,27.1380
1992-11-10,27.2475
1992-11-11,27.2517
1992-11-12,27.2016
1992-11-13,27.1782
1992-11-14,27.1412
1992-11-15,27.1430
1992-11-16,27.1110
1992-11-17,27.0388
1992-11-18,27.1077
1992-11-19,27.1302
1992-11-20,27.0170
1992-11-21,27.0184
1992-11-22,26.9889
1992-11-23,26.9314
1992-11-24,26.9189
1992-11-25,26.8972
1992-11-26,26.7900
1992-11-27,26.7701
1992-11-28,26.7375
1992-11-29,26.7548
1992-11-30,26.7931
1992-12-01,26.7757
1992-12-02,26.7176
1992-12-03,26.6918
1992-12-04,26.6817
1992-12-05,26.6307
1992-12-06,26.4978
1992-12-07,26.4761
1992-12-08,26.4085
1992-12-09,26.3485
1992-12-10,26.3359
1992-12-11,26.2793
1992-12-12,26.2507
1992-12-13,26.2491
1992-12-14,26.2782
1992-12-15,26.2121
1992-12-16,26.1367
1992-12-17,26.1174
1992-12-18,26.1547
1992-12-19,26.1038
1992-12-20,26.0494
1992-12-21,25.9929
1992-12-22,25.9495
1992-12-23,26.0188
1992-12-24,25.9860
1992-12-25,25.8849
1992-12-26,25.8456
1992-12-27,25.8909
1992-12-28,25.9071
1992-12-29,25.8710
1992-12-30,25.8785
1992-12-31,25.8491
1993-01-01,25.7707
1993-01-02,25.7031
1993-01-03,25.7040
1993-01-04,25.7264
1993-01-05,25.7172
1993-01-06,25.6615
1993-01-07,25.6243
1993-01-08,25.5857
1993-01-09,25.4838
1993-01-10,25.3470
1993-01-11,25.2243
1993-01-12,25.2196
1993-01-13,25.2804
1993-01-14,25.3955
1993-01-15,25.4137
1993-01-16,25.3465
1993-01-17,25.3286
1993-01-18,25.3893
1993-01-19,25.4758
1993-01-20,25.5051
1993-01-21,25.3864
1993-01-22,25.3155
1993-01-23,25.2468
1993-01-24,25.1967
1993-01-25,25.1850
1993-01-26,25.1600
1993-01-27,25.0686
1993-01-28,24.9934
1993-01-29,25.0901
1993-01-30,25.1551
1993-01-31,25.1848
1993-02-01,25.1814
1993-02-02,25.1932
1993-02-03,25.1715
1993-02-04,25.1057
1993-02-05,25.0429
1993-02-06,24.9571
1993-02-07,25.0138
1993-02-08,25.0743
1993-02-09,25.0551
1993-02-10,25.0817
1993-02-11,25.1064
1993-02-12,25.0080
1993-02-13,24.8309
1993-02-14,24.7257
1993-02-15,24.6822
1993-02-16,24.7076
1993-02-17,24.7939
1993-02-18,24.8835
1993-02-19,25.0003
1993-02-20,25.0239
1993-02-21,24.9608
1993-02-22,24.9102
1993-02-23,24.9331
1993-02-24,24.9532
1993-02-25,24.9014
1993-02-26,24.8246
1993-02-27,24.7782
1993-02-28,24.8152
1993-03-01,24.8526
1993-03-02,24.8666
1993-03-03,24.9417
1993-03-04,25.0299
1993-03-05,25.0536
1993-03-06,24.9998
1993-03-07,24.8853
1993-03-08,24.8543
1993-03-09,24.8686
1993-03-10,24.9559
1993-03-11,25.0097
1993-03-12,24.9913
1993-03-13,24.9772
1993-03-14,24.9658
1993-03-15,24.9642
1993-03-16,25.0041
1993-03-17,25.0150
1993-03-18,25.0037
1993-03-19,24.9426
1993-03-20,24.8519
1993-03-21,24.8287
1993-03-22,24.8015
1993-03-23,24.7455
1993-03-24,24.6702
1993-03-25,24.5521
1993-03-26,24.5150
1993-03-27,24.7132
1993-03-28,24.8536
1993-03-29,24.9563
1993-03-30,25.0349
1993-03-31,25.0613
1993-04-01,25.0025
1993-04-02,25.0124
1993-04-03,25.0440
1993-04-04,25.1168
1993-04-05,25.1467
1993-04-06,25.1662
1993-04-07,25.1798
1993-04-08,25.1238
1993-04-09,25.1491
1993-04-10,25.2334
1993-04-11,25.2673
1993-04-12,25.2786
1993-04-13,25.3043
1993-04-14,25.4264
1993-04-15,25.5607
1993-04-16,25.7022
1993-04-17,25.7810
1993-04-18,25.8035
1993-04-19,25.7914
1993-04-20,25.7598
1993-04-21,25.7467
1993-04-22,25.7229
1993-04-23,25.7239
1993-04-24,25.7009
1993-04-25,25.6437
1993-04-26,25.6283
1993-04-27,25.5805
1993-04-28,25.5613
1993-04-29,25.6291
1993-04-30,25.6702
1993-05-01,25.7258
1993-05-02,25.7666
1993-05-03,25.7518
1993-05-04,25.6761
1993-05-05,25.6195
1993-05-06,25.5763
1993-05-07,25.5612
1993-05-08,25.5802
1993-05-09,25.6507
1993-05-10,25.7716
1993-05-11,25.8617
1993-05-12,25.9325
1993-05-13,25.9346
1993-05-14,25.9232
1993-05-15,26.0232
1993-05-16,26.1572
1993-05-17,26.2150
1993-05-18,26.2116
1993-05-19,26.1963
1993-05-20,26.1800
1993-05-21,26.1876
1993-05-22,26.1953
1993-05-23,26.2234
1993-05-24,26.2600
1993-05-25,26.2834
1993-05-26,26.2544
1993-05-27,26.2470
1993-05-28,26.2608
1993-05-29,26.2743
1993-05-30,26.3379
1993-05-31,26.4669
1993-06-01,26.6164
1993-06-02,26.7251
1993-06-03,26.7181
1993-06-04,26.6369
1993-06-05,26.5372
1993-06-06,26.4399
1993-06-07,26.4166
1993-06-08,26.4260
1993-06-09,26.4326
1993-06-10,26.4850
1993-06-11,26.4294
1993-06-12,26.3439
1993-06-13,26.2559
1993-06-14,26.2314
1993-06-15,26.3372
1993-06-16,26.4676
1993-06-17,26.4490
1993-06-18,26.3694
1993-06-19,26.3276
1993-06-20,26.4328
1993-06-21,26.3591
1993-06-22,26.3640
1993-06-23,26.3736
1993-06-24,26.3675
1993-06-25,26.2786
1993-06-26,26.3107
1993-06-27,26.3589
1993-06-28,26.4006
1993-06-29,26.5390
1993-06-30,26.6781
1993-07-01,26.7273
1993-07-02,26.6649
1993-07-03,26.5958
1993-07-04,26.6450
1993-07-05,26.6316
1993-07-06,26.6853
1993-07-07,26.6369
1993-07-08,26.4252
1993-07-09,26.2858
1993-07-10,26.2586
1993-07-11,26.2444
1993-07-12,26.3724
1993-07-13,26.4034
1993-07-14,26.4111
1993-07-15,26.3510
1993-07-16,26.3110
1993-07-17,26.4134
1993-07-18,26.5171
1993-07-19,26.5795
1993-07-20,26.5830
1993-07-21,26.5316
1993-07-22,26.5513
1993-07-23,26.6105
1993-07-24,26.6191
1993-07-25,26.6766
1993-07-26,26.6895
1993-07-27,26.7291
1993-07-28,26.6843
1993-07-29,26.5689
1993-07-30,26.5723
1993-07-31,26.6136
1993-08-01,26.6400
1993-08-02,26.7544
1993-08-03,26.7850
1993-08-04,26.9080
1993-08-05,27.0274
1993-08-06,27.1251
1993-08-07,27.1179
1993-08-08,26.9631
1993-08-09,26.7823
1993-08-10,26.6355
1993-08-11,26.5353
1993-08-12,26.4858
1993-08-13,26.6834
1993-08-14,26.8372
1993-08-15,26.8823
1993-08-16,26.8103
1993-08-17,26.8106
1993-08-18,26.8436
1993-08-19,26.9895
1993-08-20,27.0812
1993-08-21,27.1691
1993-08-22,27.1557
1993-08-23,27.1343
1993-08-24,27.0255
1993-08-25,26.9830
1993-08-26,27.0977
1993-08-27,27.2929
1993-08-28,27.4869
1993-08-29,27.5612
1993-08-30,27.6090
1993-08-31,27.5920
1993-09-01,27.4924
1993-09-02,27.3941
1993-09-03,27.3408
1993-09-04,27.5072
1993-09-05,27.6916
1993-09-06,27.6172
1993-09-07,27.5337
1993-09-08,27.4539
1993-09-09,27.4020
1993-09-10,27.3928
1993-09-11,27.3967
1993-09-12,27.3952
1993-09-13,27.3557
1993-09-14,27.3656
1993-09-15,27.4998
1993-09-16,27.5907
1993-09-17,27.6923
1993-09-18,27.6337
1993-09-19,27.5658
1993-09-20,27.4147
1993-09-21,27.2629
1993-09-22,27.3285
1993-09-23,27.4361
1993-09-24,27.5101
1993-09-25,27.6102
1993-09-26,27.6656
1993-09-27,27.6690
1993-09-28,27.6530
1993-09-29,27.6351
1993-09-30,27.6570
1993-10-01,27.6832
1993-10-02,27.6989
1993-10-03,27.7732
1993-10-04,27.7966
1993-10-05,27.8238
1993-10-06,27.7232
1993-10-07,27.6459
1993-10-08,27.6558
1993-10-09,27.6743
1993-10-10,27.5648
1993-10-11,27.5204
1993-10-12,27.5372
1993-10-13,27.4848
1993-10-14,27.4522
1993-10-15,27.4126
1993-10-16,27.4317
1993-10-17,27.4679
1993-10-18,27.5097
1993-10-19,27.5176
1993-10-20,27.5097
1993-10-21,27.4993
1993-10-22,27.4913
1993-10-23,27.4593
1993-10-24,27.4543
1993-10-25,27.4831
1993-10-26,27.5140
1993-10-27,27.4978
1993-10-28,27.4422
1993-10-29,27.4591
1993-10-30,27.4365
1993-10-31,27.3707
1993-11-01,27.2568
1993-11-02,27.2203
1993-11-03,27.1157
1993-11-04,27.0941
1993-11-05,27.1019
1993-11-06,27.1310
1993-11-07,27.1306
1993-11-08,27.1590
1993-11-09,27.1799
1993-11-10,27.1851
1993-11-11,27.1814
1993-11-12,27.1685
1993-11-13,27.1544
1993-11-14,27.1405
1993-11-15,27.1440
1993-11-16,27.1969
1993-11-17,27.1587
1993-11-18,27.0607
1993-11-19,26.9524
1993-11-20,26.8768
1993-11-21,26.8464
1993-11-22,26.8297
1993-11-23,26.7243
1993-11-24,26.7119
1993-11-25,26.6769
1993-11-26,26.5709
1993-11-27,26.5053
1993-11-28,26.4937
1993-11-29,26.4978
1993-11-30,26.4410
1993-12-01,26.3763
1993-12-02,26.3457
1993-12-03,26.4221
1993-12-04,26.3798
1993-12-05,26.2611
1993-12-06,26.1744
1993-12-07,26.1200
1993-12-08,26.0977
1993-12-09,26.1356
1993-12-10,26.1371
1993-12-11,26.0472
1993-12-12,25.9619
1993-12-13,26.0612
1993-12-14,26.2042
1993-12-15,26.2621
1993-12-16,26.2435
1993-12-17,26.2639
1993-12-18,26.2012
1993-12-19,26.1518
1993-12-20,26.0580
1993-12-21,26.0291
1993-12-22,26.0339
1993-12-23,26.0617
1993-12-24,26.1218
1993-12-25,26.0872
1993-12-26,26.0366
1993-12-27,25.9819
1993-12-28,25.8900
1993-12-29,25.8138
1993-12-30,25.6823
1993-12-31,25.5923
1994-01-01,25.5228
1994-01-02,25.3692
1994-01-03,25.2630
1994-01-04,25.2150
1994-01-05,25.2623
1994-01-06,25.3161
1994-01-07,25.3898
1994-01-08,25.4075
1994-01-09,25.4085
1994-01-10,25.3638
1994-01-11,25.3159
1994-01-12,25.2075
1994-01-13,25.1291
1994-01-14,25.1231
1994-01-15,25.1635
1994-01-16,25.1639
1994-01-17,25.1929
1994-01-18,25.1912
1994-01-19,25.1523
1994-01-20,25.1273
1994-01-21,25.0696
1994-01-22,24.9967
1994-01-23,24.9553
1994-01-24,24.8872
1994-01-25,24.8114
1994-01-26,24.8635
1994-01-27,24.9126
1994-01-28,24.8539
1994-01-29,24.7350
1994-01-30,24.6999
1994-01-31,24.7066
1994-02-01,24.7024
1994-02-02,24.7534
1994-02-03,24.7277
1994-02-04,24.7803
1994-02-05,24.8975
1994-02-06,24.8602
1994-02-07,24.7745
1994-02-08,24.7286
1994-02-09,24.6797
1994-02-10,24.5866
1994-02-11,24.5360
1994-02-12,24.5005
1994-02-13,24.4960
1994-02-14,24.4932
1994-02-15,24.4547
1994-02-16,24.3801
1994-02-17,24.3021
1994-02-18,24.2793
1994-02-19,24.2817
1994-02-20,24.2165
1994-02-21,24.2196
1994-02-22,24.2501
1994-02-23,24.2281
1994-02-24,24.2357
1994-02-25,24.2741
1994-02-26,24.2647
1994-02-27,24.3773
1994-02-28,24.4922
1994-03-01,24.5281
1994-03-02,24.5291
1994-03-03,24.5051
1994-03-04,24.4492
1994-03-05,24.4438
1994-03-06,24.5300
1994-03-07,24.6179
1994-03-08,24.6716
1994-03-09,24.7042
1994-03-10,24.7316
1994-03-11,24.7256
1994-03-12,24.7018
1994-03-13,24.6954
1994-03-14,24.6390
1994-03-15,24.6089
1994-03-16,24.6270
1994-03-17,24.6382
1994-03-18,24.6512
1994-03-19,24.6667
1994-03-20,24.6972
1994-03-21,24.6773
1994-03-22,24.6651
1994-03-23,24.6865
1994-03-24,24.7411
1994-03-25,24.8215
1994-03-26,24.8021
1994-03-27,24.7471
1994-03-28,24.7421
1994-03-29,24.7398
1994-03-30,24.8001
1994-03-31,24.9110
1994-04-01,24.9761
1994-04-02,24.9446
1994-04-03,24.8524
1994-04-04,24.7593
1994-04-05,24.7724
1994-04-06,24.7215
1994-04-07,24.7454
1994-04-08,24.7359
1994-04-09,24.6925
1994-04-10,24.7597
1994-04-11,24.9611
1994-04-12,25.0746
1994-04-13,25.1348
1994-04-14,25.2016
1994-04-15,25.2630
1994-04-16,25.2947
1994-04-17,25.2986
1994-04-18,25.2996
1994-04-19,25.2705
1994-04-20,25.2541
1994-04-21,25.1879
1994-04-22,25.2217
1994-04-23,25.2689
1994-04-24,25.3270
1994-04-25,25.2732
1994-04-26,25.2553
1994-04-27,25.2497
1994-04-28,25.2094
1994-04-29,25.2278
1994-04-30,25.2622
1994-05-01,25.3344
1994-05-02,25.4132
1994-05-03,25.4284
1994-05-04,25.3797
1994-05-05,25.3586
1994-05-06,25.3817
1994-05-07,25.4437
1994-05-08,25.5113
1994-05-09,25.5536
1994-05-10,25.5657
1994-05-11,25.6198
1994-05-12,25.6650
1994-05-13,25.6581
1994-05-14,25.6569
1994-05-15,25.6470
1994-05-16,25.5705
1994-05-17,25.4691
1994-05-18,25.3353
1994-05-19,25.2730
1994-05-20,25.2010
1994-05-21,25.2492
1994-05-22,25.3600
1994-05-23,25.5767
1994-05-24,25.6743
1994-05-25,25.7299
1994-05-26,25.7490
1994-05-27,25.7991
1994-05-28,25.8218
1994-05-29,25.8106
1994-05-30,25.7826
1994-05-31,25.7590
1994-06-01,25.7018
1994-06-02,25.5919
1994-06-03,25.5765
1994-06-04,25.6563
1994-06-05,25.8083
1994-06-06,25.8919
1994-06-07,25.9373
1994-06-08,25.9531
1994-06-09,26.0097
1994-06-10,25.9973
1994-06-11,25.9443
1994-06-12,25.8912
1994-06-13,25.8890
1994-06-14,25.9584
1994-06-15,25.9330
1994-06-16,25.9312
1994-06-17,25.8701
1994-06-18,25.8723
1994-06-19,25.7696
1994-06-20,25.8131
1994-06-21,25.8996
1994-06-22,25.8312
1994-06-23,25.7596
1994-06-24,25.7877
1994-06-25,25.9751
1994-06-26,26.0727
1994-06-27,26.1792
1994-06-28,26.2314
1994-06-29,26.2463
1994-06-30,26.2596
1994-07-01,26.1895
1994-07-02,26.0758
1994-07-03,26.0576
1994-07-04,26.0898
1994-07-05,26.2191
1994-07-06,26.3558
1994-07-07,26.2552
1994-07-08,26.1191
1994-07-09,26.0298
1994-07-10,26.0137
1994-07-11,26.0728
1994-07-12,26.2710
1994-07-13,26.4524
1994-07-14,26.5458
1994-07-15,26.5206
1994-07-16,26.4571
1994-07-17,26.3476
1994-07-18,26.2707
1994-07-19,26.2718
1994-07-20,26.2934
1994-07-21,26.3393
1994-07-22,26.3999
1994-07-23,26.4682
1994-07-24,26.4712
1994-07-25,26.5617
1994-07-26,26.6190
1994-07-27,26.5907
1994-07-28,26.5709
1994-07-29,26.5284
1994-07-30,26.5909
1994-07-31,26.6513
1994-08-01,26.6556
1994-08-02,26.6728
1994-08-03,26.6580
1994-08-04,26.6493
1994-08-05,26.6413
1994-08-06,26.7060
1994-08-07,26.8514
1994-08-08,26.9648
1994-08-09,26.9746
1994-08-10,26.9305
1994-08-11,26.8940
1994-08-12,26.8259
1994-08-13,26.8235
1994-08-14,26.8684
1994-08-15,26.9881
1994-08-16,27.0728
1994-08-17,27.1817
1994-08-18,27.2670
1994-08-19,27.2632
1994-08-20,27.2406
1994-08-21,27.2138
1994-08-22,27.1809
1994-08-23,27.1760
1994-08-24,27.1958
1994-08-25,27.1638
1994-08-26,27.1247
1994-08-27,27.1500
1994-08-28,27.2121
1994-08-29,27.3088
1994-08-30,27.3559
1994-08-31,27.4091
1994-09-01,27.4393
1994-09-02,27.4478
1994-09-03,27.4755
1994-09-04,27.4750
1994-09-05,27.3803
1994-09-06,27.2218
1994-09-07,27.1969
1994-09-08,27.2513
1994-09-09,27.3256
1994-09-10,27.3474
1994-09-11,27.3335
1994-09-12,27.2789
1994-09-13,27.2224
1994-09-14,27.2233
1994-09-15,27.1586
1994-09-16,27.1123
1994-09-17,27.1211
1994-09-18,27.1110
1994-09-19,27.1761
1994-09-20,27.2573
1994-09-21,27.2992
1994-09-22,27.3001
1994-09-23,27.3848
1994-09-24,27.3981
1994-09-25,27.3819
1994-09-26,27.4122
1994-09-27,27.4366
1994-09-28,27.4810
1994-09-29,27.5641
1994-09-30,27.6413
1994-10-01,27.6277
1994-10-02,27.6097
1994-10-03,27.4617
1994-10-04,27.3396
1994-10-05,27.2747
1994-10-06,27.2682
1994-10-07,27.3802
1994-10-08,27.3998
1994-10-09,27.3928
1994-10-10,27.4747
1994-10-11,27.5295
1994-10-12,27.5737
1994-10-13,27.6377
1994-10-14,27.6561
1994-10-15,27.6520
1994-10-16,27.5872
1994-10-17,27.5440
1994-10-18,27.3758
1994-10-19,27.2342
1994-10-20,27.3189
1994-10-21,27.3997
1994-10-22,27.3642
1994-10-23,27.3660
1994-10-24,27.3102
1994-10-25,27.3454
1994-10-26,27.3610
1994-10-27,27.3612
1994-10-28,27.3190
1994-10-29,27.3259
1994-10-30,27.3416
1994-10-31,27.3432
1994-11-01,27.3524
1994-11-02,27.3416
1994-11-03,27.3210
1994-11-04,27.2364
1994-11-05,27.1205
1994-11-06,27.0124
1994-11-07,26.9513
1994-11-08,26.9310
1994-11-09,26.9814
1994-11-10,27.0947
1994-11-11,27.0933
1994-11-12,27.0317
1994-11-13,26.9801
1994-11-14,27.0069
1994-11-15,27.0786
1994-11-16,27.1913
1994-11-17,27.2327
1994-11-18,27.2213
1994-11-19,27.1713
1994-11-20,27.1204
1994-11-21,27.0819
1994-11-22,27.0797
1994-11-23,27.0676
1994-11-24,27.0471
1994-11-25,27.0230
1994-11-26,27.0325
1994-11-27,26.9773
1994-11-28,26.9287
1994-11-29,26.8823
1994-11-30,26.8170
1994-12-01,26.7335
1994-12-02,26.6625
1994-12-03,26.6773
1994-12-04,26.6653
1994-12-05,26.5878
1994-12-06,26.5463
1994-12-07,26.4434
1994-12-08,26.3908
1994-12-09,26.3563
1994-12-10,26.2943
1994-12-11,26.2449
1994-12-12,26.2337
1994-12-13,26.1715
1994-12-14,26.1709
1994-12-15,26.1743
1994-12-16,26.1135
1994-12-17,26.0759
1994-12-18,26.0809
1994-12-19,26.0675
1994-12-20,26.0205
1994-12-21,26.0035
1994-12-22,26.0206
1994-12-23,26.0261
1994-12-24,25.9650
1994-12-25,25.9165
1994-12-26,25.8900
1994-12-27,25.8609
1994-12-28,25.7980
1994-12-29,25.8212
1994-12-30,25.8382
1994-12-31,25.8286
1995-01-01,25.7410
1995-01-02,25.7872
1995-01-03,25.7942
1995-01-04,25.7703
1995-01-05,25.7707
1995-01-06,25.7311
1995-01-07,25.7390
1995-01-08,25.6388
1995-01-09,25.5874
1995-01-10,25.6177
1995-01-11,25.5184
1995-01-12,25.4716
1995-01-13,25.4780
1995-01-14,25.5150
1995-01-15,25.5916
1995-01-16,25.5913
1995-01-17,25.5644
1995-01-18,25.5793
1995-01-19,25.5584
1995-01-20,25.5424
1995-01-21,25.5673
1995-01-22,25.5681
1995-01-23,25.5635
1995-01-24,25.5429
1995-01-25,25.4924
1995-01-26,25.4597
1995-01-27,25.4155
1995-01-28,25.3487
1995-01-29,25.3265
1995-01-30,25.3230
1995-01-31,25.3337
1995-02-01,25.3502
1995-02-02,25.3260
1995-02-03,25.3195
1995-02-04,25.3080
1995-02-05,25.2682
1995-02-06,25.3093
1995-02-07,25.2535
1995-02-08,25.1128
1995-02-09,25.1202
1995-02-10,25.0920
1995-02-11,25.0947
1995-02-12,25.1059
1995-02-13,25.1271
1995-02-14,25.1105
1995-02-15,25.0944
1995-02-16,25.1023
1995-02-17,25.0746
1995-02-18,25.0702
1995-02-19,25.0373
1995-02-20,24.9984
1995-02-21,24.9810
1995-02-22,24.9791
1995-02-23,24.9441
1995-02-24,24.9134
1995-02-25,24.8699
1995-02-26,24.8880
1995-02-27,24.9407
1995-02-28,24.9810
1995-03-01,25.0263
1995-03-02,25.0656
1995-03-03,25.0288
1995-03-04,24.9955
1995-03-05,24.9825
1995-03-06,24.9611
1995-03-07,24.8811
1995-03-08,24.8538
1995-03-09,24.8928
1995-03-10,24.8767
1995-03-11,24.8646
1995-03-12,24.8607
1995-03-13,24.8564
1995-03-14,24.9084
1995-03-15,24.9274
1995-03-16,24.9717
1995-03-17,25.0507
1995-03-18,25.1221
1995-03-19,25.2194
1995-03-20,25.3468
1995-03-21,25.3954
1995-03-22,25.4241
1995-03-23,25.4338
1995-03-24,25.4239
1995-03-25,25.4879
1995-03-26,25.5557
1995-03-27,25.5692
1995-03-28,25.5489
1995-03-29,25.5427
1995-03-30,25.5481
1995-03-31,25.5484
1995-04-01,25.4859
1995-04-02,25.4662
1995-04-03,25.4854
1995-04-04,25.5066
1995-04-05,25.4944
1995-04-06,25.4731
1995-04-07,25.4887
1995-04-08,25.4764
1995-04-09,25.4874
1995-04-10,25.5462
1995-04-11,25.5388
1995-04-12,25.5155
1995-04-13,25.4378
1995-04-14,25.4535
1995-04-15,25.5590
1995-04-16,25.6800
1995-04-17,25.6570
1995-04-18,25.6237
1995-04-19,25.6567
1995-04-20,25.6684
1995-04-21,25.6802
1995-04-22,25.6572
1995-04-23,25.6179
1995-04-24,25.6217
1995-04-25,25.7218
1995-04-26,25.7767
1995-04-27,25.8604
1995-04-28,25.9192
1995-04-29,25.9377
1995-04-30,25.9521
1995-05-01,25.9824
1995-05-02,26.0512
1995-05-03,26.1810
1995-05-04,26.2620
1995-05-05,26.3145
1995-05-06,26.3673
1995-05-07,26.4481
1995-05-08,26.5036
1995-05-09,26.5507
1995-05-10,26.5674
1995-05-11,26.5680
1995-05-12,26.5295
1995-05-13,26.5270
1995-05-14,26.5813
1995-05-15,26.6141
1995-05-16,26.6143
1995-05-17,26.5792
1995-05-18,26.4386
1995-05-19,26.3803
1995-05-20,26.3274
1995-05-21,26.2637
1995-05-22,26.2722
1995-05-23,26.3252
1995-05-24,26.3699
1995-05-25,26.4314
1995-05-26,26.4356
1995-05-27,26.4813
1995-05-28,26.5076
1995-05-29,26.5958
1995-05-30,26.6634
1995-05-31,26.6939
1995-06-01,26.6729
1995-06-02,26.6212
1995-06-03,26.6243
1995-06-04,26.5946
1995-06-05,26.5933
1995-06-06,26.5999
1995-06-07,26.6587
1995-06-08,26.6794
1995-06-09,26.7390
1995-06-10,26.7743
1995-06-11,26.8199
1995-06-12,26.7790
1995-06-13,26.7057
1995-06-14,26.6651
1995-06-15,26.7048
1995-06-16,26.7729
1995-06-17,26.8380
1995-06-18,26.8725
1995-06-19,26.7668
1995-06-20,26.6790
1995-06-21,26.5896
1995-06-22,26.5390
1995-06-23,26.7201
1995-06-24,26.8007
1995-06-25,26.8178
1995-06-26,26.8495
1995-06-27,26.9345
1995-06-28,27.0176
1995-06-29,27.1057
1995-06-30,27.1762
1995-07-01,27.1794
1995-07-02,27.1341
1995-07-03,27.1705
1995-07-04,27.2445
1995-07-05,27.1996
1995-07-06,27.1133
1995-07-07,27.0690
1995-07-08,27.0721
1995-07-09,27.0406
1995-07-10,27.0153
1995-07-11,27.0324
1995-07-12,27.1173
1995-07-13,27.2013
1995-07-14,27.1780
1995-07-15,27.2253
1995-07-16,27.2435
1995-07-17,27.2601
1995-07-18,27.2362
1995-07-19,27.1966
1995-07-20,27.2000
1995-07-21,27.2079
1995-07-22,27.2485
1995-07-23,27.3242
1995-07-24,27.3258
1995-07-25,27.3362
1995-07-26,27.4450
1995-07-27,27.5831
1995-07-28,27.6731
1995-07-29,27.6617
1995-07-30,27.6908
1995-07-31,27.7048
1995-08-01,27.6024
1995-08-02,27.6143
1995-08-03,27.6387
1995-08-04,27.7666
1995-08-05,27.8482
1995-08-06,27.8778
1995-08-07,27.8174
1995-08-08,27.7743
1995-08-09,27.6230
1995-08-10,27.5667
1995-08-11,27.6721
1995-08-12,27.8162
1995-08-13,27.9097
1995-08-14,28.0868
1995-08-15,28.0858
1995-08-16,28.0539
1995-08-17,28.1086
1995-08-18,28.1783
1995-08-19,28.1776
1995-08-20,28.0955
1995-08-21,28.0779
1995-08-22,28.0579
1995-08-23,27.9885
1995-08-24,28.0006
1995-08-25,27.9780
1995-08-26,27.8899
1995-08-27,27.7817
1995-08-28,27.8037
1995-08-29,27.8687
1995-08-30,27.9473
1995-08-31,28.0474
1995-09-01,28.1495
1995-09-02,28.2511
1995-09-03,28.3039
1995-09-04,28.3004
1995-09-05,28.2764
1995-09-06,28.1786
1995-09-07,28.0816
1995-09-08,27.9939
1995-09-09,28.0120
1995-09-10,27.9587
1995-09-11,27.9382
1995-09-12,28.0129
1995-09-13,28.0454
1995-09-14,28.0280
1995-09-15,28.0812
1995-09-16,28.0791
1995-09-17,28.1233
1995-09-18,28.1175
1995-09-19,28.0575
1995-09-20,27.9780
1995-09-21,28.1772
1995-09-22,28.3648
1995-09-23,28.3500
1995-09-24,28.2395
1995-09-25,28.1694
1995-09-26,28.1633
1995-09-27,28.2728
1995-09-28,28.3226
1995-09-29,28.3118
1995-09-30,28.2814
1995-10-01,28.2981
1995-10-02,28.3554
1995-10-03,28.3389
1995-10-04,28.2830
1995-10-05,28.1767
1995-10-06,28.1470
1995-10-07,28.1459
1995-10-08,28.1819
1995-10-09,28.1117
1995-10-10,28.0793
1995-10-11,28.0755
1995-10-12,28.0955
1995-10-13,28.1481
1995-10-14,28.1841
1995-10-15,28.2120
1995-10-16,28.2281
1995-10-17,28.2685
1995-10-18,28.2802
1995-10-19,28.2356
1995-10-20,28.1910
1995-10-21,28.1246
1995-10-22,28.0642
1995-10-23,28.1160
1995-10-24,28.1300
1995-10-25,28.1024
1995-10-26,28.1763
1995-10-27,28.2314
1995-10-28,28.3110
1995-10-29,28.2764
1995-10-30,28.1631
1995-10-31,28.0551
1995-11-01,27.9665
1995-11-02,27.9171
1995-11-03,27.8988
1995-11-04,27.9002
1995-11-05,27.8935
1995-11-06,27.8372
1995-11-07,27.8253
1995-11-08,27.8189
1995-11-09,27.8669
1995-11-10,27.9608
1995-11-11,28.0807
1995-11-12,28.1434
1995-11-13,28.1327
1995-11-14,28.0885
1995-11-15,28.0433
1995-11-16,28.0468
1995-11-17,28.0395
1995-11-18,27.9850
1995-11-19,27.9146
1995-11-20,27.7909
1995-11-21,27.7198
1995-11-22,27.6851
1995-11-23,27.7476
1995-11-24,27.7334
1995-11-25,27.6451
1995-11-26,27.5431
1995-11-27,27.5818
1995-11-28,27.5984
1995-11-29,27.5320
1995-11-30,27.3754
1995-12-01,27.3028
1995-12-02,27.3242
1995-12-03,27.2883
1995-12-04,27.2932
1995-12-05,27.3096
1995-12-06,27.2792
1995-12-07,27.1698
1995-12-08,26.9717
1995-12-09,26.9571
1995-12-10,26.9664
1995-12-11,26.9458
1995-12-12,26.9126
1995-12-13,26.7952
1995-12-14,26.7230
1995-12-15,26.6451
1995-12-16,26.6292
1995-12-17,26.6704
1995-12-18,26.7057
1995-12-19,26.8467
1995-12-20,26.8899
1995-12-21,26.8877
1995-12-22,26.9218
1995-12-23,26.9005
1995-12-24,26.8563
1995-12-25,26.8423
1995-12-26,26.8270
1995-12-27,26.7747
1995-12-28,26.7487
1995-12-29,26.7389
1995-12-30,26.7332
1995-12-31,26.7348
1996-01-01,26.7200
1996-01-02,26.7115
1996-01-03,26.7180
1996-01-04,26.7180
1996-01-05,26.6707
1996-01-06,26.5815
1996-01-07,26.5061
1996-01-08,26.4690
1996-01-09,26.4003
1996-01-10,26.3003
1996-01-11,26.2364
1996-01-12,26.1961
1996-01-13,26.1605
1996-01-14,26.0125
1996-01-15,25.8958
1996-01-16,25.8704
1996-01-17,25.8636
1996-01-18,25.8830
1996-01-19,25.8786
1996-01-20,25.8805
1996-01-21,25.8861
1996-01-22,25.8865
1996-01-23,25.8581
1996-01-24,25.8370
1996-01-25,25.8340
1996-01-26,25.8090
1996-01-27,25.8173
1996-01-28,25.8566
1996-01-29,25.8780
1996-01-30,25.8841
1996-01-31,25.8610
1996-02-01,25.8093
1996-02-02,25.7431
1996-02-03,25.7231
1996-02-04,25.7234
1996-02-05,25.7395
1996-02-06,25.7406
1996-02-07,25.7567
1996-02-08,25.7693
1996-02-09,25.7559
1996-02-10,25.7132
1996-02-11,25.6658
1996-02-12,25.5951
1996-02-13,25.5183
1996-02-14,25.4127
1996-02-15,25.4167
1996-02-16,25.5199
1996-02-17,25.5580
1996-02-18,25.5305
1996-02-19,25.6008
1996-02-20,25.6512
1996-02-21,25.6532
1996-02-22,25.6044
1996-02-23,25.5579
1996-02-24,25.5307
1996-02-25,25.4808
1996-02-26,25.4754
1996-02-27,25.4986
1996-02-28,25.5282
1996-02-29,25.5127
1996-03-01,25.4618
1996-03-02,25.4403
1996-03-03,25.4466
1996-03-04,25.4424
1996-03-05,25.3877
1996-03-06,25.3236
1996-03-07,25.2878
1996-03-08,25.3009
1996-03-09,25.3124
1996-03-10,25.2973
1996-03-11,25.2066
1996-03-12,25.1338
1996-03-13,25.0869
1996-03-14,25.0926
1996-03-15,25.1755
1996-03-16,25.2272
1996-03-17,25.2618
1996-03-18,25.3483
1996-03-19,25.4551
1996-03-20,25.4993
1996-03-21,25.5110
1996-03-22,25.4537
1996-03-23,25.4569
1996-03-24,25.4139
1996-03-25,25.4042
1996-03-26,25.4382
1996-03-27,25.4071
1996-03-28,25.3388
1996-03-29,25.2808
1996-03-30,25.3140
1996-03-31,25.3591
1996-04-01,25.3773
1996-04-02,25.3515
1996-04-03,25.3075
1996-04-04,25.3771
1996-04-05,25.4325
1996-04-06,25.5028
1996-04-07,25.5860
1996-04-08,25.5881
1996-04-09,25.5437
1996-04-10,25.5012
1996-04-11,25.5141
1996-04-12,25.4967
1996-04-13,25.5818
1996-04-14,25.6897
1996-04-15,25.7188
1996-04-16,25.7214
1996-04-17,25.6785
1996-04-18,25.6404
1996-04-19,25.7220
1996-04-20,25.7698
1996-04-21,25.8159
1996-04-22,25.8753
1996-04-23,25.8687
1996-04-24,25.8359
1996-04-25,25.9034
1996-04-26,25.9311
1996-04-27,25.8543
1996-04-28,25.8806
1996-04-29,25.9595
1996-04-30,25.9586
1996-05-01,26.0379
1996-05-02,26.1075
1996-05-03,26.0754
1996-05-04,26.0385
1996-05-05,26.0262
1996-05-06,26.0245
1996-05-07,26.0572
1996-05-08,26.0835
1996-05-09,26.0816
1996-05-10,25.9848
1996-05-11,25.8669
1996-05-12,25.8166
1996-05-13,25.7946
1996-05-14,25.8086
1996-05-15,25.8748
1996-05-16,25.9919
1996-05-17,26.0707
1996-05-18,26.1225
1996-05-19,26.1399
1996-05-20,26.1567
1996-05-21,26.0801
1996-05-22,26.0943
1996-05-23,26.1894
1996-05-24,26.1362
1996-05-25,26.2491
1996-05-26,26.3052
1996-05-27,26.4368
1996-05-28,26.4216
1996-05-29,26.4110
1996-05-30,26.2478
1996-05-31,26.2155
1996-06-01,26.2329
1996-06-02,26.2615
1996-06-03,26.1879
1996-06-04,26.2136
1996-06-05,26.2250
1996-06-06,26.2541
1996-06-07,26.4140
1996-06-08,26.5601
1996-06-09,26.6630
1996-06-10,26.6946
1996-06-11,26.7254
1996-06-12,26.6650
1996-06-13,26.5395
1996-06-14,26.4857
1996-06-15,26.5103
1996-06-16,26.5539
1996-06-17,26.5489
1996-06-18,26.5770
1996-06-19,26.5391
1996-06-20,26.4632
1996-06-21,26.5313
1996-06-22,26.6337
1996-06-23,26.8130
1996-06-24,26.8826
1996-06-25,26.8586
1996-06-26,26.9248
1996-06-27,26.9612
1996-06-28,26.9210
1996-06-29,26.8537
1996-06-30,26.8029
1996-07-01,26.7293
1996-07-02,26.5755
1996-07-03,26.5211
1996-07-04,26.6474
1996-07-05,26.7871
1996-07-06,26.8640
1996-07-07,26.8984
1996-07-08,26.9122
1996-07-09,26.9385
1996-07-10,26.9115
1996-07-11,26.7927
1996-07-12,26.6343
1996-07-13,26.6237
1996-07-14,26.7595
1996-07-15,26.8469
1996-07-16,26.8254
1996-07-17,26.8265
1996-07-18,26.8931
1996-07-19,26.9405
1996-07-20,26.8514
1996-07-21,26.8154
1996-07-22,26.7750
1996-07-23,26.6691
1996-07-24,26.6341
1996-07-25,26.6393
1996-07-26,26.6798
1996-07-27,26.7216
1996-07-28,26.8234
1996-07-29,26.8674
1996-07-30,26.9783
1996-07-31,27.0758
1996-08-01,27.1463
1996-08-02,27.1605
1996-08-03,27.1954
1996-08-04,27.2238
1996-08-05,27.2220
1996-08-06,27.2916
1996-08-07,27.3427
1996-08-08,27.2581
1996-08-09,27.1420
1996-08-10,27.1210
1996-08-11,27.2168
1996-08-12,27.3307
1996-08-13,27.4850
1996-08-14,27.5187
1996-08-15,27.5648
1996-08-16,27.5677
1996-08-17,27.5114
1996-08-18,27.4081
1996-08-19,27.3157
1996-08-20,27.2681
1996-08-21,27.1691
1996-08-22,27.1202
1996-08-23,27.0697
1996-08-24,27.1298
1996-08-25,27.2330
1996-08-26,27.3367
1996-08-27,27.4714
1996-08-28,27.5812
1996-08-29,27.6528
1996-08-30,27.7187
1996-08-31,27.6859
1996-09-01,27.6624
1996-09-02,27.6849
1996-09-03,27.6242
1996-09-04,27.6871
1996-09-05,27.7465
1996-09-06,27.8866
1996-09-07,27.9998
1996-09-08,28.0454
1996-09-09,28.0021
1996-09-10,27.8596
1996-09-11,27.8042
1996-09-12,27.8740
1996-09-13,27.9925
1996-09-14,28.1630
1996-09-15,28.1874
1996-09-16,28.1812
1996-09-17,28.1730
1996-09-18,28.0775
1996-09-19,27.9022
1996-09-20,27.7411
1996-09-21,27.7189
1996-09-22,27.8040
1996-09-23,27.8776
1996-09-24,27.8780
1996-09-25,27.8829
1996-09-26,27.8321
1996-09-27,27.7723
1996-09-28,27.7821
1996-09-29,27.8714
1996-09-30,27.8408
1996-10-01,27.7783
1996-10-02,27.7230
1996-10-03,27.7322
1996-10-04,27.7525
1996-10-05,27.8395
1996-10-06,27.8856
1996-10-07,27.8253
1996-10-08,27.7502
1996-10-09,27.7223
1996-10-10,27.7007
1996-10-11,27.5693
1996-10-12,27.5534
1996-10-13,27.5585
1996-10-14,27.5598
1996-10-15,27.6036
1996-10-16,27.5612
1996-10-17,27.4994
1996-10-18,27.4623
1996-10-19,27.3874
1996-10-20,27.3830
1996-10-21,27.4887
1996-10-22,27.5994
1996-10-23,27.6636
1996-10-24,27.6500
1996-10-25,27.5908
1996-10-26,27.5117
1996-10-27,27.4657
1996-10-28,27.4689
1996-10-29,27.5169
1996-10-30,27.5261
1996-10-31,27.4527
1996-11-01,27.4605
1996-11-02,27.4139
1996-11-03,27.3121
1996-11-04,27.2012
1996-11-05,27.1435
1996-11-06,27.1781
1996-11-07,27.1855
1996-11-08,27.2196
1996-11-09,27.3146
1996-11-10,27.3505
1996-11-11,27.3877
1996-11-12,27.3846
1996-11-13,27.3725
1996-11-14,27.3632
1996-11-15,27.3241
1996-11-16,27.1977
1996-11-17,27.0748
1996-11-18,27.0033
1996-11-19,27.0090
1996-11-20,27.0294
1996-11-21,27.0091
1996-11-22,27.0043
1996-11-23,26.9126
1996-11-24,26.8288
1996-11-25,26.7487
1996-11-26,26.8160
1996-11-27,26.8632
1996-11-28,26.8262
1996-11-29,26.7201
1996-11-30,26.7394
1996-12-01,26.7976
1996-12-02,26.6924
1996-12-03,26.7114
1996-12-04,26.6310
1996-12-05,26.5316
1996-12-06,26.4704
1996-12-07,26.4454
1996-12-08,26.4254
1996-12-09,26.3815
1996-12-10,26.3566
1996-12-11,26.3364
1996-12-12,26.3389
1996-12-13,26.3761
1996-12-14,26.4225
1996-12-15,26.4204
1996-12-16,26.4329
1996-12-17,26.3684
1996-12-18,26.3309
1996-12-19,26.3193
1996-12-20,26.2982
1996-12-21,26.3095
1996-12-22,26.3674
1996-12-23,26.3649
1996-12-24,26.3238
1996-12-25,26.3080
1996-12-26,26.2548
1996-12-27,26.2179
1996-12-28,26.1632
1996-12-29,26.0920
1996-12-30,26.0325
1996-12-31,25.9781
1997-01-01,25.8937
1997-01-02,25.8462
1997-01-03,25.8259
1997-01-04,25.7905
1997-01-05,25.6094
1997-01-06,25.7296
1997-01-07,25.8064
1997-01-08,25.7702
1997-01-09,25.7300
1997-01-10,25.7592
1997-01-11,25.7528
1997-01-12,25.8069
1997-01-13,25.8188
1997-01-14,25.8158
1997-01-15,25.8377
1997-01-16,25.8678
1997-01-17,25.8877
1997-01-18,25.8631
1997-01-19,25.8111
1997-01-20,25.6777
1997-01-21,25.5691
1997-01-22,25.5975
1997-01-23,25.6509
1997-01-24,25.6924
1997-01-25,25.7031
1997-01-26,25.6829
1997-01-27,25.6897
1997-01-28,25.6785
1997-01-29,25.6488
1997-01-30,25.6280
1997-01-31,25.5951
1997-02-01,25.5398
1997-02-02,25.4270
1997-02-03,25.4192
1997-02-04,25.4668
1997-02-05,25.4625
1997-02-06,25.4616
1997-02-07,25.4573
1997-02-08,25.4166
1997-02-09,25.3519
1997-02-10,25.2890
1997-02-11,25.2715
1997-02-12,25.2281
1997-02-13,25.1773
1997-02-14,25.1119
1997-02-15,25.0416
1997-02-16,24.9989
1997-02-17,24.9748
1997-02-18,25.0646
1997-02-19,25.2336
1997-02-20,25.2449
1997-02-21,25.2689
1997-02-22,25.2576
1997-02-23,25.2148
1997-02-24,25.1961
1997-02-25,25.3136
1997-02-26,25.3929
1997-02-27,25.3806
1997-02-28,25.3220
1997-03-01,25.2751
1997-03-02,25.2130
1997-03-03,25.1338
1997-03-04,25.0618
1997-03-05,24.9990
1997-03-06,24.9683
1997-03-07,24.9041
1997-03-08,24.7757
1997-03-09,24.7734
1997-03-10,24.8204
1997-03-11,24.9446
1997-03-12,25.0361
1997-03-13,25.1131
1997-03-14,25.1038
1997-03-15,25.0650
1997-03-16,25.0571
1997-03-17,25.1232
1997-03-18,25.1987
1997-03-19,25.2640
1997-03-20,25.2882
1997-03-21,25.2833
1997-03-22,25.2814
1997-03-23,25.2050
1997-03-24,25.1591
1997-03-25,25.1621
1997-03-26,25.1833
1997-03-27,25.1452
1997-03-28,25.0608
1997-03-29,25.0780
1997-03-30,25.1539
1997-03-31,25.2190
1997-04-01,25.2423
1997-04-02,25.2781
1997-04-03,25.2690
1997-04-04,25.2797
1997-04-05,25.2884
1997-04-06,25.2089
1997-04-07,25.2308
1997-04-08,25.3256
1997-04-09,25.4076
1997-04-10,25.4379
1997-04-11,25.4327
1997-04-12,25.4154
1997-04-13,25.4295
1997-04-14,25.4657
1997-04-15,25.4987
1997-04-16,25.6109
1997-04-17,25.6377
1997-04-18,25.6921
1997-04-19,25.7068
1997-04-20,25.7520
1997-04-21,25.8597
1997-04-22,25.9851
1997-04-23,26.0528
1997-04-24,26.0505
1997-04-25,26.0147
1997-04-26,25.9864
1997-04-27,25.9366
1997-04-28,25.9129
1997-04-29,25.8803
1997-04-30,25.8587
1997-05-01,25.9030
1997-05-02,25.9648
1997-05-03,26.0066
1997-05-04,26.0276
1997-05-05,26.0599
1997-05-06,26.0294
1997-05-07,26.0040
1997-05-08,26.0222
1997-05-09,26.0750
1997-05-10,26.1054
1997-05-11,26.1495
1997-05-12,26.1937
1997-05-13,26.2571
1997-05-14,26.2482
1997-05-15,26.1911
1997-05-16,26.1321
1997-05-17,26.1118
1997-05-18,26.0837
1997-05-19,26.0972
1997-05-20,26.1753
1997-05-21,26.2344
1997-05-22,26.2153
1997-05-23,26.2017
1997-05-24,26.1783
1997-05-25,26.2263
1997-05-26,26.2719
1997-05-27,26.3169
1997-05-28,26.3901
1997-05-29,26.4116
1997-05-30,26.4591
1997-05-31,26.4348
1997-06-01,26.4633
1997-06-02,26.4671
1997-06-03,26.3777
1997-06-04,26.3627
1997-06-05,26.3113
1997-06-06,26.3647
1997-06-07,26.4408
1997-06-08,26.5145
1997-06-09,26.4934
1997-06-10,26.4583
1997-06-11,26.4494
1997-06-12,26.4608
1997-06-13,26.5183
1997-06-14,26.6108
1997-06-15,26.7146
1997-06-16,26.7657
1997-06-17,26.7556
1997-06-18,26.7541
1997-06-19,26.8269
1997-06-20,27.0066
1997-06-21,27.0608
1997-06-22,27.1185
1997-06-23,27.0727
1997-06-24,26.8733
1997-06-25,26.7033
1997-06-26,26.5477
1997-06-27,26.5671
1997-06-28,26.7237
1997-06-29,26.8344
1997-06-30,26.8771
1997-07-01,26.9045
1997-07-02,26.9523
1997-07-03,26.9108
1997-07-04,26.7983
1997-07-05,26.6633
1997-07-06,26.5141
1997-07-07,26.5591
1997-07-08,26.4976
1997-07-09,26.6657
1997-07-10,26.7982
1997-07-11,26.9519
1997-07-12,27.0796
1997-07-13,27.1783
1997-07-14,27.2063
1997-07-15,27.1896
1997-07-16,27.1510
1997-07-17,27.0887
1997-07-18,27.0580
1997-07-19,27.0708
1997-07-20,27.1026
1997-07-21,27.0830
1997-07-22,27.1370
1997-07-23,27.1020
1997-07-24,27.1790
1997-07-25,27.1934
1997-07-26,27.1861
1997-07-27,27.1406
1997-07-28,27.0365
1997-07-29,26.9632
1997-07-30,26.9441
1997-07-31,27.0231
1997-08-01,26.9956
1997-08-02,27.0033
1997-08-03,27.1937
1997-08-04,27.3425
1997-08-05,27.4641
1997-08-06,27.5017
1997-08-07,27.4297
1997-08-08,27.3598
1997-08-09,27.3737
1997-08-10,27.4223
1997-08-11,27.3954
1997-08-12,27.3898
1997-08-13,27.4345
1997-08-14,27.3633
1997-08-15,27.2847
1997-08-16,27.2426
1997-08-17,27.2682
1997-08-18,27.2942
1997-08-19,27.3210
1997-08-20,27.3922
1997-08-21,27.4076
1997-08-22,27.3560
1997-08-23,27.3269
1997-08-24,27.3871
1997-08-25,27.5274
1997-08-26,27.5862
1997-08-27,27.6401
1997-08-28,27.6964
1997-08-29,27.7584
1997-08-30,27.7591
1997-08-31,27.6401
1997-09-01,27.5248
1997-09-02,27.4679
1997-09-03,27.3581
1997-09-04,27.3810
1997-09-05,27.4186
1997-09-06,27.4930
1997-09-07,27.6274
1997-09-08,27.9225
1997-09-09,28.0263
1997-09-10,28.0473
1997-09-11,28.0055
1997-09-12,27.8436
1997-09-13,27.8060
1997-09-14,27.8058
1997-09-15,27.8781
1997-09-16,27.8516
1997-09-17,27.8222
1997-09-18,27.7973
1997-09-19,27.9601
1997-09-20,28.0453
1997-09-21,28.1058
1997-09-22,28.1060
1997-09-23,28.0120
1997-09-24,27.9760
1997-09-25,27.9613
1997-09-26,27.9261
1997-09-27,27.9793
1997-09-28,28.1289
1997-09-29,28.2690
1997-09-30,28.2861
1997-10-01,28.2034
1997-10-02,28.1786
1997-10-03,28.2123
1997-10-04,28.2684
1997-10-05,28.1130
1997-10-06,27.9712
1997-10-07,28.0557
1997-10-08,28.1096
1997-10-09,28.1250
1997-10-10,28.1126
1997-10-11,28.0945
1997-10-12,28.0549
1997-10-13,28.0357
1997-10-14,28.0460
1997-10-15,28.0158
1997-10-16,28.0465
1997-10-17,28.1278
1997-10-18,28.0978
1997-10-19,28.1256
1997-10-20,28.2029
1997-10-21,28.1950
1997-10-22,28.1338
1997-10-23,28.1474
1997-10-24,28.1590
1997-10-25,28.1313
1997-10-26,28.0658
1997-10-27,28.0182
1997-10-28,28.0025
1997-10-29,27.9780
1997-10-30,27.8951
1997-10-31,27.8562
1997-11-01,27.8966
1997-11-02,27.9450
1997-11-03,27.9596
1997-11-04,27.9509
1997-11-05,27.8910
1997-11-06,27.8891
1997-11-07,27.8835
1997-11-08,27.8469
1997-11-09,27.7905
1997-11-10,27.8335
1997-11-11,27.8244
1997-11-12,27.8258
1997-11-13,27.8561
1997-11-14,27.8187
1997-11-15,27.6909
1997-11-16,27.6168
1997-11-17,27.6020
1997-11-18,27.5546
1997-11-19,27.5238
1997-11-20,27.5167
1997-11-21,27.5246
1997-11-22,27.5434
1997-11-23,27.4794
1997-11-24,27.4419
1997-11-25,27.3751
1997-11-26,27.3657
1997-11-27,27.3800
1997-11-28,27.4361
1997-11-29,27.4266
1997-11-30,27.3363
1997-12-01,27.2525
1997-12-02,27.2095
1997-12-03,27.1885
1997-12-04,27.1664
1997-12-05,27.1646
1997-12-06,27.1169
1997-12-07,27.0072
1997-12-08,26.9400
1997-12-09,26.9027
1997-12-10,26.8811
1997-12-11,26.8464
1997-12-12,26.7992
1997-12-13,26.7495
1997-12-14,26.7093
1997-12-15,26.7210
1997-12-16,26.7135
1997-12-17,26.7123
1997-12-18,26.7242
1997-12-19,26.7411
1997-12-20,26.7842
1997-12-21,26.7679
1997-12-22,26.7606
1997-12-23,26.7049
1997-12-24,26.6407
1997-12-25,26.5145
1997-12-26,26.3033
1997-12-27,26.0835
1997-12-28,26.0097
1997-12-29,26.0452
1997-12-30,26.0929
1997-12-31,26.2161
1998-01-01,26.3247
1998-01-02,26.3344
1998-01-03,26.3087
1998-01-04,26.2689
1998-01-05,26.2445
1998-01-06,26.2737
1998-01-07,26.2528
1998-01-08,26.2185
1998-01-09,26.1676
1998-01-10,26.1018
1998-01-11,26.0877
1998-01-12,26.1129
1998-01-13,26.1000
1998-01-14,26.0698
1998-01-15,25.9835
1998-01-16,25.9169
1998-01-17,25.8660
1998-01-18,25.8761
1998-01-19,25.9180
1998-01-20,25.9019
1998-01-21,25.9070
1998-01-22,25.8715
1998-01-23,25.8156
1998-01-24,25.7648
1998-01-25,25.6808
1998-01-26,25.6354
1998-01-27,25.6177
1998-01-28,25.6348
1998-01-29,25.7108
1998-01-30,25.7302
1998-01-31,25.7231
1998-02-01,25.7157
1998-02-02,25.7153
1998-02-03,25.7868
1998-02-04,25.8105
1998-02-05,25.8750
1998-02-06,25.8349
1998-02-07,25.7615
1998-02-08,25.7236
1998-02-09,25.6706
1998-02-10,25.6860
1998-02-11,25.7990
1998-02-12,25.8959
1998-02-13,25.9391
1998-02-14,25.9433
1998-02-15,25.8962
1998-02-16,25.7690
1998-02-17,25.5850
1998-02-18,25.5108
1998-02-19,25.4565
1998-02-20,25.4894
1998-02-21,25.5849
1998-02-22,25.6892
1998-02-23,25.7385
1998-02-24,25.7833
1998-02-25,25.7845
1998-02-26,25.7693
1998-02-27,25.7255
1998-02-28,25.6714
1998-03-01,25.6139
1998-03-02,25.6449
1998-03-03,25.6850
1998-03-04,25.6456
1998-03-05,25.6542
1998-03-06,25.6640
1998-03-07,25.6400
1998-03-08,25.6148
1998-03-09,25.6148
1998-03-10,25.6156
1998-03-11,25.4845
1998-03-12,25.4058
1998-03-13,25.3770
1998-03-14,25.2812
1998-03-15,25.3737
1998-03-16,25.5063
1998-03-17,25.6423
1998-03-18,25.6516
1998-03-19,25.6614
1998-03-20,25.5653
1998-03-21,25.4477
1998-03-22,25.3683
1998-03-23,25.2607
1998-03-24,25.2175
1998-03-25,25.3832
1998-03-26,25.3809
1998-03-27,25.3955
1998-03-28,25.4433
1998-03-29,25.5993
1998-03-30,25.7072
1998-03-31,25.6472
1998-04-01,25.5703
1998-04-02,25.5676
1998-04-03,25.5767
1998-04-04,25.5831
1998-04-05,25.6366
1998-04-06,25.7029
1998-04-07,25.6764
1998-04-08,25.7100
1998-04-09,25.7617
1998-04-10,25.8331
1998-04-11,25.9324
1998-04-12,25.9973
1998-04-13,25.9587
1998-04-14,25.9548
1998-04-15,25.9234
1998-04-16,25.9359
1998-04-17,25.8802
1998-04-18,25.8631
1998-04-19,25.9071
1998-04-20,25.9937
1998-04-21,26.1053
1998-04-22,26.1614
1998-04-23,26.2085
1998-04-24,26.1724
1998-04-25,26.1304
1998-04-26,26.0752
1998-04-27,26.1034
1998-04-28,26.1869
1998-04-29,26.2251
1998-04-30,26.2129
1998-05-01,26.2898
1998-05-02,26.3340
1998-05-03,26.3685
1998-05-04,26.4248
1998-05-05,26.5002
1998-05-06,26.5604
1998-05-07,26.6179
1998-05-08,26.6034
1998-05-09,26.4832
1998-05-10,26.3758
1998-05-11,26.3414
1998-05-12,26.3774
1998-05-13,26.3853
1998-05-14,26.3563
1998-05-15,26.2907
1998-05-16,26.2726
1998-05-17,26.3268
1998-05-18,26.4882
1998-05-19,26.6450
1998-05-20,26.7662
1998-05-21,26.8594
1998-05-22,26.8820
1998-05-23,26.8935
1998-05-24,26.9109
1998-05-25,26.9149
1998-05-26,26.9133
1998-05-27,26.9009
1998-05-28,26.9583
1998-05-29,26.9741
1998-05-30,26.9687
1998-05-31,26.8745
1998-06-01,26.7557
1998-06-02,26.7123
1998-06-03,26.8295
1998-06-04,26.9474
1998-06-05,27.0500
1998-06-06,27.1171
1998-06-07,27.1570
1998-06-08,27.2322
1998-06-09,27.2677
1998-06-10,27.2114
1998-06-11,27.1153
1998-06-12,27.0275
1998-06-13,27.0605
1998-06-14,27.1120
1998-06-15,27.1365
1998-06-16,27.1703
1998-06-17,27.2310
1998-06-18,27.1911
1998-06-19,27.1240
1998-06-20,27.1153
1998-06-21,27.1359
1998-06-22,27.1372
1998-06-23,27.0850
1998-06-24,27.0480
1998-06-25,26.9816
1998-06-26,26.9815
1998-06-27,27.0693
1998-06-28,27.0843
1998-06-29,27.0475
1998-06-30,27.0238
1998-07-01,27.0486
1998-07-02,27.1639
1998-07-03,27.1899
1998-07-04,27.1990
1998-07-05,27.1648
1998-07-06,27.2031
1998-07-07,27.1912
1998-07-08,27.2032
1998-07-09,27.2060
1998-07-10,27.3109
1998-07-11,27.3944
1998-07-12,27.4120
1998-07-13,27.3980
1998-07-14,27.4183
1998-07-15,27.4486
1998-07-16,27.4482
1998-07-17,27.3980
1998-07-18,27.3444
1998-07-19,27.3026
1998-07-20,27.2432
1998-07-21,27.2157
1998-07-22,27.1882
1998-07-23,27.2408
1998-07-24,27.2308
1998-07-25,27.3680
1998-07-26,27.4320
1998-07-27,27.4654
1998-07-28,27.4614
1998-07-29,27.5275
1998-07-30,27.6621
1998-07-31,27.7859
1998-08-01,27.8677
1998-08-02,27.9229
1998-08-03,27.8979
1998-08-04,27.7870
1998-08-05,27.7902
1998-08-06,27.8244
1998-08-07,27.8617
1998-08-08,27.9943
1998-08-09,28.1538
1998-08-10,28.1528
1998-08-11,28.2031
1998-08-12,28.2539
1998-08-13,28.2877
1998-08-14,28.2761
1998-08-15,28.1678
1998-08-16,28.0964
1998-08-17,28.1311
1998-08-18,28.1979
1998-08-19,28.2702
1998-08-20,28.1612
1998-08-21,28.2019
1998-08-22,28.0768
1998-08-23,28.0996
1998-08-24,28.1802
1998-08-25,28.1867
1998-08-26,28.1922
1998-08-27,28.1765
1998-08-28,28.1578
1998-08-29,28.2656
1998-08-30,28.0645
1998-08-31,27.9384
1998-09-01,28.0027
1998-09-02,28.1332
1998-09-03,28.2656
1998-09-04,28.3268
1998-09-05,28.3009
1998-09-06,28.1814
1998-09-07,28.1076
1998-09-08,27.9712
1998-09-09,27.8581
1998-09-10,27.8740
1998-09-11,27.8569
1998-09-12,27.9172
1998-09-13,28.0798
1998-09-14,28.1199
1998-09-15,28.1330
1998-09-16,28.1322
1998-09-17,28.0563
1998-09-18,28.0645
1998-09-19,28.0417
1998-09-20,28.0093
1998-09-21,28.1132
1998-09-22,28.2839
1998-09-23,28.3475
1998-09-24,28.3131
1998-09-25,28.3339
1998-09-26,28.4289
1998-09-27,28.4216
1998-09-28,28.3890
1998-09-29,28.3405
1998-09-30,28.1670
1998-10-01,28.1998
1998-10-02,28.1950
1998-10-03,28.1651
1998-10-04,28.2411
1998-10-05,28.2013
1998-10-06,28.1684
1998-10-07,28.2832
1998-10-08,28.3156
1998-10-09,28.3024
1998-10-10,28.2196
1998-10-11,28.2926
1998-10-12,28.3874
1998-10-13,28.3426
1998-10-14,28.2717
1998-10-15,28.1910
1998-10-16,28.1326
1998-10-17,28.1565
1998-10-18,28.1427
1998-10-19,28.0975
1998-10-20,28.1116
1998-10-21,28.0620
1998-10-22,28.0125
1998-10-23,27.9617
1998-10-24,27.9464
1998-10-25,27.9981
1998-10-26,28.0205
1998-10-27,28.0368
1998-10-28,28.0640
1998-10-29,28.0700
1998-10-30,28.0824
1998-10-31,28.1337
1998-11-01,28.1580
1998-11-02,28.1274
1998-11-03,27.9842
1998-11-04,27.8907
1998-11-05,27.8899
1998-11-06,27.8733
1998-11-07,27.8714
1998-11-08,27.9143
1998-11-09,27.9616
1998-11-10,27.9582
1998-11-11,27.9637
1998-11-12,27.9120
1998-11-13,27.7988
1998-11-14,27.7841
1998-11-15,27.7775
1998-11-16,27.7515
1998-11-17,27.6966
1998-11-18,27.6534
1998-11-19,27.6257
1998-11-20,27.6191
1998-11-21,27.6081
1998-11-22,27.5884
1998-11-23,27.5474
1998-11-24,27.4900
1998-11-25,27.4392
1998-11-26,27.4082
1998-11-27,27.3635
1998-11-28,27.1905
1998-11-29,26.9784
1998-11-30,26.9236
1998-12-01,26.9464
1998-12-02,26.8306
1998-12-03,26.8309
1998-12-04,26.8759
1998-12-05,26.8650
1998-12-06,26.9139
1998-12-07,26.9605
1998-12-08,26.9673
1998-12-09,26.9269
1998-12-10,26.8631
1998-12-11,26.7758
1998-12-12,26.6765
1998-12-13,26.6672
1998-12-14,26.6819
1998-12-15,26.6902
1998-12-16,26.5875
1998-12-17,26.5058
1998-12-18,26.4432
1998-12-19,26.4177
1998-12-20,26.3211
1998-12-21,26.2570
1998-12-22,26.2942
1998-12-23,26.3224
1998-12-24,26.2946
1998-12-25,26.3970
1998-12-26,26.3921
1998-12-27,26.3007
1998-12-28,26.1711
1998-12-29,26.0490
1998-12-30,25.9534
1998-12-31,25.8848
1999-01-01,25.8172
1999-01-02,25.7763
1999-01-03,25.7300
1999-01-04,25.7455
1999-01-05,25.7212
1999-01-06,25.6459
1999-01-07,25.6159
1999-01-08,25.6139
1999-01-09,25.5763
1999-01-10,25.5033
1999-01-11,25.4945
1999-01-12,25.4676
1999-01-13,25.4273
1999-01-14,25.4219
1999-01-15,25.4201
1999-01-16,25.3842
1999-01-17,25.3443
1999-01-18,25.3017
1999-01-19,25.2720
1999-01-20,25.2119
1999-01-21,25.1531
1999-01-22,25.1311
1999-01-23,25.1084
1999-01-24,25.1478
1999-01-25,25.2052
1999-01-26,25.1788
1999-01-27,25.1074
1999-01-28,25.0461
1999-01-29,25.0026
1999-01-30,25.0089
1999-01-31,25.0124
1999-02-01,24.9714
1999-02-02,24.9128
1999-02-03,24.8191
1999-02-04,24.7944
1999-02-05,24.8295
1999-02-06,24.7768
1999-02-07,24.7222
1999-02-08,24.6904
1999-02-09,24.5930
1999-02-10,24.6287
1999-02-11,24.7198
1999-02-12,24.7658
1999-02-13,24.7825
1999-02-14,24.8044
1999-02-15,24.8149
1999-02-16,24.7546
1999-02-17,24.6856
1999-02-18,24.6624
1999-02-19,24.6634
1999-02-20,24.6534
1999-02-21,24.6329
1999-02-22,24.5753
1999-02-23,24.6068
1999-02-24,24.7117
1999-02-25,24.7994
1999-02-26,24.7921
1999-02-27,24.7374
1999-02-28,24.7434
1999-03-01,24.7521
1999-03-02,24.7834
1999-03-03,24.8236
1999-03-04,24.8170
1999-03-05,24.7834
1999-03-06,24.8033
1999-03-07,24.8499
1999-03-08,24.8980
1999-03-09,24.9002
1999-03-10,24.8685
1999-03-11,24.8407
1999-03-12,24.8369
1999-03-13,24.8015
1999-03-14,24.7348
1999-03-15,24.7116
1999-03-16,24.7749
1999-03-17,24.7845
1999-03-18,24.8327
1999-03-19,24.8247
1999-03-20,24.8256
1999-03-21,24.7792
1999-03-22,24.7277
1999-03-23,24.7381
1999-03-24,24.8166
1999-03-25,24.8604
1999-03-26,24.8804
1999-03-27,24.8500
1999-03-28,24.8608
1999-03-29,24.9140
1999-03-30,24.9489
1999-03-31,24.9691
1999-04-01,24.9550
1999-04-02,24.9311
1999-04-03,24.9330
1999-04-04,25.0898
1999-04-05,25.1769
1999-04-06,25.1819
1999-04-07,25.1883
1999-04-08,25.2455
1999-04-09,25.3057
1999-04-10,25.3656
1999-04-11,25.4306
1999-04-12,25.4533
1999-04-13,25.4205
1999-04-14,25.3392
1999-04-15,25.3516
1999-04-16,25.3754
1999-04-17,25.3979
1999-04-18,25.4053
1999-04-19,25.3995
1999-04-20,25.3941
1999-04-21,25.4217
1999-04-22,25.4416
1999-04-23,25.3649
1999-04-24,25.2764
1999-04-25,25.2923
1999-04-26,25.3432
1999-04-27,25.3463
1999-04-28,25.4863
1999-04-29,25.6275
1999-04-30,25.6468
1999-05-01,25.7098
1999-05-02,25.7930
1999-05-03,25.8462
1999-05-04,25.8215
1999-05-05,25.7317
1999-05-06,25.7083
1999-05-07,25.6978
1999-05-08,25.8286
1999-05-09,25.9143
1999-05-10,26.0715
1999-05-11,26.0646
1999-05-12,26.0004
1999-05-13,26.0509
1999-05-14,26.0173
1999-05-15,25.9436
1999-05-16,25.9295
1999-05-17,25.9878
1999-05-18,26.0104
1999-05-19,26.1208
1999-05-20,26.2363
1999-05-21,26.2644
1999-05-22,26.2384
1999-05-23,26.2570
1999-05-24,26.1521
1999-05-25,26.0211
1999-05-26,26.0247
1999-05-27,26.0872
1999-05-28,26.1227
1999-05-29,26.3056
1999-05-30,26.4790
1999-05-31,26.5311
1999-06-01,26.4630
1999-06-02,26.3888
1999-06-03,26.3286
1999-06-04,26.3065
1999-06-05,26.2565
1999-06-06,26.1952
1999-06-07,26.2517
1999-06-08,26.3477
1999-06-09,26.4067
1999-06-10,26.4838
1999-06-11,26.5537
1999-06-12,26.6062
1999-06-13,26.5462
1999-06-14,26.5899
1999-06-15,26.6191
1999-06-16,26.5199
1999-06-17,26.4846
1999-06-18,26.4705
1999-06-19,26.5398
1999-06-20,26.4754
1999-06-21,26.5123
1999-06-22,26.5803
1999-06-23,26.5964
1999-06-24,26.5981
1999-06-25,26.5325
1999-06-26,26.4416
1999-06-27,26.3195
1999-06-28,26.3394
1999-06-29,26.3867
1999-06-30,26.4330
1999-07-01,26.4396
1999-07-02,26.4082
1999-07-03,26.4502
1999-07-04,26.5594
1999-07-05,26.6664
1999-07-06,26.7477
1999-07-07,26.8483
1999-07-08,26.9263
1999-07-09,26.9080
1999-07-10,26.9276
1999-07-11,26.9324
1999-07-12,26.9520
1999-07-13,26.9699
1999-07-14,26.9604
1999-07-15,26.9491
1999-07-16,26.9665
1999-07-17,27.0473
1999-07-18,27.0419
1999-07-19,27.0070
1999-07-20,26.9660
1999-07-21,26.9742
1999-07-22,26.9936
1999-07-23,26.9822
1999-07-24,27.0903
1999-07-25,27.1736
1999-07-26,27.0910
1999-07-27,27.1042
1999-07-28,27.1419
1999-07-29,27.2138
1999-07-30,27.3178
1999-07-31,27.3164
1999-08-01,27.3105
1999-08-02,27.3954
1999-08-03,27.4745
1999-08-04,27.4449
1999-08-05,27.4332
1999-08-06,27.4785
1999-08-07,27.4571
1999-08-08,27.4708
1999-08-09,27.5419
1999-08-10,27.5792
1999-08-11,27.7066
1999-08-12,27.8914
1999-08-13,27.8916
1999-08-14,27.8712
1999-08-15,27.9050
1999-08-16,27.8746
1999-08-17,27.8257
1999-08-18,27.8015
1999-08-19,27.6910
1999-08-20,27.6798
1999-08-21,27.7287
1999-08-22,27.8775
1999-08-23,27.9376
1999-08-24,27.9909
1999-08-25,28.0284
1999-08-26,27.9415
1999-08-27,27.9495
1999-08-28,28.0313
1999-08-29,28.1382
1999-08-30,28.1511
1999-08-31,28.1299
1999-09-01,28.1275
1999-09-02,28.1851
1999-09-03,28.2666
1999-09-04,28.2978
1999-09-05,28.3274
1999-09-06,28.2911
1999-09-07,28.2754
1999-09-08,28.3008
1999-09-09,28.3090
1999-09-10,28.2115
1999-09-11,28.1487
1999-09-12,28.2058
1999-09-13,28.2096
1999-09-14,28.1030
1999-09-15,28.0161
1999-09-16,27.9407
1999-09-17,27.9362
1999-09-18,28.2738
1999-09-19,28.4062
1999-09-20,28.4092
1999-09-21,28.3411
1999-09-22,28.2373
1999-09-23,28.2291
1999-09-24,28.3059
1999-09-25,28.3268
1999-09-26,28.3606
1999-09-27,28.2292
1999-09-28,28.0758
1999-09-29,27.9257
1999-09-30,27.9448
1999-10-01,28.0108
1999-10-02,27.9815
1999-10-03,28.0185
1999-10-04,28.0449
1999-10-05,28.0879
1999-10-06,28.1218
1999-10-07,27.9950
1999-10-08,27.9046
1999-10-09,27.9801
1999-10-10,28.1018
1999-10-11,28.1615
1999-10-12,28.1602
1999-10-13,28.1090
1999-10-14,28.0085
1999-10-15,27.9838
1999-10-16,27.8440
1999-10-17,27.7483
1999-10-18,27.6104
1999-10-19,27.5937
1999-10-20,27.6464
1999-10-21,27.6532
1999-10-22,27.7781
1999-10-23,27.7988
1999-10-24,27.7725
1999-10-25,27.7865
1999-10-26,27.7782
1999-10-27,27.8135
1999-10-28,27.7790
1999-10-29,27.7797
1999-10-30,27.7542
1999-10-31,27.7320
1999-11-01,27.6761
1999-11-02,27.6137
1999-11-03,27.5454
1999-11-04,27.5382
1999-11-05,27.5524
1999-11-06,27.4623
1999-11-07,27.3816
1999-11-08,27.3295
1999-11-09,27.3106
1999-11-10,27.3155
1999-11-11,27.2897
1999-11-12,27.3495
1999-11-13,27.4416
1999-11-14,27.3646
1999-11-15,27.2593
1999-11-16,27.2258
1999-11-17,27.2264
1999-11-18,27.2456
1999-11-19,27.1666
1999-11-20,27.0714
1999-11-21,27.0245
1999-11-22,26.9966
1999-11-23,27.0985
1999-11-24,27.2431
1999-11-25,27.3899
1999-11-26,27.4633
1999-11-27,27.4510
1999-11-28,27.3180
1999-11-29,27.1712
1999-11-30,27.1586
1999-12-01,27.0940
1999-12-02,26.9945
1999-12-03,26.9651
1999-12-04,26.9199
1999-12-05,26.8463
1999-12-06,26.8234
1999-12-07,26.7969
1999-12-08,26.7975
1999-12-09,26.8244
1999-12-10,26.7928
1999-12-11,26.8158
1999-12-12,26.8084
1999-12-13,26.8001
1999-12-14,26.8208
1999-12-15,26.7520
1999-12-16,26.6391
1999-12-17,26.5397
1999-12-18,26.5067
1999-12-19,26.4426
1999-12-20,26.3872
1999-12-21,26.3104
1999-12-22,26.2709
1999-12-23,26.3483
1999-12-24,26.3925
1999-12-25,26.3056
1999-12-26,26.1110
1999-12-27,26.0244
1999-12-28,25.9647
1999-12-29,25.9583
1999-12-30,25.9691
1999-12-31,25.9271
2000-01-01,25.8561
2000-01-02,25.7932
2000-01-03,25.7094
2000-01-04,25.7064
2000-01-05,25.6525
2000-01-06,25.6543
2000-01-07,25.6437
2000-01-08,25.5500
2000-01-09,25.4345
2000-01-10,25.3627
2000-01-11,25.3313
2000-01-12,25.2452
2000-01-13,25.1713
2000-01-14,25.1744
2000-01-15,25.1905
2000-01-16,25.1909
2000-01-17,25.1544
2000-01-18,25.0966
2000-01-19,25.0621
2000-01-20,25.0294
2000-01-21,25.0516
2000-01-22,25.0615
2000-01-23,25.0742
2000-01-24,25.1061
2000-01-25,25.1445
2000-01-26,25.1676
2000-01-27,25.1399
2000-01-28,25.0785
2000-01-29,25.0431
2000-01-30,24.9892
2000-01-31,25.0417
2000-02-01,25.0435
2000-02-02,24.9837
2000-02-03,24.9005
2000-02-04,24.8576
2000-02-05,24.9332
2000-02-06,24.9880
2000-02-07,24.9504
2000-02-08,24.8482
2000-02-09,24.8003
2000-02-10,24.7769
2000-02-11,24.8057
2000-02-12,24.9235
2000-02-13,24.8879
2000-02-14,24.7822
2000-02-15,24.7299
2000-02-16,24.7657
2000-02-17,24.7664
2000-02-18,24.7782
2000-02-19,24.7793
2000-02-20,24.8060
2000-02-21,24.8558
2000-02-22,24.8570
2000-02-23,24.8140
2000-02-24,24.7780
2000-02-25,24.7890
2000-02-26,24.8020
2000-02-27,24.8011
2000-02-28,24.8026
2000-02-29,24.7684
2000-03-01,24.6756
2000-03-02,24.6310
2000-03-03,24.5089
2000-03-04,24.5089
2000-03-05,24.5767
2000-03-06,24.6900
2000-03-07,24.6720
2000-03-08,24.6425
2000-03-09,24.6017
2000-03-10,24.5595
2000-03-11,24.5575
2000-03-12,24.5992
2000-03-13,24.8117
2000-03-14,25.0143
2000-03-15,25.0795
2000-03-16,25.0533
2000-03-17,25.0193
2000-03-18,25.0323
2000-03-19,25.0619
2000-03-20,25.0686
2000-03-21,25.0995
2000-03-22,25.1029
2000-03-23,25.1524
2000-03-24,25.1847
2000-03-25,25.2260
2000-03-26,25.1823
2000-03-27,25.1647
2000-03-28,25.1306
2000-03-29,25.0801
2000-03-30,25.0016
2000-03-31,24.9531
2000-04-01,24.9410
2000-04-02,24.9192
2000-04-03,24.9501
2000-04-04,24.9932
2000-04-05,25.0443
2000-04-06,25.0479
2000-04-07,25.0365
2000-04-08,25.0157
2000-04-09,25.0075
2000-04-10,24.9946
2000-04-11,24.9998
2000-04-12,25.0330
2000-04-13,25.0099
2000-04-14,24.9671
2000-04-15,24.9825
2000-04-16,25.0573
2000-04-17,25.0844
2000-04-18,25.0664
2000-04-19,25.0723
2000-04-20,25.1006
2000-04-21,25.0877
2000-04-22,25.0838
2000-04-23,25.0418
2000-04-24,25.0190
2000-04-25,25.0674
2000-04-26,25.2040
2000-04-27,25.3047
2000-04-28,25.3551
2000-04-29,25.3394
2000-04-30,25.3630
2000-05-01,25.4609
2000-05-02,25.4802
2000-05-03,25.5121
2000-05-04,25.5095
2000-05-05,25.4582
2000-05-06,25.4770
2000-05-07,25.5520
2000-05-08,25.5933
2000-05-09,25.6144
2000-05-10,25.6437
2000-05-11,25.6791
2000-05-12,25.6745
2000-05-13,25.7497
2000-05-14,25.7676
2000-05-15,25.8144
2000-05-16,25.8869
2000-05-17,25.8955
2000-05-18,25.9202
2000-05-19,25.9700
2000-05-20,25.9574
2000-05-21,25.9589
2000-05-22,25.9851
2000-05-23,26.0314
2000-05-24,26.0798
2000-05-25,26.0582
2000-05-26,25.9635
2000-05-27,25.7588
2000-05-28,25.6762
2000-05-29,25.6147
2000-05-30,25.5377
2000-05-31,25.6669
2000-06-01,25.7097
2000-06-02,25.6889
2000-06-03,25.6421
2000-06-04,25.6988
2000-06-05,25.7984
2000-06-06,25.9216
2000-06-07,26.0573
2000-06-08,26.1811
2000-06-09,26.2983
2000-06-10,26.4306
2000-06-11,26.4940
2000-06-12,26.4217
2000-06-13,26.3206
2000-06-14,26.2383
2000-06-15,26.1708
2000-06-16,26.1588
2000-06-17,26.1655
2000-06-18,26.1598
2000-06-19,26.1391
2000-06-20,26.1524
2000-06-21,26.1841
2000-06-22,26.1707
2000-06-23,26.1782
2000-06-24,26.1883
2000-06-25,26.2085
2000-06-26,26.2743
2000-06-27,26.3185
2000-06-28,26.4013
2000-06-29,26.5294
2000-06-30,26.5840
2000-07-01,26.5872
2000-07-02,26.6417
2000-07-03,26.6460
2000-07-04,26.6588
2000-07-05,26.6057
2000-07-06,26.5672
2000-07-07,26.5570
2000-07-08,26.5303
2000-07-09,26.6074
2000-07-10,26.6107
2000-07-11,26.6038
2000-07-12,26.6786
2000-07-13,26.7525
2000-07-14,26.7187
2000-07-15,26.6619
2000-07-16,26.7298
2000-07-17,26.6518
2000-07-18,26.5780
2000-07-19,26.4814
2000-07-20,26.4139
2000-07-21,26.4886
2000-07-22,26.5839
2000-07-23,26.6335
2000-07-24,26.7312
2000-07-25,26.8047
2000-07-26,26.8128
2000-07-27,26.7826
2000-07-28,26.8434
2000-07-29,26.9668
2000-07-30,27.0127
2000-07-31,27.0347
2000-08-01,27.0889
2000-08-02,27.0996
2000-08-03,27.0443
2000-08-04,27.0653
2000-08-05,27.2329
2000-08-06,27.2344
2000-08-07,27.1702
2000-08-08,27.1206
2000-08-09,27.1422
2000-08-10,27.1757
2000-08-11,27.1967
2000-08-12,27.2698
2000-08-13,27.3970
2000-08-14,27.3717
2000-08-15,27.3457
2000-08-16,27.4101
2000-08-17,27.4050
2000-08-18,27.2940
2000-08-19,27.2591
2000-08-20,27.2891
2000-08-21,27.3731
2000-08-22,27.3625
2000-08-23,27.4088
2000-08-24,27.4544
2000-08-25,27.4434
2000-08-26,27.4495
2000-08-27,27.5270
2000-08-28,27.5355
2000-08-29,27.5466
2000-08-30,27.4756
2000-08-31,27.4828
2000-09-01,27.6478
2000-09-02,27.7958
2000-09-03,27.8016
2000-09-04,27.8206
2000-09-05,27.6726
2000-09-06,27.6585
2000-09-07,27.5657
2000-09-08,27.5618
2000-09-09,27.5307
2000-09-10,27.5615
2000-09-11,27.6239
2000-09-12,27.6950
2000-09-13,27.7857
2000-09-14,27.9274
2000-09-15,27.9932
2000-09-16,28.0544
2000-09-17,27.9827
2000-09-18,27.8528
2000-09-19,27.8371
2000-09-20,27.8097
2000-09-21,27.8329
2000-09-22,27.8543
2000-09-23,27.8794
2000-09-24,27.8943
2000-09-25,27.7982
2000-09-26,27.6681
2000-09-27,27.5915
2000-09-28,27.5181
2000-09-29,27.4461
2000-09-30,27.5558
2000-10-01,27.5842
2000-10-02,27.6391
2000-10-03,27.7438
2000-10-04,27.8113
2000-10-05,27.8476
2000-10-06,27.9082
2000-10-07,27.9630
2000-10-08,27.9668
2000-10-09,28.0079
2000-10-10,28.0255
2000-10-11,28.0099
2000-10-12,27.9322
2000-10-13,27.9206
2000-10-14,28.0083
2000-10-15,28.0735
2000-10-16,28.0219
2000-10-17,27.9467
2000-10-18,27.9097
2000-10-19,27.8998
2000-10-20,27.8266
2000-10-21,27.7829
2000-10-22,27.7524
2000-10-23,27.7688
2000-10-24,27.7668
2000-10-25,27.7758
2000-10-26,27.6870
2000-10-27,27.7445
2000-10-28,27.7253
2000-10-29,27.6772
2000-10-30,27.6262
2000-10-31,27.6558
2000-11-01,27.6868
2000-11-02,27.6770
2000-11-03,27.6588
2000-11-04,27.6813
2000-11-05,27.6385
2000-11-06,27.5133
2000-11-07,27.4266
2000-11-08,27.4442
2000-11-09,27.4592
2000-11-10,27.4638
2000-11-11,27.3446
2000-11-12,27.1727
2000-11-13,27.1254
2000-11-14,27.2089
2000-11-15,27.1350
2000-11-16,27.0159
2000-11-17,27.0004
2000-11-18,27.0334
2000-11-19,27.0111
2000-11-20,26.9649
2000-11-21,27.0068
2000-11-22,27.0287
2000-11-23,27.0577
2000-11-24,27.0271
2000-11-25,26.9888
2000-11-26,26.9430
2000-11-27,26.9156
2000-11-28,26.9596
2000-11-29,26.9234
2000-11-30,26.8383
2000-12-01,26.7299
2000-12-02,26.6639
2000-12-03,26.5805
2000-12-04,26.5833
2000-12-05,26.5809
2000-12-06,26.5614
2000-12-07,26.5092
2000-12-08,26.5014
2000-12-09,26.4633
2000-12-10,26.3863
2000-12-11,26.3280
2000-12-12,26.2775
2000-12-13,26.2286
2000-12-14,26.2036
2000-12-15,26.2039
2000-12-16,26.1744
2000-12-17,26.1044
2000-12-18,26.0678
2000-12-19,26.0959
2000-12-20,26.1248
2000-12-21,26.0952
2000-12-22,26.0017
2000-12-23,25.8871
2000-12-24,25.8791
2000-12-25,25.9343
2000-12-26,25.9183
2000-12-27,25.8680
2000-12-28,25.8297
2000-12-29,25.8427
2000-12-30,25.8241
2000-12-31,25.7372
2001-01-01,25.6396
2001-01-02,25.5831
2001-01-03,25.5509
2001-01-04,25.4711
2001-01-05,25.5097
2001-01-06,25.5023
2001-01-07,25.4907
2001-01-08,25.4512
2001-01-09,25.4247
2001-01-10,25.4057
2001-01-11,25.4213
2001-01-12,25.4181
2001-01-13,25.4105
2001-01-14,25.3695
2001-01-15,25.3323
2001-01-16,25.3478
2001-01-17,25.3430
2001-01-18,25.3497
2001-01-19,25.3497
2001-01-20,25.3052
2001-01-21,25.2060
2001-01-22,25.2060
2001-01-23,25.2208
2001-01-24,25.1962
2001-01-25,25.1682
2001-01-26,25.1436
2001-01-27,25.1044
2001-01-28,25.0707
2001-01-29,25.0567
2001-01-30,25.0254
2001-01-31,25.0059
2001-02-01,24.9960
2001-02-02,24.9606
2001-02-03,24.9433
2001-02-04,24.9662
2001-02-05,25.0073
2001-02-06,25.0402
2001-02-07,25.0498
2001-02-08,25.0368
2001-02-09,24.9786
2001-02-10,24.9240
2001-02-11,24.8690
2001-02-12,24.7875
2001-02-13,24.7271
2001-02-14,24.7175
2001-02-15,24.7048
2001-02-16,24.6513
2001-02-17,24.6950
2001-02-18,24.7598
2001-02-19,24.8008
2001-02-20,24.8612
2001-02-21,24.8887
2001-02-22,24.8722
2001-02-23,24.8774
2001-02-24,24.9059
2001-02-25,24.9126
2001-02-26,24.8941
2001-02-27,24.9901
2001-02-28,25.0638
2001-03-01,25.0905
2001-03-02,25.1412
2001-03-03,25.1673
2001-03-04,25.2288
2001-03-05,25.3048
2001-03-06,25.3324
2001-03-07,25.2815
2001-03-08,25.1629
2001-03-09,25.0712
2001-03-10,25.0470
2001-03-11,25.0430
2001-03-12,25.0090
2001-03-13,24.9828
2001-03-14,24.9505
2001-03-15,24.9287
2001-03-16,24.8875
2001-03-17,24.8837
2001-03-18,24.9553
2001-03-19,25.0819
2001-03-20,25.1435
2001-03-21,25.1422
2001-03-22,25.1175
2001-03-23,25.0875
2001-03-24,25.0846
2001-03-25,25.0900
2001-03-26,25.0977
2001-03-27,25.1449
2001-03-28,25.2011
2001-03-29,25.2143
2001-03-30,25.2227
2001-03-31,25.2074
2001-04-01,25.1541
2001-04-02,25.1293
2001-04-03,25.1467
2001-04-04,25.1586
2001-04-05,25.1441
2001-04-06,25.1298
2001-04-07,25.1924
2001-04-08,25.2050
2001-04-09,25.1790
2001-04-10,25.1363
2001-04-11,25.1163
2001-04-12,25.1071
2001-04-13,25.1364
2001-04-14,25.1717
2001-04-15,25.2394
2001-04-16,25.2665
2001-04-17,25.2772
2001-04-18,25.2875
2001-04-19,25.2723
2001-04-20,25.2207
2001-04-21,25.1804
2001-04-22,25.2285
2001-04-23,25.2868
2001-04-24,25.3755
2001-04-25,25.4425
2001-04-26,25.4649
2001-04-27,25.4653
2001-04-28,25.4828
2001-04-29,25.5147
2001-04-30,25.5173
2001-05-01,25.5685
2001-05-02,25.6018
2001-05-03,25.5808
2001-05-04,25.6157
2001-05-05,25.7067
2001-05-06,25.7471
2001-05-07,25.7527
2001-05-08,25.7465
2001-05-09,25.6913
2001-05-10,25.6955
2001-05-11,25.6980
2001-05-12,25.6930
2001-05-13,25.6977
2001-05-14,25.7120
2001-05-15,25.7449
2001-05-16,25.7462
2001-05-17,25.8617
2001-05-18,26.0331
2001-05-19,26.1209
2001-05-20,26.1503
2001-05-21,26.1063
2001-05-22,26.1164
2001-05-23,26.1551
2001-05-24,26.1552
2001-05-25,26.1784
2001-05-26,26.2199
2001-05-27,26.3245
2001-05-28,26.4040
2001-05-29,26.3911
2001-05-30,26.3763
2001-05-31,26.3988
2001-06-01,26.3590
2001-06-02,26.4007
2001-06-03,26.4297
2001-06-04,26.3891
2001-06-05,26.3341
2001-06-06,26.2535
2001-06-07,26.1740
2001-06-08,26.1330
2001-06-09,26.1866
2001-06-10,26.3058
2001-06-11,26.3747
2001-06-12,26.3626
2001-06-13,26.3669
2001-06-14,26.4099
2001-06-15,26.4943
2001-06-16,26.5347
2001-06-17,26.4783
2001-06-18,26.4358
2001-06-19,26.4446
2001-06-20,26.3587
2001-06-21,26.3142
2001-06-22,26.3327
2001-06-23,26.3562
2001-06-24,26.5050
2001-06-25,26.5684
2001-06-26,26.5943
2001-06-27,26.7078
2001-06-28,26.7247
2001-06-29,26.7475
2001-06-30,26.7027
2001-07-01,26.7394
2001-07-02,26.7242
2001-07-03,26.7077
2001-07-04,26.7299
2001-07-05,26.7067
2001-07-06,26.7303
2001-07-07,26.8213
2001-07-08,26.8722
2001-07-09,26.8914
2001-07-10,26.9268
2001-07-11,26.9534
2001-07-12,27.0705
2001-07-13,27.0286
2001-07-14,27.0147
2001-07-15,27.0423
2001-07-16,27.0781
2001-07-17,27.0031
2001-07-18,27.1270
2001-07-19,27.1890
2001-07-20,27.2472
2001-07-21,27.2622
2001-07-22,27.3369
2001-07-23,27.3697
2001-07-24,27.4131
2001-07-25,27.3586
2001-07-26,27.2929
2001-07-27,27.2255
2001-07-28,27.2258
2001-07-29,27.2381
2001-07-30,27.4259
2001-07-31,27.5489
2001-08-01,27.5760
2001-08-02,27.5631
2001-08-03,27.6222
2001-08-04,27.6460
2001-08-05,27.5958
2001-08-06,27.6282
2001-08-07,27.6427
2001-08-08,27.7306
2001-08-09,27.6856
2001-08-10,27.6029
2001-08-11,27.5242
2001-08-12,27.5666
2001-08-13,27.5161
2001-08-14,27.4984
2001-08-15,27.5285
2001-08-16,27.6362
2001-08-17,27.6811
2001-08-18,27.6630
2001-08-19,27.6628
2001-08-20,27.6161
2001-08-21,27.6384
2001-08-22,27.7042
2001-08-23,27.8410
2001-08-24,27.9094
2001-08-25,27.8880
2001-08-26,27.8639
2001-08-27,27.8419
2001-08-28,27.8666
2001-08-29,27.9347
2001-08-30,27.9181
2001-08-31,27.9582
2001-09-01,28.0055
2001-09-02,28.1098
2001-09-03,28.1059
2001-09-04,27.9981
2001-09-05,27.9429
2001-09-06,27.9271
2001-09-07,27.9339
2001-09-08,27.8955
2001-09-09,27.8231
2001-09-10,27.7903
2001-09-11,27.8023
2001-09-12,27.8247
2001-09-13,27.8920
2001-09-14,27.9070
2001-09-15,27.8691
2001-09-16,27.7839
2001-09-17,27.9048
2001-09-18,27.9973
2001-09-19,28.1401
2001-09-20,28.2667
2001-09-21,28.3058
2001-09-22,28.3277
2001-09-23,28.2681
2001-09-24,28.2347
2001-09-25,28.1866
2001-09-26,28.2449
2001-09-27,28.2840
2001-09-28,28.2767
2001-09-29,28.1098
2001-09-30,28.0783
2001-10-01,28.0677
2001-10-02,28.0439
2001-10-03,28.0187
2001-10-04,28.0061
2001-10-05,27.9869
2001-10-06,27.9984
2001-10-07,28.0380
2001-10-08,28.0049
2001-10-09,27.9712
2001-10-10,27.9257
2001-10-11,27.9326
2001-10-12,27.9344
2001-10-13,27.9156
2001-10-14,27.8750
2001-10-15,27.8102
2001-10-16,27.7842
2001-10-17,27.7528
2001-10-18,27.7053
2001-10-19,27.6771
2001-10-20,27.6347
2001-10-21,27.7560
2001-10-22,27.7794
2001-10-23,27.8123
2001-10-24,27.8854
2001-10-25,27.9867
2001-10-26,28.0304
2001-10-27,28.0133
2001-10-28,28.0435
2001-10-29,28.0081
2001-10-30,27.9294
2001-10-31,27.8509
2001-11-01,27.9102
2001-11-02,27.9151
2001-11-03,27.8722
2001-11-04,27.7437
2001-11-05,27.7893
2001-11-06,27.8679
2001-11-07,27.9632
2001-11-08,27.9574
2001-11-09,27.9106
2001-11-10,27.8705
2001-11-11,27.9125
2001-11-12,27.9411
2001-11-13,27.8751
2001-11-14,27.8100
2001-11-15,27.7739
2001-11-16,27.7564
2001-11-17,27.7427
2001-11-18,27.7011
2001-11-19,27.6362
2001-11-20,27.6660
2001-11-21,27.6749
2001-11-22,27.6348
2001-11-23,27.6013
2001-11-24,27.5829
2001-11-25,27.5388
2001-11-26,27.4849
2001-11-27,27.4060
2001-11-28,27.3275
2001-11-29,27.2560
2001-11-30,27.2682
2001-12-01,27.3127
2001-12-02,27.3115
2001-12-03,27.1999
2001-12-04,27.1611
2001-12-05,27.1983
2001-12-06,27.2563
2001-12-07,27.2530
2001-12-08,27.2236
2001-12-09,27.1916
2001-12-10,27.1501
2001-12-11,27.1302
2001-12-12,27.1361
2001-12-13,27.1100
2001-12-14,27.0632
2001-12-15,27.0242
2001-12-16,26.9888
2001-12-17,26.9473
2001-12-18,26.9431
2001-12-19,26.8379
2001-12-20,26.8102
2001-12-21,26.8653
2001-12-22,26.8339
2001-12-23,26.7906
2001-12-24,26.8253
2001-12-25,26.7925
2001-12-26,26.8466
2001-12-27,26.8769
2001-12-28,26.9286
2001-12-29,26.9325
2001-12-30,26.8648
2001-12-31,26.7933
2002-01-01,26.7472
2002-01-02,26.6890
2002-01-03,26.6657
2002-01-04,26.7020
2002-01-05,26.6703
2002-01-06,26.6372
2002-01-07,26.6843
2002-01-08,26.6887
2002-01-09,26.6488
2002-01-10,26.6409
2002-01-11,26.6201
2002-01-12,26.5507
2002-01-13,26.4595
2002-01-14,26.4070
2002-01-15,26.3493
2002-01-16,26.2917
2002-01-17,26.2172
2002-01-18,26.2070
2002-01-19,26.1386
2002-01-20,26.0573
2002-01-21,26.0051
2002-01-22,26.0325
2002-01-23,26.0747
2002-01-24,26.1080
2002-01-25,26.1108
2002-01-26,26.0366
2002-01-27,25.9964
2002-01-28,25.9906
2002-01-29,25.9812
2002-01-30,25.9641
2002-01-31,25.9603
2002-02-01,25.9163
2002-02-02,25.9027
2002-02-03,25.8966
2002-02-04,25.9146
2002-02-05,25.9342
2002-02-06,25.8779
2002-02-07,25.7731
2002-02-08,25.7026
2002-02-09,25.6559
2002-02-10,25.6025
2002-02-11,25.5559
2002-02-12,25.5809
2002-02-13,25.6046
2002-02-14,25.5846
2002-02-15,25.5604
2002-02-16,25.5369
2002-02-17,25.4960
2002-02-18,25.4391
2002-02-19,25.3940
2002-02-20,25.3628
2002-02-21,25.3456
2002-02-22,25.3942
2002-02-23,25.4106
2002-02-24,25.4384
2002-02-25,25.5150
2002-02-26,25.5689
2002-02-27,25.6127
2002-02-28,25.5684
2002-03-01,25.5666
2002-03-02,25.5575
2002-03-03,25.5176
2002-03-04,25.4574
2002-03-05,25.4609
2002-03-06,25.4551
2002-03-07,25.4184
2002-03-08,25.4115
2002-03-09,25.4140
2002-03-10,25.4606
2002-03-11,25.5072
2002-03-12,25.4845
2002-03-13,25.4851
2002-03-14,25.4729
2002-03-15,25.4591
2002-03-16,25.4715
2002-03-17,25.4902
2002-03-18,25.5045
2002-03-19,25.5510
2002-03-20,25.6138
2002-03-21,25.6163
2002-03-22,25.5926
2002-03-23,25.5024
2002-03-24,25.3494
2002-03-25,25.2495
2002-03-26,25.2701
2002-03-27,25.3574
2002-03-28,25.4142
2002-03-29,25.4265
2002-03-30,25.4071
2002-03-31,25.3846
2002-04-01,25.4061
2002-04-02,25.4076
2002-04-03,25.3875
2002-04-04,25.3823
2002-04-05,25.4311
2002-04-06,25.4800
2002-04-07,25.5287
2002-04-08,25.6098
2002-04-09,25.6436
2002-04-10,25.6395
2002-04-11,25.6564
2002-04-12,25.6469
2002-04-13,25.6543
2002-04-14,25.6385
2002-04-15,25.5663
2002-04-16,25.5076
2002-04-17,25.4789
2002-04-18,25.5118
2002-04-19,25.5488
2002-04-20,25.5864
2002-04-21,25.5804
2002-04-22,25.6317
2002-04-23,25.6241
2002-04-24,25.5970
2002-04-25,25.5642
2002-04-26,25.6281
2002-04-27,25.7517
2002-04-28,25.8178
2002-04-29,25.8196
2002-04-30,25.7775
2002-05-01,25.7735
2002-05-02,25.7979
2002-05-03,25.8251
2002-05-04,25.8728
2002-05-05,25.8799
2002-05-06,25.8828
2002-05-07,25.8958
2002-05-08,25.9259
2002-05-09,25.9263
2002-05-10,25.9327
2002-05-11,25.9453
2002-05-12,25.9990
2002-05-13,26.0389
2002-05-14,26.0474
2002-05-15,26.0085
2002-05-16,25.9139
2002-05-17,25.7456
2002-05-18,25.6323
2002-05-19,25.5768
2002-05-20,25.5234
2002-05-21,25.5377
2002-05-22,25.6125
2002-05-23,25.6769
2002-05-24,25.8221
2002-05-25,25.9566
2002-05-26,26.0871
2002-05-27,26.1390
2002-05-28,26.1448
2002-05-29,26.1173
2002-05-30,26.1743
2002-05-31,26.2223
2002-06-01,26.3680
2002-06-02,26.3531
2002-06-03,26.2577
2002-06-04,26.1954
2002-06-05,26.0517
2002-06-06,25.9879
2002-06-07,25.9694
2002-06-08,26.0790
2002-06-09,26.2019
2002-06-10,26.2604
2002-06-11,26.3082
2002-06-12,26.3693
2002-06-13,26.4392
2002-06-14,26.3460
2002-06-15,26.2871
2002-06-16,26.2333
2002-06-17,26.3375
2002-06-18,26.4587
2002-06-19,26.4602
2002-06-20,26.3747
2002-06-21,26.3819
2002-06-22,26.4316
2002-06-23,26.4535
2002-06-24,26.3896
2002-06-25,26.4272
2002-06-26,26.4580
2002-06-27,26.5375
2002-06-28,26.5546
2002-06-29,26.5394
2002-06-30,26.5525
2002-07-01,26.4532
2002-07-02,26.4001
2002-07-03,26.3988
2002-07-04,26.4583
2002-07-05,26.4429
2002-07-06,26.4974
2002-07-07,26.5116
2002-07-08,26.4773
2002-07-09,26.5288
2002-07-10,26.5771
2002-07-11,26.5957
2002-07-12,26.5660
2002-07-13,26.6599
2002-07-14,26.6794
2002-07-15,26.7056
2002-07-16,26.6569
2002-07-17,26.5460
2002-07-18,26.4817
2002-07-19,26.4665
2002-07-20,26.5453
2002-07-21,26.6170
2002-07-22,26.6130
2002-07-23,26.5773
2002-07-24,26.5904
2002-07-25,26.6022
2002-07-26,26.6490
2002-07-27,26.6880
2002-07-28,26.8986
2002-07-29,26.8755
2002-07-30,26.9641
2002-07-31,27.0537
2002-08-01,27.2332
2002-08-02,27.3376
2002-08-03,27.3064
2002-08-04,27.2697
2002-08-05,27.3296
2002-08-06,27.4308
2002-08-07,27.3942
2002-08-08,27.3713
2002-08-09,27.3849
2002-08-10,27.4548
2002-08-11,27.4726
2002-08-12,27.4096
2002-08-13,27.3208
2002-08-14,27.2865
2002-08-15,27.2508
2002-08-16,27.2756
2002-08-17,27.3463
2002-08-18,27.3920
2002-08-19,27.3737
2002-08-20,27.3570
2002-08-21,27.3566
2002-08-22,27.4950
2002-08-23,27.6064
2002-08-24,27.7074
2002-08-25,27.6926
2002-08-26,27.6924
2002-08-27,27.7359
2002-08-28,27.6832
2002-08-29,27.5689
2002-08-30,27.5725
2002-08-31,27.5672
2002-09-01,27.6439
2002-09-02,27.7535
2002-09-03,27.9605
2002-09-04,28.1363
2002-09-05,28.1517
2002-09-06,28.0551
2002-09-07,27.9341
2002-09-08,27.7880
2002-09-09,27.6956
2002-09-10,27.6169
2002-09-11,27.7132
2002-09-12,27.7678
2002-09-13,27.7522
2002-09-14,27.7466
2002-09-15,27.7902
2002-09-16,27.7807
2002-09-17,27.8481
2002-09-18,27.9338
2002-09-19,27.9453
2002-09-20,27.9618
2002-09-21,27.9278
2002-09-22,27.8320
2002-09-23,27.7627
2002-09-24,27.6830
2002-09-25,27.7366
2002-09-26,27.7954
2002-09-27,27.8779
2002-09-28,27.9949
2002-09-29,27.9895
2002-09-30,27.9760
2002-10-01,28.0980
2002-10-02,28.1153
2002-10-03,28.0455
2002-10-04,27.9780
2002-10-05,27.9549
2002-10-06,28.0321
2002-10-07,28.0680
2002-10-08,28.1178
2002-10-09,28.2012
2002-10-10,28.2026
2002-10-11,28.1461
2002-10-12,28.1168
2002-10-13,28.1413
2002-10-14,28.1120
2002-10-15,28.0733
2002-10-16,28.0972
2002-10-17,28.0920
2002-10-18,28.1388
2002-10-19,28.1895
2002-10-20,28.1543
2002-10-21,28.1186
2002-10-22,28.0748
2002-10-23,28.0379
2002-10-24,27.9907
2002-10-25,27.9782
2002-10-26,27.9266
2002-10-27,27.9069
2002-10-28,27.8764
2002-10-29,27.9243
2002-10-30,27.9658
2002-10-31,27.9674
2002-11-01,27.8543
2002-11-02,27.7689
2002-11-03,27.7304
2002-11-04,27.7101
2002-11-05,27.6460
2002-11-06,27.6216
2002-11-07,27.6189
2002-11-08,27.6637
2002-11-09,27.7308
2002-11-10,27.6725
2002-11-11,27.5895
2002-11-12,27.5821
2002-11-13,27.5601
2002-11-14,27.5874
2002-11-15,27.6159
2002-11-16,27.6145
2002-11-17,27.6294
2002-11-18,27.5911
2002-11-19,27.5449
2002-11-20,27.4865
2002-11-21,27.4706
2002-11-22,27.4609
2002-11-23,27.4433
2002-11-24,27.3945
2002-11-25,27.4183
2002-11-26,27.4818
2002-11-27,27.4536
2002-11-28,27.3972
2002-11-29,27.3271
2002-11-30,27.2244
2002-12-01,27.1020
2002-12-02,26.9879
2002-12-03,26.9135
2002-12-04,26.9069
2002-12-05,26.9152
2002-12-06,26.9230
2002-12-07,26.8685
2002-12-08,26.7968
2002-12-09,26.6815
2002-12-10,26.5940
2002-12-11,26.5443
2002-12-12,26.5022
2002-12-13,26.4821
2002-12-14,26.4895
2002-12-15,26.5461
2002-12-16,26.5382
2002-12-17,26.4873
2002-12-18,26.5151
2002-12-19,26.4750
2002-12-20,26.4637
2002-12-21,26.4594
2002-12-22,26.4630
2002-12-23,26.4510
2002-12-24,26.4229
2002-12-25,26.3487
2002-12-26,26.2711
2002-12-27,26.2322
2002-12-28,26.1270
2002-12-29,26.1107
2002-12-30,26.1262
2002-12-31,26.1713
2003-01-01,26.2553
2003-01-02,26.2448
2003-01-03,26.1758
2003-01-04,26.1493
2003-01-05,26.1465
2003-01-06,26.1158
2003-01-07,26.0950
2003-01-08,26.0730
2003-01-09,26.0472
2003-01-10,26.0142
2003-01-11,26.0084
2003-01-12,25.9677
2003-01-13,25.9351
2003-01-14,25.8959
2003-01-15,25.8705
2003-01-16,25.8670
2003-01-17,25.8267
2003-01-18,25.7320
2003-01-19,25.6184
2003-01-20,25.5568
2003-01-21,25.4561
2003-01-22,25.5003
2003-01-23,25.5594
2003-01-24,25.5814
2003-01-25,25.5459
2003-01-26,25.4784
2003-01-27,25.4074
2003-01-28,25.3456
2003-01-29,25.2537
2003-01-30,25.2210
2003-01-31,25.2640
2003-02-01,25.3130
2003-02-02,25.3339
2003-02-03,25.3219
2003-02-04,25.3305
2003-02-05,25.3317
2003-02-06,25.3353
2003-02-07,25.2854
2003-02-08,25.2313
2003-02-09,25.2351
2003-02-10,25.2491
2003-02-11,25.2647
2003-02-12,25.2935
2003-02-13,25.3522
2003-02-14,25.3720
2003-02-15,25.3197
2003-02-16,25.2661
2003-02-17,25.2210
2003-02-18,25.1501
2003-02-19,25.1404
2003-02-20,25.1419
2003-02-21,25.1534
2003-02-22,25.1691
2003-02-23,25.1718
2003-02-24,25.1147
2003-02-25,25.0581
2003-02-26,25.0337
2003-02-27,25.1164
2003-02-28,25.1794
2003-03-01,25.2076
2003-03-02,25.2230
2003-03-03,25.1553
2003-03-04,25.1187
2003-03-05,25.0194
2003-03-06,24.9670
2003-03-07,25.0230
2003-03-08,25.0127
2003-03-09,25.0053
2003-03-10,25.0055
2003-03-11,25.0221
2003-03-12,25.0844
2003-03-13,25.0926
2003-03-14,25.0920
2003-03-15,25.0706
2003-03-16,25.0836
2003-03-17,25.0243
2003-03-18,25.0190
2003-03-19,25.0575
2003-03-20,25.0908
2003-03-21,25.1612
2003-03-22,25.1708
2003-03-23,25.1882
2003-03-24,25.2141
2003-03-25,25.2571
2003-03-26,25.3195
2003-03-27,25.3432
2003-03-28,25.3975
2003-03-29,25.4530
2003-03-30,25.4753
2003-03-31,25.4329
2003-04-01,25.3894
2003-04-02,25.3779
2003-04-03,25.4213
2003-04-04,25.4422
2003-04-05,25.4338
2003-04-06,25.3497
2003-04-07,25.2913
2003-04-08,25.2946
2003-04-09,25.2942
2003-04-10,25.2906
2003-04-11,25.3176
2003-04-12,25.2842
2003-04-13,25.2829
2003-04-14,25.2977
2003-04-15,25.3570
2003-04-16,25.4670
2003-04-17,25.5358
2003-04-18,25.5887
2003-04-19,25.6239
2003-04-20,25.5894
2003-04-21,25.5539
2003-04-22,25.5926
2003-04-23,25.6864
2003-04-24,25.7677
2003-04-25,25.7738
2003-04-26,25.7210
2003-04-27,25.6702
2003-04-28,25.6758
2003-04-29,25.6748
2003-04-30,25.6706
2003-05-01,25.6035
2003-05-02,25.6093
2003-05-03,25.6617
2003-05-04,25.6026
2003-05-05,25.5798
2003-05-06,25.5687
2003-05-07,25.6199
2003-05-08,25.6438
2003-05-09,25.6770
2003-05-10,25.8242
2003-05-11,25.9416
2003-05-12,25.8818
2003-05-13,25.8452
2003-05-14,25.8844
2003-05-15,25.9029
2003-05-16,25.9465
2003-05-17,25.9815
2003-05-18,26.0044
2003-05-19,26.0868
2003-05-20,26.1850
2003-05-21,26.2402
2003-05-22,26.1166
2003-05-23,26.0633
2003-05-24,25.9283
2003-05-25,25.8118
2003-05-26,25.7316
2003-05-27,25.7396
2003-05-28,25.8065
2003-05-29,25.9621
2003-05-30,26.1577
2003-05-31,26.3029
2003-06-01,26.4301
2003-06-02,26.4726
2003-06-03,26.4050
2003-06-04,26.3798
2003-06-05,26.2804
2003-06-06,26.1959
2003-06-07,26.0916
2003-06-08,25.9838
2003-06-09,25.9697
2003-06-10,25.9525
2003-06-11,25.9527
2003-06-12,26.1508
2003-06-13,26.2734
2003-06-14,26.3703
2003-06-15,26.4360
2003-06-16,26.4598
2003-06-17,26.3848
2003-06-18,26.3475
2003-06-19,26.3870
2003-06-20,26.3073
2003-06-21,26.3397
2003-06-22,26.3382
2003-06-23,26.3867
2003-06-24,26.4434
2003-06-25,26.5084
2003-06-26,26.4987
2003-06-27,26.4414
2003-06-28,26.4623
2003-06-29,26.4804
2003-06-30,26.6442
2003-07-01,26.7888
2003-07-02,26.8544
2003-07-03,26.8455
2003-07-04,26.7694
2003-07-05,26.7749
2003-07-06,26.6550
2003-07-07,26.5952
2003-07-08,26.5671
2003-07-09,26.5530
2003-07-10,26.5431
2003-07-11,26.5669
2003-07-12,26.7036
2003-07-13,26.8486
2003-07-14,26.9823
2003-07-15,26.9800
2003-07-16,26.9766
2003-07-17,26.9648
2003-07-18,26.9777
2003-07-19,27.0297
2003-07-20,27.0580
2003-07-21,27.1030
2003-07-22,27.0631
2003-07-23,26.9346
2003-07-24,26.9371
2003-07-25,27.0337
2003-07-26,27.0745
2003-07-27,27.0993
2003-07-28,27.0936
2003-07-29,27.0591
2003-07-30,27.0392
2003-07-31,26.9571
2003-08-01,27.1497
2003-08-02,27.2318
2003-08-03,27.3332
2003-08-04,27.4173
2003-08-05,27.4760
2003-08-06,27.5490
2003-08-07,27.5660
2003-08-08,27.5609
2003-08-09,27.5853
2003-08-10,27.6831
2003-08-11,27.8157
2003-08-12,27.9248
2003-08-13,28.0040
2003-08-14,27.9681
2003-08-15,28.0162
2003-08-16,28.1041
2003-08-17,28.1951
2003-08-18,28.2078
2003-08-19,28.1643
2003-08-20,28.1349
2003-08-21,28.1704
2003-08-22,28.1893
2003-08-23,28.1572
2003-08-24,28.1712
2003-08-25,28.1196
2003-08-26,28.0245
2003-08-27,27.9971
2003-08-28,28.0056
2003-08-29,28.0197
2003-08-30,28.0493
2003-08-31,28.1451
2003-09-01,28.1431
2003-09-02,28.1189
2003-09-03,28.1019
2003-09-04,28.1729
2003-09-05,28.1811
2003-09-06,27.9938
2003-09-07,27.8716
2003-09-08,27.8198
2003-09-09,27.8638
2003-09-10,27.9768
2003-09-11,28.0915
2003-09-12,28.2221
2003-09-13,28.2813
2003-09-14,28.2790
2003-09-15,28.2279
2003-09-16,28.1630
2003-09-17,28.2038
2003-09-18,28.1704
2003-09-19,28.2110
2003-09-20,28.3276
2003-09-21,28.4878
2003-09-22,28.4088
2003-09-23,28.3582
2003-09-24,28.3311
2003-09-25,28.3673
2003-09-26,28.3976
2003-09-27,28.4385
2003-09-28,28.5339
2003-09-29,28.5450
2003-09-30,28.5906
2003-10-01,28.6221
2003-10-02,28.6778
2003-10-03,28.7263
2003-10-04,28.7628
2003-10-05,28.7049
2003-10-06,28.6328
2003-10-07,28.5797
2003-10-08,28.6477
2003-10-09,28.6090
2003-10-10,28.6472
2003-10-11,28.5937
2003-10-12,28.5196
2003-10-13,28.5028
2003-10-14,28.5181
2003-10-15,28.5225
2003-10-16,28.5942
2003-10-17,28.6572
2003-10-18,28.6733
2003-10-19,28.6441
2003-10-20,28.5882
2003-10-21,28.5778
2003-10-22,28.5806
2003-10-23,28.5208
2003-10-24,28.4787
2003-10-25,28.3983
2003-10-26,28.3023
2003-10-27,28.2885
2003-10-28,28.3113
2003-10-29,28.3181
2003-10-30,28.2932
2003-10-31,28.2780
2003-11-01,28.2569
2003-11-02,28.1709
2003-11-03,28.1035
2003-11-04,28.0903
2003-11-05,28.0515
2003-11-06,28.0189
2003-11-07,27.9627
2003-11-08,27.9375
2003-11-09,27.9289
2003-11-10,27.8647
2003-11-11,27.7380
2003-11-12,27.7132
2003-11-13,27.7289
2003-11-14,27.7512
2003-11-15,27.7276
2003-11-16,27.8170
2003-11-17,27.8904
2003-11-18,27.8697
2003-11-19,27.7756
2003-11-20,27.6643
2003-11-21,27.6091
2003-11-22,27.6277
2003-11-23,27.6152
2003-11-24,27.7080
2003-11-25,27.7118
2003-11-26,27.7338
2003-11-27,27.7124
2003-11-28,27.6481
2003-11-29,27.5459
2003-11-30,27.4559
2003-12-01,27.4079
2003-12-02,27.4348
2003-12-03,27.3760
2003-12-04,27.3049
2003-12-05,27.3190
2003-12-06,27.3055
2003-12-07,27.2580
2003-12-08,27.2440
2003-12-09,27.2145
2003-12-10,27.1488
2003-12-11,27.1455
2003-12-12,27.1484
2003-12-13,27.1498
2003-12-14,27.1148
2003-12-15,27.0262
2003-12-16,26.9891
2003-12-17,26.9706
2003-12-18,26.9247
2003-12-19,26.8696
2003-12-20,26.8115
2003-12-21,26.7509
2003-12-22,26.7047
2003-12-23,26.6328
2003-12-24,26.6413
2003-12-25,26.6457
2003-12-26,26.6173
2003-12-27,26.6282
2003-12-28,26.6261
2003-12-29,26.6201
2003-12-30,26.5828
2003-12-31,26.4406
2004-01-01,26.3687
2004-01-02,26.4021
2004-01-03,26.3524
2004-01-04,26.2817
2004-01-05,26.2599
2004-01-06,26.2269
2004-01-07,26.2225
2004-01-08,26.1985
2004-01-09,26.1739
2004-01-10,26.1467
2004-01-11,26.1614
2004-01-12,26.1362
2004-01-13,26.0912
2004-01-14,26.0950
2004-01-15,26.0663
2004-01-16,26.0552
2004-01-17,26.0416
2004-01-18,25.9982
2004-01-19,25.9980
2004-01-20,26.0268
2004-01-21,25.9977
2004-01-22,26.0239
2004-01-23,25.9599
2004-01-24,25.8584
2004-01-25,25.8254
2004-01-26,25.8132
2004-01-27,25.8052
2004-01-28,25.8179
2004-01-29,25.8336
2004-01-30,25.8572
2004-01-31,25.8494
2004-02-01,25.8714
2004-02-02,25.8974
2004-02-03,25.8917
2004-02-04,25.8920
2004-02-05,25.7827
2004-02-06,25.6415
2004-02-07,25.6169
2004-02-08,25.5937
2004-02-09,25.6263
2004-02-10,25.7072
2004-02-11,25.7298
2004-02-12,25.7632
2004-02-13,25.7603
2004-02-14,25.6360
2004-02-15,25.5095
2004-02-16,25.4290
2004-02-17,25.3925
2004-02-18,25.4501
2004-02-19,25.5322
2004-02-20,25.5867
2004-02-21,25.6018
2004-02-22,25.5871
2004-02-23,25.5583
2004-02-24,25.5118
2004-02-25,25.5100
2004-02-26,25.5173
2004-02-27,25.5299
2004-02-28,25.5354
2004-02-29,25.5500
2004-03-01,25.5227
2004-03-02,25.5240
2004-03-03,25.5629
2004-03-04,25.5376
2004-03-05,25.4191
2004-03-06,25.2617
2004-03-07,25.2218
2004-03-08,25.3549
2004-03-09,25.4432
2004-03-10,25.5188
2004-03-11,25.5760
2004-03-12,25.5843
2004-03-13,25.5741
2004-03-14,25.4741
2004-03-15,25.3690
2004-03-16,25.3332
2004-03-17,25.2599
2004-03-18,25.2091
2004-03-19,25.1983
2004-03-20,25.1672
2004-03-21,25.1908
2004-03-22,25.1937
2004-03-23,25.2170
2004-03-24,25.2594
2004-03-25,25.3194
2004-03-26,25.3220
2004-03-27,25.3822
2004-03-28,25.4314
2004-03-29,25.4158
2004-03-30,25.4773
2004-03-31,25.5734
2004-04-01,25.6188
2004-04-02,25.7105
2004-04-03,25.7740
2004-04-04,25.7712
2004-04-05,25.7574
2004-04-06,25.6804
2004-04-07,25.6593
2004-04-08,25.7237
2004-04-09,25.8675
2004-04-10,26.0165
2004-04-11,26.1228
2004-04-12,26.1525
2004-04-13,26.0913
2004-04-14,26.0522
2004-04-15,26.0956
2004-04-16,26.0647
2004-04-17,26.0327
2004-04-18,26.0198
2004-04-19,26.0267
2004-04-20,26.0401
2004-04-21,26.0417
2004-04-22,26.0002
2004-04-23,25.9371
2004-04-24,25.8532
2004-04-25,25.9401
2004-04-26,25.9845
2004-04-27,25.9779
2004-04-28,26.0324
2004-04-29,26.1680
2004-04-30,26.2330
2004-05-01,26.2598
2004-05-02,26.2591
2004-05-03,26.1322
2004-05-04,26.0543
2004-05-05,26.0388
2004-05-06,26.0857
2004-05-07,26.1131
2004-05-08,26.0818
2004-05-09,26.0825
2004-05-10,26.0954
2004-05-11,26.0422
2004-05-12,26.1126
2004-05-13,26.1915
2004-05-14,26.1789
2004-05-15,26.1465
2004-05-16,26.1012
2004-05-17,26.0173
2004-05-18,26.0419
2004-05-19,26.1108
2004-05-20,26.1551
2004-05-21,26.1597
2004-05-22,26.0829
2004-05-23,26.0531
2004-05-24,26.1058
2004-05-25,26.1915
2004-05-26,26.1593
2004-05-27,26.0905
2004-05-28,26.2206
2004-05-29,26.3635
2004-05-30,26.4198
2004-05-31,26.4515
2004-06-01,26.4443
2004-06-02,26.3622
2004-06-03,26.1675
2004-06-04,26.3292
2004-06-05,26.3403
2004-06-06,26.3044
2004-06-07,26.2736
2004-06-08,26.2161
2004-06-09,26.2194
2004-06-10,26.2170
2004-06-11,26.3371
2004-06-12,26.3495
2004-06-13,26.4111
2004-06-14,26.4871
2004-06-15,26.5859
2004-06-16,26.7340
2004-06-17,26.6976
2004-06-18,26.6897
2004-06-19,26.6287
2004-06-20,26.6392
2004-06-21,26.7619
2004-06-22,26.8568
2004-06-23,26.8497
2004-06-24,26.9398
2004-06-25,26.9358
2004-06-26,26.7638
2004-06-27,26.8313
2004-06-28,26.8015
2004-06-29,26.8309
2004-06-30,26.8630
2004-07-01,26.8649
2004-07-02,26.8031
2004-07-03,26.8162
2004-07-04,26.8548
2004-07-05,26.8461
2004-07-06,26.9275
2004-07-07,26.9475
2004-07-08,26.8814
2004-07-09,26.9035
2004-07-10,26.8349
2004-07-11,26.7690
2004-07-12,26.7290
2004-07-13,26.6936
2004-07-14,26.9001
2004-07-15,27.0755
2004-07-16,27.1305
2004-07-17,27.1166
2004-07-18,27.0307
2004-07-19,26.9551
2004-07-20,26.8969
2004-07-21,26.9018
2004-07-22,26.9600
2004-07-23,27.1157
2004-07-24,27.2685
2004-07-25,27.4244
2004-07-26,27.5057
2004-07-27,27.6155
2004-07-28,27.7550
2004-07-29,27.8266
2004-07-30,27.8429
2004-07-31,27.6965
2004-08-01,27.6502
2004-08-02,27.7008
2004-08-03,27.8033
2004-08-04,27.7016
2004-08-05,27.6484
2004-08-06,27.5942
2004-08-07,27.5975
2004-08-08,27.7623
2004-08-09,27.8773
2004-08-10,27.9398
2004-08-11,28.0335
2004-08-12,28.0449
2004-08-13,27.8712
2004-08-14,27.8075
2004-08-15,27.8528
2004-08-16,27.8331
2004-08-17,27.7923
2004-08-18,27.6940
2004-08-19,27.6836
2004-08-20,27.7892
2004-08-21,27.8532
2004-08-22,28.0095
2004-08-23,28.1215
2004-08-24,28.1732
2004-08-25,28.0440
2004-08-26,28.0405
2004-08-27,28.0822
2004-08-28,28.1581
2004-08-29,28.1882
2004-08-30,28.1770
2004-08-31,28.2690
2004-09-01,28.2271
2004-09-02,28.3006
2004-09-03,28.2438
2004-09-04,28.0194
2004-09-05,28.0096
2004-09-06,28.1151
2004-09-07,28.0568
2004-09-08,28.1235
2004-09-09,28.1933
2004-09-10,28.2012
2004-09-11,28.2123
2004-09-12,28.2979
2004-09-13,28.1407
2004-09-14,28.1148
2004-09-15,28.0308
2004-09-16,28.0347
2004-09-17,28.1119
2004-09-18,28.1618
2004-09-19,28.2669
2004-09-20,28.1721
2004-09-21,28.1136
2004-09-22,28.2843
2004-09-23,28.3917
2004-09-24,28.4445
2004-09-25,28.4924
2004-09-26,28.5577
2004-09-27,28.6060
2004-09-28,28.5724
2004-09-29,28.5138
2004-09-30,28.4906
2004-10-01,28.4633
2004-10-02,28.4408
2004-10-03,28.4103
2004-10-04,28.3829
2004-10-05,28.3815
2004-10-06,28.4040
2004-10-07,28.4140
2004-10-08,28.4545
2004-10-09,28.4875
2004-10-10,28.4932
2004-10-11,28.5321
2004-10-12,28.5624
2004-10-13,28.6088
2004-10-14,28.7119
2004-10-15,28.6921
2004-10-16,28.5805
2004-10-17,28.5083
2004-10-18,28.4962
2004-10-19,28.5552
2004-10-20,28.5360
2004-10-21,28.5304
2004-10-22,28.5992
2004-10-23,28.6359
2004-10-24,28.6715
2004-10-25,28.6377
2004-10-26,28.5448
2004-10-27,28.4276
2004-10-28,28.3046
2004-10-29,28.1835
2004-10-30,28.0729
2004-10-31,28.0874
2004-11-01,28.0638
2004-11-02,28.0576
2004-11-03,28.0413
2004-11-04,28.0910
2004-11-05,28.0599
2004-11-06,28.0627
2004-11-07,28.1075
2004-11-08,28.1181
2004-11-09,28.0921
2004-11-10,28.1033
2004-11-11,28.0991
2004-11-12,28.0800
2004-11-13,27.9968
2004-11-14,27.9395
2004-11-15,27.9625
2004-11-16,28.0362
2004-11-17,27.9990
2004-11-18,27.9400
2004-11-19,27.8871
2004-11-20,27.7431
2004-11-21,27.6456
2004-11-22,27.6354
2004-11-23,27.6484
2004-11-24,27.6067
2004-11-25,27.6282
2004-11-26,27.6086
2004-11-27,27.5842
2004-11-28,27.5993
2004-11-29,27.5182
2004-11-30,27.4785
2004-12-01,27.4444
2004-12-02,27.3967
2004-12-03,27.3703
2004-12-04,27.3089
2004-12-05,27.2810
2004-12-06,27.2539
2004-12-07,27.2172
2004-12-08,27.1743
2004-12-09,27.1179
2004-12-10,27.0843
2004-12-11,27.0807
2004-12-12,27.0729
2004-12-13,27.0211
2004-12-14,26.9783
2004-12-15,26.9424
2004-12-16,26.8758
2004-12-17,26.8303
2004-12-18,26.7429
2004-12-19,26.7244
2004-12-20,26.7251
2004-12-21,26.7064
2004-12-22,26.6953
2004-12-23,26.6830
2004-12-24,26.6600
2004-12-25,26.6877
2004-12-26,26.7045
2004-12-27,26.7359
2004-12-28,26.6872
2004-12-29,26.6732
2004-12-30,26.6181
2004-12-31,26.5137
2005-01-01,26.5414
2005-01-02,26.4967
2005-01-03,26.4097
2005-01-04,26.3034
2005-01-05,26.2662
2005-01-06,26.1645
2005-01-07,26.1104
2005-01-08,25.9459
2005-01-09,25.8290
2005-01-10,25.8190
2005-01-11,25.8227
2005-01-12,25.9211
2005-01-13,25.9801
2005-01-14,25.9918
2005-01-15,25.9826
2005-01-16,25.9952
2005-01-17,26.0356
2005-01-18,25.9846
2005-01-19,25.9407
2005-01-20,25.9293
2005-01-21,25.9457
2005-01-22,25.9560
2005-01-23,25.8819
2005-01-24,25.8159
2005-01-25,25.7808
2005-01-26,25.7379
2005-01-27,25.7040
2005-01-28,25.6879
2005-01-29,25.6684
2005-01-30,25.6246
2005-01-31,25.6318
2005-02-01,25.6999
2005-02-02,25.7937
2005-02-03,25.7800
2005-02-04,25.6867
2005-02-05,25.6882
2005-02-06,25.6667
2005-02-07,25.6147
2005-02-08,25.5828
2005-02-09,25.5711
2005-02-10,25.6223
2005-02-11,25.6911
2005-02-12,25.7013
2005-02-13,25.6291
2005-02-14,25.5502
2005-02-15,25.6015
2005-02-16,25.6753
2005-02-17,25.7017
2005-02-18,25.6725
2005-02-19,25.6147
2005-02-20,25.6028
2005-02-21,25.6105
2005-02-22,25.5904
2005-02-23,25.5835
2005-02-24,25.5874
2005-02-25,25.6077
2005-02-26,25.6429
2005-02-27,25.6301
2005-02-28,25.6258
2005-03-01,25.6269
2005-03-02,25.6519
2005-03-03,25.6930
2005-03-04,25.7473
2005-03-05,25.8158
2005-03-06,25.8361
2005-03-07,25.8217
2005-03-08,25.8573
2005-03-09,25.9225
2005-03-10,25.9519
2005-03-11,25.9390
2005-03-12,25.9579
2005-03-13,26.0569
2005-03-14,26.1389
2005-03-15,26.1034
2005-03-16,26.1181
2005-03-17,26.1143
2005-03-18,26.0959
2005-03-19,26.1082
2005-03-20,26.1429
2005-03-21,26.1548
2005-03-22,26.1549
2005-03-23,26.1677
2005-03-24,26.1945
2005-03-25,26.1955
2005-03-26,26.2140
2005-03-27,26.1843
2005-03-28,26.1259
2005-03-29,26.1303
2005-03-30,26.1638
2005-03-31,26.1499
2005-04-01,26.1281
2005-04-02,26.1802
2005-04-03,26.2714
2005-04-04,26.2974
2005-04-05,26.2832
2005-04-06,26.3234
2005-04-07,26.2970
2005-04-08,26.2709
2005-04-09,26.3058
2005-04-10,26.3015
2005-04-11,26.3356
2005-04-12,26.3319
2005-04-13,26.3751
2005-04-14,26.3384
2005-04-15,26.2861
2005-04-16,26.2807
2005-04-17,26.2824
2005-04-18,26.2759
2005-04-19,26.2739
2005-04-20,26.4357
2005-04-21,26.6147
2005-04-22,26.7312
2005-04-23,26.7808
2005-04-24,26.8454
2005-04-25,26.8787
2005-04-26,26.8756
2005-04-27,26.8999
2005-04-28,26.9365
2005-04-29,26.9685
2005-04-30,26.9355
2005-05-01,26.8421
2005-05-02,26.9718
2005-05-03,27.1344
2005-05-04,27.2291
2005-05-05,27.2253
2005-05-06,27.2081
2005-05-07,27.1813
2005-05-08,27.0697
2005-05-09,26.9950
2005-05-10,26.9277
2005-05-11,26.7601
2005-05-12,26.6383
2005-05-13,26.6461
2005-05-14,26.6097
2005-05-15,26.6316
2005-05-16,26.7389
2005-05-17,26.7383
2005-05-18,26.8054
2005-05-19,26.9872
2005-05-20,27.0759
2005-05-21,27.1635
2005-05-22,27.2836
2005-05-23,27.3903
2005-05-24,27.4745
2005-05-25,27.6941
2005-05-26,27.8032
2005-05-27,27.6187
2005-05-28,27.4486
2005-05-29,27.3648
2005-05-30,27.3159
2005-05-31,27.3437
2005-06-01,27.3936
2005-06-02,27.3806
2005-06-03,27.3893
2005-06-04,27.4647
2005-06-05,27.4589
2005-06-06,27.4507
2005-06-07,27.3896
2005-06-08,27.2886
2005-06-09,27.1885
2005-06-10,27.0498
2005-06-11,26.9621
2005-06-12,26.9400
2005-06-13,26.9498
2005-06-14,27.1586
2005-06-15,27.2774
2005-06-16,27.4749
2005-06-17,27.6998
2005-06-18,27.7686
2005-06-19,27.7329
2005-06-20,27.6659
2005-06-21,27.7652
2005-06-22,27.7695
2005-06-23,27.8714
2005-06-24,27.9128
2005-06-25,27.9063
2005-06-26,27.8875
2005-06-27,27.7834
2005-06-28,27.7078
2005-06-29,27.6070
2005-06-30,27.6613
2005-07-01,27.7579
2005-07-02,27.7648
2005-07-03,27.7216
2005-07-04,27.7281
2005-07-05,27.8620
2005-07-06,27.9392
2005-07-07,27.9460
2005-07-08,27.9253
2005-07-09,27.8858
2005-07-10,27.7590
2005-07-11,27.7631
2005-07-12,27.7263
2005-07-13,27.6917
2005-07-14,27.6577
2005-07-15,27.6755
2005-07-16,27.7511
2005-07-17,27.8570
2005-07-18,27.8644
2005-07-19,27.8200
2005-07-20,27.8521
2005-07-21,27.8543
2005-07-22,27.7868
2005-07-23,27.8178
2005-07-24,27.7289
2005-07-25,27.8464
2005-07-26,27.9971
2005-07-27,28.1666
2005-07-28,28.2396
2005-07-29,28.0834
2005-07-30,28.0669
2005-07-31,28.0456
2005-08-01,27.9766
2005-08-02,28.0024
2005-08-03,27.9818
2005-08-04,27.9704
2005-08-05,27.9774
2005-08-06,28.0312
2005-08-07,28.2048
2005-08-08,28.3524
2005-08-09,28.3115
2005-08-10,28.2241
2005-08-11,28.1538
2005-08-12,28.1535
2005-08-13,28.1822
2005-08-14,28.4131
2005-08-15,28.4376
2005-08-16,28.4897
2005-08-17,28.3571
2005-08-18,28.3409
2005-08-19,28.2680
2005-08-20,28.2606
2005-08-21,28.3798
2005-08-22,28.3330
2005-08-23,28.3158
2005-08-24,28.3379
2005-08-25,28.2694
2005-08-26,28.3417
2005-08-27,28.5342
2005-08-28,28.5784
2005-08-29,28.5135
2005-08-30,28.5273
2005-08-31,28.4142
2005-09-01,28.4578
2005-09-02,28.6112
2005-09-03,28.7696
2005-09-04,28.8150
2005-09-05,28.8569
2005-09-06,28.9021
2005-09-07,28.8540
2005-09-08,28.8912
2005-09-09,28.8963
2005-09-10,28.7866
2005-09-11,28.7963
2005-09-12,28.8246
2005-09-13,28.7956
2005-09-14,28.6880
2005-09-15,28.6664
2005-09-16,28.6950
2005-09-17,28.7235
2005-09-18,28.7249
2005-09-19,28.6991
2005-09-20,28.7730
2005-09-21,28.6727
2005-09-22,28.4877
2005-09-23,28.5084
2005-09-24,28.5426
2005-09-25,28.7199
2005-09-26,28.7915
2005-09-27,28.8299
2005-09-28,28.8373
2005-09-29,28.8050
2005-09-30,28.7860
2005-10-01,28.7575
2005-10-02,28.6965
2005-10-03,28.5453
2005-10-04,28.5732
2005-10-05,28.5754
2005-10-06,28.5716
2005-10-07,28.6282
2005-10-08,28.5040
2005-10-09,28.4827
2005-10-10,28.5079
2005-10-11,28.4975
2005-10-12,28.5546
2005-10-13,28.5781
2005-10-14,28.5633
2005-10-15,28.5095
2005-10-16,28.4741
2005-10-17,28.5333
2005-10-18,28.5753
2005-10-19,28.5225
2005-10-20,28.4347
2005-10-21,28.3550
2005-10-22,28.3180
2005-10-23,28.2793
2005-10-24,28.1958
2005-10-25,28.1504
2005-10-26,28.1296
2005-10-27,28.1391
2005-10-28,28.2099
2005-10-29,28.2134
2005-10-30,28.1403
2005-10-31,28.0922
2005-11-01,28.0274
2005-11-02,28.0799
2005-11-03,28.0846
2005-11-04,28.0746
2005-11-05,28.0634
2005-11-06,28.0746
2005-11-07,28.0515
2005-11-08,28.0226
2005-11-09,27.9736
2005-11-10,27.9547
2005-11-11,27.9155
2005-11-12,27.7954
2005-11-13,27.7341
2005-11-14,27.5998
2005-11-15,27.5829
2005-11-16,27.5673
2005-11-17,27.5589
2005-11-18,27.5511
2005-11-19,27.5034
2005-11-20,27.4778
2005-11-21,27.4824
2005-11-22,27.5804
2005-11-23,27.6206
2005-11-24,27.6203
2005-11-25,27.6398
2005-11-26,27.6092
2005-11-27,27.5348
2005-11-28,27.6587
2005-11-29,27.7427
2005-11-30,27.6360
2005-12-01,27.5634
2005-12-02,27.6054
2005-12-03,27.6026
2005-12-04,27.4935
2005-12-05,27.4456
2005-12-06,27.4631
2005-12-07,27.4318
2005-12-08,27.3878
2005-12-09,27.3394
2005-12-10,27.3051
2005-12-11,27.2412
2005-12-12,27.1182
2005-12-13,27.0169
2005-12-14,26.9616
2005-12-15,27.0033
2005-12-16,27.0623
2005-12-17,27.0452
2005-12-18,26.9982
2005-12-19,26.9635
2005-12-20,26.9350
2005-12-21,26.9071
2005-12-22,26.8606
2005-12-23,26.8118
2005-12-24,26.7507
2005-12-25,26.7086
2005-12-26,26.6493
2005-12-27,26.6566
2005-12-28,26.6245
2005-12-29,26.6011
2005-12-30,26.5867
2005-12-31,26.5305
2006-01-01,26.5189
2006-01-02,26.4153
2006-01-03,26.3496
2006-01-04,26.2979
2006-01-05,26.2247
2006-01-06,26.2375
2006-01-07,26.2748
2006-01-08,26.2817
2006-01-09,26.2641
2006-01-10,26.2413
2006-01-11,26.2171
2006-01-12,26.1593
2006-01-13,26.1086
2006-01-14,26.0587
2006-01-15,25.9883
2006-01-16,25.9269
2006-01-17,25.9253
2006-01-18,25.9441
2006-01-19,25.9418
2006-01-20,25.9384
2006-01-21,25.8906
2006-01-22,25.8381
2006-01-23,25.7740
2006-01-24,25.7300
2006-01-25,25.7041
2006-01-26,25.6815
2006-01-27,25.6672
2006-01-28,25.6219
2006-01-29,25.5717
2006-01-30,25.5666
2006-01-31,25.5717
2006-02-01,25.5899
2006-02-02,25.5821
2006-02-03,25.5627
2006-02-04,25.5334
2006-02-05,25.5063
2006-02-06,25.4417
2006-02-07,25.4275
2006-02-08,25.3815
2006-02-09,25.3798
2006-02-10,25.3850
2006-02-11,25.3931
2006-02-12,25.3888
2006-02-13,25.3898
2006-02-14,25.4000
2006-02-15,25.3708
2006-02-16,25.3515
2006-02-17,25.3316
2006-02-18,25.3259
2006-02-19,25.3057
2006-02-20,25.2904
2006-02-21,25.2960
2006-02-22,25.3079
2006-02-23,25.3034
2006-02-24,25.2883
2006-02-25,25.2438
2006-02-26,25.2057
2006-02-27,25.1947
2006-02-28,25.1911
2006-03-01,25.1451
2006-03-02,25.1001
2006-03-03,25.0840
2006-03-04,25.0958
2006-03-05,25.1134
2006-03-06,25.1320
2006-03-07,25.1528
2006-03-08,25.1635
2006-03-09,25.1056
2006-03-10,25.1175
2006-03-11,25.0672
2006-03-12,24.9802
2006-03-13,24.9840
2006-03-14,25.0151
2006-03-15,25.0594
2006-03-16,25.0775
2006-03-17,25.0945
2006-03-18,25.1281
2006-03-19,25.2715
2006-03-20,25.3597
2006-03-21,25.3823
2006-03-22,25.3951
2006-03-23,25.4023
2006-03-24,25.3880
2006-03-25,25.3977
2006-03-26,25.3419
2006-03-27,25.3372
2006-03-28,25.3775
2006-03-29,25.4008
2006-03-30,25.4740
2006-03-31,25.5293
2006-04-01,25.6294
2006-04-02,25.6544
2006-04-03,25.6401
2006-04-04,25.6344
2006-04-05,25.7598
2006-04-06,25.7293
2006-04-07,25.6881
2006-04-08,25.6500
2006-04-09,25.6066
2006-04-10,25.7440
2006-04-11,25.7859
2006-04-12,25.7413
2006-04-13,25.7670
2006-04-14,25.8223
2006-04-15,25.8599
2006-04-16,25.8603
2006-04-17,25.7854
2006-04-18,25.7456
2006-04-19,25.9524
2006-04-20,26.0280
2006-04-21,26.0051
2006-04-22,26.0210
2006-04-23,26.0268
2006-04-24,26.0676
2006-04-25,26.0640
2006-04-26,26.0294
2006-04-27,25.9355
2006-04-28,25.9414
2006-04-29,26.0820
2006-04-30,26.2012
2006-05-01,26.2436
2006-05-02,26.2372
2006-05-03,26.2544
2006-05-04,26.2376
2006-05-05,26.2522
2006-05-06,26.2689
2006-05-07,26.2423
2006-05-08,26.2286
2006-05-09,26.2555
2006-05-10,26.3915
2006-05-11,26.4587
2006-05-12,26.5293
2006-05-13,26.6504
2006-05-14,26.8125
2006-05-15,26.8777
2006-05-16,26.9089
2006-05-17,26.9069
2006-05-18,26.8409
2006-05-19,26.7577
2006-05-20,26.6821
2006-05-21,26.6189
2006-05-22,26.6534
2006-05-23,26.6963
2006-05-24,26.7743
2006-05-25,26.7922
2006-05-26,26.7908
2006-05-27,26.7959
2006-05-28,26.8454
2006-05-29,26.9060
2006-05-30,26.8557
2006-05-31,26.8232
2006-06-01,26.7825
2006-06-02,26.8177
2006-06-03,26.9262
2006-06-04,26.9362
2006-06-05,26.9097
2006-06-06,26.9286
2006-06-07,26.8984
2006-06-08,26.8033
2006-06-09,26.6995
2006-06-10,26.6930
2006-06-11,26.7007
2006-06-12,26.7220
2006-06-13,26.7548
2006-06-14,26.6688
2006-06-15,26.6760
2006-06-16,26.7559
2006-06-17,26.7445
2006-06-18,26.7476
2006-06-19,26.7637
2006-06-20,26.6593
2006-06-21,26.7977
2006-06-22,26.8475
2006-06-23,27.0346
2006-06-24,27.1271
2006-06-25,27.1578
2006-06-26,27.2267
2006-06-27,27.1324
2006-06-28,27.1242
2006-06-29,27.1224
2006-06-30,27.2144
2006-07-01,27.2429
2006-07-02,27.1508
2006-07-03,27.0679
2006-07-04,26.9056
2006-07-05,27.0876
2006-07-06,27.0661
2006-07-07,26.9386
2006-07-08,26.8600
2006-07-09,26.8096
2006-07-10,26.8502
2006-07-11,26.9594
2006-07-12,27.0142
2006-07-13,26.9596
2006-07-14,26.9553
2006-07-15,27.0788
2006-07-16,27.1774
2006-07-17,27.1876
2006-07-18,27.1037
2006-07-19,27.1797
2006-07-20,27.1472
2006-07-21,27.1557
2006-07-22,27.1129
2006-07-23,26.9282
2006-07-24,27.0362
2006-07-25,27.0870
2006-07-26,27.0479
2006-07-27,26.9994
2006-07-28,27.0110
2006-07-29,27.0868
2006-07-30,27.1614
2006-07-31,27.2873
2006-08-01,27.3819
2006-08-02,27.3698
2006-08-03,27.3603
2006-08-04,27.3266
2006-08-05,27.2826
2006-08-06,27.1989
2006-08-07,27.1828
2006-08-08,27.3180
2006-08-09,27.4608
2006-08-10,27.6063
2006-08-11,27.6848
2006-08-12,27.7274
2006-08-13,27.8717
2006-08-14,27.9275
2006-08-15,27.9536
2006-08-16,27.9791
2006-08-17,27.9827
2006-08-18,27.8424
2006-08-19,27.7923
2006-08-20,27.7966
2006-08-21,27.8532
2006-08-22,27.7985
2006-08-23,27.8701
2006-08-24,27.9078
2006-08-25,27.9461
2006-08-26,28.0084
2006-08-27,28.1528
2006-08-28,28.1844
2006-08-29,28.2649
2006-08-30,28.2870
2006-08-31,28.2551
2006-09-01,28.1315
2006-09-02,27.9946
2006-09-03,27.9904
2006-09-04,28.2626
2006-09-05,28.1988
2006-09-06,28.1574
2006-09-07,28.2222
2006-09-08,28.2255
2006-09-09,28.2537
2006-09-10,28.2013
2006-09-11,28.1569
2006-09-12,28.1142
2006-09-13,28.1342
2006-09-14,28.1938
2006-09-15,28.2823
2006-09-16,28.3503
2006-09-17,28.4198
2006-09-18,28.4280
2006-09-19,28.5003
2006-09-20,28.5249
2006-09-21,28.5881
2006-09-22,28.5967
2006-09-23,28.6076
2006-09-24,28.6469
2006-09-25,28.6097
2006-09-26,28.6213
2006-09-27,28.6697
2006-09-28,28.7088
2006-09-29,28.7490
2006-09-30,28.7845
2006-10-01,28.7595
2006-10-02,28.7115
2006-10-03,28.6953
2006-10-04,28.6809
2006-10-05,28.6450
2006-10-06,28.5766
2006-10-07,28.4325
2006-10-08,28.3384
2006-10-09,28.3155
2006-10-10,28.3424
2006-10-11,28.3910
2006-10-12,28.3812
2006-10-13,28.3499
2006-10-14,28.4098
2006-10-15,28.4737
2006-10-16,28.5433
2006-10-17,28.4804
2006-10-18,28.4179
2006-10-19,28.4522
2006-10-20,28.4385
2006-10-21,28.4739
2006-10-22,28.5186
2006-10-23,28.5713
2006-10-24,28.6189
2006-10-25,28.5844
2006-10-26,28.5295
2006-10-27,28.5462
2006-10-28,28.5126
2006-10-29,28.4531
2006-10-30,28.3601
2006-10-31,28.2864
2006-11-01,28.2724
2006-11-02,28.2961
2006-11-03,28.3436
2006-11-04,28.3481
2006-11-05,28.3732
2006-11-06,28.4306
2006-11-07,28.4431
2006-11-08,28.4242
2006-11-09,28.4058
2006-11-10,28.3687
2006-11-11,28.3152
2006-11-12,28.2412
2006-11-13,28.1622
2006-11-14,28.1487
2006-11-15,28.2050
2006-11-16,28.2682
2006-11-17,28.1969
2006-11-18,28.1573
2006-11-19,28.1154
2006-11-20,28.0842
2006-11-21,28.0040
2006-11-22,27.9583
2006-11-23,27.9509
2006-11-24,27.8939
2006-11-25,27.6947
2006-11-26,27.5868
2006-11-27,27.6064
2006-11-28,27.5946
2006-11-29,27.5416
2006-11-30,27.5054
2006-12-01,27.4599
2006-12-02,27.4667
2006-12-03,27.3912
2006-12-04,27.2609
2006-12-05,27.2733
2006-12-06,27.2709
2006-12-07,27.2900
2006-12-08,27.2227
2006-12-09,27.1654
2006-12-10,27.0828
2006-12-11,27.0224
2006-12-12,26.9152
2006-12-13,26.8297
2006-12-14,26.8014
2006-12-15,26.7876
2006-12-16,26.7791
2006-12-17,26.7831
2006-12-18,26.8774
2006-12-19,26.8539
2006-12-20,26.7893
2006-12-21,26.7683
2006-12-22,26.7427
2006-12-23,26.7356
2006-12-24,26.6772
2006-12-25,26.6024
2006-12-26,26.5351
2006-12-27,26.5256
2006-12-28,26.4846
2006-12-29,26.4450
2006-12-30,26.4147
2006-12-31,26.3735
2007-01-01,26.4333
2007-01-02,26.3436
2007-01-03,26.2551
2007-01-04,26.1221
2007-01-05,26.0809
2007-01-06,26.0756
2007-01-07,26.0686
2007-01-08,26.0673
2007-01-09,26.1317
2007-01-10,26.1377
2007-01-11,26.0799
2007-01-12,26.0292
2007-01-13,26.0123
2007-01-14,25.9616
2007-01-15,25.8509
2007-01-16,25.7462
2007-01-17,25.6720
2007-01-18,25.6856
2007-01-19,25.7487
2007-01-20,25.7580
2007-01-21,25.7503
2007-01-22,25.7248
2007-01-23,25.6968
2007-01-24,25.7021
2007-01-25,25.7524
2007-01-26,25.7930
2007-01-27,25.7959
2007-01-28,25.7924
2007-01-29,25.7772
2007-01-30,25.7611
2007-01-31,25.7766
2007-02-01,25.7554
2007-02-02,25.7237
2007-02-03,25.7212
2007-02-04,25.7017
2007-02-05,25.6839
2007-02-06,25.6963
2007-02-07,25.6894
2007-02-08,25.7639
2007-02-09,25.8545
2007-02-10,25.8751
2007-02-11,25.8660
2007-02-12,25.8873
2007-02-13,25.8723
2007-02-14,25.8597
2007-02-15,25.8517
2007-02-16,25.8420
2007-02-17,25.8364
2007-02-18,25.8337
2007-02-19,25.8396
2007-02-20,25.7896
2007-02-21,25.7791
2007-02-22,25.7982
2007-02-23,25.8236
2007-02-24,25.8244
2007-02-25,25.7870
2007-02-26,25.7611
2007-02-27,25.7496
2007-02-28,25.7333
2007-03-01,25.6823
2007-03-02,25.6311
2007-03-03,25.5909
2007-03-04,25.5609
2007-03-05,25.5499
2007-03-06,25.5457
2007-03-07,25.5340
2007-03-08,25.5355
2007-03-09,25.5554
2007-03-10,25.5888
2007-03-11,25.5881
2007-03-12,25.5794
2007-03-13,25.5811
2007-03-14,25.5289
2007-03-15,25.5580
2007-03-16,25.6018
2007-03-17,25.5999
2007-03-18,25.5207
2007-03-19,25.4355
2007-03-20,25.4133
2007-03-21,25.3961
2007-03-22,25.4129
2007-03-23,25.4468
2007-03-24,25.4767
2007-03-25,25.4679
2007-03-26,25.4548
2007-03-27,25.5422
2007-03-28,25.6003
2007-03-29,25.6563
2007-03-30,25.6553
2007-03-31,25.6504
2007-04-01,25.6292
2007-04-02,25.6353
2007-04-03,25.6691
2007-04-04,25.6832
2007-04-05,25.7325
2007-04-06,25.7137
2007-04-07,25.6745
2007-04-08,25.6629
2007-04-09,25.6998
2007-04-10,25.7419
2007-04-11,25.7493
2007-04-12,25.7117
2007-04-13,25.7468
2007-04-14,25.8418
2007-04-15,25.8687
2007-04-16,25.8473
2007-04-17,25.8117
2007-04-18,25.8381
2007-04-19,25.9239
2007-04-20,26.0064
2007-04-21,26.0715
2007-04-22,26.1460
2007-04-23,26.1754
2007-04-24,26.1486
2007-04-25,26.1107
2007-04-26,26.1089
2007-04-27,26.1292
2007-04-28,26.1133
2007-04-29,26.0536
2007-04-30,26.0182
2007-05-01,26.0231
2007-05-02,26.0123
2007-05-03,26.0399
2007-05-04,26.1058
2007-05-05,26.1360
2007-05-06,26.1642
2007-05-07,26.1903
2007-05-08,26.2008
2007-05-09,26.2056
2007-05-10,26.1920
2007-05-11,26.2149
2007-05-12,26.2452
2007-05-13,26.2421
2007-05-14,26.3261
2007-05-15,26.3695
2007-05-16,26.3582
2007-05-17,26.3752
2007-05-18,26.3534
2007-05-19,26.3396
2007-05-20,26.4066
2007-05-21,26.4507
2007-05-22,26.5450
2007-05-23,26.5806
2007-05-24,26.6374
2007-05-25,26.6478
2007-05-26,26.6463
2007-05-27,26.6409
2007-05-28,26.6086
2007-05-29,26.5571
2007-05-30,26.5523
2007-05-31,26.4859
2007-06-01,26.4716
2007-06-02,26.4934
2007-06-03,26.5557
2007-06-04,26.6365
2007-06-05,26.6580
2007-06-06,26.7010
2007-06-07,26.7729
2007-06-08,26.8403
2007-06-09,26.9242
2007-06-10,26.9463
2007-06-11,26.9000
2007-06-12,26.7940
2007-06-13,26.7890
2007-06-14,26.7962
2007-06-15,26.7844
2007-06-16,26.8069
2007-06-17,26.7565
2007-06-18,26.7115
2007-06-19,26.7358
2007-06-20,26.7811
2007-06-21,26.7872
2007-06-22,26.8046
2007-06-23,26.7770
2007-06-24,26.8779
2007-06-25,26.9557
2007-06-26,26.9144
2007-06-27,26.8549
2007-06-28,26.7581
2007-06-29,26.7359
2007-06-30,26.7184
2007-07-01,26.8542
2007-07-02,26.9138
2007-07-03,26.9959
2007-07-04,27.0409
2007-07-05,27.1095
2007-07-06,27.1174
2007-07-07,27.0862
2007-07-08,27.0626
2007-07-09,27.0250
2007-07-10,26.9951
2007-07-11,26.8823
2007-07-12,26.8486
2007-07-13,26.8384
2007-07-14,26.8075
2007-07-15,26.8143
2007-07-16,26.9255
2007-07-17,26.9416
2007-07-18,26.9836
2007-07-19,27.0129
2007-07-20,27.0016
2007-07-21,27.0355
2007-07-22,27.1048
2007-07-23,27.0875
2007-07-24,27.0941
2007-07-25,27.1541
2007-07-26,27.2538
2007-07-27,27.3499
2007-07-28,27.3978
2007-07-29,27.4364
2007-07-30,27.4372
2007-07-31,27.4908
2007-08-01,27.4812
2007-08-02,27.4437
2007-08-03,27.4367
2007-08-04,27.4828
2007-08-05,27.5728
2007-08-06,27.6053
2007-08-07,27.5622
2007-08-08,27.5899
2007-08-09,27.5690
2007-08-10,27.5974
2007-08-11,27.6128
2007-08-12,27.6183
2007-08-13,27.5824
2007-08-14,27.5480
2007-08-15,27.4857
2007-08-16,27.4739
2007-08-17,27.4046
2007-08-18,27.3644
2007-08-19,27.3616
2007-08-20,27.4107
2007-08-21,27.4818
2007-08-22,27.5236
2007-08-23,27.5700
2007-08-24,27.6391
2007-08-25,27.7365
2007-08-26,27.7086
2007-08-27,27.6839
2007-08-28,27.5973
2007-08-29,27.5802
2007-08-30,27.6333
2007-08-31,27.6654
2007-09-01,27.6946
2007-09-02,27.7097
2007-09-03,27.7656
2007-09-04,27.8719
2007-09-05,27.9233
2007-09-06,27.9485
2007-09-07,27.9661
2007-09-08,27.9373
2007-09-09,27.9273
2007-09-10,27.9255
2007-09-11,27.9400
2007-09-12,27.9623
2007-09-13,28.0060
2007-09-14,28.0842
2007-09-15,28.1328
2007-09-16,28.0985
2007-09-17,28.0701
2007-09-18,28.0895
2007-09-19,28.0527
2007-09-20,28.0850
2007-09-21,28.1290
2007-09-22,28.1743
2007-09-23,28.1850
2007-09-24,28.1949
2007-09-25,28.1772
2007-09-26,28.1227
2007-09-27,28.1175
2007-09-28,28.1381
2007-09-29,28.1858
2007-09-30,28.1995
2007-10-01,28.1913
2007-10-02,28.1604
2007-10-03,28.1917
2007-10-04,28.1938
2007-10-05,28.2045
2007-10-06,28.2178
2007-10-07,28.2151
2007-10-08,28.2015
2007-10-09,28.1671
2007-10-10,28.1612
2007-10-11,28.1932
2007-10-12,28.2154
2007-10-13,28.2458
2007-10-14,28.2494
2007-10-15,28.1986
2007-10-16,28.1960
2007-10-17,28.2014
2007-10-18,28.1932
2007-10-19,28.1796
2007-10-20,28.1516
2007-10-21,28.1223
2007-10-22,28.1129
2007-10-23,28.1268
2007-10-24,28.1812
2007-10-25,28.1108
2007-10-26,28.0421
2007-10-27,27.9823
2007-10-28,27.9419
2007-10-29,27.8229
2007-10-30,27.7408
2007-10-31,27.6652
2007-11-01,27.6073
2007-11-02,27.5929
2007-11-03,27.5538
2007-11-04,27.5608
2007-11-05,27.6432
2007-11-06,27.7567
2007-11-07,27.7841
2007-11-08,27.7411
2007-11-09,27.7084
2007-11-10,27.5995
2007-11-11,27.5579
2007-11-12,27.5260
2007-11-13,27.4812
2007-11-14,27.4196
2007-11-15,27.3521
2007-11-16,27.3253
2007-11-17,27.3523
2007-11-18,27.3934
2007-11-19,27.3479
2007-11-20,27.3059
2007-11-21,27.2905
2007-11-22,27.2353
2007-11-23,27.1765
2007-11-24,27.1376
2007-11-25,27.0817
2007-11-26,27.0274
2007-11-27,27.0133
2007-11-28,27.0063
2007-11-29,27.0125
2007-11-30,27.0530
2007-12-01,27.0700
2007-12-02,27.0282
2007-12-03,26.9521
2007-12-04,26.9100
2007-12-05,26.8647
2007-12-06,26.8660
2007-12-07,26.8242
2007-12-08,26.7651
2007-12-09,26.7358
2007-12-10,26.7146
2007-12-11,26.6444
2007-12-12,26.5817
2007-12-13,26.5477
2007-12-14,26.5087
2007-12-15,26.4599
2007-12-16,26.4188
2007-12-17,26.3985
2007-12-18,26.3740
2007-12-19,26.2900
2007-12-20,26.2117
2007-12-21,26.1442
2007-12-22,26.1046
2007-12-23,26.0866
2007-12-24,26.1060
2007-12-25,26.1358
2007-12-26,26.1533
2007-12-27,26.1097
2007-12-28,26.0565
2007-12-29,26.0011
2007-12-30,25.9534
2007-12-31,25.8960
2008-01-01,25.8366
2008-01-02,25.8061
2008-01-03,25.8094
2008-01-04,25.8210
2008-01-05,25.8236
2008-01-06,25.8008
2008-01-07,25.7872
2008-01-08,25.7716
2008-01-09,25.7569
2008-01-10,25.7500
2008-01-11,25.7404
2008-01-12,25.7190
2008-01-13,25.7019
2008-01-14,25.6944
2008-01-15,25.7031
2008-01-16,25.6744
2008-01-17,25.6835
2008-01-18,25.6873
2008-01-19,25.6861
2008-01-20,25.6466
2008-01-21,25.6050
2008-01-22,25.5911
2008-01-23,25.5873
2008-01-24,25.5699
2008-01-25,25.5140
2008-01-26,25.4803
2008-01-27,25.4491
2008-01-28,25.4355
2008-01-29,25.3949
2008-01-30,25.3601
2008-01-31,25.3268
2008-02-01,25.2744
2008-02-02,25.2500
2008-02-03,25.2322
2008-02-04,25.2072
2008-02-05,25.2209
2008-02-06,25.2401
2008-02-07,25.2322
2008-02-08,25.2161
2008-02-09,25.1936
2008-02-10,25.2018
2008-02-11,25.1912
2008-02-12,25.1750
2008-02-13,25.1338
2008-02-14,25.1183
2008-02-15,25.1384
2008-02-16,25.1889
2008-02-17,25.2375
2008-02-18,25.2346
2008-02-19,25.2097
2008-02-20,25.2158
2008-02-21,25.1972
2008-02-22,25.1699
2008-02-23,25.1742
2008-02-24,25.1797
2008-02-25,25.2136
2008-02-26,25.2485
2008-02-27,25.2759
2008-02-28,25.2189
2008-02-29,25.1790
2008-03-01,25.1556
2008-03-02,25.1041
2008-03-03,25.0751
2008-03-04,25.0766
2008-03-05,25.0593
2008-03-06,25.0321
2008-03-07,24.9760
2008-03-08,24.9671
2008-03-09,25.0040
2008-03-10,25.0057
2008-03-11,25.0412
2008-03-12,25.0832
2008-03-13,25.1232
2008-03-14,25.1851
2008-03-15,25.2170
2008-03-16,25.2198
2008-03-17,25.2216
2008-03-18,25.2416
2008-03-19,25.2504
2008-03-20,25.2447
2008-03-21,25.2444
2008-03-22,25.2204
2008-03-23,25.2892
2008-03-24,25.3429
2008-03-25,25.3807
2008-03-26,25.3723
2008-03-27,25.3267
2008-03-28,25.3010
2008-03-29,25.2559
2008-03-30,25.2341
2008-03-31,25.2102
2008-04-01,25.1447
2008-04-02,25.1137
2008-04-03,25.1229
2008-04-04,25.0858
2008-04-05,25.1268
2008-04-06,25.1572
2008-04-07,25.2319
2008-04-08,25.3127
2008-04-09,25.3839
2008-04-10,25.4821
2008-04-11,25.5210
2008-04-12,25.4736
2008-04-13,25.4506
2008-04-14,25.4557
2008-04-15,25.5049
2008-04-16,25.5102
2008-04-17,25.5140
2008-04-18,25.5576
2008-04-19,25.5366
2008-04-20,25.5490
2008-04-21,25.5773
2008-04-22,25.6181
2008-04-23,25.6737
2008-04-24,25.6789
2008-04-25,25.6473
2008-04-26,25.6748
2008-04-27,25.6715
2008-04-28,25.6444
2008-04-29,25.6119
2008-04-30,25.7019
2008-05-01,25.8171
2008-05-02,25.9215
2008-05-03,25.9872
2008-05-04,25.9803
2008-05-05,26.0007
2008-05-06,26.0053
2008-05-07,26.0089
2008-05-08,26.0783
2008-05-09,26.1449
2008-05-10,26.2215
2008-05-11,26.2882
2008-05-12,26.2966
2008-05-13,26.2887
2008-05-14,26.2453
2008-05-15,26.2767
2008-05-16,26.2739
2008-05-17,26.3015
2008-05-18,26.3420
2008-05-19,26.3654
2008-05-20,26.3657
2008-05-21,26.3598
2008-05-22,26.3404
2008-05-23,26.3324
2008-05-24,26.3286
2008-05-25,26.3532
2008-05-26,26.3958
2008-05-27,26.4386
2008-05-28,26.4572
2008-05-29,26.4770
2008-05-30,26.4826
2008-05-31,26.4896
2008-06-01,26.5935
2008-06-02,26.6616
2008-06-03,26.7179
2008-06-04,26.7127
2008-06-05,26.6389
2008-06-06,26.6368
2008-06-07,26.5829
2008-06-08,26.5720
2008-06-09,26.6242
2008-06-10,26.7091
2008-06-11,26.8177
2008-06-12,26.9307
2008-06-13,27.0227
2008-06-14,27.0516
2008-06-15,27.0262
2008-06-16,26.9925
2008-06-17,26.8972
2008-06-18,26.7897
2008-06-19,26.7727
2008-06-20,26.8017
2008-06-21,26.7872
2008-06-22,26.7391
2008-06-23,26.6919
2008-06-24,26.6578
2008-06-25,26.6092
2008-06-26,26.5567
2008-06-27,26.6282
2008-06-28,26.6953
2008-06-29,26.7694
2008-06-30,26.8629
2008-07-01,26.8819
2008-07-02,26.9079
2008-07-03,26.9493
2008-07-04,27.0014
2008-07-05,27.0711
2008-07-06,27.1059
2008-07-07,27.1237
2008-07-08,27.1603
2008-07-09,27.1441
2008-07-10,27.1527
2008-07-11,27.1777
2008-07-12,27.1772
2008-07-13,27.1753
2008-07-14,27.1908
2008-07-15,27.2583
2008-07-16,27.2572
2008-07-17,27.2207
2008-07-18,27.1292
2008-07-19,27.0902
2008-07-20,27.0901
2008-07-21,27.1083
2008-07-22,27.1919
2008-07-23,27.2947
2008-07-24,27.3495
2008-07-25,27.3556
2008-07-26,27.3370
2008-07-27,27.3770
2008-07-28,27.3860
2008-07-29,27.4172
2008-07-30,27.3893
2008-07-31,27.4176
2008-08-01,27.5379
2008-08-02,27.6201
2008-08-03,27.6269
2008-08-04,27.6487
2008-08-05,27.6310
2008-08-06,27.5888
2008-08-07,27.5784
2008-08-08,27.6509
2008-08-09,27.6990
2008-08-10,27.7103
2008-08-11,27.7369
2008-08-12,27.7742
2008-08-13,27.8355
2008-08-14,27.9428
2008-08-15,27.9801
2008-08-16,27.9932
2008-08-17,27.9896
2008-08-18,27.9112
2008-08-19,27.9158
2008-08-20,27.9016
2008-08-21,27.9093
2008-08-22,27.9012
2008-08-23,27.9309
2008-08-24,27.9666
2008-08-25,27.9787
2008-08-26,28.0015
2008-08-27,28.1216
2008-08-28,28.1347
2008-08-29,28.1735
2008-08-30,28.2648
2008-08-31,28.3588
2008-09-01,28.4693
2008-09-02,28.5008
2008-09-03,28.4765
2008-09-04,28.4298
2008-09-05,28.4748
2008-09-06,28.4777
2008-09-07,28.5879
2008-09-08,28.6459
2008-09-09,28.7082
2008-09-10,28.6033
2008-09-11,28.5355
2008-09-12,28.5274
2008-09-13,28.5745
2008-09-14,28.6378
2008-09-15,28.6417
2008-09-16,28.6554
2008-09-17,28.6402
2008-09-18,28.6494
2008-09-19,28.6219
2008-09-20,28.5878
2008-09-21,28.5565
2008-09-22,28.5213
2008-09-23,28.5351
2008-09-24,28.6174
2008-09-25,28.6630
2008-09-26,28.6984
2008-09-27,28.6932
2008-09-28,28.7212
2008-09-29,28.6814
2008-09-30,28.6215
2008-10-01,28.6029
2008-10-02,28.6559
2008-10-03,28.6961
2008-10-04,28.7414
2008-10-05,28.7443
2008-10-06,28.6933
2008-10-07,28.6274
2008-10-08,28.5836
2008-10-09,28.5835
2008-10-10,28.5641
2008-10-11,28.5673
2008-10-12,28.4611
2008-10-13,28.4234
2008-10-14,28.3696
2008-10-15,28.3355
2008-10-16,28.2765
2008-10-17,28.1968
2008-10-18,28.1344
2008-10-19,28.1885
2008-10-20,28.2576
2008-10-21,28.2727
2008-10-22,28.2736
2008-10-23,28.2453
2008-10-24,28.2664
2008-10-25,28.2361
2008-10-26,28.2019
2008-10-27,28.2159
2008-10-28,28.1835
2008-10-29,28.1119
2008-10-30,28.0603
2008-10-31,28.0216
2008-11-01,27.9522
2008-11-02,27.9247
2008-11-03,27.8949
2008-11-04,27.8431
2008-11-05,27.8365
2008-11-06,27.8558
2008-11-07,27.8163
2008-11-08,27.8069
2008-11-09,27.8521
2008-11-10,27.8227
2008-11-11,27.8037
2008-11-12,27.7734
2008-11-13,27.6809
2008-11-14,27.6364
2008-11-15,27.6035
2008-11-16,27.4903
2008-11-17,27.4471
2008-11-18,27.4409
2008-11-19,27.4347
2008-11-20,27.4344
2008-11-21,27.4819
2008-11-22,27.4811
2008-11-23,27.4896
2008-11-24,27.4961
2008-11-25,27.4759
2008-11-26,27.4169
2008-11-27,27.3110
2008-11-28,27.2588
2008-11-29,27.2130
2008-11-30,27.1444
2008-12-01,27.1453
2008-12-02,27.1470
2008-12-03,27.1066
2008-12-04,26.9748
2008-12-05,26.8951
2008-12-06,26.8659
2008-12-07,26.8586
2008-12-08,26.8476
2008-12-09,26.8239
2008-12-10,26.7677
2008-12-11,26.7240
2008-12-12,26.7000
2008-12-13,26.6269
2008-12-14,26.5767
2008-12-15,26.5428
2008-12-16,26.5228
2008-12-17,26.4799
2008-12-18,26.4670
2008-12-19,26.4176
2008-12-20,26.3439
2008-12-21,26.3118
2008-12-22,26.3063
2008-12-23,26.2793
2008-12-24,26.2488
2008-12-25,26.2498
2008-12-26,26.2482
2008-12-27,26.2226
2008-12-28,26.1926
2008-12-29,26.1516
2008-12-30,26.1175
2008-12-31,26.0898
2009-01-01,26.0777
2009-01-02,26.0733
2009-01-03,26.0727
2009-01-04,26.0941
2009-01-05,26.0915
2009-01-06,26.0399
2009-01-07,25.9838
2009-01-08,25.9161
2009-01-09,25.8890
2009-01-10,25.8870
2009-01-11,25.8218
2009-01-12,25.7745
2009-01-13,25.7394
2009-01-14,25.6735
2009-01-15,25.6273
2009-01-16,25.5661
2009-01-17,25.4816
2009-01-18,25.4244
2009-01-19,25.3725
2009-01-20,25.3185
2009-01-21,25.2648
2009-01-22,25.2430
2009-01-23,25.2089
2009-01-24,25.2018
2009-01-25,25.2082
2009-01-26,25.2064
2009-01-27,25.1799
2009-01-28,25.1340
2009-01-29,25.1069
2009-01-30,25.1000
2009-01-31,25.0691
2009-02-01,25.0389
2009-02-02,25.0291
2009-02-03,25.0165
2009-02-04,24.9667
2009-02-05,24.9222
2009-02-06,24.9053
2009-02-07,24.9159
2009-02-08,24.9236
2009-02-09,24.9404
2009-02-10,24.9638
2009-02-11,24.9434
2009-02-12,24.9091
2009-02-13,24.8552
2009-02-14,24.7966
2009-02-15,24.7737
2009-02-16,24.8198
2009-02-17,24.9222
2009-02-18,24.9771
2009-02-19,24.9757
2009-02-20,24.9578
2009-02-21,24.9485
2009-02-22,24.8748
2009-02-23,24.8010
2009-02-24,24.7562
2009-02-25,24.7831
2009-02-26,24.7835
2009-02-27,24.7831
2009-02-28,24.7969
2009-03-01,24.8459
2009-03-02,24.9105
2009-03-03,24.8960
2009-03-04,24.7860
2009-03-05,24.7243
2009-03-06,24.6861
2009-03-07,24.6524
2009-03-08,24.6736
2009-03-09,24.6584
2009-03-10,24.7235
2009-03-11,24.8015
2009-03-12,24.8214
2009-03-13,24.7846
2009-03-14,24.7807
2009-03-15,24.7927
2009-03-16,24.8173
2009-03-17,24.8748
2009-03-18,24.9046
2009-03-19,24.9242
2009-03-20,24.9446
2009-03-21,24.9376
2009-03-22,24.9348
2009-03-23,24.9451
2009-03-24,24.9152
2009-03-25,24.9158
2009-03-26,24.8827
2009-03-27,24.9257
2009-03-28,24.9614
2009-03-29,25.0084
2009-03-30,25.0362
2009-03-31,25.0736
2009-04-01,25.0860
2009-04-02,25.1401
2009-04-03,25.1538
2009-04-04,25.1792
2009-04-05,25.2234
2009-04-06,25.2857
2009-04-07,25.2942
2009-04-08,25.2792
2009-04-09,25.2445
2009-04-10,25.2646
2009-04-11,25.2901
2009-04-12,25.3341
2009-04-13,25.4085
2009-04-14,25.4723
2009-04-15,25.5217
2009-04-16,25.5623
2009-04-17,25.5994
2009-04-18,25.6107
2009-04-19,25.6316
2009-04-20,25.6184
2009-04-21,25.6042
2009-04-22,25.6111
2009-04-23,25.6613
2009-04-24,25.7105
2009-04-25,25.7063
2009-04-26,25.6719
2009-04-27,25.6280
2009-04-28,25.5554
2009-04-29,25.5292
2009-04-30,25.4940
2009-05-01,25.4369
2009-05-02,25.4487
2009-05-03,25.4757
2009-05-04,25.5154
2009-05-05,25.5589
2009-05-06,25.5940
2009-05-07,25.6156
2009-05-08,25.6686
2009-05-09,25.6970
2009-05-10,25.7359
2009-05-11,25.8061
2009-05-12,25.8271
2009-05-13,25.8148
2009-05-14,25.8110
2009-05-15,25.8191
2009-05-16,25.8500
2009-05-17,25.9141
2009-05-18,25.9786
2009-05-19,26.0948
2009-05-20,26.2027
2009-05-21,26.2693
2009-05-22,26.2944
2009-05-23,26.2613
2009-05-24,26.2338
2009-05-25,26.1944
2009-05-26,26.1645
2009-05-27,26.1403
2009-05-28,26.1318
2009-05-29,26.1472
2009-05-30,26.2344
2009-05-31,26.2872
2009-06-01,26.3005
2009-06-02,26.3332
2009-06-03,26.2808
2009-06-04,26.1998
2009-06-05,26.1263
2009-06-06,26.1293
2009-06-07,26.1957
2009-06-08,26.2191
2009-06-09,26.2869
2009-06-10,26.3286
2009-06-11,26.3048
2009-06-12,26.3255
2009-06-13,26.3704
2009-06-14,26.5018
2009-06-15,26.6109
2009-06-16,26.6605
2009-06-17,26.6709
2009-06-18,26.7170
2009-06-19,26.7752
2009-06-20,26.7910
2009-06-21,26.8127
2009-06-22,26.8028
2009-06-23,26.7623
2009-06-24,26.7271
2009-06-25,26.7838
2009-06-26,26.8700
2009-06-27,26.9340
2009-06-28,26.9941
2009-06-29,27.0837
2009-06-30,27.1362
2009-07-01,27.1342
2009-07-02,27.0824
2009-07-03,27.0606
2009-07-04,27.0751
2009-07-05,27.0998
2009-07-06,27.0902
2009-07-07,27.1853
2009-07-08,27.2419
2009-07-09,27.2385
2009-07-10,27.2424
2009-07-11,27.2251
2009-07-12,27.2349
2009-07-13,27.2735
2009-07-14,27.2382
2009-07-15,27.1829
2009-07-16,27.1820
2009-07-17,27.2185
2009-07-18,27.2636
2009-07-19,27.2779
2009-07-20,27.3254
2009-07-21,27.3474
2009-07-22,27.3820
2009-07-23,27.3707
2009-07-24,27.3719
2009-07-25,27.4005
2009-07-26,27.3299
2009-07-27,27.2906
2009-07-28,27.3530
2009-07-29,27.4183
2009-07-30,27.4592
2009-07-31,27.5522
2009-08-01,27.6521
2009-08-02,27.7312
2009-08-03,27.7259
2009-08-04,27.6899
2009-08-05,27.6277
2009-08-06,27.6003
2009-08-07,27.6198
2009-08-08,27.6994
2009-08-09,27.7413
2009-08-10,27.8563
2009-08-11,27.9252
2009-08-12,27.9248
2009-08-13,27.8848
2009-08-14,27.8496
2009-08-15,27.7884
2009-08-16,27.7367
2009-08-17,27.7353
2009-08-18,27.7190
2009-08-19,27.6689
2009-08-20,27.6939
2009-08-21,27.7136
2009-08-22,27.6675
2009-08-23,27.6395
2009-08-24,27.6680
2009-08-25,27.7777
2009-08-26,27.8866
2009-08-27,27.9583
2009-08-28,28.0083
2009-08-29,28.0238
2009-08-30,28.0658
2009-08-31,28.0720
2009-09-01,28.0948
2009-09-02,28.1666
2009-09-03,28.1846
2009-09-04,28.1941
2009-09-05,28.2196
2009-09-06,28.2407
2009-09-07,28.2606
2009-09-08,28.2675
2009-09-09,28.2116
2009-09-10,28.1936
2009-09-11,28.1807
2009-09-12,28.2074
2009-09-13,28.2741
2009-09-14,28.3471
2009-09-15,28.3763
2009-09-16,28.4121
2009-09-17,28.4038
2009-09-18,28.3936
2009-09-19,28.4159
2009-09-20,28.4129
2009-09-21,28.3278
2009-09-22,28.2883
2009-09-23,28.2923
2009-09-24,28.3765
2009-09-25,28.3965
2009-09-26,28.4234
2009-09-27,28.4654
2009-09-28,28.4339
2009-09-29,28.3983
2009-09-30,28.3481
2009-10-01,28.3564
2009-10-02,28.3227
2009-10-03,28.2840
2009-10-04,28.2769
2009-10-05,28.3016
2009-10-06,28.2139
2009-10-07,28.1840
2009-10-08,28.1693
2009-10-09,28.1147
2009-10-10,28.1624
2009-10-11,28.2449
2009-10-12,28.2565
2009-10-13,28.2691
2009-10-14,28.2944
2009-10-15,28.3412
2009-10-16,28.3810
2009-10-17,28.4292
2009-10-18,28.4312
2009-10-19,28.4047
2009-10-20,28.4034
2009-10-21,28.3968
2009-10-22,28.4199
2009-10-23,28.3904
2009-10-24,28.4048
2009-10-25,28.4111
2009-10-26,28.4134
2009-10-27,28.3435
2009-10-28,28.2785
2009-10-29,28.2898
2009-10-30,28.2889
2009-10-31,28.3155
2009-11-01,28.2402
2009-11-02,28.1154
2009-11-03,28.0916
2009-11-04,28.1017
2009-11-05,28.0889
2009-11-06,28.0759
2009-11-07,28.0642
2009-11-08,28.0562
2009-11-09,28.0861
2009-11-10,28.0822
2009-11-11,27.9987
2009-11-12,27.9511
2009-11-13,27.9060
2009-11-14,27.8955
2009-11-15,27.8762
2009-11-16,27.8552
2009-11-17,27.7840
2009-11-18,27.7351
2009-11-19,27.7217
2009-11-20,27.7073
2009-11-21,27.6396
2009-11-22,27.5543
2009-11-23,27.4785
2009-11-24,27.3806
2009-11-25,27.3853
2009-11-26,27.3516
2009-11-27,27.3927
2009-11-28,27.4348
2009-11-29,27.4334
2009-11-30,27.4042
2009-12-01,27.3242
2009-12-02,27.2973
2009-12-03,27.2611
2009-12-04,27.2360
2009-12-05,27.1819
2009-12-06,27.1659
2009-12-07,27.1599
2009-12-08,27.1533
2009-12-09,27.1410
2009-12-10,27.1177
2009-12-11,27.0748
2009-12-12,26.9868
2009-12-13,26.9081
2009-12-14,26.8898
2009-12-15,26.8992
2009-12-16,26.9041
2009-12-17,26.8873
2009-12-18,26.8806
2009-12-19,26.8816
2009-12-20,26.8901
2009-12-21,26.8538
2009-12-22,26.8075
2009-12-23,26.8153
2009-12-24,26.8222
2009-12-25,26.8346
2009-12-26,26.8687
2009-12-27,26.8308
2009-12-28,26.7808
2009-12-29,26.7224
2009-12-30,26.6782
2009-12-31,26.6280
2010-01-01,26.5795
2010-01-02,26.5436
2010-01-03,26.5186
2010-01-04,26.5088
2010-01-05,26.4924
2010-01-06,26.4889
2010-01-07,26.4706
2010-01-08,26.4541
2010-01-09,26.4455
2010-01-10,26.4000
2010-01-11,26.3571
2010-01-12,26.2849
2010-01-13,26.2368
2010-01-14,26.2431
2010-01-15,26.2706
2010-01-16,26.2905
2010-01-17,26.2643
2010-01-18,26.2276
2010-01-19,26.1844
2010-01-20,26.1764
2010-01-21,26.1684
2010-01-22,26.1503
2010-01-23,26.1204
2010-01-24,26.1277
2010-01-25,26.1126
2010-01-26,26.1035
2010-01-27,26.0877
2010-01-28,26.0759
2010-01-29,26.0781
2010-01-30,26.0805
2010-01-31,26.0411
2010-02-01,25.9849
2010-02-02,25.9527
2010-02-03,25.9228
2010-02-04,25.9263
2010-02-05,25.9640
2010-02-06,25.9721
2010-02-07,25.9550
2010-02-08,25.8961
2010-02-09,25.8937
2010-02-10,25.8934
2010-02-11,25.9557
2010-02-12,25.9976
2010-02-13,26.0354
2010-02-14,26.0494
2010-02-15,26.0432
2010-02-16,26.0445
2010-02-17,26.0800
2010-02-18,26.0922
2010-02-19,26.0892
2010-02-20,26.1012
2010-02-21,26.1095
2010-02-22,26.1179
2010-02-23,26.1553
2010-02-24,26.2205
2010-02-25,26.3340
2010-02-26,26.4109
2010-02-27,26.3757
2010-02-28,26.3329
2010-03-01,26.3597
2010-03-02,26.3926
2010-03-03,26.3727
2010-03-04,26.3156
2010-03-05,26.3303
2010-03-06,26.3475
2010-03-07,26.3428
2010-03-08,26.2933
2010-03-09,26.2517
2010-03-10,26.2576
2010-03-11,26.2820
2010-03-12,26.3049
2010-03-13,26.4157
2010-03-14,26.4430
2010-03-15,26.4678
2010-03-16,26.5516
2010-03-17,26.6035
2010-03-18,26.5805
2010-03-19,26.5448
2010-03-20,26.4558
2010-03-21,26.4124
2010-03-22,26.3473
2010-03-23,26.2875
2010-03-24,26.2876
2010-03-25,26.3432
2010-03-26,26.4503
2010-03-27,26.4809
2010-03-28,26.4364
2010-03-29,26.4008
2010-03-30,26.3546
2010-03-31,26.3662
2010-04-01,26.3911
2010-04-02,26.4507
2010-04-03,26.5531
2010-04-04,26.5926
2010-04-05,26.6270
2010-04-06,26.6153
2010-04-07,26.5974
2010-04-08,26.5602
2010-04-09,26.5429
2010-04-10,26.5299
2010-04-11,26.5214
2010-04-12,26.5227
2010-04-13,26.5648
2010-04-14,26.6471
2010-04-15,26.7545
2010-04-16,26.7781
2010-04-17,26.7856
2010-04-18,26.7946
2010-04-19,26.9062
2010-04-20,27.0340
2010-04-21,27.0883
2010-04-22,27.1177
2010-04-23,27.1781
2010-04-24,27.1850
2010-04-25,27.1702
2010-04-26,27.1441
2010-04-27,27.1831
2010-04-28,27.2120
2010-04-29,27.2514
2010-04-30,27.2754
2010-05-01,27.3438
2010-05-02,27.3540
2010-05-03,27.3779
2010-05-04,27.3961
2010-05-05,27.4222
2010-05-06,27.4535
2010-05-07,27.4600
2010-05-08,27.4550
2010-05-09,27.4398
2010-05-10,27.4389
2010-05-11,27.4433
2010-05-12,27.4121
2010-05-13,27.3417
2010-05-14,27.2438
2010-05-15,27.2231
2010-05-16,27.2458
2010-05-17,27.2150
2010-05-18,27.1748
2010-05-19,27.1435
2010-05-20,27.1337
2010-05-21,27.0919
2010-05-22,27.1181
2010-05-23,27.2376
2010-05-24,27.2781
2010-05-25,27.3151
2010-05-26,27.2912
2010-05-27,27.2915
2010-05-28,27.3493
2010-05-29,27.3708
2010-05-30,27.3354
2010-05-31,27.3756
2010-06-01,27.4220
2010-06-02,27.4320
2010-06-03,27.4294
2010-06-04,27.4768
2010-06-05,27.5345
2010-06-06,27.5809
2010-06-07,27.6380
2010-06-08,27.6435
2010-06-09,27.6607
2010-06-10,27.6750
2010-06-11,27.7373
2010-06-12,27.7402
2010-06-13,27.7834
2010-06-14,27.7833
2010-06-15,27.7257
2010-06-16,27.6996
2010-06-17,27.7271
2010-06-18,27.7266
2010-06-19,27.6516
2010-06-20,27.6450
2010-06-21,27.5648
2010-06-22,27.5401
2010-06-23,27.5703
2010-06-24,27.6080
2010-06-25,27.6982
2010-06-26,27.7407
2010-06-27,27.7998
2010-06-28,27.8640
2010-06-29,27.9033
2010-06-30,27.8549
2010-07-01,27.8430
2010-07-02,27.8032
2010-07-03,27.8127
2010-07-04,27.8402
2010-07-05,27.9292
2010-07-06,27.9501
2010-07-07,28.0151
2010-07-08,28.0571
2010-07-09,28.0867
2010-07-10,28.0330
2010-07-11,27.9359
2010-07-12,27.7893
2010-07-13,27.7099
2010-07-14,27.7690
2010-07-15,27.9069
2010-07-16,28.0433
2010-07-17,28.0453
2010-07-18,28.0911
2010-07-19,28.1367
2010-07-20,28.1478
2010-07-21,28.1578
2010-07-22,28.2694
2010-07-23,28.3169
2010-07-24,28.2624
2010-07-25,28.2150
2010-07-26,28.2010
2010-07-27,28.3002
2010-07-28,28.1301
2010-07-29,28.1085
2010-07-30,28.1625
2010-07-31,28.1748
2010-08-01,28.1229
2010-08-02,28.0893
2010-08-03,28.1184
2010-08-04,28.1532
2010-08-05,28.1699
2010-08-06,28.1765
2010-08-07,28.2628
2010-08-08,28.3250
2010-08-09,28.3629
2010-08-10,28.4549
2010-08-11,28.5634
2010-08-12,28.6484
2010-08-13,28.7173
2010-08-14,28.6789
2010-08-15,28.7022
2010-08-16,28.6686
2010-08-17,28.6503
2010-08-18,28.6784
2010-08-19,28.6724
2010-08-20,28.6514
2010-08-21,28.6838
2010-08-22,28.6904
2010-08-23,28.6430
2010-08-24,28.5948
2010-08-25,28.5751
2010-08-26,28.6045
2010-08-27,28.6383
2010-08-28,28.6144
2010-08-29,28.5565
2010-08-30,28.5795
2010-08-31,28.6135
2010-09-01,28.6645
2010-09-02,28.6648
2010-09-03,28.6812
2010-09-04,28.7517
2010-09-05,28.8365
2010-09-06,28.9717
2010-09-07,28.9948
2010-09-08,28.9861
2010-09-09,28.9887
2010-09-10,28.9542
2010-09-11,28.8816
2010-09-12,28.8268
2010-09-13,28.7724
2010-09-14,28.6999
2010-09-15,28.7177
2010-09-16,28.7097
2010-09-17,28.6753
2010-09-18,28.7143
2010-09-19,28.6476
2010-09-20,28.5707
2010-09-21,28.5235
2010-09-22,28.5116
2010-09-23,28.5350
2010-09-24,28.6063
2010-09-25,28.7172
2010-09-26,28.7754
2010-09-27,28.7321
2010-09-28,28.6676
2010-09-29,28.5782
2010-09-30,28.5538
2010-10-01,28.5329
2010-10-02,28.5415
2010-10-03,28.5358
2010-10-04,28.5501
2010-10-05,28.5007
2010-10-06,28.4350
2010-10-07,28.4221
2010-10-08,28.4009
2010-10-09,28.4519
2010-10-10,28.5413
2010-10-11,28.6057
2010-10-12,28.6541
2010-10-13,28.6346
2010-10-14,28.6044
2010-10-15,28.5788
2010-10-16,28.5669
2010-10-17,28.6340
2010-10-18,28.6992
2010-10-19,28.6871
2010-10-20,28.6393
2010-10-21,28.5734
2010-10-22,28.5637
2010-10-23,28.5296
2010-10-24,28.5031
2010-10-25,28.4649
2010-10-26,28.4617
2010-10-27,28.5053
2010-10-28,28.4956
2010-10-29,28.4609
2010-10-30,28.3898
2010-10-31,28.3099
2010-11-01,28.2561
2010-11-02,28.2167
2010-11-03,28.2211
2010-11-04,28.1942
2010-11-05,28.1184
2010-11-06,28.0920
2010-11-07,28.0790
2010-11-08,28.0808
2010-11-09,28.1014
2010-11-10,28.1128
2010-11-11,28.0842
2010-11-12,28.0446
2010-11-13,28.0123
2010-11-14,27.9302
2010-11-15,27.8761
2010-11-16,27.8574
2010-11-17,27.8317
2010-11-18,27.8210
2010-11-19,27.8081
2010-11-20,27.8336
2010-11-21,27.8500
2010-11-22,27.8028
2010-11-23,27.7684
2010-11-24,27.7631
2010-11-25,27.7289
2010-11-26,27.6743
2010-11-27,27.6090
2010-11-28,27.5196
2010-11-29,27.5088
2010-11-30,27.4485
2010-12-01,27.3575
2010-12-02,27.3204
2010-12-03,27.4080
2010-12-04,27.4221
2010-12-05,27.4098
2010-12-06,27.4249
2010-12-07,27.3504
2010-12-08,27.2737
2010-12-09,27.1954
2010-12-10,27.1242
2010-12-11,27.0543
2010-12-12,27.0420
2010-12-13,27.0253
2010-12-14,26.9922
2010-12-15,26.8678
2010-12-16,26.7495
2010-12-17,26.7902
2010-12-18,26.8213
2010-12-19,26.8833
2010-12-20,26.9755
2010-12-21,26.9723
2010-12-22,26.9164
2010-12-23,26.9528
2010-12-24,26.9787
2010-12-25,26.9731
2010-12-26,26.9771
2010-12-27,26.9474
2010-12-28,26.8464
2010-12-29,26.8171
2010-12-30,26.8027
2010-12-31,26.7890
2011-01-01,26.7369
2011-01-02,26.7040
2011-01-03,26.7197
2011-01-04,26.7509
2011-01-05,26.7723
2011-01-06,26.7670
2011-01-07,26.7453
2011-01-08,26.6920
2011-01-09,26.6035
2011-01-10,26.5088
2011-01-11,26.4707
2011-01-12,26.4181
2011-01-13,26.4099
2011-01-14,26.4048
2011-01-15,26.3895
2011-01-16,26.3887
2011-01-17,26.3679
2011-01-18,26.3258
2011-01-19,26.2836
2011-01-20,26.2495
2011-01-21,26.2379
2011-01-22,26.2311
2011-01-23,26.2011
2011-01-24,26.1291
2011-01-25,26.0960
2011-01-26,26.0055
2011-01-27,25.9202
2011-01-28,25.9085
2011-01-29,25.8822
2011-01-30,25.8219
2011-01-31,25.7722
2011-02-01,25.7939
2011-02-02,25.7751
2011-02-03,25.7166
2011-02-04,25.6339
2011-02-05,25.5571
2011-02-06,25.5008
2011-02-07,25.4910
2011-02-08,25.5623
2011-02-09,25.6487
2011-02-10,25.6903
2011-02-11,25.7100
2011-02-12,25.7055
2011-02-13,25.6917
2011-02-14,25.6332
2011-02-15,25.6003
2011-02-16,25.5987
2011-02-17,25.6301
2011-02-18,25.6710
2011-02-19,25.6662
2011-02-20,25.6541
2011-02-21,25.6478
2011-02-22,25.6242
2011-02-23,25.5836
2011-02-24,25.5537
2011-02-25,25.5203
2011-02-26,25.4963
2011-02-27,25.4468
2011-02-28,25.4149
2011-03-01,25.4211
2011-03-02,25.4063
2011-03-03,25.3663
2011-03-04,25.3697
2011-03-05,25.3891
2011-03-06,25.3871
2011-03-07,25.3844
2011-03-08,25.4131
2011-03-09,25.4356
2011-03-10,25.4926
2011-03-11,25.5113
2011-03-12,25.5616
2011-03-13,25.5810
2011-03-14,25.5561
2011-03-15,25.5190
2011-03-16,25.4752
2011-03-17,25.5095
2011-03-18,25.5538
2011-03-19,25.5641
2011-03-20,25.5288
2011-03-21,25.4993
2011-03-22,25.4936
2011-03-23,25.5217
2011-03-24,25.5217
2011-03-25,25.5206
2011-03-26,25.5719
2011-03-27,25.6641
2011-03-28,25.6543
2011-03-29,25.6748
2011-03-30,25.7065
2011-03-31,25.7332
2011-04-01,25.7480
2011-04-02,25.7508
2011-04-03,25.7433
2011-04-04,25.7699
2011-04-05,25.7783
2011-04-06,25.8055
2011-04-07,25.8587
2011-04-08,25.8741
2011-04-09,25.8362
2011-04-10,25.7959
2011-04-11,25.7481
2011-04-12,25.7931
2011-04-13,25.8535
2011-04-14,25.9032
2011-04-15,25.9532
2011-04-16,26.0027
2011-04-17,26.0659
2011-04-18,26.1717
2011-04-19,26.1154
2011-04-20,26.1589
2011-04-21,26.1467
2011-04-22,26.1332
2011-04-23,26.1298
2011-04-24,26.1331
2011-04-25,26.0918
2011-04-26,26.0801
2011-04-27,26.0706
2011-04-28,26.0629
2011-04-29,26.0770
2011-04-30,26.1234
2011-05-01,26.2174
2011-05-02,26.2586
2011-05-03,26.2295
2011-05-04,26.2768
2011-05-05,26.3175
2011-05-06,26.3425
2011-05-07,26.3550
2011-05-08,26.3621
2011-05-09,26.4089
2011-05-10,26.4450
2011-05-11,26.4307
2011-05-12,26.5132
2011-05-13,26.4734
2011-05-14,26.5015
2011-05-15,26.5389
2011-05-16,26.5605
2011-05-17,26.5330
2011-05-18,26.5175
2011-05-19,26.4663
2011-05-20,26.4422
2011-05-21,26.4484
2011-05-22,26.4764
2011-05-23,26.5004
2011-05-24,26.5476
2011-05-25,26.5990
2011-05-26,26.7065
2011-05-27,26.8298
2011-05-28,26.8932
2011-05-29,26.9681
2011-05-30,26.9833
2011-05-31,26.9709
2011-06-01,26.9355
2011-06-02,26.9128
2011-06-03,26.8670
2011-06-04,26.8062
2011-06-05,26.9085
2011-06-06,27.0198
2011-06-07,27.0313
2011-06-08,27.1105
2011-06-09,27.1848
2011-06-10,27.2721
2011-06-11,27.2978
2011-06-12,27.2531
2011-06-13,27.2136
2011-06-14,27.2395
2011-06-15,27.2608
2011-06-16,27.3087
2011-06-17,27.3790
2011-06-18,27.3605
2011-06-19,27.2754
2011-06-20,27.2790
2011-06-21,27.2696
2011-06-22,27.2855
2011-06-23,27.2655
2011-06-24,27.2623
2011-06-25,27.2896
2011-06-26,27.2962
2011-06-27,27.1914
2011-06-28,27.1751
2011-06-29,27.1310
2011-06-30,27.1149
2011-07-01,27.1582
2011-07-02,27.1880
2011-07-03,27.2284
2011-07-04,27.2846
2011-07-05,27.3008
2011-07-06,27.4606
2011-07-07,27.4799
2011-07-08,27.4863
2011-07-09,27.4562
2011-07-10,27.4319
2011-07-11,27.3618
2011-07-12,27.2608
2011-07-13,27.2511
2011-07-14,27.2276
2011-07-15,27.2384
2011-07-16,27.2925
2011-07-17,27.3443
2011-07-18,27.3683
2011-07-19,27.3970
2011-07-20,27.4228
2011-07-21,27.4443
2011-07-22,27.4875
2011-07-23,27.4982
2011-07-24,27.4710
2011-07-25,27.4545
2011-07-26,27.4249
2011-07-27,27.3757
2011-07-28,27.3562
2011-07-29,27.4435
2011-07-30,27.5012
2011-07-31,27.5190
2011-08-01,27.4842
2011-08-02,27.5780
2011-08-03,27.5798
2011-08-04,27.6365
2011-08-05,27.6914
2011-08-06,27.7022
2011-08-07,27.7381
2011-08-08,27.8173
2011-08-09,27.8875
2011-08-10,27.8942
2011-08-11,27.8849
2011-08-12,27.9321
2011-08-13,28.0144
2011-08-14,28.0564
2011-08-15,28.0488
2011-08-16,28.0588
2011-08-17,28.0518
2011-08-18,27.9299
2011-08-19,27.8510
2011-08-20,27.8724
2011-08-21,27.9602
2011-08-22,28.0571
2011-08-23,28.0746
2011-08-24,28.1386
2011-08-25,28.2106
2011-08-26,28.3004
2011-08-27,28.3662
2011-08-28,28.3570
2011-08-29,28.3637
2011-08-30,28.3220
2011-08-31,28.2670
2011-09-01,28.2573
2011-09-02,28.3178
2011-09-03,28.3737
2011-09-04,28.3767
2011-09-05,28.3475
2011-09-06,28.3403
2011-09-07,28.3184
2011-09-08,28.3181
2011-09-09,28.2963
2011-09-10,28.2489
2011-09-11,28.1848
2011-09-12,28.2019
2011-09-13,28.2318
2011-09-14,28.2622
2011-09-15,28.2930
2011-09-16,28.3300
2011-09-17,28.2898
2011-09-18,28.3202
2011-09-19,28.2732
2011-09-20,28.2238
2011-09-21,28.2673
2011-09-22,28.2427
2011-09-23,28.2092
2011-09-24,28.2163
2011-09-25,28.2299
2011-09-26,28.3233
2011-09-27,28.4204
2011-09-28,28.4287
2011-09-29,28.4330
2011-09-30,28.4671
2011-10-01,28.4557
2011-10-02,28.3319
2011-10-03,28.2468
2011-10-04,28.2596
2011-10-05,28.2857
2011-10-06,28.2977
2011-10-07,28.3127
2011-10-08,28.2605
2011-10-09,28.2384
2011-10-10,28.2384
2011-10-11,28.2784
2011-10-12,28.3384
2011-10-13,28.1958
2011-10-14,28.3070
2011-10-15,28.3044
2011-10-16,28.2998
2011-10-17,28.3036
2011-10-18,28.3098
2011-10-19,28.3352
2011-10-20,28.4142
2011-10-21,28.4409
2011-10-22,28.4224
2011-10-23,28.3491
2011-10-24,28.2863
2011-10-25,28.2766
2011-10-26,28.2241
2011-10-27,28.2244
2011-10-28,28.1827
2011-10-29,28.0431
2011-10-30,27.9761
2011-10-31,27.9185
2011-11-01,27.9310
2011-11-02,27.8699
2011-11-03,27.8354
2011-11-04,27.8483
2011-11-05,27.8722
2011-11-06,27.9068
2011-11-07,27.8663
2011-11-08,27.8252
2011-11-09,27.8462
2011-11-10,27.8977
2011-11-11,27.9154
2011-11-12,27.9079
2011-11-13,27.8616
2011-11-14,27.8199
2011-11-15,27.7936
2011-11-16,27.6929
2011-11-17,27.6755
2011-11-18,27.6603
2011-11-19,27.6191
2011-11-20,27.6076
2011-11-21,27.6027
2011-11-22,27.6611
2011-11-23,27.6589
2011-11-24,27.6071
2011-11-25,27.5737
2011-11-26,27.4957
2011-11-27,27.4096
2011-11-28,27.3071
2011-11-29,27.2455
2011-11-30,27.1823
2011-12-01,27.1092
2011-12-02,27.0731
2011-12-03,27.0721
2011-12-04,27.0820
2011-12-05,27.0364
2011-12-06,27.0224
2011-12-07,27.0008
2011-12-08,26.9896
2011-12-09,26.9855
2011-12-10,26.8984
2011-12-11,26.8476
2011-12-12,26.7786
2011-12-13,26.6826
2011-12-14,26.6418
2011-12-15,26.6466
2011-12-16,26.6505
2011-12-17,26.6463
2011-12-18,26.6609
2011-12-19,26.6671
2011-12-20,26.6411
2011-12-21,26.5864
2011-12-22,26.5679
2011-12-23,26.5511
2011-12-24,26.5218
2011-12-25,26.4991
2011-12-26,26.4896
2011-12-27,26.4620
2011-12-28,26.4130
2011-12-29,26.3497
2011-12-30,26.2834
2011-12-31,26.1906
2012-01-01,26.0948
2012-01-02,26.0508
2012-01-03,26.0607
2012-01-04,25.9476
2012-01-05,25.9433
2012-01-06,25.9643
2012-01-07,26.0124
2012-01-08,25.9931
2012-01-09,26.0111
2012-01-10,26.0275
2012-01-11,25.9131
2012-01-12,25.8759
2012-01-13,25.7750
2012-01-14,25.6706
2012-01-15,25.6269
2012-01-16,25.5497
2012-01-17,25.6142
2012-01-18,25.6112
2012-01-19,25.5772
2012-01-20,25.5255
2012-01-21,25.4794
2012-01-22,25.4503
2012-01-23,25.4697
2012-01-24,25.4836
2012-01-25,25.4966
2012-01-26,25.4610
2012-01-27,25.4240
2012-01-28,25.4379
2012-01-29,25.4357
2012-01-30,25.4396
2012-01-31,25.4222
2012-02-01,25.4230
2012-02-02,25.4019
2012-02-03,25.4004
2012-02-04,25.3687
2012-02-05,25.3420
2012-02-06,25.3191
2012-02-07,25.1867
2012-02-08,25.1253
2012-02-09,25.0829
2012-02-10,25.0864
2012-02-11,25.1344
2012-02-12,25.1520
2012-02-13,25.1595
2012-02-14,25.1562
2012-02-15,25.1334
2012-02-16,25.0970
2012-02-17,25.0858
2012-02-18,25.0759
2012-02-19,25.0613
2012-02-20,25.0576
2012-02-21,25.0472
2012-02-22,25.0440
2012-02-23,25.0425
2012-02-24,25.0451
2012-02-25,25.0108
2012-02-26,24.9460
2012-02-27,24.8999
2012-02-28,24.8223
2012-02-29,24.8157
2012-03-01,24.8056
2012-03-02,24.7977
2012-03-03,24.8023
2012-03-04,24.7821
2012-03-05,24.7181
2012-03-06,24.6744
2012-03-07,24.6640
2012-03-08,24.7439
2012-03-09,24.8098
2012-03-10,24.8461
2012-03-11,24.7874
2012-03-12,24.8392
2012-03-13,24.9022
2012-03-14,24.9704
2012-03-15,25.0274
2012-03-16,25.0140
2012-03-17,24.9759
2012-03-18,24.9491
2012-03-19,24.9730
2012-03-20,25.0209
2012-03-21,25.0375
2012-03-22,24.9788
2012-03-23,25.0234
2012-03-24,25.1087
2012-03-25,25.1565
2012-03-26,25.2069
2012-03-27,25.2977
2012-03-28,25.3674
2012-03-29,25.3448
2012-03-30,25.3385
2012-03-31,25.3156
2012-04-01,25.2822
2012-04-02,25.2959
2012-04-03,25.3229
2012-04-04,25.3945
2012-04-05,25.4115
2012-04-06,25.3931
2012-04-07,25.4132
2012-04-08,25.4383
2012-04-09,25.4214
2012-04-10,25.4230
2012-04-11,25.4608
2012-04-12,25.5345
2012-04-13,25.5566
2012-04-14,25.5087
2012-04-15,25.4523
2012-04-16,25.3931
2012-04-17,25.3448
2012-04-18,25.3390
2012-04-19,25.3809
2012-04-20,25.4680
2012-04-21,25.5469
2012-04-22,25.6200
2012-04-23,25.6482
2012-04-24,25.6145
2012-04-25,25.5619
2012-04-26,25.5484
2012-04-27,25.5806
2012-04-28,25.5846
2012-04-29,25.5777
2012-04-30,25.6236
2012-05-01,25.6389
2012-05-02,25.6282
2012-05-03,25.6542
2012-05-04,25.6560
2012-05-05,25.7140
2012-05-06,25.7811
2012-05-07,25.9563
2012-05-08,26.1550
2012-05-09,26.2789
2012-05-10,26.3674
2012-05-11,26.3934
2012-05-12,26.3761
2012-05-13,26.3636
2012-05-14,26.3289
2012-05-15,26.3015
2012-05-16,26.2765
2012-05-17,26.2475
2012-05-18,26.2424
2012-05-19,26.2243
2012-05-20,26.1905
2012-05-21,26.2208
2012-05-22,26.2055
2012-05-23,26.2254
2012-05-24,26.2206
2012-05-25,26.2276
2012-05-26,26.2318
2012-05-27,26.2315
2012-05-28,26.2295
2012-05-29,26.2374
2012-05-30,26.2784
2012-05-31,26.4038
2012-06-01,26.4606
2012-06-02,26.4787
2012-06-03,26.4900
2012-06-04,26.5520
2012-06-05,26.6018
2012-06-06,26.5461
2012-06-07,26.5612
2012-06-08,26.5414
2012-06-09,26.4992
2012-06-10,26.4619
2012-06-11,26.3963
2012-06-12,26.4000
2012-06-13,26.4164
2012-06-14,26.4448
2012-06-15,26.5158
2012-06-16,26.4916
2012-06-17,26.6308
2012-06-18,26.6395
2012-06-19,26.6467
2012-06-20,26.7015
2012-06-21,26.7263
2012-06-22,26.7574
2012-06-23,26.7466
2012-06-24,26.8302
2012-06-25,26.8451
2012-06-26,26.8055
2012-06-27,26.8388
2012-06-28,26.8899
2012-06-29,26.9237
2012-06-30,26.9402
2012-07-01,26.8856
2012-07-02,26.8262
2012-07-03,26.8427
2012-07-04,26.9145
2012-07-05,26.9574
2012-07-06,27.0405
2012-07-07,27.1169
2012-07-08,27.1761
2012-07-09,27.1656
2012-07-10,27.1261
2012-07-11,27.0550
2012-07-12,27.0997
2012-07-13,27.1031
2012-07-14,27.1370
2012-07-15,27.0307
2012-07-16,27.0960
2012-07-17,27.1205
2012-07-18,27.1363
2012-07-19,27.1693
2012-07-20,27.1964
2012-07-21,27.2156
2012-07-22,27.2146
2012-07-23,27.2610
2012-07-24,27.3510
2012-07-25,27.3791
2012-07-26,27.4117
2012-07-27,27.4563
2012-07-28,27.4661
2012-07-29,27.5144
2012-07-30,27.5644
2012-07-31,27.5613
2012-08-01,27.6162
2012-08-02,27.6203
2012-08-03,27.5714
2012-08-04,27.5840
2012-08-05,27.6469
2012-08-06,27.7060
2012-08-07,27.7510
2012-08-08,27.8441
2012-08-09,27.8661
2012-08-10,27.8173
2012-08-11,27.8211
2012-08-12,27.8263
2012-08-13,27.8737
2012-08-14,27.9120
2012-08-15,27.9189
2012-08-16,27.8958
2012-08-17,27.8926
2012-08-18,27.9701
2012-08-19,28.0531
2012-08-20,28.0595
2012-08-21,28.0210
2012-08-22,27.9014
2012-08-23,27.8716
2012-08-24,27.9457
2012-08-25,28.0591
2012-08-26,28.2194
2012-08-27,28.1991
2012-08-28,28.2755
2012-08-29,28.3552
2012-08-30,28.3519
2012-08-31,28.1841
2012-09-01,28.1340
2012-09-02,28.1274
2012-09-03,28.2182
2012-09-04,28.2739
2012-09-05,28.3597
2012-09-06,28.4981
2012-09-07,28.5777
2012-09-08,28.5535
2012-09-09,28.4396
2012-09-10,28.2965
2012-09-11,28.3031
2012-09-12,28.3179
2012-09-13,28.3277
2012-09-14,28.3119
2012-09-15,28.3679
2012-09-16,28.4513
2012-09-17,28.4692
2012-09-18,28.4759
2012-09-19,28.5153
2012-09-20,28.5294
2012-09-21,28.4812
2012-09-22,28.4722
2012-09-23,28.4970
2012-09-24,28.5386
2012-09-25,28.6298
2012-09-26,28.7340
2012-09-27,28.8109
2012-09-28,28.8118
2012-09-29,28.7826
2012-09-30,28.7573
2012-10-01,28.6948
2012-10-02,28.6702
2012-10-03,28.6454
2012-10-04,28.6539
2012-10-05,28.7509
2012-10-06,28.8557
2012-10-07,28.8247
2012-10-08,28.7587
2012-10-09,28.6695
2012-10-10,28.5902
2012-10-11,28.5265
2012-10-12,28.4366
2012-10-13,28.3849
2012-10-14,28.3532
2012-10-15,28.3292
2012-10-16,28.3201
2012-10-17,28.3360
2012-10-18,28.3187
2012-10-19,28.3015
2012-10-20,28.3169
2012-10-21,28.3497
2012-10-22,28.3613
2012-10-23,28.3384
2012-10-24,28.2625
2012-10-25,28.1552
2012-10-26,28.0834
2012-10-27,28.1223
2012-10-28,28.1844
2012-10-29,28.2384
2012-10-30,28.2721
2012-10-31,28.2625
2012-11-01,28.2030
2012-11-02,28.2323
2012-11-03,28.2281
2012-11-04,28.1536
2012-11-05,28.0928
2012-11-06,28.0890
2012-11-07,28.0960
2012-11-08,28.1015
2012-11-09,28.0568
2012-11-10,27.9350
2012-11-11,27.8918
2012-11-12,27.8785
2012-11-13,27.9298
2012-11-14,27.9502
2012-11-15,27.9525
2012-11-16,27.9720
2012-11-17,27.9822
2012-11-18,27.9520
2012-11-19,27.9641
2012-11-20,27.9786
2012-11-21,28.0130
2012-11-22,28.0055
2012-11-23,27.9275
2012-11-24,27.8372
2012-11-25,27.7847
2012-11-26,27.7343
2012-11-27,27.6893
2012-11-28,27.6671
2012-11-29,27.6540
2012-11-30,27.6532
2012-12-01,27.6422
2012-12-02,27.5552
2012-12-03,27.4197
2012-12-04,27.4099
2012-12-05,27.4023
2012-12-06,27.3621
2012-12-07,27.3231
2012-12-08,27.3024
2012-12-09,27.2958
2012-12-10,27.2242
2012-12-11,27.1999
2012-12-12,27.1583
2012-12-13,27.1046
2012-12-14,27.0623
2012-12-15,26.9403
2012-12-16,26.9484
2012-12-17,26.9492
2012-12-18,26.8503
2012-12-19,26.8226
2012-12-20,26.8355
2012-12-21,26.8442
2012-12-22,26.8256
2012-12-23,26.7572
2012-12-24,26.7154
2012-12-25,26.6604
2012-12-26,26.6345
2012-12-27,26.6369
2012-12-28,26.5949
2012-12-29,26.5385
2012-12-30,26.5060
2012-12-31,26.4142
2013-01-01,26.3545
2013-01-02,26.3606
2013-01-03,26.3603
2013-01-04,26.3107
2013-01-05,26.2425
2013-01-06,26.1417
2013-01-07,26.0394
2013-01-08,25.9432
2013-01-09,25.8869
2013-01-10,25.8440
2013-01-11,25.8735
2013-01-12,25.9446
2013-01-13,25.9425
2013-01-14,25.9809
2013-01-15,25.9720
2013-01-16,25.9272
2013-01-17,25.8882
2013-01-18,25.9036
2013-01-19,25.9091
2013-01-20,25.8972
2013-01-21,25.8416
2013-01-22,25.7963
2013-01-23,25.7872
2013-01-24,25.7929
2013-01-25,25.7383
2013-01-26,25.6982
2013-01-27,25.6890
2013-01-28,25.6833
2013-01-29,25.6696
2013-01-30,25.6281
2013-01-31,25.6138
2013-02-01,25.6245
2013-02-02,25.5960
2013-02-03,25.5364
2013-02-04,25.5262
2013-02-05,25.5317
2013-02-06,25.5085
2013-02-07,25.4827
2013-02-08,25.4522
2013-02-09,25.4620
2013-02-10,25.4359
2013-02-11,25.4172
2013-02-12,25.3802
2013-02-13,25.3586
2013-02-14,25.3930
2013-02-15,25.4440
2013-02-16,25.4765
2013-02-17,25.4965
2013-02-18,25.4719
2013-02-19,25.4787
2013-02-20,25.4665
2013-02-21,25.4924
2013-02-22,25.5321
2013-02-23,25.5515
2013-02-24,25.5933
2013-02-25,25.6031
2013-02-26,25.5930
2013-02-27,25.6172
2013-02-28,25.6117
2013-03-01,25.6348
2013-03-02,25.6666
2013-03-03,25.6889
2013-03-04,25.6710
2013-03-05,25.6643
2013-03-06,25.6422
2013-03-07,25.6285
2013-03-08,25.5826
2013-03-09,25.5284
2013-03-10,25.5028
2013-03-11,25.4956
2013-03-12,25.5337
2013-03-13,25.5852
2013-03-14,25.7081
2013-03-15,25.8230
2013-03-16,25.8416
2013-03-17,25.8541
2013-03-18,25.8547
2013-03-19,25.8227
2013-03-20,25.8558
2013-03-21,25.9186
2013-03-22,25.9586
2013-03-23,25.9525
2013-03-24,25.9099
2013-03-25,25.9183
2013-03-26,25.9697
2013-03-27,25.9611
2013-03-28,25.9535
2013-03-29,25.9389
2013-03-30,25.9063
2013-03-31,25.8768
2013-04-01,25.8351
2013-04-02,25.8131
2013-04-03,25.7954
2013-04-04,25.7866
2013-04-05,25.8136
2013-04-06,25.8435
2013-04-07,25.8404
2013-04-08,25.8628
2013-04-09,25.8495
2013-04-10,25.8437
2013-04-11,25.8127
2013-04-12,25.8196
2013-04-13,25.8389
2013-04-14,25.8559
2013-04-15,25.8928
2013-04-16,25.9442
2013-04-17,26.0051
2013-04-18,26.0170
2013-04-19,25.9900
2013-04-20,26.0359
2013-04-21,26.0727
2013-04-22,26.0981
2013-04-23,26.1138
2013-04-24,26.1371
2013-04-25,26.2102
2013-04-26,26.2687
2013-04-27,26.2638
2013-04-28,26.2740
2013-04-29,26.3017
2013-04-30,26.3186
2013-05-01,26.3092
2013-05-02,26.2827
2013-05-03,26.2524
2013-05-04,26.4008
2013-05-05,26.5420
2013-05-06,26.6478
2013-05-07,26.7039
2013-05-08,26.6859
2013-05-09,26.5933
2013-05-10,26.4534
2013-05-11,26.3774
2013-05-12,26.3694
2013-05-13,26.3598
2013-05-14,26.3678
2013-05-15,26.3552
2013-05-16,26.3952
2013-05-17,26.4572
2013-05-18,26.5180
2013-05-19,26.5884
2013-05-20,26.6144
2013-05-21,26.6139
2013-05-22,26.6314
2013-05-23,26.5908
2013-05-24,26.5487
2013-05-25,26.5594
2013-05-26,26.5140
2013-05-27,26.4874
2013-05-28,26.4502
2013-05-29,26.4200
2013-05-30,26.3928
2013-05-31,26.4222
2013-06-01,26.4142
2013-06-02,26.3804
2013-06-03,26.4638
2013-06-04,26.5257
2013-06-05,26.6173
2013-06-06,26.6392
2013-06-07,26.6583
2013-06-08,26.6856
2013-06-09,26.6869
2013-06-10,26.6568
2013-06-11,26.6923
2013-06-12,26.7313
2013-06-13,26.7658
2013-06-14,26.7733
2013-06-15,26.8026
2013-06-16,26.7587
2013-06-17,26.7307
2013-06-18,26.7650
2013-06-19,26.9280
2013-06-20,26.9740
2013-06-21,27.0246
2013-06-22,26.9995
2013-06-23,26.9966
2013-06-24,27.0155
2013-06-25,27.0078
2013-06-26,26.9714
2013-06-27,26.9356
2013-06-28,26.8826
2013-06-29,26.8368
2013-06-30,26.8819
2013-07-01,26.8690
2013-07-02,26.8956
2013-07-03,26.9768
2013-07-04,26.9877
2013-07-05,26.9649
2013-07-06,26.9649
2013-07-07,26.8859
2013-07-08,26.8773
2013-07-09,26.8820
2013-07-10,26.8618
2013-07-11,26.9135
2013-07-12,27.0234
2013-07-13,27.1174
2013-07-14,27.2191
2013-07-15,27.1770
2013-07-16,27.1387
2013-07-17,27.2320
2013-07-18,27.2419
2013-07-19,27.1691
2013-07-20,27.0979
2013-07-21,27.1528
2013-07-22,27.1651
2013-07-23,27.2010
2013-07-24,27.2608
2013-07-25,27.3108
2013-07-26,27.3898
2013-07-27,27.4798
2013-07-28,27.6087
2013-07-29,27.6194
2013-07-30,27.6202
2013-07-31,27.5867
2013-08-01,27.5954
2013-08-02,27.5228
2013-08-03,27.4558
2013-08-04,27.4849
2013-08-05,27.5743
2013-08-06,27.6241
2013-08-07,27.6923
2013-08-08,27.7160
2013-08-09,27.7518
2013-08-10,27.7512
2013-08-11,27.8073
2013-08-12,27.8455
2013-08-13,27.8715
2013-08-14,27.8988
2013-08-15,27.8806
2013-08-16,27.8762
2013-08-17,27.8789
2013-08-18,27.8606
2013-08-19,27.8801
2013-08-20,27.9691
2013-08-21,28.0390
2013-08-22,28.0065
2013-08-23,28.0466
2013-08-24,28.1136
2013-08-25,28.1042
2013-08-26,28.0535
2013-08-27,28.0809
2013-08-28,28.1353
2013-08-29,28.1942
2013-08-30,28.1921
2013-08-31,28.2386
2013-09-01,28.3040
2013-09-02,28.3064
2013-09-03,28.2313
2013-09-04,28.1834
2013-09-05,28.2049
2013-09-06,28.2416
2013-09-07,28.3251
2013-09-08,28.4384
2013-09-09,28.5313
2013-09-10,28.5839
2013-09-11,28.5893
2013-09-12,28.5842
2013-09-13,28.5993
2013-09-14,28.5462
2013-09-15,28.4682
2013-09-16,28.3913
2013-09-17,28.3551
2013-09-18,28.3750
2013-09-19,28.4508
2013-09-20,28.6709
2013-09-21,28.7177
2013-09-22,28.7098
2013-09-23,28.6612
2013-09-24,28.5744
2013-09-25,28.4962
2013-09-26,28.4351
2013-09-27,28.4846
2013-09-28,28.5662
2013-09-29,28.5578
2013-09-30,28.5490
2013-10-01,28.6191
2013-10-02,28.6609
2013-10-03,28.6883
2013-10-04,28.7084
2013-10-05,28.7091
2013-10-06,28.6896
2013-10-07,28.7050
2013-10-08,28.6741
2013-10-09,28.6195
2013-10-10,28.5636
2013-10-11,28.4514
2013-10-12,28.4362
2013-10-13,28.4501
2013-10-14,28.4666
2013-10-15,28.4748
2013-10-16,28.4874
2013-10-17,28.4978
2013-10-18,28.5231
2013-10-19,28.4730
2013-10-20,28.4516
2013-10-21,28.4527
2013-10-22,28.4292
2013-10-23,28.3972
2013-10-24,28.4102
2013-10-25,28.3746
2013-10-26,28.2715
2013-10-27,28.2011
2013-10-28,28.1222
2013-10-29,28.0696
2013-10-30,28.0669
2013-10-31,28.0620
2013-11-01,28.0421
2013-11-02,28.0163
2013-11-03,27.9871
2013-11-04,27.9736
2013-11-05,27.9959
2013-11-06,27.9848
2013-11-07,27.9677
2013-11-08,27.9307
2013-11-09,27.8816
2013-11-10,27.8592
2013-11-11,27.8171
2013-11-12,27.8004
2013-11-13,27.7795
2013-11-14,27.7720
2013-11-15,27.7534
2013-11-16,27.7336
2013-11-17,27.7257
2013-11-18,27.7151
2013-11-19,27.6340
2013-11-20,27.6168
2013-11-21,27.5570
2013-11-22,27.5667
2013-11-23,27.5967
2013-11-24,27.6326
2013-11-25,27.6091
2013-11-26,27.5736
2013-11-27,27.5264
2013-11-28,27.4478
2013-11-29,27.3955
2013-11-30,27.3403
2013-12-01,27.3391
2013-12-02,27.3523
2013-12-03,27.3014
2013-12-04,27.2598
2013-12-05,27.2393
2013-12-06,27.2502
2013-12-07,27.3025
2013-12-08,27.2396
2013-12-09,27.1848
2013-12-10,27.1041
2013-12-11,27.0324
2013-12-12,26.9493
2013-12-13,26.9000
2013-12-14,26.8261
2013-12-15,26.7365
2013-12-16,26.6845
2013-12-17,26.6513
2013-12-18,26.5751
2013-12-19,26.5007
2013-12-20,26.4960
2013-12-21,26.4768
2013-12-22,26.4848
2013-12-23,26.4786
2013-12-24,26.4885
2013-12-25,26.4923
2013-12-26,26.4754
2013-12-27,26.4284
2013-12-28,26.3954
2013-12-29,26.3481
2013-12-30,26.2962
2013-12-31,26.2689
2014-01-01,26.2628
2014-01-02,26.2158
2014-01-03,26.1720
2014-01-04,26.1501
2014-01-05,26.1291
2014-01-06,26.0702
2014-01-07,26.0221
2014-01-08,25.9545
2014-01-09,25.8959
2014-01-10,25.8617
2014-01-11,25.8817
2014-01-12,25.8612
2014-01-13,25.7898
2014-01-14,25.7477
2014-01-15,25.7222
2014-01-16,25.7105
2014-01-17,25.6791
2014-01-18,25.6724
2014-01-19,25.6693
2014-01-20,25.6572
2014-01-21,25.6213
2014-01-22,25.5821
2014-01-23,25.5502
2014-01-24,25.4964
2014-01-25,25.4424
2014-01-26,25.3507
2014-01-27,25.3107
2014-01-28,25.2959
2014-01-29,25.2621
2014-01-30,25.2685
2014-01-31,25.2527
2014-02-01,25.2165
2014-02-02,25.2514
2014-02-03,25.2884
2014-02-04,25.2797
2014-02-05,25.2689
2014-02-06,25.2704
2014-02-07,25.3124
2014-02-08,25.3390
2014-02-09,25.3000
2014-02-10,25.2554
2014-02-11,25.2171
2014-02-12,25.2116
2014-02-13,25.2060
2014-02-14,25.1522
2014-02-15,25.1165
2014-02-16,25.1212
2014-02-17,25.1533
2014-02-18,25.1458
2014-02-19,25.1342
2014-02-20,25.0966
2014-02-21,25.0677
2014-02-22,25.0644
2014-02-23,24.9792
2014-02-24,24.9814
2014-02-25,24.9814
2014-02-26,24.9714
2014-02-27,24.9551
2014-02-28,24.8780
2014-03-01,24.7779
2014-03-02,24.8171
2014-03-03,24.8064
2014-03-04,24.8318
2014-03-05,24.8836
2014-03-06,24.9017
2014-03-07,24.8860
2014-03-08,24.8957
2014-03-09,24.9155
2014-03-10,24.9638
2014-03-11,24.9782
2014-03-12,24.9828
2014-03-13,25.0226
2014-03-14,25.0560
2014-03-15,25.1037
2014-03-16,25.1605
2014-03-17,25.1142
2014-03-18,25.0901
2014-03-19,25.0790
2014-03-20,25.0633
2014-03-21,25.0283
2014-03-22,25.0304
2014-03-23,25.0633
2014-03-24,25.1124
2014-03-25,25.1834
2014-03-26,25.2031
2014-03-27,25.1791
2014-03-28,25.1496
2014-03-29,25.1382
2014-03-30,25.1902
2014-03-31,25.2124
2014-04-01,25.2184
2014-04-02,25.2678
2014-04-03,25.3401
2014-04-04,25.3877
2014-04-05,25.4076
2014-04-06,25.4427
2014-04-07,25.4099
2014-04-08,25.3675
2014-04-09,25.3357
2014-04-10,25.3457
2014-04-11,25.3369
2014-04-12,25.3682
2014-04-13,25.4828
2014-04-14,25.5562
2014-04-15,25.5487
2014-04-16,25.5474
2014-04-17,25.5547
2014-04-18,25.5357
2014-04-19,25.5045
2014-04-20,25.4883
2014-04-21,25.5374
2014-04-22,25.6428
2014-04-23,25.7503
2014-04-24,25.7905
2014-04-25,25.8073
2014-04-26,25.8411
2014-04-27,25.8379
2014-04-28,25.8260
2014-04-29,25.7812
2014-04-30,25.7779
2014-05-01,25.7717
2014-05-02,25.7987
2014-05-03,25.8210
2014-05-04,25.8362
2014-05-05,25.8273
2014-05-06,25.8777
2014-05-07,25.9480
2014-05-08,25.9495
2014-05-09,25.8958
2014-05-10,25.8852
2014-05-11,25.8920
2014-05-12,25.8921
2014-05-13,25.8815
2014-05-14,25.8589
2014-05-15,25.8845
2014-05-16,25.9520
2014-05-17,26.0194
2014-05-18,26.1020
2014-05-19,26.1679
2014-05-20,26.1904
2014-05-21,26.2163
2014-05-22,26.1925
2014-05-23,26.1469
2014-05-24,26.0980
2014-05-25,26.1504
2014-05-26,26.1691
2014-05-27,26.1979
2014-05-28,26.1736
2014-05-29,26.1687
2014-05-30,26.1668
2014-05-31,26.0865
2014-06-01,26.1048
2014-06-02,26.1783
2014-06-03,26.2910
2014-06-04,26.2982
2014-06-05,26.3465
2014-06-06,26.2954
2014-06-07,26.2687
2014-06-08,26.2718
2014-06-09,26.2260
2014-06-10,26.2144
2014-06-11,26.2957
2014-06-12,26.3470
2014-06-13,26.3523
2014-06-14,26.3601
2014-06-15,26.3955
2014-06-16,26.4606
2014-06-17,26.4979
2014-06-18,26.5601
2014-06-19,26.5819
2014-06-20,26.5992
2014-06-21,26.6484
2014-06-22,26.6624
2014-06-23,26.6307
2014-06-24,26.5963
2014-06-25,26.5647
2014-06-26,26.4384
2014-06-27,26.3664
2014-06-28,26.3715
2014-06-29,26.4082
2014-06-30,26.5401
2014-07-01,26.6279
2014-07-02,26.6010
2014-07-03,26.5178
2014-07-04,26.5015
2014-07-05,26.7219
2014-07-06,26.6899
2014-07-07,26.6546
2014-07-08,26.6867
2014-07-09,26.7678
2014-07-10,26.8442
2014-07-11,26.7991
2014-07-12,26.7635
2014-07-13,26.7636
2014-07-14,26.7853
2014-07-15,26.8700
2014-07-16,26.9308
2014-07-17,26.9603
2014-07-18,26.9351
2014-07-19,26.8853
2014-07-20,26.8993
2014-07-21,26.9389
2014-07-22,26.9086
2014-07-23,26.9404
2014-07-24,26.9318
2014-07-25,26.9732
2014-07-26,26.9812
2014-07-27,27.0309
2014-07-28,27.1176
2014-07-29,27.1161
2014-07-30,27.1868
2014-07-31,27.2476
2014-08-01,27.3338
2014-08-02,27.3474
2014-08-03,27.3502
2014-08-04,27.3537
2014-08-05,27.3744
2014-08-06,27.4342
2014-08-07,27.4760
2014-08-08,27.4726
2014-08-09,27.4370
2014-08-10,27.3683
2014-08-11,27.3724
2014-08-12,27.4018
2014-08-13,27.3846
2014-08-14,27.4202
2014-08-15,27.3882
2014-08-16,27.4212
2014-08-17,27.4547
2014-08-18,27.4862
2014-08-19,27.4614
2014-08-20,27.5308
2014-08-21,27.6512
2014-08-22,27.7067
2014-08-23,27.7624
2014-08-24,27.8426
2014-08-25,27.8733
2014-08-26,27.8419
2014-08-27,27.8774
2014-08-28,27.9073
2014-08-29,27.8669
2014-08-30,27.9130
2014-08-31,27.9096
2014-09-01,27.9012
2014-09-02,27.9007
2014-09-03,27.8813
2014-09-04,27.9075
2014-09-05,27.9990
2014-09-06,28.0709
2014-09-07,28.0917
2014-09-08,28.0428
2014-09-09,28.0058
2014-09-10,28.0042
2014-09-11,28.0166
2014-09-12,28.0144
2014-09-13,28.1244
2014-09-14,28.1248
2014-09-15,28.1236
2014-09-16,28.2255
2014-09-17,28.2294
2014-09-18,28.1984
2014-09-19,28.1328
2014-09-20,28.0839
2014-09-21,28.1168
2014-09-22,28.1146
2014-09-23,28.1799
2014-09-24,28.2769
2014-09-25,28.3425
2014-09-26,28.4092
2014-09-27,28.4332
2014-09-28,28.4371
2014-09-29,28.3913
2014-09-30,28.3179
2014-10-01,28.3173
2014-10-02,28.1674
2014-10-03,28.1331
2014-10-04,28.1203
2014-10-05,28.1641
2014-10-06,28.1425
2014-10-07,28.2030
2014-10-08,28.2445
2014-10-09,28.3023
2014-10-10,28.3283
2014-10-11,28.3270
2014-10-12,28.3252
2014-10-13,28.2981
2014-10-14,28.2953
2014-10-15,28.3060
2014-10-16,28.3785
2014-10-17,28.4373
2014-10-18,28.4644
2014-10-19,28.4915
2014-10-20,28.5054
2014-10-21,28.5412
2014-10-22,28.5060
2014-10-23,28.4176
2014-10-24,28.3880
2014-10-25,28.3815
2014-10-26,28.3950
2014-10-27,28.3669
2014-10-28,28.3924
2014-10-29,28.4055
2014-10-30,28.4102
2014-10-31,28.4278
2014-11-01,28.3867
2014-11-02,28.3150
2014-11-03,28.1925
2014-11-04,28.0497
2014-11-05,28.0052
2014-11-06,27.9823
2014-11-07,27.9431
2014-11-08,27.8626
2014-11-09,27.8569
2014-11-10,27.8266
2014-11-11,27.7401
2014-11-12,27.7158
2014-11-13,27.7529
2014-11-14,27.7868
2014-11-15,27.7486
2014-11-16,27.7311
2014-11-17,27.7533
2014-11-18,27.7443
2014-11-19,27.7145
2014-11-20,27.6539
2014-11-21,27.6011
2014-11-22,27.5450
2014-11-23,27.4692
2014-11-24,27.4155
2014-11-25,27.4016
2014-11-26,27.4038
2014-11-27,27.3660
2014-11-28,27.3367
2014-11-29,27.3153
2014-11-30,27.3090
2014-12-01,27.3100
2014-12-02,27.2827
2014-12-03,27.2228
2014-12-04,27.1831
2014-12-05,27.1726
2014-12-06,27.0816
2014-12-07,26.9944
2014-12-08,26.9522
2014-12-09,26.9552
2014-12-10,26.9428
2014-12-11,26.9314
2014-12-12,26.8454
2014-12-13,26.8227
2014-12-14,26.8493
2014-12-15,26.8892
2014-12-16,26.8990
2014-12-17,26.8715
2014-12-18,26.8663
2014-12-19,26.7935
2014-12-20,26.7565
2014-12-21,26.7368
2014-12-22,26.7263
2014-12-23,26.7618
2014-12-24,26.8165
2014-12-25,26.8291
2014-12-26,26.8335
2014-12-27,26.8282
2014-12-28,26.8017
2014-12-29,26.7678
2014-12-30,26.7359
2014-12-31,26.6986
2015-01-01,26.6202
2015-01-02,26.5137
2015-01-03,26.3981
2015-01-04,26.2599
2015-01-05,26.1551
2015-01-06,26.1244
2015-01-07,26.1117
2015-01-08,26.0842
2015-01-09,26.0497
2015-01-10,25.9749
2015-01-11,25.8718
2015-01-12,25.7926
2015-01-13,25.7429
2015-01-14,25.7070
2015-01-15,25.6793
2015-01-16,25.6672
2015-01-17,25.6570
2015-01-18,25.6569
2015-01-19,25.6927
2015-01-20,25.6985
2015-01-21,25.7097
2015-01-22,25.7157
2015-01-23,25.7204
2015-01-24,25.6911
2015-01-25,25.6688
2015-01-26,25.6511
2015-01-27,25.6428
2015-01-28,25.6201
2015-01-29,25.5708
2015-01-30,25.5951
2015-01-31,25.6090
2015-02-01,25.5541
2015-02-02,25.4885
2015-02-03,25.4943
2015-02-04,25.4806
2015-02-05,25.4668
2015-02-06,25.4679
2015-02-07,25.4788
2015-02-08,25.5107
2015-02-09,25.5461
2015-02-10,25.5211
2015-02-11,25.6122
2015-02-12,25.6622
2015-02-13,25.6189
2015-02-14,25.5427
2015-02-15,25.5016
2015-02-16,25.4680
2015-02-17,25.4570
2015-02-18,25.4547
2015-02-19,25.4487
2015-02-20,25.4567
2015-02-21,25.4339
2015-02-22,25.3910
2015-02-23,25.3252
2015-02-24,25.3466
2015-02-25,25.3567
2015-02-26,25.3007
2015-02-27,25.1529
2015-02-28,25.0748
2015-03-01,25.0758
2015-03-02,25.0522
2015-03-03,25.1120
2015-03-04,25.1749
2015-03-05,25.1900
2015-03-06,25.1783
2015-03-07,25.1746
2015-03-08,25.2262
2015-03-09,25.1771
2015-03-10,25.1053
2015-03-11,25.0601
2015-03-12,25.0550
2015-03-13,25.0872
2015-03-14,25.1460
2015-03-15,25.1794
2015-03-16,25.2144
2015-03-17,25.2670
2015-03-18,25.2683
2015-03-19,25.2608
2015-03-20,25.3025
2015-03-21,25.3676
2015-03-22,25.4135
2015-03-23,25.4293
2015-03-24,25.4174
2015-03-25,25.3942
2015-03-26,25.4071
2015-03-27,25.3910
2015-03-28,25.3706
2015-03-29,25.3572
2015-03-30,25.3611
2015-03-31,25.2725
2015-04-01,25.1600
2015-04-02,25.1383
2015-04-03,25.1367
2015-04-04,25.1692
2015-04-05,25.1923
2015-04-06,25.2536
2015-04-07,25.2896
2015-04-08,25.3142
2015-04-09,25.2910
2015-04-10,25.2374
2015-04-11,25.1846
2015-04-12,25.1561
2015-04-13,25.1352
2015-04-14,25.0991
2015-04-15,25.0923
2015-04-16,25.1440
2015-04-17,25.2131
2015-04-18,25.3035
2015-04-19,25.3729
2015-04-20,25.4611
2015-04-21,25.4774
2015-04-22,25.5237
2015-04-23,25.5978
2015-04-24,25.6521
2015-04-25,25.7223
2015-04-26,25.7360
2015-04-27,25.7644
2015-04-28,25.8059
2015-04-29,25.8193
2015-04-30,25.8459
2015-05-01,25.8746
2015-05-02,25.9640
2015-05-03,25.9820
2015-05-04,25.8869
2015-05-05,25.8135
2015-05-06,25.8014
2015-05-07,25.7622
2015-05-08,25.7754
2015-05-09,25.7245
2015-05-10,25.6117
2015-05-11,25.6550
2015-05-12,25.6783
2015-05-13,25.7105
2015-05-14,25.7438
2015-05-15,25.7013
2015-05-16,25.6870
2015-05-17,25.7765
2015-05-18,25.8164
2015-05-19,25.8429
2015-05-20,25.9313
2015-05-21,25.9666
2015-05-22,26.0150
2015-05-23,26.0465
2015-05-24,26.0192
2015-05-25,26.0002
2015-05-26,26.0324
2015-05-27,26.0625
2015-05-28,26.1302
2015-05-29,26.1698
2015-05-30,26.2065
2015-05-31,26.2234
2015-06-01,26.2015
2015-06-02,26.1482
2015-06-03,26.1091
2015-06-04,26.1289
2015-06-05,26.1787
2015-06-06,26.2407
2015-06-07,26.2769
2015-06-08,26.2951
2015-06-09,26.2586
2015-06-10,26.2530
2015-06-11,26.2240
2015-06-12,26.1834
2015-06-13,26.0959
2015-06-14,26.0487
2015-06-15,26.1024
2015-06-16,26.1284
2015-06-17,26.1901
2015-06-18,26.1342
2015-06-19,26.1048
2015-06-20,26.1628
2015-06-21,26.1875
2015-06-22,26.2420
2015-06-23,26.2715
2015-06-24,26.2794
2015-06-25,26.2379
2015-06-26,26.3243
2015-06-27,26.3770
2015-06-28,26.4241
2015-06-29,26.3811
2015-06-30,26.3943
2015-07-01,26.3818
2015-07-02,26.3832
2015-07-03,26.3862
2015-07-04,26.4064
2015-07-05,26.3673
2015-07-06,26.4785
2015-07-07,26.5233
2015-07-08,26.5817
2015-07-09,26.6765
2015-07-10,26.7776
2015-07-11,26.8610
2015-07-12,26.9475
2015-07-13,27.0214
2015-07-14,27.0062
2015-07-15,26.9835
2015-07-16,26.9267
2015-07-17,26.9036
2015-07-18,26.9649
2015-07-19,27.0552
2015-07-20,27.0732
2015-07-21,27.0610
2015-07-22,27.0581
2015-07-23,27.0992
2015-07-24,27.0515
2015-07-25,27.0123
2015-07-26,26.9465
2015-07-27,26.9168
2015-07-28,26.8593
2015-07-29,26.8711
2015-07-30,26.9437
2015-07-31,27.1327
2015-08-01,27.2722
2015-08-02,27.3086
2015-08-03,27.3041
2015-08-04,27.3669
2015-08-05,27.4065
2015-08-06,27.3820
2015-08-07,27.4404
2015-08-08,27.4693
2015-08-09,27.4818
2015-08-10,27.5212
2015-08-11,27.6022
2015-08-12,27.6520
2015-08-13,27.7627
2015-08-14,27.8465
2015-08-15,27.8132
2015-08-16,27.7421
2015-08-17,27.7091
2015-08-18,27.7001
2015-08-19,27.6966
2015-08-20,27.7580
2015-08-21,27.8035
2015-08-22,27.8799
2015-08-23,27.9024
2015-08-24,28.0176
2015-08-25,28.1172
2015-08-26,28.1291
2015-08-27,28.1676
2015-08-28,28.1769
2015-08-29,28.1586
2015-08-30,28.1224
2015-08-31,28.1215
2015-09-01,28.1141
2015-09-02,28.1918
2015-09-03,28.2398
2015-09-04,28.2315
2015-09-05,28.2340
2015-09-06,28.2952
2015-09-07,28.3747
2015-09-08,28.4218
2015-09-09,28.3549
2015-09-10,28.3572
2015-09-11,28.3071
2015-09-12,28.3171
2015-09-13,28.4083
2015-09-14,28.3728
2015-09-15,28.3702
2015-09-16,28.3842
2015-09-17,28.4577
2015-09-18,28.4956
2015-09-19,28.5229
2015-09-20,28.5589
2015-09-21,28.6240
2015-09-22,28.7063
2015-09-23,28.7040
2015-09-24,28.7904
2015-09-25,28.8922
2015-09-26,28.9397
2015-09-27,28.9468
2015-09-28,28.9216
2015-09-29,28.9047
2015-09-30,28.9058
2015-10-01,28.9410
2015-10-02,28.9420
2015-10-03,28.9526
2015-10-04,28.9458
2015-10-05,28.8967
2015-10-06,28.7317
2015-10-07,28.6938
2015-10-08,28.6435
2015-10-09,28.6535
2015-10-10,28.6227
2015-10-11,28.6435
2015-10-12,28.6512
2015-10-13,28.6740
2015-10-14,28.6982
2015-10-15,28.7122
2015-10-16,28.7158
2015-10-17,28.7567
2015-10-18,28.7459
2015-10-19,28.7414
2015-10-20,28.6879
2015-10-21,28.6734
2015-10-22,28.6648
2015-10-23,28.7073
2015-10-24,28.7354
2015-10-25,28.7064
2015-10-26,28.6085
2015-10-27,28.5364
2015-10-28,28.5159
2015-10-29,28.5184
2015-10-30,28.5203
2015-10-31,28.5018
2015-11-01,28.4806
2015-11-02,28.4434
2015-11-03,28.3837
2015-11-04,28.2984
2015-11-05,28.2717
2015-11-06,28.3594
2015-11-07,28.3854
2015-11-08,28.2900
2015-11-09,28.2145
2015-11-10,28.1227
2015-11-11,28.0648
2015-11-12,28.0131
2015-11-13,27.9807
2015-11-14,27.9686
2015-11-15,27.9391
2015-11-16,27.8778
2015-11-17,27.8164
2015-11-18,27.7583
2015-11-19,27.7453
2015-11-20,27.7360
2015-11-21,27.7198
2015-11-22,27.6750
2015-11-23,27.6545
2015-11-24,27.6300
2015-11-25,27.5974
2015-11-26,27.5709
2015-11-27,27.5539
2015-11-28,27.5120
2015-11-29,27.5259
2015-11-30,27.5069
2015-12-01,27.5055
2015-12-02,27.4885
2015-12-03,27.3917
2015-12-04,27.2463
2015-12-05,27.0948
2015-12-06,27.0378
2015-12-07,26.9734
2015-12-08,26.9673
2015-12-09,26.9550
2015-12-10,26.9272
2015-12-11,26.9349
2015-12-12,26.9113
2015-12-13,26.8943
2015-12-14,26.8852
2015-12-15,26.9119
2015-12-16,26.8999
2015-12-17,26.9114
2015-12-18,26.8362
2015-12-19,26.7817
2015-12-20,26.7751
2015-12-21,26.7635
2015-12-22,26.7668
2015-12-23,26.7391
2015-12-24,26.6836
2015-12-25,26.6415
2015-12-26,26.5994
2015-12-27,26.5666
2015-12-28,26.5133
2015-12-29,26.4711
2015-12-30,26.4405
2015-12-31,26.3961
2016-01-01,26.3468
2016-01-02,26.2891
2016-01-03,26.2601
2016-01-04,26.2718
2016-01-05,26.2533
2016-01-06,26.2299
2016-01-07,26.1906
2016-01-08,26.1761
2016-01-09,26.1959
2016-01-10,26.2752
2016-01-11,26.3874
2016-01-12,26.4399
2016-01-13,26.3785
2016-01-14,26.3612
2016-01-15,26.4209
2016-01-16,26.4251
2016-01-17,26.3580
2016-01-18,26.3106
2016-01-19,26.2335
2016-01-20,26.1109
2016-01-21,26.1105
2016-01-22,26.1101
2016-01-23,26.1085
2016-01-24,26.0732
2016-01-25,25.9822
2016-01-26,25.9133
2016-01-27,25.8349
2016-01-28,25.7941
2016-01-29,25.7362
2016-01-30,25.7220
2016-01-31,25.7816
2016-02-01,25.8102
2016-02-02,25.8404
2016-02-03,25.8408
2016-02-04,25.8514
2016-02-05,25.8565
2016-02-06,25.8332
2016-02-07,25.7973
2016-02-08,25.7743
2016-02-09,25.7460
2016-02-10,25.7146
2016-02-11,25.6940
2016-02-12,25.7039
2016-02-13,25.7046
2016-02-14,25.6566
2016-02-15,25.5724
2016-02-16,25.5055
2016-02-17,25.4787
2016-02-18,25.4658
2016-02-19,25.4585
2016-02-20,25.4183
2016-02-21,25.4269
2016-02-22,25.4630
2016-02-23,25.4885
2016-02-24,25.4805
2016-02-25,25.4624
2016-02-26,25.4056
2016-02-27,25.3951
2016-02-28,25.3857
2016-02-29,25.3674
2016-03-01,25.4391
2016-03-02,25.5102
2016-03-03,25.5873
2016-03-04,25.6415
2016-03-05,25.7157
2016-03-06,25.7233
2016-03-07,25.6857
2016-03-08,25.6314
2016-03-09,25.5808
2016-03-10,25.5856
2016-03-11,25.5910
2016-03-12,25.6256
2016-03-13,25.6254
2016-03-14,25.6497
2016-03-15,25.6798
2016-03-16,25.7189
2016-03-17,25.7711
2016-03-18,25.7602
2016-03-19,25.7198
2016-03-20,25.6768
2016-03-21,25.6489
2016-03-22,25.6633
2016-03-23,25.6502
2016-03-24,25.6520
2016-03-25,25.6359
2016-03-26,25.6102
2016-03-27,25.5871
2016-03-28,25.6095
2016-03-29,25.6468
2016-03-30,25.6635
2016-03-31,25.6443
2016-04-01,25.6560
2016-04-02,25.6630
2016-04-03,25.7139
2016-04-04,25.7791
2016-04-05,25.8101
2016-04-06,25.8464
2016-04-07,25.8825
2016-04-08,25.8781
2016-04-09,25.8505
2016-04-10,25.8243
2016-04-11,25.8108
2016-04-12,25.8015
2016-04-13,25.8385
2016-04-14,25.9382
2016-04-15,26.0122
2016-04-16,26.0233
2016-04-17,26.0371
2016-04-18,25.9607
2016-04-19,25.8724
2016-04-20,25.9223
2016-04-21,26.0625
2016-04-22,26.1496
2016-04-23,26.0480
2016-04-24,26.1162
2016-04-25,26.1171
2016-04-26,26.2590
2016-04-27,26.3649
2016-04-28,26.4038
2016-04-29,26.3902
2016-04-30,26.4675
2016-05-01,26.5860
2016-05-02,26.5902
2016-05-03,26.5863
2016-05-04,26.6405
2016-05-05,26.6094
2016-05-06,26.6250
2016-05-07,26.5927
2016-05-08,26.5506
2016-05-09,26.6005
2016-05-10,26.6361
2016-05-11,26.6639
2016-05-12,26.6878
2016-05-13,26.6166
2016-05-14,26.6110
2016-05-15,26.5890
2016-05-16,26.5849
2016-05-17,26.5451
2016-05-18,26.4638
2016-05-19,26.4824
2016-05-20,26.5456
2016-05-21,26.6553
2016-05-22,26.7045
2016-05-23,26.7855
2016-05-24,26.7995
2016-05-25,26.7879
2016-05-26,26.7605
2016-05-27,26.8213
2016-05-28,26.9527
2016-05-29,26.8787
2016-05-30,26.8058
2016-05-31,26.7968
2016-06-01,26.8009
2016-06-02,26.8041
2016-06-03,26.7583
2016-06-04,26.7992
2016-06-05,26.8487
2016-06-06,26.9217
2016-06-07,26.9852
2016-06-08,26.8903
2016-06-09,26.9421
2016-06-10,26.8998
2016-06-11,26.9392
2016-06-12,26.9168
2016-06-13,26.8767
2016-06-14,26.9195
2016-06-15,26.9361
2016-06-16,26.9863
2016-06-17,27.0422
2016-06-18,27.0233
2016-06-19,27.0189
2016-06-20,26.9998
2016-06-21,27.0816
2016-06-22,27.0676
2016-06-23,27.0399
2016-06-24,27.0976
2016-06-25,27.0620
2016-06-26,27.1203
2016-06-27,27.2274
2016-06-28,27.1720
2016-06-29,27.2409
2016-06-30,27.2379
2016-07-01,27.2235
2016-07-02,27.2406
2016-07-03,27.3057
2016-07-04,27.2785
2016-07-05,27.3012
2016-07-06,27.2556
2016-07-07,27.2861
2016-07-08,27.4185
2016-07-09,27.4659
2016-07-10,27.4189
2016-07-11,27.3422
2016-07-12,27.3207
2016-07-13,27.4573
2016-07-14,27.6135
2016-07-15,27.6451
2016-07-16,27.6788
2016-07-17,27.6726
2016-07-18,27.6420
2016-07-19,27.6464
2016-07-20,27.6369
2016-07-21,27.6236
2016-07-22,27.6782
2016-07-23,27.6763
2016-07-24,27.6979
2016-07-25,27.6980
2016-07-26,27.7108
2016-07-27,27.7334
2016-07-28,27.7763
2016-07-29,27.8060
2016-07-30,27.8412
2016-07-31,27.8489
2016-08-01,27.8400
2016-08-02,27.8464
2016-08-03,27.8628
2016-08-04,27.8693
2016-08-05,27.9144
2016-08-06,28.0255
2016-08-07,28.0820
2016-08-08,28.0596
2016-08-09,28.0576
2016-08-10,28.0687
2016-08-11,28.0951
2016-08-12,28.1924
2016-08-13,28.3018
2016-08-14,28.2818
2016-08-15,28.2078
2016-08-16,28.1842
2016-08-17,28.1743
2016-08-18,28.1469
2016-08-19,28.1290
2016-08-20,28.1494
2016-08-21,28.2069
2016-08-22,28.2508
2016-08-23,28.2817
2016-08-24,28.2501
2016-08-25,28.2667
2016-08-26,28.4088
2016-08-27,28.5571
2016-08-28,28.4878
2016-08-29,28.4551
2016-08-30,28.4765
2016-08-31,28.4374
2016-09-01,28.4017
2016-09-02,28.3402
2016-09-03,28.3508
2016-09-04,28.3687
2016-09-05,28.3655
2016-09-06,28.3403
2016-09-07,28.3470
2016-09-08,28.3495
2016-09-09,28.3698
2016-09-10,28.3485
2016-09-11,28.3327
2016-09-12,28.3783
2016-09-13,28.4064
2016-09-14,28.4490
2016-09-15,28.5075
2016-09-16,28.5241
2016-09-17,28.5330
2016-09-18,28.5899
2016-09-19,28.6448
2016-09-20,28.7140
2016-09-21,28.7729
2016-09-22,28.8019
2016-09-23,28.8331
2016-09-24,28.8345
2016-09-25,28.8462
2016-09-26,28.7627
2016-09-27,28.6786
2016-09-28,28.5803
2016-09-29,28.4905
2016-09-30,28.4233
2016-10-01,28.4235
2016-10-02,28.4101
2016-10-03,28.3602
2016-10-04,28.3432
2016-10-05,28.3671
2016-10-06,28.3940
2016-10-07,28.4283
2016-10-08,28.4028
2016-10-09,28.3663
2016-10-10,28.2873
2016-10-11,28.2842
2016-10-12,28.3395
2016-10-13,28.4169
2016-10-14,28.4929
2016-10-15,28.6149
2016-10-16,28.7674
2016-10-17,28.8403
2016-10-18,28.8123
2016-10-19,28.6863
2016-10-20,28.5851
2016-10-21,28.5302
2016-10-22,28.5305
2016-10-23,28.5391
2016-10-24,28.5278
2016-10-25,28.5279
2016-10-26,28.4688
2016-10-27,28.4316
2016-10-28,28.4135
2016-10-29,28.3839
2016-10-30,28.3808
2016-10-31,28.4370
2016-11-01,28.4298
2016-11-02,28.3930
2016-11-03,28.4100
2016-11-04,28.4594
2016-11-05,28.4173
2016-11-06,28.4130
2016-11-07,28.4103
2016-11-08,28.3375
2016-11-09,28.2265
2016-11-10,28.1200
2016-11-11,28.0734
2016-11-12,28.0662
2016-11-13,28.1254
2016-11-14,28.1020
2016-11-15,28.1022
2016-11-16,28.0958
2016-11-17,28.0921
2016-11-18,28.0236
2016-11-19,27.9071
2016-11-20,27.8958
2016-11-21,27.8584
2016-11-22,27.7991
2016-11-23,27.8304
2016-11-24,27.8144
2016-11-25,27.8171
2016-11-26,27.7898
2016-11-27,27.8061
2016-11-28,27.8127
2016-11-29,27.7996
2016-11-30,27.8053
2016-12-01,27.8067
2016-12-02,27.8038
2016-12-03,27.7173
2016-12-04,27.7294
2016-12-05,27.7589
2016-12-06,27.7458
2016-12-07,27.7184
2016-12-08,27.6939
2016-12-09,27.6868
2016-12-10,27.6711
2016-12-11,27.5895
2016-12-12,27.4989
2016-12-13,27.3989
2016-12-14,27.3228
2016-12-15,27.2690
2016-12-16,27.2047
2016-12-17,27.1056
2016-12-18,27.0298
2016-12-19,26.9963
2016-12-20,26.9568
2016-12-21,26.8997
2016-12-22,26.8680
2016-12-23,26.8217
2016-12-24,26.7064
2016-12-25,26.5928
2016-12-26,26.5157
2016-12-27,26.4820
2016-12-28,26.4268
2016-12-29,26.3933
2016-12-30,26.4157
2016-12-31,26.4055
2017-01-01,26.3920
2017-01-02,26.3770
2017-01-03,26.3630
2017-01-04,26.3227
2017-01-05,26.2781
2017-01-06,26.2087
2017-01-07,26.1856
2017-01-08,26.1747
2017-01-09,26.1541
2017-01-10,26.1613
2017-01-11,26.1941
2017-01-12,26.1608
2017-01-13,26.0568
2017-01-14,26.0406
2017-01-15,26.0095
2017-01-16,25.9859
2017-01-17,25.9520
2017-01-18,25.9498
2017-01-19,25.9994
2017-01-20,26.0741
2017-01-21,26.0590
2017-01-22,26.0639
2017-01-23,26.0120
2017-01-24,26.0676
2017-01-25,25.9907
2017-01-26,25.9623
2017-01-27,25.9770
2017-01-28,25.9889
2017-01-29,25.9824
2017-01-30,25.9335
2017-01-31,25.8577
2017-02-01,25.8688
2017-02-02,25.8365
2017-02-03,25.8260
2017-02-04,25.7661
2017-02-05,25.7666
2017-02-06,25.7185
2017-02-07,25.7159
2017-02-08,25.7038
2017-02-09,25.7137
2017-02-10,25.6795
2017-02-11,25.6155
2017-02-12,25.5504
2017-02-13,25.5732
2017-02-14,25.5587
2017-02-15,25.5805
2017-02-16,25.5706
2017-02-17,25.5205
2017-02-18,25.5928
2017-02-19,25.5768
2017-02-20,25.5738
2017-02-21,25.5677
2017-02-22,25.4753
2017-02-23,25.5008
2017-02-24,25.4770
2017-02-25,25.4981
2017-02-26,25.5001
2017-02-27,25.4153
2017-02-28,25.4149
2017-03-01,25.3829
2017-03-02,25.3725
2017-03-03,25.3451
2017-03-04,25.2932
2017-03-05,25.3041
2017-03-06,25.3417
2017-03-07,25.3667
2017-03-08,25.3515
2017-03-09,25.3411
2017-03-10,25.3242
2017-03-11,25.3821
2017-03-12,25.4192
2017-03-13,25.4427
2017-03-14,25.4839
2017-03-15,25.4738
2017-03-16,25.4647
2017-03-17,25.4541
2017-03-18,25.4471
2017-03-19,25.4545
2017-03-20,25.4716
2017-03-21,25.4941
2017-03-22,25.4902
2017-03-23,25.5162
2017-03-24,25.5399
2017-03-25,25.5951
2017-03-26,25.6506
2017-03-27,25.6687
2017-03-28,25.6574
2017-03-29,25.6593
2017-03-30,25.6386
2017-03-31,25.6507
2017-04-01,25.6143
2017-04-02,25.5505
2017-04-03,25.5683
2017-04-04,25.5927
2017-04-05,25.5819
2017-04-06,25.5935
2017-04-07,25.6712
2017-04-08,25.7445
2017-04-09,25.8016
2017-04-10,25.9152
2017-04-11,25.9304
2017-04-12,25.9137
2017-04-13,25.9161
2017-04-14,25.9030
2017-04-15,25.9290
2017-04-16,25.9198
2017-04-17,25.9412
2017-04-18,25.9954
2017-04-19,26.0393
2017-04-20,26.0956
2017-04-21,26.1602
2017-04-22,26.2600
2017-04-23,26.3370
2017-04-24,26.4111
2017-04-25,26.4901
2017-04-26,26.5388
2017-04-27,26.5736
2017-04-28,26.5643
2017-04-29,26.5392
2017-04-30,26.4756
2017-05-01,26.4641
2017-05-02,26.5247
2017-05-03,26.6210
2017-05-04,26.6827
2017-05-05,26.7486
2017-05-06,26.7834
2017-05-07,26.7725
2017-05-08,26.6882
2017-05-09,26.6299
2017-05-10,26.6080
2017-05-11,26.5707
2017-05-12,26.5730
2017-05-13,26.6413
2017-05-14,26.7192
2017-05-15,26.7543
2017-05-16,26.7563
2017-05-17,26.7029
2017-05-18,26.6736
2017-05-19,26.6863
2017-05-20,26.6693
2017-05-21,26.6499
2017-05-22,26.6116
2017-05-23,26.6247
2017-05-24,26.6943
2017-05-25,26.7059
2017-05-26,26.7191
2017-05-27,26.7931
2017-05-28,26.8831
2017-05-29,26.9778
2017-05-30,27.0411
2017-05-31,27.1346
2017-06-01,27.1555
2017-06-02,27.1643
2017-06-03,27.1587
2017-06-04,27.1704
2017-06-05,27.1835
2017-06-06,27.1748
2017-06-07,27.1269
2017-06-08,27.0719
2017-06-09,27.0509
2017-06-10,27.0608
2017-06-11,27.0268
2017-06-12,27.0534
2017-06-13,27.0561
2017-06-14,27.0409
2017-06-15,27.0703
2017-06-16,27.1125
2017-06-17,27.1423
2017-06-18,27.1428
2017-06-19,27.1198
2017-06-20,27.0705
2017-06-21,27.0433
2017-06-22,27.1440
2017-06-23,27.2148
2017-06-24,27.2197
2017-06-25,27.1399
2017-06-26,27.0531
2017-06-27,27.1222
2017-06-28,27.2560
2017-06-29,27.2759
2017-06-30,27.2848
2017-07-01,27.3120
2017-07-02,27.3417
2017-07-03,27.4470
2017-07-04,27.5064
2017-07-05,27.5414
2017-07-06,27.5800
2017-07-07,27.6192
2017-07-08,27.5788
2017-07-09,27.5190
2017-07-10,27.4756
2017-07-11,27.4473
2017-07-12,27.4947
2017-07-13,27.5044
2017-07-14,27.5647
2017-07-15,27.6511
2017-07-16,27.7104
2017-07-17,27.7328
2017-07-18,27.6291
2017-07-19,27.5879
2017-07-20,27.6217
2017-07-21,27.6974
2017-07-22,27.7426
2017-07-23,27.7915
2017-07-24,27.8224
2017-07-25,27.8927
2017-07-26,27.9374
2017-07-27,27.9272
2017-07-28,27.9773
2017-07-29,27.9871
2017-07-30,27.9359
2017-07-31,27.8980
2017-08-01,27.9656
2017-08-02,27.9971
2017-08-03,27.9925
2017-08-04,28.0118
2017-08-05,28.0175
2017-08-06,28.0625
2017-08-07,28.0702
2017-08-08,28.0897
2017-08-09,28.1534
2017-08-10,28.1722
2017-08-11,28.1652
2017-08-12,28.1904
2017-08-13,28.2251
2017-08-14,28.2582
2017-08-15,28.2346
2017-08-16,28.2269
2017-08-17,28.2301
2017-08-18,28.2609
2017-08-19,28.2988
2017-08-20,28.3098
2017-08-21,28.3693
2017-08-22,28.4546
2017-08-23,28.4960
2017-08-24,28.5098
2017-08-25,28.5533
2017-08-26,28.6422
2017-08-27,28.7078
2017-08-28,28.7390
2017-08-29,28.7486
2017-08-30,28.7148
2017-08-31,28.6749
2017-09-01,28.6897
2017-09-02,28.7449
2017-09-03,28.7650
2017-09-04,28.7915
2017-09-05,28.7834
2017-09-06,28.6673
2017-09-07,28.6361
2017-09-08,28.6134
2017-09-09,28.5784
2017-09-10,28.6248
2017-09-11,28.6863
2017-09-12,28.7343
2017-09-13,28.8146
2017-09-14,28.8344
2017-09-15,28.8353
2017-09-16,28.8070
2017-09-17,28.7786
2017-09-18,28.7624
2017-09-19,28.7526
2017-09-20,28.7314
2017-09-21,28.7377
2017-09-22,28.7628
2017-09-23,28.8034
2017-09-24,28.7045
2017-09-25,28.6335
2017-09-26,28.6887
2017-09-27,28.6719
2017-09-28,28.6459
2017-09-29,28.6348
2017-09-30,28.6038
2017-10-01,28.5635
2017-10-02,28.5531
2017-10-03,28.5485
2017-10-04,28.5712
2017-10-05,28.6180
2017-10-06,28.6149
2017-10-07,28.5460
2017-10-08,28.5138
2017-10-09,28.5264
2017-10-10,28.5474
2017-10-11,28.5902
2017-10-12,28.5758
2017-10-13,28.5530
2017-10-14,28.4676
2017-10-15,28.4230
2017-10-16,28.3876
2017-10-17,28.3244
2017-10-18,28.2858
2017-10-19,28.2757
2017-10-20,28.2706
2017-10-21,28.2692
2017-10-22,28.2526
2017-10-23,28.2152
2017-10-24,28.1938
2017-10-25,28.1878
2017-10-26,28.2188
2017-10-27,28.2891
2017-10-28,28.2858
2017-10-29,28.2340
2017-10-30,28.2041
2017-10-31,28.1706
2017-11-01,28.1916
2017-11-02,28.1587
2017-11-03,28.1439
2017-11-04,28.1809
2017-11-05,28.2141
2017-11-06,28.2009
2017-11-07,28.1597
2017-11-08,28.1434
2017-11-09,28.1564
2017-11-10,28.1569
2017-11-11,28.1320
2017-11-12,28.1084
2017-11-13,27.9983
2017-11-14,27.9233
2017-11-15,27.8502
2017-11-16,27.8836
2017-11-17,27.8795
2017-11-18,27.8894
2017-11-19,27.9104
2017-11-20,27.9542
2017-11-21,27.9648
2017-11-22,27.9365
2017-11-23,27.9040
2017-11-24,27.8781
2017-11-25,27.8500
2017-11-26,27.8394
2017-11-27,27.8010
2017-11-28,27.7937
2017-11-29,27.8035
2017-11-30,27.8255
2017-12-01,27.8361
2017-12-02,27.7863
2017-12-03,27.7334
2017-12-04,27.7359
2017-12-05,27.7584
2017-12-06,27.7246
2017-12-07,27.5934
2017-12-08,27.5110
2017-12-09,27.4274
2017-12-10,27.3732
2017-12-11,27.3381
2017-12-12,27.3289
2017-12-13,27.3206
2017-12-14,27.3204
2017-12-15,27.2920
2017-12-16,27.2219
2017-12-17,27.1883
2017-12-18,27.1409
2017-12-19,27.1008
2017-12-20,27.0583
2017-12-21,26.9945
2017-12-22,26.8900
2017-12-23,26.8122
2017-12-24,26.7719
2017-12-25,26.7546
2017-12-26,26.7499
2017-12-27,26.7277
2017-12-28,26.7305
2017-12-29,26.7885
2017-12-30,26.7544
2017-12-31,26.6776
2018-01-01,26.6247
2018-01-02,26.5356
2018-01-03,26.4897
2018-01-04,26.4346
2018-01-05,26.4040
2018-01-06,26.3477
2018-01-07,26.3106
2018-01-08,26.2720
2018-01-09,26.2570
2018-01-10,26.2382
2018-01-11,26.1906
2018-01-12,26.1624
2018-01-13,26.1833
2018-01-14,26.1707
2018-01-15,26.1380
2018-01-16,26.1320
2018-01-17,26.0733
2018-01-18,26.0178
2018-01-19,25.9756
2018-01-20,25.9506
2018-01-21,25.9489
2018-01-22,25.8932
2018-01-23,25.8706
2018-01-24,25.8833
2018-01-25,25.8417
2018-01-26,25.8195
2018-01-27,25.8379
2018-01-28,25.8057
2018-01-29,25.7411
2018-01-30,25.6790
2018-01-31,25.6333
2018-02-01,25.6431
2018-02-02,25.6310
2018-02-03,25.5629
2018-02-04,25.5106
2018-02-05,25.4589
2018-02-06,25.4166
2018-02-07,25.3829
2018-02-08,25.3574
2018-02-09,25.3629
2018-02-10,25.3465
2018-02-11,25.3054
2018-02-12,25.2688
2018-02-13,25.2275
2018-02-14,25.1588
2018-02-15,25.0923
2018-02-16,25.0739
2018-02-17,25.0756
2018-02-18,25.0557
2018-02-19,25.0414
2018-02-20,25.0201
2018-02-21,25.0291
2018-02-22,25.0448
2018-02-23,24.9462
2018-02-24,24.9491
2018-02-25,25.0067
2018-02-26,25.0401
2018-02-27,25.0986
2018-02-28,25.1430
2018-03-01,25.1598
2018-03-02,25.2117
2018-03-03,25.2586
2018-03-04,25.3041
2018-03-05,25.2696
2018-03-06,25.2659
2018-03-07,25.2313
2018-03-08,25.2766
2018-03-09,25.3146
2018-03-10,25.3169
2018-03-11,25.3003
2018-03-12,25.2702
2018-03-13,25.2547
2018-03-14,25.2570
2018-03-15,25.2576
2018-03-16,25.2595
2018-03-17,25.2716
2018-03-18,25.2870
2018-03-19,25.3523
2018-03-20,25.3760
2018-03-21,25.3787
2018-03-22,25.3358
2018-03-23,25.2409
2018-03-24,25.2234
2018-03-25,25.2441
2018-03-26,25.2918
2018-03-27,25.2965
2018-03-28,25.2599
2018-03-29,25.2736
2018-03-30,25.2876
2018-03-31,25.3030
2018-04-01,25.3582
2018-04-02,25.4311
2018-04-03,25.4597
2018-04-04,25.4402
2018-04-05,25.4482
2018-04-06,25.4051
2018-04-07,25.4043
2018-04-08,25.4091
2018-04-09,25.3805
2018-04-10,25.3380
2018-04-11,25.3139
2018-04-12,25.3747
2018-04-13,25.4240
2018-04-14,25.4285
2018-04-15,25.4258
2018-04-16,25.4010
2018-04-17,25.4548
2018-04-18,25.4563
2018-04-19,25.4546
2018-04-20,25.4946
2018-04-21,25.5267
2018-04-22,25.5473
2018-04-23,25.5198
2018-04-24,25.5009
2018-04-25,25.5198
2018-04-26,25.5505
2018-04-27,25.5335
2018-04-28,25.5419
2018-04-29,25.5403
2018-04-30,25.5357
2018-05-01,25.5586
2018-05-02,25.5802
2018-05-03,25.6163
2018-05-04,25.6651
2018-05-05,25.6941
2018-05-06,25.7180
2018-05-07,25.7538
2018-05-08,25.7149
2018-05-09,25.6849
2018-05-10,25.7069
2018-05-11,25.7477
2018-05-12,25.7419
2018-05-13,25.7272
2018-05-14,25.7257
2018-05-15,25.7393
2018-05-16,25.7761
2018-05-17,25.7935
2018-05-18,25.7461
2018-05-19,25.7338
2018-05-20,25.7311
2018-05-21,25.7336
2018-05-22,25.7333
2018-05-23,25.7307
2018-05-24,25.7276
2018-05-25,25.7650
2018-05-26,25.7864
2018-05-27,25.7533
2018-05-28,25.7582
2018-05-29,25.8083
2018-05-30,25.7972
2018-05-31,25.7785
2018-06-01,25.7602
2018-06-02,25.7173
2018-06-03,25.7131
2018-06-04,25.7451
2018-06-05,25.8054
2018-06-06,25.8664
2018-06-07,25.8976
2018-06-08,25.9151
2018-06-09,25.9361
2018-06-10,25.9426
2018-06-11,25.8789
2018-06-12,25.8045
2018-06-13,25.8198
2018-06-14,25.8834
2018-06-15,25.9589
2018-06-16,26.0063
2018-06-17,26.0566
2018-06-18,26.0899
2018-06-19,26.1740
2018-06-20,26.2796
2018-06-21,26.2801
2018-06-22,26.2501
2018-06-23,26.1782
2018-06-24,26.1265
2018-06-25,26.1146
2018-06-26,26.1906
2018-06-27,26.2321
2018-06-28,26.2725
2018-06-29,26.2669
2018-06-30,26.3403
2018-07-01,26.3703
2018-07-02,26.4114
2018-07-03,26.4626
2018-07-04,26.5031
2018-07-05,26.5419
2018-07-06,26.5178
2018-07-07,26.5566
2018-07-08,26.6741
2018-07-09,26.7376
2018-07-10,26.7731
2018-07-11,26.7714
2018-07-12,26.7254
2018-07-13,26.6190
2018-07-14,26.6506
2018-07-15,26.6945
2018-07-16,26.6716
2018-07-17,26.6760
2018-07-18,26.7152
2018-07-19,26.7976
2018-07-20,26.7651
2018-07-21,26.6425
2018-07-22,26.5806
2018-07-23,26.6874
2018-07-24,26.8420
2018-07-25,26.8574
2018-07-26,26.8541
2018-07-27,26.8429
2018-07-28,26.9279
2018-07-29,26.9916
2018-07-30,26.9875
2018-07-31,26.9866
2018-08-01,26.9938
2018-08-02,27.0416
2018-08-03,27.0628
2018-08-04,27.0303
2018-08-05,27.0448
2018-08-06,27.0810
2018-08-07,27.0908
2018-08-08,27.0975
2018-08-09,27.1296
2018-08-10,27.1551
2018-08-11,27.1854
2018-08-12,27.2409
2018-08-13,27.3040
2018-08-14,27.4043
2018-08-15,27.4987
2018-08-16,27.5820
2018-08-17,27.6166
2018-08-18,27.6115
2018-08-19,27.6384
2018-08-20,27.6631
2018-08-21,27.6985
2018-08-22,27.7556
2018-08-23,27.7860
2018-08-24,27.8085
2018-08-25,27.8177
2018-08-26,27.7846
2018-08-27,27.7371
2018-08-28,27.7692
2018-08-29,27.7993
2018-08-30,27.8297
2018-08-31,27.8344
2018-09-01,27.8090
2018-09-02,27.7761
2018-09-03,27.7536
2018-09-04,27.8005
2018-09-05,27.8251
2018-09-06,27.8666
2018-09-07,27.9093
2018-09-08,27.8811
2018-09-09,27.8536
2018-09-10,27.8592
2018-09-11,27.8646
2018-09-12,27.9296
2018-09-13,28.0628
2018-09-14,28.1217
2018-09-15,28.1066
2018-09-16,28.0974
2018-09-17,28.0806
2018-09-18,28.0641
2018-09-19,28.0906
2018-09-20,28.1179
2018-09-21,28.0733
2018-09-22,28.0092
2018-09-23,28.0620
2018-09-24,28.0738
2018-09-25,28.0865
2018-09-26,28.0693
2018-09-27,28.0327
2018-09-28,27.9939
2018-09-29,28.0255
2018-09-30,28.0664
2018-10-01,28.0940
2018-10-02,28.0790
2018-10-03,28.1000
2018-10-04,28.1030
2018-10-05,28.0701
2018-10-06,28.0899
2018-10-07,28.1271
2018-10-08,28.1730
2018-10-09,28.1632
2018-10-10,28.1900
2018-10-11,28.2486
2018-10-12,28.2875
2018-10-13,28.2446
2018-10-14,28.1935
2018-10-15,28.1622
2018-10-16,28.1299
2018-10-17,28.0789
2018-10-18,28.0181
2018-10-19,27.9208
2018-10-20,27.8927
2018-10-21,27.8805
2018-10-22,27.8171
2018-10-23,27.8645
2018-10-24,27.9103
2018-10-25,27.9390
2018-10-26,27.9857
2018-10-27,28.0333
2018-10-28,28.0472
2018-10-29,28.0266
2018-10-30,28.0320
2018-10-31,28.0007
2018-11-01,28.0297
2018-11-02,27.9856
2018-11-03,27.9757
2018-11-04,27.9450
2018-11-05,27.9216
2018-11-06,27.9075
2018-11-07,27.9136
2018-11-08,27.9025
2018-11-09,27.8596
2018-11-10,27.7961
2018-11-11,27.7548
2018-11-12,27.6806
2018-11-13,27.6312
2018-11-14,27.6027
2018-11-15,27.5291
2018-11-16,27.4650
2018-11-17,27.4369
2018-11-18,27.4068
2018-11-19,27.3757
2018-11-20,27.3460
2018-11-21,27.3132
2018-11-22,27.2896
2018-11-23,27.2556
2018-11-24,27.2032
2018-11-25,27.1803
2018-11-26,27.1555
2018-11-27,27.1081
2018-11-28,27.1278
2018-11-29,27.1339
2018-11-30,27.1251
2018-12-01,27.0965
2018-12-02,27.0514
2018-12-03,26.9971
2018-12-04,26.9019
2018-12-05,26.8408
2018-12-06,26.8314
2018-12-07,26.8257
2018-12-08,26.8106
2018-12-09,26.7917
2018-12-10,26.7454
2018-12-11,26.6765
2018-12-12,26.5907
2018-12-13,26.5360
2018-12-14,26.4952
2018-12-15,26.4672
2018-12-16,26.4369
2018-12-17,26.4172
2018-12-18,26.3990
2018-12-19,26.3738
2018-12-20,26.3460
2018-12-21,26.2911
2018-12-22,26.2669
2018-12-23,26.2304
2018-12-24,26.2354
2018-12-25,26.2057
2018-12-26,26.1633
2018-12-27,26.1252
2018-12-28,26.0979
2018-12-29,26.0624
2018-12-30,25.9675
2018-12-31,25.9033
2019-01-01,25.8929
2019-01-02,25.8522
2019-01-03,25.7936
2019-01-04,25.7354
2019-01-05,25.7267
2019-01-06,25.7444
2019-01-07,25.7370
2019-01-08,25.7221
2019-01-09,25.7270
2019-01-10,25.7483
2019-01-11,25.7805
2019-01-12,25.7998
2019-01-13,25.8129
2019-01-14,25.7866
2019-01-15,25.7588
2019-01-16,25.7218
2019-01-17,25.6805
2019-01-18,25.6509
2019-01-19,25.6309
2019-01-20,25.6383
2019-01-21,25.6614
2019-01-22,25.6521
2019-01-23,25.6334
2019-01-24,25.5780
2019-01-25,25.5396
2019-01-26,25.5350
2019-01-27,25.5806
2019-01-28,25.6169
2019-01-29,25.6386
2019-01-30,25.6627
2019-01-31,25.6692
2019-02-01,25.6541
2019-02-02,25.6207
2019-02-03,25.6013
2019-02-04,25.6268
2019-02-05,25.6524
2019-02-06,25.6387
2019-02-07,25.6111
2019-02-08,25.6035
2019-02-09,25.5876
2019-02-10,25.5755
2019-02-11,25.5618
2019-02-12,25.5398
2019-02-13,25.4934
2019-02-14,25.4543
2019-02-15,25.4146
2019-02-16,25.4047
2019-02-17,25.3747
2019-02-18,25.3741
2019-02-19,25.3333
2019-02-20,25.3193
2019-02-21,25.3292
2019-02-22,25.3172
2019-02-23,25.2917
2019-02-24,25.2600
2019-02-25,25.2428
2019-02-26,25.1984
2019-02-27,25.1511
2019-02-28,25.1258
2019-03-01,25.0896
2019-03-02,25.0748
2019-03-03,25.0941
2019-03-04,25.1434
2019-03-05,25.1682
2019-03-06,25.1875
2019-03-07,25.1564
2019-03-08,25.1491
2019-03-09,25.1421
2019-03-10,25.1516
2019-03-11,25.1747
2019-03-12,25.1570
2019-03-13,25.1439
2019-03-14,25.1424
2019-03-15,25.1261
2019-03-16,25.1064
2019-03-17,25.1033
2019-03-18,25.1169
2019-03-19,25.1632
2019-03-20,25.2023
2019-03-21,25.2569
2019-03-22,25.3266
2019-03-23,25.3405
2019-03-24,25.3633
2019-03-25,25.3607
2019-03-26,25.3717
2019-03-27,25.3882
2019-03-28,25.3974
2019-03-29,25.3844
2019-03-30,25.3869
2019-03-31,25.4295
2019-04-01,25.4747
2019-04-02,25.5199
2019-04-03,25.5480
2019-04-04,25.5323
2019-04-05,25.5165
2019-04-06,25.4688
2019-04-07,25.4647
2019-04-08,25.4438
2019-04-09,25.4298
2019-04-10,25.4081
2019-04-11,25.4412
2019-04-12,25.4643
2019-04-13,25.5275
2019-04-14,25.5697
2019-04-15,25.5802
2019-04-16,25.5502
2019-04-17,25.5538
2019-04-18,25.5717
2019-04-19,25.5973
2019-04-20,25.6095
2019-04-21,25.6392
2019-04-22,25.7057
2019-04-23,25.8267
2019-04-24,25.8671
2019-04-25,25.8855
2019-04-26,25.9288
2019-04-27,25.9623
2019-04-28,25.9981
2019-04-29,25.9564
2019-04-30,25.9242
2019-05-01,25.8780
2019-05-02,25.8492
2019-05-03,25.8205
2019-05-04,25.8134
2019-05-05,25.8311
2019-05-06,25.8394
2019-05-07,25.8628
2019-05-08,25.8591
2019-05-09,25.8687
2019-05-10,25.9199
2019-05-11,25.9734
2019-05-12,25.9911
2019-05-13,26.0028
2019-05-14,26.0251
2019-05-15,26.0907
2019-05-16,26.1746
2019-05-17,26.2088
2019-05-18,26.2304
2019-05-19,26.2543
2019-05-20,26.2666
2019-05-21,26.3079
2019-05-22,26.2795
2019-05-23,26.2909
2019-05-24,26.3244
2019-05-25,26.3550
2019-05-26,26.4119
2019-05-27,26.4778
2019-05-28,26.4851
2019-05-29,26.4904
2019-05-30,26.4666
2019-05-31,26.4518
2019-06-01,26.4752
2019-06-02,26.4944
2019-06-03,26.4756
2019-06-04,26.4964
2019-06-05,26.5498
2019-06-06,26.5939
2019-06-07,26.6584
2019-06-08,26.6629
2019-06-09,26.6788
2019-06-10,26.6368
2019-06-11,26.6194
2019-06-12,26.6286
2019-06-13,26.6818
2019-06-14,26.7386
2019-06-15,26.8023
2019-06-16,26.8504
2019-06-17,26.7965
2019-06-18,26.7858
2019-06-19,26.8030
2019-06-20,26.8143
2019-06-21,26.8373
2019-06-22,26.8759
2019-06-23,26.9885
2019-06-24,27.0703
2019-06-25,27.1216
2019-06-26,27.0945
2019-06-27,27.0051
2019-06-28,26.9694
2019-06-29,26.8956
2019-06-30,26.7938
2019-07-01,26.8198
2019-07-02,26.8938
2019-07-03,26.9748
2019-07-04,26.9902
2019-07-05,26.9904
2019-07-06,26.9879
2019-07-07,27.0711
2019-07-08,27.0830
2019-07-09,27.0322
2019-07-10,27.0509
2019-07-11,27.0628
2019-07-12,27.1647
2019-07-13,27.1840
2019-07-14,27.1457
2019-07-15,27.0893
2019-07-16,27.1691
2019-07-17,27.2575
2019-07-18,27.2812
2019-07-19,27.2668
2019-07-20,27.3031
2019-07-21,27.3491
2019-07-22,27.3451
2019-07-23,27.2550
2019-07-24,27.2723
2019-07-25,27.3017
2019-07-26,27.3194
2019-07-27,27.3393
2019-07-28,27.4196
2019-07-29,27.5088
2019-07-30,27.5217
2019-07-31,27.5013
2019-08-01,27.4749
2019-08-02,27.4499
2019-08-03,27.4412
2019-08-04,27.4514
2019-08-05,27.5098
2019-08-06,27.5900
2019-08-07,27.6875
2019-08-08,27.7892
2019-08-09,27.8748
2019-08-10,27.8492
2019-08-11,27.7747
2019-08-12,27.7238
2019-08-13,27.7413
2019-08-14,27.7390
2019-08-15,27.6247
2019-08-16,27.6949
2019-08-17,27.8210
2019-08-18,27.9259
2019-08-19,27.9967
2019-08-20,28.0249
2019-08-21,28.0139
2019-08-22,28.0101
2019-08-23,28.0827
2019-08-24,28.1347
2019-08-25,28.1589
2019-08-26,28.2339
2019-08-27,28.2913
2019-08-28,28.3281
2019-08-29,28.3393
2019-08-30,28.4453
2019-08-31,28.4577
2019-09-01,28.4230
2019-09-02,28.4645
2019-09-03,28.5207
2019-09-04,28.5226
2019-09-05,28.6042
2019-09-06,28.7142
2019-09-07,28.7695
2019-09-08,28.7641
2019-09-09,28.7324
2019-09-10,28.7470
2019-09-11,28.7015
2019-09-12,28.6376
2019-09-13,28.5824
2019-09-14,28.6486
2019-09-15,28.6732
2019-09-16,28.6894
2019-09-17,28.6501
2019-09-18,28.5081
2019-09-19,28.4441
2019-09-20,28.5270
2019-09-21,28.6090
2019-09-22,28.6660
2019-09-23,28.6559
2019-09-24,28.6499
2019-09-25,28.6061
2019-09-26,28.5869
2019-09-27,28.6090
2019-09-28,28.5999
2019-09-29,28.6508
2019-09-30,28.6704
2019-10-01,28.6613
2019-10-02,28.6387
2019-10-03,28.6170
2019-10-04,28.6068
2019-10-05,28.5741
2019-10-06,28.5693
2019-10-07,28.5885
2019-10-08,28.6113
2019-10-09,28.6419
2019-10-10,28.6635
2019-10-11,28.7127
2019-10-12,28.6886
2019-10-13,28.6424
2019-10-14,28.6036
2019-10-15,28.5695
2019-10-16,28.5706
2019-10-17,28.5594
2019-10-18,28.5163
2019-10-19,28.5000
2019-10-20,28.5099
2019-10-21,28.5338
2019-10-22,28.5388
2019-10-23,28.4871
2019-10-24,28.4839
2019-10-25,28.4720
2019-10-26,28.4655
2019-10-27,28.3640
2019-10-28,28.3101
2019-10-29,28.3311
2019-10-30,28.3599
2019-10-31,28.3643
2019-11-01,28.2855
2019-11-02,28.2190
2019-11-03,28.1718
2019-11-04,28.1240
2019-11-05,28.0495
2019-11-06,27.9751
2019-11-07,27.9243
2019-11-08,27.9121
2019-11-09,27.8765
2019-11-10,27.8345
2019-11-11,27.7633
2019-11-12,27.7292
2019-11-13,27.7106
2019-11-14,27.7224
2019-11-15,27.7408
2019-11-16,27.7506
2019-11-17,27.7856
2019-11-18,27.7548
2019-11-19,27.6640
2019-11-20,27.6128
2019-11-21,27.6113
2019-11-22,27.6432
2019-11-23,27.6582
2019-11-24,27.6424
2019-11-25,27.6233
2019-11-26,27.6092
2019-11-27,27.5388
2019-11-28,27.4810
2019-11-29,27.4290
2019-11-30,27.4056
2019-12-01,27.4327
2019-12-02,27.4213
2019-12-03,27.4133
2019-12-04,27.3449
2019-12-05,27.2761
2019-12-06,27.1864
2019-12-07,27.1174
2019-12-08,27.0626
2019-12-09,27.0145
2019-12-10,26.9471
2019-12-11,26.9017
2019-12-12,26.8604
2019-12-13,26.8908
2019-12-14,26.8752
2019-12-15,26.8573
2019-12-16,26.8556
2019-12-17,26.8202
2019-12-18,26.7552
2019-12-19,26.6709
2019-12-20,26.6799
2019-12-21,26.6815
2019-12-22,26.6401
2019-12-23,26.5764
2019-12-24,26.5223
2019-12-25,26.5356
2019-12-26,26.5085
2019-12-27,26.5062
2019-12-28,26.5496
2019-12-29,26.5613
2019-12-30,26.5595
2019-12-31,26.5166
2020-01-01,26.4235
2020-01-02,26.3679
2020-01-03,26.3314
2020-01-04,26.3238
2020-01-05,26.3142
2020-01-06,26.2883
2020-01-07,26.2648
2020-01-08,26.2264
2020-01-09,26.1993
2020-01-10,26.1599
2020-01-11,26.0990
2020-01-12,26.0509
2020-01-13,26.0180
2020-01-14,25.9402
2020-01-15,25.8923
2020-01-16,25.8193
2020-01-17,25.7606
2020-01-18,25.7036
2020-01-19,25.6456
2020-01-20,25.6303
2020-01-21,25.6542
2020-01-22,25.7110
2020-01-23,25.7859
2020-01-24,25.8178
2020-01-25,25.7940
2020-01-26,25.7923
2020-01-27,25.8259
2020-01-28,25.9375
2020-01-29,25.9935
2020-01-30,25.9923
2020-01-31,25.9707
2020-02-01,25.9544
2020-02-02,25.9689
2020-02-03,25.9353
2020-02-04,25.8896
2020-02-05,25.8351
2020-02-06,25.8001
2020-02-07,25.7563
2020-02-08,25.7144
2020-02-09,25.7017
2020-02-10,25.7042
2020-02-11,25.7259
2020-02-12,25.7404
2020-02-13,25.7023
2020-02-14,25.6802
2020-02-15,25.6777
2020-02-16,25.7178
2020-02-17,25.6765
2020-02-18,25.6531
2020-02-19,25.5510
2020-02-20,25.5100
2020-02-21,25.4756
2020-02-22,25.5018
2020-02-23,25.5145
2020-02-24,25.5029
2020-02-25,25.4885
2020-02-26,25.5696
2020-02-27,25.6541
2020-02-28,25.7826
2020-02-29,25.8419
2020-03-01,25.8402
2020-03-02,25.8074
2020-03-03,25.7560
2020-03-04,25.7176
2020-03-05,25.7091
2020-03-06,25.6811
2020-03-07,25.6887
2020-03-08,25.7132
2020-03-09,25.7316
2020-03-10,25.7476
2020-03-11,25.7856
2020-03-12,25.7971
2020-03-13,25.7671
2020-03-14,25.7186
2020-03-15,25.6856
2020-03-16,25.7026
2020-03-17,25.6849
2020-03-18,25.7379
2020-03-19,25.7696
2020-03-20,25.7397
2020-03-21,25.7396
2020-03-22,25.7612
2020-03-23,25.7862
2020-03-24,25.7709
2020-03-25,25.7319
2020-03-26,25.6968
2020-03-27,25.7268
2020-03-28,25.7700
2020-03-29,25.8104
2020-03-30,25.8550
2020-03-31,25.9069
2020-04-01,25.9838
2020-04-02,25.9828
2020-04-03,26.0071
2020-04-04,25.9932
2020-04-05,26.0145
2020-04-06,26.0578
2020-04-07,26.0860
2020-04-08,26.1091
2020-04-09,26.1536
2020-04-10,26.1848
2020-04-11,26.2251
2020-04-12,26.2348
2020-04-13,26.2467
2020-04-14,26.2276
2020-04-15,26.2329
2020-04-16,26.2810
2020-04-17,26.3079
2020-04-18,26.3092
2020-04-19,26.2852
2020-04-20,26.2257
2020-04-21,26.1859
2020-04-22,26.1579
2020-04-23,26.1746
2020-04-24,26.1858
2020-04-25,26.1966
2020-04-26,26.2161
2020-04-27,26.2273
2020-04-28,26.2391
2020-04-29,26.2429
2020-04-30,26.2224
2020-05-01,26.2044
2020-05-02,26.2008
2020-05-03,26.2089
2020-05-04,26.2361
2020-05-05,26.3008
2020-05-06,26.3485
2020-05-07,26.3587
2020-05-08,26.4077
2020-05-09,26.4184
2020-05-10,26.4193
2020-05-11,26.3870
2020-05-12,26.3721
2020-05-13,26.3667
2020-05-14,26.3684
2020-05-15,26.3769
2020-05-16,26.3715
2020-05-17,26.3587
2020-05-18,26.3707
2020-05-19,26.4214
2020-05-20,26.4898
2020-05-21,26.5528
2020-05-22,26.5886
2020-05-23,26.6337
2020-05-24,26.7141
2020-05-25,26.7289
2020-05-26,26.7568
2020-05-27,26.7363
2020-05-28,26.7207
2020-05-29,26.6941
2020-05-30,26.6956
2020-05-31,26.7363
2020-06-01,26.8287
2020-06-02,26.8867
2020-06-03,26.9320
2020-06-04,26.9232
2020-06-05,26.9309
2020-06-06,26.9351
2020-06-07,26.8937
2020-06-08,27.0035
2020-06-09,27.1464
2020-06-10,27.1511
2020-06-11,27.1488
2020-06-12,27.1999
2020-06-13,27.2580
2020-06-14,27.3039
2020-06-15,27.3677
2020-06-16,27.3928
2020-06-17,27.3789
2020-06-18,27.4482
2020-06-19,27.4257
2020-06-20,27.3612
2020-06-21,27.3301
2020-06-22,27.2658
2020-06-23,27.1754
2020-06-24,27.1276
2020-06-25,27.1773
2020-06-26,27.2077
2020-06-27,27.2355
2020-06-28,27.1845
2020-06-29,27.1429
2020-06-30,27.1999
2020-07-01,27.2778
2020-07-02,27.3609
2020-07-03,27.3613
2020-07-04,27.3572
2020-07-05,27.3454
2020-07-06,27.4742
2020-07-07,27.5466
2020-07-08,27.5067
2020-07-09,27.4658
2020-07-10,27.4689
2020-07-11,27.4452
2020-07-12,27.5029
2020-07-13,27.5594
2020-07-14,27.6102
2020-07-15,27.6125
2020-07-16,27.7187
2020-07-17,27.8580
2020-07-18,27.9919
2020-07-19,28.0831
2020-07-20,28.1201
2020-07-21,28.1376
2020-07-22,28.0914
2020-07-23,28.0561
2020-07-24,28.0123
2020-07-25,27.9774
2020-07-26,27.9497
2020-07-27,27.9611
2020-07-28,27.9809
2020-07-29,28.0028
2020-07-30,27.9749
2020-07-31,28.0469
2020-08-01,28.0771
2020-08-02,28.1060
2020-08-03,28.1366
2020-08-04,28.1729
2020-08-05,28.1574
2020-08-06,28.1498
2020-08-07,28.1929
2020-08-08,28.1687
2020-08-09,28.1772
2020-08-10,28.1749
2020-08-11,28.1689
2020-08-12,28.0935
2020-08-13,28.0922
2020-08-14,28.0657
2020-08-15,28.0768
2020-08-16,28.0741
2020-08-17,28.0592
2020-08-18,28.0844
2020-08-19,28.1401
2020-08-20,28.1971
2020-08-21,28.3011
2020-08-22,28.4147
2020-08-23,28.4682
2020-08-24,28.4944
2020-08-25,28.4546
2020-08-26,28.4078
2020-08-27,28.3476
2020-08-28,28.3169
2020-08-29,28.2603
2020-08-30,28.1979
2020-08-31,28.2938
2020-09-01,28.4779
2020-09-02,28.5347
2020-09-03,28.5658
2020-09-04,28.5723
2020-09-05,28.5650
2020-09-06,28.5363
2020-09-07,28.5298
2020-09-08,28.5413
2020-09-09,28.5786
2020-09-10,28.6149
2020-09-11,28.6364
2020-09-12,28.6540
2020-09-13,28.7030
2020-09-14,28.7253
2020-09-15,28.7266
2020-09-16,28.7002
2020-09-17,28.6726
2020-09-18,28.6787
2020-09-19,28.7319
2020-09-20,28.8333
2020-09-21,28.9087
2020-09-22,28.9613
2020-09-23,28.9456
2020-09-24,28.9576
2020-09-25,29.0494
2020-09-26,29.0647
2020-09-27,29.0578
2020-09-28,29.0026
2020-09-29,28.9215
2020-09-30,28.8742
2020-10-01,28.7705
2020-10-02,28.6856
2020-10-03,28.5606
2020-10-04,28.5168
2020-10-05,28.5044
2020-10-06,28.4792
2020-10-07,28.4948
2020-10-08,28.4901
2020-10-09,28.4590
2020-10-10,28.4451
2020-10-11,28.4304
2020-10-12,28.4020
2020-10-13,28.4398
2020-10-14,28.4761
2020-10-15,28.5395
2020-10-16,28.5875
2020-10-17,28.6295
2020-10-18,28.6698
2020-10-19,28.6588
2020-10-20,28.6312
2020-10-21,28.6212
2020-10-22,28.6355
2020-10-23,28.5782
2020-10-24,28.4808
2020-10-25,28.3812
2020-10-26,28.3286
2020-10-27,28.2925
2020-10-28,28.2764
2020-10-29,28.2215
2020-10-30,28.1626
2020-10-31,28.1285
2020-11-01,28.1174
2020-11-02,28.0975
2020-11-03,28.1059
2020-11-04,28.1852
2020-11-05,28.2148
2020-11-06,28.2171
2020-11-07,28.2020
2020-11-08,28.1665
2020-11-09,28.1080
2020-11-10,28.0837
2020-11-11,28.0841
2020-11-12,28.0708
2020-11-13,28.0378
2020-11-14,28.0157
2020-11-15,28.0141
2020-11-16,28.0062
2020-11-17,28.0084
2020-11-18,27.9310
2020-11-19,27.8186
2020-11-20,27.7807
2020-11-21,27.7439
2020-11-22,27.6978
2020-11-23,27.6965
2020-11-24,27.6894
2020-11-25,27.6588
2020-11-26,27.6219
2020-11-27,27.5690
2020-11-28,27.5159
2020-11-29,27.4823
2020-11-30,27.4818
2020-12-01,27.4956
2020-12-02,27.4637
2020-12-03,27.4782
2020-12-04,27.4576
2020-12-05,27.4228
2020-12-06,27.3881
2020-12-07,27.3569
2020-12-08,27.3474
2020-12-09,27.3043
2020-12-10,27.2649
2020-12-11,27.2457
2020-12-12,27.2388
2020-12-13,27.2124
2020-12-14,27.1879
2020-12-15,27.1471
2020-12-16,27.0979
2020-12-17,27.0654
2020-12-18,27.0311
2020-12-19,26.9759
2020-12-20,26.9086
2020-12-21,26.8319
2020-12-22,26.7350
2020-12-23,26.6666
2020-12-24,26.5979
2020-12-25,26.5779
2020-12-26,26.5859
2020-12-27,26.6137
2020-12-28,26.6175
2020-12-29,26.6243
2020-12-30,26.6298
2020-12-31,26.6263
2021-01-01,26.5784
2021-01-02,26.5291
2021-01-03,26.4900
2021-01-04,26.4915
2021-01-05,26.5219
2021-01-06,26.5556
2021-01-07,26.5508
2021-01-08,26.5191
2021-01-09,26.4557
2021-01-10,26.4046
2021-01-11,26.3702
2021-01-12,26.3403
2021-01-13,26.3088
2021-01-14,26.2692
2021-01-15,26.2352
2021-01-16,26.1917
2021-01-17,26.1915
2021-01-18,26.1670
2021-01-19,26.1254
2021-01-20,26.0461
2021-01-21,26.0415
2021-01-22,26.0641
2021-01-23,26.0657
2021-01-24,26.0462
2021-01-25,26.0253
2021-01-26,26.0047
2021-01-27,25.9722
2021-01-28,25.9412
2021-01-29,25.8979
2021-01-30,25.8627
2021-01-31,25.8326
2021-02-01,25.7583
2021-02-02,25.7580
2021-02-03,25.7401
2021-02-04,25.7190
2021-02-05,25.7119
2021-02-06,25.7089
2021-02-07,25.7034
2021-02-08,25.7301
2021-02-09,25.7450
2021-02-10,25.7285
2021-02-11,25.7155
2021-02-12,25.7069
2021-02-13,25.6816
2021-02-14,25.6791
2021-02-15,25.6512
2021-02-16,25.6381
2021-02-17,25.6098
2021-02-18,25.5474
2021-02-19,25.4866
2021-02-20,25.4423
2021-02-21,25.4420
2021-02-22,25.4426
2021-02-23,25.4324
2021-02-24,25.4138
2021-02-25,25.3756
2021-02-26,25.3343
2021-02-27,25.3301
2021-02-28,25.3545
2021-03-01,25.3782
2021-03-02,25.3846
2021-03-03,25.3720
2021-03-04,25.3992
2021-03-05,25.4282
2021-03-06,25.4175
2021-03-07,25.3775
2021-03-08,25.3410
2021-03-09,25.3264
2021-03-10,25.3285
2021-03-11,25.3416
2021-03-12,25.3446
2021-03-13,25.3239
2021-03-14,25.3495
2021-03-15,25.4190
2021-03-16,25.4392
2021-03-17,25.4486
2021-03-18,25.4331
2021-03-19,25.4233
2021-03-20,25.4419
2021-03-21,25.4926
2021-03-22,25.5441
2021-03-23,25.5339
2021-03-24,25.4950
2021-03-25,25.4295
2021-03-26,25.3825
2021-03-27,25.3332
2021-03-28,25.2892
2021-03-29,25.3040
2021-03-30,25.3611
2021-03-31,25.4059
2021-04-01,25.4248
2021-04-02,25.4205
2021-04-03,25.3539
2021-04-04,25.3412
2021-04-05,25.3420
2021-04-06,25.3685
2021-04-07,25.4327
2021-04-08,25.5366
2021-04-09,25.6689
2021-04-10,25.7424
2021-04-11,25.7949
2021-04-12,25.7476
2021-04-13,25.7369
2021-04-14,25.7616
2021-04-15,25.7812
2021-04-16,25.8055
2021-04-17,25.8303
2021-04-18,25.8618
2021-04-19,25.8800
2021-04-20,25.8918
2021-04-21,25.9055
2021-04-22,25.9147
2021-04-23,25.9378
2021-04-24,25.9632
2021-04-25,25.9775
2021-04-26,25.9642
2021-04-27,25.9520
2021-04-28,25.9877
2021-04-29,26.0145
2021-04-30,26.0177
2021-05-01,26.0492
2021-05-02,26.0996
2021-05-03,26.0952
2021-05-04,26.0771
2021-05-05,26.0864
2021-05-06,26.0930
2021-05-07,26.0690
2021-05-08,26.0666
2021-05-09,26.0729
2021-05-10,26.0697
2021-05-11,26.0827
2021-05-12,26.1338
2021-05-13,26.1514
2021-05-14,26.1726
2021-05-15,26.1699
2021-05-16,26.1807
2021-05-17,26.2172
2021-05-18,26.2595
2021-05-19,26.2841
2021-05-20,26.3291
2021-05-21,26.3473
2021-05-22,26.3355
2021-05-23,26.3165
2021-05-24,26.3425
2021-05-25,26.3472
2021-05-26,26.3662
2021-05-27,26.4100
2021-05-28,26.4618
2021-05-29,26.4866
2021-05-30,26.4986
2021-05-31,26.5235
2021-06-01,26.5560
2021-06-02,26.5584
2021-06-03,26.5563
2021-06-04,26.5303
2021-06-05,26.5019
2021-06-06,26.4940
2021-06-07,26.4967
2021-06-08,26.4933
2021-06-09,26.5024
2021-06-10,26.5312
2021-06-11,26.5278
2021-06-12,26.5892
2021-06-13,26.6478
2021-06-14,26.6916
2021-06-15,26.6980
2021-06-16,26.6536
2021-06-17,26.6614
2021-06-18,26.6996
2021-06-19,26.7481
2021-06-20,26.7708
2021-06-21,26.7859
2021-06-22,26.8156
2021-06-23,26.8966
2021-06-24,26.9357
2021-06-25,26.9739
2021-06-26,27.0142
2021-06-27,26.9889
2021-06-28,26.9402
2021-06-29,26.8866
2021-06-30,26.8154
2021-07-01,26.8084
2021-07-02,26.8780
2021-07-03,26.9671
2021-07-04,27.0351
2021-07-05,27.0379
2021-07-06,27.0181
2021-07-07,26.9710
2021-07-08,26.9476
2021-07-09,26.9330
2021-07-10,26.9876
2021-07-11,27.0309
2021-07-12,27.0994
2021-07-13,27.1068
2021-07-14,27.1158
2021-07-15,27.1746
2021-07-16,27.1938
2021-07-17,27.2106
2021-07-18,27.2384
2021-07-19,27.2688
2021-07-20,27.2201
2021-07-21,27.1764
2021-07-22,27.2025
2021-07-23,27.2612
2021-07-24,27.2817
2021-07-25,27.3185
2021-07-26,27.4496
2021-07-27,27.5157
2021-07-28,27.5590
2021-07-29,27.5625
2021-07-30,27.5505
2021-07-31,27.5507
2021-08-01,27.5967
2021-08-02,27.6421
2021-08-03,27.6643
2021-08-04,27.7258
2021-08-05,27.7689
2021-08-06,27.7478
2021-08-07,27.7697
2021-08-08,27.8285
2021-08-09,27.8455
2021-08-10,27.8146
2021-08-11,27.7659
2021-08-12,27.7752
2021-08-13,27.7988
2021-08-14,27.8304
2021-08-15,27.8478
2021-08-16,27.9462
2021-08-17,27.9892
2021-08-18,27.9675
2021-08-19,27.9534
2021-08-20,27.9895
2021-08-21,28.0071
2021-08-22,27.9943
2021-08-23,27.9780
2021-08-24,27.9909
2021-08-25,28.0378
2021-08-26,28.0884
2021-08-27,28.0865
2021-08-28,28.1338
2021-08-29,28.2129
2021-08-30,28.2817
2021-08-31,28.3300
2021-09-01,28.4043
2021-09-02,28.4242
2021-09-03,28.3573
2021-09-04,28.3046
2021-09-05,28.2892
2021-09-06,28.2901
2021-09-07,28.3126
2021-09-08,28.3694
2021-09-09,28.4509
2021-09-10,28.4659
2021-09-11,28.4894
2021-09-12,28.5313
2021-09-13,28.5271
2021-09-14,28.4767
2021-09-15,28.5140
2021-09-16,28.5212
2021-09-17,28.5288
2021-09-18,28.5437
2021-09-19,28.5694
2021-09-20,28.6234
2021-09-21,28.6792
2021-09-22,28.6257
2021-09-23,28.6325
2021-09-24,28.6468
2021-09-25,28.6371
2021-09-26,28.6766
2021-09-27,28.7414
2021-09-28,28.7661
2021-09-29,28.7290
2021-09-30,28.7171
2021-10-01,28.6506
2021-10-02,28.5710
2021-10-03,28.5485
2021-10-04,28.5580
2021-10-05,28.5375
2021-10-06,28.5013
2021-10-07,28.4808
2021-10-08,28.4699
2021-10-09,28.4496
2021-10-10,28.4320
2021-10-11,28.4389
2021-10-12,28.4399
2021-10-13,28.4552
2021-10-14,28.4747
2021-10-15,28.5187
2021-10-16,28.5289
2021-10-17,28.4823
2021-10-18,28.4912
2021-10-19,28.4640
2021-10-20,28.4531
2021-10-21,28.4215
2021-10-22,28.3358
2021-10-23,28.2603
2021-10-24,28.2118
2021-10-25,28.2011
2021-10-26,28.1929
2021-10-27,28.1863
2021-10-28,28.1809
2021-10-29,28.1863
2021-10-30,28.1879
2021-10-31,28.2111
2021-11-01,28.2395
2021-11-02,28.2547
2021-11-03,28.2560
2021-11-04,28.2314
2021-11-05,28.1800
2021-11-06,28.1197
2021-11-07,28.0716
2021-11-08,28.0614
2021-11-09,28.0604
2021-11-10,28.0504
2021-11-11,28.0211
2021-11-12,27.9798
2021-11-13,27.9466
2021-11-14,27.9343
2021-11-15,27.9134
2021-11-16,27.8743
2021-11-17,27.8314
2021-11-18,27.8168
2021-11-19,27.8292
2021-11-20,27.8341
2021-11-21,27.8471
2021-11-22,27.8505
2021-11-23,27.8456
2021-11-24,27.8510
2021-11-25,27.8515
2021-11-26,27.8205
2021-11-27,27.7700
2021-11-28,27.7505
2021-11-29,27.7035
2021-11-30,27.6619
2021-12-01,27.5934
2021-12-02,27.5136
2021-12-03,27.4560
2021-12-04,27.4052
2021-12-05,27.3627
2021-12-06,27.3279
2021-12-07,27.2797
2021-12-08,27.2200
2021-12-09,27.1797
2021-12-10,27.1605
2021-12-11,27.1231
2021-12-12,27.0685
2021-12-13,27.0268
2021-12-14,26.9893
2021-12-15,26.9570
2021-12-16,26.9393
2021-12-17,26.9044
2021-12-18,26.8856
2021-12-19,26.8590
2021-12-20,26.8178
2021-12-21,26.7651
2021-12-22,26.7309
2021-12-23,26.6804
2021-12-24,26.6439
2021-12-25,26.6306
2021-12-26,26.6303
2021-12-27,26.6112
2021-12-28,26.5950
2021-12-29,26.5746
2021-12-30,26.5503
2021-12-31,26.5138
2022-01-01,26.4688
2022-01-02,26.4382
2022-01-03,26.4044
2022-01-04,26.3537
2022-01-05,26.3110
2022-01-06,26.2597
2022-01-07,26.2133
2022-01-08,26.1896
2022-01-09,26.1783
2022-01-10,26.1692
2022-01-11,26.1640
2022-01-12,26.1745
2022-01-13,26.1880
2022-01-14,26.1965
2022-01-15,26.2074
2022-01-16,26.2223
2022-01-17,26.2194
2022-01-18,26.1937
2022-01-19,26.1637
2022-01-20,26.1325
2022-01-21,26.1002
2022-01-22,26.0719
2022-01-23,26.0464
2022-01-24,26.0349
2022-01-25,26.0290
2022-01-26,26.0203
2022-01-27,26.0024
2022-01-28,25.9854
2022-01-29,25.9734
2022-01-30,25.9458
2022-01-31,25.9221
2022-02-01,25.8952
2022-02-02,25.8739
2022-02-03,25.8553
2022-02-04,25.8412
2022-02-05,25.8412
2022-02-06,25.8558
2022-02-07,25.8815
2022-02-08,25.9051
2022-02-09,25.9445
2022-02-10,25.9619
2022-02-11,25.9495
2022-02-12,25.9062
2022-02-13,25.8729
2022-02-14,25.8343
2022-02-15,25.8070
2022-02-16,25.7745
2022-02-17,25.7566
2022-02-18,25.7516
2022-02-19,25.7466
2022-02-20,25.7696
2022-02-21,25.7809
2022-02-22,25.7883
2022-02-23,25.7799
2022-02-24,25.7536
2022-02-25,25.7216
2022-02-26,25.6734
2022-02-27,25.6331
2022-02-28,25.5968
2022-03-01,25.5570
2022-03-02,25.4994
2022-03-03,25.4356
2022-03-04,25.4140
2022-03-05,25.4388
2022-03-06,25.4605
2022-03-07,25.4661
2022-03-08,25.4720
2022-03-09,25.4636
2022-03-10,25.4648
2022-03-11,25.4438
2022-03-12,25.4200
2022-03-13,25.3939
2022-03-14,25.3955
2022-03-15,25.4060
2022-03-16,25.4057
2022-03-17,25.4101
2022-03-18,25.4096
2022-03-19,25.3978
2022-03-20,25.3880
2022-03-21,25.3871
2022-03-22,25.3877
2022-03-23,25.3759
2022-03-24,25.3715
2022-03-25,25.3792
2022-03-26,25.3997
2022-03-27,25.4068
2022-03-28,25.3919
2022-03-29,25.3627
2022-03-30,25.3390
2022-03-31,25.3121
2022-04-01,25.3237
2022-04-02,25.3665
2022-04-03,25.4137
2022-04-04,25.4696
2022-04-05,25.5006
2022-04-06,25.5170
2022-04-07,25.5196
2022-04-08,25.5060
2022-04-09,25.4912
2022-04-10,25.4866
2022-04-11,25.5114
2022-04-12,25.5322
2022-04-13,25.5152
2022-04-14,25.5171
2022-04-15,25.5337
2022-04-16,25.5758
2022-04-17,25.6247
2022-04-18,25.6509
2022-04-19,25.6836
2022-04-20,25.7355
2022-04-21,25.7966
2022-04-22,25.8510
2022-04-23,25.9214
2022-04-24,25.9993
2022-04-25,26.0487
2022-04-26,26.0558
2022-04-27,26.0510
2022-04-28,26.0510
2022-04-29,26.0575
2022-04-30,26.0599
2022-05-01,26.0615
2022-05-02,26.0688
2022-05-03,26.0962
2022-05-04,26.1312
2022-05-05,26.1767
2022-05-06,26.2415
2022-05-07,26.2749
2022-05-08,26.3010
2022-05-09,26.3339
2022-05-10,26.3560
2022-05-11,26.3415
2022-05-12,26.3237
2022-05-13,26.3261
2022-05-14,26.3312
2022-05-15,26.3213
2022-05-16,26.2821
2022-05-17,26.2287
2022-05-18,26.2413
2022-05-19,26.3128
2022-05-20,26.3803
2022-05-21,26.4148
2022-05-22,26.4563
2022-05-23,26.5231
2022-05-24,26.5820
2022-05-25,26.6105
2022-05-26,26.6353
2022-05-27,26.6355
2022-05-28,26.6582
2022-05-29,26.6877
2022-05-30,26.7003
2022-05-31,26.6909
2022-06-01,26.6880
2022-06-02,26.6790
2022-06-03,26.6898
2022-06-04,26.7357
2022-06-05,26.7585
2022-06-06,26.7493
2022-06-07,26.7217
2022-06-08,26.7396
2022-06-09,26.7828
2022-06-10,26.8211
2022-06-11,26.8250
2022-06-12,26.8286
2022-06-13,26.8512
2022-06-14,26.8449
2022-06-15,26.8529
2022-06-16,26.8785
2022-06-17,26.8722
2022-06-18,26.8610
2022-06-19,26.8828
2022-06-20,26.9188
2022-06-21,26.9565
2022-06-22,27.0213
2022-06-23,27.0712
2022-06-24,27.0688
2022-06-25,27.0706
2022-06-26,27.0770
2022-06-27,27.0735
2022-06-28,27.0669
2022-06-29,27.0646
2022-06-30,27.0931
2022-07-01,27.1228
2022-07-02,27.1254
2022-07-03,27.1097
2022-07-04,27.1133
2022-07-05,27.1461
2022-07-06,27.1672
2022-07-07,27.1739
2022-07-08,27.1563
2022-07-09,27.1397
2022-07-10,27.1310
2022-07-11,27.1493
2022-07-12,27.1548
2022-07-13,27.1400
2022-07-14,27.1446
2022-07-15,27.1793
2022-07-16,27.2109
2022-07-17,27.2264
2022-07-18,27.2320
2022-07-19,27.2432
2022-07-20,27.2411
2022-07-21,27.2606
2022-07-22,27.3286
2022-07-23,27.4249
2022-07-24,27.5069
2022-07-25,27.5757
2022-07-26,27.6235
2022-07-27,27.6807
2022-07-28,27.7152
2022-07-29,27.7137
2022-07-30,27.6731
2022-07-31,27.6634
2022-08-01,27.6501
2022-08-02,27.6423
2022-08-03,27.6597
2022-08-04,27.6762
2022-08-05,27.7059
2022-08-06,27.7445
2022-08-07,27.7713
2022-08-08,27.7963
2022-08-09,27.8156
2022-08-10,27.8283
2022-08-11,27.8321
2022-08-12,27.8765
2022-08-13,27.9061
2022-08-14,27.9775
2022-08-15,28.0144
2022-08-16,28.0322
2022-08-17,28.0374
2022-08-18,28.0387
2022-08-19,28.0518
2022-08-20,28.0876
2022-08-21,28.1447
2022-08-22,28.2029
2022-08-23,28.2691
2022-08-24,28.3197
2022-08-25,28.3274
2022-08-26,28.3276
2022-08-27,28.3229
2022-08-28,28.3179
2022-08-29,28.2752
2022-08-30,28.2606
2022-08-31,28.2439
2022-09-01,28.2400
2022-09-02,28.2634
2022-09-03,28.3109
2022-09-04,28.3704
2022-09-05,28.4159
2022-09-06,28.4656
2022-09-07,28.5099
2022-09-08,28.5642
2022-09-09,28.6124
2022-09-10,28.6356
2022-09-11,28.6420
2022-09-12,28.6528
2022-09-13,28.6507
2022-09-14,28.6751
2022-09-15,28.7019
2022-09-16,28.7040
2022-09-17,28.6683
2022-09-18,28.6290
2022-09-19,28.5896
2022-09-20,28.5787
2022-09-21,28.5955
2022-09-22,28.6133
2022-09-23,28.6229
2022-09-24,28.6168
2022-09-25,28.6308
2022-09-26,28.6634
2022-09-27,28.7054
2022-09-28,28.7328
2022-09-29,28.7257
2022-09-30,28.6828
2022-10-01,28.6339
2022-10-02,28.6213
2022-10-03,28.6121
2022-10-04,28.6345
2022-10-05,28.6369
2022-10-06,28.6198
2022-10-07,28.5687
2022-10-08,28.4870
2022-10-09,28.4243
2022-10-10,28.4043
2022-10-11,28.4010
2022-10-12,28.3937
2022-10-13,28.3981
2022-10-14,28.3937
2022-10-15,28.3882
2022-10-16,28.3899
2022-10-17,28.3878
2022-10-18,28.3930
2022-10-19,28.3995
2022-10-20,28.3921
2022-10-21,28.3892
2022-10-22,28.4095
2022-10-23,28.4072
2022-10-24,28.3946
2022-10-25,28.3593
2022-10-26,28.3492
2022-10-27,28.3343
2022-10-28,28.3158
2022-10-29,28.2848
2022-10-30,28.2337
2022-10-31,28.1730
2022-11-01,28.1403
2022-11-02,28.1227
2022-11-03,28.1022
2022-11-04,28.0830
2022-11-05,28.0799
2022-11-06,28.0535
2022-11-07,28.0228
2022-11-08,27.9846
2022-11-09,27.9536
2022-11-10,27.9367
2022-11-11,27.8910
2022-11-12,27.8481
2022-11-13,27.7851
2022-11-14,27.7195
2022-11-15,27.6652
2022-11-16,27.6350
2022-11-17,27.5984
2022-11-18,27.5755
2022-11-19,27.5610
2022-11-20,27.5329
2022-11-21,27.4853
2022-11-22,27.4419
2022-11-23,27.3920
2022-11-24,27.3446
2022-11-25,27.3104
2022-11-26,27.2984
2022-11-27,27.2751
2022-11-28,27.2409
2022-11-29,27.2067
2022-11-30,27.1664
2022-12-01,27.1136
2022-12-02,27.0669
2022-12-03,27.0301
2022-12-04,26.9930
2022-12-05,26.9740
2022-12-06,26.9743
2022-12-07,26.9442
2022-12-08,26.9357
2022-12-09,26.9352
2022-12-10,26.9084
2022-12-11,26.8863
2022-12-12,26.8677
2022-12-13,26.8445
2022-12-14,26.8355
2022-12-15,26.8264
2022-12-16,26.8010
2022-12-17,26.7908
2022-12-18,26.7973
2022-12-19,26.7759
2022-12-20,26.7445
2022-12-21,26.7180
2022-12-22,26.6821
2022-12-23,26.6406
2022-12-24,26.5940
2022-12-25,26.5480
2022-12-26,26.5132
2022-12-27,26.4612
2022-12-28,26.3954
2022-12-29,26.3228
2022-12-30,26.2656
2022-12-31,26.2252
2023-01-01,26.1923
2023-01-02,26.1641
2023-01-03,26.1573
2023-01-04,26.1285
2023-01-05,26.0742
2023-01-06,26.0493
2023-01-07,26.0285
2023-01-08,25.9877
2023-01-09,25.9631
2023-01-10,25.9677
2023-01-11,25.9787
2023-01-12,25.9787
2023-01-13,25.9759
2023-01-14,25.9740
2023-01-15,25.9751
2023-01-16,25.9710
2023-01-17,25.9596
2023-01-18,25.9480
2023-01-19,25.9227
2023-01-20,25.8890
2023-01-21,25.8384
2023-01-22,25.7789
2023-01-23,25.7343
2023-01-24,25.7170
2023-01-25,25.7008
2023-01-26,25.6801
2023-01-27,25.6686
2023-01-28,25.6531
2023-01-29,25.6359
2023-01-30,25.6300
2023-01-31,25.6244
2023-02-01,25.6352
2023-02-02,25.6434
2023-02-03,25.6311
2023-02-04,25.6149
2023-02-05,25.5968
2023-02-06,25.5824
2023-02-07,25.5602
2023-02-08,25.5269
2023-02-09,25.5001
2023-02-10,25.4811
2023-02-11,25.4601
2023-02-12,25.4381
2023-02-13,25.4039
2023-02-14,25.3753
2023-02-15,25.3403
2023-02-16,25.3114
2023-02-17,25.2864
2023-02-18,25.2647
2023-02-19,25.2509
2023-02-20,25.2545
2023-02-21,25.2529
2023-02-22,25.2724
2023-02-23,25.3476
2023-02-24,25.3000
2023-02-25,25.2884
2023-02-26,25.3135
2023-02-27,25.3464
2023-02-28,25.3677
2023-03-01,25.3871
2023-03-02,25.4009
2023-03-03,25.3902
2023-03-04,25.3805
2023-03-05,25.3925
2023-03-06,25.4325
2023-03-07,25.4898
2023-03-08,25.5507
2023-03-09,25.6215
2023-03-10,25.6675
2023-03-11,25.6797
2023-03-12,25.6580
2023-03-13,25.6485
2023-03-14,25.6406
2023-03-15,25.6318
2023-03-16,25.6323
2023-03-17,25.6590
2023-03-18,25.6786
2023-03-19,25.6834
2023-03-20,25.6903
2023-03-21,25.6852
2023-03-22,25.6970
2023-03-23,25.7197
2023-03-24,25.7400
2023-03-25,25.7535
2023-03-26,25.7667
2023-03-27,25.7967
2023-03-28,25.8415
2023-03-29,25.8875
2023-03-30,25.9204
2023-03-31,25.9185
2023-04-01,25.8684
2023-04-02,25.8262
2023-04-03,25.8382
2023-04-04,25.8636
2023-04-05,25.8584
2023-04-06,25.8343
2023-04-07,25.8244
2023-04-08,25.8461
2023-04-09,25.9059
2023-04-10,25.9738
2023-04-11,26.0210
2023-04-12,26.0334
2023-04-13,26.0323
2023-04-14,26.0494
2023-04-15,26.0551
2023-04-16,26.0693
2023-04-17,26.1116
2023-04-18,26.1572
2023-04-19,26.1827
2023-04-20,26.2128
2023-04-21,26.2691
2023-04-22,26.3621
2023-04-23,26.4959
2023-04-24,26.6249
2023-04-25,26.7495
2023-04-26,26.8285
2023-04-27,26.8777
2023-04-28,26.9147
2023-04-29,26.9387
2023-04-30,26.9684
2023-05-01,26.9935
2023-05-02,26.9966
2023-05-03,26.9833
2023-05-04,26.9613
2023-05-05,26.9203
2023-05-06,26.8804
2023-05-07,26.8688
2023-05-08,26.8752
2023-05-09,26.8876
2023-05-10,26.8960
2023-05-11,26.9247
2023-05-12,26.9593
2023-05-13,26.9907
2023-05-14,27.0057
2023-05-15,27.0004
2023-05-16,27.0335
2023-05-17,27.0602
2023-05-18,27.0439
2023-05-19,27.0106
2023-05-20,26.9866
2023-05-21,26.9613
2023-05-22,26.9683
2023-05-23,26.9974
2023-05-24,27.0501
2023-05-25,27.0962
2023-05-26,27.1228
2023-05-27,27.1352
2023-05-28,27.1614
2023-05-29,27.1572
2023-05-30,27.1731
2023-05-31,27.1741
2023-06-01,27.2319
2023-06-02,27.3028
2023-06-03,27.4016
2023-06-04,27.5653
2023-06-05,27.7464
2023-06-06,27.9077
2023-06-07,28.0109
2023-06-08,28.0623
2023-06-09,28.1106
2023-06-10,28.1428
2023-06-11,28.1356
2023-06-12,28.0883
2023-06-13,28.0304
2023-06-14,27.9671
2023-06-15,27.9212
2023-06-16,27.9276
2023-06-17,27.9247
2023-06-18,27.9165
2023-06-19,27.9297
2023-06-20,27.9617
2023-06-21,27.9646
2023-06-22,27.9450
2023-06-23,27.9388
2023-06-24,27.9526
2023-06-25,27.9514
2023-06-26,27.9351
2023-06-27,27.9687
2023-06-28,28.0349
2023-06-29,28.0827
2023-06-30,28.1186
2023-07-01,28.1325
2023-07-02,28.1293
2023-07-03,28.1308
2023-07-04,28.1637
2023-07-05,28.2073
2023-07-06,28.2538
2023-07-07,28.2566
2023-07-08,28.2558
2023-07-09,28.2637
2023-07-10,28.2666
2023-07-11,28.2480
2023-07-12,28.2560
2023-07-13,28.2707
2023-07-14,28.3040
2023-07-15,28.3337
2023-07-16,28.3675
2023-07-17,28.3940
2023-07-18,28.3987
2023-07-19,28.4349
2023-07-20,28.4710
2023-07-21,28.4985
2023-07-22,28.5036
2023-07-23,28.4844
2023-07-24,28.4785
2023-07-25,28.4736
2023-07-26,28.4916
2023-07-27,28.5136
2023-07-28,28.4977
2023-07-29,28.5154
2023-07-30,28.5556
2023-07-31,28.6063
2023-08-01,28.6884
2023-08-02,28.7425
2023-08-03,28.7720
2023-08-04,28.7934
2023-08-05,28.8099
2023-08-06,28.8185
2023-08-07,28.8103
2023-08-08,28.8650
2023-08-09,28.8947
2023-08-10,28.8962
2023-08-11,28.9154
2023-08-12,28.9332
2023-08-13,28.9410
2023-08-14,28.8799
2023-08-15,28.8338
2023-08-16,28.8080
2023-08-17,28.8558
2023-08-18,28.9102
2023-08-19,28.9619
2023-08-20,28.9925
2023-08-21,29.0245
2023-08-22,29.0755
2023-08-23,29.1268
2023-08-24,29.1947
2023-08-25,29.2526
2023-08-26,29.3290
2023-08-27,29.3787
2023-08-28,29.3638
2023-08-29,29.3136
2023-08-30,29.2651
2023-08-31,29.2448
2023-09-01,29.2647
2023-09-02,29.3195
2023-09-03,29.3535
2023-09-04,29.3654
2023-09-05,29.3851
2023-09-06,29.4207
2023-09-07,29.4615
2023-09-08,29.4501
2023-09-09,29.4293
2023-09-10,29.4288
2023-09-11,29.4503
2023-09-12,29.5020
2023-09-13,29.5576
2023-09-14,29.6004
2023-09-15,29.5985
2023-09-16,29.5985
2023-09-17,29.6088
2023-09-18,29.5938
2023-09-19,29.5737
2023-09-20,29.5456
2023-09-21,29.5568
2023-09-22,29.5696
2023-09-23,29.5702
2023-09-24,29.5527
2023-09-25,29.5131
2023-09-26,29.4692
2023-09-27,29.4619
2023-09-28,29.4618
2023-09-29,29.4487
2023-09-30,29.4516
2023-10-01,29.4295
2023-10-02,29.3865
2023-10-03,29.3592
2023-10-04,29.3348
2023-10-05,29.3336
2023-10-06,29.3400
2023-10-07,29.3827
2023-10-08,29.4103
2023-10-09,29.4209
2023-10-10,29.4137
2023-10-11,29.4155
2023-10-12,29.4294
2023-10-13,29.4601
2023-10-14,29.4952
2023-10-15,29.5356
2023-10-16,29.5730
2023-10-17,29.5646
2023-10-18,29.5263
2023-10-19,29.4768
2023-10-20,29.4290
2023-10-21,29.3924
2023-10-22,29.3590
2023-10-23,29.3782
2023-10-24,29.3942
2023-10-25,29.3776
2023-10-26,29.3183
2023-10-27,29.2061
2023-10-28,29.1045
2023-10-29,29.0506
2023-10-30,29.0618
2023-10-31,29.0947
2023-11-01,29.1065
2023-11-02,29.0562
2023-11-03,28.9786
2023-11-04,28.8974
2023-11-05,28.8459
2023-11-06,28.8052
2023-11-07,28.7875
2023-11-08,28.7729
2023-11-09,28.7450
2023-11-10,28.7077
2023-11-11,28.6695
2023-11-12,28.6246
2023-11-13,28.5887
2023-11-14,28.5603
2023-11-15,28.5083
2023-11-16,28.4880
2023-11-17,28.4606
2023-11-18,28.4263
2023-11-19,28.3733
2023-11-20,28.3469
2023-11-21,28.3650
2023-11-22,28.3927
2023-11-23,28.4077
2023-11-24,28.4090
2023-11-25,28.3726
2023-11-26,28.3068
2023-11-27,28.2583
2023-11-28,28.2237
2023-11-29,28.1782
2023-11-30,28.1246
2023-12-01,28.0945
2023-12-02,28.0610
2023-12-03,28.0218
2023-12-04,27.9540
2023-12-05,27.8941
2023-12-06,27.8999
2023-12-07,27.9130
2023-12-08,27.9275
2023-12-09,27.9199
2023-12-10,27.8922
2023-12-11,27.8533
2023-12-12,27.8048
2023-12-13,27.7523
2023-12-14,27.7190
2023-12-15,27.6891
2023-12-16,27.6486
2023-12-17,27.5940
2023-12-18,27.5525
2023-12-19,27.5101
2023-12-20,27.4293
2023-12-21,27.3475
2023-12-22,27.2959
2023-12-23,27.2753
2023-12-24,27.2710
2023-12-25,27.2668
2023-12-26,27.2911
2023-12-27,27.3215
2023-12-28,27.3510
2023-12-29,27.3844
2023-12-30,27.3822
2023-12-31,27.3508
2024-01-01,27.3219
2024-01-02,27.2900
2024-01-03,27.2467
2024-01-04,27.1853
2024-01-05,27.1356
2024-01-06,27.1032
2024-01-07,27.0995
2024-01-08,27.0837
2024-01-09,27.0394
2024-01-10,26.9991
2024-01-11,26.9721
2024-01-12,26.9679
2024-01-13,26.9771
2024-01-14,26.9867
2024-01-15,26.9760
2024-01-16,26.9415
2024-01-17,26.9129
2024-01-18,26.8887
2024-01-19,26.8656
2024-01-20,26.8492
2024-01-21,26.8285
2024-01-22,26.7892
2024-01-23,26.7571
2024-01-24,26.6977
2024-01-25,26.6174
2024-01-26,26.5599
2024-01-27,26.5150
2024-01-28,26.4847
2024-01-29,26.4899
2024-01-30,26.5318
2024-01-31,26.5760
2024-02-01,26.6166
2024-02-02,26.6463
2024-02-03,26.6847
2024-02-04,26.7371
2024-02-05,26.7911
2024-02-06,26.7990
2024-02-07,26.7553
2024-02-08,26.6989
2024-02-09,26.6668
2024-02-10,26.6588
2024-02-11,26.6379
2024-02-12,26.6199
2024-02-13,26.6130
2024-02-14,26.6129
2024-02-15,26.6216
2024-02-16,26.6362
2024-02-17,26.6370
2024-02-18,26.6148
2024-02-19,26.5593
2024-02-20,26.5159
2024-02-21,26.5010
2024-02-22,26.4727
2024-02-23,26.4418
2024-02-24,26.4500
2024-02-25,26.4788
2024-02-26,26.5286
2024-02-27,26.5761
2024-02-28,26.5744
2024-02-29,26.5523
2024-03-01,26.5374
2024-03-02,26.5338
2024-03-03,26.5527
2024-03-04,26.5845
2024-03-05,26.6336
2024-03-06,26.6781
2024-03-07,26.6900
2024-03-08,26.6577
2024-03-09,26.6294
2024-03-10,26.6361
2024-03-11,26.6727
2024-03-12,26.7410
2024-03-13,26.7665
2024-03-14,26.7677
2024-03-15,26.7604
2024-03-16,26.7313
2024-03-17,26.6874
2024-03-18,26.6342
2024-03-19,26.5930
2024-03-20,26.5832
2024-03-21,26.5963
2024-03-22,26.6144
2024-03-23,26.6466
2024-03-24,26.6724
2024-03-25,26.7044
2024-03-26,26.7533
2024-03-27,26.8029
2024-03-28,26.8484
2024-03-29,26.8430
2024-03-30,26.8337
2024-03-31,26.7890
2024-04-01,26.8210
2024-04-02,26.7785
2024-04-03,26.7541
2024-04-04,26.7463
2024-04-05,26.7789
2024-04-06,26.8417
2024-04-07,26.9107
2024-04-08,26.9628
2024-04-09,26.9716
2024-04-10,26.9721
2024-04-11,26.9638
2024-04-12,26.9529
2024-04-13,26.9357
2024-04-14,26.9234
2024-04-15,26.9110
2024-04-16,26.9025
2024-04-17,26.9138
2024-04-18,26.9372
2024-04-19,26.9812
2024-04-20,27.0537
2024-04-21,27.1090
2024-04-22,27.1405
2024-04-23,27.1799
2024-04-24,27.2355
2024-04-25,27.3261
2024-04-26,27.3600
2024-04-27,27.3683
2024-04-28,27.3647
2024-04-29,27.3501
2024-04-30,27.3325
2024-05-01,27.3205
2024-05-02,27.3350
2024-05-03,27.3205
2024-05-04,27.2892
2024-05-05,27.3398
2024-05-06,27.4429
2024-05-07,27.5415
2024-05-08,27.5933
2024-05-09,27.6133
2024-05-10,27.6524
2024-05-11,27.6986
2024-05-12,27.7187
2024-05-13,27.7167
2024-05-14,27.7122
2024-05-15,27.6974
2024-05-16,27.7079
2024-05-17,27.7423
2024-05-18,27.7818
2024-05-19,27.8069
2024-05-20,27.8368
2024-05-21,27.8460
2024-05-22,27.8259
2024-05-23,27.7926
2024-05-24,27.7754
2024-05-25,27.7753
2024-05-26,27.7763
2024-05-27,27.7552
2024-05-28,27.7727
2024-05-29,27.8025
2024-05-30,27.8150
2024-05-31,27.8262
2024-06-01,27.8450
2024-06-02,27.8515
2024-06-03,27.9016
2024-06-04,27.9587
2024-06-05,27.9955
2024-06-06,28.0014
2024-06-07,27.9907
2024-06-08,27.9665
2024-06-09,27.9507
2024-06-10,27.9477
2024-06-11,27.9525
2024-06-12,27.9465
2024-06-13,27.9427
2024-06-14,27.9474
2024-06-15,27.9679
2024-06-16,28.0039
2024-06-17,28.0446
2024-06-18,28.0799
2024-06-19,28.1021
2024-06-20,28.1012
2024-06-21,28.0797
2024-06-22,28.0630
2024-06-23,28.0485
2024-06-24,28.0174
2024-06-25,27.9916
2024-06-26,27.9901
2024-06-27,28.0105
2024-06-28,28.0159
2024-06-29,28.0024
2024-06-30,28.0284
2024-07-01,28.0490
2024-07-02,28.0515
2024-07-03,28.0556
2024-07-04,28.0386
2024-07-05,28.0431
2024-07-06,28.0573
2024-07-07,28.0518
2024-07-08,28.0798
2024-07-09,28.1051
2024-07-10,28.1320
2024-07-11,28.1414
2024-07-12,28.1583
2024-07-13,28.1666
2024-07-14,28.2131
2024-07-15,28.2896
2024-07-16,28.3385
2024-07-17,28.3562
2024-07-18,28.3777
2024-07-19,28.4031
2024-07-20,28.4011
2024-07-21,28.3895
2024-07-22,28.3925
2024-07-23,28.4092
2024-07-24,28.4134
2024-07-25,28.3766
2024-07-26,28.3395
2024-07-27,28.3597
2024-07-28,28.4094
2024-07-29,28.4503
2024-07-30,28.4979
2024-07-31,28.5386
2024-08-01,28.5495
2024-08-02,28.5483
2024-08-03,28.5305
2024-08-04,28.5218
2024-08-05,28.4471
2024-08-06,28.5806
2024-08-07,28.6193
2024-08-08,28.6632
2024-08-09,28.6947
2024-08-10,28.6774
2024-08-11,28.6646
2024-08-12,28.6570
2024-08-13,28.6508
2024-08-14,28.6326
2024-08-15,28.6124
2024-08-16,28.6298
2024-08-17,28.7282
2024-08-18,28.8288
2024-08-19,28.9004
2024-08-20,28.9369
2024-08-21,28.9742
2024-08-22,29.0553
2024-08-23,29.1473
2024-08-24,29.1846
2024-08-25,29.1674
2024-08-26,29.1639
2024-08-27,29.1847
2024-08-28,29.2143
2024-08-29,29.2227
2024-08-30,29.2159
2024-08-31,29.2167
2024-09-01,29.2247
2024-09-02,29.2147
2024-09-03,29.1998
2024-09-04,29.1771
2024-09-05,29.1690
2024-09-06,29.1887
2024-09-07,29.1968
2024-09-08,29.1843
2024-09-09,29.1768
2024-09-10,29.1712
2024-09-11,29.1503
2024-09-12,29.1109
2024-09-13,29.1079
2024-09-14,29.1488
2024-09-15,29.1930
2024-09-16,29.2382
2024-09-17,29.2906
2024-09-18,29.3548
2024-09-19,29.4145
2024-09-20,29.4689
2024-09-21,29.5189
2024-09-22,29.5573
2024-09-23,29.5495
2024-09-24,29.4925
2024-09-25,29.4260
2024-09-26,29.3940
2024-09-27,29.3783
2024-09-28,29.3546
2024-09-29,29.3469
2024-09-30,29.3489
2024-10-01,29.3509
2024-10-02,29.3748
2024-10-03,29.3657
2024-10-04,29.3712
2024-10-05,29.4196
2024-10-06,29.4579
2024-10-07,29.4327
2024-10-08,29.3994
2024-10-09,29.3862
2024-10-10,29.3704
2024-10-11,29.3436
2024-10-12,29.3358
2024-10-13,29.3445
2024-10-14,29.3594
2024-10-15,29.3699
2024-10-16,29.3319
2024-10-17,29.2915
2024-10-18,29.2482
2024-10-19,29.1767
2024-10-20,29.1096
2024-10-21,29.0614
2024-10-22,29.0552
2024-10-23,29.0669
2024-10-24,29.0788
2024-10-25,29.0920
2024-10-26,29.0935
2024-10-27,29.0693
2024-10-28,29.0043
2024-10-29,28.9656
2024-10-30,28.9538
2024-10-31,28.9446
2024-11-01,28.8997
2024-11-02,28.8640
2024-11-03,28.8351
2024-11-04,28.8177
2024-11-05,28.7908
2024-11-06,28.7538
2024-11-07,28.7146
2024-11-08,28.6942
2024-11-09,28.6873
2024-11-10,28.6723
2024-11-11,28.6568
2024-11-12,28.6489
2024-11-13,28.6195
2024-11-14,28.6037
2024-11-15,28.5723
2024-11-16,28.5471
2024-11-17,28.5177
2024-11-18,28.4862
2024-11-19,28.4401
2024-11-20,28.4138
2024-11-21,28.4148
2024-11-22,28.4342
2024-11-23,28.4067
2024-11-24,28.3474
2024-11-25,28.2881
2024-11-26,28.2420
2024-11-27,28.2304
2024-11-28,28.2265
2024-11-29,28.2305
2024-11-30,28.2163
2024-12-01,28.1573
2024-12-02,28.0729
2024-12-03,28.0110
2024-12-04,27.9582
2024-12-05,27.9047
2024-12-06,27.8736
2024-12-07,27.8353
2024-12-08,27.7873
2024-12-09,27.7370
2024-12-10,27.6942
2024-12-11,27.6569
2024-12-12,27.6176
2024-12-13,27.5857
2024-12-14,27.5883
2024-12-15,27.5543
2024-12-16,27.5548
2024-12-17,27.5645
2024-12-18,27.5282
2024-12-19,27.4664
2024-12-20,27.3673
2024-12-21,27.3136
2024-12-22,27.2850
2024-12-23,27.2671
2024-12-24,27.2795
2024-12-25,27.2873
2024-12-26,27.2657
2024-12-27,27.2242
2024-12-28,27.1915
2024-12-29,27.1969
2024-12-30,27.1833
2024-12-31,27.1703
2025-01-01,27.1620
2025-01-02,27.1714
2025-01-03,27.1284
2025-01-04,27.0472
2025-01-05,26.9684
2025-01-06,26.9385
2025-01-07,26.9510
2025-01-08,26.9515
2025-01-09,26.9247
2025-01-10,26.8899
2025-01-11,26.8732
2025-01-12,26.8597
2025-01-13,26.8392
2025-01-14,26.8242
2025-01-15,26.8192
2025-01-16,26.7983
2025-01-17,26.7591
2025-01-18,26.7208
2025-01-19,26.6919
2025-01-20,26.6810
2025-01-21,26.6527
2025-01-22,26.6095
2025-01-23,26.5702
2025-01-24,26.5243
2025-01-25,26.4802
2025-01-26,26.4451
2025-01-27,26.4175
2025-01-28,26.3939
2025-01-29,26.3558
2025-01-30,26.3314
2025-01-31,26.2802
2025-02-01,26.2363
2025-02-02,26.2035
2025-02-03,26.1911
2025-02-04,26.2064
2025-02-05,26.2196
2025-02-06,26.2169
2025-02-07,26.1751
2025-02-08,26.1103
2025-02-09,26.0538
2025-02-10,26.0161
2025-02-11,25.9961
2025-02-12,25.9806
2025-02-13,25.9632
2025-02-14,25.9526
2025-02-15,25.9601
2025-02-16,25.9636
2025-02-17,25.9683
2025-02-18,25.9599
2025-02-19,25.9519
2025-02-20,25.9496
2025-02-21,25.9343
2025-02-22,25.8884
2025-02-23,25.8304
2025-02-24,25.7974
2025-02-25,25.7780
2025-02-26,25.7516
2025-02-27,25.7569
2025-02-28,25.7876
2025-03-01,25.8077
2025-03-02,25.7997
2025-03-03,25.7956
2025-03-04,25.7877
2025-03-05,25.7625
2025-03-06,25.7358
2025-03-07,25.7062
2025-03-08,25.6986
2025-03-09,25.7047
2025-03-10,25.7148
2025-03-11,25.7138
2025-03-12,25.7162
2025-03-13,25.7469
2025-03-14,25.7956
2025-03-15,25.8262
2025-03-16,25.8424
2025-03-17,25.8587
2025-03-18,25.8663
2025-03-19,25.8652
2025-03-20,25.8615
2025-03-21,25.8540
2025-03-22,25.8435
2025-03-23,25.8324
2025-03-24,25.8051
2025-03-25,25.7807
2025-03-26,25.7743
2025-03-27,25.7730
2025-03-28,25.7848
2025-03-29,25.8154
2025-03-30,25.8406
2025-03-31,25.8421
2025-04-01,25.8092
2025-04-02,25.7558
2025-04-03,25.7384
2025-04-04,25.7280
2025-04-05,25.7236
2025-04-06,25.7627
2025-04-07,25.7806
2025-04-08,25.7884
2025-04-09,25.8107
2025-04-10,25.8158
2025-04-11,25.8518
2025-04-12,25.8962
2025-04-13,25.9187
2025-04-14,25.9165
2025-04-15,25.9126
2025-04-16,25.8984
2025-04-17,25.8710
2025-04-18,25.8562
2025-04-19,25.8713
2025-04-20,25.9022
2025-04-21,25.9139
2025-04-22,25.9080
2025-04-23,25.9625
2025-04-24,26.0364
2025-04-25,26.0719
2025-04-26,26.0543
2025-04-27,26.0123
2025-04-28,25.9949
2025-04-29,26.0193
2025-04-30,26.0669
2025-05-01,26.1200
2025-05-02,26.1983
2025-05-03,26.2892
2025-05-04,26.3735
2025-05-05,26.4453
2025-05-06,26.4916
2025-05-07,26.5277
2025-05-08,26.5375
2025-05-09,26.5348
2025-05-10,26.5409
2025-05-11,26.5392
2025-05-12,26.5185
2025-05-13,26.4855
2025-05-14,26.4551
2025-05-15,26.4472
2025-05-16,26.4686
2025-05-17,26.5135
2025-05-18,26.5269
2025-05-19,26.5498
2025-05-20,26.5627
2025-05-21,26.5762
2025-05-22,26.6040
2025-05-23,26.6117
2025-05-24,26.6171
2025-05-25,26.5706
2025-05-26,26.5253
2025-05-27,26.5114
2025-05-28,26.5153
2025-05-29,26.5214
2025-05-30,26.5296
2025-05-31,26.5753
2025-06-01,26.6217
2025-06-02,26.6772
2025-06-03,26.7237
2025-06-04,26.7058
2025-06-05,26.6716
2025-06-06,26.6549
2025-06-07,26.6728
2025-06-08,26.6928
2025-06-09,26.7087
2025-06-10,26.7126
2025-06-11,26.6895
2025-06-12,26.6914
2025-06-13,26.7210
2025-06-14,26.7679
2025-06-15,26.7846
2025-06-16,26.7784
2025-06-17,26.7800
2025-06-18,26.7972
2025-06-19,26.8134
2025-06-20,26.8293
2025-06-21,26.8278
2025-06-22,26.8190
2025-06-23,26.8119
2025-06-24,26.7996
2025-06-25,26.8149
2025-06-26,26.8414
2025-06-27,26.8752
2025-06-28,26.9379
2025-06-29,26.9897
2025-06-30,27.0340
2025-07-01,27.0518
2025-07-02,27.0358
2025-07-03,27.0595
2025-07-04,27.1266
2025-07-05,27.2262
2025-07-06,27.2772
2025-07-07,27.2951
2025-07-08,27.3274
2025-07-09,27.3445
2025-07-10,27.3720
2025-07-11,27.3853
2025-07-12,27.3903
2025-07-13,27.4134
2025-07-14,27.4368
2025-07-15,27.4892
2025-07-16,27.5547
2025-07-17,27.5723
2025-07-18,27.5567
2025-07-19,27.5537
2025-07-20,27.5716
2025-07-21,27.5939
2025-07-22,27.6008
2025-07-23,27.6124
2025-07-24,27.6453
2025-07-25,27.6590
2025-07-26,27.6717
2025-07-27,27.7166
2025-07-28,27.7854
2025-07-29,27.8396
2025-07-30,27.8996
2025-07-31,27.9386
2025-08-01,27.9231
2025-08-02,27.9102
2025-08-03,27.9116
2025-08-04,27.9185
2025-08-05,27.9367
2025-08-06,27.9454
2025-08-07,28.0025
2025-08-08,28.0800
2025-08-09,28.1205
2025-08-10,28.1539
2025-08-11,28.1620
2025-08-12,28.1318
2025-08-13,28.1216
2025-08-14,28.1708
2025-08-15,28.2289
2025-08-16,28.2869
2025-08-17,28.3216
2025-08-18,28.3491
2025-08-19,28.3589
2025-08-20,28.3361
2025-08-21,28.3298
2025-08-22,28.3107
2025-08-23,28.3093
2025-08-24,28.3517
2025-08-25,28.3995
2025-08-26,28.4185
2025-08-27,28.4415
2025-08-28,28.4773
2025-08-29,28.5206
2025-08-30,28.5520
2025-08-31,28.5951
2025-09-01,28.5916
2025-09-02,28.5777
2025-09-03,28.5430
2025-09-04,28.5277
2025-09-05,28.5191
2025-09-06,28.5177
2025-09-07,28.5469
2025-09-08,28.5912
2025-09-09,28.6344
2025-09-10,28.6812
2025-09-11,28.7575
2025-09-12,28.7921
2025-09-13,28.8161
2025-09-14,28.8005
2025-09-15,28.7804
2025-09-16,28.7583
2025-09-17,28.7560
2025-09-18,28.7993
2025-09-19,28.8472
2025-09-20,28.9115
2025-09-21,28.9512
2025-09-22,28.9297
2025-09-23,28.9141
2025-09-24,28.9192
2025-09-25,28.9305
2025-09-26,28.9524
2025-09-27,28.9794
2025-09-28,28.9820
2025-09-29,28.9626
2025-09-30,28.9521
2025-10-01,28.9663
2025-10-02,29.0000
2025-10-03,29.0229
2025-10-04,29.0454
2025-10-05,29.0506
2025-10-06,29.0266
2025-10-07,28.9793
2025-10-08,28.9370
2025-10-09,28.8921
2025-10-10,28.8542
2025-10-11,28.8147
2025-10-12,28.7939
2025-10-13,28.7921
2025-10-14,28.8411
2025-10-15,28.8759
2025-10-16,28.8684
2025-10-17,28.8267
2025-10-18,28.7861
2025-10-19,28.7560
2025-10-20,28.7320
2025-10-21,28.7215
2025-10-22,28.7196
2025-10-23,28.6908
2025-10-24,28.6620
2025-10-25,28.6434
2025-10-26,28.6132
2025-10-27,28.5958
2025-10-28,28.5815
2025-10-29,28.5724
2025-10-30,28.5299
2025-10-31,28.5054
2025-11-01,28.4864
2025-11-02,28.4936
2025-11-03,28.4832
2025-11-04,28.4328
2025-11-05,28.3773
2025-11-06,28.3486
2025-11-07,28.3249
2025-11-08,28.2731
2025-11-09,28.2221
2025-11-10,28.1733
2025-11-11,28.1575
2025-11-12,28.1654
2025-11-13,28.1666
2025-11-14,28.1732
2025-11-15,28.1825
2025-11-16,28.1793
2025-11-17,28.1553
2025-11-18,28.1174
2025-11-19,28.0673
2025-11-20,28.0199
2025-11-21,27.9913
2025-11-22,27.9870
2025-11-23,27.9690
2025-11-24,27.9181
2025-11-25,27.8513
2025-11-26,27.7985
2025-11-27,27.7580
2025-11-28,27.7058
2025-11-29,27.6341
2025-11-30,27.6107
2025-12-01,27.5800
2025-12-02,27.5321
2025-12-03,27.4750
2025-12-04,27.4186
2025-12-05,27.3793
2025-12-06,27.3285
2025-12-07,27.2902
2025-12-08,27.2749
2025-12-09,27.2531
2025-12-10,27.2246
2025-12-11,27.1743
2025-12-12,27.1086
2025-12-13,27.0540
2025-12-14,27.0011
2025-12-15,26.9470
2025-12-16,26.9121
2025-12-17,26.8755
2025-12-18,26.8425
2025-12-19,26.8064
2025-12-20,26.7691
2025-12-21,26.7311
2025-12-22,26.7022
2025-12-23,26.6867
2025-12-24,26.6681
2025-12-25,26.6332
2025-12-26,26.6194
2025-12-27,26.6241
2025-12-28,26.6423
2025-12-29,26.6203
2025-12-30,26.6023
2025-12-31,26.5838
2026-01-01,26.5538
2026-01-02,26.5073
2026-01-03,26.4501
2026-01-04,26.4060
2026-01-05,26.3784
2026-01-06,26.3619
2026-01-07,26.3461
2026-01-08,26.3236
2026-01-09,26.2900
2026-01-10,26.2556
2026-01-11,26.2216
2026-01-12,26.1928
2026-01-13,26.1707
2026-01-14,26.1578
2026-01-15,26.1555
2026-01-16,26.1415
2026-01-17,26.1219
2026-01-18,26.1142
2026-01-19,26.1045
2026-01-20,26.1066
2026-01-21,26.0898
2026-01-22,26.0550
2026-01-23,26.0186
2026-01-24,25.9868
2026-01-25,25.9586
2026-01-26,25.9314
2026-01-27,25.9025
2026-01-28,25.9060
2026-01-29,25.9502
2026-01-30,25.9950
2026-01-31,25.9968
2026-02-01,25.9488
2026-02-02,25.8627
2026-02-03,25.7907
2026-02-04,25.7417
2026-02-05,25.7062
2026-02-06,25.6741
2026-02-07,25.6508
2026-02-08,25.6423
2026-02-09,25.6535
2026-02-10,25.6662
2026-02-11,25.6665
2026-02-12,25.6781
2026-02-13,25.6828
2026-02-14,25.6669
2026-02-15,25.6460
2026-02-16,25.6352
2026-02-17,25.6386
2026-02-18,25.6579
2026-02-19,25.6902
2026-02-20,25.7246
2026-02-21,25.7337
2026-02-22,25.7426
2026-02-23,25.7485
2026-02-24,25.6960
2026-02-25,25.6668
2026-02-26,25.6688
2026-02-27,25.6588
2026-02-28,25.6415
2026-03-01,25.6117
2026-03-02,25.5825
2026-03-03,25.5815
2026-03-04,25.5877
2026-03-05,25.5817
2026-03-06,25.4851
2026-03-07,25.5261
2026-03-08,25.5035
2026-03-09,25.4780
2026-03-10,25.4446
2026-03-11,25.4130
2026-03-12,25.3948
2026-03-13,25.4073
2026-03-14,25.4399
2026-03-15,25.4577
2026-03-16,25.4562
2026-03-17,25.4243
2026-03-18,25.4085
2026-03-19,25.4010
2026-03-20,25.3682
2026-03-21,25.3396
2026-03-22,25.3884
2026-03-23,25.4244
2026-03-24,25.4580
2026-03-25,25.4692
2026-03-26,25.4628
2026-03-27,25.4550
2026-03-28,25.4489
2026-03-29,25.4499
2026-03-30,25.4593
2026-03-31,25.4909
2026-04-01,25.5438
2026-04-02,25.5712
2026-04-03,25.5923
2026-04-04,25.6130
2026-04-05,25.6321
2026-04-06,25.6630
2026-04-07,25.6870
2026-04-08,25.6980
2026-04-09,25.7013
2026-04-10,25.7108
2026-04-11,25.7098
2026-04-12,25.7086
2026-04-13,25.7191
2026-04-14,25.7349
2026-04-15,25.7683
2026-04-16,25.8020
2026-04-17,25.8278
2026-04-18,25.8551
2026-04-19,25.8882
2026-04-20,25.9205
2026-04-21,25.9702
2026-04-22,26.0317
2026-04-23,26.0933
2026-04-24,26.1553
2026-04-25,26.2155
2026-04-26,26.2721
2026-04-27,26.3304
2026-04-28,26.3678
2026-04-29,26.3958
2026-04-30,26.4109
2026-05-01,26.4374
2026-05-02,26.4657
2026-05-03,26.4637
2026-05-04,26.4555
2026-05-05,26.4488
2026-05-06,26.4740
2026-05-07,26.5015
2026-05-08,26.5265
2026-05-09,26.5286
2026-05-10,26.5208
2026-05-11,26.5127
2026-05-12,26.5010
2026-05-13,26.4774
2026-05-14,26.4383
2026-05-15,26.4305
2026-05-16,26.4628
2026-05-17,26.4964
2026-05-18,26.5187
2026-05-19,26.5369
2026-05-20,26.5509
2026-05-21,26.5503
2026-05-22,26.5387
2026-05-23,26.5239
2026-05-24,26.5160
2026-05-25,26.5290
2026-05-26,26.5318
2026-05-27,26.5008
2026-05-28,26.4616
2026-05-29,26.4646
2026-05-30,26.4974
2026-05-31,26.5775
2026-06-01,26.6577
2026-06-02,26.6923
2026-06-03,26.6994
2026-06-04,26.6968
2026-06-05,26.7063
2026-06-06,26.7306
2026-06-07,26.7270
2026-06-08,26.7550
2026-06-09,26.7677
2026-06-10,26.8113
2026-06-11,26.8368
2026-06-12,26.8558
2026-06-13,26.8515
2026-06-14,26.8171
2026-06-15,26.7593
2026-06-16,26.7455
2026-06-17,26.7370
2026-06-18,26.7392
2026-06-19,26.7526
2026-06-20,26.7861
2026-06-21,26.8073
2026-06-22,26.8069
2026-06-23,26.8278
2026-06-24,26.8878
2026-06-25,26.9263
2026-06-26,26.9289
2026-06-27,26.9493
2026-06-28,26.9812
2026-06-29,27.0314
2026-06-30,27.0840
2026-07-01,27.1442
2026-07-02,27.2000
2026-07-03,27.2461
2026-07-04,27.2839
2026-07-05,27.3110
2026-07-06,27.2925
2026-07-07,27.2691
2026-07-08,27.2659
2026-07-09,27.2323
2026-07-10,27.1782
2026-07-11,27.1138
2026-07-12,27.1339
2026-07-13,27.2105
2026-07-14,27.2891
2026-07-15,27.3210
2026-07-16,27.3420
2026-07-17,27.3892
2026-07-18,27.4211
2026-07-19,27.4523
2026-07-20,27.5036
2026-07-21,27.5816
2026-07-22,27.6336
2026-07-23,27.6576
2026-07-24,27.6860
2026-07-25,27.6910
2026-07-26,27.7220
2026-07-27,27.7613
2026-07-28,27.8070
2026-07-29,27.7983
2026-07-30,27.7675
2026-07-31,27.7396
2026-08-01,27.7423
2026-08-02,27.7863
2026-08-03,27.8480
2026-08-04,27.8779
2026-08-05,27.9403
2026-08-06,28.0461
2026-08-07,28.1056
2026-08-08,28.1519
2026-08-09,28.1545
2026-08-10,28.1665
2026-08-11,28.2192
2026-08-12,28.2248
2026-08-13,28.2252
2026-08-14,28.2236
2026-08-15,28.2276
2026-08-16,28.2484
2026-08-17,28.2997
2026-08-18,28.3533
2026-08-19,28.4098
2026-08-20,28.4495
2026-08-21,28.4769
2026-08-22,28.4705
2026-08-23,28.4553
2026-08-24,28.4628
2026-08-25,28.4651
2026-08-26,28.4715
2026-08-27,28.4825
2026-08-28,28.4872
2026-08-29,28.4892
2026-08-30,28.4921
2026-08-31,28.5281
2026-09-01,28.5493
2026-09-02,28.5686
2026-09-03,28.5876
2026-09-04,28.6332
2026-09-05,28.6732
2026-09-06,28.6998
2026-09-07,28.6949
2026-09-08,28.6976
2026-09-09,28.6901
2026-09-10,28.6894
2026-09-11,28.6992
2026-09-12,28.6944
2026-09-13,28.6840
2026-09-14,28.6921
2026-09-15,28.7004
2026-09-16,28.7235
2026-09-17,28.7328
2026-09-18,28.7847
2026-09-19,28.8456
2026-09-20,28.9111
2026-09-21,28.9343
2026-09-22,28.9458
2026-09-23,28.9405
2026-09-24,28.9396
2026-09-25,28.8964
2026-09-26,28.9449
2026-09-27,28.9200
2026-09-28,28.9961
2026-09-29,29.0700
2026-09-30,29.0802
2026-10-01,29.0552
2026-10-02,28.9798
2026-10-03,28.9294
2026-10-04,28.8911
2026-10-05,28.9037
2026-10-06,28.8928
2026-10-07,28.9009
2026-10-08,28.9479
