date,sst
1982-01-01,20.5446
1982-01-02,20.5363
1982-01-03,20.4968
1982-01-04,20.4181
1982-01-05,20.3297
1982-01-06,20.2424
1982-01-07,20.1529
1982-01-08,20.1112
1982-01-09,20.0678
1982-01-10,20.0609
1982-01-11,20.0834
1982-01-12,20.0638
1982-01-13,20.0368
1982-01-14,19.9970
1982-01-15,19.9815
1982-01-16,19.9668
1982-01-17,19.9528
1982-01-18,19.9429
1982-01-19,19.9164
1982-01-20,19.8925
1982-01-21,19.8781
1982-01-22,19.8755
1982-01-23,19.8499
1982-01-24,19.7931
1982-01-25,19.7435
1982-01-26,19.7052
1982-01-27,19.6893
1982-01-28,19.6781
1982-01-29,19.6253
1982-01-30,19.5630
1982-01-31,19.5287
1982-02-01,19.5204
1982-02-02,19.5351
1982-02-03,19.5619
1982-02-04,19.5890
1982-02-05,19.5841
1982-02-06,19.5537
1982-02-07,19.5696
1982-02-08,19.5894
1982-02-09,19.5902
1982-02-10,19.5937
1982-02-11,19.5863
1982-02-12,19.5789
1982-02-13,19.5676
1982-02-14,19.5557
1982-02-15,19.5576
1982-02-16,19.5626
1982-02-17,19.5641
1982-02-18,19.5902
1982-02-19,19.6141
1982-02-20,19.6205
1982-02-21,19.6134
1982-02-22,19.5785
1982-02-23,19.5533
1982-02-24,19.5518
1982-02-25,19.5498
1982-02-26,19.5679
1982-02-27,19.5542
1982-02-28,19.5500
1982-03-01,19.5775
1982-03-02,19.5995
1982-03-03,19.5950
1982-03-04,19.5845
1982-03-05,19.5550
1982-03-06,19.5568
1982-03-07,19.5756
1982-03-08,19.5650
1982-03-09,19.5673
1982-03-10,19.5806
1982-03-11,19.5997
1982-03-12,19.6101
1982-03-13,19.6185
1982-03-14,19.6362
1982-03-15,19.6236
1982-03-16,19.6050
1982-03-17,19.6073
1982-03-18,19.6091
1982-03-19,19.5897
1982-03-20,19.5990
1982-03-21,19.5992
1982-03-22,19.6156
1982-03-23,19.6619
1982-03-24,19.6971
1982-03-25,19.6996
1982-03-26,19.6846
1982-03-27,19.6958
1982-03-28,19.7037
1982-03-29,19.6876
1982-03-30,19.6644
1982-03-31,19.6906
1982-04-01,19.7544
1982-04-02,19.7814
1982-04-03,19.7877
1982-04-04,19.7940
1982-04-05,19.8159
1982-04-06,19.8516
1982-04-07,19.8837
1982-04-08,19.9198
1982-04-09,19.9654
1982-04-10,19.9767
1982-04-11,19.9756
1982-04-12,19.9531
1982-04-13,19.9488
1982-04-14,19.9435
1982-04-15,19.9505
1982-04-16,20.0042
1982-04-17,20.0478
1982-04-18,20.0993
1982-04-19,20.1589
1982-04-20,20.1934
1982-04-21,20.2377
1982-04-22,20.2861
1982-04-23,20.3123
1982-04-24,20.3099
1982-04-25,20.2753
1982-04-26,20.2495
1982-04-27,20.2265
1982-04-28,20.2365
1982-04-29,20.3241
1982-04-30,20.3888
1982-05-01,20.4481
1982-05-02,20.4291
1982-05-03,20.4354
1982-05-04,20.4711
1982-05-05,20.5126
1982-05-06,20.5781
1982-05-07,20.6377
1982-05-08,20.6740
1982-05-09,20.7443
1982-05-10,20.7918
1982-05-11,20.8252
1982-05-12,20.8789
1982-05-13,20.9494
1982-05-14,21.0086
1982-05-15,21.0581
1982-05-16,21.0968
1982-05-17,21.1332
1982-05-18,21.1772
1982-05-19,21.2242
1982-05-20,21.2714
1982-05-21,21.2881
1982-05-22,21.2905
1982-05-23,21.2970
1982-05-24,21.2787
1982-05-25,21.2789
1982-05-26,21.2928
1982-05-27,21.3253
1982-05-28,21.3648
1982-05-29,21.4209
1982-05-30,21.4748
1982-05-31,21.5140
1982-06-01,21.5051
1982-06-02,21.5202
1982-06-03,21.5342
1982-06-04,21.5610
1982-06-05,21.6084
1982-06-06,21.6483
1982-06-07,21.6964
1982-06-08,21.7660
1982-06-09,21.8395
1982-06-10,21.9009
1982-06-11,21.9696
1982-06-12,22.0288
1982-06-13,22.0919
1982-06-14,22.1113
1982-06-15,22.0995
1982-06-16,22.1087
1982-06-17,22.1511
1982-06-18,22.2113
1982-06-19,22.2301
1982-06-20,22.2250
1982-06-21,22.2580
1982-06-22,22.2925
1982-06-23,22.3010
1982-06-24,22.3245
1982-06-25,22.3480
1982-06-26,22.3594
1982-06-27,22.3740
1982-06-28,22.4355
1982-06-29,22.5130
1982-06-30,22.5778
1982-07-01,22.6306
1982-07-02,22.6315
1982-07-03,22.5957
1982-07-04,22.5736
1982-07-05,22.5674
1982-07-06,22.5798
1982-07-07,22.6513
1982-07-08,22.7265
1982-07-09,22.7911
1982-07-10,22.8659
1982-07-11,22.9314
1982-07-12,22.9583
1982-07-13,22.9756
1982-07-14,23.0201
1982-07-15,23.0727
1982-07-16,23.1018
1982-07-17,23.1620
1982-07-18,23.1956
1982-07-19,23.2472
1982-07-20,23.2849
1982-07-21,23.3193
1982-07-22,23.3398
1982-07-23,23.3693
1982-07-24,23.3888
1982-07-25,23.3787
1982-07-26,23.3849
1982-07-27,23.4246
1982-07-28,23.4851
1982-07-29,23.5171
1982-07-30,23.5441
1982-07-31,23.5356
1982-08-01,23.4863
1982-08-02,23.4919
1982-08-03,23.5740
1982-08-04,23.6775
1982-08-05,23.7674
1982-08-06,23.8290
1982-08-07,23.8649
1982-08-08,23.8771
1982-08-09,23.8934
1982-08-10,23.8724
1982-08-11,23.8818
1982-08-12,23.8824
1982-08-13,23.8768
1982-08-14,23.8781
1982-08-15,23.9143
1982-08-16,23.9724
1982-08-17,24.0157
1982-08-18,24.0624
1982-08-19,24.1191
1982-08-20,24.1569
1982-08-21,24.1510
1982-08-22,24.1105
1982-08-23,24.0937
1982-08-24,24.1026
1982-08-25,24.0886
1982-08-26,24.0802
1982-08-27,24.0827
1982-08-28,24.0958
1982-08-29,24.1166
1982-08-30,24.1307
1982-08-31,24.0931
1982-09-01,24.0758
1982-09-02,24.0998
1982-09-03,24.1244
1982-09-04,24.1153
1982-09-05,24.1005
1982-09-06,24.1043
1982-09-07,24.0929
1982-09-08,24.0560
1982-09-09,24.0373
1982-09-10,24.0134
1982-09-11,23.9751
1982-09-12,23.9491
1982-09-13,23.9421
1982-09-14,23.9346
1982-09-15,23.9499
1982-09-16,23.9336
1982-09-17,23.9398
1982-09-18,23.9232
1982-09-19,23.9260
1982-09-20,23.8877
1982-09-21,23.8272
1982-09-22,23.7656
1982-09-23,23.7009
1982-09-24,23.6530
1982-09-25,23.6234
1982-09-26,23.6215
1982-09-27,23.6315
1982-09-28,23.6145
1982-09-29,23.6482
1982-09-30,23.6536
1982-10-01,23.6771
1982-10-02,23.6507
1982-10-03,23.6482
1982-10-04,23.6609
1982-10-05,23.6328
1982-10-06,23.6084
1982-10-07,23.5222
1982-10-08,23.4641
1982-10-09,23.4230
1982-10-10,23.3495
1982-10-11,23.3079
1982-10-12,23.2457
1982-10-13,23.2203
1982-10-14,23.2393
1982-10-15,23.2516
1982-10-16,23.2328
1982-10-17,23.1923
1982-10-18,23.1578
1982-10-19,23.1099
1982-10-20,23.0465
1982-10-21,22.9623
1982-10-22,22.9099
1982-10-23,22.8747
1982-10-24,22.8393
1982-10-25,22.8344
1982-10-26,22.8279
1982-10-27,22.8102
1982-10-28,22.7980
1982-10-29,22.7645
1982-10-30,22.7213
1982-10-31,22.6950
1982-11-01,22.6767
1982-11-02,22.6684
1982-11-03,22.6297
1982-11-04,22.6051
1982-11-05,22.5834
1982-11-06,22.5269
1982-11-07,22.4506
1982-11-08,22.4002
1982-11-09,22.3607
1982-11-10,22.2886
1982-11-11,22.2333
1982-11-12,22.1941
1982-11-13,22.1572
1982-11-14,22.0957
1982-11-15,22.0460
1982-11-16,22.0180
1982-11-17,22.0215
1982-11-18,22.0103
1982-11-19,21.9878
1982-11-20,21.9361
1982-11-21,21.8972
1982-11-22,21.8581
1982-11-23,21.8084
1982-11-24,21.7789
1982-11-25,21.7483
1982-11-26,21.6653
1982-11-27,21.6144
1982-11-28,21.6163
1982-11-29,21.5929
1982-11-30,21.5621
1982-12-01,21.5348
1982-12-02,21.4714
1982-12-03,21.4160
1982-12-04,21.3734
1982-12-05,21.3329
1982-12-06,21.3199
1982-12-07,21.2940
1982-12-08,21.2743
1982-12-09,21.2715
1982-12-10,21.2506
1982-12-11,21.2073
1982-12-12,21.1511
1982-12-13,21.0816
1982-12-14,21.0199
1982-12-15,20.9630
1982-12-16,20.8929
1982-12-17,20.8382
1982-12-18,20.7688
1982-12-19,20.7223
1982-12-20,20.7078
1982-12-21,20.6931
1982-12-22,20.6760
1982-12-23,20.6205
1982-12-24,20.5594
1982-12-25,20.5051
1982-12-26,20.4829
1982-12-27,20.4428
1982-12-28,20.4005
1982-12-29,20.3622
1982-12-30,20.3427
1982-12-31,20.3288
1983-01-01,20.3026
1983-01-02,20.3290
1983-01-03,20.3370
1983-01-04,20.3252
1983-01-05,20.2802
1983-01-06,20.2387
1983-01-07,20.2302
1983-01-08,20.2166
1983-01-09,20.1743
1983-01-10,20.1321
1983-01-11,20.1167
1983-01-12,20.1008
1983-01-13,20.1020
1983-01-14,20.0972
1983-01-15,20.0779
1983-01-16,20.0581
1983-01-17,20.0068
1983-01-18,19.9390
1983-01-19,19.8740
1983-01-20,19.7986
1983-01-21,19.7413
1983-01-22,19.6995
1983-01-23,19.6956
1983-01-24,19.6754
1983-01-25,19.6905
1983-01-26,19.6987
1983-01-27,19.6880
1983-01-28,19.6838
1983-01-29,19.6615
1983-01-30,19.6334
1983-01-31,19.6040
1983-02-01,19.5738
1983-02-02,19.5368
1983-02-03,19.5384
1983-02-04,19.5478
1983-02-05,19.5319
1983-02-06,19.5253
1983-02-07,19.5424
1983-02-08,19.5234
1983-02-09,19.5046
1983-02-10,19.4858
1983-02-11,19.4780
1983-02-12,19.4439
1983-02-13,19.4001
1983-02-14,19.3617
1983-02-15,19.3416
1983-02-16,19.3243
1983-02-17,19.3061
1983-02-18,19.2886
1983-02-19,19.2787
1983-02-20,19.2618
1983-02-21,19.2648
1983-02-22,19.2827
1983-02-23,19.3059
1983-02-24,19.3054
1983-02-25,19.3135
1983-02-26,19.3126
1983-02-27,19.3438
1983-02-28,19.3473
1983-03-01,19.3511
1983-03-02,19.3049
1983-03-03,19.3031
1983-03-04,19.3319
1983-03-05,19.3613
1983-03-06,19.3825
1983-03-07,19.4009
1983-03-08,19.4038
1983-03-09,19.4089
1983-03-10,19.4082
1983-03-11,19.4243
1983-03-12,19.4342
1983-03-13,19.4417
1983-03-14,19.4422
1983-03-15,19.4264
1983-03-16,19.4077
1983-03-17,19.4109
1983-03-18,19.4458
1983-03-19,19.4772
1983-03-20,19.4911
1983-03-21,19.4995
1983-03-22,19.5039
1983-03-23,19.5170
1983-03-24,19.5259
1983-03-25,19.5306
1983-03-26,19.5407
1983-03-27,19.5262
1983-03-28,19.5237
1983-03-29,19.5324
1983-03-30,19.5368
1983-03-31,19.5626
1983-04-01,19.6119
1983-04-02,19.6566
1983-04-03,19.6581
1983-04-04,19.6676
1983-04-05,19.7076
1983-04-06,19.7357
1983-04-07,19.7454
1983-04-08,19.7515
1983-04-09,19.7295
1983-04-10,19.7273
1983-04-11,19.7551
1983-04-12,19.7812
1983-04-13,19.8213
1983-04-14,19.8545
1983-04-15,19.8744
1983-04-16,19.8948
1983-04-17,19.8907
1983-04-18,19.8728
1983-04-19,19.8355
1983-04-20,19.8789
1983-04-21,19.9147
1983-04-22,19.9428
1983-04-23,19.9486
1983-04-24,19.9649
1983-04-25,19.9798
1983-04-26,19.9999
1983-04-27,20.0470
1983-04-28,20.0666
1983-04-29,20.0703
1983-04-30,20.0859
1983-05-01,20.1199
1983-05-02,20.1379
1983-05-03,20.1780
1983-05-04,20.2626
1983-05-05,20.3342
1983-05-06,20.4010
1983-05-07,20.4510
1983-05-08,20.4946
1983-05-09,20.5183
1983-05-10,20.5609
1983-05-11,20.6067
1983-05-12,20.6502
1983-05-13,20.6656
1983-05-14,20.6701
1983-05-15,20.6808
1983-05-16,20.7014
1983-05-17,20.7191
1983-05-18,20.7479
1983-05-19,20.7765
1983-05-20,20.8288
1983-05-21,20.8811
1983-05-22,20.9003
1983-05-23,20.9226
1983-05-24,20.9212
1983-05-25,20.9449
1983-05-26,21.0250
1983-05-27,21.0915
1983-05-28,21.1318
1983-05-29,21.1442
1983-05-30,21.1613
1983-05-31,21.2150
1983-06-01,21.2538
1983-06-02,21.2931
1983-06-03,21.3601
1983-06-04,21.3797
1983-06-05,21.3841
1983-06-06,21.4155
1983-06-07,21.5056
1983-06-08,21.5905
1983-06-09,21.6507
1983-06-10,21.6797
1983-06-11,21.7392
1983-06-12,21.7812
1983-06-13,21.8193
1983-06-14,21.8400
1983-06-15,21.8653
1983-06-16,21.8943
1983-06-17,21.9180
1983-06-18,21.9347
1983-06-19,21.9475
1983-06-20,21.9592
1983-06-21,21.9894
1983-06-22,22.0375
1983-06-23,22.1069
1983-06-24,22.1637
1983-06-25,22.2098
1983-06-26,22.2625
1983-06-27,22.2929
1983-06-28,22.3213
1983-06-29,22.3353
1983-06-30,22.3349
1983-07-01,22.3041
1983-07-02,22.2771
1983-07-03,22.3132
1983-07-04,22.3619
1983-07-05,22.4179
1983-07-06,22.5069
1983-07-07,22.5900
1983-07-08,22.6578
1983-07-09,22.6905
1983-07-10,22.7559
1983-07-11,22.8262
1983-07-12,22.8722
1983-07-13,22.8872
1983-07-14,22.9251
1983-07-15,22.9729
1983-07-16,22.9681
1983-07-17,22.9918
1983-07-18,23.0563
1983-07-19,23.1462
1983-07-20,23.2252
1983-07-21,23.3164
1983-07-22,23.3391
1983-07-23,23.3311
1983-07-24,23.3480
1983-07-25,23.3644
1983-07-26,23.3656
1983-07-27,23.4327
1983-07-28,23.5091
1983-07-29,23.5706
1983-07-30,23.6247
1983-07-31,23.6361
1983-08-01,23.6971
1983-08-02,23.7441
1983-08-03,23.7326
1983-08-04,23.7041
1983-08-05,23.6988
1983-08-06,23.7226
1983-08-07,23.7472
1983-08-08,23.7751
1983-08-09,23.7780
1983-08-10,23.8318
1983-08-11,23.8844
1983-08-12,23.9727
1983-08-13,24.0039
1983-08-14,23.9798
1983-08-15,23.9459
1983-08-16,23.9226
1983-08-17,23.9165
1983-08-18,23.9486
1983-08-19,23.9379
1983-08-20,23.9213
1983-08-21,23.9137
1983-08-22,23.9197
1983-08-23,23.9607
1983-08-24,24.0106
1983-08-25,24.0347
1983-08-26,24.0319
1983-08-27,24.0420
1983-08-28,24.0922
1983-08-29,24.1254
1983-08-30,24.1301
1983-08-31,24.1570
1983-09-01,24.1991
1983-09-02,24.2445
1983-09-03,24.2790
1983-09-04,24.3047
1983-09-05,24.3073
1983-09-06,24.2862
1983-09-07,24.2467
1983-09-08,24.2338
1983-09-09,24.2257
1983-09-10,24.2398
1983-09-11,24.2542
1983-09-12,24.2583
1983-09-13,24.2578
1983-09-14,24.2499
1983-09-15,24.1964
1983-09-16,24.1350
1983-09-17,24.0810
1983-09-18,24.0318
1983-09-19,23.9882
1983-09-20,23.9758
1983-09-21,23.9622
1983-09-22,23.9427
1983-09-23,23.9218
1983-09-24,23.8978
1983-09-25,23.8761
1983-09-26,23.8116
1983-09-27,23.7351
1983-09-28,23.6988
1983-09-29,23.6832
1983-09-30,23.6622
1983-10-01,23.6175
1983-10-02,23.5641
1983-10-03,23.5524
1983-10-04,23.5692
1983-10-05,23.5681
1983-10-06,23.5357
1983-10-07,23.4905
1983-10-08,23.4469
1983-10-09,23.4045
1983-10-10,23.3838
1983-10-11,23.3612
1983-10-12,23.3660
1983-10-13,23.3539
1983-10-14,23.3611
1983-10-15,23.3105
1983-10-16,23.2378
1983-10-17,23.1805
1983-10-18,23.0972
1983-10-19,23.0328
1983-10-20,22.9797
1983-10-21,22.9414
1983-10-22,22.8859
1983-10-23,22.8407
1983-10-24,22.7972
1983-10-25,22.7892
1983-10-26,22.7435
1983-10-27,22.7091
1983-10-28,22.6747
1983-10-29,22.6551
1983-10-30,22.6376
1983-10-31,22.5985
1983-11-01,22.5595
1983-11-02,22.5366
1983-11-03,22.5091
1983-11-04,22.5046
1983-11-05,22.4854
1983-11-06,22.4411
1983-11-07,22.4137
1983-11-08,22.3559
1983-11-09,22.2966
1983-11-10,22.2416
1983-11-11,22.2047
1983-11-12,22.1794
1983-11-13,22.1201
1983-11-14,22.0691
1983-11-15,22.0273
1983-11-16,21.9596
1983-11-17,21.8766
1983-11-18,21.7888
1983-11-19,21.7049
1983-11-20,21.6637
1983-11-21,21.6077
1983-11-22,21.5479
1983-11-23,21.4819
1983-11-24,21.4241
1983-11-25,21.4065
1983-11-26,21.3667
1983-11-27,21.3341
1983-11-28,21.3147
1983-11-29,21.2967
1983-11-30,21.2682
1983-12-01,21.2434
1983-12-02,21.2237
1983-12-03,21.1948
1983-12-04,21.1773
1983-12-05,21.1712
1983-12-06,21.1635
1983-12-07,21.1491
1983-12-08,21.1368
1983-12-09,21.1116
1983-12-10,21.0842
1983-12-11,21.0322
1983-12-12,20.9593
1983-12-13,20.8722
1983-12-14,20.8067
1983-12-15,20.7467
1983-12-16,20.6872
1983-12-17,20.6326
1983-12-18,20.5955
1983-12-19,20.5455
1983-12-20,20.5097
1983-12-21,20.4864
1983-12-22,20.4654
1983-12-23,20.4484
1983-12-24,20.4221
1983-12-25,20.3773
1983-12-26,20.3267
1983-12-27,20.2907
1983-12-28,20.2588
1983-12-29,20.2298
1983-12-30,20.2131
1983-12-31,20.1940
1984-01-01,20.1739
1984-01-02,20.1627
1984-01-03,20.1282
1984-01-04,20.1026
1984-01-05,20.1174
1984-01-06,20.0985
1984-01-07,20.0673
1984-01-08,20.0464
1984-01-09,20.0331
1984-01-10,20.0115
1984-01-11,20.0162
1984-01-12,20.0131
1984-01-13,19.9888
1984-01-14,19.9695
1984-01-15,19.9520
1984-01-16,19.8969
1984-01-17,19.8488
1984-01-18,19.8139
1984-01-19,19.7867
1984-01-20,19.7751
1984-01-21,19.7630
1984-01-22,19.7574
1984-01-23,19.7358
1984-01-24,19.7184
1984-01-25,19.7152
1984-01-26,19.7168
1984-01-27,19.7306
1984-01-28,19.7104
1984-01-29,19.6887
1984-01-30,19.7041
1984-01-31,19.6798
1984-02-01,19.6533
1984-02-02,19.6298
1984-02-03,19.6380
1984-02-04,19.6367
1984-02-05,19.6016
1984-02-06,19.5832
1984-02-07,19.5573
1984-02-08,19.5513
1984-02-09,19.5581
1984-02-10,19.5644
1984-02-11,19.5801
1984-02-12,19.5833
1984-02-13,19.5864
1984-02-14,19.5640
1984-02-15,19.5171
1984-02-16,19.4978
1984-02-17,19.4987
1984-02-18,19.4884
1984-02-19,19.4754
1984-02-20,19.4746
1984-02-21,19.4791
1984-02-22,19.4860
1984-02-23,19.4756
1984-02-24,19.4771
1984-02-25,19.4576
1984-02-26,19.4846
1984-02-27,19.4923
1984-02-28,19.4815
1984-02-29,19.4594
1984-03-01,19.4377
1984-03-02,19.3953
1984-03-03,19.3717
1984-03-04,19.3740
1984-03-05,19.3898
1984-03-06,19.4211
1984-03-07,19.4496
1984-03-08,19.4824
1984-03-09,19.5139
1984-03-10,19.5530
1984-03-11,19.5757
1984-03-12,19.5778
1984-03-13,19.5746
1984-03-14,19.5839
1984-03-15,19.5807
1984-03-16,19.5774
1984-03-17,19.5842
1984-03-18,19.6026
1984-03-19,19.5964
1984-03-20,19.5879
1984-03-21,19.5825
1984-03-22,19.5781
1984-03-23,19.5871
1984-03-24,19.5812
1984-03-25,19.5470
1984-03-26,19.5268
1984-03-27,19.5267
1984-03-28,19.5359
1984-03-29,19.5509
1984-03-30,19.5700
1984-03-31,19.6028
1984-04-01,19.6500
1984-04-02,19.7057
1984-04-03,19.7520
1984-04-04,19.7866
1984-04-05,19.8021
1984-04-06,19.7922
1984-04-07,19.8108
1984-04-08,19.8195
1984-04-09,19.8103
1984-04-10,19.8414
1984-04-11,19.8136
1984-04-12,19.8011
1984-04-13,19.8027
1984-04-14,19.8143
1984-04-15,19.8106
1984-04-16,19.8067
1984-04-17,19.8111
1984-04-18,19.8170
1984-04-19,19.8183
1984-04-20,19.8396
1984-04-21,19.8769
1984-04-22,19.9135
1984-04-23,19.9169
1984-04-24,19.9040
1984-04-25,19.8974
1984-04-26,19.9182
1984-04-27,19.9551
1984-04-28,20.0117
1984-04-29,20.0535
1984-04-30,20.0999
1984-05-01,20.1209
1984-05-02,20.1484
1984-05-03,20.1869
1984-05-04,20.2955
1984-05-05,20.3905
1984-05-06,20.4665
1984-05-07,20.5272
1984-05-08,20.5955
1984-05-09,20.6626
1984-05-10,20.7055
1984-05-11,20.7577
1984-05-12,20.7667
1984-05-13,20.7526
1984-05-14,20.7531
1984-05-15,20.7653
1984-05-16,20.7966
1984-05-17,20.8631
1984-05-18,20.9065
1984-05-19,20.9333
1984-05-20,20.9722
1984-05-21,21.0398
1984-05-22,21.0767
1984-05-23,21.1485
1984-05-24,21.1865
1984-05-25,21.2323
1984-05-26,21.2564
1984-05-27,21.2731
1984-05-28,21.2707
1984-05-29,21.2757
1984-05-30,21.3049
1984-05-31,21.3426
1984-06-01,21.3948
1984-06-02,21.4366
1984-06-03,21.4850
1984-06-04,21.5323
1984-06-05,21.5698
1984-06-06,21.6155
1984-06-07,21.6521
1984-06-08,21.7033
1984-06-09,21.7217
1984-06-10,21.7271
1984-06-11,21.7718
1984-06-12,21.8156
1984-06-13,21.8400
1984-06-14,21.8585
1984-06-15,21.8940
1984-06-16,21.9116
1984-06-17,21.9422
1984-06-18,21.9791
1984-06-19,22.0497
1984-06-20,22.1223
1984-06-21,22.1669
1984-06-22,22.2071
1984-06-23,22.2553
1984-06-24,22.3266
1984-06-25,22.3715
1984-06-26,22.3986
1984-06-27,22.4489
1984-06-28,22.5107
1984-06-29,22.5645
1984-06-30,22.5950
1984-07-01,22.6593
1984-07-02,22.7414
1984-07-03,22.8570
1984-07-04,22.9626
1984-07-05,23.0557
1984-07-06,23.1090
1984-07-07,23.1104
1984-07-08,23.0781
1984-07-09,23.0802
1984-07-10,23.1093
1984-07-11,23.1443
1984-07-12,23.1705
1984-07-13,23.1909
1984-07-14,23.2314
1984-07-15,23.2635
1984-07-16,23.3010
1984-07-17,23.3774
1984-07-18,23.4564
1984-07-19,23.5095
1984-07-20,23.5731
1984-07-21,23.5711
1984-07-22,23.5738
1984-07-23,23.5310
1984-07-24,23.5661
1984-07-25,23.6361
1984-07-26,23.6883
1984-07-27,23.7271
1984-07-28,23.7733
1984-07-29,23.8648
1984-07-30,23.8742
1984-07-31,23.8744
1984-08-01,23.8821
1984-08-02,23.9013
1984-08-03,23.8973
1984-08-04,23.9231
1984-08-05,23.9210
1984-08-06,23.9011
1984-08-07,23.8927
1984-08-08,23.9433
1984-08-09,24.0011
1984-08-10,24.0466
1984-08-11,24.0987
1984-08-12,24.1305
1984-08-13,24.1499
1984-08-14,24.1721
1984-08-15,24.1883
1984-08-16,24.1955
1984-08-17,24.1910
1984-08-18,24.1804
1984-08-19,24.1864
1984-08-20,24.2163
1984-08-21,24.2266
1984-08-22,24.2298
1984-08-23,24.2128
1984-08-24,24.2028
1984-08-25,24.1676
1984-08-26,24.1816
1984-08-27,24.2043
1984-08-28,24.2240
1984-08-29,24.2922
1984-08-30,24.3182
1984-08-31,24.3373
1984-09-01,24.3189
1984-09-02,24.3260
1984-09-03,24.3076
1984-09-04,24.3354
1984-09-05,24.3437
1984-09-06,24.3105
1984-09-07,24.2757
1984-09-08,24.2620
1984-09-09,24.2488
1984-09-10,24.2399
1984-09-11,24.2652
1984-09-12,24.3275
1984-09-13,24.3283
1984-09-14,24.3040
1984-09-15,24.2478
1984-09-16,24.2362
1984-09-17,24.2531
1984-09-18,24.2620
1984-09-19,24.2205
1984-09-20,24.1713
1984-09-21,24.1412
1984-09-22,24.1108
1984-09-23,24.0768
1984-09-24,24.0401
1984-09-25,23.9935
1984-09-26,23.9457
1984-09-27,23.8845
1984-09-28,23.8372
1984-09-29,23.7965
1984-09-30,23.7209
1984-10-01,23.6797
1984-10-02,23.7080
1984-10-03,23.7019
1984-10-04,23.6856
1984-10-05,23.6341
1984-10-06,23.5952
1984-10-07,23.5384
1984-10-08,23.4357
1984-10-09,23.3329
1984-10-10,23.2579
1984-10-11,23.2468
1984-10-12,23.2176
1984-10-13,23.1956
1984-10-14,23.1528
1984-10-15,23.1131
1984-10-16,23.0958
1984-10-17,23.0665
1984-10-18,23.0097
1984-10-19,22.8914
1984-10-20,22.7959
1984-10-21,22.7136
1984-10-22,22.6692
1984-10-23,22.6622
1984-10-24,22.6244
1984-10-25,22.5900
1984-10-26,22.5738
1984-10-27,22.5933
1984-10-28,22.6201
1984-10-29,22.5819
1984-10-30,22.5082
1984-10-31,22.4758
1984-11-01,22.4499
1984-11-02,22.4266
1984-11-03,22.4437
1984-11-04,22.4459
1984-11-05,22.4355
1984-11-06,22.3855
1984-11-07,22.3413
1984-11-08,22.2812
1984-11-09,22.2175
1984-11-10,22.1895
1984-11-11,22.1674
1984-11-12,22.1334
1984-11-13,22.0899
1984-11-14,22.0458
1984-11-15,22.0013
1984-11-16,21.9566
1984-11-17,21.8971
1984-11-18,21.7866
1984-11-19,21.7137
1984-11-20,21.6471
1984-11-21,21.5900
1984-11-22,21.5358
1984-11-23,21.4665
1984-11-24,21.4362
1984-11-25,21.4094
1984-11-26,21.3450
1984-11-27,21.2907
1984-11-28,21.2630
1984-11-29,21.2376
1984-11-30,21.2331
1984-12-01,21.2130
1984-12-02,21.1635
1984-12-03,21.1050
1984-12-04,21.0796
1984-12-05,21.0548
1984-12-06,21.0191
1984-12-07,20.9900
1984-12-08,20.9402
1984-12-09,20.8915
1984-12-10,20.8280
1984-12-11,20.7646
1984-12-12,20.7015
1984-12-13,20.6389
1984-12-14,20.5671
1984-12-15,20.5020
1984-12-16,20.4915
1984-12-17,20.4996
1984-12-18,20.4882
1984-12-19,20.4675
1984-12-20,20.4414
1984-12-21,20.3938
1984-12-22,20.3236
1984-12-23,20.2551
1984-12-24,20.2134
1984-12-25,20.1716
1984-12-26,20.1614
1984-12-27,20.1570
1984-12-28,20.1607
1984-12-29,20.1291
1984-12-30,20.0833
1984-12-31,20.0414
1985-01-01,20.0236
1985-01-02,20.0275
1985-01-03,20.0088
1985-01-04,20.0533
1985-01-05,20.0815
1985-01-06,20.0842
1985-01-07,20.0774
1985-01-08,20.0469
1985-01-09,19.9438
1985-01-10,19.7695
1985-01-11,19.6954
1985-01-12,19.6661
1985-01-13,19.6401
1985-01-14,19.6196
1985-01-15,19.5948
1985-01-16,19.5755
1985-01-17,19.5358
1985-01-18,19.4995
1985-01-19,19.4860
1985-01-20,19.4613
1985-01-21,19.4312
1985-01-22,19.4224
1985-01-23,19.4220
1985-01-24,19.4352
1985-01-25,19.4094
1985-01-26,19.3724
1985-01-27,19.3257
1985-01-28,19.2881
1985-01-29,19.2804
1985-01-30,19.2612
1985-01-31,19.2515
1985-02-01,19.2717
1985-02-02,19.2940
1985-02-03,19.3184
1985-02-04,19.3127
1985-02-05,19.3148
1985-02-06,19.3369
1985-02-07,19.3520
1985-02-08,19.3490
1985-02-09,19.3417
1985-02-10,19.3374
1985-02-11,19.3164
1985-02-12,19.3010
1985-02-13,19.2995
1985-02-14,19.2917
1985-02-15,19.2751
1985-02-16,19.2759
1985-02-17,19.2683
1985-02-18,19.2522
1985-02-19,19.2450
1985-02-20,19.2148
1985-02-21,19.1886
1985-02-22,19.1924
1985-02-23,19.2071
1985-02-24,19.2455
1985-02-25,19.2466
1985-02-26,19.2218
1985-02-27,19.2181
1985-02-28,19.2268
1985-03-01,19.2490
1985-03-02,19.2352
1985-03-03,19.1958
1985-03-04,19.1652
1985-03-05,19.1654
1985-03-06,19.1449
1985-03-07,19.1522
1985-03-08,19.1810
1985-03-09,19.2389
1985-03-10,19.2530
1985-03-11,19.2832
1985-03-12,19.2775
1985-03-13,19.2947
1985-03-14,19.3150
1985-03-15,19.3386
1985-03-16,19.3449
1985-03-17,19.3407
1985-03-18,19.3504
1985-03-19,19.3772
1985-03-20,19.3980
1985-03-21,19.4301
1985-03-22,19.4647
1985-03-23,19.4833
1985-03-24,19.4777
1985-03-25,19.4702
1985-03-26,19.4466
1985-03-27,19.4361
1985-03-28,19.4260
1985-03-29,19.4250
1985-03-30,19.4407
1985-03-31,19.4632
1985-04-01,19.4728
1985-04-02,19.4890
1985-04-03,19.4959
1985-04-04,19.5399
1985-04-05,19.5742
1985-04-06,19.5817
1985-04-07,19.6193
1985-04-08,19.6350
1985-04-09,19.6628
1985-04-10,19.6566
1985-04-11,19.6874
1985-04-12,19.6950
1985-04-13,19.7419
1985-04-14,19.7655
1985-04-15,19.7852
1985-04-16,19.8035
1985-04-17,19.8158
1985-04-18,19.8354
1985-04-19,19.8381
1985-04-20,19.8214
1985-04-21,19.8368
1985-04-22,19.8582
1985-04-23,19.8848
1985-04-24,19.9242
1985-04-25,19.9538
1985-04-26,19.9974
1985-04-27,20.0229
1985-04-28,20.0276
1985-04-29,20.0656
1985-04-30,20.0738
1985-05-01,20.1086
1985-05-02,20.1708
1985-05-03,20.2104
1985-05-04,20.2368
1985-05-05,20.2524
1985-05-06,20.2715
1985-05-07,20.3167
1985-05-08,20.3703
1985-05-09,20.4294
1985-05-10,20.4399
1985-05-11,20.4742
1985-05-12,20.4927
1985-05-13,20.4959
1985-05-14,20.4984
1985-05-15,20.5214
1985-05-16,20.5825
1985-05-17,20.5778
1985-05-18,20.5578
1985-05-19,20.5653
1985-05-20,20.5920
1985-05-21,20.6253
1985-05-22,20.6758
1985-05-23,20.7288
1985-05-24,20.7867
1985-05-25,20.8203
1985-05-26,20.8428
1985-05-27,20.8364
1985-05-28,20.8292
1985-05-29,20.8555
1985-05-30,20.9078
1985-05-31,20.9772
1985-06-01,21.0919
1985-06-02,21.1554
1985-06-03,21.2121
1985-06-04,21.2778
1985-06-05,21.3502
1985-06-06,21.4348
1985-06-07,21.4720
1985-06-08,21.5062
1985-06-09,21.5136
1985-06-10,21.5547
1985-06-11,21.5746
1985-06-12,21.6143
1985-06-13,21.6389
1985-06-14,21.7348
1985-06-15,21.7136
1985-06-16,21.7280
1985-06-17,21.7527
1985-06-18,21.7733
1985-06-19,21.8187
1985-06-20,21.8506
1985-06-21,21.9072
1985-06-22,21.9743
1985-06-23,22.0122
1985-06-24,22.0397
1985-06-25,22.0828
1985-06-26,22.1371
1985-06-27,22.1928
1985-06-28,22.2387
1985-06-29,22.3004
1985-06-30,22.3115
1985-07-01,22.3012
1985-07-02,22.3367
1985-07-03,22.3791
1985-07-04,22.4295
1985-07-05,22.5075
1985-07-06,22.5428
1985-07-07,22.5878
1985-07-08,22.6171
1985-07-09,22.6530
1985-07-10,22.7189
1985-07-11,22.7965
1985-07-12,22.8478
1985-07-13,22.8494
1985-07-14,22.8519
1985-07-15,22.8995
1985-07-16,22.9821
1985-07-17,23.0448
1985-07-18,23.1272
1985-07-19,23.1861
1985-07-20,23.2279
1985-07-21,23.2772
1985-07-22,23.2937
1985-07-23,23.3101
1985-07-24,23.3717
1985-07-25,23.4453
1985-07-26,23.4983
1985-07-27,23.5347
1985-07-28,23.5431
1985-07-29,23.5261
1985-07-30,23.5187
1985-07-31,23.5472
1985-08-01,23.5680
1985-08-02,23.5858
1985-08-03,23.6161
1985-08-04,23.6625
1985-08-05,23.6732
1985-08-06,23.6815
1985-08-07,23.6977
1985-08-08,23.7275
1985-08-09,23.7129
1985-08-10,23.6870
1985-08-11,23.6520
1985-08-12,23.6307
1985-08-13,23.6604
1985-08-14,23.7003
1985-08-15,23.7612
1985-08-16,23.8196
1985-08-17,23.8383
1985-08-18,23.8825
1985-08-19,23.8771
1985-08-20,23.8511
1985-08-21,23.8241
1985-08-22,23.8394
1985-08-23,23.8991
1985-08-24,23.9564
1985-08-25,23.9546
1985-08-26,23.9873
1985-08-27,24.0321
1985-08-28,24.0937
1985-08-29,24.1545
1985-08-30,24.1807
1985-08-31,24.1770
1985-09-01,24.1591
1985-09-02,24.1765
1985-09-03,24.1949
1985-09-04,24.1614
1985-09-05,24.1651
1985-09-06,24.1764
1985-09-07,24.1803
1985-09-08,24.1834
1985-09-09,24.1789
1985-09-10,24.1638
1985-09-11,24.1548
1985-09-12,24.1372
1985-09-13,24.1210
1985-09-14,24.1185
1985-09-15,24.0819
1985-09-16,24.0341
1985-09-17,23.9803
1985-09-18,23.9094
1985-09-19,23.8577
1985-09-20,23.7994
1985-09-21,23.7383
1985-09-22,23.7481
1985-09-23,23.7609
1985-09-24,23.7593
1985-09-25,23.7684
1985-09-26,23.7584
1985-09-27,23.7130
1985-09-28,23.6725
1985-09-29,23.6492
1985-09-30,23.6467
1985-10-01,23.6394
1985-10-02,23.6237
1985-10-03,23.5919
1985-10-04,23.5409
1985-10-05,23.5000
1985-10-06,23.4293
1985-10-07,23.3796
1985-10-08,23.3355
1985-10-09,23.2972
1985-10-10,23.2504
1985-10-11,23.2107
1985-10-12,23.1813
1985-10-13,23.1203
1985-10-14,23.0700
1985-10-15,23.0352
1985-10-16,22.9716
1985-10-17,22.9111
1985-10-18,22.8540
1985-10-19,22.8467
1985-10-20,22.8321
1985-10-21,22.8224
1985-10-22,22.8478
1985-10-23,22.8466
1985-10-24,22.8301
1985-10-25,22.7697
1985-10-26,22.7429
1985-10-27,22.7041
1985-10-28,22.6848
1985-10-29,22.6710
1985-10-30,22.6468
1985-10-31,22.5897
1985-11-01,22.5314
1985-11-02,22.4901
1985-11-03,22.4598
1985-11-04,22.4127
1985-11-05,22.3754
1985-11-06,22.3532
1985-11-07,22.3121
1985-11-08,22.2852
1985-11-09,22.2298
1985-11-10,22.1919
1985-11-11,22.1524
1985-11-12,22.1308
1985-11-13,22.1176
1985-11-14,22.0880
1985-11-15,22.0672
1985-11-16,22.0282
1985-11-17,21.9902
1985-11-18,21.9411
1985-11-19,21.8912
1985-11-20,21.8420
1985-11-21,21.7963
1985-11-22,21.7694
1985-11-23,21.7360
1985-11-24,21.7099
1985-11-25,21.6720
1985-11-26,21.6164
1985-11-27,21.5358
1985-11-28,21.4629
1985-11-29,21.3882
1985-11-30,21.3156
1985-12-01,21.2749
1985-12-02,21.2661
1985-12-03,21.2601
1985-12-04,21.2426
1985-12-05,21.2058
1985-12-06,21.1672
1985-12-07,21.1139
1985-12-08,21.0521
1985-12-09,20.9958
1985-12-10,20.9522
1985-12-11,20.8727
1985-12-12,20.8035
1985-12-13,20.7385
1985-12-14,20.7001
1985-12-15,20.6660
1985-12-16,20.6163
1985-12-17,20.5699
1985-12-18,20.5379
1985-12-19,20.5279
1985-12-20,20.4935
1985-12-21,20.4412
1985-12-22,20.4092
1985-12-23,20.3863
1985-12-24,20.3626
1985-12-25,20.3640
1985-12-26,20.3404
1985-12-27,20.3011
1985-12-28,20.2903
1985-12-29,20.2743
1985-12-30,20.2616
1985-12-31,20.2415
1986-01-01,20.1922
1986-01-02,20.1544
1986-01-03,20.1149
1986-01-04,20.0705
1986-01-05,20.0379
1986-01-06,20.0131
1986-01-07,19.9907
1986-01-08,19.9450
1986-01-09,19.9174
1986-01-10,19.8748
1986-01-11,19.8520
1986-01-12,19.8391
1986-01-13,19.8330
1986-01-14,19.8219
1986-01-15,19.8010
1986-01-16,19.7906
1986-01-17,19.7826
1986-01-18,19.7807
1986-01-19,19.7606
1986-01-20,19.7404
1986-01-21,19.7022
1986-01-22,19.6686
1986-01-23,19.6474
1986-01-24,19.6557
1986-01-25,19.6638
1986-01-26,19.6521
1986-01-27,19.6399
1986-01-28,19.6127
1986-01-29,19.5842
1986-01-30,19.5528
1986-01-31,19.5278
1986-02-01,19.5146
1986-02-02,19.5351
1986-02-03,19.5361
1986-02-04,19.5070
1986-02-05,19.4946
1986-02-06,19.4783
1986-02-07,19.4843
1986-02-08,19.4817
1986-02-09,19.4720
1986-02-10,19.4799
1986-02-11,19.4756
1986-02-12,19.4518
1986-02-13,19.4364
1986-02-14,19.3989
1986-02-15,19.3757
1986-02-16,19.3640
1986-02-17,19.3461
1986-02-18,19.3179
1986-02-19,19.3126
1986-02-20,19.3103
1986-02-21,19.3005
1986-02-22,19.3211
1986-02-23,19.3217
1986-02-24,19.3186
1986-02-25,19.3112
1986-02-26,19.3357
1986-02-27,19.3420
1986-02-28,19.3181
1986-03-01,19.2971
1986-03-02,19.2751
1986-03-03,19.2720
1986-03-04,19.2877
1986-03-05,19.3092
1986-03-06,19.3398
1986-03-07,19.3734
1986-03-08,19.3915
1986-03-09,19.3727
1986-03-10,19.3551
1986-03-11,19.3622
1986-03-12,19.3854
1986-03-13,19.3863
1986-03-14,19.4010
1986-03-15,19.3812
1986-03-16,19.3928
1986-03-17,19.3927
1986-03-18,19.4168
1986-03-19,19.4194
1986-03-20,19.4382
1986-03-21,19.4359
1986-03-22,19.4572
1986-03-23,19.4823
1986-03-24,19.5011
1986-03-25,19.5024
1986-03-26,19.5104
1986-03-27,19.5412
1986-03-28,19.5783
1986-03-29,19.6084
1986-03-30,19.6193
1986-03-31,19.6562
1986-04-01,19.6963
1986-04-02,19.7240
1986-04-03,19.7509
1986-04-04,19.7588
1986-04-05,19.7743
1986-04-06,19.8025
1986-04-07,19.8108
1986-04-08,19.8050
1986-04-09,19.7824
1986-04-10,19.7698
1986-04-11,19.7757
1986-04-12,19.7753
1986-04-13,19.8055
1986-04-14,19.8693
1986-04-15,19.9359
1986-04-16,19.9981
1986-04-17,20.0472
1986-04-18,20.0940
1986-04-19,20.0981
1986-04-20,20.0789
1986-04-21,20.0578
1986-04-22,20.0734
1986-04-23,20.0946
1986-04-24,20.1178
1986-04-25,20.1214
1986-04-26,20.1192
1986-04-27,20.1334
1986-04-28,20.1536
1986-04-29,20.1817
1986-04-30,20.2233
1986-05-01,20.2586
1986-05-02,20.3150
1986-05-03,20.3657
1986-05-04,20.4412
1986-05-05,20.5040
1986-05-06,20.5400
1986-05-07,20.5627
1986-05-08,20.6003
1986-05-09,20.6280
1986-05-10,20.6186
1986-05-11,20.6103
1986-05-12,20.5642
1986-05-13,20.5535
1986-05-14,20.5598
1986-05-15,20.5813
1986-05-16,20.6286
1986-05-17,20.6669
1986-05-18,20.7294
1986-05-19,20.7650
1986-05-20,20.8128
1986-05-21,20.8510
1986-05-22,20.8733
1986-05-23,20.9364
1986-05-24,20.9656
1986-05-25,21.0046
1986-05-26,21.0738
1986-05-27,21.1502
1986-05-28,21.2062
1986-05-29,21.2592
1986-05-30,21.2950
1986-05-31,21.3362
1986-06-01,21.3295
1986-06-02,21.3353
1986-06-03,21.3710
1986-06-04,21.4540
1986-06-05,21.5373
1986-06-06,21.5865
1986-06-07,21.6209
1986-06-08,21.6448
1986-06-09,21.6565
1986-06-10,21.6769
1986-06-11,21.7229
1986-06-12,21.7734
1986-06-13,21.8126
1986-06-14,21.8319
1986-06-15,21.8698
1986-06-16,21.8875
1986-06-17,21.9388
1986-06-18,22.0138
1986-06-19,22.1029
1986-06-20,22.1588
1986-06-21,22.2185
1986-06-22,22.2499
1986-06-23,22.2862
1986-06-24,22.3464
1986-06-25,22.4213
1986-06-26,22.5023
1986-06-27,22.5413
1986-06-28,22.5644
1986-06-29,22.6037
1986-06-30,22.6236
1986-07-01,22.6118
1986-07-02,22.6201
1986-07-03,22.6395
1986-07-04,22.6606
1986-07-05,22.6959
1986-07-06,22.7491
1986-07-07,22.7814
1986-07-08,22.8107
1986-07-09,22.8712
1986-07-10,22.9263
1986-07-11,22.9614
1986-07-12,22.9979
1986-07-13,23.0153
1986-07-14,23.0426
1986-07-15,23.0610
1986-07-16,23.1028
1986-07-17,23.1526
1986-07-18,23.2072
1986-07-19,23.2475
1986-07-20,23.2788
1986-07-21,23.3380
1986-07-22,23.3692
1986-07-23,23.4395
1986-07-24,23.5046
1986-07-25,23.5438
1986-07-26,23.5657
1986-07-27,23.5678
1986-07-28,23.5405
1986-07-29,23.5686
1986-07-30,23.6281
1986-07-31,23.7016
1986-08-01,23.7486
1986-08-02,23.7619
1986-08-03,23.7836
1986-08-04,23.7819
1986-08-05,23.7928
1986-08-06,23.8755
1986-08-07,23.9675
1986-08-08,24.0192
1986-08-09,24.0624
1986-08-10,24.0836
1986-08-11,24.0983
1986-08-12,24.1047
1986-08-13,24.1377
1986-08-14,24.1688
1986-08-15,24.2119
1986-08-16,24.1991
1986-08-17,24.2075
1986-08-18,24.2104
1986-08-19,24.1835
1986-08-20,24.1536
1986-08-21,24.1765
1986-08-22,24.1933
1986-08-23,24.1949
1986-08-24,24.1902
1986-08-25,24.2214
1986-08-26,24.2517
1986-08-27,24.2589
1986-08-28,24.2987
1986-08-29,24.2943
1986-08-30,24.3090
1986-08-31,24.3021
1986-09-01,24.2507
1986-09-02,24.2164
1986-09-03,24.2065
1986-09-04,24.2082
1986-09-05,24.2234
1986-09-06,24.2242
1986-09-07,24.1990
1986-09-08,24.1720
1986-09-09,24.1534
1986-09-10,24.1423
1986-09-11,24.1441
1986-09-12,24.1500
1986-09-13,24.1508
1986-09-14,24.1519
1986-09-15,24.1248
1986-09-16,24.1116
1986-09-17,24.0998
1986-09-18,24.0686
1986-09-19,24.0655
1986-09-20,24.0717
1986-09-21,24.0844
1986-09-22,24.0643
1986-09-23,24.0498
1986-09-24,24.0320
1986-09-25,24.0283
1986-09-26,24.0158
1986-09-27,24.0081
1986-09-28,23.9904
1986-09-29,23.9584
1986-09-30,23.9053
1986-10-01,23.8377
1986-10-02,23.8165
1986-10-03,23.7701
1986-10-04,23.7312
1986-10-05,23.6866
1986-10-06,23.6547
1986-10-07,23.6415
1986-10-08,23.5980
1986-10-09,23.5512
1986-10-10,23.5094
1986-10-11,23.4704
1986-10-12,23.4410
1986-10-13,23.4118
1986-10-14,23.3853
1986-10-15,23.3335
1986-10-16,23.2788
1986-10-17,23.2328
1986-10-18,23.2014
1986-10-19,23.1584
1986-10-20,23.1217
1986-10-21,23.1286
1986-10-22,23.1284
1986-10-23,23.1080
1986-10-24,23.0747
1986-10-25,23.0463
1986-10-26,23.0056
1986-10-27,22.9404
1986-10-28,22.8684
1986-10-29,22.8073
1986-10-30,22.7392
1986-10-31,22.6763
1986-11-01,22.6476
1986-11-02,22.6392
1986-11-03,22.6262
1986-11-04,22.5934
1986-11-05,22.5395
1986-11-06,22.4672
1986-11-07,22.4015
1986-11-08,22.3433
1986-11-09,22.2883
1986-11-10,22.2526
1986-11-11,22.2246
1986-11-12,22.2044
1986-11-13,22.1506
1986-11-14,22.1039
1986-11-15,22.0731
1986-11-16,22.0439
1986-11-17,22.0177
1986-11-18,21.9888
1986-11-19,21.9479
1986-11-20,21.9249
1986-11-21,21.9014
1986-11-22,21.8605
1986-11-23,21.8050
1986-11-24,21.7618
1986-11-25,21.7071
1986-11-26,21.6388
1986-11-27,21.5715
1986-11-28,21.5300
1986-11-29,21.4988
1986-11-30,21.4453
1986-12-01,21.3956
1986-12-02,21.3636
1986-12-03,21.3376
1986-12-04,21.2796
1986-12-05,21.2176
1986-12-06,21.1904
1986-12-07,21.1363
1986-12-08,21.0947
1986-12-09,21.0614
1986-12-10,21.0319
1986-12-11,21.0029
1986-12-12,20.9785
1986-12-13,20.9681
1986-12-14,20.9645
1986-12-15,20.9406
1986-12-16,20.9021
1986-12-17,20.8610
1986-12-18,20.8081
1986-12-19,20.7358
1986-12-20,20.6585
1986-12-21,20.6243
1986-12-22,20.6126
1986-12-23,20.5773
1986-12-24,20.5563
1986-12-25,20.5470
1986-12-26,20.5359
1986-12-27,20.5121
1986-12-28,20.4790
1986-12-29,20.4308
1986-12-30,20.3927
1986-12-31,20.3436
1987-01-01,20.2971
1987-01-02,20.2590
1987-01-03,20.2347
1987-01-04,20.2179
1987-01-05,20.2031
1987-01-06,20.1580
1987-01-07,20.1065
1987-01-08,20.0446
1987-01-09,20.0053
1987-01-10,19.9889
1987-01-11,19.9704
1987-01-12,19.9354
1987-01-13,19.9126
1987-01-14,19.8985
1987-01-15,19.8669
1987-01-16,19.7946
1987-01-17,19.7416
1987-01-18,19.7259
1987-01-19,19.7164
1987-01-20,19.7093
1987-01-21,19.6973
1987-01-22,19.6796
1987-01-23,19.6452
1987-01-24,19.6031
1987-01-25,19.5916
1987-01-26,19.5845
1987-01-27,19.5653
1987-01-28,19.5571
1987-01-29,19.5589
1987-01-30,19.5334
1987-01-31,19.5141
1987-02-01,19.5130
1987-02-02,19.5149
1987-02-03,19.4800
1987-02-04,19.4553
1987-02-05,19.4442
1987-02-06,19.4512
1987-02-07,19.4650
1987-02-08,19.4724
1987-02-09,19.4709
1987-02-10,19.4611
1987-02-11,19.4439
1987-02-12,19.4397
1987-02-13,19.4159
1987-02-14,19.3877
1987-02-15,19.3644
1987-02-16,19.3547
1987-02-17,19.3411
1987-02-18,19.3211
1987-02-19,19.3329
1987-02-20,19.3619
1987-02-21,19.3691
1987-02-22,19.3647
1987-02-23,19.3666
1987-02-24,19.3275
1987-02-25,19.3156
1987-02-26,19.3068
1987-02-27,19.3115
1987-02-28,19.3296
1987-03-01,19.3283
1987-03-02,19.3503
1987-03-03,19.3755
1987-03-04,19.4080
1987-03-05,19.4138
1987-03-06,19.4307
1987-03-07,19.4649
1987-03-08,19.5181
1987-03-09,19.5451
1987-03-10,19.5640
1987-03-11,19.5781
1987-03-12,19.5970
1987-03-13,19.5967
1987-03-14,19.5821
1987-03-15,19.5727
1987-03-16,19.5712
1987-03-17,19.5818
1987-03-18,19.5635
1987-03-19,19.5605
1987-03-20,19.5628
1987-03-21,19.5624
1987-03-22,19.5634
1987-03-23,19.5542
1987-03-24,19.5545
1987-03-25,19.5560
1987-03-26,19.5495
1987-03-27,19.5441
1987-03-28,19.5090
1987-03-29,19.5084
1987-03-30,19.5211
1987-03-31,19.5449
1987-04-01,19.5843
1987-04-02,19.5953
1987-04-03,19.6057
1987-04-04,19.6243
1987-04-05,19.6398
1987-04-06,19.6529
1987-04-07,19.6447
1987-04-08,19.6616
1987-04-09,19.6977
1987-04-10,19.7538
1987-04-11,19.7861
1987-04-12,19.8228
1987-04-13,19.8336
1987-04-14,19.8350
1987-04-15,19.8492
1987-04-16,19.8791
1987-04-17,19.9095
1987-04-18,19.9201
1987-04-19,19.9141
1987-04-20,19.9064
1987-04-21,19.9100
1987-04-22,19.9446
1987-04-23,19.9907
1987-04-24,20.0370
1987-04-25,20.0641
1987-04-26,20.0930
1987-04-27,20.1208
1987-04-28,20.1474
1987-04-29,20.1929
1987-04-30,20.2543
1987-05-01,20.2947
1987-05-02,20.3097
1987-05-03,20.3324
1987-05-04,20.3472
1987-05-05,20.4001
1987-05-06,20.4664
1987-05-07,20.5198
1987-05-08,20.5456
1987-05-09,20.5603
1987-05-10,20.5626
1987-05-11,20.5636
1987-05-12,20.5830
1987-05-13,20.6306
1987-05-14,20.6893
1987-05-15,20.7372
1987-05-16,20.7781
1987-05-17,20.8297
1987-05-18,20.8768
1987-05-19,20.8957
1987-05-20,20.9245
1987-05-21,20.9739
1987-05-22,21.0164
1987-05-23,21.0241
1987-05-24,21.0123
1987-05-25,21.0238
1987-05-26,21.0394
1987-05-27,21.0516
1987-05-28,21.0990
1987-05-29,21.1782
1987-05-30,21.2225
1987-05-31,21.2451
1987-06-01,21.2566
1987-06-02,21.2646
1987-06-03,21.2904
1987-06-04,21.3192
1987-06-05,21.3562
1987-06-06,21.4109
1987-06-07,21.4346
1987-06-08,21.4699
1987-06-09,21.5051
1987-06-10,21.5671
1987-06-11,21.6037
1987-06-12,21.6479
1987-06-13,21.6706
1987-06-14,21.7023
1987-06-15,21.7297
1987-06-16,21.7390
1987-06-17,21.7567
1987-06-18,21.7994
1987-06-19,21.8980
1987-06-20,21.9930
1987-06-21,22.0497
1987-06-22,22.0883
1987-06-23,22.1204
1987-06-24,22.1743
1987-06-25,22.2261
1987-06-26,22.3016
1987-06-27,22.3109
1987-06-28,22.3375
1987-06-29,22.3880
1987-06-30,22.4050
1987-07-01,22.4746
1987-07-02,22.5675
1987-07-03,22.6356
1987-07-04,22.6569
1987-07-05,22.6724
1987-07-06,22.6989
1987-07-07,22.7113
1987-07-08,22.7430
1987-07-09,22.8097
1987-07-10,22.8854
1987-07-11,22.9265
1987-07-12,22.9447
1987-07-13,22.9578
1987-07-14,22.9914
1987-07-15,23.0175
1987-07-16,23.0225
1987-07-17,23.0381
1987-07-18,23.0723
1987-07-19,23.0908
1987-07-20,23.1159
1987-07-21,23.1181
1987-07-22,23.1652
1987-07-23,23.1986
1987-07-24,23.2552
1987-07-25,23.2926
1987-07-26,23.3347
1987-07-27,23.3812
1987-07-28,23.4602
1987-07-29,23.5542
1987-07-30,23.6113
1987-07-31,23.6230
1987-08-01,23.6247
1987-08-02,23.6300
1987-08-03,23.6358
1987-08-04,23.6604
1987-08-05,23.6873
1987-08-06,23.7627
1987-08-07,23.8165
1987-08-08,23.8430
1987-08-09,23.8390
1987-08-10,23.8579
1987-08-11,23.9141
1987-08-12,23.9279
1987-08-13,23.9593
1987-08-14,23.9953
1987-08-15,24.0348
1987-08-16,24.0552
1987-08-17,24.0655
1987-08-18,24.0775
1987-08-19,24.1199
1987-08-20,24.1909
1987-08-21,24.2293
1987-08-22,24.2339
1987-08-23,24.2222
1987-08-24,24.2249
1987-08-25,24.2304
1987-08-26,24.2323
1987-08-27,24.2237
1987-08-28,24.2251
1987-08-29,24.2593
1987-08-30,24.2885
1987-08-31,24.2611
1987-09-01,24.2204
1987-09-02,24.2007
1987-09-03,24.1811
1987-09-04,24.1781
1987-09-05,24.1868
1987-09-06,24.1716
1987-09-07,24.1505
1987-09-08,24.1722
1987-09-09,24.1724
1987-09-10,24.1667
1987-09-11,24.1338
1987-09-12,24.1177
1987-09-13,24.1065
1987-09-14,24.0619
1987-09-15,24.0179
1987-09-16,23.9936
1987-09-17,24.0091
1987-09-18,24.0369
1987-09-19,24.0623
1987-09-20,24.0363
1987-09-21,24.0068
1987-09-22,23.9656
1987-09-23,23.8956
1987-09-24,23.8404
1987-09-25,23.8189
1987-09-26,23.8081
1987-09-27,23.7905
1987-09-28,23.7636
1987-09-29,23.6981
1987-09-30,23.6275
1987-10-01,23.5967
1987-10-02,23.5577
1987-10-03,23.5275
1987-10-04,23.5389
1987-10-05,23.5398
1987-10-06,23.5102
1987-10-07,23.4829
1987-10-08,23.4451
1987-10-09,23.4224
1987-10-10,23.3735
1987-10-11,23.3088
1987-10-12,23.2515
1987-10-13,23.1900
1987-10-14,23.1761
1987-10-15,23.1570
1987-10-16,23.1239
1987-10-17,23.1356
1987-10-18,23.1357
1987-10-19,23.1138
1987-10-20,23.0883
1987-10-21,23.0486
1987-10-22,23.0326
1987-10-23,23.0191
1987-10-24,23.0083
1987-10-25,23.0069
1987-10-26,23.0245
1987-10-27,23.0252
1987-10-28,22.9818
1987-10-29,22.9087
1987-10-30,22.8375
1987-10-31,22.7790
1987-11-01,22.7594
1987-11-02,22.7289
1987-11-03,22.6923
1987-11-04,22.6607
1987-11-05,22.6155
1987-11-06,22.5746
1987-11-07,22.5456
1987-11-08,22.5125
1987-11-09,22.4782
1987-11-10,22.4447
1987-11-11,22.4126
1987-11-12,22.3841
1987-11-13,22.3614
1987-11-14,22.3344
1987-11-15,22.2730
1987-11-16,22.2092
1987-11-17,22.1738
1987-11-18,22.1245
1987-11-19,22.0563
1987-11-20,22.0054
1987-11-21,21.9646
1987-11-22,21.9408
1987-11-23,21.9069
1987-11-24,21.8698
1987-11-25,21.8159
1987-11-26,21.7513
1987-11-27,21.6947
1987-11-28,21.6259
1987-11-29,21.5829
1987-11-30,21.5407
1987-12-01,21.4863
1987-12-02,21.4568
1987-12-03,21.4054
1987-12-04,21.3194
1987-12-05,21.2593
1987-12-06,21.2183
1987-12-07,21.1939
1987-12-08,21.1363
1987-12-09,21.0783
1987-12-10,21.0190
1987-12-11,20.9788
1987-12-12,20.9512
1987-12-13,20.9119
1987-12-14,20.8570
1987-12-15,20.8129
1987-12-16,20.7680
1987-12-17,20.7120
1987-12-18,20.6586
1987-12-19,20.6128
1987-12-20,20.5976
1987-12-21,20.5620
1987-12-22,20.5173
1987-12-23,20.5082
1987-12-24,20.4964
1987-12-25,20.4999
1987-12-26,20.4791
1987-12-27,20.4590
1987-12-28,20.4584
1987-12-29,20.4565
1987-12-30,20.4479
1987-12-31,20.4313
1988-01-01,20.3771
1988-01-02,20.3525
1988-01-03,20.3522
1988-01-04,20.3339
1988-01-05,20.3069
1988-01-06,20.2921
1988-01-07,20.2855
1988-01-08,20.2614
1988-01-09,20.2358
1988-01-10,20.2120
1988-01-11,20.1911
1988-01-12,20.1603
1988-01-13,20.1335
1988-01-14,20.1142
1988-01-15,20.1180
1988-01-16,20.0877
1988-01-17,20.0571
1988-01-18,20.0373
1988-01-19,20.0167
1988-01-20,19.9919
1988-01-21,19.9615
1988-01-22,19.9156
1988-01-23,19.8686
1988-01-24,19.8138
1988-01-25,19.7848
1988-01-26,19.7714
1988-01-27,19.7732
1988-01-28,19.7487
1988-01-29,19.7458
1988-01-30,19.7824
1988-01-31,19.7988
1988-02-01,19.7975
1988-02-02,19.8004
1988-02-03,19.7700
1988-02-04,19.7465
1988-02-05,19.7327
1988-02-06,19.6928
1988-02-07,19.6723
1988-02-08,19.6895
1988-02-09,19.7261
1988-02-10,19.7441
1988-02-11,19.7297
1988-02-12,19.6980
1988-02-13,19.6571
1988-02-14,19.6402
1988-02-15,19.6226
1988-02-16,19.6038
1988-02-17,19.5737
1988-02-18,19.5313
1988-02-19,19.5117
1988-02-20,19.4974
1988-02-21,19.4926
1988-02-22,19.5064
1988-02-23,19.5144
1988-02-24,19.5265
1988-02-25,19.5583
1988-02-26,19.5870
1988-02-27,19.5905
1988-02-28,19.5935
1988-02-29,19.5783
1988-03-01,19.5496
1988-03-02,19.5482
1988-03-03,19.5689
1988-03-04,19.5752
1988-03-05,19.5518
1988-03-06,19.5615
1988-03-07,19.6019
1988-03-08,19.6193
1988-03-09,19.6353
1988-03-10,19.6553
1988-03-11,19.6795
1988-03-12,19.6776
1988-03-13,19.6574
1988-03-14,19.6307
1988-03-15,19.6224
1988-03-16,19.6220
1988-03-17,19.5989
1988-03-18,19.6028
1988-03-19,19.6154
1988-03-20,19.6233
1988-03-21,19.6164
1988-03-22,19.6304
1988-03-23,19.6543
1988-03-24,19.6621
1988-03-25,19.6704
1988-03-26,19.6919
1988-03-27,19.7005
1988-03-28,19.7184
1988-03-29,19.7261
1988-03-30,19.7551
1988-03-31,19.8180
1988-04-01,19.8701
1988-04-02,19.9133
1988-04-03,19.9550
1988-04-04,19.9511
1988-04-05,19.9260
1988-04-06,19.8931
1988-04-07,19.9072
1988-04-08,19.9432
1988-04-09,19.9583
1988-04-10,19.9691
1988-04-11,19.9642
1988-04-12,19.9516
1988-04-13,19.9374
1988-04-14,19.9351
1988-04-15,19.9352
1988-04-16,19.9527
1988-04-17,19.9609
1988-04-18,19.9967
1988-04-19,20.0200
1988-04-20,20.0344
1988-04-21,20.0299
1988-04-22,20.0454
1988-04-23,20.0631
1988-04-24,20.0857
1988-04-25,20.0937
1988-04-26,20.1001
1988-04-27,20.1350
1988-04-28,20.1917
1988-04-29,20.2269
1988-04-30,20.2412
1988-05-01,20.2009
1988-05-02,20.1979
1988-05-03,20.2239
1988-05-04,20.2496
1988-05-05,20.2655
1988-05-06,20.2924
1988-05-07,20.3260
1988-05-08,20.3908
1988-05-09,20.4704
1988-05-10,20.5388
1988-05-11,20.5937
1988-05-12,20.6626
1988-05-13,20.7170
1988-05-14,20.7596
1988-05-15,20.7728
1988-05-16,20.7728
1988-05-17,20.7755
1988-05-18,20.7868
1988-05-19,20.8270
1988-05-20,20.8523
1988-05-21,20.8449
1988-05-22,20.8464
1988-05-23,20.9062
1988-05-24,20.9316
1988-05-25,21.0034
1988-05-26,21.0462
1988-05-27,21.0604
1988-05-28,21.0785
1988-05-29,21.0729
1988-05-30,21.0914
1988-05-31,21.1172
1988-06-01,21.1627
1988-06-02,21.1998
1988-06-03,21.2151
1988-06-04,21.2724
1988-06-05,21.2804
1988-06-06,21.2579
1988-06-07,21.2806
1988-06-08,21.3796
1988-06-09,21.4802
1988-06-10,21.5782
1988-06-11,21.6610
1988-06-12,21.7486
1988-06-13,21.7923
1988-06-14,21.8015
1988-06-15,21.8301
1988-06-16,21.8646
1988-06-17,21.9160
1988-06-18,21.9670
1988-06-19,21.9909
1988-06-20,22.0349
1988-06-21,22.0800
1988-06-22,22.1651
1988-06-23,22.2469
1988-06-24,22.2489
1988-06-25,22.2286
1988-06-26,22.2265
1988-06-27,22.2405
1988-06-28,22.2528
1988-06-29,22.2983
1988-06-30,22.3555
1988-07-01,22.4041
1988-07-02,22.4411
1988-07-03,22.5049
1988-07-04,22.5421
1988-07-05,22.5389
1988-07-06,22.5746
1988-07-07,22.6398
1988-07-08,22.6644
1988-07-09,22.7057
1988-07-10,22.7459
1988-07-11,22.7881
1988-07-12,22.8450
1988-07-13,22.9118
1988-07-14,23.0096
1988-07-15,23.0952
1988-07-16,23.1439
1988-07-17,23.1613
1988-07-18,23.2135
1988-07-19,23.2832
1988-07-20,23.3460
1988-07-21,23.4153
1988-07-22,23.4884
1988-07-23,23.5293
1988-07-24,23.5401
1988-07-25,23.5435
1988-07-26,23.5234
1988-07-27,23.5454
1988-07-28,23.6007
1988-07-29,23.6490
1988-07-30,23.6812
1988-07-31,23.6882
1988-08-01,23.6702
1988-08-02,23.6705
1988-08-03,23.6857
1988-08-04,23.7212
1988-08-05,23.7576
1988-08-06,23.7528
1988-08-07,23.7581
1988-08-08,23.7941
1988-08-09,23.8540
1988-08-10,23.9246
1988-08-11,23.9403
1988-08-12,23.9380
1988-08-13,23.8909
1988-08-14,23.8773
1988-08-15,23.9128
1988-08-16,23.9545
1988-08-17,23.9913
1988-08-18,23.9811
1988-08-19,24.0086
1988-08-20,24.0442
1988-08-21,24.0978
1988-08-22,24.1348
1988-08-23,24.1510
1988-08-24,24.1677
1988-08-25,24.1582
1988-08-26,24.1473
1988-08-27,24.1890
1988-08-28,24.2114
1988-08-29,24.2183
1988-08-30,24.1984
1988-08-31,24.1810
1988-09-01,24.1454
1988-09-02,24.0905
1988-09-03,24.0405
1988-09-04,23.9804
1988-09-05,23.9623
1988-09-06,24.0050
1988-09-07,24.0158
1988-09-08,24.0243
1988-09-09,24.0344
1988-09-10,24.0378
1988-09-11,24.0316
1988-09-12,24.0153
1988-09-13,23.9916
1988-09-14,23.9855
1988-09-15,23.9854
1988-09-16,23.9618
1988-09-17,23.9296
1988-09-18,23.9005
1988-09-19,23.8881
1988-09-20,23.8987
1988-09-21,23.8862
1988-09-22,23.8397
1988-09-23,23.7872
1988-09-24,23.7930
1988-09-25,23.8012
1988-09-26,23.7934
1988-09-27,23.7908
1988-09-28,23.7651
1988-09-29,23.7323
1988-09-30,23.7141
1988-10-01,23.6738
1988-10-02,23.6317
1988-10-03,23.6035
1988-10-04,23.5527
1988-10-05,23.4965
1988-10-06,23.4613
1988-10-07,23.4320
1988-10-08,23.3976
1988-10-09,23.3891
1988-10-10,23.3815
1988-10-11,23.3739
1988-10-12,23.3215
1988-10-13,23.2537
1988-10-14,23.1953
1988-10-15,23.1464
1988-10-16,23.1135
1988-10-17,23.0674
1988-10-18,23.0236
1988-10-19,22.9658
1988-10-20,22.9212
1988-10-21,22.8981
1988-10-22,22.9117
1988-10-23,22.8997
1988-10-24,22.8697
1988-10-25,22.8504
1988-10-26,22.7982
1988-10-27,22.7372
1988-10-28,22.6921
1988-10-29,22.6305
1988-10-30,22.5891
1988-10-31,22.5451
1988-11-01,22.4962
1988-11-02,22.4166
1988-11-03,22.3177
1988-11-04,22.2056
1988-11-05,22.1352
1988-11-06,22.0951
1988-11-07,22.0868
1988-11-08,22.1084
1988-11-09,22.0918
1988-11-10,22.0455
1988-11-11,21.9707
1988-11-12,21.9000
1988-11-13,21.8632
1988-11-14,21.8398
1988-11-15,21.8077
1988-11-16,21.7676
1988-11-17,21.7227
1988-11-18,21.6670
1988-11-19,21.6113
1988-11-20,21.5718
1988-11-21,21.5462
1988-11-22,21.5316
1988-11-23,21.4913
1988-11-24,21.4337
1988-11-25,21.3547
1988-11-26,21.2943
1988-11-27,21.2408
1988-11-28,21.1842
1988-11-29,21.1434
1988-11-30,21.1296
1988-12-01,21.0974
1988-12-02,21.0653
1988-12-03,21.0348
1988-12-04,21.0254
1988-12-05,20.9931
1988-12-06,20.9323
1988-12-07,20.8731
1988-12-08,20.8192
1988-12-09,20.7834
1988-12-10,20.7565
1988-12-11,20.7446
1988-12-12,20.7511
1988-12-13,20.7462
1988-12-14,20.7367
1988-12-15,20.7191
1988-12-16,20.6789
1988-12-17,20.6218
1988-12-18,20.5688
1988-12-19,20.5352
1988-12-20,20.5115
1988-12-21,20.4716
1988-12-22,20.4485
1988-12-23,20.4333
1988-12-24,20.4130
1988-12-25,20.3870
1988-12-26,20.3593
1988-12-27,20.3536
1988-12-28,20.3096
1988-12-29,20.2467
1988-12-30,20.1851
1988-12-31,20.1418
1989-01-01,20.1163
1989-01-02,20.0803
1989-01-03,20.0630
1989-01-04,20.0437
1989-01-05,20.0156
1989-01-06,20.0137
1989-01-07,20.0060
1989-01-08,19.9961
1989-01-09,19.9806
1989-01-10,19.9506
1989-01-11,19.9142
1989-01-12,19.8764
1989-01-13,19.8372
1989-01-14,19.8286
1989-01-15,19.8351
1989-01-16,19.8267
1989-01-17,19.7995
1989-01-18,19.7577
1989-01-19,19.7394
1989-01-20,19.7227
1989-01-21,19.7024
1989-01-22,19.6971
1989-01-23,19.6628
1989-01-24,19.6246
1989-01-25,19.5940
1989-01-26,19.5656
1989-01-27,19.5557
1989-01-28,19.5413
1989-01-29,19.5048
1989-01-30,19.4986
1989-01-31,19.4952
1989-02-01,19.4605
1989-02-02,19.4253
1989-02-03,19.3949
1989-02-04,19.3737
1989-02-05,19.3979
1989-02-06,19.4122
1989-02-07,19.4368
1989-02-08,19.4352
1989-02-09,19.4217
1989-02-10,19.3924
1989-02-11,19.3412
1989-02-12,19.2728
1989-02-13,19.2451
1989-02-14,19.2692
1989-02-15,19.2924
1989-02-16,19.2851
1989-02-17,19.2881
1989-02-18,19.2876
1989-02-19,19.2930
1989-02-20,19.3068
1989-02-21,19.2991
1989-02-22,19.2917
1989-02-23,19.2970
1989-02-24,19.3001
1989-02-25,19.2938
1989-02-26,19.2861
1989-02-27,19.2802
1989-02-28,19.2710
1989-03-01,19.2793
1989-03-02,19.3067
1989-03-03,19.2925
1989-03-04,19.2656
1989-03-05,19.2703
1989-03-06,19.2796
1989-03-07,19.2713
1989-03-08,19.2811
1989-03-09,19.3098
1989-03-10,19.3316
1989-03-11,19.3390
1989-03-12,19.3277
1989-03-13,19.3329
1989-03-14,19.3494
1989-03-15,19.3663
1989-03-16,19.3942
1989-03-17,19.4256
1989-03-18,19.4560
1989-03-19,19.4964
1989-03-20,19.5106
1989-03-21,19.5339
1989-03-22,19.5421
1989-03-23,19.5603
1989-03-24,19.5633
1989-03-25,19.5663
1989-03-26,19.5987
1989-03-27,19.6279
1989-03-28,19.6644
1989-03-29,19.6833
1989-03-30,19.7005
1989-03-31,19.7281
1989-04-01,19.7407
1989-04-02,19.7403
1989-04-03,19.7571
1989-04-04,19.7670
1989-04-05,19.8057
1989-04-06,19.8299
1989-04-07,19.8687
1989-04-08,19.9035
1989-04-09,19.9526
1989-04-10,19.9839
1989-04-11,19.9846
1989-04-12,19.9887
1989-04-13,20.0107
1989-04-14,20.0222
1989-04-15,20.0516
1989-04-16,20.0637
1989-04-17,20.0681
1989-04-18,20.0872
1989-04-19,20.1303
1989-04-20,20.1876
1989-04-21,20.2187
1989-04-22,20.2373
1989-04-23,20.2444
1989-04-24,20.2294
1989-04-25,20.2598
1989-04-26,20.2886
1989-04-27,20.3393
1989-04-28,20.3783
1989-04-29,20.4229
1989-04-30,20.4884
1989-05-01,20.5175
1989-05-02,20.5246
1989-05-03,20.5476
1989-05-04,20.5635
1989-05-05,20.5889
1989-05-06,20.6150
1989-05-07,20.6360
1989-05-08,20.6595
1989-05-09,20.7012
1989-05-10,20.7452
1989-05-11,20.7884
1989-05-12,20.8189
1989-05-13,20.8432
1989-05-14,20.8568
1989-05-15,20.8602
1989-05-16,20.8509
1989-05-17,20.8488
1989-05-18,20.8769
1989-05-19,20.9303
1989-05-20,20.9835
1989-05-21,21.0393
1989-05-22,21.0748
1989-05-23,21.1011
1989-05-24,21.1310
1989-05-25,21.1580
1989-05-26,21.1991
1989-05-27,21.2104
1989-05-28,21.2055
1989-05-29,21.2102
1989-05-30,21.2402
1989-05-31,21.2662
1989-06-01,21.2891
1989-06-02,21.3746
1989-06-03,21.4215
1989-06-04,21.4878
1989-06-05,21.5428
1989-06-06,21.6035
1989-06-07,21.6530
1989-06-08,21.7088
1989-06-09,21.7432
1989-06-10,21.7939
1989-06-11,21.8522
1989-06-12,21.8932
1989-06-13,21.9381
1989-06-14,21.9847
1989-06-15,22.0518
1989-06-16,22.0993
1989-06-17,22.1326
1989-06-18,22.1422
1989-06-19,22.1480
1989-06-20,22.1623
1989-06-21,22.1983
1989-06-22,22.2419
1989-06-23,22.2815
1989-06-24,22.3545
1989-06-25,22.4362
1989-06-26,22.4450
1989-06-27,22.4490
1989-06-28,22.4916
1989-06-29,22.5677
1989-06-30,22.6143
1989-07-01,22.6271
1989-07-02,22.6585
1989-07-03,22.7116
1989-07-04,22.7396
1989-07-05,22.8063
1989-07-06,22.8632
1989-07-07,22.9134
1989-07-08,22.9460
1989-07-09,22.9506
1989-07-10,22.9675
1989-07-11,23.0178
1989-07-12,23.1020
1989-07-13,23.1754
1989-07-14,23.2203
1989-07-15,23.2393
1989-07-16,23.2485
1989-07-17,23.2648
1989-07-18,23.2833
1989-07-19,23.3181
1989-07-20,23.3751
1989-07-21,23.4492
1989-07-22,23.5266
1989-07-23,23.5778
1989-07-24,23.6196
1989-07-25,23.6670
1989-07-26,23.7150
1989-07-27,23.7523
1989-07-28,23.7708
1989-07-29,23.7643
1989-07-30,23.7677
1989-07-31,23.7768
1989-08-01,23.7682
1989-08-02,23.7650
1989-08-03,23.7831
1989-08-04,23.8085
1989-08-05,23.8589
1989-08-06,23.8973
1989-08-07,23.9477
1989-08-08,24.0043
1989-08-09,24.0688
1989-08-10,24.1478
1989-08-11,24.1860
1989-08-12,24.1908
1989-08-13,24.1778
1989-08-14,24.1565
1989-08-15,24.1351
1989-08-16,24.1091
1989-08-17,24.0999
1989-08-18,24.0879
1989-08-19,24.1017
1989-08-20,24.1267
1989-08-21,24.1363
1989-08-22,24.1500
1989-08-23,24.1770
1989-08-24,24.2132
1989-08-25,24.2479
1989-08-26,24.2388
1989-08-27,24.2264
1989-08-28,24.2333
1989-08-29,24.2352
1989-08-30,24.2337
1989-08-31,24.2386
1989-09-01,24.2381
1989-09-02,24.2476
1989-09-03,24.2417
1989-09-04,24.2381
1989-09-05,24.2378
1989-09-06,24.2287
1989-09-07,24.2224
1989-09-08,24.2294
1989-09-09,24.2264
1989-09-10,24.2024
1989-09-11,24.1784
1989-09-12,24.1716
1989-09-13,24.1588
1989-09-14,24.1650
1989-09-15,24.1768
1989-09-16,24.1588
1989-09-17,24.1547
1989-09-18,24.1634
1989-09-19,24.1388
1989-09-20,24.1217
1989-09-21,24.0999
1989-09-22,24.0517
1989-09-23,24.0318
1989-09-24,24.0142
1989-09-25,24.0121
1989-09-26,23.9676
1989-09-27,23.8891
1989-09-28,23.8409
1989-09-29,23.8135
1989-09-30,23.7840
1989-10-01,23.7611
1989-10-02,23.7344
1989-10-03,23.6781
1989-10-04,23.6379
1989-10-05,23.6047
1989-10-06,23.5589
1989-10-07,23.5140
1989-10-08,23.5011
1989-10-09,23.4849
1989-10-10,23.4215
1989-10-11,23.3648
1989-10-12,23.3253
1989-10-13,23.2996
1989-10-14,23.2711
1989-10-15,23.2383
1989-10-16,23.1961
1989-10-17,23.1535
1989-10-18,23.0893
1989-10-19,23.0449
1989-10-20,23.0436
1989-10-21,23.0463
1989-10-22,23.0421
1989-10-23,23.0441
1989-10-24,22.9976
1989-10-25,22.9353
1989-10-26,22.8824
1989-10-27,22.8326
1989-10-28,22.8095
1989-10-29,22.7817
1989-10-30,22.7618
1989-10-31,22.7528
1989-11-01,22.7305
1989-11-02,22.7009
1989-11-03,22.6559
1989-11-04,22.5911
1989-11-05,22.5112
1989-11-06,22.4552
1989-11-07,22.3954
1989-11-08,22.3316
1989-11-09,22.2684
1989-11-10,22.2061
1989-11-11,22.1414
1989-11-12,22.0849
1989-11-13,22.0394
1989-11-14,21.9989
1989-11-15,21.9467
1989-11-16,21.9101
1989-11-17,21.8773
1989-11-18,21.8565
1989-11-19,21.8312
1989-11-20,21.8100
1989-11-21,21.7789
1989-11-22,21.7382
1989-11-23,21.6974
1989-11-24,21.6549
1989-11-25,21.5946
1989-11-26,21.5472
1989-11-27,21.5260
1989-11-28,21.5012
1989-11-29,21.4973
1989-11-30,21.4754
1989-12-01,21.4242
1989-12-02,21.3643
1989-12-03,21.3318
1989-12-04,21.2937
1989-12-05,21.2409
1989-12-06,21.1797
1989-12-07,21.1153
1989-12-08,21.0722
1989-12-09,21.0253
1989-12-10,20.9980
1989-12-11,20.9750
1989-12-12,20.9592
1989-12-13,20.9139
1989-12-14,20.8472
1989-12-15,20.8190
1989-12-16,20.8003
1989-12-17,20.8000
1989-12-18,20.7907
1989-12-19,20.7481
1989-12-20,20.7070
1989-12-21,20.6887
1989-12-22,20.6854
1989-12-23,20.6616
1989-12-24,20.6413
1989-12-25,20.6186
1989-12-26,20.6314
1989-12-27,20.6255
1989-12-28,20.5885
1989-12-29,20.5651
1989-12-30,20.5605
1989-12-31,20.5212
1990-01-01,20.4805
1990-01-02,20.4389
1990-01-03,20.3892
1990-01-04,20.3733
1990-01-05,20.3228
1990-01-06,20.2603
1990-01-07,20.2359
1990-01-08,20.2296
1990-01-09,20.2065
1990-01-10,20.1959
1990-01-11,20.1795
1990-01-12,20.1564
1990-01-13,20.1213
1990-01-14,20.0739
1990-01-15,20.0338
1990-01-16,20.0008
1990-01-17,19.9665
1990-01-18,19.9468
1990-01-19,19.9197
1990-01-20,19.8801
1990-01-21,19.8390
1990-01-22,19.8045
1990-01-23,19.7784
1990-01-24,19.7656
1990-01-25,19.7773
1990-01-26,19.7759
1990-01-27,19.7751
1990-01-28,19.7914
1990-01-29,19.8084
1990-01-30,19.7939
1990-01-31,19.7785
1990-02-01,19.7689
1990-02-02,19.7397
1990-02-03,19.7193
1990-02-04,19.6812
1990-02-05,19.6553
1990-02-06,19.6345
1990-02-07,19.6180
1990-02-08,19.5951
1990-02-09,19.5694
1990-02-10,19.5254
1990-02-11,19.5433
1990-02-12,19.5511
1990-02-13,19.5458
1990-02-14,19.5605
1990-02-15,19.5664
1990-02-16,19.5586
1990-02-17,19.5535
1990-02-18,19.5489
1990-02-19,19.5326
1990-02-20,19.5267
1990-02-21,19.5594
1990-02-22,19.5862
1990-02-23,19.6090
1990-02-24,19.6404
1990-02-25,19.6558
1990-02-26,19.6473
1990-02-27,19.6284
1990-02-28,19.5992
1990-03-01,19.5653
1990-03-02,19.5660
1990-03-03,19.5706
1990-03-04,19.5790
1990-03-05,19.5886
1990-03-06,19.5886
1990-03-07,19.5963
1990-03-08,19.5966
1990-03-09,19.6026
1990-03-10,19.5884
1990-03-11,19.5640
1990-03-12,19.5390
1990-03-13,19.5359
1990-03-14,19.5343
1990-03-15,19.5217
1990-03-16,19.5522
1990-03-17,19.5908
1990-03-18,19.6275
1990-03-19,19.6555
1990-03-20,19.6783
1990-03-21,19.7107
1990-03-22,19.7400
1990-03-23,19.7414
1990-03-24,19.7609
1990-03-25,19.7694
1990-03-26,19.7603
1990-03-27,19.7630
1990-03-28,19.7728
1990-03-29,19.8043
1990-03-30,19.8310
1990-03-31,19.8563
1990-04-01,19.9067
1990-04-02,19.9708
1990-04-03,20.0204
1990-04-04,20.0589
1990-04-05,20.0315
1990-04-06,19.9775
1990-04-07,19.9430
1990-04-08,19.9249
1990-04-09,19.9306
1990-04-10,19.9299
1990-04-11,19.9550
1990-04-12,20.0100
1990-04-13,20.0545
1990-04-14,20.0736
1990-04-15,20.0646
1990-04-16,20.0765
1990-04-17,20.0895
1990-04-18,20.1180
1990-04-19,20.1552
1990-04-20,20.2041
1990-04-21,20.2594
1990-04-22,20.3017
1990-04-23,20.3450
1990-04-24,20.3615
1990-04-25,20.3778
1990-04-26,20.4109
1990-04-27,20.4305
1990-04-28,20.4589
1990-04-29,20.4978
1990-04-30,20.5313
1990-05-01,20.5418
1990-05-02,20.5354
1990-05-03,20.5597
1990-05-04,20.5901
1990-05-05,20.6150
1990-05-06,20.6382
1990-05-07,20.6613
1990-05-08,20.6935
1990-05-09,20.7486
1990-05-10,20.8070
1990-05-11,20.8511
1990-05-12,20.8890
1990-05-13,20.9274
1990-05-14,20.9537
1990-05-15,20.9895
1990-05-16,21.0275
1990-05-17,21.0441
1990-05-18,21.0513
1990-05-19,21.0723
1990-05-20,21.1243
1990-05-21,21.1774
1990-05-22,21.1996
1990-05-23,21.2332
1990-05-24,21.2957
1990-05-25,21.3370
1990-05-26,21.3701
1990-05-27,21.3792
1990-05-28,21.3976
1990-05-29,21.4149
1990-05-30,21.4418
1990-05-31,21.4678
1990-06-01,21.4750
1990-06-02,21.5055
1990-06-03,21.5796
1990-06-04,21.6699
1990-06-05,21.7310
1990-06-06,21.8009
1990-06-07,21.8593
1990-06-08,21.8649
1990-06-09,21.8794
1990-06-10,21.9178
1990-06-11,21.9547
1990-06-12,21.9730
1990-06-13,21.9928
1990-06-14,22.0101
1990-06-15,22.0234
1990-06-16,22.0427
1990-06-17,22.1318
1990-06-18,22.2158
1990-06-19,22.2495
1990-06-20,22.2826
1990-06-21,22.2959
1990-06-22,22.3345
1990-06-23,22.3774
1990-06-24,22.4316
1990-06-25,22.4654
1990-06-26,22.5029
1990-06-27,22.5362
1990-06-28,22.5667
1990-06-29,22.5972
1990-06-30,22.6728
1990-07-01,22.7352
1990-07-02,22.7968
1990-07-03,22.8331
1990-07-04,22.8779
1990-07-05,22.9343
1990-07-06,22.9902
1990-07-07,23.0310
1990-07-08,23.0792
1990-07-09,23.1451
1990-07-10,23.2126
1990-07-11,23.2517
1990-07-12,23.2691
1990-07-13,23.2909
1990-07-14,23.3581
1990-07-15,23.4362
1990-07-16,23.5104
1990-07-17,23.5739
1990-07-18,23.6048
1990-07-19,23.6442
1990-07-20,23.6587
1990-07-21,23.6994
1990-07-22,23.7322
1990-07-23,23.7827
1990-07-24,23.7951
1990-07-25,23.8189
1990-07-26,23.8320
1990-07-27,23.8613
1990-07-28,23.9166
1990-07-29,23.9779
1990-07-30,24.0380
1990-07-31,24.0679
1990-08-01,24.0931
1990-08-02,24.1240
1990-08-03,24.1429
1990-08-04,24.1556
1990-08-05,24.2077
1990-08-06,24.2327
1990-08-07,24.2391
1990-08-08,24.2596
1990-08-09,24.2975
1990-08-10,24.3016
1990-08-11,24.3107
1990-08-12,24.3511
1990-08-13,24.3776
1990-08-14,24.4049
1990-08-15,24.4216
1990-08-16,24.4197
1990-08-17,24.4024
1990-08-18,24.4175
1990-08-19,24.4218
1990-08-20,24.4131
1990-08-21,24.4179
1990-08-22,24.4001
1990-08-23,24.3855
1990-08-24,24.3698
1990-08-25,24.3861
1990-08-26,24.4026
1990-08-27,24.3932
1990-08-28,24.3986
1990-08-29,24.3881
1990-08-30,24.3865
1990-08-31,24.3672
1990-09-01,24.3882
1990-09-02,24.4053
1990-09-03,24.4237
1990-09-04,24.4311
1990-09-05,24.4255
1990-09-06,24.4326
1990-09-07,24.4203
1990-09-08,24.4083
1990-09-09,24.4160
1990-09-10,24.4282
1990-09-11,24.4056
1990-09-12,24.3721
1990-09-13,24.3533
1990-09-14,24.3445
1990-09-15,24.3523
1990-09-16,24.3580
1990-09-17,24.3405
1990-09-18,24.3193
1990-09-19,24.2663
1990-09-20,24.2536
1990-09-21,24.2419
1990-09-22,24.2340
1990-09-23,24.2179
1990-09-24,24.1922
1990-09-25,24.1632
1990-09-26,24.1201
1990-09-27,24.0818
1990-09-28,24.0328
1990-09-29,24.0125
1990-09-30,23.9955
1990-10-01,23.9522
1990-10-02,23.9079
1990-10-03,23.8560
1990-10-04,23.8191
1990-10-05,23.7844
1990-10-06,23.7414
1990-10-07,23.6938
1990-10-08,23.6911
1990-10-09,23.7008
1990-10-10,23.6737
1990-10-11,23.6485
1990-10-12,23.6486
1990-10-13,23.6397
1990-10-14,23.6037
1990-10-15,23.5619
1990-10-16,23.5194
1990-10-17,23.4881
1990-10-18,23.4806
1990-10-19,23.4673
1990-10-20,23.4263
1990-10-21,23.3747
1990-10-22,23.3395
1990-10-23,23.3303
1990-10-24,23.3145
1990-10-25,23.2791
1990-10-26,23.2284
1990-10-27,23.1782
1990-10-28,23.1136
1990-10-29,23.0632
1990-10-30,23.0446
1990-10-31,23.0252
1990-11-01,23.0143
1990-11-02,22.9972
1990-11-03,22.9479
1990-11-04,22.8817
1990-11-05,22.8312
1990-11-06,22.7725
1990-11-07,22.7251
1990-11-08,22.6777
1990-11-09,22.6077
1990-11-10,22.5395
1990-11-11,22.4652
1990-11-12,22.4269
1990-11-13,22.3930
1990-11-14,22.3573
1990-11-15,22.3223
1990-11-16,22.3020
1990-11-17,22.2492
1990-11-18,22.1834
1990-11-19,22.1347
1990-11-20,22.0788
1990-11-21,22.0318
1990-11-22,21.9828
1990-11-23,21.9228
1990-11-24,21.8516
1990-11-25,21.7911
1990-11-26,21.7360
1990-11-27,21.6958
1990-11-28,21.6526
1990-11-29,21.6107
1990-11-30,21.5872
1990-12-01,21.5662
1990-12-02,21.5669
1990-12-03,21.5684
1990-12-04,21.5472
1990-12-05,21.5200
1990-12-06,21.4928
1990-12-07,21.4582
1990-12-08,21.4321
1990-12-09,21.4231
1990-12-10,21.4164
1990-12-11,21.3856
1990-12-12,21.3308
1990-12-13,21.2683
1990-12-14,21.2107
1990-12-15,21.1378
1990-12-16,21.0739
1990-12-17,21.0074
1990-12-18,20.9604
1990-12-19,20.9428
1990-12-20,20.9480
1990-12-21,20.9013
1990-12-22,20.8601
1990-12-23,20.8322
1990-12-24,20.7868
1990-12-25,20.7708
1990-12-26,20.7411
1990-12-27,20.7204
1990-12-28,20.7037
1990-12-29,20.7037
1990-12-30,20.7042
1990-12-31,20.6517
1991-01-01,20.5842
1991-01-02,20.5392
1991-01-03,20.5088
1991-01-04,20.4830
1991-01-05,20.4682
1991-01-06,20.4426
1991-01-07,20.4022
1991-01-08,20.3881
1991-01-09,20.3741
1991-01-10,20.3607
1991-01-11,20.3491
1991-01-12,20.3507
1991-01-13,20.3227
1991-01-14,20.2936
1991-01-15,20.2820
1991-01-16,20.2773
1991-01-17,20.2409
1991-01-18,20.2119
1991-01-19,20.1896
1991-01-20,20.1634
1991-01-21,20.1162
1991-01-22,20.0543
1991-01-23,20.0260
1991-01-24,20.0151
1991-01-25,20.0136
1991-01-26,20.0043
1991-01-27,20.0051
1991-01-28,19.9974
1991-01-29,19.9784
1991-01-30,19.9464
1991-01-31,19.9331
1991-02-01,19.9421
1991-02-02,19.9267
1991-02-03,19.8813
1991-02-04,19.8479
1991-02-05,19.8174
1991-02-06,19.8016
1991-02-07,19.7975
1991-02-08,19.7935
1991-02-09,19.7986
1991-02-10,19.7871
1991-02-11,19.7568
1991-02-12,19.7149
1991-02-13,19.6985
1991-02-14,19.6943
1991-02-15,19.6841
1991-02-16,19.6680
1991-02-17,19.6452
1991-02-18,19.6375
1991-02-19,19.5944
1991-02-20,19.5538
1991-02-21,19.5160
1991-02-22,19.4960
1991-02-23,19.4920
1991-02-24,19.4881
1991-02-25,19.5116
1991-02-26,19.5623
1991-02-27,19.6104
1991-02-28,19.6583
1991-03-01,19.6584
1991-03-02,19.6425
1991-03-03,19.6329
1991-03-04,19.6227
1991-03-05,19.6243
1991-03-06,19.6102
1991-03-07,19.6280
1991-03-08,19.6418
1991-03-09,19.6708
1991-03-10,19.6851
1991-03-11,19.7013
1991-03-12,19.7023
1991-03-13,19.6976
1991-03-14,19.7026
1991-03-15,19.7020
1991-03-16,19.6870
1991-03-17,19.6887
1991-03-18,19.7038
1991-03-19,19.7088
1991-03-20,19.7094
1991-03-21,19.7090
1991-03-22,19.7212
1991-03-23,19.7464
1991-03-24,19.7829
1991-03-25,19.8080
1991-03-26,19.8263
1991-03-27,19.8479
1991-03-28,19.8605
1991-03-29,19.8777
1991-03-30,19.8839
1991-03-31,19.9037
1991-04-01,19.9196
1991-04-02,19.9225
1991-04-03,19.9323
1991-04-04,19.9434
1991-04-05,19.9813
1991-04-06,20.0264
1991-04-07,20.0965
1991-04-08,20.1530
1991-04-09,20.1692
1991-04-10,20.1936
1991-04-11,20.2066
1991-04-12,20.1976
1991-04-13,20.2253
1991-04-14,20.2909
1991-04-15,20.3465
1991-04-16,20.3736
1991-04-17,20.3954
1991-04-18,20.4196
1991-04-19,20.4124
1991-04-20,20.4186
1991-04-21,20.4296
1991-04-22,20.4497
1991-04-23,20.4711
1991-04-24,20.4690
1991-04-25,20.4622
1991-04-26,20.5097
1991-04-27,20.5537
1991-04-28,20.5925
1991-04-29,20.6197
1991-04-30,20.6367
1991-05-01,20.6299
1991-05-02,20.6490
1991-05-03,20.6708
1991-05-04,20.6820
1991-05-05,20.6658
1991-05-06,20.6635
1991-05-07,20.6701
1991-05-08,20.6783
1991-05-09,20.6898
1991-05-10,20.7210
1991-05-11,20.7929
1991-05-12,20.8728
1991-05-13,20.9221
1991-05-14,20.9732
1991-05-15,21.0296
1991-05-16,21.0666
1991-05-17,21.1067
1991-05-18,21.1723
1991-05-19,21.2119
1991-05-20,21.2403
1991-05-21,21.2693
1991-05-22,21.2804
1991-05-23,21.3046
1991-05-24,21.3251
1991-05-25,21.3596
1991-05-26,21.4298
1991-05-27,21.4990
1991-05-28,21.5371
1991-05-29,21.5831
1991-05-30,21.6079
1991-05-31,21.6316
1991-06-01,21.6639
1991-06-02,21.7194
1991-06-03,21.7559
1991-06-04,21.7884
1991-06-05,21.8059
1991-06-06,21.8123
1991-06-07,21.8287
1991-06-08,21.8629
1991-06-09,21.9189
1991-06-10,21.9629
1991-06-11,22.0166
1991-06-12,22.0526
1991-06-13,22.1041
1991-06-14,22.1212
1991-06-15,22.1873
1991-06-16,22.3160
1991-06-17,22.3924
1991-06-18,22.4181
1991-06-19,22.4410
1991-06-20,22.4790
1991-06-21,22.5282
1991-06-22,22.5640
1991-06-23,22.6200
1991-06-24,22.6823
1991-06-25,22.7207
1991-06-26,22.7605
1991-06-27,22.8379
1991-06-28,22.9087
1991-06-29,22.9770
1991-06-30,23.0692
1991-07-01,23.1385
1991-07-02,23.1555
1991-07-03,23.1237
1991-07-04,23.1091
1991-07-05,23.1124
1991-07-06,23.1240
1991-07-07,23.1385
1991-07-08,23.1359
1991-07-09,23.1500
1991-07-10,23.2157
1991-07-11,23.3073
1991-07-12,23.3900
1991-07-13,23.4876
1991-07-14,23.5419
1991-07-15,23.5763
1991-07-16,23.6070
1991-07-17,23.6471
1991-07-18,23.6677
1991-07-19,23.6919
1991-07-20,23.7039
1991-07-21,23.7296
1991-07-22,23.7361
1991-07-23,23.7470
1991-07-24,23.7844
1991-07-25,23.8462
1991-07-26,23.8940
1991-07-27,23.9535
1991-07-28,24.0197
1991-07-29,24.0501
1991-07-30,24.0926
1991-07-31,24.1484
1991-08-01,24.1704
1991-08-02,24.1863
1991-08-03,24.1975
1991-08-04,24.2110
1991-08-05,24.2133
1991-08-06,24.1922
1991-08-07,24.1674
1991-08-08,24.1560
1991-08-09,24.1696
1991-08-10,24.1734
1991-08-11,24.1894
1991-08-12,24.2254
1991-08-13,24.2447
1991-08-14,24.2589
1991-08-15,24.2583
1991-08-16,24.2801
1991-08-17,24.2827
1991-08-18,24.3150
1991-08-19,24.3432
1991-08-20,24.3490
1991-08-21,24.3147
1991-08-22,24.2913
1991-08-23,24.2830
1991-08-24,24.2697
1991-08-25,24.2430
1991-08-26,24.2440
1991-08-27,24.2654
1991-08-28,24.2373
1991-08-29,24.2379
1991-08-30,24.2596
1991-08-31,24.2913
1991-09-01,24.3517
1991-09-02,24.3738
1991-09-03,24.3855
1991-09-04,24.3879
1991-09-05,24.3861
1991-09-06,24.3603
1991-09-07,24.3061
1991-09-08,24.2540
1991-09-09,24.2006
1991-09-10,24.1480
1991-09-11,24.1469
1991-09-12,24.1496
1991-09-13,24.1372
1991-09-14,24.1069
1991-09-15,24.1003
1991-09-16,24.1102
1991-09-17,24.1337
1991-09-18,24.1516
1991-09-19,24.1573
1991-09-20,24.1511
1991-09-21,24.1161
1991-09-22,24.0634
1991-09-23,24.0166
1991-09-24,23.9406
1991-09-25,23.8672
1991-09-26,23.8165
1991-09-27,23.7493
1991-09-28,23.6926
1991-09-29,23.6512
1991-09-30,23.6693
1991-10-01,23.6957
1991-10-02,23.7059
1991-10-03,23.7356
1991-10-04,23.7543
1991-10-05,23.7332
1991-10-06,23.7072
1991-10-07,23.6791
1991-10-08,23.6532
1991-10-09,23.6380
1991-10-10,23.6051
1991-10-11,23.5738
1991-10-12,23.5489
1991-10-13,23.4977
1991-10-14,23.4275
1991-10-15,23.3744
1991-10-16,23.3380
1991-10-17,23.3069
1991-10-18,23.2533
1991-10-19,23.2078
1991-10-20,23.1400
1991-10-21,23.0979
1991-10-22,23.0974
1991-10-23,23.0793
1991-10-24,23.0449
1991-10-25,22.9875
1991-10-26,22.9250
1991-10-27,22.8794
1991-10-28,22.8566
1991-10-29,22.8297
1991-10-30,22.8170
1991-10-31,22.7868
1991-11-01,22.7854
1991-11-02,22.7835
1991-11-03,22.7440
1991-11-04,22.7016
1991-11-05,22.6295
1991-11-06,22.5657
1991-11-07,22.4998
1991-11-08,22.4470
1991-11-09,22.4232
1991-11-10,22.4047
1991-11-11,22.4055
1991-11-12,22.3818
1991-11-13,22.3532
1991-11-14,22.3330
1991-11-15,22.2937
1991-11-16,22.2340
1991-11-17,22.1746
1991-11-18,22.1231
1991-11-19,22.0612
1991-11-20,22.0121
1991-11-21,21.9906
1991-11-22,21.9707
1991-11-23,21.9349
1991-11-24,21.8841
1991-11-25,21.8115
1991-11-26,21.7589
1991-11-27,21.7330
1991-11-28,21.7084
1991-11-29,21.6580
1991-11-30,21.6045
1991-12-01,21.5263
1991-12-02,21.4850
1991-12-03,21.4343
1991-12-04,21.3765
1991-12-05,21.3703
1991-12-06,21.3572
1991-12-07,21.3077
1991-12-08,21.2482
1991-12-09,21.1930
1991-12-10,21.1270
1991-12-11,21.0641
1991-12-12,21.0175
1991-12-13,20.9687
1991-12-14,20.9519
1991-12-15,20.9379
1991-12-16,20.9135
1991-12-17,20.8976
1991-12-18,20.8768
1991-12-19,20.8590
1991-12-20,20.8166
1991-12-21,20.7597
1991-12-22,20.7090
1991-12-23,20.6623
1991-12-24,20.6238
1991-12-25,20.6046
1991-12-26,20.5944
1991-12-27,20.5630
1991-12-28,20.5298
1991-12-29,20.5027
1991-12-30,20.4770
1991-12-31,20.4577
1992-01-01,20.4312
1992-01-02,20.3984
1992-01-03,20.3777
1992-01-04,20.3411
1992-01-05,20.2814
1992-01-06,20.2343
1992-01-07,20.1848
1992-01-08,20.1533
1992-01-09,20.1192
1992-01-10,20.0859
1992-01-11,20.0715
1992-01-12,20.0560
1992-01-13,20.0312
1992-01-14,19.9792
1992-01-15,19.9447
1992-01-16,19.9383
1992-01-17,19.9250
1992-01-18,19.9229
1992-01-19,19.9144
1992-01-20,19.9134
1992-01-21,19.9025
1992-01-22,19.8639
1992-01-23,19.8417
1992-01-24,19.8212
1992-01-25,19.7996
1992-01-26,19.7820
1992-01-27,19.7682
1992-01-28,19.7523
1992-01-29,19.7379
1992-01-30,19.7089
1992-01-31,19.6601
1992-02-01,19.6041
1992-02-02,19.5761
1992-02-03,19.5786
1992-02-04,19.5685
1992-02-05,19.5565
1992-02-06,19.5750
1992-02-07,19.5932
1992-02-08,19.6134
1992-02-09,19.6032
1992-02-10,19.6218
1992-02-11,19.6598
1992-02-12,19.6671
1992-02-13,19.6662
1992-02-14,19.6362
1992-02-15,19.6038
1992-02-16,19.6117
1992-02-17,19.6205
1992-02-18,19.6189
1992-02-19,19.6115
1992-02-20,19.6071
1992-02-21,19.5825
1992-02-22,19.5733
1992-02-23,19.5709
1992-02-24,19.5735
1992-02-25,19.5678
1992-02-26,19.5786
1992-02-27,19.5872
1992-02-28,19.5865
1992-02-29,19.5878
1992-03-01,19.5822
1992-03-02,19.5926
1992-03-03,19.5966
1992-03-04,19.5826
1992-03-05,19.5639
1992-03-06,19.5540
1992-03-07,19.5708
1992-03-08,19.5801
1992-03-09,19.5909
1992-03-10,19.6094
1992-03-11,19.6258
1992-03-12,19.6371
1992-03-13,19.6591
1992-03-14,19.6452
1992-03-15,19.6049
1992-03-16,19.5987
1992-03-17,19.6129
1992-03-18,19.6545
1992-03-19,19.6991
1992-03-20,19.7311
1992-03-21,19.7359
1992-03-22,19.7424
1992-03-23,19.7626
1992-03-24,19.7690
1992-03-25,19.7900
1992-03-26,19.7962
1992-03-27,19.8208
1992-03-28,19.8429
1992-03-29,19.8699
1992-03-30,19.8817
1992-03-31,19.8770
1992-04-01,19.8785
1992-04-02,19.8925
1992-04-03,19.9170
1992-04-04,19.9433
1992-04-05,19.9612
1992-04-06,19.9862
1992-04-07,20.0020
1992-04-08,20.0267
1992-04-09,20.0302
1992-04-10,20.0486
1992-04-11,20.0566
1992-04-12,20.0516
1992-04-13,20.0869
1992-04-14,20.1262
1992-04-15,20.1302
1992-04-16,20.1520
1992-04-17,20.1576
1992-04-18,20.1378
1992-04-19,20.1384
1992-04-20,20.1352
1992-04-21,20.1500
1992-04-22,20.1951
1992-04-23,20.2695
1992-04-24,20.3335
1992-04-25,20.3953
1992-04-26,20.4373
1992-04-27,20.4737
1992-04-28,20.4902
1992-04-29,20.5110
1992-04-30,20.5311
1992-05-01,20.5583
1992-05-02,20.5922
1992-05-03,20.6292
1992-05-04,20.6640
1992-05-05,20.6870
1992-05-06,20.6765
1992-05-07,20.6640
1992-05-08,20.6739
1992-05-09,20.6996
1992-05-10,20.7119
1992-05-11,20.7583
1992-05-12,20.7998
1992-05-13,20.8589
1992-05-14,20.9210
1992-05-15,20.9977
1992-05-16,21.0385
1992-05-17,21.0662
1992-05-18,21.1000
1992-05-19,21.1305
1992-05-20,21.1589
1992-05-21,21.1969
1992-05-22,21.2091
1992-05-23,21.2697
1992-05-24,21.3420
1992-05-25,21.3833
1992-05-26,21.4332
1992-05-27,21.4579
1992-05-28,21.5212
1992-05-29,21.6055
1992-05-30,21.6784
1992-05-31,21.7264
1992-06-01,21.7534
1992-06-02,21.7677
1992-06-03,21.7982
1992-06-04,21.8272
1992-06-05,21.8375
1992-06-06,21.8411
1992-06-07,21.8530
1992-06-08,21.8732
1992-06-09,21.9004
1992-06-10,21.9355
1992-06-11,21.9758
1992-06-12,22.0135
1992-06-13,22.0793
1992-06-14,22.1283
1992-06-15,22.1390
1992-06-16,22.1356
1992-06-17,22.1565
1992-06-18,22.1982
1992-06-19,22.2418
1992-06-20,22.2987
1992-06-21,22.3621
1992-06-22,22.4260
1992-06-23,22.4309
1992-06-24,22.4621
1992-06-25,22.4956
1992-06-26,22.5454
1992-06-27,22.5919
1992-06-28,22.6340
1992-06-29,22.6780
1992-06-30,22.7236
1992-07-01,22.7612
1992-07-02,22.7890
1992-07-03,22.8307
1992-07-04,22.8778
1992-07-05,22.9292
1992-07-06,22.9847
1992-07-07,23.0243
1992-07-08,23.0735
1992-07-09,23.0818
1992-07-10,23.1211
1992-07-11,23.1576
1992-07-12,23.2191
1992-07-13,23.2650
1992-07-14,23.3107
1992-07-15,23.3523
1992-07-16,23.3938
1992-07-17,23.4359
1992-07-18,23.4724
1992-07-19,23.4913
1992-07-20,23.5287
1992-07-21,23.5814
1992-07-22,23.6005
1992-07-23,23.6087
1992-07-24,23.6203
1992-07-25,23.6565
1992-07-26,23.6712
1992-07-27,23.6920
1992-07-28,23.7500
1992-07-29,23.8122
1992-07-30,23.8461
1992-07-31,23.8324
1992-08-01,23.8297
1992-08-02,23.8433
1992-08-03,23.8333
1992-08-04,23.8554
1992-08-05,23.9002
1992-08-06,23.9309
1992-08-07,23.9596
1992-08-08,24.0064
1992-08-09,24.0453
1992-08-10,24.0842
1992-08-11,24.0869
1992-08-12,24.0845
1992-08-13,24.0919
1992-08-14,24.1197
1992-08-15,24.1268
1992-08-16,24.1489
1992-08-17,24.1472
1992-08-18,24.1438
1992-08-19,24.1447
1992-08-20,24.1593
1992-08-21,24.1676
1992-08-22,24.1763
1992-08-23,24.2031
1992-08-24,24.2551
1992-08-25,24.2902
1992-08-26,24.3257
1992-08-27,24.3279
1992-08-28,24.3069
1992-08-29,24.2795
1992-08-30,24.2944
1992-08-31,24.2820
1992-09-01,24.2340
1992-09-02,24.2196
1992-09-03,24.2386
1992-09-04,24.2741
1992-09-05,24.2687
1992-09-06,24.2465
1992-09-07,24.2015
1992-09-08,24.1932
1992-09-09,24.1853
1992-09-10,24.1881
1992-09-11,24.1711
1992-09-12,24.1508
1992-09-13,24.1322
1992-09-14,24.1246
1992-09-15,24.1462
1992-09-16,24.1426
1992-09-17,24.1282
1992-09-18,24.0939
1992-09-19,24.0364
1992-09-20,23.9747
1992-09-21,23.9469
1992-09-22,23.9340
1992-09-23,23.9153
1992-09-24,23.8896
1992-09-25,23.8492
1992-09-26,23.8357
1992-09-27,23.8183
1992-09-28,23.7668
1992-09-29,23.6979
1992-09-30,23.6531
1992-10-01,23.6282
1992-10-02,23.5925
1992-10-03,23.5726
1992-10-04,23.5579
1992-10-05,23.5634
1992-10-06,23.5372
1992-10-07,23.5008
1992-10-08,23.4687
1992-10-09,23.4505
1992-10-10,23.4279
1992-10-11,23.3816
1992-10-12,23.3483
1992-10-13,23.3174
1992-10-14,23.2911
1992-10-15,23.2737
1992-10-16,23.2681
1992-10-17,23.2580
1992-10-18,23.2235
1992-10-19,23.2245
1992-10-20,23.2112
1992-10-21,23.1550
1992-10-22,23.0959
1992-10-23,23.0090
1992-10-24,22.9286
1992-10-25,22.8696
1992-10-26,22.8372
1992-10-27,22.8017
1992-10-28,22.7558
1992-10-29,22.7153
1992-10-30,22.6537
1992-10-31,22.5906
1992-11-01,22.5037
1992-11-02,22.4540
1992-11-03,22.4459
1992-11-04,22.4262
1992-11-05,22.3910
1992-11-06,22.3624
1992-11-07,22.3002
1992-11-08,22.2281
1992-11-09,22.1560
1992-11-10,22.0999
1992-11-11,22.0405
1992-11-12,22.0260
1992-11-13,22.0073
1992-11-14,21.9974
1992-11-15,21.9863
1992-11-16,21.9669
1992-11-17,21.9516
1992-11-18,21.9290
1992-11-19,21.8816
1992-11-20,21.8419
1992-11-21,21.8051
1992-11-22,21.7728
1992-11-23,21.7303
1992-11-24,21.7077
1992-11-25,21.6847
1992-11-26,21.6582
1992-11-27,21.6326
1992-11-28,21.5995
1992-11-29,21.5466
1992-11-30,21.4887
1992-12-01,21.4103
1992-12-02,21.3604
1992-12-03,21.3343
1992-12-04,21.2830
1992-12-05,21.2281
1992-12-06,21.1454
1992-12-07,21.0806
1992-12-08,21.0238
1992-12-09,20.9767
1992-12-10,20.9413
1992-12-11,20.8991
1992-12-12,20.8537
1992-12-13,20.8195
1992-12-14,20.7752
1992-12-15,20.7280
1992-12-16,20.6927
1992-12-17,20.6605
1992-12-18,20.6289
1992-12-19,20.5941
1992-12-20,20.5770
1992-12-21,20.5551
1992-12-22,20.5075
1992-12-23,20.4847
1992-12-24,20.4683
1992-12-25,20.4682
1992-12-26,20.4612
1992-12-27,20.4528
1992-12-28,20.4426
1992-12-29,20.4085
1992-12-30,20.3529
1992-12-31,20.3256
1993-01-01,20.3081
1993-01-02,20.3095
1993-01-03,20.2775
1993-01-04,20.2742
1993-01-05,20.2859
1993-01-06,20.2793
1993-01-07,20.2416
1993-01-08,20.2131
1993-01-09,20.1931
1993-01-10,20.1602
1993-01-11,20.1116
1993-01-12,20.0915
1993-01-13,20.1017
1993-01-14,20.0904
1993-01-15,20.0585
1993-01-16,20.0277
1993-01-17,19.9980
1993-01-18,19.9587
1993-01-19,19.9253
1993-01-20,19.8954
1993-01-21,19.8823
1993-01-22,19.8399
1993-01-23,19.7967
1993-01-24,19.7803
1993-01-25,19.7831
1993-01-26,19.7843
1993-01-27,19.7562
1993-01-28,19.7269
1993-01-29,19.7106
1993-01-30,19.7218
1993-01-31,19.7391
1993-02-01,19.7528
1993-02-02,19.7250
1993-02-03,19.6847
1993-02-04,19.6545
1993-02-05,19.6191
1993-02-06,19.5826
1993-02-07,19.5246
1993-02-08,19.5116
1993-02-09,19.5280
1993-02-10,19.5461
1993-02-11,19.5626
1993-02-12,19.5632
1993-02-13,19.5648
1993-02-14,19.5610
1993-02-15,19.5670
1993-02-16,19.5726
1993-02-17,19.5715
1993-02-18,19.5765
1993-02-19,19.5904
1993-02-20,19.5770
1993-02-21,19.5737
1993-02-22,19.5894
1993-02-23,19.5948
1993-02-24,19.5757
1993-02-25,19.5805
1993-02-26,19.5885
1993-02-27,19.6051
1993-02-28,19.5984
1993-03-01,19.5745
1993-03-02,19.5362
1993-03-03,19.5120
1993-03-04,19.4958
1993-03-05,19.4816
1993-03-06,19.4792
1993-03-07,19.4871
1993-03-08,19.4836
1993-03-09,19.4763
1993-03-10,19.4757
1993-03-11,19.4696
1993-03-12,19.4806
1993-03-13,19.4775
1993-03-14,19.4891
1993-03-15,19.5057
1993-03-16,19.5249
1993-03-17,19.5478
1993-03-18,19.5829
1993-03-19,19.5951
1993-03-20,19.5924
1993-03-21,19.6038
1993-03-22,19.6238
1993-03-23,19.6575
1993-03-24,19.6980
1993-03-25,19.7419
1993-03-26,19.7816
1993-03-27,19.8191
1993-03-28,19.8430
1993-03-29,19.8608
1993-03-30,19.8468
1993-03-31,19.8377
1993-04-01,19.8301
1993-04-02,19.8094
1993-04-03,19.8094
1993-04-04,19.8260
1993-04-05,19.8450
1993-04-06,19.8683
1993-04-07,19.8826
1993-04-08,19.8842
1993-04-09,19.9122
1993-04-10,19.9019
1993-04-11,19.9191
1993-04-12,19.9432
1993-04-13,19.9555
1993-04-14,19.9650
1993-04-15,19.9848
1993-04-16,20.0281
1993-04-17,20.0612
1993-04-18,20.1052
1993-04-19,20.1314
1993-04-20,20.1348
1993-04-21,20.1274
1993-04-22,20.1152
1993-04-23,20.1193
1993-04-24,20.1538
1993-04-25,20.1997
1993-04-26,20.2478
1993-04-27,20.2756
1993-04-28,20.3188
1993-04-29,20.3677
1993-04-30,20.3970
1993-05-01,20.4400
1993-05-02,20.4745
1993-05-03,20.5114
1993-05-04,20.5495
1993-05-05,20.5736
1993-05-06,20.5850
1993-05-07,20.5880
1993-05-08,20.6226
1993-05-09,20.6296
1993-05-10,20.6380
1993-05-11,20.6417
1993-05-12,20.6730
1993-05-13,20.7272
1993-05-14,20.8151
1993-05-15,20.8651
1993-05-16,20.9234
1993-05-17,20.9605
1993-05-18,20.9849
1993-05-19,21.0227
1993-05-20,21.0467
1993-05-21,21.0845
1993-05-22,21.1196
1993-05-23,21.1760
1993-05-24,21.2223
1993-05-25,21.3021
1993-05-26,21.3521
1993-05-27,21.3727
1993-05-28,21.3812
1993-05-29,21.4237
1993-05-30,21.4760
1993-05-31,21.5247
1993-06-01,21.5435
1993-06-02,21.5609
1993-06-03,21.5649
1993-06-04,21.5888
1993-06-05,21.6058
1993-06-06,21.6256
1993-06-07,21.6544
1993-06-08,21.6824
1993-06-09,21.7375
1993-06-10,21.7858
1993-06-11,21.8266
1993-06-12,21.8668
1993-06-13,21.9090
1993-06-14,21.9743
1993-06-15,22.0205
1993-06-16,22.0588
1993-06-17,22.1032
1993-06-18,22.1462
1993-06-19,22.1810
1993-06-20,22.2259
1993-06-21,22.2914
1993-06-22,22.3806
1993-06-23,22.4178
1993-06-24,22.4468
1993-06-25,22.4818
1993-06-26,22.5191
1993-06-27,22.5691
1993-06-28,22.6114
1993-06-29,22.6288
1993-06-30,22.6646
1993-07-01,22.6843
1993-07-02,22.7026
1993-07-03,22.7482
1993-07-04,22.8184
1993-07-05,22.9050
1993-07-06,22.9693
1993-07-07,22.9906
1993-07-08,23.0011
1993-07-09,23.0142
1993-07-10,23.0608
1993-07-11,23.0952
1993-07-12,23.1568
1993-07-13,23.1950
1993-07-14,23.2378
1993-07-15,23.2694
1993-07-16,23.3093
1993-07-17,23.3115
1993-07-18,23.3083
1993-07-19,23.3050
1993-07-20,23.3269
1993-07-21,23.3525
1993-07-22,23.4100
1993-07-23,23.4536
1993-07-24,23.5026
1993-07-25,23.5734
1993-07-26,23.6189
1993-07-27,23.6168
1993-07-28,23.6166
1993-07-29,23.6289
1993-07-30,23.6475
1993-07-31,23.6815
1993-08-01,23.7169
1993-08-02,23.7615
1993-08-03,23.8248
1993-08-04,23.8629
1993-08-05,23.8965
1993-08-06,23.9402
1993-08-07,24.0055
1993-08-08,24.0310
1993-08-09,23.9978
1993-08-10,23.9743
1993-08-11,23.9824
1993-08-12,24.0038
1993-08-13,24.0157
1993-08-14,24.0088
1993-08-15,24.0232
1993-08-16,24.0303
1993-08-17,24.0354
1993-08-18,24.0229
1993-08-19,24.0082
1993-08-20,24.0115
1993-08-21,24.0420
1993-08-22,24.0722
1993-08-23,24.0922
1993-08-24,24.1203
1993-08-25,24.0905
1993-08-26,24.0915
1993-08-27,24.0947
1993-08-28,24.0934
1993-08-29,24.0963
1993-08-30,24.1043
1993-08-31,24.1151
1993-09-01,24.1164
1993-09-02,24.1694
1993-09-03,24.2120
1993-09-04,24.2109
1993-09-05,24.1919
1993-09-06,24.1944
1993-09-07,24.2046
1993-09-08,24.1999
1993-09-09,24.1719
1993-09-10,24.1590
1993-09-11,24.1387
1993-09-12,24.1296
1993-09-13,24.0988
1993-09-14,24.0520
1993-09-15,24.0243
1993-09-16,23.9993
1993-09-17,23.9833
1993-09-18,23.9568
1993-09-19,23.9566
1993-09-20,23.9436
1993-09-21,23.9270
1993-09-22,23.9119
1993-09-23,23.9153
1993-09-24,23.9110
1993-09-25,23.8955
1993-09-26,23.8660
1993-09-27,23.8220
1993-09-28,23.7640
1993-09-29,23.7419
1993-09-30,23.7120
1993-10-01,23.7324
1993-10-02,23.6993
1993-10-03,23.6168
1993-10-04,23.5584
1993-10-05,23.5249
1993-10-06,23.5177
1993-10-07,23.4994
1993-10-08,23.4942
1993-10-09,23.4690
1993-10-10,23.4531
1993-10-11,23.4299
1993-10-12,23.4175
1993-10-13,23.4046
1993-10-14,23.4054
1993-10-15,23.3797
1993-10-16,23.3375
1993-10-17,23.2973
1993-10-18,23.2429
1993-10-19,23.1836
1993-10-20,23.1235
1993-10-21,23.0523
1993-10-22,23.0113
1993-10-23,22.9760
1993-10-24,22.9456
1993-10-25,22.8865
1993-10-26,22.8477
1993-10-27,22.8035
1993-10-28,22.7616
1993-10-29,22.7162
1993-10-30,22.6937
1993-10-31,22.6693
1993-11-01,22.6034
1993-11-02,22.5295
1993-11-03,22.5005
1993-11-04,22.4887
1993-11-05,22.4678
1993-11-06,22.4222
1993-11-07,22.3701
1993-11-08,22.3520
1993-11-09,22.3428
1993-11-10,22.3265
1993-11-11,22.3188
1993-11-12,22.2952
1993-11-13,22.2625
1993-11-14,22.2179
1993-11-15,22.1744
1993-11-16,22.1411
1993-11-17,22.1212
1993-11-18,22.1014
1993-11-19,22.0678
1993-11-20,22.0141
1993-11-21,21.9629
1993-11-22,21.9143
1993-11-23,21.8592
1993-11-24,21.8345
1993-11-25,21.8161
1993-11-26,21.7887
1993-11-27,21.7420
1993-11-28,21.7132
1993-11-29,21.6900
1993-11-30,21.6657
1993-12-01,21.6366
1993-12-02,21.5956
1993-12-03,21.5569
1993-12-04,21.5103
1993-12-05,21.4720
1993-12-06,21.4484
1993-12-07,21.4285
1993-12-08,21.3883
1993-12-09,21.3223
1993-12-10,21.2550
1993-12-11,21.1814
1993-12-12,21.1292
1993-12-13,21.0804
1993-12-14,21.0616
1993-12-15,21.0418
1993-12-16,21.0021
1993-12-17,20.9533
1993-12-18,20.8987
1993-12-19,20.8424
1993-12-20,20.7857
1993-12-21,20.7130
1993-12-22,20.6290
1993-12-23,20.5870
1993-12-24,20.5543
1993-12-25,20.5088
1993-12-26,20.4527
1993-12-27,20.4187
1993-12-28,20.4239
1993-12-29,20.4083
1993-12-30,20.3811
1993-12-31,20.3711
1994-01-01,20.3868
1994-01-02,20.3751
1994-01-03,20.3528
1994-01-04,20.3329
1994-01-05,20.3157
1994-01-06,20.3050
1994-01-07,20.2842
1994-01-08,20.2513
1994-01-09,20.2169
1994-01-10,20.1794
1994-01-11,20.1437
1994-01-12,20.0951
1994-01-13,20.0630
1994-01-14,20.0606
1994-01-15,20.0441
1994-01-16,20.0292
1994-01-17,20.0052
1994-01-18,19.9792
1994-01-19,19.9624
1994-01-20,19.9530
1994-01-21,19.9253
1994-01-22,19.9104
1994-01-23,19.8831
1994-01-24,19.8568
1994-01-25,19.8245
1994-01-26,19.8216
1994-01-27,19.8227
1994-01-28,19.8245
1994-01-29,19.8135
1994-01-30,19.8056
1994-01-31,19.7943
1994-02-01,19.7664
1994-02-02,19.7550
1994-02-03,19.7561
1994-02-04,19.7648
1994-02-05,19.7642
1994-02-06,19.7628
1994-02-07,19.7699
1994-02-08,19.7567
1994-02-09,19.7276
1994-02-10,19.6994
1994-02-11,19.6937
1994-02-12,19.6961
1994-02-13,19.6788
1994-02-14,19.6432
1994-02-15,19.6105
1994-02-16,19.5846
1994-02-17,19.5836
1994-02-18,19.5911
1994-02-19,19.6024
1994-02-20,19.5894
1994-02-21,19.5547
1994-02-22,19.5233
1994-02-23,19.5231
1994-02-24,19.5370
1994-02-25,19.5546
1994-02-26,19.5871
1994-02-27,19.6533
1994-02-28,19.7162
1994-03-01,19.7674
1994-03-02,19.8153
1994-03-03,19.8260
1994-03-04,19.8230
1994-03-05,19.8161
1994-03-06,19.8072
1994-03-07,19.8277
1994-03-08,19.8368
1994-03-09,19.8460
1994-03-10,19.8207
1994-03-11,19.7987
1994-03-12,19.7788
1994-03-13,19.7701
1994-03-14,19.7674
1994-03-15,19.7647
1994-03-16,19.7689
1994-03-17,19.7840
1994-03-18,19.8005
1994-03-19,19.8211
1994-03-20,19.8328
1994-03-21,19.8300
1994-03-22,19.8188
1994-03-23,19.7816
1994-03-24,19.7567
1994-03-25,19.7443
1994-03-26,19.7482
1994-03-27,19.7776
1994-03-28,19.7999
1994-03-29,19.8235
1994-03-30,19.8463
1994-03-31,19.8656
1994-04-01,19.8811
1994-04-02,19.8974
1994-04-03,19.9218
1994-04-04,19.9665
1994-04-05,20.0225
1994-04-06,20.0473
1994-04-07,20.0733
1994-04-08,20.0885
1994-04-09,20.0554
1994-04-10,20.0424
1994-04-11,20.0196
1994-04-12,20.0080
1994-04-13,20.0255
1994-04-14,20.0277
1994-04-15,20.0649
1994-04-16,20.1234
1994-04-17,20.1532
1994-04-18,20.1792
1994-04-19,20.2199
1994-04-20,20.2278
1994-04-21,20.2411
1994-04-22,20.2559
1994-04-23,20.3073
1994-04-24,20.3802
1994-04-25,20.4453
1994-04-26,20.4837
1994-04-27,20.5052
1994-04-28,20.5196
1994-04-29,20.5278
1994-04-30,20.5487
1994-05-01,20.5715
1994-05-02,20.5904
1994-05-03,20.6170
1994-05-04,20.6365
1994-05-05,20.6560
1994-05-06,20.6887
1994-05-07,20.7068
1994-05-08,20.7436
1994-05-09,20.7811
1994-05-10,20.8162
1994-05-11,20.8559
1994-05-12,20.8835
1994-05-13,20.9134
1994-05-14,20.9322
1994-05-15,20.9631
1994-05-16,20.9705
1994-05-17,20.9928
1994-05-18,21.0163
1994-05-19,21.0441
1994-05-20,21.0564
1994-05-21,21.0934
1994-05-22,21.1287
1994-05-23,21.1595
1994-05-24,21.1741
1994-05-25,21.1845
1994-05-26,21.2173
1994-05-27,21.2444
1994-05-28,21.2850
1994-05-29,21.3610
1994-05-30,21.4445
1994-05-31,21.5161
1994-06-01,21.5753
1994-06-02,21.6381
1994-06-03,21.6566
1994-06-04,21.6763
1994-06-05,21.7025
1994-06-06,21.7302
1994-06-07,21.7644
1994-06-08,21.8040
1994-06-09,21.8437
1994-06-10,21.8851
1994-06-11,21.9358
1994-06-12,21.9974
1994-06-13,22.0573
1994-06-14,22.0767
1994-06-15,22.0889
1994-06-16,22.1425
1994-06-17,22.1964
1994-06-18,22.2485
1994-06-19,22.3131
1994-06-20,22.3771
1994-06-21,22.4189
1994-06-22,22.4913
1994-06-23,22.5644
1994-06-24,22.5927
1994-06-25,22.6265
1994-06-26,22.6764
1994-06-27,22.7240
1994-06-28,22.7696
1994-06-29,22.7787
1994-06-30,22.7736
1994-07-01,22.8191
1994-07-02,22.8716
1994-07-03,22.9448
1994-07-04,23.0153
1994-07-05,23.0285
1994-07-06,23.0685
1994-07-07,23.0905
1994-07-08,23.1124
1994-07-09,23.1693
1994-07-10,23.2245
1994-07-11,23.3008
1994-07-12,23.3560
1994-07-13,23.4232
1994-07-14,23.5029
1994-07-15,23.5275
1994-07-16,23.5654
1994-07-17,23.6457
1994-07-18,23.7107
1994-07-19,23.7563
1994-07-20,23.7572
1994-07-21,23.7726
1994-07-22,23.8153
1994-07-23,23.8606
1994-07-24,23.9250
1994-07-25,23.9801
1994-07-26,24.0180
1994-07-27,24.0329
1994-07-28,24.0497
1994-07-29,24.0629
1994-07-30,24.1189
1994-07-31,24.1649
1994-08-01,24.1851
1994-08-02,24.2066
1994-08-03,24.2481
1994-08-04,24.3154
1994-08-05,24.3990
1994-08-06,24.4263
1994-08-07,24.4501
1994-08-08,24.4660
1994-08-09,24.4716
1994-08-10,24.4836
1994-08-11,24.4839
1994-08-12,24.4805
1994-08-13,24.5034
1994-08-14,24.5338
1994-08-15,24.5439
1994-08-16,24.5413
1994-08-17,24.5553
1994-08-18,24.5521
1994-08-19,24.5627
1994-08-20,24.5713
1994-08-21,24.5665
1994-08-22,24.5758
1994-08-23,24.5919
1994-08-24,24.6060
1994-08-25,24.6385
1994-08-26,24.7008
1994-08-27,24.7367
1994-08-28,24.7310
1994-08-29,24.7430
1994-08-30,24.7591
1994-08-31,24.7264
1994-09-01,24.7180
1994-09-02,24.7304
1994-09-03,24.7357
1994-09-04,24.7153
1994-09-05,24.7055
1994-09-06,24.6731
1994-09-07,24.6552
1994-09-08,24.6336
1994-09-09,24.5921
1994-09-10,24.5645
1994-09-11,24.5377
1994-09-12,24.5312
1994-09-13,24.5095
1994-09-14,24.4355
1994-09-15,24.3713
1994-09-16,24.3250
1994-09-17,24.2861
1994-09-18,24.2830
1994-09-19,24.2576
1994-09-20,24.2517
1994-09-21,24.2442
1994-09-22,24.2032
1994-09-23,24.1586
1994-09-24,24.1320
1994-09-25,24.1107
1994-09-26,24.0704
1994-09-27,24.0067
1994-09-28,23.9774
1994-09-29,23.9619
1994-09-30,23.9743
1994-10-01,23.9696
1994-10-02,23.9531
1994-10-03,23.9327
1994-10-04,23.9321
1994-10-05,23.9163
1994-10-06,23.8937
1994-10-07,23.8653
1994-10-08,23.8429
1994-10-09,23.8459
1994-10-10,23.8046
1994-10-11,23.7565
1994-10-12,23.6995
1994-10-13,23.6887
1994-10-14,23.6537
1994-10-15,23.5881
1994-10-16,23.5215
1994-10-17,23.4513
1994-10-18,23.3857
1994-10-19,23.3438
1994-10-20,23.3225
1994-10-21,23.3166
1994-10-22,23.2950
1994-10-23,23.2852
1994-10-24,23.2566
1994-10-25,23.2043
1994-10-26,23.1448
1994-10-27,23.0774
1994-10-28,23.0310
1994-10-29,22.9920
1994-10-30,22.9527
1994-10-31,22.9172
1994-11-01,22.8654
1994-11-02,22.8260
1994-11-03,22.7645
1994-11-04,22.7106
1994-11-05,22.6367
1994-11-06,22.5713
1994-11-07,22.4999
1994-11-08,22.4254
1994-11-09,22.3644
1994-11-10,22.3266
1994-11-11,22.3005
1994-11-12,22.2757
1994-11-13,22.2564
1994-11-14,22.2077
1994-11-15,22.1665
1994-11-16,22.1234
1994-11-17,22.0734
1994-11-18,22.0534
1994-11-19,22.0287
1994-11-20,21.9823
1994-11-21,21.9349
1994-11-22,21.8812
1994-11-23,21.8631
1994-11-24,21.8378
1994-11-25,21.8214
1994-11-26,21.8105
1994-11-27,21.7742
1994-11-28,21.7451
1994-11-29,21.7103
1994-11-30,21.6634
1994-12-01,21.6187
1994-12-02,21.5765
1994-12-03,21.5392
1994-12-04,21.4718
1994-12-05,21.4123
1994-12-06,21.3774
1994-12-07,21.3600
1994-12-08,21.3475
1994-12-09,21.3293
1994-12-10,21.2887
1994-12-11,21.2364
1994-12-12,21.1898
1994-12-13,21.1469
1994-12-14,21.1082
1994-12-15,21.0656
1994-12-16,21.0233
1994-12-17,20.9948
1994-12-18,20.9430
1994-12-19,20.9135
1994-12-20,20.8640
1994-12-21,20.8095
1994-12-22,20.7867
1994-12-23,20.7730
1994-12-24,20.7429
1994-12-25,20.7086
1994-12-26,20.6628
1994-12-27,20.6179
1994-12-28,20.5624
1994-12-29,20.5292
1994-12-30,20.5030
1994-12-31,20.4642
1995-01-01,20.4317
1995-01-02,20.3902
1995-01-03,20.3665
1995-01-04,20.3435
1995-01-05,20.3062
1995-01-06,20.2412
1995-01-07,20.2233
1995-01-08,20.2345
1995-01-09,20.2300
1995-01-10,20.2176
1995-01-11,20.1973
1995-01-12,20.1673
1995-01-13,20.1395
1995-01-14,20.0949
1995-01-15,20.0510
1995-01-16,19.9968
1995-01-17,19.9920
1995-01-18,19.9767
1995-01-19,19.9675
1995-01-20,19.9601
1995-01-21,19.9409
1995-01-22,19.9056
1995-01-23,19.8564
1995-01-24,19.8241
1995-01-25,19.8156
1995-01-26,19.7866
1995-01-27,19.7708
1995-01-28,19.7386
1995-01-29,19.7253
1995-01-30,19.7208
1995-01-31,19.7082
1995-02-01,19.6831
1995-02-02,19.6657
1995-02-03,19.6423
1995-02-04,19.6289
1995-02-05,19.6119
1995-02-06,19.5962
1995-02-07,19.5946
1995-02-08,19.5831
1995-02-09,19.5804
1995-02-10,19.5991
1995-02-11,19.6120
1995-02-12,19.6181
1995-02-13,19.6175
1995-02-14,19.6135
1995-02-15,19.5929
1995-02-16,19.5616
1995-02-17,19.5482
1995-02-18,19.5617
1995-02-19,19.6118
1995-02-20,19.6472
1995-02-21,19.6690
1995-02-22,19.6737
1995-02-23,19.6624
1995-02-24,19.6542
1995-02-25,19.6435
1995-02-26,19.6180
1995-02-27,19.6287
1995-02-28,19.6429
1995-03-01,19.6227
1995-03-02,19.6073
1995-03-03,19.6099
1995-03-04,19.5951
1995-03-05,19.6002
1995-03-06,19.6014
1995-03-07,19.5874
1995-03-08,19.5912
1995-03-09,19.5959
1995-03-10,19.6213
1995-03-11,19.6182
1995-03-12,19.6226
1995-03-13,19.6262
1995-03-14,19.6552
1995-03-15,19.6882
1995-03-16,19.6961
1995-03-17,19.7254
1995-03-18,19.7297
1995-03-19,19.7269
1995-03-20,19.7199
1995-03-21,19.7181
1995-03-22,19.7130
1995-03-23,19.7111
1995-03-24,19.7013
1995-03-25,19.7118
1995-03-26,19.7423
1995-03-27,19.7597
1995-03-28,19.7843
1995-03-29,19.8223
1995-03-30,19.8470
1995-03-31,19.8597
1995-04-01,19.8463
1995-04-02,19.8478
1995-04-03,19.8811
1995-04-04,19.9217
1995-04-05,19.9597
1995-04-06,19.9660
1995-04-07,19.9761
1995-04-08,20.0036
1995-04-09,20.0209
1995-04-10,20.0333
1995-04-11,20.0492
1995-04-12,20.0466
1995-04-13,20.0545
1995-04-14,20.0474
1995-04-15,20.0872
1995-04-16,20.0993
1995-04-17,20.0952
1995-04-18,20.0864
1995-04-19,20.1018
1995-04-20,20.1027
1995-04-21,20.0889
1995-04-22,20.0693
1995-04-23,20.0664
1995-04-24,20.1210
1995-04-25,20.1703
1995-04-26,20.1843
1995-04-27,20.1954
1995-04-28,20.2209
1995-04-29,20.2666
1995-04-30,20.3326
1995-05-01,20.4010
1995-05-02,20.4517
1995-05-03,20.4858
1995-05-04,20.4995
1995-05-05,20.4654
1995-05-06,20.4503
1995-05-07,20.4813
1995-05-08,20.5246
1995-05-09,20.5609
1995-05-10,20.5763
1995-05-11,20.6039
1995-05-12,20.6223
1995-05-13,20.6197
1995-05-14,20.6357
1995-05-15,20.6608
1995-05-16,20.6936
1995-05-17,20.7355
1995-05-18,20.7859
1995-05-19,20.8348
1995-05-20,20.8979
1995-05-21,20.9340
1995-05-22,20.9630
1995-05-23,21.0032
1995-05-24,21.0490
1995-05-25,21.1096
1995-05-26,21.1657
1995-05-27,21.2096
1995-05-28,21.2570
1995-05-29,21.3141
1995-05-30,21.3609
1995-05-31,21.3984
1995-06-01,21.4370
1995-06-02,21.4901
1995-06-03,21.5772
1995-06-04,21.6221
1995-06-05,21.6572
1995-06-06,21.6903
1995-06-07,21.7486
1995-06-08,21.7934
1995-06-09,21.8325
1995-06-10,21.8408
1995-06-11,21.8611
1995-06-12,21.8880
1995-06-13,21.9222
1995-06-14,21.9386
1995-06-15,21.9437
1995-06-16,21.9624
1995-06-17,21.9779
1995-06-18,21.9992
1995-06-19,22.0446
1995-06-20,22.0964
1995-06-21,22.1506
1995-06-22,22.1823
1995-06-23,22.2386
1995-06-24,22.2868
1995-06-25,22.3194
1995-06-26,22.3538
1995-06-27,22.3964
1995-06-28,22.4803
1995-06-29,22.5628
1995-06-30,22.6156
1995-07-01,22.6941
1995-07-02,22.7661
1995-07-03,22.8122
1995-07-04,22.8639
1995-07-05,22.8959
1995-07-06,22.9188
1995-07-07,22.9510
1995-07-08,22.9861
1995-07-09,23.0378
1995-07-10,23.0860
1995-07-11,23.1394
1995-07-12,23.1927
1995-07-13,23.2405
1995-07-14,23.3173
1995-07-15,23.3784
1995-07-16,23.4512
1995-07-17,23.5042
1995-07-18,23.5400
1995-07-19,23.5784
1995-07-20,23.5937
1995-07-21,23.5926
1995-07-22,23.6229
1995-07-23,23.6784
1995-07-24,23.7087
1995-07-25,23.7294
1995-07-26,23.7590
1995-07-27,23.8116
1995-07-28,23.8462
1995-07-29,23.8863
1995-07-30,23.9467
1995-07-31,24.0085
1995-08-01,24.0351
1995-08-02,24.0501
1995-08-03,24.0623
1995-08-04,24.0710
1995-08-05,24.0702
1995-08-06,24.0903
1995-08-07,24.1499
1995-08-08,24.1935
1995-08-09,24.2074
1995-08-10,24.2343
1995-08-11,24.2443
1995-08-12,24.2432
1995-08-13,24.2669
1995-08-14,24.3068
1995-08-15,24.3122
1995-08-16,24.3206
1995-08-17,24.3406
1995-08-18,24.3760
1995-08-19,24.4062
1995-08-20,24.4352
1995-08-21,24.4491
1995-08-22,24.4352
1995-08-23,24.4358
1995-08-24,24.4517
1995-08-25,24.4771
1995-08-26,24.5001
1995-08-27,24.5116
1995-08-28,24.5235
1995-08-29,24.5302
1995-08-30,24.5206
1995-08-31,24.5048
1995-09-01,24.4955
1995-09-02,24.5077
1995-09-03,24.4904
1995-09-04,24.4698
1995-09-05,24.4807
1995-09-06,24.4743
1995-09-07,24.4647
1995-09-08,24.4386
1995-09-09,24.4262
1995-09-10,24.4311
1995-09-11,24.4498
1995-09-12,24.4349
1995-09-13,24.4117
1995-09-14,24.3560
1995-09-15,24.3026
1995-09-16,24.2534
1995-09-17,24.1953
1995-09-18,24.1328
1995-09-19,24.1088
1995-09-20,24.1072
1995-09-21,24.1202
1995-09-22,24.1195
1995-09-23,24.1207
1995-09-24,24.1135
1995-09-25,24.0821
1995-09-26,24.0519
1995-09-27,24.0096
1995-09-28,23.9672
1995-09-29,23.9406
1995-09-30,23.9037
1995-10-01,23.8493
1995-10-02,23.8025
1995-10-03,23.7728
1995-10-04,23.7509
1995-10-05,23.7381
1995-10-06,23.7291
1995-10-07,23.7107
1995-10-08,23.6578
1995-10-09,23.5967
1995-10-10,23.5628
1995-10-11,23.5212
1995-10-12,23.4834
1995-10-13,23.4687
1995-10-14,23.4284
1995-10-15,23.3816
1995-10-16,23.3381
1995-10-17,23.2817
1995-10-18,23.2356
1995-10-19,23.2017
1995-10-20,23.1611
1995-10-21,23.0986
1995-10-22,23.0294
1995-10-23,23.0037
1995-10-24,22.9813
1995-10-25,22.9554
1995-10-26,22.9319
1995-10-27,22.9223
1995-10-28,22.8812
1995-10-29,22.8119
1995-10-30,22.7600
1995-10-31,22.7206
1995-11-01,22.6792
1995-11-02,22.6406
1995-11-03,22.6174
1995-11-04,22.6057
1995-11-05,22.5859
1995-11-06,22.5527
1995-11-07,22.5305
1995-11-08,22.5145
1995-11-09,22.4780
1995-11-10,22.4472
1995-11-11,22.3984
1995-11-12,22.3282
1995-11-13,22.2641
1995-11-14,22.2263
1995-11-15,22.1837
1995-11-16,22.1430
1995-11-17,22.1253
1995-11-18,22.0868
1995-11-19,22.0460
1995-11-20,22.0070
1995-11-21,21.9581
1995-11-22,21.9220
1995-11-23,21.9040
1995-11-24,21.8338
1995-11-25,21.8000
1995-11-26,21.7687
1995-11-27,21.7422
1995-11-28,21.7082
1995-11-29,21.6776
1995-11-30,21.6575
1995-12-01,21.6276
1995-12-02,21.5672
1995-12-03,21.5194
1995-12-04,21.4778
1995-12-05,21.4386
1995-12-06,21.4003
1995-12-07,21.3719
1995-12-08,21.3387
1995-12-09,21.3172
1995-12-10,21.2952
1995-12-11,21.2695
1995-12-12,21.2701
1995-12-13,21.2400
1995-12-14,21.2091
1995-12-15,21.1560
1995-12-16,21.1110
1995-12-17,21.0776
1995-12-18,21.0526
1995-12-19,21.0434
1995-12-20,21.0137
1995-12-21,20.9832
1995-12-22,20.9284
1995-12-23,20.8717
1995-12-24,20.8355
1995-12-25,20.8080
1995-12-26,20.7722
1995-12-27,20.7320
1995-12-28,20.6786
1995-12-29,20.6265
1995-12-30,20.5910
1995-12-31,20.5525
1996-01-01,20.5053
1996-01-02,20.4770
1996-01-03,20.4516
1996-01-04,20.4293
1996-01-05,20.3919
1996-01-06,20.3582
1996-01-07,20.3312
1996-01-08,20.2565
1996-01-09,20.1767
1996-01-10,20.1412
1996-01-11,20.1320
1996-01-12,20.1347
1996-01-13,20.1028
1996-01-14,20.0785
1996-01-15,20.0399
1996-01-16,20.0080
1996-01-17,19.9906
1996-01-18,19.9603
1996-01-19,19.9141
1996-01-20,19.8893
1996-01-21,19.8490
1996-01-22,19.8235
1996-01-23,19.8037
1996-01-24,19.7852
1996-01-25,19.7705
1996-01-26,19.7571
1996-01-27,19.7310
1996-01-28,19.7004
1996-01-29,19.6969
1996-01-30,19.6806
1996-01-31,19.6683
1996-02-01,19.6914
1996-02-02,19.7059
1996-02-03,19.6948
1996-02-04,19.6824
1996-02-05,19.6917
1996-02-06,19.6724
1996-02-07,19.6647
1996-02-08,19.6444
1996-02-09,19.6558
1996-02-10,19.6439
1996-02-11,19.6317
1996-02-12,19.6160
1996-02-13,19.6038
1996-02-14,19.5913
1996-02-15,19.5858
1996-02-16,19.5795
1996-02-17,19.5576
1996-02-18,19.5336
1996-02-19,19.5143
1996-02-20,19.4996
1996-02-21,19.4880
1996-02-22,19.4848
1996-02-23,19.4858
1996-02-24,19.4928
1996-02-25,19.4881
1996-02-26,19.4732
1996-02-27,19.4599
1996-02-28,19.4725
1996-02-29,19.5097
1996-03-01,19.5300
1996-03-02,19.5512
1996-03-03,19.5498
1996-03-04,19.5518
1996-03-05,19.5377
1996-03-06,19.5056
1996-03-07,19.5213
1996-03-08,19.5413
1996-03-09,19.5479
1996-03-10,19.5683
1996-03-11,19.6054
1996-03-12,19.6306
1996-03-13,19.6173
1996-03-14,19.6122
1996-03-15,19.6036
1996-03-16,19.5966
1996-03-17,19.6068
1996-03-18,19.6173
1996-03-19,19.6236
1996-03-20,19.6323
1996-03-21,19.6424
1996-03-22,19.6466
1996-03-23,19.6642
1996-03-24,19.6807
1996-03-25,19.7160
1996-03-26,19.7349
1996-03-27,19.7727
1996-03-28,19.8092
1996-03-29,19.8420
1996-03-30,19.8454
1996-03-31,19.8517
1996-04-01,19.8784
1996-04-02,19.8780
1996-04-03,19.8790
1996-04-04,19.9163
1996-04-05,19.9518
1996-04-06,19.9909
1996-04-07,20.0238
1996-04-08,20.0390
1996-04-09,20.0495
1996-04-10,20.0385
1996-04-11,20.0284
1996-04-12,20.0157
1996-04-13,19.9959
1996-04-14,19.9777
1996-04-15,20.0191
1996-04-16,20.0422
1996-04-17,20.0333
1996-04-18,20.0223
1996-04-19,20.0377
1996-04-20,20.1083
1996-04-21,20.1451
1996-04-22,20.1734
1996-04-23,20.1879
1996-04-24,20.1986
1996-04-25,20.1936
1996-04-26,20.2065
1996-04-27,20.2352
1996-04-28,20.2726
1996-04-29,20.3030
1996-04-30,20.3347
1996-05-01,20.3528
1996-05-02,20.3828
1996-05-03,20.4324
1996-05-04,20.4793
1996-05-05,20.5568
1996-05-06,20.6132
1996-05-07,20.6083
1996-05-08,20.6299
1996-05-09,20.6520
1996-05-10,20.6911
1996-05-11,20.7534
1996-05-12,20.7956
1996-05-13,20.8410
1996-05-14,20.8668
1996-05-15,20.9226
1996-05-16,20.9471
1996-05-17,20.9728
1996-05-18,21.0110
1996-05-19,21.0552
1996-05-20,21.1104
1996-05-21,21.1711
1996-05-22,21.2128
1996-05-23,21.2108
1996-05-24,21.2119
1996-05-25,21.2601
1996-05-26,21.3329
1996-05-27,21.3981
1996-05-28,21.4630
1996-05-29,21.5007
1996-05-30,21.5453
1996-05-31,21.5814
1996-06-01,21.6411
1996-06-02,21.6735
1996-06-03,21.6933
1996-06-04,21.7276
1996-06-05,21.7383
1996-06-06,21.7380
1996-06-07,21.7752
1996-06-08,21.8053
1996-06-09,21.8585
1996-06-10,21.9132
1996-06-11,21.9621
1996-06-12,22.0073
1996-06-13,22.0529
1996-06-14,22.0988
1996-06-15,22.1501
1996-06-16,22.2287
1996-06-17,22.2904
1996-06-18,22.3621
1996-06-19,22.4080
1996-06-20,22.4528
1996-06-21,22.4681
1996-06-22,22.4697
1996-06-23,22.5250
1996-06-24,22.5835
1996-06-25,22.6282
1996-06-26,22.6645
1996-06-27,22.7042
1996-06-28,22.7470
1996-06-29,22.7773
1996-06-30,22.8260
1996-07-01,22.8566
1996-07-02,22.8874
1996-07-03,22.9408
1996-07-04,23.0176
1996-07-05,23.0843
1996-07-06,23.1226
1996-07-07,23.1077
1996-07-08,23.0950
1996-07-09,23.0746
1996-07-10,23.0937
1996-07-11,23.1536
1996-07-12,23.2205
1996-07-13,23.2714
1996-07-14,23.3322
1996-07-15,23.3811
1996-07-16,23.3846
1996-07-17,23.3760
1996-07-18,23.3856
1996-07-19,23.3881
1996-07-20,23.4606
1996-07-21,23.5700
1996-07-22,23.6675
1996-07-23,23.7186
1996-07-24,23.7531
1996-07-25,23.7959
1996-07-26,23.8431
1996-07-27,23.8930
1996-07-28,23.9288
1996-07-29,23.9710
1996-07-30,23.9643
1996-07-31,23.9439
1996-08-01,23.9244
1996-08-02,23.9243
1996-08-03,23.9920
1996-08-04,24.0443
1996-08-05,24.0865
1996-08-06,24.1319
1996-08-07,24.1930
1996-08-08,24.2380
1996-08-09,24.2601
1996-08-10,24.2748
1996-08-11,24.3041
1996-08-12,24.3541
1996-08-13,24.3933
1996-08-14,24.4178
1996-08-15,24.4506
1996-08-16,24.4902
1996-08-17,24.5183
1996-08-18,24.5552
1996-08-19,24.5910
1996-08-20,24.6420
1996-08-21,24.6537
1996-08-22,24.6460
1996-08-23,24.6053
1996-08-24,24.5891
1996-08-25,24.5721
1996-08-26,24.5328
1996-08-27,24.5411
1996-08-28,24.5587
1996-08-29,24.5612
1996-08-30,24.5907
1996-08-31,24.6289
1996-09-01,24.6200
1996-09-02,24.5984
1996-09-03,24.5968
1996-09-04,24.5931
1996-09-05,24.5797
1996-09-06,24.5475
1996-09-07,24.5304
1996-09-08,24.5186
1996-09-09,24.4818
1996-09-10,24.4177
1996-09-11,24.3584
1996-09-12,24.3391
1996-09-13,24.3287
1996-09-14,24.3493
1996-09-15,24.3357
1996-09-16,24.3151
1996-09-17,24.2777
1996-09-18,24.2266
1996-09-19,24.1810
1996-09-20,24.1451
1996-09-21,24.1048
1996-09-22,24.0743
1996-09-23,24.0331
1996-09-24,24.0502
1996-09-25,24.0127
1996-09-26,23.9809
1996-09-27,23.9656
1996-09-28,23.9379
1996-09-29,23.8748
1996-09-30,23.8070
1996-10-01,23.7903
1996-10-02,23.7373
1996-10-03,23.7122
1996-10-04,23.7001
1996-10-05,23.6998
1996-10-06,23.6935
1996-10-07,23.6911
1996-10-08,23.6910
1996-10-09,23.6898
1996-10-10,23.6827
1996-10-11,23.6569
1996-10-12,23.6274
1996-10-13,23.5915
1996-10-14,23.5672
1996-10-15,23.5666
1996-10-16,23.5680
1996-10-17,23.5317
1996-10-18,23.4855
1996-10-19,23.4391
1996-10-20,23.3644
1996-10-21,23.3019
1996-10-22,23.2341
1996-10-23,23.1685
1996-10-24,23.1223
1996-10-25,23.0630
1996-10-26,22.9952
1996-10-27,22.9031
1996-10-28,22.8398
1996-10-29,22.7947
1996-10-30,22.7737
1996-10-31,22.7426
1996-11-01,22.7061
1996-11-02,22.6427
1996-11-03,22.5605
1996-11-04,22.4951
1996-11-05,22.4485
1996-11-06,22.3893
1996-11-07,22.3455
1996-11-08,22.3058
1996-11-09,22.2723
1996-11-10,22.2143
1996-11-11,22.1744
1996-11-12,22.1752
1996-11-13,22.1678
1996-11-14,22.1339
1996-11-15,22.0897
1996-11-16,22.0495
1996-11-17,21.9870
1996-11-18,21.9455
1996-11-19,21.9016
1996-11-20,21.8507
1996-11-21,21.7968
1996-11-22,21.7566
1996-11-23,21.7023
1996-11-24,21.6408
1996-11-25,21.6165
1996-11-26,21.5938
1996-11-27,21.5648
1996-11-28,21.5581
1996-11-29,21.5465
1996-11-30,21.5156
1996-12-01,21.4577
1996-12-02,21.4286
1996-12-03,21.4061
1996-12-04,21.3782
1996-12-05,21.3210
1996-12-06,21.2556
1996-12-07,21.2038
1996-12-08,21.1511
1996-12-09,21.1000
1996-12-10,21.0542
1996-12-11,21.0125
1996-12-12,20.9625
1996-12-13,20.9353
1996-12-14,20.8893
1996-12-15,20.8336
1996-12-16,20.7893
1996-12-17,20.7742
1996-12-18,20.7433
1996-12-19,20.6972
1996-12-20,20.6460
1996-12-21,20.5944
1996-12-22,20.5388
1996-12-23,20.5046
1996-12-24,20.4731
1996-12-25,20.4334
1996-12-26,20.4091
1996-12-27,20.3777
1996-12-28,20.3229
1996-12-29,20.2771
1996-12-30,20.2580
1996-12-31,20.2244
1997-01-01,20.1936
1997-01-02,20.1613
1997-01-03,20.1216
1997-01-04,20.0967
1997-01-05,20.0851
1997-01-06,20.0811
1997-01-07,20.0888
1997-01-08,20.0900
1997-01-09,20.0704
1997-01-10,20.0542
1997-01-11,20.0235
1997-01-12,20.0049
1997-01-13,19.9825
1997-01-14,19.9490
1997-01-15,19.8974
1997-01-16,19.8717
1997-01-17,19.8477
1997-01-18,19.8366
1997-01-19,19.8561
1997-01-20,19.8761
1997-01-21,19.8702
1997-01-22,19.8567
1997-01-23,19.8317
1997-01-24,19.8209
1997-01-25,19.8074
1997-01-26,19.7738
1997-01-27,19.7646
1997-01-28,19.7809
1997-01-29,19.7922
1997-01-30,19.7683
1997-01-31,19.7431
1997-02-01,19.7469
1997-02-02,19.7585
1997-02-03,19.7608
1997-02-04,19.7458
1997-02-05,19.7249
1997-02-06,19.7009
1997-02-07,19.7085
1997-02-08,19.7221
1997-02-09,19.7261
1997-02-10,19.7197
1997-02-11,19.7131
1997-02-12,19.6876
1997-02-13,19.6642
1997-02-14,19.6440
1997-02-15,19.6411
1997-02-16,19.6341
1997-02-17,19.5855
1997-02-18,19.5502
1997-02-19,19.5663
1997-02-20,19.5565
1997-02-21,19.5511
1997-02-22,19.5563
1997-02-23,19.5912
1997-02-24,19.6104
1997-02-25,19.6041
1997-02-26,19.6022
1997-02-27,19.5633
1997-02-28,19.5315
1997-03-01,19.5023
1997-03-02,19.4862
1997-03-03,19.4710
1997-03-04,19.4608
1997-03-05,19.4653
1997-03-06,19.4404
1997-03-07,19.4323
1997-03-08,19.4126
1997-03-09,19.4307
1997-03-10,19.4660
1997-03-11,19.4957
1997-03-12,19.5469
1997-03-13,19.5967
1997-03-14,19.6376
1997-03-15,19.6577
1997-03-16,19.6717
1997-03-17,19.7121
1997-03-18,19.7342
1997-03-19,19.7566
1997-03-20,19.8061
1997-03-21,19.8497
1997-03-22,19.8558
1997-03-23,19.8626
1997-03-24,19.8665
1997-03-25,19.8894
1997-03-26,19.9030
1997-03-27,19.8893
1997-03-28,19.8967
1997-03-29,19.8978
1997-03-30,19.8861
1997-03-31,19.8878
1997-04-01,19.8770
1997-04-02,19.8452
1997-04-03,19.8872
1997-04-04,19.9801
1997-04-05,20.0487
1997-04-06,20.1005
1997-04-07,20.1409
1997-04-08,20.1348
1997-04-09,20.1252
1997-04-10,20.1334
1997-04-11,20.1471
1997-04-12,20.1513
1997-04-13,20.1577
1997-04-14,20.1790
1997-04-15,20.2011
1997-04-16,20.2364
1997-04-17,20.2662
1997-04-18,20.2582
1997-04-19,20.2693
1997-04-20,20.2874
1997-04-21,20.2798
1997-04-22,20.2879
1997-04-23,20.2978
1997-04-24,20.3078
1997-04-25,20.3559
1997-04-26,20.3762
1997-04-27,20.4009
1997-04-28,20.4423
1997-04-29,20.4554
1997-04-30,20.4553
1997-05-01,20.4567
1997-05-02,20.4812
1997-05-03,20.5526
1997-05-04,20.6397
1997-05-05,20.7177
1997-05-06,20.7532
1997-05-07,20.7754
1997-05-08,20.8001
1997-05-09,20.8405
1997-05-10,20.9001
1997-05-11,20.9692
1997-05-12,21.0188
1997-05-13,21.0685
1997-05-14,21.0962
1997-05-15,21.1183
1997-05-16,21.1523
1997-05-17,21.2227
1997-05-18,21.2844
1997-05-19,21.3306
1997-05-20,21.3853
1997-05-21,21.4471
1997-05-22,21.4964
1997-05-23,21.5375
1997-05-24,21.5908
1997-05-25,21.6241
1997-05-26,21.6645
1997-05-27,21.7001
1997-05-28,21.7422
1997-05-29,21.7765
1997-05-30,21.8031
1997-05-31,21.8257
1997-06-01,21.8783
1997-06-02,21.9351
1997-06-03,21.9586
1997-06-04,21.9657
1997-06-05,21.9657
1997-06-06,21.9603
1997-06-07,21.9974
1997-06-08,22.0500
1997-06-09,22.0885
1997-06-10,22.1260
1997-06-11,22.1489
1997-06-12,22.1485
1997-06-13,22.1778
1997-06-14,22.2050
1997-06-15,22.2129
1997-06-16,22.2412
1997-06-17,22.2575
1997-06-18,22.2909
1997-06-19,22.3375
1997-06-20,22.3883
1997-06-21,22.4594
1997-06-22,22.5115
1997-06-23,22.6011
1997-06-24,22.6778
1997-06-25,22.7219
1997-06-26,22.7690
1997-06-27,22.8161
1997-06-28,22.8826
1997-06-29,22.9126
1997-06-30,22.9351
1997-07-01,22.9828
1997-07-02,23.0184
1997-07-03,23.0396
1997-07-04,23.0720
1997-07-05,23.1422
1997-07-06,23.2356
1997-07-07,23.2893
1997-07-08,23.3406
1997-07-09,23.3530
1997-07-10,23.3964
1997-07-11,23.4565
1997-07-12,23.5234
1997-07-13,23.6118
1997-07-14,23.6846
1997-07-15,23.7090
1997-07-16,23.7378
1997-07-17,23.7825
1997-07-18,23.8226
1997-07-19,23.8734
1997-07-20,23.9037
1997-07-21,23.9493
1997-07-22,23.9988
1997-07-23,24.0425
1997-07-24,24.0727
1997-07-25,24.0904
1997-07-26,24.1161
1997-07-27,24.1592
1997-07-28,24.1799
1997-07-29,24.1990
1997-07-30,24.2312
1997-07-31,24.2444
1997-08-01,24.2643
1997-08-02,24.3257
1997-08-03,24.4011
1997-08-04,24.4479
1997-08-05,24.4665
1997-08-06,24.4624
1997-08-07,24.4585
1997-08-08,24.4438
1997-08-09,24.4393
1997-08-10,24.4518
1997-08-11,24.4654
1997-08-12,24.4612
1997-08-13,24.4543
1997-08-14,24.4332
1997-08-15,24.4337
1997-08-16,24.4514
1997-08-17,24.4574
1997-08-18,24.4649
1997-08-19,24.4659
1997-08-20,24.4573
1997-08-21,24.4619
1997-08-22,24.4693
1997-08-23,24.4597
1997-08-24,24.4541
1997-08-25,24.4926
1997-08-26,24.5212
1997-08-27,24.5413
1997-08-28,24.5628
1997-08-29,24.6226
1997-08-30,24.6974
1997-08-31,24.7394
1997-09-01,24.7354
1997-09-02,24.7475
1997-09-03,24.7663
1997-09-04,24.7664
1997-09-05,24.7674
1997-09-06,24.7682
1997-09-07,24.7377
1997-09-08,24.7169
1997-09-09,24.7091
1997-09-10,24.6748
1997-09-11,24.6558
1997-09-12,24.6238
1997-09-13,24.5616
1997-09-14,24.5279
1997-09-15,24.5039
1997-09-16,24.4493
1997-09-17,24.3732
1997-09-18,24.3341
1997-09-19,24.3386
1997-09-20,24.3106
1997-09-21,24.2395
1997-09-22,24.1582
1997-09-23,24.0944
1997-09-24,24.0832
1997-09-25,24.1007
1997-09-26,24.1181
1997-09-27,24.0774
1997-09-28,24.0241
1997-09-29,24.0123
1997-09-30,23.9919
1997-10-01,23.9398
1997-10-02,23.8993
1997-10-03,23.8794
1997-10-04,23.8663
1997-10-05,23.8369
1997-10-06,23.7931
1997-10-07,23.7508
1997-10-08,23.7056
1997-10-09,23.6684
1997-10-10,23.6676
1997-10-11,23.6760
1997-10-12,23.6620
1997-10-13,23.6367
1997-10-14,23.6241
1997-10-15,23.6249
1997-10-16,23.6125
1997-10-17,23.5897
1997-10-18,23.5363
1997-10-19,23.4877
1997-10-20,23.4370
1997-10-21,23.4038
1997-10-22,23.3755
1997-10-23,23.3566
1997-10-24,23.3515
1997-10-25,23.3090
1997-10-26,23.2495
1997-10-27,23.1851
1997-10-28,23.0963
1997-10-29,23.0166
1997-10-30,22.9689
1997-10-31,22.9566
1997-11-01,22.9373
1997-11-02,22.9137
1997-11-03,22.8633
1997-11-04,22.8224
1997-11-05,22.7645
1997-11-06,22.7224
1997-11-07,22.6864
1997-11-08,22.6438
1997-11-09,22.6194
1997-11-10,22.6004
1997-11-11,22.5867
1997-11-12,22.5827
1997-11-13,22.5628
1997-11-14,22.5534
1997-11-15,22.5214
1997-11-16,22.4658
1997-11-17,22.4009
1997-11-18,22.3336
1997-11-19,22.3032
1997-11-20,22.2649
1997-11-21,22.2217
1997-11-22,22.1853
1997-11-23,22.1556
1997-11-24,22.1249
1997-11-25,22.0983
1997-11-26,22.0378
1997-11-27,21.9704
1997-11-28,21.9371
1997-11-29,21.8751
1997-11-30,21.7999
1997-12-01,21.7383
1997-12-02,21.6775
1997-12-03,21.6150
1997-12-04,21.5459
1997-12-05,21.5095
1997-12-06,21.4540
1997-12-07,21.4120
1997-12-08,21.3958
1997-12-09,21.3615
1997-12-10,21.3188
1997-12-11,21.2920
1997-12-12,21.2582
1997-12-13,21.2119
1997-12-14,21.1722
1997-12-15,21.1281
1997-12-16,21.0907
1997-12-17,21.0466
1997-12-18,21.0271
1997-12-19,21.0216
1997-12-20,20.9641
1997-12-21,20.8908
1997-12-22,20.8655
1997-12-23,20.8371
1997-12-24,20.8207
1997-12-25,20.8042
1997-12-26,20.7781
1997-12-27,20.7393
1997-12-28,20.7134
1997-12-29,20.6980
1997-12-30,20.6618
1997-12-31,20.6187
1998-01-01,20.5850
1998-01-02,20.5451
1998-01-03,20.5192
1998-01-04,20.4758
1998-01-05,20.4140
1998-01-06,20.3176
1998-01-07,20.2678
1998-01-08,20.2634
1998-01-09,20.2576
1998-01-10,20.2245
1998-01-11,20.1836
1998-01-12,20.1521
1998-01-13,20.1381
1998-01-14,20.1236
1998-01-15,20.1148
1998-01-16,20.0976
1998-01-17,20.0825
1998-01-18,20.0460
1998-01-19,20.0194
1998-01-20,19.9844
1998-01-21,19.9747
1998-01-22,19.9896
1998-01-23,20.0010
1998-01-24,20.0021
1998-01-25,19.9822
1998-01-26,19.9607
1998-01-27,19.9415
1998-01-28,19.9256
1998-01-29,19.8962
1998-01-30,19.8700
1998-01-31,19.8523
1998-02-01,19.8247
1998-02-02,19.8015
1998-02-03,19.8117
1998-02-04,19.8131
1998-02-05,19.8066
1998-02-06,19.7962
1998-02-07,19.7960
1998-02-08,19.7820
1998-02-09,19.7573
1998-02-10,19.7334
1998-02-11,19.7117
1998-02-12,19.7075
1998-02-13,19.6984
1998-02-14,19.6809
1998-02-15,19.6495
1998-02-16,19.6355
1998-02-17,19.6523
1998-02-18,19.6555
1998-02-19,19.6450
1998-02-20,19.6312
1998-02-21,19.6134
1998-02-22,19.6091
1998-02-23,19.6261
1998-02-24,19.6323
1998-02-25,19.6146
1998-02-26,19.5929
1998-02-27,19.5943
1998-02-28,19.5773
1998-03-01,19.6127
1998-03-02,19.6575
1998-03-03,19.6789
1998-03-04,19.6718
1998-03-05,19.6398
1998-03-06,19.6275
1998-03-07,19.6275
1998-03-08,19.6379
1998-03-09,19.6543
1998-03-10,19.6737
1998-03-11,19.7069
1998-03-12,19.7183
1998-03-13,19.7238
1998-03-14,19.7252
1998-03-15,19.7185
1998-03-16,19.7128
1998-03-17,19.7416
1998-03-18,19.7676
1998-03-19,19.7759
1998-03-20,19.7479
1998-03-21,19.7217
1998-03-22,19.7347
1998-03-23,19.7276
1998-03-24,19.6981
1998-03-25,19.6853
1998-03-26,19.6926
1998-03-27,19.7096
1998-03-28,19.7108
1998-03-29,19.7188
1998-03-30,19.7440
1998-03-31,19.7642
1998-04-01,19.8093
1998-04-02,19.8381
1998-04-03,19.8311
1998-04-04,19.8295
1998-04-05,19.8602
1998-04-06,19.8923
1998-04-07,19.9357
1998-04-08,19.9577
1998-04-09,20.0023
1998-04-10,20.0359
1998-04-11,20.0438
1998-04-12,20.0264
1998-04-13,20.0179
1998-04-14,20.0177
1998-04-15,20.0154
1998-04-16,20.0444
1998-04-17,20.0712
1998-04-18,20.1149
1998-04-19,20.1717
1998-04-20,20.2218
1998-04-21,20.2614
1998-04-22,20.2847
1998-04-23,20.2642
1998-04-24,20.2464
1998-04-25,20.2832
1998-04-26,20.3266
1998-04-27,20.3733
1998-04-28,20.4139
1998-04-29,20.4481
1998-04-30,20.5057
1998-05-01,20.5329
1998-05-02,20.5578
1998-05-03,20.5944
1998-05-04,20.6072
1998-05-05,20.6064
1998-05-06,20.6255
1998-05-07,20.6719
1998-05-08,20.6914
1998-05-09,20.7550
1998-05-10,20.8134
1998-05-11,20.8473
1998-05-12,20.8683
1998-05-13,20.8982
1998-05-14,20.9160
1998-05-15,20.9537
1998-05-16,21.0030
1998-05-17,21.0221
1998-05-18,21.0366
1998-05-19,21.0746
1998-05-20,21.1089
1998-05-21,21.1623
1998-05-22,21.1863
1998-05-23,21.2186
1998-05-24,21.2657
1998-05-25,21.3099
1998-05-26,21.3514
1998-05-27,21.3709
1998-05-28,21.3998
1998-05-29,21.4182
1998-05-30,21.4491
1998-05-31,21.4958
1998-06-01,21.5444
1998-06-02,21.5593
1998-06-03,21.5735
1998-06-04,21.6093
1998-06-05,21.6481
1998-06-06,21.6637
1998-06-07,21.6998
1998-06-08,21.7417
1998-06-09,21.7928
1998-06-10,21.8393
1998-06-11,21.8798
1998-06-12,21.9343
1998-06-13,21.9672
1998-06-14,22.0172
1998-06-15,22.0729
1998-06-16,22.1373
1998-06-17,22.1852
1998-06-18,22.2049
1998-06-19,22.2276
1998-06-20,22.2404
1998-06-21,22.2924
1998-06-22,22.3426
1998-06-23,22.3669
1998-06-24,22.3551
1998-06-25,22.3801
1998-06-26,22.4167
1998-06-27,22.4937
1998-06-28,22.5882
1998-06-29,22.6668
1998-06-30,22.7482
1998-07-01,22.8244
1998-07-02,22.8671
1998-07-03,22.9237
1998-07-04,23.0066
1998-07-05,23.0979
1998-07-06,23.1747
1998-07-07,23.2221
1998-07-08,23.2375
1998-07-09,23.2454
1998-07-10,23.2554
1998-07-11,23.2748
1998-07-12,23.3068
1998-07-13,23.3422
1998-07-14,23.3620
1998-07-15,23.3658
1998-07-16,23.3928
1998-07-17,23.4322
1998-07-18,23.4793
1998-07-19,23.5396
1998-07-20,23.5929
1998-07-21,23.6383
1998-07-22,23.6637
1998-07-23,23.6658
1998-07-24,23.6756
1998-07-25,23.7039
1998-07-26,23.7679
1998-07-27,23.8364
1998-07-28,23.8727
1998-07-29,23.9037
1998-07-30,23.9259
1998-07-31,23.9421
1998-08-01,23.9818
1998-08-02,24.0204
1998-08-03,24.0538
1998-08-04,24.0739
1998-08-05,24.1009
1998-08-06,24.1305
1998-08-07,24.1432
1998-08-08,24.1675
1998-08-09,24.2098
1998-08-10,24.2677
1998-08-11,24.3264
1998-08-12,24.3750
1998-08-13,24.3966
1998-08-14,24.3872
1998-08-15,24.4034
1998-08-16,24.4408
1998-08-17,24.5005
1998-08-18,24.4988
1998-08-19,24.5003
1998-08-20,24.4952
1998-08-21,24.5050
1998-08-22,24.5473
1998-08-23,24.5674
1998-08-24,24.5691
1998-08-25,24.5764
1998-08-26,24.5718
1998-08-27,24.5887
1998-08-28,24.5766
1998-08-29,24.5613
1998-08-30,24.5292
1998-08-31,24.4977
1998-09-01,24.4785
1998-09-02,24.4665
1998-09-03,24.4806
1998-09-04,24.4896
1998-09-05,24.4888
1998-09-06,24.4791
1998-09-07,24.4570
1998-09-08,24.4336
1998-09-09,24.3914
1998-09-10,24.3497
1998-09-11,24.3130
1998-09-12,24.2733
1998-09-13,24.2225
1998-09-14,24.1881
1998-09-15,24.1538
1998-09-16,24.1338
1998-09-17,24.0837
1998-09-18,24.0488
1998-09-19,24.0014
1998-09-20,23.9629
1998-09-21,23.9498
1998-09-22,23.9361
1998-09-23,23.9199
1998-09-24,23.8993
1998-09-25,23.8791
1998-09-26,23.8619
1998-09-27,23.8400
1998-09-28,23.8173
1998-09-29,23.7987
1998-09-30,23.7580
1998-10-01,23.7252
1998-10-02,23.6979
1998-10-03,23.6703
1998-10-04,23.6427
1998-10-05,23.6158
1998-10-06,23.6225
1998-10-07,23.6321
1998-10-08,23.6092
1998-10-09,23.5789
1998-10-10,23.5237
1998-10-11,23.4784
1998-10-12,23.4409
1998-10-13,23.4025
1998-10-14,23.3645
1998-10-15,23.3244
1998-10-16,23.2574
1998-10-17,23.1781
1998-10-18,23.1085
1998-10-19,23.0884
1998-10-20,23.0722
1998-10-21,23.0324
1998-10-22,23.0283
1998-10-23,23.0082
1998-10-24,22.9637
1998-10-25,22.8879
1998-10-26,22.8319
1998-10-27,22.8056
1998-10-28,22.7624
1998-10-29,22.7495
1998-10-30,22.7554
1998-10-31,22.7216
1998-11-01,22.6729
1998-11-02,22.6461
1998-11-03,22.6114
1998-11-04,22.5959
1998-11-05,22.5782
1998-11-06,22.5494
1998-11-07,22.4826
1998-11-08,22.4269
1998-11-09,22.3627
1998-11-10,22.2975
1998-11-11,22.2308
1998-11-12,22.1730
1998-11-13,22.1246
1998-11-14,22.0782
1998-11-15,22.0304
1998-11-16,21.9868
1998-11-17,21.9541
1998-11-18,21.9237
1998-11-19,21.9023
1998-11-20,21.8906
1998-11-21,21.8654
1998-11-22,21.8062
1998-11-23,21.7415
1998-11-24,21.6934
1998-11-25,21.6541
1998-11-26,21.6316
1998-11-27,21.5777
1998-11-28,21.4873
1998-11-29,21.4179
1998-11-30,21.3727
1998-12-01,21.3067
1998-12-02,21.2263
1998-12-03,21.1867
1998-12-04,21.1286
1998-12-05,21.0706
1998-12-06,21.0245
1998-12-07,20.9668
1998-12-08,20.9205
1998-12-09,20.8759
1998-12-10,20.8399
1998-12-11,20.8077
1998-12-12,20.7510
1998-12-13,20.6976
1998-12-14,20.6638
1998-12-15,20.6551
1998-12-16,20.6617
1998-12-17,20.6852
1998-12-18,20.6861
1998-12-19,20.6871
1998-12-20,20.6632
1998-12-21,20.6429
1998-12-22,20.5947
1998-12-23,20.5594
1998-12-24,20.5238
1998-12-25,20.4912
1998-12-26,20.4500
1998-12-27,20.3906
1998-12-28,20.3518
1998-12-29,20.3275
1998-12-30,20.2943
1998-12-31,20.2736
1999-01-01,20.2363
1999-01-02,20.2010
1999-01-03,20.1810
1999-01-04,20.1674
1999-01-05,20.1468
1999-01-06,20.0852
1999-01-07,20.0423
1999-01-08,20.0235
1999-01-09,20.0170
1999-01-10,20.0057
1999-01-11,20.0033
1999-01-12,19.9890
1999-01-13,19.9707
1999-01-14,19.9742
1999-01-15,19.9842
1999-01-16,19.9466
1999-01-17,19.9094
1999-01-18,19.8685
1999-01-19,19.8284
1999-01-20,19.7736
1999-01-21,19.7258
1999-01-22,19.7101
1999-01-23,19.6952
1999-01-24,19.6754
1999-01-25,19.6573
1999-01-26,19.6416
1999-01-27,19.6298
1999-01-28,19.6343
1999-01-29,19.6427
1999-01-30,19.6430
1999-01-31,19.6516
1999-02-01,19.6420
1999-02-02,19.6428
1999-02-03,19.6604
1999-02-04,19.6649
1999-02-05,19.6368
1999-02-06,19.6048
1999-02-07,19.5727
1999-02-08,19.5663
1999-02-09,19.5521
1999-02-10,19.5182
1999-02-11,19.5087
1999-02-12,19.5115
1999-02-13,19.5153
1999-02-14,19.5453
1999-02-15,19.5713
1999-02-16,19.5819
1999-02-17,19.5541
1999-02-18,19.5254
1999-02-19,19.5005
1999-02-20,19.4961
1999-02-21,19.4811
1999-02-22,19.4676
1999-02-23,19.4565
1999-02-24,19.4290
1999-02-25,19.3889
1999-02-26,19.3672
1999-02-27,19.3530
1999-02-28,19.3475
1999-03-01,19.3992
1999-03-02,19.4217
1999-03-03,19.4333
1999-03-04,19.4470
1999-03-05,19.4495
1999-03-06,19.4446
1999-03-07,19.4579
1999-03-08,19.4557
1999-03-09,19.4448
1999-03-10,19.4489
1999-03-11,19.4497
1999-03-12,19.4719
1999-03-13,19.4934
1999-03-14,19.5237
1999-03-15,19.5118
1999-03-16,19.4999
1999-03-17,19.5212
1999-03-18,19.5593
1999-03-19,19.5788
1999-03-20,19.5857
1999-03-21,19.5779
1999-03-22,19.5849
1999-03-23,19.5696
1999-03-24,19.5636
1999-03-25,19.5646
1999-03-26,19.5629
1999-03-27,19.5675
1999-03-28,19.6070
1999-03-29,19.6342
1999-03-30,19.6446
1999-03-31,19.6280
1999-04-01,19.6093
1999-04-02,19.6042
1999-04-03,19.5702
1999-04-04,19.5776
1999-04-05,19.6126
1999-04-06,19.6307
1999-04-07,19.6560
1999-04-08,19.6925
1999-04-09,19.7141
1999-04-10,19.7231
1999-04-11,19.7222
1999-04-12,19.7224
1999-04-13,19.7357
1999-04-14,19.7657
1999-04-15,19.7897
1999-04-16,19.8415
1999-04-17,19.8753
1999-04-18,19.9370
1999-04-19,19.9735
1999-04-20,20.0282
1999-04-21,20.0700
1999-04-22,20.1000
1999-04-23,20.1040
1999-04-24,20.1128
1999-04-25,20.1280
1999-04-26,20.1073
1999-04-27,20.1060
1999-04-28,20.1103
1999-04-29,20.1367
1999-04-30,20.1507
1999-05-01,20.1787
1999-05-02,20.2296
1999-05-03,20.2721
1999-05-04,20.3201
1999-05-05,20.3648
1999-05-06,20.4155
1999-05-07,20.4452
1999-05-08,20.4572
1999-05-09,20.4719
1999-05-10,20.5121
1999-05-11,20.5298
1999-05-12,20.5576
1999-05-13,20.6020
1999-05-14,20.6460
1999-05-15,20.6971
1999-05-16,20.7355
1999-05-17,20.7608
1999-05-18,20.7952
1999-05-19,20.8620
1999-05-20,20.9179
1999-05-21,20.9674
1999-05-22,21.0144
1999-05-23,21.0534
1999-05-24,21.0816
1999-05-25,21.1003
1999-05-26,21.1174
1999-05-27,21.1515
1999-05-28,21.1706
1999-05-29,21.2102
1999-05-30,21.2547
1999-05-31,21.2829
1999-06-01,21.2930
1999-06-02,21.2992
1999-06-03,21.3199
1999-06-04,21.3608
1999-06-05,21.3945
1999-06-06,21.4387
1999-06-07,21.4971
1999-06-08,21.5600
1999-06-09,21.5884
1999-06-10,21.6229
1999-06-11,21.6752
1999-06-12,21.7288
1999-06-13,21.7814
1999-06-14,21.8407
1999-06-15,21.8907
1999-06-16,21.8967
1999-06-17,21.9381
1999-06-18,21.9611
1999-06-19,21.9751
1999-06-20,22.0201
1999-06-21,22.0583
1999-06-22,22.1042
1999-06-23,22.1399
1999-06-24,22.1984
1999-06-25,22.2204
1999-06-26,22.2735
1999-06-27,22.3131
1999-06-28,22.3614
1999-06-29,22.4481
1999-06-30,22.5070
1999-07-01,22.5424
1999-07-02,22.5714
1999-07-03,22.5979
1999-07-04,22.6357
1999-07-05,22.6706
1999-07-06,22.6991
1999-07-07,22.7428
1999-07-08,22.7871
1999-07-09,22.7915
1999-07-10,22.8262
1999-07-11,22.8833
1999-07-12,22.9152
1999-07-13,22.9539
1999-07-14,22.9885
1999-07-15,23.0221
1999-07-16,23.0510
1999-07-17,23.0886
1999-07-18,23.1448
1999-07-19,23.1722
1999-07-20,23.2133
1999-07-21,23.2587
1999-07-22,23.2787
1999-07-23,23.2843
1999-07-24,23.3049
1999-07-25,23.3532
1999-07-26,23.3924
1999-07-27,23.4353
1999-07-28,23.4578
1999-07-29,23.4809
1999-07-30,23.5252
1999-07-31,23.5813
1999-08-01,23.6248
1999-08-02,23.6399
1999-08-03,23.6261
1999-08-04,23.6323
1999-08-05,23.6463
1999-08-06,23.6475
1999-08-07,23.6823
1999-08-08,23.7400
1999-08-09,23.7887
1999-08-10,23.8373
1999-08-11,23.8597
1999-08-12,23.8758
1999-08-13,23.8723
1999-08-14,23.8987
1999-08-15,23.9273
1999-08-16,23.9470
1999-08-17,23.9602
1999-08-18,23.9625
1999-08-19,23.9742
1999-08-20,23.9977
1999-08-21,24.0098
1999-08-22,24.0365
1999-08-23,24.0610
1999-08-24,24.0635
1999-08-25,24.0702
1999-08-26,24.0710
1999-08-27,24.0626
1999-08-28,24.0354
1999-08-29,24.0281
1999-08-30,24.0168
1999-08-31,24.0263
1999-09-01,24.0195
1999-09-02,24.0377
1999-09-03,24.0435
1999-09-04,24.0506
1999-09-05,24.0535
1999-09-06,24.0598
1999-09-07,24.0603
1999-09-08,24.0766
1999-09-09,24.0897
1999-09-10,24.0804
1999-09-11,24.0926
1999-09-12,24.0675
1999-09-13,24.0599
1999-09-14,24.0416
1999-09-15,23.9968
1999-09-16,23.9564
1999-09-17,23.9268
1999-09-18,23.9078
1999-09-19,23.8993
1999-09-20,23.8872
1999-09-21,23.8539
1999-09-22,23.8217
1999-09-23,23.8121
1999-09-24,23.7975
1999-09-25,23.7882
1999-09-26,23.7679
1999-09-27,23.7453
1999-09-28,23.7232
1999-09-29,23.6882
1999-09-30,23.6568
1999-10-01,23.6301
1999-10-02,23.6012
1999-10-03,23.5765
1999-10-04,23.5520
1999-10-05,23.5134
1999-10-06,23.4718
1999-10-07,23.4503
1999-10-08,23.4348
1999-10-09,23.3975
1999-10-10,23.3498
1999-10-11,23.3350
1999-10-12,23.3469
1999-10-13,23.3589
1999-10-14,23.3454
1999-10-15,23.3085
1999-10-16,23.2632
1999-10-17,23.1940
1999-10-18,23.1194
1999-10-19,23.0502
1999-10-20,23.0227
1999-10-21,23.0049
1999-10-22,22.9924
1999-10-23,22.9609
1999-10-24,22.9346
1999-10-25,22.9007
1999-10-26,22.8739
1999-10-27,22.8318
1999-10-28,22.7999
1999-10-29,22.7509
1999-10-30,22.6901
1999-10-31,22.6179
1999-11-01,22.5596
1999-11-02,22.5136
1999-11-03,22.4855
1999-11-04,22.4459
1999-11-05,22.3985
1999-11-06,22.3223
1999-11-07,22.2748
1999-11-08,22.2604
1999-11-09,22.2382
1999-11-10,22.2021
1999-11-11,22.1717
1999-11-12,22.1411
1999-11-13,22.0864
1999-11-14,22.0463
1999-11-15,21.9868
1999-11-16,21.9164
1999-11-17,21.8420
1999-11-18,21.7997
1999-11-19,21.7823
1999-11-20,21.7693
1999-11-21,21.7441
1999-11-22,21.6971
1999-11-23,21.6703
1999-11-24,21.6462
1999-11-25,21.6014
1999-11-26,21.5263
1999-11-27,21.4510
1999-11-28,21.3799
1999-11-29,21.3234
1999-11-30,21.2871
1999-12-01,21.2772
1999-12-02,21.2681
1999-12-03,21.2432
1999-12-04,21.2068
1999-12-05,21.1590
1999-12-06,21.1353
1999-12-07,21.0963
1999-12-08,21.0291
1999-12-09,20.9673
1999-12-10,20.9227
1999-12-11,20.8664
1999-12-12,20.8105
1999-12-13,20.7624
1999-12-14,20.7390
1999-12-15,20.6900
1999-12-16,20.6542
1999-12-17,20.6277
1999-12-18,20.5886
1999-12-19,20.5354
1999-12-20,20.5005
1999-12-21,20.4853
1999-12-22,20.4747
1999-12-23,20.4634
1999-12-24,20.4449
1999-12-25,20.4287
1999-12-26,20.3972
1999-12-27,20.3377
1999-12-28,20.3097
1999-12-29,20.2770
1999-12-30,20.2533
1999-12-31,20.2423
2000-01-01,20.2121
2000-01-02,20.1716
2000-01-03,20.1774
2000-01-04,20.1657
2000-01-05,20.1489
2000-01-06,20.1297
2000-01-07,20.0883
2000-01-08,20.0361
2000-01-09,19.9996
2000-01-10,19.9550
2000-01-11,19.9262
2000-01-12,19.9141
2000-01-13,19.9248
2000-01-14,19.9214
2000-01-15,19.9032
2000-01-16,19.8851
2000-01-17,19.8822
2000-01-18,19.8676
2000-01-19,19.8453
2000-01-20,19.8335
2000-01-21,19.8320
2000-01-22,19.8185
2000-01-23,19.7675
2000-01-24,19.7239
2000-01-25,19.7148
2000-01-26,19.6883
2000-01-27,19.6499
2000-01-28,19.6034
2000-01-29,19.5581
2000-01-30,19.5626
2000-01-31,19.5528
2000-02-01,19.5422
2000-02-02,19.5559
2000-02-03,19.5756
2000-02-04,19.5847
2000-02-05,19.5877
2000-02-06,19.5793
2000-02-07,19.5760
2000-02-08,19.5622
2000-02-09,19.5588
2000-02-10,19.5320
2000-02-11,19.5298
2000-02-12,19.5358
2000-02-13,19.5272
2000-02-14,19.5161
2000-02-15,19.4984
2000-02-16,19.4864
2000-02-17,19.4628
2000-02-18,19.4710
2000-02-19,19.4607
2000-02-20,19.4293
2000-02-21,19.4045
2000-02-22,19.3898
2000-02-23,19.3715
2000-02-24,19.3745
2000-02-25,19.3697
2000-02-26,19.3722
2000-02-27,19.3838
2000-02-28,19.3786
2000-02-29,19.3645
2000-03-01,19.3685
2000-03-02,19.3761
2000-03-03,19.3782
2000-03-04,19.4043
2000-03-05,19.4337
2000-03-06,19.4343
2000-03-07,19.4288
2000-03-08,19.4158
2000-03-09,19.4027
2000-03-10,19.3937
2000-03-11,19.3969
2000-03-12,19.4124
2000-03-13,19.4154
2000-03-14,19.4144
2000-03-15,19.4032
2000-03-16,19.4055
2000-03-17,19.4234
2000-03-18,19.4517
2000-03-19,19.4613
2000-03-20,19.4686
2000-03-21,19.5068
2000-03-22,19.5237
2000-03-23,19.4837
2000-03-24,19.4555
2000-03-25,19.4695
2000-03-26,19.4926
2000-03-27,19.5047
2000-03-28,19.5063
2000-03-29,19.4924
2000-03-30,19.5156
2000-03-31,19.5497
2000-04-01,19.5662
2000-04-02,19.6013
2000-04-03,19.6275
2000-04-04,19.6691
2000-04-05,19.6667
2000-04-06,19.6631
2000-04-07,19.6736
2000-04-08,19.6941
2000-04-09,19.7440
2000-04-10,19.7733
2000-04-11,19.8154
2000-04-12,19.8786
2000-04-13,19.9187
2000-04-14,19.9234
2000-04-15,19.9279
2000-04-16,19.9669
2000-04-17,19.9664
2000-04-18,19.9607
2000-04-19,19.9723
2000-04-20,19.9837
2000-04-21,20.0076
2000-04-22,20.0337
2000-04-23,20.0708
2000-04-24,20.1186
2000-04-25,20.1658
2000-04-26,20.1705
2000-04-27,20.1774
2000-04-28,20.2201
2000-04-29,20.2507
2000-04-30,20.2714
2000-05-01,20.3103
2000-05-02,20.3592
2000-05-03,20.4080
2000-05-04,20.4518
2000-05-05,20.5212
2000-05-06,20.5691
2000-05-07,20.6105
2000-05-08,20.6343
2000-05-09,20.6415
2000-05-10,20.6215
2000-05-11,20.6222
2000-05-12,20.6650
2000-05-13,20.6711
2000-05-14,20.7100
2000-05-15,20.7357
2000-05-16,20.7706
2000-05-17,20.8093
2000-05-18,20.8489
2000-05-19,20.8548
2000-05-20,20.8919
2000-05-21,20.9352
2000-05-22,21.0005
2000-05-23,21.0319
2000-05-24,21.0577
2000-05-25,21.0947
2000-05-26,21.1340
2000-05-27,21.1864
2000-05-28,21.2401
2000-05-29,21.2839
2000-05-30,21.3297
2000-05-31,21.3505
2000-06-01,21.3454
2000-06-02,21.3670
2000-06-03,21.4365
2000-06-04,21.5150
2000-06-05,21.6050
2000-06-06,21.6626
2000-06-07,21.6922
2000-06-08,21.7222
2000-06-09,21.7776
2000-06-10,21.8567
2000-06-11,21.9048
2000-06-12,21.9506
2000-06-13,22.0105
2000-06-14,22.0509
2000-06-15,22.0894
2000-06-16,22.1292
2000-06-17,22.1969
2000-06-18,22.2576
2000-06-19,22.2933
2000-06-20,22.3139
2000-06-21,22.3321
2000-06-22,22.3329
2000-06-23,22.3609
2000-06-24,22.4152
2000-06-25,22.5186
2000-06-26,22.5895
2000-06-27,22.6019
2000-06-28,22.6022
2000-06-29,22.6264
2000-06-30,22.6814
2000-07-01,22.7478
2000-07-02,22.8430
2000-07-03,22.9183
2000-07-04,22.9462
2000-07-05,22.9529
2000-07-06,22.9345
2000-07-07,22.9265
2000-07-08,22.9238
2000-07-09,22.9601
2000-07-10,22.9887
2000-07-11,23.0736
2000-07-12,23.1357
2000-07-13,23.1629
2000-07-14,23.1839
2000-07-15,23.2635
2000-07-16,23.3787
2000-07-17,23.4327
2000-07-18,23.4587
2000-07-19,23.4615
2000-07-20,23.4747
2000-07-21,23.5167
2000-07-22,23.5904
2000-07-23,23.6850
2000-07-24,23.7887
2000-07-25,23.8332
2000-07-26,23.8421
2000-07-27,23.8420
2000-07-28,23.8753
2000-07-29,23.9145
2000-07-30,23.9930
2000-07-31,24.0724
2000-08-01,24.1301
2000-08-02,24.1720
2000-08-03,24.1374
2000-08-04,24.0987
2000-08-05,24.1456
2000-08-06,24.2088
2000-08-07,24.2608
2000-08-08,24.2853
2000-08-09,24.2857
2000-08-10,24.2737
2000-08-11,24.2736
2000-08-12,24.3063
2000-08-13,24.3803
2000-08-14,24.4507
2000-08-15,24.4833
2000-08-16,24.4847
2000-08-17,24.4552
2000-08-18,24.4453
2000-08-19,24.4222
2000-08-20,24.3910
2000-08-21,24.3756
2000-08-22,24.3722
2000-08-23,24.3594
2000-08-24,24.3747
2000-08-25,24.3983
2000-08-26,24.4234
2000-08-27,24.4470
2000-08-28,24.4521
2000-08-29,24.4554
2000-08-30,24.4644
2000-08-31,24.4650
2000-09-01,24.4749
2000-09-02,24.4831
2000-09-03,24.4958
2000-09-04,24.4816
2000-09-05,24.4797
2000-09-06,24.4844
2000-09-07,24.4692
2000-09-08,24.4617
2000-09-09,24.4106
2000-09-10,24.3626
2000-09-11,24.3301
2000-09-12,24.3062
2000-09-13,24.3060
2000-09-14,24.2889
2000-09-15,24.2852
2000-09-16,24.2633
2000-09-17,24.2354
2000-09-18,24.2123
2000-09-19,24.1900
2000-09-20,24.1641
2000-09-21,24.2011
2000-09-22,24.2291
2000-09-23,24.1859
2000-09-24,24.1242
2000-09-25,24.1203
2000-09-26,24.1201
2000-09-27,24.1091
2000-09-28,24.0741
2000-09-29,24.0324
2000-09-30,24.0094
2000-10-01,23.9790
2000-10-02,23.9576
2000-10-03,23.9240
2000-10-04,23.9113
2000-10-05,23.8817
2000-10-06,23.8522
2000-10-07,23.8251
2000-10-08,23.7723
2000-10-09,23.7099
2000-10-10,23.6662
2000-10-11,23.6200
2000-10-12,23.5806
2000-10-13,23.5319
2000-10-14,23.5142
2000-10-15,23.4697
2000-10-16,23.4294
2000-10-17,23.3870
2000-10-18,23.3216
2000-10-19,23.2546
2000-10-20,23.1814
2000-10-21,23.0783
2000-10-22,22.9978
2000-10-23,22.9691
2000-10-24,22.9364
2000-10-25,22.8775
2000-10-26,22.8377
2000-10-27,22.8095
2000-10-28,22.7768
2000-10-29,22.7322
2000-10-30,22.7035
2000-10-31,22.6679
2000-11-01,22.6252
2000-11-02,22.5672
2000-11-03,22.5577
2000-11-04,22.5474
2000-11-05,22.5067
2000-11-06,22.4813
2000-11-07,22.4653
2000-11-08,22.4321
2000-11-09,22.3917
2000-11-10,22.3488
2000-11-11,22.2915
2000-11-12,22.2588
2000-11-13,22.2057
2000-11-14,22.1577
2000-11-15,22.1302
2000-11-16,22.0967
2000-11-17,22.0392
2000-11-18,22.0038
2000-11-19,21.9388
2000-11-20,21.8930
2000-11-21,21.8572
2000-11-22,21.8149
2000-11-23,21.7765
2000-11-24,21.7458
2000-11-25,21.7116
2000-11-26,21.6645
2000-11-27,21.6198
2000-11-28,21.5707
2000-11-29,21.5355
2000-11-30,21.4896
2000-12-01,21.4516
2000-12-02,21.4086
2000-12-03,21.3521
2000-12-04,21.2979
2000-12-05,21.2667
2000-12-06,21.2578
2000-12-07,21.2369
2000-12-08,21.2056
2000-12-09,21.1772
2000-12-10,21.1129
2000-12-11,21.0420
2000-12-12,21.0064
2000-12-13,20.9687
2000-12-14,20.9289
2000-12-15,20.8935
2000-12-16,20.8359
2000-12-17,20.7905
2000-12-18,20.7538
2000-12-19,20.7325
2000-12-20,20.6880
2000-12-21,20.6311
2000-12-22,20.5789
2000-12-23,20.5441
2000-12-24,20.5198
2000-12-25,20.4911
2000-12-26,20.4671
2000-12-27,20.4383
2000-12-28,20.4256
2000-12-29,20.4271
2000-12-30,20.4131
2000-12-31,20.3856
2001-01-01,20.3435
2001-01-02,20.3047
2001-01-03,20.2885
2001-01-04,20.2782
2001-01-05,20.2823
2001-01-06,20.2854
2001-01-07,20.2804
2001-01-08,20.2555
2001-01-09,20.2072
2001-01-10,20.1580
2001-01-11,20.0924
2001-01-12,20.0492
2001-01-13,20.0070
2001-01-14,19.9745
2001-01-15,19.9507
2001-01-16,19.9213
2001-01-17,19.9341
2001-01-18,19.9274
2001-01-19,19.9049
2001-01-20,19.8846
2001-01-21,19.8792
2001-01-22,19.8645
2001-01-23,19.8325
2001-01-24,19.7894
2001-01-25,19.7721
2001-01-26,19.7503
2001-01-27,19.7353
2001-01-28,19.6992
2001-01-29,19.6619
2001-01-30,19.6382
2001-01-31,19.6303
2001-02-01,19.6199
2001-02-02,19.6094
2001-02-03,19.5795
2001-02-04,19.5625
2001-02-05,19.5475
2001-02-06,19.5316
2001-02-07,19.5122
2001-02-08,19.5034
2001-02-09,19.4922
2001-02-10,19.4866
2001-02-11,19.4769
2001-02-12,19.4594
2001-02-13,19.4407
2001-02-14,19.4340
2001-02-15,19.4587
2001-02-16,19.4779
2001-02-17,19.4788
2001-02-18,19.4793
2001-02-19,19.4992
2001-02-20,19.5279
2001-02-21,19.5466
2001-02-22,19.5478
2001-02-23,19.5649
2001-02-24,19.5766
2001-02-25,19.5911
2001-02-26,19.6098
2001-02-27,19.5919
2001-02-28,19.5821
2001-03-01,19.5556
2001-03-02,19.5484
2001-03-03,19.5105
2001-03-04,19.4473
2001-03-05,19.4370
2001-03-06,19.4547
2001-03-07,19.4747
2001-03-08,19.4932
2001-03-09,19.4914
2001-03-10,19.4867
2001-03-11,19.4795
2001-03-12,19.4512
2001-03-13,19.4457
2001-03-14,19.4367
2001-03-15,19.4317
2001-03-16,19.4371
2001-03-17,19.4772
2001-03-18,19.5413
2001-03-19,19.5970
2001-03-20,19.6319
2001-03-21,19.6509
2001-03-22,19.6655
2001-03-23,19.6655
2001-03-24,19.6712
2001-03-25,19.6919
2001-03-26,19.7175
2001-03-27,19.7103
2001-03-28,19.7104
2001-03-29,19.7059
2001-03-30,19.7355
2001-03-31,19.7481
2001-04-01,19.7861
2001-04-02,19.8232
2001-04-03,19.8371
2001-04-04,19.8396
2001-04-05,19.8431
2001-04-06,19.8619
2001-04-07,19.8739
2001-04-08,19.9054
2001-04-09,19.9369
2001-04-10,19.9508
2001-04-11,19.9308
2001-04-12,19.9319
2001-04-13,19.9589
2001-04-14,19.9635
2001-04-15,20.0024
2001-04-16,20.0661
2001-04-17,20.1132
2001-04-18,20.1690
2001-04-19,20.1864
2001-04-20,20.1819
2001-04-21,20.1914
2001-04-22,20.1873
2001-04-23,20.1748
2001-04-24,20.2029
2001-04-25,20.2598
2001-04-26,20.2998
2001-04-27,20.3211
2001-04-28,20.3534
2001-04-29,20.3988
2001-04-30,20.4126
2001-05-01,20.4147
2001-05-02,20.4187
2001-05-03,20.4641
2001-05-04,20.4977
2001-05-05,20.5126
2001-05-06,20.5787
2001-05-07,20.6326
2001-05-08,20.6693
2001-05-09,20.6999
2001-05-10,20.7570
2001-05-11,20.7902
2001-05-12,20.8152
2001-05-13,20.8685
2001-05-14,20.9104
2001-05-15,20.9461
2001-05-16,21.0171
2001-05-17,21.0628
2001-05-18,21.1005
2001-05-19,21.1608
2001-05-20,21.2000
2001-05-21,21.2178
2001-05-22,21.2481
2001-05-23,21.2662
2001-05-24,21.2930
2001-05-25,21.3065
2001-05-26,21.3579
2001-05-27,21.4110
2001-05-28,21.4639
2001-05-29,21.5107
2001-05-30,21.5528
2001-05-31,21.6111
2001-06-01,21.6470
2001-06-02,21.6855
2001-06-03,21.7560
2001-06-04,21.7959
2001-06-05,21.8196
2001-06-06,21.8734
2001-06-07,21.9430
2001-06-08,21.9695
2001-06-09,21.9909
2001-06-10,22.0205
2001-06-11,22.0532
2001-06-12,22.0703
2001-06-13,22.1007
2001-06-14,22.1369
2001-06-15,22.1930
2001-06-16,22.2529
2001-06-17,22.2980
2001-06-18,22.3237
2001-06-19,22.3428
2001-06-20,22.3739
2001-06-21,22.4472
2001-06-22,22.5022
2001-06-23,22.5777
2001-06-24,22.6569
2001-06-25,22.7102
2001-06-26,22.7728
2001-06-27,22.8409
2001-06-28,22.8937
2001-06-29,22.9121
2001-06-30,22.9333
2001-07-01,22.9995
2001-07-02,23.0695
2001-07-03,23.1179
2001-07-04,23.1580
2001-07-05,23.1662
2001-07-06,23.1643
2001-07-07,23.1970
2001-07-08,23.2621
2001-07-09,23.3050
2001-07-10,23.3580
2001-07-11,23.4214
2001-07-12,23.4594
2001-07-13,23.5384
2001-07-14,23.6365
2001-07-15,23.7062
2001-07-16,23.7475
2001-07-17,23.7607
2001-07-18,23.7777
2001-07-19,23.8036
2001-07-20,23.8272
2001-07-21,23.8660
2001-07-22,23.9171
2001-07-23,23.9653
2001-07-24,23.9946
2001-07-25,24.0213
2001-07-26,24.0391
2001-07-27,24.0254
2001-07-28,23.9883
2001-07-29,24.0005
2001-07-30,24.0292
2001-07-31,24.0499
2001-08-01,24.0656
2001-08-02,24.0748
2001-08-03,24.0897
2001-08-04,24.1349
2001-08-05,24.1743
2001-08-06,24.2129
2001-08-07,24.2262
2001-08-08,24.2522
2001-08-09,24.2891
2001-08-10,24.3293
2001-08-11,24.3640
2001-08-12,24.4143
2001-08-13,24.4205
2001-08-14,24.3982
2001-08-15,24.3937
2001-08-16,24.3924
2001-08-17,24.3727
2001-08-18,24.3583
2001-08-19,24.3411
2001-08-20,24.3544
2001-08-21,24.3797
2001-08-22,24.4024
2001-08-23,24.4265
2001-08-24,24.4482
2001-08-25,24.4285
2001-08-26,24.4027
2001-08-27,24.4091
2001-08-28,24.4271
2001-08-29,24.4479
2001-08-30,24.4282
2001-08-31,24.4253
2001-09-01,24.4452
2001-09-02,24.4365
2001-09-03,24.4341
2001-09-04,24.4404
2001-09-05,24.4296
2001-09-06,24.4160
2001-09-07,24.4010
2001-09-08,24.4078
2001-09-09,24.3918
2001-09-10,24.3835
2001-09-11,24.3687
2001-09-12,24.3341
2001-09-13,24.3328
2001-09-14,24.3374
2001-09-15,24.3130
2001-09-16,24.3099
2001-09-17,24.3172
2001-09-18,24.3167
2001-09-19,24.2836
2001-09-20,24.2649
2001-09-21,24.2457
2001-09-22,24.1961
2001-09-23,24.1233
2001-09-24,24.0761
2001-09-25,24.0591
2001-09-26,24.0722
2001-09-27,24.0766
2001-09-28,24.0509
2001-09-29,23.9747
2001-09-30,23.9205
2001-10-01,23.8818
2001-10-02,23.8450
2001-10-03,23.8185
2001-10-04,23.7905
2001-10-05,23.7544
2001-10-06,23.7180
2001-10-07,23.6678
2001-10-08,23.6145
2001-10-09,23.5670
2001-10-10,23.5275
2001-10-11,23.4746
2001-10-12,23.4402
2001-10-13,23.4336
2001-10-14,23.4264
2001-10-15,23.4111
2001-10-16,23.3927
2001-10-17,23.3580
2001-10-18,23.3205
2001-10-19,23.2948
2001-10-20,23.2769
2001-10-21,23.2387
2001-10-22,23.1601
2001-10-23,23.1136
2001-10-24,23.0620
2001-10-25,23.0324
2001-10-26,23.0470
2001-10-27,23.0275
2001-10-28,22.9858
2001-10-29,22.9468
2001-10-30,22.8775
2001-10-31,22.8189
2001-11-01,22.8070
2001-11-02,22.7969
2001-11-03,22.7791
2001-11-04,22.7367
2001-11-05,22.6979
2001-11-06,22.6554
2001-11-07,22.6073
2001-11-08,22.5760
2001-11-09,22.5445
2001-11-10,22.5003
2001-11-11,22.4426
2001-11-12,22.4052
2001-11-13,22.3637
2001-11-14,22.3171
2001-11-15,22.2900
2001-11-16,22.2486
2001-11-17,22.1814
2001-11-18,22.1062
2001-11-19,22.0364
2001-11-20,21.9963
2001-11-21,21.9412
2001-11-22,21.8892
2001-11-23,21.8530
2001-11-24,21.8143
2001-11-25,21.7720
2001-11-26,21.7363
2001-11-27,21.6891
2001-11-28,21.6348
2001-11-29,21.5889
2001-11-30,21.5209
2001-12-01,21.4743
2001-12-02,21.4217
2001-12-03,21.3617
2001-12-04,21.3168
2001-12-05,21.2884
2001-12-06,21.2629
2001-12-07,21.2477
2001-12-08,21.2100
2001-12-09,21.1684
2001-12-10,21.1235
2001-12-11,21.1041
2001-12-12,21.0863
2001-12-13,21.0512
2001-12-14,21.0107
2001-12-15,20.9541
2001-12-16,20.9034
2001-12-17,20.8689
2001-12-18,20.8465
2001-12-19,20.8222
2001-12-20,20.7946
2001-12-21,20.7541
2001-12-22,20.6838
2001-12-23,20.6240
2001-12-24,20.5647
2001-12-25,20.5003
2001-12-26,20.4363
2001-12-27,20.3817
2001-12-28,20.3912
2001-12-29,20.3940
2001-12-30,20.3783
2001-12-31,20.3601
2002-01-01,20.3588
2002-01-02,20.3438
2002-01-03,20.3290
2002-01-04,20.2861
2002-01-05,20.2384
2002-01-06,20.1825
2002-01-07,20.1319
2002-01-08,20.1000
2002-01-09,20.0689
2002-01-10,20.0574
2002-01-11,20.0404
2002-01-12,20.0409
2002-01-13,20.0355
2002-01-14,20.0363
2002-01-15,20.0061
2002-01-16,19.9802
2002-01-17,19.9468
2002-01-18,19.9391
2002-01-19,19.9336
2002-01-20,19.9045
2002-01-21,19.8748
2002-01-22,19.8343
2002-01-23,19.7894
2002-01-24,19.7310
2002-01-25,19.6862
2002-01-26,19.6546
2002-01-27,19.6432
2002-01-28,19.6246
2002-01-29,19.6219
2002-01-30,19.6240
2002-01-31,19.6428
2002-02-01,19.6532
2002-02-02,19.6704
2002-02-03,19.7056
2002-02-04,19.7278
2002-02-05,19.7226
2002-02-06,19.7371
2002-02-07,19.7388
2002-02-08,19.7242
2002-02-09,19.7220
2002-02-10,19.7001
2002-02-11,19.6726
2002-02-12,19.6639
2002-02-13,19.6479
2002-02-14,19.6389
2002-02-15,19.6210
2002-02-16,19.6003
2002-02-17,19.5567
2002-02-18,19.5042
2002-02-19,19.4817
2002-02-20,19.4576
2002-02-21,19.4672
2002-02-22,19.4714
2002-02-23,19.4837
2002-02-24,19.5121
2002-02-25,19.5315
2002-02-26,19.5523
2002-02-27,19.5294
2002-02-28,19.5216
2002-03-01,19.5209
2002-03-02,19.4963
2002-03-03,19.4978
2002-03-04,19.5235
2002-03-05,19.5490
2002-03-06,19.5588
2002-03-07,19.5519
2002-03-08,19.5573
2002-03-09,19.5865
2002-03-10,19.5837
2002-03-11,19.5762
2002-03-12,19.5988
2002-03-13,19.6022
2002-03-14,19.6482
2002-03-15,19.6754
2002-03-16,19.6968
2002-03-17,19.6845
2002-03-18,19.6927
2002-03-19,19.7164
2002-03-20,19.7521
2002-03-21,19.7636
2002-03-22,19.7412
2002-03-23,19.7266
2002-03-24,19.7346
2002-03-25,19.7620
2002-03-26,19.7855
2002-03-27,19.7931
2002-03-28,19.7992
2002-03-29,19.8186
2002-03-30,19.8681
2002-03-31,19.9066
2002-04-01,19.8883
2002-04-02,19.8909
2002-04-03,19.9186
2002-04-04,19.9342
2002-04-05,19.9513
2002-04-06,20.0060
2002-04-07,20.0916
2002-04-08,20.1866
2002-04-09,20.2259
2002-04-10,20.2485
2002-04-11,20.2651
2002-04-12,20.2694
2002-04-13,20.2611
2002-04-14,20.2665
2002-04-15,20.2669
2002-04-16,20.2562
2002-04-17,20.2575
2002-04-18,20.2706
2002-04-19,20.3024
2002-04-20,20.3543
2002-04-21,20.3974
2002-04-22,20.4309
2002-04-23,20.4517
2002-04-24,20.4994
2002-04-25,20.5347
2002-04-26,20.5420
2002-04-27,20.5562
2002-04-28,20.5825
2002-04-29,20.6081
2002-04-30,20.6053
2002-05-01,20.6166
2002-05-02,20.5990
2002-05-03,20.6116
2002-05-04,20.6357
2002-05-05,20.6934
2002-05-06,20.7384
2002-05-07,20.7785
2002-05-08,20.8388
2002-05-09,20.8817
2002-05-10,20.9362
2002-05-11,20.9814
2002-05-12,21.0347
2002-05-13,21.0872
2002-05-14,21.1558
2002-05-15,21.2113
2002-05-16,21.2561
2002-05-17,21.3311
2002-05-18,21.3715
2002-05-19,21.3852
2002-05-20,21.4150
2002-05-21,21.4501
2002-05-22,21.4842
2002-05-23,21.5228
2002-05-24,21.5531
2002-05-25,21.6218
2002-05-26,21.6886
2002-05-27,21.7276
2002-05-28,21.7321
2002-05-29,21.7392
2002-05-30,21.7668
2002-05-31,21.8195
2002-06-01,21.8934
2002-06-02,21.9564
2002-06-03,22.0198
2002-06-04,22.0804
2002-06-05,22.1006
2002-06-06,22.1123
2002-06-07,22.1510
2002-06-08,22.2184
2002-06-09,22.2589
2002-06-10,22.2617
2002-06-11,22.2899
2002-06-12,22.3306
2002-06-13,22.3439
2002-06-14,22.3656
2002-06-15,22.4093
2002-06-16,22.4565
2002-06-17,22.5032
2002-06-18,22.5440
2002-06-19,22.5902
2002-06-20,22.6132
2002-06-21,22.6339
2002-06-22,22.6663
2002-06-23,22.6950
2002-06-24,22.7019
2002-06-25,22.6921
2002-06-26,22.7099
2002-06-27,22.7345
2002-06-28,22.7691
2002-06-29,22.8351
2002-06-30,22.9084
2002-07-01,22.9524
2002-07-02,23.0115
2002-07-03,23.0513
2002-07-04,23.0774
2002-07-05,23.0777
2002-07-06,23.1175
2002-07-07,23.1927
2002-07-08,23.2453
2002-07-09,23.2844
2002-07-10,23.3185
2002-07-11,23.3509
2002-07-12,23.3775
2002-07-13,23.3975
2002-07-14,23.4111
2002-07-15,23.4494
2002-07-16,23.5055
2002-07-17,23.5488
2002-07-18,23.5732
2002-07-19,23.5815
2002-07-20,23.6154
2002-07-21,23.6419
2002-07-22,23.6539
2002-07-23,23.6829
2002-07-24,23.7139
2002-07-25,23.7180
2002-07-26,23.7403
2002-07-27,23.8059
2002-07-28,23.8623
2002-07-29,23.8980
2002-07-30,23.9438
2002-07-31,23.9971
2002-08-01,24.0098
2002-08-02,24.0325
2002-08-03,24.0378
2002-08-04,24.0498
2002-08-05,24.0837
2002-08-06,24.1248
2002-08-07,24.1787
2002-08-08,24.2000
2002-08-09,24.2362
2002-08-10,24.2734
2002-08-11,24.2940
2002-08-12,24.3271
2002-08-13,24.3463
2002-08-14,24.3518
2002-08-15,24.3836
2002-08-16,24.3993
2002-08-17,24.3901
2002-08-18,24.3620
2002-08-19,24.3557
2002-08-20,24.3388
2002-08-21,24.3623
2002-08-22,24.3877
2002-08-23,24.4062
2002-08-24,24.3973
2002-08-25,24.3868
2002-08-26,24.3979
2002-08-27,24.4071
2002-08-28,24.3888
2002-08-29,24.3823
2002-08-30,24.4031
2002-08-31,24.4024
2002-09-01,24.3643
2002-09-02,24.3398
2002-09-03,24.3342
2002-09-04,24.3609
2002-09-05,24.3724
2002-09-06,24.3755
2002-09-07,24.3775
2002-09-08,24.3893
2002-09-09,24.4186
2002-09-10,24.4302
2002-09-11,24.4127
2002-09-12,24.3917
2002-09-13,24.3674
2002-09-14,24.3595
2002-09-15,24.3431
2002-09-16,24.3385
2002-09-17,24.3239
2002-09-18,24.2897
2002-09-19,24.2464
2002-09-20,24.2179
2002-09-21,24.1871
2002-09-22,24.1363
2002-09-23,24.1328
2002-09-24,24.0918
2002-09-25,24.0351
2002-09-26,24.0238
2002-09-27,24.0397
2002-09-28,24.0028
2002-09-29,23.9492
2002-09-30,23.8809
2002-10-01,23.8522
2002-10-02,23.8304
2002-10-03,23.8306
2002-10-04,23.8223
2002-10-05,23.7910
2002-10-06,23.7770
2002-10-07,23.7496
2002-10-08,23.7046
2002-10-09,23.6814
2002-10-10,23.6549
2002-10-11,23.6260
2002-10-12,23.5708
2002-10-13,23.5133
2002-10-14,23.4930
2002-10-15,23.4561
2002-10-16,23.4234
2002-10-17,23.4080
2002-10-18,23.3971
2002-10-19,23.3721
2002-10-20,23.3445
2002-10-21,23.3070
2002-10-22,23.2334
2002-10-23,23.2053
2002-10-24,23.2010
2002-10-25,23.2104
2002-10-26,23.1597
2002-10-27,23.0934
2002-10-28,23.0480
2002-10-29,23.0323
2002-10-30,23.0483
2002-10-31,23.0128
2002-11-01,22.9436
2002-11-02,22.8653
2002-11-03,22.7965
2002-11-04,22.7349
2002-11-05,22.6598
2002-11-06,22.6110
2002-11-07,22.5997
2002-11-08,22.5726
2002-11-09,22.5164
2002-11-10,22.4314
2002-11-11,22.3454
2002-11-12,22.3110
2002-11-13,22.2798
2002-11-14,22.2562
2002-11-15,22.2185
2002-11-16,22.1924
2002-11-17,22.1713
2002-11-18,22.1203
2002-11-19,22.0833
2002-11-20,22.0514
2002-11-21,22.0405
2002-11-22,22.0209
2002-11-23,21.9964
2002-11-24,21.9272
2002-11-25,21.8604
2002-11-26,21.8147
2002-11-27,21.8074
2002-11-28,21.7835
2002-11-29,21.7683
2002-11-30,21.7262
2002-12-01,21.6711
2002-12-02,21.6285
2002-12-03,21.6050
2002-12-04,21.5917
2002-12-05,21.5740
2002-12-06,21.5344
2002-12-07,21.4604
2002-12-08,21.3871
2002-12-09,21.3327
2002-12-10,21.2565
2002-12-11,21.2061
2002-12-12,21.1814
2002-12-13,21.1656
2002-12-14,21.1505
2002-12-15,21.1054
2002-12-16,21.0668
2002-12-17,21.0288
2002-12-18,20.9832
2002-12-19,20.9220
2002-12-20,20.8538
2002-12-21,20.7829
2002-12-22,20.7293
2002-12-23,20.6889
2002-12-24,20.6563
2002-12-25,20.6339
2002-12-26,20.5984
2002-12-27,20.5744
2002-12-28,20.5430
2002-12-29,20.5001
2002-12-30,20.4677
2002-12-31,20.4817
2003-01-01,20.5165
2003-01-02,20.5096
2003-01-03,20.4701
2003-01-04,20.4032
2003-01-05,20.3531
2003-01-06,20.3024
2003-01-07,20.2652
2003-01-08,20.2286
2003-01-09,20.1964
2003-01-10,20.1756
2003-01-11,20.1459
2003-01-12,20.1397
2003-01-13,20.1368
2003-01-14,20.1204
2003-01-15,20.0991
2003-01-16,20.0828
2003-01-17,20.0650
2003-01-18,20.0506
2003-01-19,20.0254
2003-01-20,19.9905
2003-01-21,19.9397
2003-01-22,19.9067
2003-01-23,19.9077
2003-01-24,19.8924
2003-01-25,19.8765
2003-01-26,19.8586
2003-01-27,19.8293
2003-01-28,19.8086
2003-01-29,19.8124
2003-01-30,19.8011
2003-01-31,19.7747
2003-02-01,19.7616
2003-02-02,19.7303
2003-02-03,19.7190
2003-02-04,19.7057
2003-02-05,19.7025
2003-02-06,19.6959
2003-02-07,19.6982
2003-02-08,19.7232
2003-02-09,19.7487
2003-02-10,19.7602
2003-02-11,19.7513
2003-02-12,19.7469
2003-02-13,19.7483
2003-02-14,19.7496
2003-02-15,19.7545
2003-02-16,19.7510
2003-02-17,19.7415
2003-02-18,19.7290
2003-02-19,19.7173
2003-02-20,19.7080
2003-02-21,19.6820
2003-02-22,19.6517
2003-02-23,19.6286
2003-02-24,19.6134
2003-02-25,19.6093
2003-02-26,19.6109
2003-02-27,19.5975
2003-02-28,19.6060
2003-03-01,19.6160
2003-03-02,19.6385
2003-03-03,19.6739
2003-03-04,19.6765
2003-03-05,19.6442
2003-03-06,19.6246
2003-03-07,19.6204
2003-03-08,19.6166
2003-03-09,19.6361
2003-03-10,19.6904
2003-03-11,19.7354
2003-03-12,19.7759
2003-03-13,19.7977
2003-03-14,19.8041
2003-03-15,19.7898
2003-03-16,19.7773
2003-03-17,19.7599
2003-03-18,19.7586
2003-03-19,19.7461
2003-03-20,19.7265
2003-03-21,19.7343
2003-03-22,19.7287
2003-03-23,19.7488
2003-03-24,19.7884
2003-03-25,19.8016
2003-03-26,19.7794
2003-03-27,19.7556
2003-03-28,19.7418
2003-03-29,19.7446
2003-03-30,19.7621
2003-03-31,19.7900
2003-04-01,19.8175
2003-04-02,19.8171
2003-04-03,19.8279
2003-04-04,19.8658
2003-04-05,19.8728
2003-04-06,19.8967
2003-04-07,19.9088
2003-04-08,19.9129
2003-04-09,19.9533
2003-04-10,20.0211
2003-04-11,20.0681
2003-04-12,20.1197
2003-04-13,20.1380
2003-04-14,20.1529
2003-04-15,20.1577
2003-04-16,20.1730
2003-04-17,20.1800
2003-04-18,20.1782
2003-04-19,20.1988
2003-04-20,20.2411
2003-04-21,20.2906
2003-04-22,20.3199
2003-04-23,20.3229
2003-04-24,20.3651
2003-04-25,20.4074
2003-04-26,20.4655
2003-04-27,20.5397
2003-04-28,20.5891
2003-04-29,20.6412
2003-04-30,20.6599
2003-05-01,20.6377
2003-05-02,20.6336
2003-05-03,20.6404
2003-05-04,20.6511
2003-05-05,20.6703
2003-05-06,20.6993
2003-05-07,20.7276
2003-05-08,20.7579
2003-05-09,20.7893
2003-05-10,20.8195
2003-05-11,20.8496
2003-05-12,20.8682
2003-05-13,20.8771
2003-05-14,20.8881
2003-05-15,20.9037
2003-05-16,20.9092
2003-05-17,20.9524
2003-05-18,21.0029
2003-05-19,21.0429
2003-05-20,21.0859
2003-05-21,21.1521
2003-05-22,21.2036
2003-05-23,21.2358
2003-05-24,21.2630
2003-05-25,21.2981
2003-05-26,21.3356
2003-05-27,21.3274
2003-05-28,21.3526
2003-05-29,21.3589
2003-05-30,21.3658
2003-05-31,21.3997
2003-06-01,21.4495
2003-06-02,21.5211
2003-06-03,21.5938
2003-06-04,21.6861
2003-06-05,21.7553
2003-06-06,21.8005
2003-06-07,21.8593
2003-06-08,21.9128
2003-06-09,21.9634
2003-06-10,21.9849
2003-06-11,21.9868
2003-06-12,22.0251
2003-06-13,22.0731
2003-06-14,22.1151
2003-06-15,22.1553
2003-06-16,22.2148
2003-06-17,22.2851
2003-06-18,22.3185
2003-06-19,22.3496
2003-06-20,22.3881
2003-06-21,22.4322
2003-06-22,22.4901
2003-06-23,22.5547
2003-06-24,22.5841
2003-06-25,22.6143
2003-06-26,22.6380
2003-06-27,22.6666
2003-06-28,22.7179
2003-06-29,22.7905
2003-06-30,22.8754
2003-07-01,22.9154
2003-07-02,22.9689
2003-07-03,23.0173
2003-07-04,23.0527
2003-07-05,23.1240
2003-07-06,23.1704
2003-07-07,23.2230
2003-07-08,23.2610
2003-07-09,23.3019
2003-07-10,23.3465
2003-07-11,23.3909
2003-07-12,23.4383
2003-07-13,23.5114
2003-07-14,23.5638
2003-07-15,23.5880
2003-07-16,23.6106
2003-07-17,23.6118
2003-07-18,23.5971
2003-07-19,23.6272
2003-07-20,23.6666
2003-07-21,23.7052
2003-07-22,23.7441
2003-07-23,23.7766
2003-07-24,23.8159
2003-07-25,23.8514
2003-07-26,23.8943
2003-07-27,23.9269
2003-07-28,23.9623
2003-07-29,23.9999
2003-07-30,24.0293
2003-07-31,24.0464
2003-08-01,24.0630
2003-08-02,24.1066
2003-08-03,24.1747
2003-08-04,24.2498
2003-08-05,24.2924
2003-08-06,24.3152
2003-08-07,24.3421
2003-08-08,24.3563
2003-08-09,24.3851
2003-08-10,24.4416
2003-08-11,24.4884
2003-08-12,24.4941
2003-08-13,24.5004
2003-08-14,24.5093
2003-08-15,24.5164
2003-08-16,24.5378
2003-08-17,24.5514
2003-08-18,24.5787
2003-08-19,24.5868
2003-08-20,24.5731
2003-08-21,24.5573
2003-08-22,24.5415
2003-08-23,24.5237
2003-08-24,24.5047
2003-08-25,24.5203
2003-08-26,24.5426
2003-08-27,24.5622
2003-08-28,24.5711
2003-08-29,24.5800
2003-08-30,24.6222
2003-08-31,24.6496
2003-09-01,24.6569
2003-09-02,24.6465
2003-09-03,24.6646
2003-09-04,24.6855
2003-09-05,24.6698
2003-09-06,24.6768
2003-09-07,24.6854
2003-09-08,24.6927
2003-09-09,24.7056
2003-09-10,24.7229
2003-09-11,24.7304
2003-09-12,24.7285
2003-09-13,24.6980
2003-09-14,24.6851
2003-09-15,24.6427
2003-09-16,24.6141
2003-09-17,24.5947
2003-09-18,24.5764
2003-09-19,24.5700
2003-09-20,24.5541
2003-09-21,24.4998
2003-09-22,24.4400
2003-09-23,24.4129
2003-09-24,24.3904
2003-09-25,24.4019
2003-09-26,24.3931
2003-09-27,24.3749
2003-09-28,24.3283
2003-09-29,24.2648
2003-09-30,24.2098
2003-10-01,24.1776
2003-10-02,24.1509
2003-10-03,24.1341
2003-10-04,24.1127
2003-10-05,24.0964
2003-10-06,24.0723
2003-10-07,24.0234
2003-10-08,23.9692
2003-10-09,23.9256
2003-10-10,23.8680
2003-10-11,23.7881
2003-10-12,23.7095
2003-10-13,23.6440
2003-10-14,23.6096
2003-10-15,23.5665
2003-10-16,23.5297
2003-10-17,23.4900
2003-10-18,23.4692
2003-10-19,23.4470
2003-10-20,23.4092
2003-10-21,23.3992
2003-10-22,23.3849
2003-10-23,23.3744
2003-10-24,23.3516
2003-10-25,23.3101
2003-10-26,23.2511
2003-10-27,23.1986
2003-10-28,23.1362
2003-10-29,23.1257
2003-10-30,23.1119
2003-10-31,23.0493
2003-11-01,22.9833
2003-11-02,22.9296
2003-11-03,22.8695
2003-11-04,22.8123
2003-11-05,22.7901
2003-11-06,22.7744
2003-11-07,22.7501
2003-11-08,22.7111
2003-11-09,22.6755
2003-11-10,22.6512
2003-11-11,22.6066
2003-11-12,22.5497
2003-11-13,22.4925
2003-11-14,22.4558
2003-11-15,22.3882
2003-11-16,22.3364
2003-11-17,22.3042
2003-11-18,22.2699
2003-11-19,22.2284
2003-11-20,22.1985
2003-11-21,22.1749
2003-11-22,22.1304
2003-11-23,22.0667
2003-11-24,22.0064
2003-11-25,21.9509
2003-11-26,21.9236
2003-11-27,21.8967
2003-11-28,21.8797
2003-11-29,21.8329
2003-11-30,21.7632
2003-12-01,21.6972
2003-12-02,21.6283
2003-12-03,21.5789
2003-12-04,21.5630
2003-12-05,21.5479
2003-12-06,21.5159
2003-12-07,21.4792
2003-12-08,21.4355
2003-12-09,21.3762
2003-12-10,21.3438
2003-12-11,21.3033
2003-12-12,21.2568
2003-12-13,21.2037
2003-12-14,21.1388
2003-12-15,21.0889
2003-12-16,21.0373
2003-12-17,20.9895
2003-12-18,20.9614
2003-12-19,20.9383
2003-12-20,20.9067
2003-12-21,20.8658
2003-12-22,20.8038
2003-12-23,20.7899
2003-12-24,20.7866
2003-12-25,20.7765
2003-12-26,20.7779
2003-12-27,20.7707
2003-12-28,20.7306
2003-12-29,20.6782
2003-12-30,20.6384
2003-12-31,20.6015
2004-01-01,20.5508
2004-01-02,20.5084
2004-01-03,20.4733
2004-01-04,20.4700
2004-01-05,20.4587
2004-01-06,20.4216
2004-01-07,20.3850
2004-01-08,20.3718
2004-01-09,20.3600
2004-01-10,20.3348
2004-01-11,20.3155
2004-01-12,20.2946
2004-01-13,20.2698
2004-01-14,20.2406
2004-01-15,20.2164
2004-01-16,20.1995
2004-01-17,20.2069
2004-01-18,20.1803
2004-01-19,20.1529
2004-01-20,20.1784
2004-01-21,20.1845
2004-01-22,20.1665
2004-01-23,20.1340
2004-01-24,20.1148
2004-01-25,20.0926
2004-01-26,20.0724
2004-01-27,20.0651
2004-01-28,20.0612
2004-01-29,20.0435
2004-01-30,20.0318
2004-01-31,19.9937
2004-02-01,19.9494
2004-02-02,19.9068
2004-02-03,19.8773
2004-02-04,19.8518
2004-02-05,19.8553
2004-02-06,19.8774
2004-02-07,19.8638
2004-02-08,19.8453
2004-02-09,19.8397
2004-02-10,19.8425
2004-02-11,19.8313
2004-02-12,19.8321
2004-02-13,19.8252
2004-02-14,19.8010
2004-02-15,19.7727
2004-02-16,19.7734
2004-02-17,19.7553
2004-02-18,19.7435
2004-02-19,19.7290
2004-02-20,19.7049
2004-02-21,19.6839
2004-02-22,19.6712
2004-02-23,19.6775
2004-02-24,19.6819
2004-02-25,19.6708
2004-02-26,19.6314
2004-02-27,19.6246
2004-02-28,19.6389
2004-02-29,19.6462
2004-03-01,19.6528
2004-03-02,19.6680
2004-03-03,19.7115
2004-03-04,19.7248
2004-03-05,19.7198
2004-03-06,19.7168
2004-03-07,19.7091
2004-03-08,19.7345
2004-03-09,19.7690
2004-03-10,19.7722
2004-03-11,19.7805
2004-03-12,19.8042
2004-03-13,19.8175
2004-03-14,19.8575
2004-03-15,19.8589
2004-03-16,19.8592
2004-03-17,19.8676
2004-03-18,19.8707
2004-03-19,19.8901
2004-03-20,19.9029
2004-03-21,19.9210
2004-03-22,19.9331
2004-03-23,19.9500
2004-03-24,19.9767
2004-03-25,20.0010
2004-03-26,20.0216
2004-03-27,20.0721
2004-03-28,20.1309
2004-03-29,20.1343
2004-03-30,20.1009
2004-03-31,20.0979
2004-04-01,20.1209
2004-04-02,20.1353
2004-04-03,20.1650
2004-04-04,20.1923
2004-04-05,20.2240
2004-04-06,20.2258
2004-04-07,20.2126
2004-04-08,20.1988
2004-04-09,20.2096
2004-04-10,20.2116
2004-04-11,20.2389
2004-04-12,20.2713
2004-04-13,20.2785
2004-04-14,20.2774
2004-04-15,20.2928
2004-04-16,20.3209
2004-04-17,20.3442
2004-04-18,20.3490
2004-04-19,20.3416
2004-04-20,20.3887
2004-04-21,20.4426
2004-04-22,20.4417
2004-04-23,20.4555
2004-04-24,20.4989
2004-04-25,20.5257
2004-04-26,20.5416
2004-04-27,20.5528
2004-04-28,20.5672
2004-04-29,20.5970
2004-04-30,20.6223
2004-05-01,20.6699
2004-05-02,20.7433
2004-05-03,20.7794
2004-05-04,20.8196
2004-05-05,20.8314
2004-05-06,20.8595
2004-05-07,20.9052
2004-05-08,20.9628
2004-05-09,21.0250
2004-05-10,21.0435
2004-05-11,21.0603
2004-05-12,21.0724
2004-05-13,21.0546
2004-05-14,21.0508
2004-05-15,21.1133
2004-05-16,21.2094
2004-05-17,21.3164
2004-05-18,21.3720
2004-05-19,21.4020
2004-05-20,21.4264
2004-05-21,21.4295
2004-05-22,21.4771
2004-05-23,21.5485
2004-05-24,21.6084
2004-05-25,21.6614
2004-05-26,21.6824
2004-05-27,21.6856
2004-05-28,21.7280
2004-05-29,21.7591
2004-05-30,21.8053
2004-05-31,21.8631
2004-06-01,21.9031
2004-06-02,21.9266
2004-06-03,21.9484
2004-06-04,21.9559
2004-06-05,21.9890
2004-06-06,22.0052
2004-06-07,22.0414
2004-06-08,22.0710
2004-06-09,22.1210
2004-06-10,22.1460
2004-06-11,22.1540
2004-06-12,22.2054
2004-06-13,22.3080
2004-06-14,22.3725
2004-06-15,22.4110
2004-06-16,22.4191
2004-06-17,22.3964
2004-06-18,22.3749
2004-06-19,22.3586
2004-06-20,22.3930
2004-06-21,22.4583
2004-06-22,22.5095
2004-06-23,22.5662
2004-06-24,22.5968
2004-06-25,22.6466
2004-06-26,22.7271
2004-06-27,22.8072
2004-06-28,22.8666
2004-06-29,22.8952
2004-06-30,22.8831
2004-07-01,22.8910
2004-07-02,22.9274
2004-07-03,23.0075
2004-07-04,23.1406
2004-07-05,23.2243
2004-07-06,23.2492
2004-07-07,23.3273
2004-07-08,23.3909
2004-07-09,23.4430
2004-07-10,23.5047
2004-07-11,23.5650
2004-07-12,23.6031
2004-07-13,23.6295
2004-07-14,23.6393
2004-07-15,23.6794
2004-07-16,23.7093
2004-07-17,23.7441
2004-07-18,23.7764
2004-07-19,23.8393
2004-07-20,23.8954
2004-07-21,23.9294
2004-07-22,23.9479
2004-07-23,23.9900
2004-07-24,24.0415
2004-07-25,24.1220
2004-07-26,24.1701
2004-07-27,24.1953
2004-07-28,24.2559
2004-07-29,24.2929
2004-07-30,24.3436
2004-07-31,24.3643
2004-08-01,24.3392
2004-08-02,24.3280
2004-08-03,24.3323
2004-08-04,24.3769
2004-08-05,24.4098
2004-08-06,24.4340
2004-08-07,24.4662
2004-08-08,24.4983
2004-08-09,24.5368
2004-08-10,24.5573
2004-08-11,24.5481
2004-08-12,24.5373
2004-08-13,24.5446
2004-08-14,24.5371
2004-08-15,24.5280
2004-08-16,24.5257
2004-08-17,24.5213
2004-08-18,24.5217
2004-08-19,24.5190
2004-08-20,24.5321
2004-08-21,24.5541
2004-08-22,24.5656
2004-08-23,24.5830
2004-08-24,24.6060
2004-08-25,24.6145
2004-08-26,24.6027
2004-08-27,24.5751
2004-08-28,24.5746
2004-08-29,24.6081
2004-08-30,24.6260
2004-08-31,24.6387
2004-09-01,24.6746
2004-09-02,24.6946
2004-09-03,24.6750
2004-09-04,24.6802
2004-09-05,24.6989
2004-09-06,24.7377
2004-09-07,24.7249
2004-09-08,24.7067
2004-09-09,24.6884
2004-09-10,24.6892
2004-09-11,24.7005
2004-09-12,24.7009
2004-09-13,24.6822
2004-09-14,24.6480
2004-09-15,24.6311
2004-09-16,24.6287
2004-09-17,24.6089
2004-09-18,24.5771
2004-09-19,24.5564
2004-09-20,24.5280
2004-09-21,24.4877
2004-09-22,24.4595
2004-09-23,24.4418
2004-09-24,24.4187
2004-09-25,24.3780
2004-09-26,24.3331
2004-09-27,24.3016
2004-09-28,24.2751
2004-09-29,24.2488
2004-09-30,24.2222
2004-10-01,24.1983
2004-10-02,24.1536
2004-10-03,24.1083
2004-10-04,24.0795
2004-10-05,24.0411
2004-10-06,23.9720
2004-10-07,23.9241
2004-10-08,23.9019
2004-10-09,23.8710
2004-10-10,23.8312
2004-10-11,23.7975
2004-10-12,23.7451
2004-10-13,23.6904
2004-10-14,23.6698
2004-10-15,23.6441
2004-10-16,23.5793
2004-10-17,23.5631
2004-10-18,23.5524
2004-10-19,23.5247
2004-10-20,23.4909
2004-10-21,23.4546
2004-10-22,23.3943
2004-10-23,23.3305
2004-10-24,23.3253
2004-10-25,23.3271
2004-10-26,23.2825
2004-10-27,23.2596
2004-10-28,23.2581
2004-10-29,23.2356
2004-10-30,23.1831
2004-10-31,23.1192
2004-11-01,23.0583
2004-11-02,23.0147
2004-11-03,22.9641
2004-11-04,22.9375
2004-11-05,22.9153
2004-11-06,22.8794
2004-11-07,22.8318
2004-11-08,22.8030
2004-11-09,22.7664
2004-11-10,22.7289
2004-11-11,22.6877
2004-11-12,22.6439
2004-11-13,22.5685
2004-11-14,22.4917
2004-11-15,22.4499
2004-11-16,22.4098
2004-11-17,22.3569
2004-11-18,22.3096
2004-11-19,22.2627
2004-11-20,22.2024
2004-11-21,22.1425
2004-11-22,22.1064
2004-11-23,22.0669
2004-11-24,22.0386
2004-11-25,21.9975
2004-11-26,21.9694
2004-11-27,21.9199
2004-11-28,21.8621
2004-11-29,21.7825
2004-11-30,21.7174
2004-12-01,21.6882
2004-12-02,21.6860
2004-12-03,21.6617
2004-12-04,21.6249
2004-12-05,21.5644
2004-12-06,21.5064
2004-12-07,21.4450
2004-12-08,21.4150
2004-12-09,21.3816
2004-12-10,21.3445
2004-12-11,21.2908
2004-12-12,21.2399
2004-12-13,21.2075
2004-12-14,21.1951
2004-12-15,21.1663
2004-12-16,21.1282
2004-12-17,21.0941
2004-12-18,21.0597
2004-12-19,21.0250
2004-12-20,20.9929
2004-12-21,20.9479
2004-12-22,20.8909
2004-12-23,20.8484
2004-12-24,20.8284
2004-12-25,20.8117
2004-12-26,20.7979
2004-12-27,20.8000
2004-12-28,20.7972
2004-12-29,20.7820
2004-12-30,20.7763
2004-12-31,20.7403
2005-01-01,20.6951
2005-01-02,20.6655
2005-01-03,20.6428
2005-01-04,20.6369
2005-01-05,20.6479
2005-01-06,20.6384
2005-01-07,20.5945
2005-01-08,20.5720
2005-01-09,20.5521
2005-01-10,20.5249
2005-01-11,20.4994
2005-01-12,20.4490
2005-01-13,20.4046
2005-01-14,20.3671
2005-01-15,20.3476
2005-01-16,20.3200
2005-01-17,20.2762
2005-01-18,20.2167
2005-01-19,20.1770
2005-01-20,20.1807
2005-01-21,20.1912
2005-01-22,20.1748
2005-01-23,20.1617
2005-01-24,20.1585
2005-01-25,20.1640
2005-01-26,20.1554
2005-01-27,20.1331
2005-01-28,20.1104
2005-01-29,20.0757
2005-01-30,20.0467
2005-01-31,20.0405
2005-02-01,20.0460
2005-02-02,20.0468
2005-02-03,20.0375
2005-02-04,20.0328
2005-02-05,20.0101
2005-02-06,19.9554
2005-02-07,19.9051
2005-02-08,19.8864
2005-02-09,19.8909
2005-02-10,19.8972
2005-02-11,19.8929
2005-02-12,19.8656
2005-02-13,19.8312
2005-02-14,19.8028
2005-02-15,19.8084
2005-02-16,19.8080
2005-02-17,19.7953
2005-02-18,19.7721
2005-02-19,19.7721
2005-02-20,19.7806
2005-02-21,19.7843
2005-02-22,19.7886
2005-02-23,19.8095
2005-02-24,19.8154
2005-02-25,19.8082
2005-02-26,19.7938
2005-02-27,19.7887
2005-02-28,19.7924
2005-03-01,19.7840
2005-03-02,19.7754
2005-03-03,19.7466
2005-03-04,19.7212
2005-03-05,19.6987
2005-03-06,19.6834
2005-03-07,19.6785
2005-03-08,19.6577
2005-03-09,19.6525
2005-03-10,19.6714
2005-03-11,19.6911
2005-03-12,19.6840
2005-03-13,19.6864
2005-03-14,19.6850
2005-03-15,19.6907
2005-03-16,19.7123
2005-03-17,19.7646
2005-03-18,19.8009
2005-03-19,19.8279
2005-03-20,19.8524
2005-03-21,19.8763
2005-03-22,19.9156
2005-03-23,19.9304
2005-03-24,19.9342
2005-03-25,19.9273
2005-03-26,19.9221
2005-03-27,19.9268
2005-03-28,19.9451
2005-03-29,19.9677
2005-03-30,19.9527
2005-03-31,19.9590
2005-04-01,19.9836
2005-04-02,20.0020
2005-04-03,20.0122
2005-04-04,20.0387
2005-04-05,20.0583
2005-04-06,20.0383
2005-04-07,20.0194
2005-04-08,20.0249
2005-04-09,20.0430
2005-04-10,20.0575
2005-04-11,20.0636
2005-04-12,20.0659
2005-04-13,20.1062
2005-04-14,20.1467
2005-04-15,20.1897
2005-04-16,20.2348
2005-04-17,20.2819
2005-04-18,20.3148
2005-04-19,20.3355
2005-04-20,20.3559
2005-04-21,20.3893
2005-04-22,20.3926
2005-04-23,20.4150
2005-04-24,20.4877
2005-04-25,20.5236
2005-04-26,20.5486
2005-04-27,20.5595
2005-04-28,20.6076
2005-04-29,20.6576
2005-04-30,20.6834
2005-05-01,20.7007
2005-05-02,20.7296
2005-05-03,20.7493
2005-05-04,20.7681
2005-05-05,20.8062
2005-05-06,20.8656
2005-05-07,20.9275
2005-05-08,21.0065
2005-05-09,21.0519
2005-05-10,21.0855
2005-05-11,21.0967
2005-05-12,21.1228
2005-05-13,21.1509
2005-05-14,21.1768
2005-05-15,21.2110
2005-05-16,21.2129
2005-05-17,21.2401
2005-05-18,21.2698
2005-05-19,21.3012
2005-05-20,21.3371
2005-05-21,21.3793
2005-05-22,21.4489
2005-05-23,21.5114
2005-05-24,21.5557
2005-05-25,21.5834
2005-05-26,21.6102
2005-05-27,21.6259
2005-05-28,21.6482
2005-05-29,21.7089
2005-05-30,21.7887
2005-05-31,21.8175
2005-06-01,21.8233
2005-06-02,21.8406
2005-06-03,21.8675
2005-06-04,21.9377
2005-06-05,21.9857
2005-06-06,21.9899
2005-06-07,21.9986
2005-06-08,22.0355
2005-06-09,22.0717
2005-06-10,22.0969
2005-06-11,22.1223
2005-06-12,22.1673
2005-06-13,22.2052
2005-06-14,22.2412
2005-06-15,22.3019
2005-06-16,22.3375
2005-06-17,22.3502
2005-06-18,22.3961
2005-06-19,22.4888
2005-06-20,22.6252
2005-06-21,22.7189
2005-06-22,22.7732
2005-06-23,22.8105
2005-06-24,22.8256
2005-06-25,22.8504
2005-06-26,22.9144
2005-06-27,22.9734
2005-06-28,23.0083
2005-06-29,23.0260
2005-06-30,23.0316
2005-07-01,23.0452
2005-07-02,23.0762
2005-07-03,23.1485
2005-07-04,23.2006
2005-07-05,23.2454
2005-07-06,23.2657
2005-07-07,23.2931
2005-07-08,23.2949
2005-07-09,23.3363
2005-07-10,23.4336
2005-07-11,23.5485
2005-07-12,23.6378
2005-07-13,23.6738
2005-07-14,23.7127
2005-07-15,23.7175
2005-07-16,23.7317
2005-07-17,23.7712
2005-07-18,23.8031
2005-07-19,23.8326
2005-07-20,23.8744
2005-07-21,23.9001
2005-07-22,23.9255
2005-07-23,23.9399
2005-07-24,23.9841
2005-07-25,24.0246
2005-07-26,24.0608
2005-07-27,24.0677
2005-07-28,24.0967
2005-07-29,24.1408
2005-07-30,24.1736
2005-07-31,24.2228
2005-08-01,24.2416
2005-08-02,24.2460
2005-08-03,24.2510
2005-08-04,24.2705
2005-08-05,24.2922
2005-08-06,24.3515
2005-08-07,24.3916
2005-08-08,24.4788
2005-08-09,24.5052
2005-08-10,24.5493
2005-08-11,24.5931
2005-08-12,24.6330
2005-08-13,24.6404
2005-08-14,24.6560
2005-08-15,24.6566
2005-08-16,24.6834
2005-08-17,24.7130
2005-08-18,24.7128
2005-08-19,24.7170
2005-08-20,24.7383
2005-08-21,24.7665
2005-08-22,24.7834
2005-08-23,24.7665
2005-08-24,24.7749
2005-08-25,24.7824
2005-08-26,24.7931
2005-08-27,24.7953
2005-08-28,24.7786
2005-08-29,24.7847
2005-08-30,24.7845
2005-08-31,24.7621
2005-09-01,24.7539
2005-09-02,24.7403
2005-09-03,24.6923
2005-09-04,24.6333
2005-09-05,24.6161
2005-09-06,24.6177
2005-09-07,24.5721
2005-09-08,24.5498
2005-09-09,24.5571
2005-09-10,24.5347
2005-09-11,24.5394
2005-09-12,24.5326
2005-09-13,24.5378
2005-09-14,24.5658
2005-09-15,24.5654
2005-09-16,24.5709
2005-09-17,24.5601
2005-09-18,24.5424
2005-09-19,24.5360
2005-09-20,24.5264
2005-09-21,24.4839
2005-09-22,24.4584
2005-09-23,24.4305
2005-09-24,24.3777
2005-09-25,24.3138
2005-09-26,24.2494
2005-09-27,24.2017
2005-09-28,24.1713
2005-09-29,24.1429
2005-09-30,24.1235
2005-10-01,24.1150
2005-10-02,24.0979
2005-10-03,24.0844
2005-10-04,24.0585
2005-10-05,24.0437
2005-10-06,24.0036
2005-10-07,23.9838
2005-10-08,23.9646
2005-10-09,23.9199
2005-10-10,23.8803
2005-10-11,23.8586
2005-10-12,23.8293
2005-10-13,23.7863
2005-10-14,23.7379
2005-10-15,23.7072
2005-10-16,23.6433
2005-10-17,23.6094
2005-10-18,23.5550
2005-10-19,23.5210
2005-10-20,23.4777
2005-10-21,23.4356
2005-10-22,23.3888
2005-10-23,23.3512
2005-10-24,23.3161
2005-10-25,23.2712
2005-10-26,23.2102
2005-10-27,23.1800
2005-10-28,23.1485
2005-10-29,23.0933
2005-10-30,23.0292
2005-10-31,22.9478
2005-11-01,22.8820
2005-11-02,22.8394
2005-11-03,22.8300
2005-11-04,22.8178
2005-11-05,22.7928
2005-11-06,22.7449
2005-11-07,22.6922
2005-11-08,22.6505
2005-11-09,22.6329
2005-11-10,22.6072
2005-11-11,22.5934
2005-11-12,22.5620
2005-11-13,22.4968
2005-11-14,22.4354
2005-11-15,22.3932
2005-11-16,22.3799
2005-11-17,22.3566
2005-11-18,22.2948
2005-11-19,22.2309
2005-11-20,22.1826
2005-11-21,22.1304
2005-11-22,22.0711
2005-11-23,22.0188
2005-11-24,21.9998
2005-11-25,21.9599
2005-11-26,21.8830
2005-11-27,21.8180
2005-11-28,21.7565
2005-11-29,21.6976
2005-11-30,21.6284
2005-12-01,21.5906
2005-12-02,21.5920
2005-12-03,21.5723
2005-12-04,21.5446
2005-12-05,21.4927
2005-12-06,21.4393
2005-12-07,21.3934
2005-12-08,21.3632
2005-12-09,21.3204
2005-12-10,21.2758
2005-12-11,21.2051
2005-12-12,21.1465
2005-12-13,21.1252
2005-12-14,21.0973
2005-12-15,21.0870
2005-12-16,21.0746
2005-12-17,21.0392
2005-12-18,20.9828
2005-12-19,20.9141
2005-12-20,20.8696
2005-12-21,20.8347
2005-12-22,20.8064
2005-12-23,20.7980
2005-12-24,20.7591
2005-12-25,20.6879
2005-12-26,20.6363
2005-12-27,20.6361
2005-12-28,20.6125
2005-12-29,20.5665
2005-12-30,20.5041
2005-12-31,20.4638
2006-01-01,20.4500
2006-01-02,20.4217
2006-01-03,20.3823
2006-01-04,20.3582
2006-01-05,20.3207
2006-01-06,20.3037
2006-01-07,20.2641
2006-01-08,20.2128
2006-01-09,20.1893
2006-01-10,20.1505
2006-01-11,20.1325
2006-01-12,20.1172
2006-01-13,20.1029
2006-01-14,20.0873
2006-01-15,20.0359
2006-01-16,19.9918
2006-01-17,19.9528
2006-01-18,19.9190
2006-01-19,19.9039
2006-01-20,19.8845
2006-01-21,19.8570
2006-01-22,19.8285
2006-01-23,19.8136
2006-01-24,19.8145
2006-01-25,19.8332
2006-01-26,19.8032
2006-01-27,19.7738
2006-01-28,19.7573
2006-01-29,19.7370
2006-01-30,19.7246
2006-01-31,19.7177
2006-02-01,19.6983
2006-02-02,19.6677
2006-02-03,19.6514
2006-02-04,19.6512
2006-02-05,19.6367
2006-02-06,19.6348
2006-02-07,19.6396
2006-02-08,19.6400
2006-02-09,19.6286
2006-02-10,19.5814
2006-02-11,19.5529
2006-02-12,19.5721
2006-02-13,19.5804
2006-02-14,19.5795
2006-02-15,19.5679
2006-02-16,19.5543
2006-02-17,19.5485
2006-02-18,19.5516
2006-02-19,19.5819
2006-02-20,19.6124
2006-02-21,19.6445
2006-02-22,19.6720
2006-02-23,19.6655
2006-02-24,19.6609
2006-02-25,19.6735
2006-02-26,19.6589
2006-02-27,19.6540
2006-02-28,19.6401
2006-03-01,19.6304
2006-03-02,19.6285
2006-03-03,19.6159
2006-03-04,19.6116
2006-03-05,19.6321
2006-03-06,19.6185
2006-03-07,19.6082
2006-03-08,19.6099
2006-03-09,19.6160
2006-03-10,19.5996
2006-03-11,19.5829
2006-03-12,19.5760
2006-03-13,19.5871
2006-03-14,19.5856
2006-03-15,19.5784
2006-03-16,19.5670
2006-03-17,19.5632
2006-03-18,19.5830
2006-03-19,19.5906
2006-03-20,19.6019
2006-03-21,19.6210
2006-03-22,19.6297
2006-03-23,19.6351
2006-03-24,19.6590
2006-03-25,19.6720
2006-03-26,19.6870
2006-03-27,19.7152
2006-03-28,19.7435
2006-03-29,19.7550
2006-03-30,19.7615
2006-03-31,19.7555
2006-04-01,19.7567
2006-04-02,19.7778
2006-04-03,19.7911
2006-04-04,19.8304
2006-04-05,19.8852
2006-04-06,19.9171
2006-04-07,19.9595
2006-04-08,20.0222
2006-04-09,20.0682
2006-04-10,20.0906
2006-04-11,20.1209
2006-04-12,20.1109
2006-04-13,20.0993
2006-04-14,20.1168
2006-04-15,20.1319
2006-04-16,20.1372
2006-04-17,20.1475
2006-04-18,20.1509
2006-04-19,20.1494
2006-04-20,20.1595
2006-04-21,20.1775
2006-04-22,20.2314
2006-04-23,20.2774
2006-04-24,20.2988
2006-04-25,20.3256
2006-04-26,20.3387
2006-04-27,20.3374
2006-04-28,20.3341
2006-04-29,20.3265
2006-04-30,20.3566
2006-05-01,20.3903
2006-05-02,20.4323
2006-05-03,20.4828
2006-05-04,20.5061
2006-05-05,20.5312
2006-05-06,20.5602
2006-05-07,20.5848
2006-05-08,20.5823
2006-05-09,20.5968
2006-05-10,20.6286
2006-05-11,20.6349
2006-05-12,20.6916
2006-05-13,20.7291
2006-05-14,20.8092
2006-05-15,20.8879
2006-05-16,20.9201
2006-05-17,20.9557
2006-05-18,20.9806
2006-05-19,21.0085
2006-05-20,21.0629
2006-05-21,21.1007
2006-05-22,21.1415
2006-05-23,21.1813
2006-05-24,21.1902
2006-05-25,21.2336
2006-05-26,21.2649
2006-05-27,21.3239
2006-05-28,21.4001
2006-05-29,21.4644
2006-05-30,21.4875
2006-05-31,21.5044
2006-06-01,21.5507
2006-06-02,21.6179
2006-06-03,21.6955
2006-06-04,21.7845
2006-06-05,21.8330
2006-06-06,21.8681
2006-06-07,21.8838
2006-06-08,21.8978
2006-06-09,21.9179
2006-06-10,21.9318
2006-06-11,21.9553
2006-06-12,21.9817
2006-06-13,22.0267
2006-06-14,22.0404
2006-06-15,22.0598
2006-06-16,22.0742
2006-06-17,22.1121
2006-06-18,22.1777
2006-06-19,22.2374
2006-06-20,22.2914
2006-06-21,22.3577
2006-06-22,22.4210
2006-06-23,22.4691
2006-06-24,22.4997
2006-06-25,22.5420
2006-06-26,22.5884
2006-06-27,22.6441
2006-06-28,22.6869
2006-06-29,22.7340
2006-06-30,22.7629
2006-07-01,22.8248
2006-07-02,22.9052
2006-07-03,22.9993
2006-07-04,23.0342
2006-07-05,23.0441
2006-07-06,23.0372
2006-07-07,23.0315
2006-07-08,23.0796
2006-07-09,23.1801
2006-07-10,23.2299
2006-07-11,23.2487
2006-07-12,23.2497
2006-07-13,23.2538
2006-07-14,23.3055
2006-07-15,23.3947
2006-07-16,23.4320
2006-07-17,23.4960
2006-07-18,23.5511
2006-07-19,23.5622
2006-07-20,23.5694
2006-07-21,23.5694
2006-07-22,23.6167
2006-07-23,23.6686
2006-07-24,23.7056
2006-07-25,23.7503
2006-07-26,23.7925
2006-07-27,23.8336
2006-07-28,23.8934
2006-07-29,23.9536
2006-07-30,23.9965
2006-07-31,24.0479
2006-08-01,24.0764
2006-08-02,24.0744
2006-08-03,24.0760
2006-08-04,24.0660
2006-08-05,24.0831
2006-08-06,24.1102
2006-08-07,24.1448
2006-08-08,24.1743
2006-08-09,24.1768
2006-08-10,24.1553
2006-08-11,24.1831
2006-08-12,24.2298
2006-08-13,24.3007
2006-08-14,24.3824
2006-08-15,24.4423
2006-08-16,24.4662
2006-08-17,24.4811
2006-08-18,24.5118
2006-08-19,24.5294
2006-08-20,24.5319
2006-08-21,24.5383
2006-08-22,24.5520
2006-08-23,24.5732
2006-08-24,24.5998
2006-08-25,24.6335
2006-08-26,24.6618
2006-08-27,24.7142
2006-08-28,24.7182
2006-08-29,24.7302
2006-08-30,24.7456
2006-08-31,24.7414
2006-09-01,24.7272
2006-09-02,24.6867
2006-09-03,24.6406
2006-09-04,24.6587
2006-09-05,24.6573
2006-09-06,24.6354
2006-09-07,24.5940
2006-09-08,24.5868
2006-09-09,24.6050
2006-09-10,24.6110
2006-09-11,24.5903
2006-09-12,24.5808
2006-09-13,24.5692
2006-09-14,24.5483
2006-09-15,24.5417
2006-09-16,24.5100
2006-09-17,24.4803
2006-09-18,24.4901
2006-09-19,24.4834
2006-09-20,24.4649
2006-09-21,24.4248
2006-09-22,24.3827
2006-09-23,24.3398
2006-09-24,24.3029
2006-09-25,24.2540
2006-09-26,24.2337
2006-09-27,24.2015
2006-09-28,24.1814
2006-09-29,24.1678
2006-09-30,24.1338
2006-10-01,24.1110
2006-10-02,24.0657
2006-10-03,24.0219
2006-10-04,23.9869
2006-10-05,23.9123
2006-10-06,23.8438
2006-10-07,23.8070
2006-10-08,23.7801
2006-10-09,23.7590
2006-10-10,23.7191
2006-10-11,23.6928
2006-10-12,23.6808
2006-10-13,23.6810
2006-10-14,23.6584
2006-10-15,23.6268
2006-10-16,23.5887
2006-10-17,23.5515
2006-10-18,23.4881
2006-10-19,23.4512
2006-10-20,23.4358
2006-10-21,23.4121
2006-10-22,23.3855
2006-10-23,23.3530
2006-10-24,23.3277
2006-10-25,23.2965
2006-10-26,23.2623
2006-10-27,23.2430
2006-10-28,23.1941
2006-10-29,23.1346
2006-10-30,23.0765
2006-10-31,23.0086
2006-11-01,22.9594
2006-11-02,22.9160
2006-11-03,22.9023
2006-11-04,22.8821
2006-11-05,22.8548
2006-11-06,22.8271
2006-11-07,22.7748
2006-11-08,22.7228
2006-11-09,22.6752
2006-11-10,22.6230
2006-11-11,22.5564
2006-11-12,22.4835
2006-11-13,22.3975
2006-11-14,22.3738
2006-11-15,22.3766
2006-11-16,22.3857
2006-11-17,22.3977
2006-11-18,22.3980
2006-11-19,22.3865
2006-11-20,22.3463
2006-11-21,22.3118
2006-11-22,22.2666
2006-11-23,22.1975
2006-11-24,22.1617
2006-11-25,22.1105
2006-11-26,22.0511
2006-11-27,21.9698
2006-11-28,21.9155
2006-11-29,21.8785
2006-11-30,21.8488
2006-12-01,21.8085
2006-12-02,21.7579
2006-12-03,21.6899
2006-12-04,21.6041
2006-12-05,21.5574
2006-12-06,21.4960
2006-12-07,21.4515
2006-12-08,21.4209
2006-12-09,21.3925
2006-12-10,21.3618
2006-12-11,21.3309
2006-12-12,21.3211
2006-12-13,21.2861
2006-12-14,21.2523
2006-12-15,21.2038
2006-12-16,21.1678
2006-12-17,21.1397
2006-12-18,21.1077
2006-12-19,21.0818
2006-12-20,21.0407
2006-12-21,20.9871
2006-12-22,20.9338
2006-12-23,20.8861
2006-12-24,20.8478
2006-12-25,20.8312
2006-12-26,20.7964
2006-12-27,20.7542
2006-12-28,20.7002
2006-12-29,20.6408
2006-12-30,20.6044
2006-12-31,20.5485
2007-01-01,20.5211
2007-01-02,20.5034
2007-01-03,20.4721
2007-01-04,20.4310
2007-01-05,20.3914
2007-01-06,20.3521
2007-01-07,20.3378
2007-01-08,20.3189
2007-01-09,20.3038
2007-01-10,20.2842
2007-01-11,20.2688
2007-01-12,20.2425
2007-01-13,20.2010
2007-01-14,20.1646
2007-01-15,20.1425
2007-01-16,20.1440
2007-01-17,20.1461
2007-01-18,20.1448
2007-01-19,20.1244
2007-01-20,20.0906
2007-01-21,20.0577
2007-01-22,20.0129
2007-01-23,19.9698
2007-01-24,19.9590
2007-01-25,19.9605
2007-01-26,19.9324
2007-01-27,19.8911
2007-01-28,19.8582
2007-01-29,19.8366
2007-01-30,19.8368
2007-01-31,19.8418
2007-02-01,19.8156
2007-02-02,19.7746
2007-02-03,19.7324
2007-02-04,19.7176
2007-02-05,19.7197
2007-02-06,19.7223
2007-02-07,19.7206
2007-02-08,19.7070
2007-02-09,19.7128
2007-02-10,19.7283
2007-02-11,19.7405
2007-02-12,19.7499
2007-02-13,19.7251
2007-02-14,19.6817
2007-02-15,19.6466
2007-02-16,19.6249
2007-02-17,19.6100
2007-02-18,19.6222
2007-02-19,19.6120
2007-02-20,19.6076
2007-02-21,19.6157
2007-02-22,19.6150
2007-02-23,19.6070
2007-02-24,19.6005
2007-02-25,19.6026
2007-02-26,19.5995
2007-02-27,19.5882
2007-02-28,19.5723
2007-03-01,19.5499
2007-03-02,19.5379
2007-03-03,19.5529
2007-03-04,19.5795
2007-03-05,19.5931
2007-03-06,19.6060
2007-03-07,19.6193
2007-03-08,19.6275
2007-03-09,19.6282
2007-03-10,19.6379
2007-03-11,19.6394
2007-03-12,19.6307
2007-03-13,19.6293
2007-03-14,19.6349
2007-03-15,19.6604
2007-03-16,19.6922
2007-03-17,19.7128
2007-03-18,19.7070
2007-03-19,19.6893
2007-03-20,19.6849
2007-03-21,19.6922
2007-03-22,19.6906
2007-03-23,19.6949
2007-03-24,19.6991
2007-03-25,19.6915
2007-03-26,19.6789
2007-03-27,19.6906
2007-03-28,19.7164
2007-03-29,19.7373
2007-03-30,19.7660
2007-03-31,19.7939
2007-04-01,19.8213
2007-04-02,19.8599
2007-04-03,19.8857
2007-04-04,19.8843
2007-04-05,19.8952
2007-04-06,19.9269
2007-04-07,19.9534
2007-04-08,19.9779
2007-04-09,20.0175
2007-04-10,20.0488
2007-04-11,20.0636
2007-04-12,20.0606
2007-04-13,20.0522
2007-04-14,20.0470
2007-04-15,20.0340
2007-04-16,20.0353
2007-04-17,20.0489
2007-04-18,20.0782
2007-04-19,20.0877
2007-04-20,20.0863
2007-04-21,20.0954
2007-04-22,20.1274
2007-04-23,20.1744
2007-04-24,20.2201
2007-04-25,20.2678
2007-04-26,20.3054
2007-04-27,20.3278
2007-04-28,20.3606
2007-04-29,20.3931
2007-04-30,20.4153
2007-05-01,20.4191
2007-05-02,20.4393
2007-05-03,20.4502
2007-05-04,20.4522
2007-05-05,20.4467
2007-05-06,20.4835
2007-05-07,20.5111
2007-05-08,20.5394
2007-05-09,20.5641
2007-05-10,20.5602
2007-05-11,20.5695
2007-05-12,20.5818
2007-05-13,20.6265
2007-05-14,20.6877
2007-05-15,20.7402
2007-05-16,20.7945
2007-05-17,20.8799
2007-05-18,20.9554
2007-05-19,21.0140
2007-05-20,21.0727
2007-05-21,21.1208
2007-05-22,21.1678
2007-05-23,21.2084
2007-05-24,21.2404
2007-05-25,21.2740
2007-05-26,21.2768
2007-05-27,21.2985
2007-05-28,21.3522
2007-05-29,21.3971
2007-05-30,21.4469
2007-05-31,21.5015
2007-06-01,21.5604
2007-06-02,21.5875
2007-06-03,21.6166
2007-06-04,21.6551
2007-06-05,21.6800
2007-06-06,21.7117
2007-06-07,21.7355
2007-06-08,21.7824
2007-06-09,21.8398
2007-06-10,21.9013
2007-06-11,21.9627
2007-06-12,22.0231
2007-06-13,22.0748
2007-06-14,22.1414
2007-06-15,22.1754
2007-06-16,22.2063
2007-06-17,22.2302
2007-06-18,22.2304
2007-06-19,22.2322
2007-06-20,22.2637
2007-06-21,22.3254
2007-06-22,22.3831
2007-06-23,22.4555
2007-06-24,22.5134
2007-06-25,22.5641
2007-06-26,22.6150
2007-06-27,22.6571
2007-06-28,22.6914
2007-06-29,22.7250
2007-06-30,22.7795
2007-07-01,22.8419
2007-07-02,22.9270
2007-07-03,22.9970
2007-07-04,23.0529
2007-07-05,23.0928
2007-07-06,23.1413
2007-07-07,23.1576
2007-07-08,23.1538
2007-07-09,23.1672
2007-07-10,23.1805
2007-07-11,23.2048
2007-07-12,23.2341
2007-07-13,23.2521
2007-07-14,23.2699
2007-07-15,23.3057
2007-07-16,23.3570
2007-07-17,23.3980
2007-07-18,23.4264
2007-07-19,23.4644
2007-07-20,23.5095
2007-07-21,23.5515
2007-07-22,23.5938
2007-07-23,23.6563
2007-07-24,23.7064
2007-07-25,23.7523
2007-07-26,23.8010
2007-07-27,23.8424
2007-07-28,23.8784
2007-07-29,23.9176
2007-07-30,23.9504
2007-07-31,23.9584
2007-08-01,23.9672
2007-08-02,24.0001
2007-08-03,24.0603
2007-08-04,24.1318
2007-08-05,24.1716
2007-08-06,24.1698
2007-08-07,24.1654
2007-08-08,24.1724
2007-08-09,24.2017
2007-08-10,24.2344
2007-08-11,24.2796
2007-08-12,24.3169
2007-08-13,24.3378
2007-08-14,24.3555
2007-08-15,24.3822
2007-08-16,24.3914
2007-08-17,24.3763
2007-08-18,24.3723
2007-08-19,24.3477
2007-08-20,24.3373
2007-08-21,24.3568
2007-08-22,24.3896
2007-08-23,24.4172
2007-08-24,24.4231
2007-08-25,24.4373
2007-08-26,24.4837
2007-08-27,24.5077
2007-08-28,24.5300
2007-08-29,24.5487
2007-08-30,24.5601
2007-08-31,24.5718
2007-09-01,24.5885
2007-09-02,24.5845
2007-09-03,24.5772
2007-09-04,24.5654
2007-09-05,24.5368
2007-09-06,24.5079
2007-09-07,24.5045
2007-09-08,24.5011
2007-09-09,24.4907
2007-09-10,24.4502
2007-09-11,24.4258
2007-09-12,24.4276
2007-09-13,24.4414
2007-09-14,24.4438
2007-09-15,24.4113
2007-09-16,24.3696
2007-09-17,24.3218
2007-09-18,24.2705
2007-09-19,24.2460
2007-09-20,24.2162
2007-09-21,24.1804
2007-09-22,24.1377
2007-09-23,24.1065
2007-09-24,24.0866
2007-09-25,24.0643
2007-09-26,24.0377
2007-09-27,24.0033
2007-09-28,23.9597
2007-09-29,23.9089
2007-09-30,23.8818
2007-10-01,23.8634
2007-10-02,23.8471
2007-10-03,23.8451
2007-10-04,23.8247
2007-10-05,23.7973
2007-10-06,23.7759
2007-10-07,23.7541
2007-10-08,23.7131
2007-10-09,23.6742
2007-10-10,23.6378
2007-10-11,23.6176
2007-10-12,23.5918
2007-10-13,23.5528
2007-10-14,23.5059
2007-10-15,23.4501
2007-10-16,23.4070
2007-10-17,23.3734
2007-10-18,23.3296
2007-10-19,23.2704
2007-10-20,23.1971
2007-10-21,23.1459
2007-10-22,23.1000
2007-10-23,23.0726
2007-10-24,23.0419
2007-10-25,22.9909
2007-10-26,22.9436
2007-10-27,22.8959
2007-10-28,22.8565
2007-10-29,22.8204
2007-10-30,22.8085
2007-10-31,22.7764
2007-11-01,22.7333
2007-11-02,22.6949
2007-11-03,22.6462
2007-11-04,22.5838
2007-11-05,22.5312
2007-11-06,22.4935
2007-11-07,22.4730
2007-11-08,22.4525
2007-11-09,22.4074
2007-11-10,22.3627
2007-11-11,22.3130
2007-11-12,22.2617
2007-11-13,22.1948
2007-11-14,22.1195
2007-11-15,22.0537
2007-11-16,22.0043
2007-11-17,21.9692
2007-11-18,21.9088
2007-11-19,21.8319
2007-11-20,21.7870
2007-11-21,21.7604
2007-11-22,21.7212
2007-11-23,21.6879
2007-11-24,21.6474
2007-11-25,21.5981
2007-11-26,21.5769
2007-11-27,21.5392
2007-11-28,21.4993
2007-11-29,21.4366
2007-11-30,21.3850
2007-12-01,21.3744
2007-12-02,21.3685
2007-12-03,21.3653
2007-12-04,21.3294
2007-12-05,21.2723
2007-12-06,21.2279
2007-12-07,21.1900
2007-12-08,21.1610
2007-12-09,21.1274
2007-12-10,21.0736
2007-12-11,21.0292
2007-12-12,20.9928
2007-12-13,20.9821
2007-12-14,20.9477
2007-12-15,20.9239
2007-12-16,20.8899
2007-12-17,20.8432
2007-12-18,20.8189
2007-12-19,20.7967
2007-12-20,20.7677
2007-12-21,20.7290
2007-12-22,20.6790
2007-12-23,20.6405
2007-12-24,20.5987
2007-12-25,20.5579
2007-12-26,20.5060
2007-12-27,20.4563
2007-12-28,20.3876
2007-12-29,20.3389
2007-12-30,20.2951
2007-12-31,20.2540
2008-01-01,20.2036
2008-01-02,20.1548
2008-01-03,20.1263
2008-01-04,20.1000
2008-01-05,20.0801
2008-01-06,20.0535
2008-01-07,20.0389
2008-01-08,20.0390
2008-01-09,20.0259
2008-01-10,19.9964
2008-01-11,19.9641
2008-01-12,19.9434
2008-01-13,19.9426
2008-01-14,19.9340
2008-01-15,19.9176
2008-01-16,19.8986
2008-01-17,19.8859
2008-01-18,19.8700
2008-01-19,19.8880
2008-01-20,19.8887
2008-01-21,19.8701
2008-01-22,19.8351
2008-01-23,19.7924
2008-01-24,19.7745
2008-01-25,19.7642
2008-01-26,19.7534
2008-01-27,19.7370
2008-01-28,19.7349
2008-01-29,19.7292
2008-01-30,19.7111
2008-01-31,19.6962
2008-02-01,19.6855
2008-02-02,19.6667
2008-02-03,19.6521
2008-02-04,19.6294
2008-02-05,19.5916
2008-02-06,19.5755
2008-02-07,19.5538
2008-02-08,19.5326
2008-02-09,19.5213
2008-02-10,19.5009
2008-02-11,19.4776
2008-02-12,19.4742
2008-02-13,19.4619
2008-02-14,19.4561
2008-02-15,19.4617
2008-02-16,19.4661
2008-02-17,19.4578
2008-02-18,19.4480
2008-02-19,19.4409
2008-02-20,19.4456
2008-02-21,19.4428
2008-02-22,19.4382
2008-02-23,19.4300
2008-02-24,19.3966
2008-02-25,19.3866
2008-02-26,19.3964
2008-02-27,19.4103
2008-02-28,19.4282
2008-02-29,19.4374
2008-03-01,19.4410
2008-03-02,19.4539
2008-03-03,19.4573
2008-03-04,19.4774
2008-03-05,19.4887
2008-03-06,19.4724
2008-03-07,19.4699
2008-03-08,19.4691
2008-03-09,19.4752
2008-03-10,19.4922
2008-03-11,19.5057
2008-03-12,19.4948
2008-03-13,19.4825
2008-03-14,19.4728
2008-03-15,19.4720
2008-03-16,19.4825
2008-03-17,19.5070
2008-03-18,19.5243
2008-03-19,19.5271
2008-03-20,19.5482
2008-03-21,19.5655
2008-03-22,19.5779
2008-03-23,19.6171
2008-03-24,19.6590
2008-03-25,19.7173
2008-03-26,19.7468
2008-03-27,19.7558
2008-03-28,19.7498
2008-03-29,19.7397
2008-03-30,19.7397
2008-03-31,19.7838
2008-04-01,19.7999
2008-04-02,19.8143
2008-04-03,19.8359
2008-04-04,19.8454
2008-04-05,19.8448
2008-04-06,19.8373
2008-04-07,19.8769
2008-04-08,19.9195
2008-04-09,19.9293
2008-04-10,19.9438
2008-04-11,19.9466
2008-04-12,19.9647
2008-04-13,19.9957
2008-04-14,20.0092
2008-04-15,20.0164
2008-04-16,20.0092
2008-04-17,20.0515
2008-04-18,20.1097
2008-04-19,20.1407
2008-04-20,20.1736
2008-04-21,20.2121
2008-04-22,20.2468
2008-04-23,20.2817
2008-04-24,20.3080
2008-04-25,20.3434
2008-04-26,20.3789
2008-04-27,20.4144
2008-04-28,20.4639
2008-04-29,20.4879
2008-04-30,20.5122
2008-05-01,20.5323
2008-05-02,20.5353
2008-05-03,20.5453
2008-05-04,20.5518
2008-05-05,20.5778
2008-05-06,20.6138
2008-05-07,20.6415
2008-05-08,20.6498
2008-05-09,20.6626
2008-05-10,20.6829
2008-05-11,20.7078
2008-05-12,20.7342
2008-05-13,20.7614
2008-05-14,20.7832
2008-05-15,20.8589
2008-05-16,20.9463
2008-05-17,21.0278
2008-05-18,21.0901
2008-05-19,21.1575
2008-05-20,21.1891
2008-05-21,21.2002
2008-05-22,21.2002
2008-05-23,21.2093
2008-05-24,21.2340
2008-05-25,21.2704
2008-05-26,21.3075
2008-05-27,21.3491
2008-05-28,21.3863
2008-05-29,21.4367
2008-05-30,21.4997
2008-05-31,21.5291
2008-06-01,21.5702
2008-06-02,21.5930
2008-06-03,21.6438
2008-06-04,21.6938
2008-06-05,21.7203
2008-06-06,21.7466
2008-06-07,21.7684
2008-06-08,21.7895
2008-06-09,21.8124
2008-06-10,21.8333
2008-06-11,21.8857
2008-06-12,21.9252
2008-06-13,21.9445
2008-06-14,21.9717
2008-06-15,21.9779
2008-06-16,22.0328
2008-06-17,22.0910
2008-06-18,22.1179
2008-06-19,22.1414
2008-06-20,22.1918
2008-06-21,22.2501
2008-06-22,22.3047
2008-06-23,22.3502
2008-06-24,22.4112
2008-06-25,22.4705
2008-06-26,22.5166
2008-06-27,22.5614
2008-06-28,22.6013
2008-06-29,22.6481
2008-06-30,22.6935
2008-07-01,22.7399
2008-07-02,22.7746
2008-07-03,22.8061
2008-07-04,22.8732
2008-07-05,22.9315
2008-07-06,22.9921
2008-07-07,23.0536
2008-07-08,23.1123
2008-07-09,23.1682
2008-07-10,23.2251
2008-07-11,23.2822
2008-07-12,23.3636
2008-07-13,23.4526
2008-07-14,23.5146
2008-07-15,23.5861
2008-07-16,23.6546
2008-07-17,23.7128
2008-07-18,23.7417
2008-07-19,23.7576
2008-07-20,23.7877
2008-07-21,23.8126
2008-07-22,23.8416
2008-07-23,23.8880
2008-07-24,23.9271
2008-07-25,23.9603
2008-07-26,23.9835
2008-07-27,24.0320
2008-07-28,24.0598
2008-07-29,24.0702
2008-07-30,24.0718
2008-07-31,24.0895
2008-08-01,24.1272
2008-08-02,24.1659
2008-08-03,24.2041
2008-08-04,24.2565
2008-08-05,24.3095
2008-08-06,24.3284
2008-08-07,24.3396
2008-08-08,24.3625
2008-08-09,24.3702
2008-08-10,24.3842
2008-08-11,24.4063
2008-08-12,24.4207
2008-08-13,24.4142
2008-08-14,24.4416
2008-08-15,24.4711
2008-08-16,24.4636
2008-08-17,24.4204
2008-08-18,24.3893
2008-08-19,24.4096
2008-08-20,24.4093
2008-08-21,24.4041
2008-08-22,24.3861
2008-08-23,24.3781
2008-08-24,24.3626
2008-08-25,24.3749
2008-08-26,24.3567
2008-08-27,24.3563
2008-08-28,24.3847
2008-08-29,24.4137
2008-08-30,24.4161
2008-08-31,24.3978
2008-09-01,24.3976
2008-09-02,24.4142
2008-09-03,24.4408
2008-09-04,24.4539
2008-09-05,24.4597
2008-09-06,24.4684
2008-09-07,24.4817
2008-09-08,24.4830
2008-09-09,24.4541
2008-09-10,24.4489
2008-09-11,24.4615
2008-09-12,24.4849
2008-09-13,24.4894
2008-09-14,24.4751
2008-09-15,24.4710
2008-09-16,24.4643
2008-09-17,24.4421
2008-09-18,24.4053
2008-09-19,24.3646
2008-09-20,24.3337
2008-09-21,24.3111
2008-09-22,24.2734
2008-09-23,24.2383
2008-09-24,24.1883
2008-09-25,24.1485
2008-09-26,24.0961
2008-09-27,24.0715
2008-09-28,24.0381
2008-09-29,24.0340
2008-09-30,24.0231
2008-10-01,24.0285
2008-10-02,24.0391
2008-10-03,24.0228
2008-10-04,24.0113
2008-10-05,23.9923
2008-10-06,23.9749
2008-10-07,23.9576
2008-10-08,23.9282
2008-10-09,23.9017
2008-10-10,23.8393
2008-10-11,23.7670
2008-10-12,23.7246
2008-10-13,23.6877
2008-10-14,23.6764
2008-10-15,23.6534
2008-10-16,23.6227
2008-10-17,23.5791
2008-10-18,23.5279
2008-10-19,23.4692
2008-10-20,23.4110
2008-10-21,23.3625
2008-10-22,23.3042
2008-10-23,23.2425
2008-10-24,23.1809
2008-10-25,23.1175
2008-10-26,23.0650
2008-10-27,23.0319
2008-10-28,23.0076
2008-10-29,22.9686
2008-10-30,22.9306
2008-10-31,22.9055
2008-11-01,22.9025
2008-11-02,22.8882
2008-11-03,22.8545
2008-11-04,22.7853
2008-11-05,22.7543
2008-11-06,22.7196
2008-11-07,22.6962
2008-11-08,22.6562
2008-11-09,22.5997
2008-11-10,22.5271
2008-11-11,22.4623
2008-11-12,22.4189
2008-11-13,22.3829
2008-11-14,22.3459
2008-11-15,22.3299
2008-11-16,22.3110
2008-11-17,22.2612
2008-11-18,22.2098
2008-11-19,22.1536
2008-11-20,22.0799
2008-11-21,21.9983
2008-11-22,21.9291
2008-11-23,21.8871
2008-11-24,21.8378
2008-11-25,21.7906
2008-11-26,21.7569
2008-11-27,21.7078
2008-11-28,21.6564
2008-11-29,21.6119
2008-11-30,21.5709
2008-12-01,21.5453
2008-12-02,21.5197
2008-12-03,21.4806
2008-12-04,21.4341
2008-12-05,21.4060
2008-12-06,21.3527
2008-12-07,21.3139
2008-12-08,21.2728
2008-12-09,21.2413
2008-12-10,21.2287
2008-12-11,21.1970
2008-12-12,21.1685
2008-12-13,21.1342
2008-12-14,21.0917
2008-12-15,21.0377
2008-12-16,21.0216
2008-12-17,20.9909
2008-12-18,20.9587
2008-12-19,20.8952
2008-12-20,20.8320
2008-12-21,20.7980
2008-12-22,20.7651
2008-12-23,20.7334
2008-12-24,20.7169
2008-12-25,20.6895
2008-12-26,20.6501
2008-12-27,20.6149
2008-12-28,20.5984
2008-12-29,20.5864
2008-12-30,20.5679
2008-12-31,20.5673
2009-01-01,20.5456
2009-01-02,20.5336
2009-01-03,20.5128
2009-01-04,20.4819
2009-01-05,20.4403
2009-01-06,20.3824
2009-01-07,20.3440
2009-01-08,20.3100
2009-01-09,20.2939
2009-01-10,20.2744
2009-01-11,20.2517
2009-01-12,20.2322
2009-01-13,20.2080
2009-01-14,20.1798
2009-01-15,20.1532
2009-01-16,20.1378
2009-01-17,20.1191
2009-01-18,20.0923
2009-01-19,20.0623
2009-01-20,20.0373
2009-01-21,20.0131
2009-01-22,20.0050
2009-01-23,19.9825
2009-01-24,19.9495
2009-01-25,19.9303
2009-01-26,19.9045
2009-01-27,19.8695
2009-01-28,19.8715
2009-01-29,19.8715
2009-01-30,19.8604
2009-01-31,19.8409
2009-02-01,19.8187
2009-02-02,19.8109
2009-02-03,19.7921
2009-02-04,19.7929
2009-02-05,19.8020
2009-02-06,19.7799
2009-02-07,19.7406
2009-02-08,19.7137
2009-02-09,19.7063
2009-02-10,19.7207
2009-02-11,19.7359
2009-02-12,19.7299
2009-02-13,19.6864
2009-02-14,19.6491
2009-02-15,19.6270
2009-02-16,19.5978
2009-02-17,19.5659
2009-02-18,19.5512
2009-02-19,19.5468
2009-02-20,19.5440
2009-02-21,19.5435
2009-02-22,19.5585
2009-02-23,19.5651
2009-02-24,19.5730
2009-02-25,19.5703
2009-02-26,19.5712
2009-02-27,19.5719
2009-02-28,19.5728
2009-03-01,19.5683
2009-03-02,19.5727
2009-03-03,19.5761
2009-03-04,19.5676
2009-03-05,19.5646
2009-03-06,19.5536
2009-03-07,19.5481
2009-03-08,19.5640
2009-03-09,19.5819
2009-03-10,19.5936
2009-03-11,19.5930
2009-03-12,19.5924
2009-03-13,19.5892
2009-03-14,19.6021
2009-03-15,19.6432
2009-03-16,19.6661
2009-03-17,19.6803
2009-03-18,19.7036
2009-03-19,19.7186
2009-03-20,19.7242
2009-03-21,19.7336
2009-03-22,19.7421
2009-03-23,19.7691
2009-03-24,19.7852
2009-03-25,19.8041
2009-03-26,19.8170
2009-03-27,19.8366
2009-03-28,19.8627
2009-03-29,19.8817
2009-03-30,19.9000
2009-03-31,19.9236
2009-04-01,19.9434
2009-04-02,19.9499
2009-04-03,19.9551
2009-04-04,19.9633
2009-04-05,20.0189
2009-04-06,20.0852
2009-04-07,20.1269
2009-04-08,20.1536
2009-04-09,20.1821
2009-04-10,20.2002
2009-04-11,20.2041
2009-04-12,20.2063
2009-04-13,20.2301
2009-04-14,20.2454
2009-04-15,20.2553
2009-04-16,20.2881
2009-04-17,20.3313
2009-04-18,20.3760
2009-04-19,20.4050
2009-04-20,20.4461
2009-04-21,20.4860
2009-04-22,20.4791
2009-04-23,20.4664
2009-04-24,20.4529
2009-04-25,20.4500
2009-04-26,20.4558
2009-04-27,20.4699
2009-04-28,20.4765
2009-04-29,20.4895
2009-04-30,20.5113
2009-05-01,20.5663
2009-05-02,20.5900
2009-05-03,20.6298
2009-05-04,20.6736
2009-05-05,20.7235
2009-05-06,20.7745
2009-05-07,20.7971
2009-05-08,20.8213
2009-05-09,20.8704
2009-05-10,20.9229
2009-05-11,20.9395
2009-05-12,20.9808
2009-05-13,21.0418
2009-05-14,21.0702
2009-05-15,21.1042
2009-05-16,21.1270
2009-05-17,21.1525
2009-05-18,21.2026
2009-05-19,21.2544
2009-05-20,21.2932
2009-05-21,21.3819
2009-05-22,21.4850
2009-05-23,21.5823
2009-05-24,21.6484
2009-05-25,21.7097
2009-05-26,21.7618
2009-05-27,21.7659
2009-05-28,21.7453
2009-05-29,21.7339
2009-05-30,21.7464
2009-05-31,21.7869
2009-06-01,21.8164
2009-06-02,21.8582
2009-06-03,21.9106
2009-06-04,21.9668
2009-06-05,22.0146
2009-06-06,22.0412
2009-06-07,22.0659
2009-06-08,22.1317
2009-06-09,22.2150
2009-06-10,22.2896
2009-06-11,22.3671
2009-06-12,22.4263
2009-06-13,22.4886
2009-06-14,22.5234
2009-06-15,22.5675
2009-06-16,22.6166
2009-06-17,22.6576
2009-06-18,22.6958
2009-06-19,22.7237
2009-06-20,22.7623
2009-06-21,22.7960
2009-06-22,22.8386
2009-06-23,22.8851
2009-06-24,22.9341
2009-06-25,22.9947
2009-06-26,23.0511
2009-06-27,23.1158
2009-06-28,23.1740
2009-06-29,23.2125
2009-06-30,23.2638
2009-07-01,23.3105
2009-07-02,23.3581
2009-07-03,23.4201
2009-07-04,23.4631
2009-07-05,23.5046
2009-07-06,23.5278
2009-07-07,23.5650
2009-07-08,23.5898
2009-07-09,23.5832
2009-07-10,23.5746
2009-07-11,23.5973
2009-07-12,23.6300
2009-07-13,23.6561
2009-07-14,23.6957
2009-07-15,23.7373
2009-07-16,23.7752
2009-07-17,23.8176
2009-07-18,23.8491
2009-07-19,23.8869
2009-07-20,23.9611
2009-07-21,24.0204
2009-07-22,24.0418
2009-07-23,24.0607
2009-07-24,24.0833
2009-07-25,24.1000
2009-07-26,24.1132
2009-07-27,24.1222
2009-07-28,24.1378
2009-07-29,24.1565
2009-07-30,24.1746
2009-07-31,24.2028
2009-08-01,24.2260
2009-08-02,24.2770
2009-08-03,24.3263
2009-08-04,24.3474
2009-08-05,24.3691
2009-08-06,24.4078
2009-08-07,24.4117
2009-08-08,24.4480
2009-08-09,24.4782
2009-08-10,24.5361
2009-08-11,24.5760
2009-08-12,24.6211
2009-08-13,24.6828
2009-08-14,24.7259
2009-08-15,24.7710
2009-08-16,24.7979
2009-08-17,24.8127
2009-08-18,24.8159
2009-08-19,24.8263
2009-08-20,24.8250
2009-08-21,24.8334
2009-08-22,24.8399
2009-08-23,24.8494
2009-08-24,24.8559
2009-08-25,24.8414
2009-08-26,24.8106
2009-08-27,24.7923
2009-08-28,24.7914
2009-08-29,24.7929
2009-08-30,24.7496
2009-08-31,24.7098
2009-09-01,24.7040
2009-09-02,24.7102
2009-09-03,24.6899
2009-09-04,24.6666
2009-09-05,24.6482
2009-09-06,24.6237
2009-09-07,24.5991
2009-09-08,24.5650
2009-09-09,24.5697
2009-09-10,24.5715
2009-09-11,24.5656
2009-09-12,24.5522
2009-09-13,24.5330
2009-09-14,24.5312
2009-09-15,24.5263
2009-09-16,24.5222
2009-09-17,24.4820
2009-09-18,24.4345
2009-09-19,24.4033
2009-09-20,24.3624
2009-09-21,24.3286
2009-09-22,24.3181
2009-09-23,24.3006
2009-09-24,24.2683
2009-09-25,24.2273
2009-09-26,24.1987
2009-09-27,24.1731
2009-09-28,24.1332
2009-09-29,24.0934
2009-09-30,24.0776
2009-10-01,24.0589
2009-10-02,24.0473
2009-10-03,24.0281
2009-10-04,23.9888
2009-10-05,23.9317
2009-10-06,23.8695
2009-10-07,23.8256
2009-10-08,23.7811
2009-10-09,23.7329
2009-10-10,23.7015
2009-10-11,23.6772
2009-10-12,23.6622
2009-10-13,23.6536
2009-10-14,23.6680
2009-10-15,23.6908
2009-10-16,23.6906
2009-10-17,23.6727
2009-10-18,23.6413
2009-10-19,23.5869
2009-10-20,23.5186
2009-10-21,23.4820
2009-10-22,23.4593
2009-10-23,23.4328
2009-10-24,23.4147
2009-10-25,23.4007
2009-10-26,23.3618
2009-10-27,23.2818
2009-10-28,23.1908
2009-10-29,23.1479
2009-10-30,23.0895
2009-10-31,23.0451
2009-11-01,22.9993
2009-11-02,22.9582
2009-11-03,22.8999
2009-11-04,22.8431
2009-11-05,22.7983
2009-11-06,22.7633
2009-11-07,22.7172
2009-11-08,22.6684
2009-11-09,22.6185
2009-11-10,22.5787
2009-11-11,22.5357
2009-11-12,22.4921
2009-11-13,22.4751
2009-11-14,22.4399
2009-11-15,22.3878
2009-11-16,22.3424
2009-11-17,22.2974
2009-11-18,22.2443
2009-11-19,22.1997
2009-11-20,22.1533
2009-11-21,22.1032
2009-11-22,22.0598
2009-11-23,22.0470
2009-11-24,22.0231
2009-11-25,21.9943
2009-11-26,21.9392
2009-11-27,21.8897
2009-11-28,21.8342
2009-11-29,21.7577
2009-11-30,21.7152
2009-12-01,21.6912
2009-12-02,21.6654
2009-12-03,21.6252
2009-12-04,21.5945
2009-12-05,21.5889
2009-12-06,21.5669
2009-12-07,21.5516
2009-12-08,21.5337
2009-12-09,21.5137
2009-12-10,21.4847
2009-12-11,21.4610
2009-12-12,21.4217
2009-12-13,21.3790
2009-12-14,21.3399
2009-12-15,21.3104
2009-12-16,21.2844
2009-12-17,21.2512
2009-12-18,21.2088
2009-12-19,21.1668
2009-12-20,21.1260
2009-12-21,21.0929
2009-12-22,21.0609
2009-12-23,21.0406
2009-12-24,21.0093
2009-12-25,20.9676
2009-12-26,20.9286
2009-12-27,20.8896
2009-12-28,20.8544
2009-12-29,20.8261
2009-12-30,20.8121
2009-12-31,20.8005
2010-01-01,20.7650
2010-01-02,20.7502
2010-01-03,20.7299
2010-01-04,20.7043
2010-01-05,20.6702
2010-01-06,20.6350
2010-01-07,20.5859
2010-01-08,20.5126
2010-01-09,20.4644
2010-01-10,20.4263
2010-01-11,20.3940
2010-01-12,20.3558
2010-01-13,20.3100
2010-01-14,20.2704
2010-01-15,20.2281
2010-01-16,20.1767
2010-01-17,20.1317
2010-01-18,20.0907
2010-01-19,20.0672
2010-01-20,20.0466
2010-01-21,20.0081
2010-01-22,19.9782
2010-01-23,19.9737
2010-01-24,19.9832
2010-01-25,19.9888
2010-01-26,19.9904
2010-01-27,19.9689
2010-01-28,19.9294
2010-01-29,19.8897
2010-01-30,19.8762
2010-01-31,19.8551
2010-02-01,19.8491
2010-02-02,19.8432
2010-02-03,19.8194
2010-02-04,19.8162
2010-02-05,19.8317
2010-02-06,19.8590
2010-02-07,19.8638
2010-02-08,19.8635
2010-02-09,19.8479
2010-02-10,19.8167
2010-02-11,19.7702
2010-02-12,19.7497
2010-02-13,19.7359
2010-02-14,19.7440
2010-02-15,19.7484
2010-02-16,19.7328
2010-02-17,19.7316
2010-02-18,19.7208
2010-02-19,19.7249
2010-02-20,19.7338
2010-02-21,19.7352
2010-02-22,19.7539
2010-02-23,19.7618
2010-02-24,19.7620
2010-02-25,19.7582
2010-02-26,19.7629
2010-02-27,19.7534
2010-02-28,19.7526
2010-03-01,19.7251
2010-03-02,19.7045
2010-03-03,19.7119
2010-03-04,19.7107
2010-03-05,19.7106
2010-03-06,19.7241
2010-03-07,19.7265
2010-03-08,19.7407
2010-03-09,19.7566
2010-03-10,19.7701
2010-03-11,19.7566
2010-03-12,19.7309
2010-03-13,19.7073
2010-03-14,19.6986
2010-03-15,19.6925
2010-03-16,19.6875
2010-03-17,19.7044
2010-03-18,19.7495
2010-03-19,19.7725
2010-03-20,19.7644
2010-03-21,19.7422
2010-03-22,19.7353
2010-03-23,19.7418
2010-03-24,19.7486
2010-03-25,19.7693
2010-03-26,19.7893
2010-03-27,19.7916
2010-03-28,19.8304
2010-03-29,19.8639
2010-03-30,19.8653
2010-03-31,19.8662
2010-04-01,19.8562
2010-04-02,19.8616
2010-04-03,19.8976
2010-04-04,19.9352
2010-04-05,19.9844
2010-04-06,20.0240
2010-04-07,20.0564
2010-04-08,20.0600
2010-04-09,20.0677
2010-04-10,20.0980
2010-04-11,20.0804
2010-04-12,20.0793
2010-04-13,20.0766
2010-04-14,20.0940
2010-04-15,20.1230
2010-04-16,20.1394
2010-04-17,20.1399
2010-04-18,20.1530
2010-04-19,20.1649
2010-04-20,20.1867
2010-04-21,20.2027
2010-04-22,20.2288
2010-04-23,20.2468
2010-04-24,20.2879
2010-04-25,20.3206
2010-04-26,20.3447
2010-04-27,20.3588
2010-04-28,20.3462
2010-04-29,20.3425
2010-04-30,20.3468
2010-05-01,20.3706
2010-05-02,20.3776
2010-05-03,20.4046
2010-05-04,20.4436
2010-05-05,20.4879
2010-05-06,20.5209
2010-05-07,20.5604
2010-05-08,20.6019
2010-05-09,20.6338
2010-05-10,20.6556
2010-05-11,20.6756
2010-05-12,20.7179
2010-05-13,20.7576
2010-05-14,20.7836
2010-05-15,20.8321
2010-05-16,20.8907
2010-05-17,20.9445
2010-05-18,21.0118
2010-05-19,21.0750
2010-05-20,21.1018
2010-05-21,21.1359
2010-05-22,21.2106
2010-05-23,21.2603
2010-05-24,21.2809
2010-05-25,21.2984
2010-05-26,21.3303
2010-05-27,21.3643
2010-05-28,21.3998
2010-05-29,21.4306
2010-05-30,21.4749
2010-05-31,21.4946
2010-06-01,21.5162
2010-06-02,21.5638
2010-06-03,21.5974
2010-06-04,21.6411
2010-06-05,21.6997
2010-06-06,21.7638
2010-06-07,21.8293
2010-06-08,21.9088
2010-06-09,21.9493
2010-06-10,21.9592
2010-06-11,21.9432
2010-06-12,21.9376
2010-06-13,21.9370
2010-06-14,21.9684
2010-06-15,22.0082
2010-06-16,22.0721
2010-06-17,22.1026
2010-06-18,22.1417
2010-06-19,22.1773
2010-06-20,22.2337
2010-06-21,22.2856
2010-06-22,22.3518
2010-06-23,22.4012
2010-06-24,22.4642
2010-06-25,22.5073
2010-06-26,22.5437
2010-06-27,22.6024
2010-06-28,22.6588
2010-06-29,22.7237
2010-06-30,22.8025
2010-07-01,22.8841
2010-07-02,22.9475
2010-07-03,22.9965
2010-07-04,23.0554
2010-07-05,23.1069
2010-07-06,23.1203
2010-07-07,23.1410
2010-07-08,23.1724
2010-07-09,23.2085
2010-07-10,23.2424
2010-07-11,23.2526
2010-07-12,23.2699
2010-07-13,23.3201
2010-07-14,23.3728
2010-07-15,23.4159
2010-07-16,23.4628
2010-07-17,23.4930
2010-07-18,23.5158
2010-07-19,23.5486
2010-07-20,23.5791
2010-07-21,23.6067
2010-07-22,23.6330
2010-07-23,23.6585
2010-07-24,23.6876
2010-07-25,23.7246
2010-07-26,23.7648
2010-07-27,23.7955
2010-07-28,23.8106
2010-07-29,23.8066
2010-07-30,23.8132
2010-07-31,23.8455
2010-08-01,23.8687
2010-08-02,23.8956
2010-08-03,23.9509
2010-08-04,23.9989
2010-08-05,24.0625
2010-08-06,24.0903
2010-08-07,24.1066
2010-08-08,24.1360
2010-08-09,24.1596
2010-08-10,24.1729
2010-08-11,24.2030
2010-08-12,24.2119
2010-08-13,24.1969
2010-08-14,24.1945
2010-08-15,24.1899
2010-08-16,24.1783
2010-08-17,24.1874
2010-08-18,24.1919
2010-08-19,24.2177
2010-08-20,24.2680
2010-08-21,24.2822
2010-08-22,24.3232
2010-08-23,24.3567
2010-08-24,24.3677
2010-08-25,24.3731
2010-08-26,24.3858
2010-08-27,24.3997
2010-08-28,24.3926
2010-08-29,24.4099
2010-08-30,24.4230
2010-08-31,24.4340
2010-09-01,24.4438
2010-09-02,24.4251
2010-09-03,24.4180
2010-09-04,24.3899
2010-09-05,24.3731
2010-09-06,24.3677
2010-09-07,24.3187
2010-09-08,24.3087
2010-09-09,24.3202
2010-09-10,24.3216
2010-09-11,24.3226
2010-09-12,24.3316
2010-09-13,24.3457
2010-09-14,24.3483
2010-09-15,24.3400
2010-09-16,24.3036
2010-09-17,24.2702
2010-09-18,24.2481
2010-09-19,24.2491
2010-09-20,24.2593
2010-09-21,24.2588
2010-09-22,24.2330
2010-09-23,24.1843
2010-09-24,24.1270
2010-09-25,24.0473
2010-09-26,23.9650
2010-09-27,23.9046
2010-09-28,23.8477
2010-09-29,23.8029
2010-09-30,23.7547
2010-10-01,23.6996
2010-10-02,23.6778
2010-10-03,23.6386
2010-10-04,23.5935
2010-10-05,23.5478
2010-10-06,23.4998
2010-10-07,23.4733
2010-10-08,23.4304
2010-10-09,23.3832
2010-10-10,23.3577
2010-10-11,23.3347
2010-10-12,23.3460
2010-10-13,23.3549
2010-10-14,23.3476
2010-10-15,23.3282
2010-10-16,23.3172
2010-10-17,23.2971
2010-10-18,23.2523
2010-10-19,23.2045
2010-10-20,23.1678
2010-10-21,23.1323
2010-10-22,23.0892
2010-10-23,23.0477
2010-10-24,23.0089
2010-10-25,22.9724
2010-10-26,22.9193
2010-10-27,22.8720
2010-10-28,22.8037
2010-10-29,22.7386
2010-10-30,22.6992
2010-10-31,22.6407
2010-11-01,22.5978
2010-11-02,22.5447
2010-11-03,22.4795
2010-11-04,22.4255
2010-11-05,22.3825
2010-11-06,22.3556
2010-11-07,22.3338
2010-11-08,22.2971
2010-11-09,22.2571
2010-11-10,22.2363
2010-11-11,22.1924
2010-11-12,22.1314
2010-11-13,22.0736
2010-11-14,22.0231
2010-11-15,21.9696
2010-11-16,21.9146
2010-11-17,21.8786
2010-11-18,21.8706
2010-11-19,21.8780
2010-11-20,21.8665
2010-11-21,21.8206
2010-11-22,21.7718
2010-11-23,21.7115
2010-11-24,21.6402
2010-11-25,21.5924
2010-11-26,21.5589
2010-11-27,21.5277
2010-11-28,21.4880
2010-11-29,21.4439
2010-11-30,21.4220
2010-12-01,21.4073
2010-12-02,21.3816
2010-12-03,21.3257
2010-12-04,21.2814
2010-12-05,21.2545
2010-12-06,21.2283
2010-12-07,21.2122
2010-12-08,21.1830
2010-12-09,21.1477
2010-12-10,21.1088
2010-12-11,21.0703
2010-12-12,21.0458
2010-12-13,21.0303
2010-12-14,20.9960
2010-12-15,20.9409
2010-12-16,20.8947
2010-12-17,20.8715
2010-12-18,20.8604
2010-12-19,20.8411
2010-12-20,20.8208
2010-12-21,20.8148
2010-12-22,20.7791
2010-12-23,20.7307
2010-12-24,20.6901
2010-12-25,20.6557
2010-12-26,20.6168
2010-12-27,20.5861
2010-12-28,20.5765
2010-12-29,20.5548
2010-12-30,20.5149
2010-12-31,20.4713
2011-01-01,20.4487
2011-01-02,20.4193
2011-01-03,20.3978
2011-01-04,20.3686
2011-01-05,20.3366
2011-01-06,20.2786
2011-01-07,20.2244
2011-01-08,20.1867
2011-01-09,20.1480
2011-01-10,20.1094
2011-01-11,20.0780
2011-01-12,20.0620
2011-01-13,20.0523
2011-01-14,20.0051
2011-01-15,19.9660
2011-01-16,19.9496
2011-01-17,19.9603
2011-01-18,19.9729
2011-01-19,19.9759
2011-01-20,19.9714
2011-01-21,19.9640
2011-01-22,19.9375
2011-01-23,19.9049
2011-01-24,19.8702
2011-01-25,19.8405
2011-01-26,19.8084
2011-01-27,19.7784
2011-01-28,19.7590
2011-01-29,19.7317
2011-01-30,19.6981
2011-01-31,19.6758
2011-02-01,19.6539
2011-02-02,19.6246
2011-02-03,19.6151
2011-02-04,19.6122
2011-02-05,19.6236
2011-02-06,19.6247
2011-02-07,19.6102
2011-02-08,19.5790
2011-02-09,19.5572
2011-02-10,19.5639
2011-02-11,19.5908
2011-02-12,19.5940
2011-02-13,19.5598
2011-02-14,19.5618
2011-02-15,19.5618
2011-02-16,19.5554
2011-02-17,19.5592
2011-02-18,19.5603
2011-02-19,19.5603
2011-02-20,19.5595
2011-02-21,19.5570
2011-02-22,19.5530
2011-02-23,19.5388
2011-02-24,19.5227
2011-02-25,19.5048
2011-02-26,19.4770
2011-02-27,19.4549
2011-02-28,19.4512
2011-03-01,19.4593
2011-03-02,19.4700
2011-03-03,19.4731
2011-03-04,19.4950
2011-03-05,19.5029
2011-03-06,19.5151
2011-03-07,19.5360
2011-03-08,19.5478
2011-03-09,19.5592
2011-03-10,19.5842
2011-03-11,19.6107
2011-03-12,19.6239
2011-03-13,19.6188
2011-03-14,19.6106
2011-03-15,19.6141
2011-03-16,19.6183
2011-03-17,19.6207
2011-03-18,19.6339
2011-03-19,19.6652
2011-03-20,19.6706
2011-03-21,19.6716
2011-03-22,19.6892
2011-03-23,19.7049
2011-03-24,19.7144
2011-03-25,19.7271
2011-03-26,19.7522
2011-03-27,19.7706
2011-03-28,19.7996
2011-03-29,19.8174
2011-03-30,19.8310
2011-03-31,19.8476
2011-04-01,19.8679
2011-04-02,19.8746
2011-04-03,19.8593
2011-04-04,19.8652
2011-04-05,19.8826
2011-04-06,19.8893
2011-04-07,19.8955
2011-04-08,19.9061
2011-04-09,19.9152
2011-04-10,19.9235
2011-04-11,19.9170
2011-04-12,19.9188
2011-04-13,19.9474
2011-04-14,19.9907
2011-04-15,20.0288
2011-04-16,20.0718
2011-04-17,20.1138
2011-04-18,20.1932
2011-04-19,20.2008
2011-04-20,20.1828
2011-04-21,20.1760
2011-04-22,20.1837
2011-04-23,20.2087
2011-04-24,20.2345
2011-04-25,20.2587
2011-04-26,20.2859
2011-04-27,20.3397
2011-04-28,20.3875
2011-04-29,20.4265
2011-04-30,20.4459
2011-05-01,20.4687
2011-05-02,20.5086
2011-05-03,20.5649
2011-05-04,20.6297
2011-05-05,20.6823
2011-05-06,20.7142
2011-05-07,20.7350
2011-05-08,20.7554
2011-05-09,20.7682
2011-05-10,20.7890
2011-05-11,20.8465
2011-05-12,20.8939
2011-05-13,20.9510
2011-05-14,21.0096
2011-05-15,21.0380
2011-05-16,21.0342
2011-05-17,21.0447
2011-05-18,21.0690
2011-05-19,21.0958
2011-05-20,21.1101
2011-05-21,21.1332
2011-05-22,21.1568
2011-05-23,21.1641
2011-05-24,21.1688
2011-05-25,21.1840
2011-05-26,21.2020
2011-05-27,21.2374
2011-05-28,21.2850
2011-05-29,21.3134
2011-05-30,21.3535
2011-05-31,21.3928
2011-06-01,21.4286
2011-06-02,21.4900
2011-06-03,21.5441
2011-06-04,21.5995
2011-06-05,21.6497
2011-06-06,21.6885
2011-06-07,21.7344
2011-06-08,21.7713
2011-06-09,21.8019
2011-06-10,21.8263
2011-06-11,21.8681
2011-06-12,21.8976
2011-06-13,21.9152
2011-06-14,21.9454
2011-06-15,21.9920
2011-06-16,22.0629
2011-06-17,22.1372
2011-06-18,22.2005
2011-06-19,22.2514
2011-06-20,22.2856
2011-06-21,22.3303
2011-06-22,22.3617
2011-06-23,22.4256
2011-06-24,22.4831
2011-06-25,22.5075
2011-06-26,22.5567
2011-06-27,22.6229
2011-06-28,22.6643
2011-06-29,22.7353
2011-06-30,22.7939
2011-07-01,22.8432
2011-07-02,22.8857
2011-07-03,22.9318
2011-07-04,22.9782
2011-07-05,23.0161
2011-07-06,23.1368
2011-07-07,23.1606
2011-07-08,23.1928
2011-07-09,23.2069
2011-07-10,23.2336
2011-07-11,23.3273
2011-07-12,23.3659
2011-07-13,23.4083
2011-07-14,23.4363
2011-07-15,23.4568
2011-07-16,23.4790
2011-07-17,23.4882
2011-07-18,23.4976
2011-07-19,23.4885
2011-07-20,23.4725
2011-07-21,23.4627
2011-07-22,23.4580
2011-07-23,23.4883
2011-07-24,23.5576
2011-07-25,23.6408
2011-07-26,23.7285
2011-07-27,23.7959
2011-07-28,23.8527
2011-07-29,23.9003
2011-07-30,23.9444
2011-07-31,23.9528
2011-08-01,23.9698
2011-08-02,23.9956
2011-08-03,23.9906
2011-08-04,23.9949
2011-08-05,24.0178
2011-08-06,24.0396
2011-08-07,24.0483
2011-08-08,24.0474
2011-08-09,24.0540
2011-08-10,24.0944
2011-08-11,24.1601
2011-08-12,24.1990
2011-08-13,24.2310
2011-08-14,24.2459
2011-08-15,24.2815
2011-08-16,24.3155
2011-08-17,24.3373
2011-08-18,24.3416
2011-08-19,24.3241
2011-08-20,24.3313
2011-08-21,24.3710
2011-08-22,24.4030
2011-08-23,24.4108
2011-08-24,24.4248
2011-08-25,24.4353
2011-08-26,24.4555
2011-08-27,24.4484
2011-08-28,24.4486
2011-08-29,24.4436
2011-08-30,24.4477
2011-08-31,24.4424
2011-09-01,24.4485
2011-09-02,24.4361
2011-09-03,24.4022
2011-09-04,24.3734
2011-09-05,24.3492
2011-09-06,24.3408
2011-09-07,24.3253
2011-09-08,24.3231
2011-09-09,24.3301
2011-09-10,24.3190
2011-09-11,24.3005
2011-09-12,24.2660
2011-09-13,24.2347
2011-09-14,24.2275
2011-09-15,24.2250
2011-09-16,24.2140
2011-09-17,24.2069
2011-09-18,24.1834
2011-09-19,24.1417
2011-09-20,24.1068
2011-09-21,24.0798
2011-09-22,24.0528
2011-09-23,24.0497
2011-09-24,24.0277
2011-09-25,23.9956
2011-09-26,23.9797
2011-09-27,23.9550
2011-09-28,23.9490
2011-09-29,23.9381
2011-09-30,23.9036
2011-10-01,23.8608
2011-10-02,23.8019
2011-10-03,23.7606
2011-10-04,23.7310
2011-10-05,23.7028
2011-10-06,23.6623
2011-10-07,23.6281
2011-10-08,23.5960
2011-10-09,23.5569
2011-10-10,23.5057
2011-10-11,23.4733
2011-10-12,23.4539
2011-10-13,23.4760
2011-10-14,23.4116
2011-10-15,23.3866
2011-10-16,23.3737
2011-10-17,23.3418
2011-10-18,23.3020
2011-10-19,23.2778
2011-10-20,23.2321
2011-10-21,23.1821
2011-10-22,23.1304
2011-10-23,23.0976
2011-10-24,23.0593
2011-10-25,23.0134
2011-10-26,22.9671
2011-10-27,22.9481
2011-10-28,22.9296
2011-10-29,22.9043
2011-10-30,22.8597
2011-10-31,22.8066
2011-11-01,22.7382
2011-11-02,22.6814
2011-11-03,22.6426
2011-11-04,22.6107
2011-11-05,22.5613
2011-11-06,22.5280
2011-11-07,22.4993
2011-11-08,22.4869
2011-11-09,22.4877
2011-11-10,22.4915
2011-11-11,22.4689
2011-11-12,22.4120
2011-11-13,22.3703
2011-11-14,22.3382
2011-11-15,22.2965
2011-11-16,22.2724
2011-11-17,22.2448
2011-11-18,22.2047
2011-11-19,22.1610
2011-11-20,22.1058
2011-11-21,22.0575
2011-11-22,21.9937
2011-11-23,21.9379
2011-11-24,21.8712
2011-11-25,21.8089
2011-11-26,21.7547
2011-11-27,21.6886
2011-11-28,21.6331
2011-11-29,21.5867
2011-11-30,21.5651
2011-12-01,21.5677
2011-12-02,21.5577
2011-12-03,21.5265
2011-12-04,21.4850
2011-12-05,21.4326
2011-12-06,21.3631
2011-12-07,21.3131
2011-12-08,21.2751
2011-12-09,21.2488
2011-12-10,21.2253
2011-12-11,21.2020
2011-12-12,21.1612
2011-12-13,21.1204
2011-12-14,21.0800
2011-12-15,21.0444
2011-12-16,21.0113
2011-12-17,20.9819
2011-12-18,20.9527
2011-12-19,20.9179
2011-12-20,20.8794
2011-12-21,20.8297
2011-12-22,20.7604
2011-12-23,20.7082
2011-12-24,20.6790
2011-12-25,20.6450
2011-12-26,20.6124
2011-12-27,20.5691
2011-12-28,20.5322
2011-12-29,20.5137
2011-12-30,20.4942
2011-12-31,20.4866
2012-01-01,20.4614
2012-01-02,20.4359
2012-01-03,20.3338
2012-01-04,20.3208
2012-01-05,20.2825
2012-01-06,20.2497
2012-01-07,20.2495
2012-01-08,20.2353
2012-01-09,20.2194
2012-01-10,20.2239
2012-01-11,20.2425
2012-01-12,20.2184
2012-01-13,20.1952
2012-01-14,20.2121
2012-01-15,20.1421
2012-01-16,20.0955
2012-01-17,20.1065
2012-01-18,20.0946
2012-01-19,20.0751
2012-01-20,20.0434
2012-01-21,20.0123
2012-01-22,19.9599
2012-01-23,19.9526
2012-01-24,19.9256
2012-01-25,19.8999
2012-01-26,19.8712
2012-01-27,19.8606
2012-01-28,19.8594
2012-01-29,19.8512
2012-01-30,19.8282
2012-01-31,19.7897
2012-02-01,19.7681
2012-02-02,19.7336
2012-02-03,19.7211
2012-02-04,19.7180
2012-02-05,19.7312
2012-02-06,19.7419
2012-02-07,19.7498
2012-02-08,19.7266
2012-02-09,19.6949
2012-02-10,19.6664
2012-02-11,19.6477
2012-02-12,19.6324
2012-02-13,19.6249
2012-02-14,19.6038
2012-02-15,19.5852
2012-02-16,19.5724
2012-02-17,19.5659
2012-02-18,19.5622
2012-02-19,19.5613
2012-02-20,19.5455
2012-02-21,19.5648
2012-02-22,19.6101
2012-02-23,19.6525
2012-02-24,19.6664
2012-02-25,19.6596
2012-02-26,19.6245
2012-02-27,19.5881
2012-02-28,19.5728
2012-02-29,19.5620
2012-03-01,19.5630
2012-03-02,19.5555
2012-03-03,19.5555
2012-03-04,19.5438
2012-03-05,19.5328
2012-03-06,19.5201
2012-03-07,19.4959
2012-03-08,19.4780
2012-03-09,19.4659
2012-03-10,19.4560
2012-03-11,19.4540
2012-03-12,19.4595
2012-03-13,19.4688
2012-03-14,19.4897
2012-03-15,19.5004
2012-03-16,19.5100
2012-03-17,19.5020
2012-03-18,19.4966
2012-03-19,19.4936
2012-03-20,19.5132
2012-03-21,19.5487
2012-03-22,19.5661
2012-03-23,19.5878
2012-03-24,19.6419
2012-03-25,19.6624
2012-03-26,19.6922
2012-03-27,19.7189
2012-03-28,19.7377
2012-03-29,19.7315
2012-03-30,19.7184
2012-03-31,19.7086
2012-04-01,19.7008
2012-04-02,19.7015
2012-04-03,19.7372
2012-04-04,19.7715
2012-04-05,19.7682
2012-04-06,19.7949
2012-04-07,19.8236
2012-04-08,19.8441
2012-04-09,19.8806
2012-04-10,19.9073
2012-04-11,19.9445
2012-04-12,19.9828
2012-04-13,20.0089
2012-04-14,20.0237
2012-04-15,20.0271
2012-04-16,20.0308
2012-04-17,20.0708
2012-04-18,20.1102
2012-04-19,20.1510
2012-04-20,20.1933
2012-04-21,20.2244
2012-04-22,20.2428
2012-04-23,20.2389
2012-04-24,20.2284
2012-04-25,20.2581
2012-04-26,20.3069
2012-04-27,20.3589
2012-04-28,20.3883
2012-04-29,20.4249
2012-04-30,20.4799
2012-05-01,20.5134
2012-05-02,20.5585
2012-05-03,20.5935
2012-05-04,20.6593
2012-05-05,20.6985
2012-05-06,20.7190
2012-05-07,20.7140
2012-05-08,20.7126
2012-05-09,20.7276
2012-05-10,20.7625
2012-05-11,20.7943
2012-05-12,20.8522
2012-05-13,20.9013
2012-05-14,20.9546
2012-05-15,20.9960
2012-05-16,21.0284
2012-05-17,21.0568
2012-05-18,21.0738
2012-05-19,21.0956
2012-05-20,21.1310
2012-05-21,21.1619
2012-05-22,21.2192
2012-05-23,21.2510
2012-05-24,21.2737
2012-05-25,21.2935
2012-05-26,21.3021
2012-05-27,21.3266
2012-05-28,21.3751
2012-05-29,21.3985
2012-05-30,21.4486
2012-05-31,21.5300
2012-06-01,21.5983
2012-06-02,21.6569
2012-06-03,21.6940
2012-06-04,21.6977
2012-06-05,21.7045
2012-06-06,21.7080
2012-06-07,21.7242
2012-06-08,21.7432
2012-06-09,21.7585
2012-06-10,21.7838
2012-06-11,21.8216
2012-06-12,21.8574
2012-06-13,21.8833
2012-06-14,21.9180
2012-06-15,21.9593
2012-06-16,22.0207
2012-06-17,22.0776
2012-06-18,22.1294
2012-06-19,22.1681
2012-06-20,22.1983
2012-06-21,22.2207
2012-06-22,22.2491
2012-06-23,22.2987
2012-06-24,22.3713
2012-06-25,22.4395
2012-06-26,22.4876
2012-06-27,22.5400
2012-06-28,22.5969
2012-06-29,22.6286
2012-06-30,22.6538
2012-07-01,22.7010
2012-07-02,22.7417
2012-07-03,22.7704
2012-07-04,22.7899
2012-07-05,22.8110
2012-07-06,22.8410
2012-07-07,22.8914
2012-07-08,22.9394
2012-07-09,23.0062
2012-07-10,23.0624
2012-07-11,23.1114
2012-07-12,23.1743
2012-07-13,23.2654
2012-07-14,23.3362
2012-07-15,23.4282
2012-07-16,23.4975
2012-07-17,23.5197
2012-07-18,23.5667
2012-07-19,23.6248
2012-07-20,23.6820
2012-07-21,23.7329
2012-07-22,23.7780
2012-07-23,23.7924
2012-07-24,23.8008
2012-07-25,23.8314
2012-07-26,23.8788
2012-07-27,23.9279
2012-07-28,23.9797
2012-07-29,24.0067
2012-07-30,24.0132
2012-07-31,24.0086
2012-08-01,23.9887
2012-08-02,23.9696
2012-08-03,23.9712
2012-08-04,23.9749
2012-08-05,23.9860
2012-08-06,23.9915
2012-08-07,24.0223
2012-08-08,24.0451
2012-08-09,24.0719
2012-08-10,24.0981
2012-08-11,24.1027
2012-08-12,24.1158
2012-08-13,24.1169
2012-08-14,24.0979
2012-08-15,24.0767
2012-08-16,24.0860
2012-08-17,24.1603
2012-08-18,24.1960
2012-08-19,24.2472
2012-08-20,24.2964
2012-08-21,24.3515
2012-08-22,24.3791
2012-08-23,24.3942
2012-08-24,24.4054
2012-08-25,24.4574
2012-08-26,24.4805
2012-08-27,24.4941
2012-08-28,24.5002
2012-08-29,24.4928
2012-08-30,24.4765
2012-08-31,24.4880
2012-09-01,24.5251
2012-09-02,24.5401
2012-09-03,24.5415
2012-09-04,24.5452
2012-09-05,24.5351
2012-09-06,24.5256
2012-09-07,24.5239
2012-09-08,24.5075
2012-09-09,24.4890
2012-09-10,24.4910
2012-09-11,24.4841
2012-09-12,24.4779
2012-09-13,24.4474
2012-09-14,24.4096
2012-09-15,24.3743
2012-09-16,24.3609
2012-09-17,24.3122
2012-09-18,24.2675
2012-09-19,24.2443
2012-09-20,24.2159
2012-09-21,24.1653
2012-09-22,24.1326
2012-09-23,24.1175
2012-09-24,24.1016
2012-09-25,24.0680
2012-09-26,24.0123
2012-09-27,23.9673
2012-09-28,23.9327
2012-09-29,23.8812
2012-09-30,23.8347
2012-10-01,23.8255
2012-10-02,23.8197
2012-10-03,23.8175
2012-10-04,23.8061
2012-10-05,23.7899
2012-10-06,23.7952
2012-10-07,23.7787
2012-10-08,23.7426
2012-10-09,23.6971
2012-10-10,23.6345
2012-10-11,23.5838
2012-10-12,23.5551
2012-10-13,23.5096
2012-10-14,23.4547
2012-10-15,23.4016
2012-10-16,23.3476
2012-10-17,23.3064
2012-10-18,23.2726
2012-10-19,23.2393
2012-10-20,23.1837
2012-10-21,23.1627
2012-10-22,23.1095
2012-10-23,23.0357
2012-10-24,22.9868
2012-10-25,22.9651
2012-10-26,22.9551
2012-10-27,22.9386
2012-10-28,22.8950
2012-10-29,22.8757
2012-10-30,22.8407
2012-10-31,22.8078
2012-11-01,22.7658
2012-11-02,22.7217
2012-11-03,22.6796
2012-11-04,22.6545
2012-11-05,22.6363
2012-11-06,22.6250
2012-11-07,22.6110
2012-11-08,22.5867
2012-11-09,22.5422
2012-11-10,22.5007
2012-11-11,22.4527
2012-11-12,22.4240
2012-11-13,22.3979
2012-11-14,22.3848
2012-11-15,22.3679
2012-11-16,22.3278
2012-11-17,22.2711
2012-11-18,22.2107
2012-11-19,22.1607
2012-11-20,22.1011
2012-11-21,22.0332
2012-11-22,21.9716
2012-11-23,21.9334
2012-11-24,21.8891
2012-11-25,21.8346
2012-11-26,21.7836
2012-11-27,21.7321
2012-11-28,21.7051
2012-11-29,21.6755
2012-11-30,21.6410
2012-12-01,21.6209
2012-12-02,21.5708
2012-12-03,21.5264
2012-12-04,21.5033
2012-12-05,21.4645
2012-12-06,21.4198
2012-12-07,21.3792
2012-12-08,21.3751
2012-12-09,21.3614
2012-12-10,21.3286
2012-12-11,21.2899
2012-12-12,21.2699
2012-12-13,21.2315
2012-12-14,21.1759
2012-12-15,21.1341
2012-12-16,21.0893
2012-12-17,21.0526
2012-12-18,21.0242
2012-12-19,20.9831
2012-12-20,20.9575
2012-12-21,20.9273
2012-12-22,20.8881
2012-12-23,20.8504
2012-12-24,20.8270
2012-12-25,20.8071
2012-12-26,20.7941
2012-12-27,20.7670
2012-12-28,20.7329
2012-12-29,20.6791
2012-12-30,20.6391
2012-12-31,20.5807
2013-01-01,20.5063
2013-01-02,20.4553
2013-01-03,20.4069
2013-01-04,20.3541
2013-01-05,20.2894
2013-01-06,20.2272
2013-01-07,20.1641
2013-01-08,20.1018
2013-01-09,20.0539
2013-01-10,20.0344
2013-01-11,20.0301
2013-01-12,20.0079
2013-01-13,19.9801
2013-01-14,19.9665
2013-01-15,19.9626
2013-01-16,19.9381
2013-01-17,19.9216
2013-01-18,19.9069
2013-01-19,19.9071
2013-01-20,19.8987
2013-01-21,19.8904
2013-01-22,19.8806
2013-01-23,19.8579
2013-01-24,19.8487
2013-01-25,19.8379
2013-01-26,19.8128
2013-01-27,19.7818
2013-01-28,19.7548
2013-01-29,19.7295
2013-01-30,19.7008
2013-01-31,19.6930
2013-02-01,19.6875
2013-02-02,19.6933
2013-02-03,19.6741
2013-02-04,19.6578
2013-02-05,19.6368
2013-02-06,19.6306
2013-02-07,19.6307
2013-02-08,19.6373
2013-02-09,19.6482
2013-02-10,19.6482
2013-02-11,19.6521
2013-02-12,19.6584
2013-02-13,19.6455
2013-02-14,19.6158
2013-02-15,19.6145
2013-02-16,19.6218
2013-02-17,19.6120
2013-02-18,19.5907
2013-02-19,19.5889
2013-02-20,19.5885
2013-02-21,19.5854
2013-02-22,19.5874
2013-02-23,19.5909
2013-02-24,19.5724
2013-02-25,19.5481
2013-02-26,19.5356
2013-02-27,19.5268
2013-02-28,19.5077
2013-03-01,19.4999
2013-03-02,19.5054
2013-03-03,19.5284
2013-03-04,19.5492
2013-03-05,19.5705
2013-03-06,19.5848
2013-03-07,19.5874
2013-03-08,19.5761
2013-03-09,19.5340
2013-03-10,19.5003
2013-03-11,19.4924
2013-03-12,19.4932
2013-03-13,19.5161
2013-03-14,19.5444
2013-03-15,19.5875
2013-03-16,19.6155
2013-03-17,19.6280
2013-03-18,19.6440
2013-03-19,19.6735
2013-03-20,19.6890
2013-03-21,19.6942
2013-03-22,19.7002
2013-03-23,19.6978
2013-03-24,19.7214
2013-03-25,19.7561
2013-03-26,19.7800
2013-03-27,19.8108
2013-03-28,19.8508
2013-03-29,19.8802
2013-03-30,19.9087
2013-03-31,19.9496
2013-04-01,19.9956
2013-04-02,20.0529
2013-04-03,20.1031
2013-04-04,20.1366
2013-04-05,20.1488
2013-04-06,20.1447
2013-04-07,20.1646
2013-04-08,20.1674
2013-04-09,20.1638
2013-04-10,20.1732
2013-04-11,20.1677
2013-04-12,20.1627
2013-04-13,20.1498
2013-04-14,20.1485
2013-04-15,20.1591
2013-04-16,20.1624
2013-04-17,20.1634
2013-04-18,20.1639
2013-04-19,20.1654
2013-04-20,20.1852
2013-04-21,20.1915
2013-04-22,20.2187
2013-04-23,20.2618
2013-04-24,20.3063
2013-04-25,20.3617
2013-04-26,20.4112
2013-04-27,20.4565
2013-04-28,20.4669
2013-04-29,20.4958
2013-04-30,20.5190
2013-05-01,20.5566
2013-05-02,20.6000
2013-05-03,20.6623
2013-05-04,20.7204
2013-05-05,20.7699
2013-05-06,20.8256
2013-05-07,20.8779
2013-05-08,20.9156
2013-05-09,20.9300
2013-05-10,20.9569
2013-05-11,20.9987
2013-05-12,21.0407
2013-05-13,21.0700
2013-05-14,21.1052
2013-05-15,21.1288
2013-05-16,21.1633
2013-05-17,21.1948
2013-05-18,21.2182
2013-05-19,21.2271
2013-05-20,21.2493
2013-05-21,21.2832
2013-05-22,21.3266
2013-05-23,21.3807
2013-05-24,21.4118
2013-05-25,21.4349
2013-05-26,21.4733
2013-05-27,21.4974
2013-05-28,21.5446
2013-05-29,21.5961
2013-05-30,21.6318
2013-05-31,21.6647
2013-06-01,21.7192
2013-06-02,21.7675
2013-06-03,21.8047
2013-06-04,21.8699
2013-06-05,21.9306
2013-06-06,21.9592
2013-06-07,21.9876
2013-06-08,22.0182
2013-06-09,22.0712
2013-06-10,22.1164
2013-06-11,22.1536
2013-06-12,22.2028
2013-06-13,22.2588
2013-06-14,22.3300
2013-06-15,22.4082
2013-06-16,22.4718
2013-06-17,22.5228
2013-06-18,22.5556
2013-06-19,22.5882
2013-06-20,22.6186
2013-06-21,22.6525
2013-06-22,22.6815
2013-06-23,22.7210
2013-06-24,22.7618
2013-06-25,22.7993
2013-06-26,22.8326
2013-06-27,22.8716
2013-06-28,22.8910
2013-06-29,22.9268
2013-06-30,22.9656
2013-07-01,23.0277
2013-07-02,23.0862
2013-07-03,23.1696
2013-07-04,23.2260
2013-07-05,23.2689
2013-07-06,23.3085
2013-07-07,23.3510
2013-07-08,23.4182
2013-07-09,23.4966
2013-07-10,23.5548
2013-07-11,23.6313
2013-07-12,23.7087
2013-07-13,23.7945
2013-07-14,23.8663
2013-07-15,23.9366
2013-07-16,23.9904
2013-07-17,24.0569
2013-07-18,24.1430
2013-07-19,24.1809
2013-07-20,24.2257
2013-07-21,24.2870
2013-07-22,24.3202
2013-07-23,24.3355
2013-07-24,24.3630
2013-07-25,24.3913
2013-07-26,24.4002
2013-07-27,24.4050
2013-07-28,24.4200
2013-07-29,24.4353
2013-07-30,24.4620
2013-07-31,24.4595
2013-08-01,24.4657
2013-08-02,24.4831
2013-08-03,24.5261
2013-08-04,24.5580
2013-08-05,24.5969
2013-08-06,24.6521
2013-08-07,24.6700
2013-08-08,24.6744
2013-08-09,24.6902
2013-08-10,24.7101
2013-08-11,24.7555
2013-08-12,24.7840
2013-08-13,24.7981
2013-08-14,24.8236
2013-08-15,24.8445
2013-08-16,24.8532
2013-08-17,24.8201
2013-08-18,24.8094
2013-08-19,24.8204
2013-08-20,24.8255
2013-08-21,24.8274
2013-08-22,24.8571
2013-08-23,24.8810
2013-08-24,24.8818
2013-08-25,24.8508
2013-08-26,24.8488
2013-08-27,24.8801
2013-08-28,24.8917
2013-08-29,24.8896
2013-08-30,24.9016
2013-08-31,24.9332
2013-09-01,24.9480
2013-09-02,24.9521
2013-09-03,24.9423
2013-09-04,24.9448
2013-09-05,24.9386
2013-09-06,24.9264
2013-09-07,24.9211
2013-09-08,24.8961
2013-09-09,24.9034
2013-09-10,24.9105
2013-09-11,24.9246
2013-09-12,24.9309
2013-09-13,24.9224
2013-09-14,24.8954
2013-09-15,24.8304
2013-09-16,24.7765
2013-09-17,24.7225
2013-09-18,24.6726
2013-09-19,24.6292
2013-09-20,24.5954
2013-09-21,24.5606
2013-09-22,24.5216
2013-09-23,24.4558
2013-09-24,24.3905
2013-09-25,24.3374
2013-09-26,24.3097
2013-09-27,24.2804
2013-09-28,24.2570
2013-09-29,24.2026
2013-09-30,24.1761
2013-10-01,24.1589
2013-10-02,24.1457
2013-10-03,24.1007
2013-10-04,24.0310
2013-10-05,23.9636
2013-10-06,23.9121
2013-10-07,23.8641
2013-10-08,23.8196
2013-10-09,23.7676
2013-10-10,23.7116
2013-10-11,23.6707
2013-10-12,23.6345
2013-10-13,23.6116
2013-10-14,23.5673
2013-10-15,23.5060
2013-10-16,23.4463
2013-10-17,23.3932
2013-10-18,23.3807
2013-10-19,23.3475
2013-10-20,23.3192
2013-10-21,23.2918
2013-10-22,23.2681
2013-10-23,23.2529
2013-10-24,23.2330
2013-10-25,23.1865
2013-10-26,23.1377
2013-10-27,23.1101
2013-10-28,23.1013
2013-10-29,23.0964
2013-10-30,23.0776
2013-10-31,23.0475
2013-11-01,23.0058
2013-11-02,22.9639
2013-11-03,22.9077
2013-11-04,22.8408
2013-11-05,22.7791
2013-11-06,22.7191
2013-11-07,22.6485
2013-11-08,22.5934
2013-11-09,22.5672
2013-11-10,22.5420
2013-11-11,22.5196
2013-11-12,22.5176
2013-11-13,22.4864
2013-11-14,22.4403
2013-11-15,22.4047
2013-11-16,22.3924
2013-11-17,22.3991
2013-11-18,22.3807
2013-11-19,22.3735
2013-11-20,22.3518
2013-11-21,22.3224
2013-11-22,22.2746
2013-11-23,22.2307
2013-11-24,22.1918
2013-11-25,22.1545
2013-11-26,22.1013
2013-11-27,22.0347
2013-11-28,21.9681
2013-11-29,21.9020
2013-11-30,21.8567
2013-12-01,21.8037
2013-12-02,21.7672
2013-12-03,21.7346
2013-12-04,21.6995
2013-12-05,21.6631
2013-12-06,21.6341
2013-12-07,21.6017
2013-12-08,21.5767
2013-12-09,21.5173
2013-12-10,21.4490
2013-12-11,21.4030
2013-12-12,21.3769
2013-12-13,21.3412
2013-12-14,21.3186
2013-12-15,21.3046
2013-12-16,21.3044
2013-12-17,21.2725
2013-12-18,21.2184
2013-12-19,21.1742
2013-12-20,21.1278
2013-12-21,21.0904
2013-12-22,21.0699
2013-12-23,21.0372
2013-12-24,21.0121
2013-12-25,20.9861
2013-12-26,20.9249
2013-12-27,20.8677
2013-12-28,20.8217
2013-12-29,20.7755
2013-12-30,20.7541
2013-12-31,20.7211
2014-01-01,20.7053
2014-01-02,20.7015
2014-01-03,20.7071
2014-01-04,20.7102
2014-01-05,20.6954
2014-01-06,20.6625
2014-01-07,20.6331
2014-01-08,20.6168
2014-01-09,20.5759
2014-01-10,20.5377
2014-01-11,20.5149
2014-01-12,20.4985
2014-01-13,20.4800
2014-01-14,20.4511
2014-01-15,20.4301
2014-01-16,20.4106
2014-01-17,20.3979
2014-01-18,20.3824
2014-01-19,20.3573
2014-01-20,20.3211
2014-01-21,20.2930
2014-01-22,20.2446
2014-01-23,20.2172
2014-01-24,20.1818
2014-01-25,20.1377
2014-01-26,20.0730
2014-01-27,20.0189
2014-01-28,19.9715
2014-01-29,19.9292
2014-01-30,19.9159
2014-01-31,19.9088
2014-02-01,19.9300
2014-02-02,19.9460
2014-02-03,19.9559
2014-02-04,19.9461
2014-02-05,19.9397
2014-02-06,19.9341
2014-02-07,19.9371
2014-02-08,19.9576
2014-02-09,19.9865
2014-02-10,20.0027
2014-02-11,19.9840
2014-02-12,19.9538
2014-02-13,19.9297
2014-02-14,19.9173
2014-02-15,19.9170
2014-02-16,19.9417
2014-02-17,19.9396
2014-02-18,19.9429
2014-02-19,19.9321
2014-02-20,19.9283
2014-02-21,19.9216
2014-02-22,19.9073
2014-02-23,19.9013
2014-02-24,19.8947
2014-02-25,19.8967
2014-02-26,19.8944
2014-02-27,19.8706
2014-02-28,19.8383
2014-03-01,19.8223
2014-03-02,19.8200
2014-03-03,19.8074
2014-03-04,19.7865
2014-03-05,19.7881
2014-03-06,19.8113
2014-03-07,19.8570
2014-03-08,19.8793
2014-03-09,19.9124
2014-03-10,19.9335
2014-03-11,19.9550
2014-03-12,19.9553
2014-03-13,19.9631
2014-03-14,19.9579
2014-03-15,19.9432
2014-03-16,19.9334
2014-03-17,19.9409
2014-03-18,19.9590
2014-03-19,19.9795
2014-03-20,20.0159
2014-03-21,20.0580
2014-03-22,20.1024
2014-03-23,20.1430
2014-03-24,20.1446
2014-03-25,20.1468
2014-03-26,20.1809
2014-03-27,20.2286
2014-03-28,20.2506
2014-03-29,20.2364
2014-03-30,20.2232
2014-03-31,20.2207
2014-04-01,20.2384
2014-04-02,20.2418
2014-04-03,20.2372
2014-04-04,20.2263
2014-04-05,20.2285
2014-04-06,20.2408
2014-04-07,20.2559
2014-04-08,20.3074
2014-04-09,20.3570
2014-04-10,20.3840
2014-04-11,20.4125
2014-04-12,20.4362
2014-04-13,20.4670
2014-04-14,20.5106
2014-04-15,20.5410
2014-04-16,20.5521
2014-04-17,20.5853
2014-04-18,20.6250
2014-04-19,20.6603
2014-04-20,20.6756
2014-04-21,20.6844
2014-04-22,20.7133
2014-04-23,20.7528
2014-04-24,20.7924
2014-04-25,20.8066
2014-04-26,20.8108
2014-04-27,20.8124
2014-04-28,20.8321
2014-04-29,20.8660
2014-04-30,20.9290
2014-05-01,20.9540
2014-05-02,20.9442
2014-05-03,20.9620
2014-05-04,20.9901
2014-05-05,21.0051
2014-05-06,21.0210
2014-05-07,21.0072
2014-05-08,20.9778
2014-05-09,20.9717
2014-05-10,20.9902
2014-05-11,21.0153
2014-05-12,21.0375
2014-05-13,21.0986
2014-05-14,21.1738
2014-05-15,21.2617
2014-05-16,21.3304
2014-05-17,21.3739
2014-05-18,21.4048
2014-05-19,21.4341
2014-05-20,21.5118
2014-05-21,21.5819
2014-05-22,21.6528
2014-05-23,21.6876
2014-05-24,21.7153
2014-05-25,21.7402
2014-05-26,21.7744
2014-05-27,21.8099
2014-05-28,21.8546
2014-05-29,21.9110
2014-05-30,21.9749
2014-05-31,22.0255
2014-06-01,22.0671
2014-06-02,22.1217
2014-06-03,22.1881
2014-06-04,22.2310
2014-06-05,22.2781
2014-06-06,22.3199
2014-06-07,22.3565
2014-06-08,22.3997
2014-06-09,22.4672
2014-06-10,22.5321
2014-06-11,22.5933
2014-06-12,22.6428
2014-06-13,22.6695
2014-06-14,22.7260
2014-06-15,22.7862
2014-06-16,22.8445
2014-06-17,22.8954
2014-06-18,22.9064
2014-06-19,22.9346
2014-06-20,22.9591
2014-06-21,22.9938
2014-06-22,23.0436
2014-06-23,23.1160
2014-06-24,23.1868
2014-06-25,23.2312
2014-06-26,23.2756
2014-06-27,23.3396
2014-06-28,23.4003
2014-06-29,23.4118
2014-06-30,23.4156
2014-07-01,23.4275
2014-07-02,23.4178
2014-07-03,23.4122
2014-07-04,23.4313
2014-07-05,23.5386
2014-07-06,23.5806
2014-07-07,23.6198
2014-07-08,23.6643
2014-07-09,23.6963
2014-07-10,23.7330
2014-07-11,23.7901
2014-07-12,23.8412
2014-07-13,23.8932
2014-07-14,23.9510
2014-07-15,23.9963
2014-07-16,24.0275
2014-07-17,24.0563
2014-07-18,24.0950
2014-07-19,24.1451
2014-07-20,24.1729
2014-07-21,24.1867
2014-07-22,24.2395
2014-07-23,24.3021
2014-07-24,24.3175
2014-07-25,24.3386
2014-07-26,24.3632
2014-07-27,24.4058
2014-07-28,24.4643
2014-07-29,24.5576
2014-07-30,24.6266
2014-07-31,24.6849
2014-08-01,24.7144
2014-08-02,24.7365
2014-08-03,24.7529
2014-08-04,24.7697
2014-08-05,24.8015
2014-08-06,24.8345
2014-08-07,24.8954
2014-08-08,24.9466
2014-08-09,24.9607
2014-08-10,24.9457
2014-08-11,24.9496
2014-08-12,24.9685
2014-08-13,24.9856
2014-08-14,25.0090
2014-08-15,25.0379
2014-08-16,25.0698
2014-08-17,25.1071
2014-08-18,25.1593
2014-08-19,25.2018
2014-08-20,25.2237
2014-08-21,25.2275
2014-08-22,25.2480
2014-08-23,25.2328
2014-08-24,25.2063
2014-08-25,25.1830
2014-08-26,25.1751
2014-08-27,25.1950
2014-08-28,25.2162
2014-08-29,25.2343
2014-08-30,25.2542
2014-08-31,25.2597
2014-09-01,25.2619
2014-09-02,25.2416
2014-09-03,25.2157
2014-09-04,25.1832
2014-09-05,25.1635
2014-09-06,25.1769
2014-09-07,25.1860
2014-09-08,25.1928
2014-09-09,25.1960
2014-09-10,25.2028
2014-09-11,25.1915
2014-09-12,25.1795
2014-09-13,25.1507
2014-09-14,25.1188
2014-09-15,25.1002
2014-09-16,25.0862
2014-09-17,25.0753
2014-09-18,25.0663
2014-09-19,25.0584
2014-09-20,25.0368
2014-09-21,25.0172
2014-09-22,25.0080
2014-09-23,24.9611
2014-09-24,24.9103
2014-09-25,24.8519
2014-09-26,24.7788
2014-09-27,24.7153
2014-09-28,24.6692
2014-09-29,24.6103
2014-09-30,24.5558
2014-10-01,24.5026
2014-10-02,24.4666
2014-10-03,24.4421
2014-10-04,24.3952
2014-10-05,24.3390
2014-10-06,24.2985
2014-10-07,24.2523
2014-10-08,24.2022
2014-10-09,24.1588
2014-10-10,24.1012
2014-10-11,24.0264
2014-10-12,23.9758
2014-10-13,23.9071
2014-10-14,23.8560
2014-10-15,23.8304
2014-10-16,23.8104
2014-10-17,23.7779
2014-10-18,23.7581
2014-10-19,23.7332
2014-10-20,23.6885
2014-10-21,23.6537
2014-10-22,23.6106
2014-10-23,23.5785
2014-10-24,23.5550
2014-10-25,23.5399
2014-10-26,23.5226
2014-10-27,23.4874
2014-10-28,23.4530
2014-10-29,23.4124
2014-10-30,23.3468
2014-10-31,23.2917
2014-11-01,23.2462
2014-11-02,23.2036
2014-11-03,23.1523
2014-11-04,23.0907
2014-11-05,23.0295
2014-11-06,22.9824
2014-11-07,22.9429
2014-11-08,22.9007
2014-11-09,22.8643
2014-11-10,22.8349
2014-11-11,22.8025
2014-11-12,22.7729
2014-11-13,22.7512
2014-11-14,22.7460
2014-11-15,22.7288
2014-11-16,22.7014
2014-11-17,22.6802
2014-11-18,22.6536
2014-11-19,22.6305
2014-11-20,22.5960
2014-11-21,22.5480
2014-11-22,22.4933
2014-11-23,22.4304
2014-11-24,22.3658
2014-11-25,22.3132
2014-11-26,22.2558
2014-11-27,22.2219
2014-11-28,22.1795
2014-11-29,22.1230
2014-11-30,22.0858
2014-12-01,22.0688
2014-12-02,22.0235
2014-12-03,21.9679
2014-12-04,21.9221
2014-12-05,21.8930
2014-12-06,21.8509
2014-12-07,21.8020
2014-12-08,21.7765
2014-12-09,21.7283
2014-12-10,21.6714
2014-12-11,21.6105
2014-12-12,21.5469
2014-12-13,21.5017
2014-12-14,21.4660
2014-12-15,21.4435
2014-12-16,21.3988
2014-12-17,21.3472
2014-12-18,21.2997
2014-12-19,21.2593
2014-12-20,21.2274
2014-12-21,21.1787
2014-12-22,21.1180
2014-12-23,21.0498
2014-12-24,21.0002
2014-12-25,20.9712
2014-12-26,20.9621
2014-12-27,20.9679
2014-12-28,20.9478
2014-12-29,20.9042
2014-12-30,20.8853
2014-12-31,20.8673
2015-01-01,20.8336
2015-01-02,20.8021
2015-01-03,20.7621
2015-01-04,20.7287
2015-01-05,20.7111
2015-01-06,20.6959
2015-01-07,20.6603
2015-01-08,20.6321
2015-01-09,20.6069
2015-01-10,20.5787
2015-01-11,20.5652
2015-01-12,20.5460
2015-01-13,20.5327
2015-01-14,20.5153
2015-01-15,20.5124
2015-01-16,20.5003
2015-01-17,20.4953
2015-01-18,20.4798
2015-01-19,20.4689
2015-01-20,20.4755
2015-01-21,20.4719
2015-01-22,20.4563
2015-01-23,20.4302
2015-01-24,20.3903
2015-01-25,20.3631
2015-01-26,20.3237
2015-01-27,20.2900
2015-01-28,20.2466
2015-01-29,20.2297
2015-01-30,20.2160
2015-01-31,20.2272
2015-02-01,20.2161
2015-02-02,20.1955
2015-02-03,20.1978
2015-02-04,20.1871
2015-02-05,20.1804
2015-02-06,20.1832
2015-02-07,20.1703
2015-02-08,20.1609
2015-02-09,20.1445
2015-02-10,20.1226
2015-02-11,20.1083
2015-02-12,20.1151
2015-02-13,20.1350
2015-02-14,20.1505
2015-02-15,20.1656
2015-02-16,20.1808
2015-02-17,20.1824
2015-02-18,20.1666
2015-02-19,20.1458
2015-02-20,20.1384
2015-02-21,20.1396
2015-02-22,20.1361
2015-02-23,20.1314
2015-02-24,20.1276
2015-02-25,20.1046
2015-02-26,20.0761
2015-02-27,20.0739
2015-02-28,20.0625
2015-03-01,20.0424
2015-03-02,20.0042
2015-03-03,19.9936
2015-03-04,19.9960
2015-03-05,19.9926
2015-03-06,20.0069
2015-03-07,20.0239
2015-03-08,20.0271
2015-03-09,20.0355
2015-03-10,20.0275
2015-03-11,20.0081
2015-03-12,19.9950
2015-03-13,19.9930
2015-03-14,19.9940
2015-03-15,20.0185
2015-03-16,20.0553
2015-03-17,20.0950
2015-03-18,20.1166
2015-03-19,20.1329
2015-03-20,20.1423
2015-03-21,20.1607
2015-03-22,20.1634
2015-03-23,20.1829
2015-03-24,20.2053
2015-03-25,20.2229
2015-03-26,20.2211
2015-03-27,20.2311
2015-03-28,20.2611
2015-03-29,20.2933
2015-03-30,20.3215
2015-03-31,20.3634
2015-04-01,20.4236
2015-04-02,20.4786
2015-04-03,20.5135
2015-04-04,20.5518
2015-04-05,20.5762
2015-04-06,20.6095
2015-04-07,20.6416
2015-04-08,20.6471
2015-04-09,20.6674
2015-04-10,20.6837
2015-04-11,20.6987
2015-04-12,20.7297
2015-04-13,20.7516
2015-04-14,20.7578
2015-04-15,20.7620
2015-04-16,20.7674
2015-04-17,20.7814
2015-04-18,20.7914
2015-04-19,20.8088
2015-04-20,20.8268
2015-04-21,20.8341
2015-04-22,20.8462
2015-04-23,20.8633
2015-04-24,20.9182
2015-04-25,20.9540
2015-04-26,20.9795
2015-04-27,21.0076
2015-04-28,21.0416
2015-04-29,21.0896
2015-04-30,21.1354
2015-05-01,21.1876
2015-05-02,21.2492
2015-05-03,21.3032
2015-05-04,21.3388
2015-05-05,21.3473
2015-05-06,21.3570
2015-05-07,21.3771
2015-05-08,21.3977
2015-05-09,21.4182
2015-05-10,21.4388
2015-05-11,21.4475
2015-05-12,21.4482
2015-05-13,21.4721
2015-05-14,21.5010
2015-05-15,21.5439
2015-05-16,21.5786
2015-05-17,21.6395
2015-05-18,21.7061
2015-05-19,21.7405
2015-05-20,21.7646
2015-05-21,21.7892
2015-05-22,21.8091
2015-05-23,21.8587
2015-05-24,21.9114
2015-05-25,21.9568
2015-05-26,22.0326
2015-05-27,22.1070
2015-05-28,22.1523
2015-05-29,22.1750
2015-05-30,22.1971
2015-05-31,22.2313
2015-06-01,22.2693
2015-06-02,22.3421
2015-06-03,22.4053
2015-06-04,22.4359
2015-06-05,22.4483
2015-06-06,22.4777
2015-06-07,22.5265
2015-06-08,22.5589
2015-06-09,22.5869
2015-06-10,22.6243
2015-06-11,22.6587
2015-06-12,22.6988
2015-06-13,22.7476
2015-06-14,22.8084
2015-06-15,22.8671
2015-06-16,22.9004
2015-06-17,22.9315
2015-06-18,22.9615
2015-06-19,22.9964
2015-06-20,23.0633
2015-06-21,23.0948
2015-06-22,23.1172
2015-06-23,23.1592
2015-06-24,23.2181
2015-06-25,23.2519
2015-06-26,23.2819
2015-06-27,23.3023
2015-06-28,23.3454
2015-06-29,23.3723
2015-06-30,23.4118
2015-07-01,23.4564
2015-07-02,23.4787
2015-07-03,23.5066
2015-07-04,23.5423
2015-07-05,23.6080
2015-07-06,23.6681
2015-07-07,23.7061
2015-07-08,23.7424
2015-07-09,23.7796
2015-07-10,23.8470
2015-07-11,23.9317
2015-07-12,23.9944
2015-07-13,24.0457
2015-07-14,24.0701
2015-07-15,24.0939
2015-07-16,24.1101
2015-07-17,24.0915
2015-07-18,24.1330
2015-07-19,24.2062
2015-07-20,24.2649
2015-07-21,24.2996
2015-07-22,24.3154
2015-07-23,24.3456
2015-07-24,24.3794
2015-07-25,24.4084
2015-07-26,24.4470
2015-07-27,24.5325
2015-07-28,24.6222
2015-07-29,24.6810
2015-07-30,24.7576
2015-07-31,24.8098
2015-08-01,24.8447
2015-08-02,24.8690
2015-08-03,24.8771
2015-08-04,24.8787
2015-08-05,24.8894
2015-08-06,24.9120
2015-08-07,24.9581
2015-08-08,24.9767
2015-08-09,24.9846
2015-08-10,25.0196
2015-08-11,25.0420
2015-08-12,25.1016
2015-08-13,25.1509
2015-08-14,25.1783
2015-08-15,25.2110
2015-08-16,25.2136
2015-08-17,25.2133
2015-08-18,25.2181
2015-08-19,25.2293
2015-08-20,25.2508
2015-08-21,25.2586
2015-08-22,25.2633
2015-08-23,25.2742
2015-08-24,25.2640
2015-08-25,25.2661
2015-08-26,25.2666
2015-08-27,25.2618
2015-08-28,25.2424
2015-08-29,25.2412
2015-08-30,25.2335
2015-08-31,25.2261
2015-09-01,25.2319
2015-09-02,25.2384
2015-09-03,25.2334
2015-09-04,25.2300
2015-09-05,25.2210
2015-09-06,25.1985
2015-09-07,25.1642
2015-09-08,25.1415
2015-09-09,25.1349
2015-09-10,25.1134
2015-09-11,25.1107
2015-09-12,25.0978
2015-09-13,25.0932
2015-09-14,25.0988
2015-09-15,25.0868
2015-09-16,25.0903
2015-09-17,25.0634
2015-09-18,25.0331
2015-09-19,25.0260
2015-09-20,25.0064
2015-09-21,24.9695
2015-09-22,24.9476
2015-09-23,24.9419
2015-09-24,24.9382
2015-09-25,24.9302
2015-09-26,24.9039
2015-09-27,24.8946
2015-09-28,24.8750
2015-09-29,24.8496
2015-09-30,24.8124
2015-10-01,24.7462
2015-10-02,24.6702
2015-10-03,24.5983
2015-10-04,24.5551
2015-10-05,24.5310
2015-10-06,24.5082
2015-10-07,24.4635
2015-10-08,24.4380
2015-10-09,24.4130
2015-10-10,24.3801
2015-10-11,24.3422
2015-10-12,24.2981
2015-10-13,24.2542
2015-10-14,24.2043
2015-10-15,24.1662
2015-10-16,24.1282
2015-10-17,24.0808
2015-10-18,24.0514
2015-10-19,24.0154
2015-10-20,23.9623
2015-10-21,23.9150
2015-10-22,23.8591
2015-10-23,23.8346
2015-10-24,23.7979
2015-10-25,23.7483
2015-10-26,23.6961
2015-10-27,23.6385
2015-10-28,23.6122
2015-10-29,23.6026
2015-10-30,23.5791
2015-10-31,23.5575
2015-11-01,23.5334
2015-11-02,23.4983
2015-11-03,23.4440
2015-11-04,23.4199
2015-11-05,23.4068
2015-11-06,23.3829
2015-11-07,23.3318
2015-11-08,23.2862
2015-11-09,23.2449
2015-11-10,23.2101
2015-11-11,23.1748
2015-11-12,23.1557
2015-11-13,23.1294
2015-11-14,23.0902
2015-11-15,23.0397
2015-11-16,22.9788
2015-11-17,22.9371
2015-11-18,22.8900
2015-11-19,22.8412
2015-11-20,22.7953
2015-11-21,22.7682
2015-11-22,22.7511
2015-11-23,22.7220
2015-11-24,22.6916
2015-11-25,22.6344
2015-11-26,22.5631
2015-11-27,22.4885
2015-11-28,22.4181
2015-11-29,22.3932
2015-11-30,22.3518
2015-12-01,22.3158
2015-12-02,22.2681
2015-12-03,22.2122
2015-12-04,22.1624
2015-12-05,22.1162
2015-12-06,22.0755
2015-12-07,22.0287
2015-12-08,21.9870
2015-12-09,21.9371
2015-12-10,21.8815
2015-12-11,21.8349
2015-12-12,21.7860
2015-12-13,21.7445
2015-12-14,21.7215
2015-12-15,21.6978
2015-12-16,21.6714
2015-12-17,21.6400
2015-12-18,21.6105
2015-12-19,21.5875
2015-12-20,21.5253
2015-12-21,21.4658
2015-12-22,21.4259
2015-12-23,21.4082
2015-12-24,21.3722
2015-12-25,21.3335
2015-12-26,21.2762
2015-12-27,21.2227
2015-12-28,21.1779
2015-12-29,21.1271
2015-12-30,21.0813
2015-12-31,21.0402
2016-01-01,20.9741
2016-01-02,20.9586
2016-01-03,20.9412
2016-01-04,20.9218
2016-01-05,20.8936
2016-01-06,20.8800
2016-01-07,20.8649
2016-01-08,20.8525
2016-01-09,20.8251
2016-01-10,20.8372
2016-01-11,20.8112
2016-01-12,20.7839
2016-01-13,20.7587
2016-01-14,20.7276
2016-01-15,20.6882
2016-01-16,20.6647
2016-01-17,20.6516
2016-01-18,20.6331
2016-01-19,20.6003
2016-01-20,20.5625
2016-01-21,20.5312
2016-01-22,20.4997
2016-01-23,20.4640
2016-01-24,20.4252
2016-01-25,20.4104
2016-01-26,20.3989
2016-01-27,20.3913
2016-01-28,20.3745
2016-01-29,20.3513
2016-01-30,20.3244
2016-01-31,20.2965
2016-02-01,20.2794
2016-02-02,20.2543
2016-02-03,20.2356
2016-02-04,20.2344
2016-02-05,20.2244
2016-02-06,20.2033
2016-02-07,20.1751
2016-02-08,20.1548
2016-02-09,20.1469
2016-02-10,20.1418
2016-02-11,20.1361
2016-02-12,20.1322
2016-02-13,20.1305
2016-02-14,20.1222
2016-02-15,20.1028
2016-02-16,20.0858
2016-02-17,20.0890
2016-02-18,20.0832
2016-02-19,20.0733
2016-02-20,20.0617
2016-02-21,20.0470
2016-02-22,20.0291
2016-02-23,20.0349
2016-02-24,20.0501
2016-02-25,20.0480
2016-02-26,20.0412
2016-02-27,20.0492
2016-02-28,20.0313
2016-02-29,20.0224
2016-03-01,20.0214
2016-03-02,20.0227
2016-03-03,20.0271
2016-03-04,20.0264
2016-03-05,20.0351
2016-03-06,20.0311
2016-03-07,20.0103
2016-03-08,20.0009
2016-03-09,19.9847
2016-03-10,19.9827
2016-03-11,19.9751
2016-03-12,19.9714
2016-03-13,19.9831
2016-03-14,19.9854
2016-03-15,19.9830
2016-03-16,19.9740
2016-03-17,19.9685
2016-03-18,19.9805
2016-03-19,19.9719
2016-03-20,19.9682
2016-03-21,19.9910
2016-03-22,20.0188
2016-03-23,20.0376
2016-03-24,20.0413
2016-03-25,20.0573
2016-03-26,20.0758
2016-03-27,20.0994
2016-03-28,20.1119
2016-03-29,20.1089
2016-03-30,20.1218
2016-03-31,20.1601
2016-04-01,20.1841
2016-04-02,20.1968
2016-04-03,20.1971
2016-04-04,20.2091
2016-04-05,20.2172
2016-04-06,20.2338
2016-04-07,20.2450
2016-04-08,20.2723
2016-04-09,20.3079
2016-04-10,20.3444
2016-04-11,20.3672
2016-04-12,20.3796
2016-04-13,20.3881
2016-04-14,20.3909
2016-04-15,20.4026
2016-04-16,20.4034
2016-04-17,20.4199
2016-04-18,20.4450
2016-04-19,20.4820
2016-04-20,20.5511
2016-04-21,20.5812
2016-04-22,20.6218
2016-04-23,20.6750
2016-04-24,20.7096
2016-04-25,20.7419
2016-04-26,20.7671
2016-04-27,20.8124
2016-04-28,20.8430
2016-04-29,20.8453
2016-04-30,20.8857
2016-05-01,20.9016
2016-05-02,20.9324
2016-05-03,20.9356
2016-05-04,20.9550
2016-05-05,20.9822
2016-05-06,20.9867
2016-05-07,21.0026
2016-05-08,21.0374
2016-05-09,21.0899
2016-05-10,21.1015
2016-05-11,21.1626
2016-05-12,21.2227
2016-05-13,21.2863
2016-05-14,21.3351
2016-05-15,21.3772
2016-05-16,21.3900
2016-05-17,21.4310
2016-05-18,21.4758
2016-05-19,21.5068
2016-05-20,21.5258
2016-05-21,21.5480
2016-05-22,21.5778
2016-05-23,21.5831
2016-05-24,21.6464
2016-05-25,21.7071
2016-05-26,21.7691
2016-05-27,21.8297
2016-05-28,21.9074
2016-05-29,21.9627
2016-05-30,21.9904
2016-05-31,21.9931
2016-06-01,22.0204
2016-06-02,22.0402
2016-06-03,22.1405
2016-06-04,22.1609
2016-06-05,22.2260
2016-06-06,22.2873
2016-06-07,22.3695
2016-06-08,22.4170
2016-06-09,22.4832
2016-06-10,22.5191
2016-06-11,22.5717
2016-06-12,22.6251
2016-06-13,22.6524
2016-06-14,22.6782
2016-06-15,22.6994
2016-06-16,22.7510
2016-06-17,22.8075
2016-06-18,22.8778
2016-06-19,22.9538
2016-06-20,22.9885
2016-06-21,23.0299
2016-06-22,23.0657
2016-06-23,23.0851
2016-06-24,23.0937
2016-06-25,23.1384
2016-06-26,23.1971
2016-06-27,23.2653
2016-06-28,23.3359
2016-06-29,23.3855
2016-06-30,23.4483
2016-07-01,23.5326
2016-07-02,23.5718
2016-07-03,23.6074
2016-07-04,23.6325
2016-07-05,23.6566
2016-07-06,23.6550
2016-07-07,23.6704
2016-07-08,23.6903
2016-07-09,23.7228
2016-07-10,23.7658
2016-07-11,23.8107
2016-07-12,23.8683
2016-07-13,23.9282
2016-07-14,23.9804
2016-07-15,24.0245
2016-07-16,24.0760
2016-07-17,24.1140
2016-07-18,24.1232
2016-07-19,24.1420
2016-07-20,24.1768
2016-07-21,24.2039
2016-07-22,24.2280
2016-07-23,24.2537
2016-07-24,24.2763
2016-07-25,24.3324
2016-07-26,24.3976
2016-07-27,24.4529
2016-07-28,24.5175
2016-07-29,24.5767
2016-07-30,24.6097
2016-07-31,24.6319
2016-08-01,24.6576
2016-08-02,24.6886
2016-08-03,24.7147
2016-08-04,24.7214
2016-08-05,24.7233
2016-08-06,24.7356
2016-08-07,24.7462
2016-08-08,24.7538
2016-08-09,24.7164
2016-08-10,24.7322
2016-08-11,24.7806
2016-08-12,24.8146
2016-08-13,24.8440
2016-08-14,24.8783
2016-08-15,24.8880
2016-08-16,24.8925
2016-08-17,24.8903
2016-08-18,24.8749
2016-08-19,24.8801
2016-08-20,24.8914
2016-08-21,24.9170
2016-08-22,24.9300
2016-08-23,24.9296
2016-08-24,24.9495
2016-08-25,24.9632
2016-08-26,24.9764
2016-08-27,25.0120
2016-08-28,25.0143
2016-08-29,25.0091
2016-08-30,24.9965
2016-08-31,24.9840
2016-09-01,24.9968
2016-09-02,24.9948
2016-09-03,25.0093
2016-09-04,25.0203
2016-09-05,25.0216
2016-09-06,25.0392
2016-09-07,25.0659
2016-09-08,25.0753
2016-09-09,25.0558
2016-09-10,25.0230
2016-09-11,25.0009
2016-09-12,24.9820
2016-09-13,24.9769
2016-09-14,24.9663
2016-09-15,24.9287
2016-09-16,24.8811
2016-09-17,24.8460
2016-09-18,24.8137
2016-09-19,24.7960
2016-09-20,24.7816
2016-09-21,24.7630
2016-09-22,24.7488
2016-09-23,24.7302
2016-09-24,24.6959
2016-09-25,24.6692
2016-09-26,24.6350
2016-09-27,24.5845
2016-09-28,24.5482
2016-09-29,24.5185
2016-09-30,24.4883
2016-10-01,24.4523
2016-10-02,24.4286
2016-10-03,24.3988
2016-10-04,24.3368
2016-10-05,24.2778
2016-10-06,24.2373
2016-10-07,24.2036
2016-10-08,24.1692
2016-10-09,24.1523
2016-10-10,24.1162
2016-10-11,24.0689
2016-10-12,24.0307
2016-10-13,24.0045
2016-10-14,23.9655
2016-10-15,23.9164
2016-10-16,23.8740
2016-10-17,23.8365
2016-10-18,23.7917
2016-10-19,23.7610
2016-10-20,23.7235
2016-10-21,23.6836
2016-10-22,23.6237
2016-10-23,23.5913
2016-10-24,23.5510
2016-10-25,23.4980
2016-10-26,23.4590
2016-10-27,23.4296
2016-10-28,23.3767
2016-10-29,23.3278
2016-10-30,23.2798
2016-10-31,23.2106
2016-11-01,23.1411
2016-11-02,23.0824
2016-11-03,23.0469
2016-11-04,23.0223
2016-11-05,22.9843
2016-11-06,22.9276
2016-11-07,22.8385
2016-11-08,22.7460
2016-11-09,22.6810
2016-11-10,22.6296
2016-11-11,22.5954
2016-11-12,22.5612
2016-11-13,22.5150
2016-11-14,22.4861
2016-11-15,22.4513
2016-11-16,22.4203
2016-11-17,22.3809
2016-11-18,22.3436
2016-11-19,22.2958
2016-11-20,22.2567
2016-11-21,22.2073
2016-11-22,22.1494
2016-11-23,22.0959
2016-11-24,22.0485
2016-11-25,22.0243
2016-11-26,21.9765
2016-11-27,21.9236
2016-11-28,21.8578
2016-11-29,21.8155
2016-11-30,21.7949
2016-12-01,21.7868
2016-12-02,21.7712
2016-12-03,21.7450
2016-12-04,21.7146
2016-12-05,21.6691
2016-12-06,21.6248
2016-12-07,21.6017
2016-12-08,21.5618
2016-12-09,21.5172
2016-12-10,21.4765
2016-12-11,21.4275
2016-12-12,21.3961
2016-12-13,21.3557
2016-12-14,21.3188
2016-12-15,21.2869
2016-12-16,21.2540
2016-12-17,21.2195
2016-12-18,21.1708
2016-12-19,21.1379
2016-12-20,21.1260
2016-12-21,21.1167
2016-12-22,21.1026
2016-12-23,21.0712
2016-12-24,21.0505
2016-12-25,21.0343
2016-12-26,20.9852
2016-12-27,20.9445
2016-12-28,20.9193
2016-12-29,20.9048
2016-12-30,20.8697
2016-12-31,20.8200
2017-01-01,20.7694
2017-01-02,20.7427
2017-01-03,20.7428
2017-01-04,20.7506
2017-01-05,20.7423
2017-01-06,20.6987
2017-01-07,20.6726
2017-01-08,20.6672
2017-01-09,20.6210
2017-01-10,20.5790
2017-01-11,20.5661
2017-01-12,20.5388
2017-01-13,20.5402
2017-01-14,20.5190
2017-01-15,20.5059
2017-01-16,20.4798
2017-01-17,20.4289
2017-01-18,20.3856
2017-01-19,20.3579
2017-01-20,20.3172
2017-01-21,20.2671
2017-01-22,20.2296
2017-01-23,20.2044
2017-01-24,20.1884
2017-01-25,20.1760
2017-01-26,20.1317
2017-01-27,20.0881
2017-01-28,20.0383
2017-01-29,20.0251
2017-01-30,20.0284
2017-01-31,20.0144
2017-02-01,19.9869
2017-02-02,19.9755
2017-02-03,19.9999
2017-02-04,20.0058
2017-02-05,20.0063
2017-02-06,19.9970
2017-02-07,19.9850
2017-02-08,19.9793
2017-02-09,19.9696
2017-02-10,19.9848
2017-02-11,19.9955
2017-02-12,20.0285
2017-02-13,20.0250
2017-02-14,20.0309
2017-02-15,20.0375
2017-02-16,20.0159
2017-02-17,19.9619
2017-02-18,19.9410
2017-02-19,19.9005
2017-02-20,19.8952
2017-02-21,19.8855
2017-02-22,19.8574
2017-02-23,19.8690
2017-02-24,19.8804
2017-02-25,19.8908
2017-02-26,19.8965
2017-02-27,19.8868
2017-02-28,19.8744
2017-03-01,19.8480
2017-03-02,19.8342
2017-03-03,19.8215
2017-03-04,19.8283
2017-03-05,19.8393
2017-03-06,19.8560
2017-03-07,19.8680
2017-03-08,19.8825
2017-03-09,19.9148
2017-03-10,19.9504
2017-03-11,19.9756
2017-03-12,19.9826
2017-03-13,20.0010
2017-03-14,20.0188
2017-03-15,20.0105
2017-03-16,20.0040
2017-03-17,20.0297
2017-03-18,20.0693
2017-03-19,20.1193
2017-03-20,20.1565
2017-03-21,20.1666
2017-03-22,20.1654
2017-03-23,20.1469
2017-03-24,20.1348
2017-03-25,20.1308
2017-03-26,20.1310
2017-03-27,20.1346
2017-03-28,20.1363
2017-03-29,20.1305
2017-03-30,20.1269
2017-03-31,20.1385
2017-04-01,20.1675
2017-04-02,20.1879
2017-04-03,20.1955
2017-04-04,20.2141
2017-04-05,20.2243
2017-04-06,20.2340
2017-04-07,20.2651
2017-04-08,20.2874
2017-04-09,20.3153
2017-04-10,20.3485
2017-04-11,20.3750
2017-04-12,20.4143
2017-04-13,20.4513
2017-04-14,20.4681
2017-04-15,20.4919
2017-04-16,20.5358
2017-04-17,20.5767
2017-04-18,20.6100
2017-04-19,20.6406
2017-04-20,20.6819
2017-04-21,20.7249
2017-04-22,20.7403
2017-04-23,20.7704
2017-04-24,20.8021
2017-04-25,20.8156
2017-04-26,20.8195
2017-04-27,20.8445
2017-04-28,20.8956
2017-04-29,20.9178
2017-04-30,20.9533
2017-05-01,20.9781
2017-05-02,20.9913
2017-05-03,20.9981
2017-05-04,21.0063
2017-05-05,21.0078
2017-05-06,21.0314
2017-05-07,21.0656
2017-05-08,21.0909
2017-05-09,21.1079
2017-05-10,21.1295
2017-05-11,21.1665
2017-05-12,21.1975
2017-05-13,21.2284
2017-05-14,21.2644
2017-05-15,21.2876
2017-05-16,21.3046
2017-05-17,21.3397
2017-05-18,21.3864
2017-05-19,21.4287
2017-05-20,21.4629
2017-05-21,21.5031
2017-05-22,21.5398
2017-05-23,21.5723
2017-05-24,21.6149
2017-05-25,21.6703
2017-05-26,21.7164
2017-05-27,21.7736
2017-05-28,21.8424
2017-05-29,21.8879
2017-05-30,21.9281
2017-05-31,21.9588
2017-06-01,21.9987
2017-06-02,22.0367
2017-06-03,22.0711
2017-06-04,22.1038
2017-06-05,22.1545
2017-06-06,22.1971
2017-06-07,22.2372
2017-06-08,22.2887
2017-06-09,22.3477
2017-06-10,22.3926
2017-06-11,22.4297
2017-06-12,22.4815
2017-06-13,22.5194
2017-06-14,22.5499
2017-06-15,22.6002
2017-06-16,22.6458
2017-06-17,22.6894
2017-06-18,22.7339
2017-06-19,22.7962
2017-06-20,22.8149
2017-06-21,22.8368
2017-06-22,22.8950
2017-06-23,22.9460
2017-06-24,22.9901
2017-06-25,23.0302
2017-06-26,23.0603
2017-06-27,23.0890
2017-06-28,23.1409
2017-06-29,23.2087
2017-06-30,23.2698
2017-07-01,23.3072
2017-07-02,23.3372
2017-07-03,23.3831
2017-07-04,23.4500
2017-07-05,23.5238
2017-07-06,23.5961
2017-07-07,23.6769
2017-07-08,23.7423
2017-07-09,23.8050
2017-07-10,23.8548
2017-07-11,23.9127
2017-07-12,23.9582
2017-07-13,24.0136
2017-07-14,24.0692
2017-07-15,24.1146
2017-07-16,24.1538
2017-07-17,24.2055
2017-07-18,24.2497
2017-07-19,24.2982
2017-07-20,24.3095
2017-07-21,24.3100
2017-07-22,24.3267
2017-07-23,24.3445
2017-07-24,24.3541
2017-07-25,24.3706
2017-07-26,24.4085
2017-07-27,24.4312
2017-07-28,24.4523
2017-07-29,24.4884
2017-07-30,24.5395
2017-07-31,24.5803
2017-08-01,24.6217
2017-08-02,24.6441
2017-08-03,24.6588
2017-08-04,24.6795
2017-08-05,24.7140
2017-08-06,24.7636
2017-08-07,24.8112
2017-08-08,24.8383
2017-08-09,24.8690
2017-08-10,24.9129
2017-08-11,24.9360
2017-08-12,24.9360
2017-08-13,24.9360
2017-08-14,24.9534
2017-08-15,24.9700
2017-08-16,24.9799
2017-08-17,25.0113
2017-08-18,25.0614
2017-08-19,25.0971
2017-08-20,25.1128
2017-08-21,25.1263
2017-08-22,25.1347
2017-08-23,25.1504
2017-08-24,25.1529
2017-08-25,25.1397
2017-08-26,25.1335
2017-08-27,25.1151
2017-08-28,25.0994
2017-08-29,25.0864
2017-08-30,25.0601
2017-08-31,25.0147
2017-09-01,24.9553
2017-09-02,24.9314
2017-09-03,24.8766
2017-09-04,24.8550
2017-09-05,24.8627
2017-09-06,24.8841
2017-09-07,24.9000
2017-09-08,24.8994
2017-09-09,24.8905
2017-09-10,24.8874
2017-09-11,24.8601
2017-09-12,24.8376
2017-09-13,24.8055
2017-09-14,24.7794
2017-09-15,24.7543
2017-09-16,24.7069
2017-09-17,24.6765
2017-09-18,24.6672
2017-09-19,24.6631
2017-09-20,24.6569
2017-09-21,24.6336
2017-09-22,24.6038
2017-09-23,24.5941
2017-09-24,24.5859
2017-09-25,24.5598
2017-09-26,24.5394
2017-09-27,24.5302
2017-09-28,24.5393
2017-09-29,24.5397
2017-09-30,24.5425
2017-10-01,24.5300
2017-10-02,24.4910
2017-10-03,24.4432
2017-10-04,24.3853
2017-10-05,24.3269
2017-10-06,24.2677
2017-10-07,24.2070
2017-10-08,24.1392
2017-10-09,24.0977
2017-10-10,24.0723
2017-10-11,24.0336
2017-10-12,23.9876
2017-10-13,23.9485
2017-10-14,23.9131
2017-10-15,23.8722
2017-10-16,23.8239
2017-10-17,23.7841
2017-10-18,23.7373
2017-10-19,23.6851
2017-10-20,23.6313
2017-10-21,23.5574
2017-10-22,23.4905
2017-10-23,23.4246
2017-10-24,23.3638
2017-10-25,23.3338
2017-10-26,23.3121
2017-10-27,23.3167
2017-10-28,23.3061
2017-10-29,23.2704
2017-10-30,23.2179
2017-10-31,23.2006
2017-11-01,23.1808
2017-11-02,23.1648
2017-11-03,23.1426
2017-11-04,23.1016
2017-11-05,23.0465
2017-11-06,22.9946
2017-11-07,22.9532
2017-11-08,22.9277
2017-11-09,22.8884
2017-11-10,22.8493
2017-11-11,22.8156
2017-11-12,22.8039
2017-11-13,22.7828
2017-11-14,22.7536
2017-11-15,22.7084
2017-11-16,22.6537
2017-11-17,22.6031
2017-11-18,22.5649
2017-11-19,22.5051
2017-11-20,22.4472
2017-11-21,22.4062
2017-11-22,22.3697
2017-11-23,22.3136
2017-11-24,22.2532
2017-11-25,22.1929
2017-11-26,22.1258
2017-11-27,22.0653
2017-11-28,22.0147
2017-11-29,21.9776
2017-11-30,21.9410
2017-12-01,21.9107
2017-12-02,21.8843
2017-12-03,21.8473
2017-12-04,21.7907
2017-12-05,21.7461
2017-12-06,21.7147
2017-12-07,21.6820
2017-12-08,21.6414
2017-12-09,21.5943
2017-12-10,21.5534
2017-12-11,21.5276
2017-12-12,21.5003
2017-12-13,21.4449
2017-12-14,21.3952
2017-12-15,21.3559
2017-12-16,21.3089
2017-12-17,21.2559
2017-12-18,21.2120
2017-12-19,21.1841
2017-12-20,21.1497
2017-12-21,21.1134
2017-12-22,21.0928
2017-12-23,21.0617
2017-12-24,21.0258
2017-12-25,20.9799
2017-12-26,20.9432
2017-12-27,20.9240
2017-12-28,20.9097
2017-12-29,20.8887
2017-12-30,20.8690
2017-12-31,20.8470
2018-01-01,20.8102
2018-01-02,20.7718
2018-01-03,20.7485
2018-01-04,20.7421
2018-01-05,20.7301
2018-01-06,20.7035
2018-01-07,20.6638
2018-01-08,20.6086
2018-01-09,20.5621
2018-01-10,20.5440
2018-01-11,20.5092
2018-01-12,20.4653
2018-01-13,20.4572
2018-01-14,20.4551
2018-01-15,20.4419
2018-01-16,20.4190
2018-01-17,20.3822
2018-01-18,20.3431
2018-01-19,20.3075
2018-01-20,20.2917
2018-01-21,20.2743
2018-01-22,20.2679
2018-01-23,20.2494
2018-01-24,20.2396
2018-01-25,20.2388
2018-01-26,20.2156
2018-01-27,20.1868
2018-01-28,20.1592
2018-01-29,20.1313
2018-01-30,20.1246
2018-01-31,20.1235
2018-02-01,20.1193
2018-02-02,20.1022
2018-02-03,20.0909
2018-02-04,20.0638
2018-02-05,20.0438
2018-02-06,20.0354
2018-02-07,20.0454
2018-02-08,20.0519
2018-02-09,20.0385
2018-02-10,20.0047
2018-02-11,19.9682
2018-02-12,19.9579
2018-02-13,19.9557
2018-02-14,19.9513
2018-02-15,19.9403
2018-02-16,19.9384
2018-02-17,19.9432
2018-02-18,19.9466
2018-02-19,19.9590
2018-02-20,19.9774
2018-02-21,20.0048
2018-02-22,20.0236
2018-02-23,20.0163
2018-02-24,20.0066
2018-02-25,19.9954
2018-02-26,20.0119
2018-02-27,20.0090
2018-02-28,20.0125
2018-03-01,20.0229
2018-03-02,20.0110
2018-03-03,20.0268
2018-03-04,20.0498
2018-03-05,20.0530
2018-03-06,20.0587
2018-03-07,20.0614
2018-03-08,20.0557
2018-03-09,20.0587
2018-03-10,20.0647
2018-03-11,20.0845
2018-03-12,20.1122
2018-03-13,20.1076
2018-03-14,20.1100
2018-03-15,20.1067
2018-03-16,20.1166
2018-03-17,20.1141
2018-03-18,20.1178
2018-03-19,20.1407
2018-03-20,20.1611
2018-03-21,20.1472
2018-03-22,20.1309
2018-03-23,20.1141
2018-03-24,20.1143
2018-03-25,20.1201
2018-03-26,20.1501
2018-03-27,20.1827
2018-03-28,20.2136
2018-03-29,20.2506
2018-03-30,20.2826
2018-03-31,20.3000
2018-04-01,20.3376
2018-04-02,20.3822
2018-04-03,20.4386
2018-04-04,20.4665
2018-04-05,20.4682
2018-04-06,20.4695
2018-04-07,20.4648
2018-04-08,20.4689
2018-04-09,20.4866
2018-04-10,20.5105
2018-04-11,20.5079
2018-04-12,20.5156
2018-04-13,20.5228
2018-04-14,20.5169
2018-04-15,20.5482
2018-04-16,20.5904
2018-04-17,20.6199
2018-04-18,20.6506
2018-04-19,20.6886
2018-04-20,20.6991
2018-04-21,20.7110
2018-04-22,20.7459
2018-04-23,20.7739
2018-04-24,20.8053
2018-04-25,20.8522
2018-04-26,20.8957
2018-04-27,20.9173
2018-04-28,20.9463
2018-04-29,20.9511
2018-04-30,20.9533
2018-05-01,20.9592
2018-05-02,20.9932
2018-05-03,21.0157
2018-05-04,21.0324
2018-05-05,21.0550
2018-05-06,21.1021
2018-05-07,21.1586
2018-05-08,21.1870
2018-05-09,21.2073
2018-05-10,21.2521
2018-05-11,21.2946
2018-05-12,21.3467
2018-05-13,21.4163
2018-05-14,21.4772
2018-05-15,21.5133
2018-05-16,21.5395
2018-05-17,21.5866
2018-05-18,21.6295
2018-05-19,21.6835
2018-05-20,21.7251
2018-05-21,21.7676
2018-05-22,21.8005
2018-05-23,21.8293
2018-05-24,21.8704
2018-05-25,21.9257
2018-05-26,21.9500
2018-05-27,21.9621
2018-05-28,21.9915
2018-05-29,22.0256
2018-05-30,22.0463
2018-05-31,22.0812
2018-06-01,22.1327
2018-06-02,22.1806
2018-06-03,22.2241
2018-06-04,22.2852
2018-06-05,22.3307
2018-06-06,22.3658
2018-06-07,22.4098
2018-06-08,22.4532
2018-06-09,22.4766
2018-06-10,22.4807
2018-06-11,22.4586
2018-06-12,22.4580
2018-06-13,22.4644
2018-06-14,22.4745
2018-06-15,22.4827
2018-06-16,22.5074
2018-06-17,22.5405
2018-06-18,22.6102
2018-06-19,22.6768
2018-06-20,22.7335
2018-06-21,22.7973
2018-06-22,22.8570
2018-06-23,22.9008
2018-06-24,22.9348
2018-06-25,22.9842
2018-06-26,23.0381
2018-06-27,23.0761
2018-06-28,23.0962
2018-06-29,23.1385
2018-06-30,23.1912
2018-07-01,23.2438
2018-07-02,23.2882
2018-07-03,23.3093
2018-07-04,23.3164
2018-07-05,23.3521
2018-07-06,23.3878
2018-07-07,23.4234
2018-07-08,23.4749
2018-07-09,23.5544
2018-07-10,23.6309
2018-07-11,23.6927
2018-07-12,23.7388
2018-07-13,23.7796
2018-07-14,23.8172
2018-07-15,23.8426
2018-07-16,23.8782
2018-07-17,23.9149
2018-07-18,23.9635
2018-07-19,24.0058
2018-07-20,24.0549
2018-07-21,24.0855
2018-07-22,24.1201
2018-07-23,24.1466
2018-07-24,24.1815
2018-07-25,24.2182
2018-07-26,24.2632
2018-07-27,24.3128
2018-07-28,24.3596
2018-07-29,24.4009
2018-07-30,24.4496
2018-07-31,24.4957
2018-08-01,24.5157
2018-08-02,24.5462
2018-08-03,24.5668
2018-08-04,24.5857
2018-08-05,24.5947
2018-08-06,24.5822
2018-08-07,24.5920
2018-08-08,24.6142
2018-08-09,24.6427
2018-08-10,24.6896
2018-08-11,24.7236
2018-08-12,24.7416
2018-08-13,24.7649
2018-08-14,24.8031
2018-08-15,24.8385
2018-08-16,24.8248
2018-08-17,24.7963
2018-08-18,24.7995
2018-08-19,24.7818
2018-08-20,24.7846
2018-08-21,24.8269
2018-08-22,24.8535
2018-08-23,24.8692
2018-08-24,24.8775
2018-08-25,24.8720
2018-08-26,24.8517
2018-08-27,24.8566
2018-08-28,24.8743
2018-08-29,24.8753
2018-08-30,24.8795
2018-08-31,24.8876
2018-09-01,24.8775
2018-09-02,24.8657
2018-09-03,24.8745
2018-09-04,24.9001
2018-09-05,24.9243
2018-09-06,24.9409
2018-09-07,24.9317
2018-09-08,24.9193
2018-09-09,24.8854
2018-09-10,24.8648
2018-09-11,24.8455
2018-09-12,24.8353
2018-09-13,24.8368
2018-09-14,24.8159
2018-09-15,24.7888
2018-09-16,24.7714
2018-09-17,24.7684
2018-09-18,24.7598
2018-09-19,24.7428
2018-09-20,24.7471
2018-09-21,24.7477
2018-09-22,24.7488
2018-09-23,24.7460
2018-09-24,24.7522
2018-09-25,24.7388
2018-09-26,24.7023
2018-09-27,24.6647
2018-09-28,24.6240
2018-09-29,24.5694
2018-09-30,24.5278
2018-10-01,24.4746
2018-10-02,24.4371
2018-10-03,24.3967
2018-10-04,24.3743
2018-10-05,24.3545
2018-10-06,24.3424
2018-10-07,24.3274
2018-10-08,24.3128
2018-10-09,24.2907
2018-10-10,24.2699
2018-10-11,24.2676
2018-10-12,24.2586
2018-10-13,24.2350
2018-10-14,24.2005
2018-10-15,24.1757
2018-10-16,24.1477
2018-10-17,24.1168
2018-10-18,24.0847
2018-10-19,24.0420
2018-10-20,24.0037
2018-10-21,23.9565
2018-10-22,23.9107
2018-10-23,23.8780
2018-10-24,23.8320
2018-10-25,23.7586
2018-10-26,23.6931
2018-10-27,23.6345
2018-10-28,23.6034
2018-10-29,23.5967
2018-10-30,23.5705
2018-10-31,23.5270
2018-11-01,23.4782
2018-11-02,23.4579
2018-11-03,23.4270
2018-11-04,23.3963
2018-11-05,23.3595
2018-11-06,23.3211
2018-11-07,23.2889
2018-11-08,23.2471
2018-11-09,23.1917
2018-11-10,23.1347
2018-11-11,23.0909
2018-11-12,23.0557
2018-11-13,23.0231
2018-11-14,22.9788
2018-11-15,22.9455
2018-11-16,22.8923
2018-11-17,22.8454
2018-11-18,22.8199
2018-11-19,22.7925
2018-11-20,22.7499
2018-11-21,22.6868
2018-11-22,22.6139
2018-11-23,22.5596
2018-11-24,22.4956
2018-11-25,22.4556
2018-11-26,22.4457
2018-11-27,22.3913
2018-11-28,22.3513
2018-11-29,22.3144
2018-11-30,22.2703
2018-12-01,22.2190
2018-12-02,22.1710
2018-12-03,22.1497
2018-12-04,22.1215
2018-12-05,22.0981
2018-12-06,22.0597
2018-12-07,21.9953
2018-12-08,21.9299
2018-12-09,21.8827
2018-12-10,21.8292
2018-12-11,21.7874
2018-12-12,21.7488
2018-12-13,21.7015
2018-12-14,21.6592
2018-12-15,21.6255
2018-12-16,21.5840
2018-12-17,21.5350
2018-12-18,21.4818
2018-12-19,21.4363
2018-12-20,21.4017
2018-12-21,21.3752
2018-12-22,21.3479
2018-12-23,21.3407
2018-12-24,21.3170
2018-12-25,21.2924
2018-12-26,21.2456
2018-12-27,21.1854
2018-12-28,21.1165
2018-12-29,21.0653
2018-12-30,21.0200
2018-12-31,20.9752
2019-01-01,20.9183
2019-01-02,20.8652
2019-01-03,20.8276
2019-01-04,20.8091
2019-01-05,20.7987
2019-01-06,20.7627
2019-01-07,20.7351
2019-01-08,20.6993
2019-01-09,20.6784
2019-01-10,20.6502
2019-01-11,20.6460
2019-01-12,20.6307
2019-01-13,20.6341
2019-01-14,20.6301
2019-01-15,20.6164
2019-01-16,20.5734
2019-01-17,20.5475
2019-01-18,20.5230
2019-01-19,20.5003
2019-01-20,20.4769
2019-01-21,20.4535
2019-01-22,20.4318
2019-01-23,20.4135
2019-01-24,20.3930
2019-01-25,20.3612
2019-01-26,20.3381
2019-01-27,20.3075
2019-01-28,20.2792
2019-01-29,20.2412
2019-01-30,20.2050
2019-01-31,20.1781
2019-02-01,20.1686
2019-02-02,20.1590
2019-02-03,20.1566
2019-02-04,20.1454
2019-02-05,20.1295
2019-02-06,20.1154
2019-02-07,20.1130
2019-02-08,20.0854
2019-02-09,20.0500
2019-02-10,20.0192
2019-02-11,20.0135
2019-02-12,20.0057
2019-02-13,20.0055
2019-02-14,20.0092
2019-02-15,20.0009
2019-02-16,20.0027
2019-02-17,20.0086
2019-02-18,19.9960
2019-02-19,19.9670
2019-02-20,19.9405
2019-02-21,19.9501
2019-02-22,19.9683
2019-02-23,19.9827
2019-02-24,19.9836
2019-02-25,19.9949
2019-02-26,20.0138
2019-02-27,20.0244
2019-02-28,20.0431
2019-03-01,20.0470
2019-03-02,20.0473
2019-03-03,20.0572
2019-03-04,20.0613
2019-03-05,20.0498
2019-03-06,20.0477
2019-03-07,20.0604
2019-03-08,20.0679
2019-03-09,20.0595
2019-03-10,20.0548
2019-03-11,20.0476
2019-03-12,20.0606
2019-03-13,20.0571
2019-03-14,20.0373
2019-03-15,20.0478
2019-03-16,20.0722
2019-03-17,20.0919
2019-03-18,20.1133
2019-03-19,20.1357
2019-03-20,20.1558
2019-03-21,20.1863
2019-03-22,20.2131
2019-03-23,20.2273
2019-03-24,20.2339
2019-03-25,20.2531
2019-03-26,20.2712
2019-03-27,20.2888
2019-03-28,20.2927
2019-03-29,20.3063
2019-03-30,20.3165
2019-03-31,20.3362
2019-04-01,20.3520
2019-04-02,20.3616
2019-04-03,20.3607
2019-04-04,20.3592
2019-04-05,20.3673
2019-04-06,20.3860
2019-04-07,20.4086
2019-04-08,20.4268
2019-04-09,20.4292
2019-04-10,20.4176
2019-04-11,20.4224
2019-04-12,20.4420
2019-04-13,20.4700
2019-04-14,20.5034
2019-04-15,20.5356
2019-04-16,20.5855
2019-04-17,20.6176
2019-04-18,20.6426
2019-04-19,20.6695
2019-04-20,20.7015
2019-04-21,20.7169
2019-04-22,20.7539
2019-04-23,20.7763
2019-04-24,20.7830
2019-04-25,20.8313
2019-04-26,20.8709
2019-04-27,20.9128
2019-04-28,20.9329
2019-04-29,20.9515
2019-04-30,20.9879
2019-05-01,21.0336
2019-05-02,21.0592
2019-05-03,21.0955
2019-05-04,21.1356
2019-05-05,21.1667
2019-05-06,21.1814
2019-05-07,21.2015
2019-05-08,21.2386
2019-05-09,21.3022
2019-05-10,21.3452
2019-05-11,21.3767
2019-05-12,21.4372
2019-05-13,21.4717
2019-05-14,21.5144
2019-05-15,21.5657
2019-05-16,21.5954
2019-05-17,21.6124
2019-05-18,21.6211
2019-05-19,21.6404
2019-05-20,21.6610
2019-05-21,21.6734
2019-05-22,21.7042
2019-05-23,21.7375
2019-05-24,21.7619
2019-05-25,21.7986
2019-05-26,21.8433
2019-05-27,21.8896
2019-05-28,21.9310
2019-05-29,21.9862
2019-05-30,22.0410
2019-05-31,22.0980
2019-06-01,22.1415
2019-06-02,22.2028
2019-06-03,22.2701
2019-06-04,22.3308
2019-06-05,22.3926
2019-06-06,22.4470
2019-06-07,22.4928
2019-06-08,22.5279
2019-06-09,22.5506
2019-06-10,22.5720
2019-06-11,22.6071
2019-06-12,22.6285
2019-06-13,22.6585
2019-06-14,22.6896
2019-06-15,22.7266
2019-06-16,22.7578
2019-06-17,22.8046
2019-06-18,22.8632
2019-06-19,22.9015
2019-06-20,22.9606
2019-06-21,23.0054
2019-06-22,23.0355
2019-06-23,23.0818
2019-06-24,23.1217
2019-06-25,23.1697
2019-06-26,23.2291
2019-06-27,23.2937
2019-06-28,23.3595
2019-06-29,23.4223
2019-06-30,23.4784
2019-07-01,23.5312
2019-07-02,23.5801
2019-07-03,23.6176
2019-07-04,23.6786
2019-07-05,23.7315
2019-07-06,23.7719
2019-07-07,23.7925
2019-07-08,23.8042
2019-07-09,23.8141
2019-07-10,23.8391
2019-07-11,23.8857
2019-07-12,23.9536
2019-07-13,24.0245
2019-07-14,24.0998
2019-07-15,24.1936
2019-07-16,24.2376
2019-07-17,24.2730
2019-07-18,24.2963
2019-07-19,24.3167
2019-07-20,24.3560
2019-07-21,24.3956
2019-07-22,24.4306
2019-07-23,24.4549
2019-07-24,24.5181
2019-07-25,24.6003
2019-07-26,24.6763
2019-07-27,24.7358
2019-07-28,24.7897
2019-07-29,24.8228
2019-07-30,24.8475
2019-07-31,24.8767
2019-08-01,24.9079
2019-08-02,24.9461
2019-08-03,24.9845
2019-08-04,25.0020
2019-08-05,25.0337
2019-08-06,25.0728
2019-08-07,25.0965
2019-08-08,25.1052
2019-08-09,25.1337
2019-08-10,25.1660
2019-08-11,25.1873
2019-08-12,25.2003
2019-08-13,25.2201
2019-08-14,25.2394
2019-08-15,25.2428
2019-08-16,25.2465
2019-08-17,25.2340
2019-08-18,25.2325
2019-08-19,25.2141
2019-08-20,25.2163
2019-08-21,25.2047
2019-08-22,25.1786
2019-08-23,25.1674
2019-08-24,25.1667
2019-08-25,25.1755
2019-08-26,25.2107
2019-08-27,25.2424
2019-08-28,25.2735
2019-08-29,25.2808
2019-08-30,25.2920
2019-08-31,25.2975
2019-09-01,25.3029
2019-09-02,25.3074
2019-09-03,25.3030
2019-09-04,25.2983
2019-09-05,25.2863
2019-09-06,25.2635
2019-09-07,25.2534
2019-09-08,25.2547
2019-09-09,25.2233
2019-09-10,25.2035
2019-09-11,25.1783
2019-09-12,25.1396
2019-09-13,25.1086
2019-09-14,25.0903
2019-09-15,25.0776
2019-09-16,25.0787
2019-09-17,25.0589
2019-09-18,25.0330
2019-09-19,24.9966
2019-09-20,24.9759
2019-09-21,24.9550
2019-09-22,24.9338
2019-09-23,24.9185
2019-09-24,24.8842
2019-09-25,24.8663
2019-09-26,24.8651
2019-09-27,24.8518
2019-09-28,24.8363
2019-09-29,24.8327
2019-09-30,24.8380
2019-10-01,24.8171
2019-10-02,24.7629
2019-10-03,24.7051
2019-10-04,24.6370
2019-10-05,24.5791
2019-10-06,24.5411
2019-10-07,24.5058
2019-10-08,24.4691
2019-10-09,24.4313
2019-10-10,24.3970
2019-10-11,24.3563
2019-10-12,24.3000
2019-10-13,24.2405
2019-10-14,24.1911
2019-10-15,24.1510
2019-10-16,24.1164
2019-10-17,24.0694
2019-10-18,24.0420
2019-10-19,24.0153
2019-10-20,23.9847
2019-10-21,23.9639
2019-10-22,23.9305
2019-10-23,23.8922
2019-10-24,23.8353
2019-10-25,23.7919
2019-10-26,23.7510
2019-10-27,23.7099
2019-10-28,23.6599
2019-10-29,23.6140
2019-10-30,23.5930
2019-10-31,23.5714
2019-11-01,23.5359
2019-11-02,23.4990
2019-11-03,23.4286
2019-11-04,23.3886
2019-11-05,23.3351
2019-11-06,23.2749
2019-11-07,23.2399
2019-11-08,23.2215
2019-11-09,23.2144
2019-11-10,23.1908
2019-11-11,23.1543
2019-11-12,23.0998
2019-11-13,23.0481
2019-11-14,23.0323
2019-11-15,22.9903
2019-11-16,22.9451
2019-11-17,22.8939
2019-11-18,22.8493
2019-11-19,22.7953
2019-11-20,22.7331
2019-11-21,22.6883
2019-11-22,22.6413
2019-11-23,22.6024
2019-11-24,22.5485
2019-11-25,22.4879
2019-11-26,22.4273
2019-11-27,22.3602
2019-11-28,22.2954
2019-11-29,22.2438
2019-11-30,22.1904
2019-12-01,22.1540
2019-12-02,22.1214
2019-12-03,22.0806
2019-12-04,22.0521
2019-12-05,22.0337
2019-12-06,21.9775
2019-12-07,21.9271
2019-12-08,21.8831
2019-12-09,21.8395
2019-12-10,21.8017
2019-12-11,21.7745
2019-12-12,21.7301
2019-12-13,21.6915
2019-12-14,21.6592
2019-12-15,21.6189
2019-12-16,21.5882
2019-12-17,21.5653
2019-12-18,21.5195
2019-12-19,21.4827
2019-12-20,21.4595
2019-12-21,21.4239
2019-12-22,21.3709
2019-12-23,21.3314
2019-12-24,21.2903
2019-12-25,21.2357
2019-12-26,21.2084
2019-12-27,21.1760
2019-12-28,21.1473
2019-12-29,21.1193
2019-12-30,21.0999
2019-12-31,21.0622
2020-01-01,21.0212
2020-01-02,20.9722
2020-01-03,20.9360
2020-01-04,20.9158
2020-01-05,20.8990
2020-01-06,20.8725
2020-01-07,20.8280
2020-01-08,20.7812
2020-01-09,20.7514
2020-01-10,20.7418
2020-01-11,20.7218
2020-01-12,20.7071
2020-01-13,20.6863
2020-01-14,20.6835
2020-01-15,20.6714
2020-01-16,20.6373
2020-01-17,20.6068
2020-01-18,20.5793
2020-01-19,20.5768
2020-01-20,20.5672
2020-01-21,20.5608
2020-01-22,20.5385
2020-01-23,20.5160
2020-01-24,20.4906
2020-01-25,20.4783
2020-01-26,20.4695
2020-01-27,20.4724
2020-01-28,20.4588
2020-01-29,20.4351
2020-01-30,20.4086
2020-01-31,20.3938
2020-02-01,20.3806
2020-02-02,20.3508
2020-02-03,20.3120
2020-02-04,20.2607
2020-02-05,20.2280
2020-02-06,20.2076
2020-02-07,20.1913
2020-02-08,20.1632
2020-02-09,20.1414
2020-02-10,20.1409
2020-02-11,20.1520
2020-02-12,20.1549
2020-02-13,20.1439
2020-02-14,20.1286
2020-02-15,20.1139
2020-02-16,20.0992
2020-02-17,20.0869
2020-02-18,20.0884
2020-02-19,20.0839
2020-02-20,20.0748
2020-02-21,20.0778
2020-02-22,20.0673
2020-02-23,20.0598
2020-02-24,20.0678
2020-02-25,20.0829
2020-02-26,20.0996
2020-02-27,20.1194
2020-02-28,20.1204
2020-02-29,20.1213
2020-03-01,20.1220
2020-03-02,20.1028
2020-03-03,20.0865
2020-03-04,20.0931
2020-03-05,20.0906
2020-03-06,20.0977
2020-03-07,20.1332
2020-03-08,20.1366
2020-03-09,20.1363
2020-03-10,20.1446
2020-03-11,20.1535
2020-03-12,20.1644
2020-03-13,20.1804
2020-03-14,20.2002
2020-03-15,20.2060
2020-03-16,20.2036
2020-03-17,20.2115
2020-03-18,20.2219
2020-03-19,20.2358
2020-03-20,20.2203
2020-03-21,20.2417
2020-03-22,20.2804
2020-03-23,20.2955
2020-03-24,20.2942
2020-03-25,20.2932
2020-03-26,20.2808
2020-03-27,20.2748
2020-03-28,20.3063
2020-03-29,20.3478
2020-03-30,20.3950
2020-03-31,20.4197
2020-04-01,20.4402
2020-04-02,20.4537
2020-04-03,20.4879
2020-04-04,20.5240
2020-04-05,20.5415
2020-04-06,20.5550
2020-04-07,20.5808
2020-04-08,20.6047
2020-04-09,20.6306
2020-04-10,20.6427
2020-04-11,20.6579
2020-04-12,20.6705
2020-04-13,20.6796
2020-04-14,20.6884
2020-04-15,20.7042
2020-04-16,20.7197
2020-04-17,20.7382
2020-04-18,20.7397
2020-04-19,20.7633
2020-04-20,20.7853
2020-04-21,20.7768
2020-04-22,20.7920
2020-04-23,20.8078
2020-04-24,20.8240
2020-04-25,20.8425
2020-04-26,20.8805
2020-04-27,20.9085
2020-04-28,20.9310
2020-04-29,20.9630
2020-04-30,20.9994
2020-05-01,21.0316
2020-05-02,21.0581
2020-05-03,21.0990
2020-05-04,21.1302
2020-05-05,21.1662
2020-05-06,21.2130
2020-05-07,21.2554
2020-05-08,21.2875
2020-05-09,21.3420
2020-05-10,21.4216
2020-05-11,21.4949
2020-05-12,21.5442
2020-05-13,21.5747
2020-05-14,21.5852
2020-05-15,21.6003
2020-05-16,21.6144
2020-05-17,21.6387
2020-05-18,21.6708
2020-05-19,21.6804
2020-05-20,21.7003
2020-05-21,21.7236
2020-05-22,21.7451
2020-05-23,21.7820
2020-05-24,21.8251
2020-05-25,21.9022
2020-05-26,21.9657
2020-05-27,22.0159
2020-05-28,22.0617
2020-05-29,22.1196
2020-05-30,22.1681
2020-05-31,22.2228
2020-06-01,22.2634
2020-06-02,22.3143
2020-06-03,22.3593
2020-06-04,22.3910
2020-06-05,22.4365
2020-06-06,22.4835
2020-06-07,22.5004
2020-06-08,22.5235
2020-06-09,22.5706
2020-06-10,22.6354
2020-06-11,22.6761
2020-06-12,22.7110
2020-06-13,22.7596
2020-06-14,22.8076
2020-06-15,22.8715
2020-06-16,22.9200
2020-06-17,22.9650
2020-06-18,22.9863
2020-06-19,23.0232
2020-06-20,23.0777
2020-06-21,23.1392
2020-06-22,23.1910
2020-06-23,23.2488
2020-06-24,23.2826
2020-06-25,23.3172
2020-06-26,23.3595
2020-06-27,23.4049
2020-06-28,23.4342
2020-06-29,23.4622
2020-06-30,23.4958
2020-07-01,23.5341
2020-07-02,23.5771
2020-07-03,23.6100
2020-07-04,23.6549
2020-07-05,23.7155
2020-07-06,23.7934
2020-07-07,23.8744
2020-07-08,23.9047
2020-07-09,23.9348
2020-07-10,23.9575
2020-07-11,23.9866
2020-07-12,24.0196
2020-07-13,24.0662
2020-07-14,24.1126
2020-07-15,24.1513
2020-07-16,24.2054
2020-07-17,24.2734
2020-07-18,24.3418
2020-07-19,24.3954
2020-07-20,24.4419
2020-07-21,24.4900
2020-07-22,24.5382
2020-07-23,24.5772
2020-07-24,24.5965
2020-07-25,24.6132
2020-07-26,24.6350
2020-07-27,24.6540
2020-07-28,24.6714
2020-07-29,24.6920
2020-07-30,24.7081
2020-07-31,24.7421
2020-08-01,24.7794
2020-08-02,24.8025
2020-08-03,24.8251
2020-08-04,24.8383
2020-08-05,24.8469
2020-08-06,24.8547
2020-08-07,24.8492
2020-08-08,24.8331
2020-08-09,24.8381
2020-08-10,24.8739
2020-08-11,24.9064
2020-08-12,24.9554
2020-08-13,25.0011
2020-08-14,25.0272
2020-08-15,25.0498
2020-08-16,25.0843
2020-08-17,25.1091
2020-08-18,25.1384
2020-08-19,25.1728
2020-08-20,25.2012
2020-08-21,25.2390
2020-08-22,25.2775
2020-08-23,25.2936
2020-08-24,25.2789
2020-08-25,25.2834
2020-08-26,25.2850
2020-08-27,25.2850
2020-08-28,25.2796
2020-08-29,25.2480
2020-08-30,25.2185
2020-08-31,25.1742
2020-09-01,25.1347
2020-09-02,25.1248
2020-09-03,25.1436
2020-09-04,25.1671
2020-09-05,25.1711
2020-09-06,25.1569
2020-09-07,25.1507
2020-09-08,25.1455
2020-09-09,25.1366
2020-09-10,25.1471
2020-09-11,25.1528
2020-09-12,25.1488
2020-09-13,25.1432
2020-09-14,25.1270
2020-09-15,25.1196
2020-09-16,25.1010
2020-09-17,25.0719
2020-09-18,25.0517
2020-09-19,25.0515
2020-09-20,25.0540
2020-09-21,25.0379
2020-09-22,25.0003
2020-09-23,24.9629
2020-09-24,24.9249
2020-09-25,24.8910
2020-09-26,24.8699
2020-09-27,24.8353
2020-09-28,24.8145
2020-09-29,24.7892
2020-09-30,24.7695
2020-10-01,24.7225
2020-10-02,24.6829
2020-10-03,24.6683
2020-10-04,24.6558
2020-10-05,24.6188
2020-10-06,24.5692
2020-10-07,24.5075
2020-10-08,24.4314
2020-10-09,24.3861
2020-10-10,24.3419
2020-10-11,24.2988
2020-10-12,24.2635
2020-10-13,24.2449
2020-10-14,24.2218
2020-10-15,24.1868
2020-10-16,24.1613
2020-10-17,24.1336
2020-10-18,24.0894
2020-10-19,24.0490
2020-10-20,24.0208
2020-10-21,24.0017
2020-10-22,23.9727
2020-10-23,23.9323
2020-10-24,23.8948
2020-10-25,23.8554
2020-10-26,23.8188
2020-10-27,23.7753
2020-10-28,23.7297
2020-10-29,23.6747
2020-10-30,23.6354
2020-10-31,23.5769
2020-11-01,23.5193
2020-11-02,23.4809
2020-11-03,23.4473
2020-11-04,23.4097
2020-11-05,23.3635
2020-11-06,23.3081
2020-11-07,23.2607
2020-11-08,23.2053
2020-11-09,23.1720
2020-11-10,23.1359
2020-11-11,23.0849
2020-11-12,23.0553
2020-11-13,23.0352
2020-11-14,22.9972
2020-11-15,22.9492
2020-11-16,22.9057
2020-11-17,22.8551
2020-11-18,22.8032
2020-11-19,22.7508
2020-11-20,22.7119
2020-11-21,22.6595
2020-11-22,22.6073
2020-11-23,22.5605
2020-11-24,22.5133
2020-11-25,22.4696
2020-11-26,22.4245
2020-11-27,22.3730
2020-11-28,22.3231
2020-11-29,22.2668
2020-11-30,22.2183
2020-12-01,22.1769
2020-12-02,22.1396
2020-12-03,22.1154
2020-12-04,22.0772
2020-12-05,22.0259
2020-12-06,21.9692
2020-12-07,21.9270
2020-12-08,21.9065
2020-12-09,21.8804
2020-12-10,21.8436
2020-12-11,21.7970
2020-12-12,21.7534
2020-12-13,21.7070
2020-12-14,21.6610
2020-12-15,21.6136
2020-12-16,21.5521
2020-12-17,21.5214
2020-12-18,21.4807
2020-12-19,21.4363
2020-12-20,21.3932
2020-12-21,21.3564
2020-12-22,21.3242
2020-12-23,21.2941
2020-12-24,21.2609
2020-12-25,21.2237
2020-12-26,21.1849
2020-12-27,21.1509
2020-12-28,21.1178
2020-12-29,21.0810
2020-12-30,21.0260
2020-12-31,20.9795
2021-01-01,20.9369
2021-01-02,20.8884
2021-01-03,20.8469
2021-01-04,20.7995
2021-01-05,20.7456
2021-01-06,20.7010
2021-01-07,20.6692
2021-01-08,20.6389
2021-01-09,20.5929
2021-01-10,20.5645
2021-01-11,20.5392
2021-01-12,20.5216
2021-01-13,20.4893
2021-01-14,20.4485
2021-01-15,20.4122
2021-01-16,20.3796
2021-01-17,20.3612
2021-01-18,20.3395
2021-01-19,20.3282
2021-01-20,20.3217
2021-01-21,20.3199
2021-01-22,20.3073
2021-01-23,20.2942
2021-01-24,20.2840
2021-01-25,20.2684
2021-01-26,20.2502
2021-01-27,20.2158
2021-01-28,20.1750
2021-01-29,20.1495
2021-01-30,20.1345
2021-01-31,20.1126
2021-02-01,20.0902
2021-02-02,20.0841
2021-02-03,20.0681
2021-02-04,20.0587
2021-02-05,20.0583
2021-02-06,20.0546
2021-02-07,20.0424
2021-02-08,20.0264
2021-02-09,20.0236
2021-02-10,20.0153
2021-02-11,20.0074
2021-02-12,20.0066
2021-02-13,20.0061
2021-02-14,20.0054
2021-02-15,19.9962
2021-02-16,19.9880
2021-02-17,19.9757
2021-02-18,19.9709
2021-02-19,19.9633
2021-02-20,19.9606
2021-02-21,19.9558
2021-02-22,19.9571
2021-02-23,19.9534
2021-02-24,19.9487
2021-02-25,19.9394
2021-02-26,19.9297
2021-02-27,19.9308
2021-02-28,19.9221
2021-03-01,19.9207
2021-03-02,19.9359
2021-03-03,19.9485
2021-03-04,19.9614
2021-03-05,19.9773
2021-03-06,19.9930
2021-03-07,20.0175
2021-03-08,20.0357
2021-03-09,20.0539
2021-03-10,20.0622
2021-03-11,20.0569
2021-03-12,20.0454
2021-03-13,20.0377
2021-03-14,20.0479
2021-03-15,20.0591
2021-03-16,20.0595
2021-03-17,20.0604
2021-03-18,20.0613
2021-03-19,20.0562
2021-03-20,20.0534
2021-03-21,20.0664
2021-03-22,20.0701
2021-03-23,20.0647
2021-03-24,20.0710
2021-03-25,20.0812
2021-03-26,20.0853
2021-03-27,20.0981
2021-03-28,20.1149
2021-03-29,20.1226
2021-03-30,20.1468
2021-03-31,20.1751
2021-04-01,20.2152
2021-04-02,20.2443
2021-04-03,20.2623
2021-04-04,20.2800
2021-04-05,20.3190
2021-04-06,20.3676
2021-04-07,20.4105
2021-04-08,20.4458
2021-04-09,20.4784
2021-04-10,20.5061
2021-04-11,20.5097
2021-04-12,20.5178
2021-04-13,20.5185
2021-04-14,20.5197
2021-04-15,20.5322
2021-04-16,20.5561
2021-04-17,20.5802
2021-04-18,20.5950
2021-04-19,20.6090
2021-04-20,20.6199
2021-04-21,20.6486
2021-04-22,20.6763
2021-04-23,20.7015
2021-04-24,20.7098
2021-04-25,20.7071
2021-04-26,20.7229
2021-04-27,20.7535
2021-04-28,20.7759
2021-04-29,20.8100
2021-04-30,20.8354
2021-05-01,20.8994
2021-05-02,20.9530
2021-05-03,20.9695
2021-05-04,20.9829
2021-05-05,20.9886
2021-05-06,21.0113
2021-05-07,21.0387
2021-05-08,21.0782
2021-05-09,21.1454
2021-05-10,21.2022
2021-05-11,21.2605
2021-05-12,21.3243
2021-05-13,21.3803
2021-05-14,21.4219
2021-05-15,21.4574
2021-05-16,21.5127
2021-05-17,21.5661
2021-05-18,21.5985
2021-05-19,21.6308
2021-05-20,21.6544
2021-05-21,21.6864
2021-05-22,21.7189
2021-05-23,21.7702
2021-05-24,21.8329
2021-05-25,21.8836
2021-05-26,21.9306
2021-05-27,21.9667
2021-05-28,22.0003
2021-05-29,22.0176
2021-05-30,22.0301
2021-05-31,22.0397
2021-06-01,22.0617
2021-06-02,22.0916
2021-06-03,22.1296
2021-06-04,22.1826
2021-06-05,22.2296
2021-06-06,22.2770
2021-06-07,22.3397
2021-06-08,22.4063
2021-06-09,22.4781
2021-06-10,22.5274
2021-06-11,22.5619
2021-06-12,22.5951
2021-06-13,22.6142
2021-06-14,22.6419
2021-06-15,22.6823
2021-06-16,22.7069
2021-06-17,22.7475
2021-06-18,22.7966
2021-06-19,22.8365
2021-06-20,22.8709
2021-06-21,22.9151
2021-06-22,22.9575
2021-06-23,23.0106
2021-06-24,23.0645
2021-06-25,23.1084
2021-06-26,23.1580
2021-06-27,23.2099
2021-06-28,23.2458
2021-06-29,23.2789
2021-06-30,23.3199
2021-07-01,23.3380
2021-07-02,23.3601
2021-07-03,23.4202
2021-07-04,23.4828
2021-07-05,23.5182
2021-07-06,23.5357
2021-07-07,23.5678
2021-07-08,23.6213
2021-07-09,23.6853
2021-07-10,23.7388
2021-07-11,23.7763
2021-07-12,23.8259
2021-07-13,23.8640
2021-07-14,23.8920
2021-07-15,23.9258
2021-07-16,23.9762
2021-07-17,24.0339
2021-07-18,24.0814
2021-07-19,24.1427
2021-07-20,24.1968
2021-07-21,24.2440
2021-07-22,24.2869
2021-07-23,24.3166
2021-07-24,24.3487
2021-07-25,24.3717
2021-07-26,24.4014
2021-07-27,24.4684
2021-07-28,24.5417
2021-07-29,24.5941
2021-07-30,24.6279
2021-07-31,24.6313
2021-08-01,24.6378
2021-08-02,24.6450
2021-08-03,24.6450
2021-08-04,24.6784
2021-08-05,24.7345
2021-08-06,24.7664
2021-08-07,24.7903
2021-08-08,24.8305
2021-08-09,24.8498
2021-08-10,24.8678
2021-08-11,24.8941
2021-08-12,24.8987
2021-08-13,24.9276
2021-08-14,24.9463
2021-08-15,24.9539
2021-08-16,24.9526
2021-08-17,24.9450
2021-08-18,24.9604
2021-08-19,24.9709
2021-08-20,24.9634
2021-08-21,24.9571
2021-08-22,24.9568
2021-08-23,24.9535
2021-08-24,24.9486
2021-08-25,24.9556
2021-08-26,24.9806
2021-08-27,25.0045
2021-08-28,25.0216
2021-08-29,25.0330
2021-08-30,25.0441
2021-08-31,25.0578
2021-09-01,25.0640
2021-09-02,25.0766
2021-09-03,25.0935
2021-09-04,25.1059
2021-09-05,25.1137
2021-09-06,25.1121
2021-09-07,25.1038
2021-09-08,25.1173
2021-09-09,25.1170
2021-09-10,25.1033
2021-09-11,25.0824
2021-09-12,25.0434
2021-09-13,25.0174
2021-09-14,24.9774
2021-09-15,24.9558
2021-09-16,24.9409
2021-09-17,24.9231
2021-09-18,24.8962
2021-09-19,24.8743
2021-09-20,24.8560
2021-09-21,24.8372
2021-09-22,24.8211
2021-09-23,24.7874
2021-09-24,24.7471
2021-09-25,24.7186
2021-09-26,24.6780
2021-09-27,24.6357
2021-09-28,24.5975
2021-09-29,24.5531
2021-09-30,24.4711
2021-10-01,24.4150
2021-10-02,24.3810
2021-10-03,24.3551
2021-10-04,24.3320
2021-10-05,24.3139
2021-10-06,24.2914
2021-10-07,24.2649
2021-10-08,24.2307
2021-10-09,24.1964
2021-10-10,24.1457
2021-10-11,24.0926
2021-10-12,24.0240
2021-10-13,23.9737
2021-10-14,23.9255
2021-10-15,23.8709
2021-10-16,23.8232
2021-10-17,23.7986
2021-10-18,23.7733
2021-10-19,23.7520
2021-10-20,23.7388
2021-10-21,23.6998
2021-10-22,23.6517
2021-10-23,23.6049
2021-10-24,23.5542
2021-10-25,23.4965
2021-10-26,23.4374
2021-10-27,23.3929
2021-10-28,23.3452
2021-10-29,23.2966
2021-10-30,23.2541
2021-10-31,23.1952
2021-11-01,23.1673
2021-11-02,23.1370
2021-11-03,23.1056
2021-11-04,23.0730
2021-11-05,23.0394
2021-11-06,22.9974
2021-11-07,22.9491
2021-11-08,22.9052
2021-11-09,22.8708
2021-11-10,22.8356
2021-11-11,22.8083
2021-11-12,22.7727
2021-11-13,22.7411
2021-11-14,22.7059
2021-11-15,22.6594
2021-11-16,22.6216
2021-11-17,22.5970
2021-11-18,22.5842
2021-11-19,22.5656
2021-11-20,22.5343
2021-11-21,22.4925
2021-11-22,22.4527
2021-11-23,22.4053
2021-11-24,22.3382
2021-11-25,22.2788
2021-11-26,22.2270
2021-11-27,22.1814
2021-11-28,22.1318
2021-11-29,22.0795
2021-11-30,22.0241
2021-12-01,21.9674
2021-12-02,21.9200
2021-12-03,21.8943
2021-12-04,21.8593
2021-12-05,21.8105
2021-12-06,21.7623
2021-12-07,21.7076
2021-12-08,21.6704
2021-12-09,21.6296
2021-12-10,21.6003
2021-12-11,21.5723
2021-12-12,21.5352
2021-12-13,21.4878
2021-12-14,21.4430
2021-12-15,21.3917
2021-12-16,21.3543
2021-12-17,21.3211
2021-12-18,21.2886
2021-12-19,21.2380
2021-12-20,21.1965
2021-12-21,21.1639
2021-12-22,21.1412
2021-12-23,21.1179
2021-12-24,21.0890
2021-12-25,21.0502
2021-12-26,21.0137
2021-12-27,20.9883
2021-12-28,20.9657
2021-12-29,20.9333
2021-12-30,20.8994
2021-12-31,20.8603
2022-01-01,20.8228
2022-01-02,20.7898
2022-01-03,20.7699
2022-01-04,20.7477
2022-01-05,20.7256
2022-01-06,20.7094
2022-01-07,20.6911
2022-01-08,20.6701
2022-01-09,20.6519
2022-01-10,20.6399
2022-01-11,20.6177
2022-01-12,20.5935
2022-01-13,20.5790
2022-01-14,20.5536
2022-01-15,20.5265
2022-01-16,20.5032
2022-01-17,20.4683
2022-01-18,20.4371
2022-01-19,20.4131
2022-01-20,20.4006
2022-01-21,20.3981
2022-01-22,20.3921
2022-01-23,20.3846
2022-01-24,20.3752
2022-01-25,20.3590
2022-01-26,20.3435
2022-01-27,20.3209
2022-01-28,20.3060
2022-01-29,20.2937
2022-01-30,20.2799
2022-01-31,20.2631
2022-02-01,20.2378
2022-02-02,20.2116
2022-02-03,20.1988
2022-02-04,20.1805
2022-02-05,20.1586
2022-02-06,20.1452
2022-02-07,20.1429
2022-02-08,20.1326
2022-02-09,20.1276
2022-02-10,20.1271
2022-02-11,20.1220
2022-02-12,20.1188
2022-02-13,20.1071
2022-02-14,20.0946
2022-02-15,20.0819
2022-02-16,20.0674
2022-02-17,20.0455
2022-02-18,20.0224
2022-02-19,20.0114
2022-02-20,19.9713
2022-02-21,19.9707
2022-02-22,19.9695
2022-02-23,19.9660
2022-02-24,19.9669
2022-02-25,19.9671
2022-02-26,19.9585
2022-02-27,19.9498
2022-02-28,19.9494
2022-03-01,19.9614
2022-03-02,19.9789
2022-03-03,19.9992
2022-03-04,20.0115
2022-03-05,20.0146
2022-03-06,20.0203
2022-03-07,20.0263
2022-03-08,20.0480
2022-03-09,20.0691
2022-03-10,20.0826
2022-03-11,20.0939
2022-03-12,20.0962
2022-03-13,20.0929
2022-03-14,20.0974
2022-03-15,20.1111
2022-03-16,20.1320
2022-03-17,20.1559
2022-03-18,20.1720
2022-03-19,20.1723
2022-03-20,20.1837
2022-03-21,20.1971
2022-03-22,20.2133
2022-03-23,20.2340
2022-03-24,20.2402
2022-03-25,20.2661
2022-03-26,20.2893
2022-03-27,20.3142
2022-03-28,20.3328
2022-03-29,20.3398
2022-03-30,20.3437
2022-03-31,20.3479
2022-04-01,20.3458
2022-04-02,20.3535
2022-04-03,20.3733
2022-04-04,20.3866
2022-04-05,20.3945
2022-04-06,20.3973
2022-04-07,20.4076
2022-04-08,20.4162
2022-04-09,20.4145
2022-04-10,20.4231
2022-04-11,20.4431
2022-04-12,20.4621
2022-04-13,20.4878
2022-04-14,20.5204
2022-04-15,20.5461
2022-04-16,20.5630
2022-04-17,20.5978
2022-04-18,20.6443
2022-04-19,20.6821
2022-04-20,20.7195
2022-04-21,20.7314
2022-04-22,20.7393
2022-04-23,20.7584
2022-04-24,20.7699
2022-04-25,20.7880
2022-04-26,20.8005
2022-04-27,20.8154
2022-04-28,20.8539
2022-04-29,20.8735
2022-04-30,20.9019
2022-05-01,20.9163
2022-05-02,20.9436
2022-05-03,20.9717
2022-05-04,21.0010
2022-05-05,21.0349
2022-05-06,21.0663
2022-05-07,21.0857
2022-05-08,21.0986
2022-05-09,21.1089
2022-05-10,21.1238
2022-05-11,21.1551
2022-05-12,21.1957
2022-05-13,21.2427
2022-05-14,21.2981
2022-05-15,21.3624
2022-05-16,21.4301
2022-05-17,21.4771
2022-05-18,21.5165
2022-05-19,21.5767
2022-05-20,21.6353
2022-05-21,21.6787
2022-05-22,21.7149
2022-05-23,21.7373
2022-05-24,21.7685
2022-05-25,21.8038
2022-05-26,21.8504
2022-05-27,21.8996
2022-05-28,21.9373
2022-05-29,21.9686
2022-05-30,21.9884
2022-05-31,22.0245
2022-06-01,22.0731
2022-06-02,22.1199
2022-06-03,22.1669
2022-06-04,22.2252
2022-06-05,22.2884
2022-06-06,22.3415
2022-06-07,22.3865
2022-06-08,22.4259
2022-06-09,22.4630
2022-06-10,22.5209
2022-06-11,22.5762
2022-06-12,22.6124
2022-06-13,22.6379
2022-06-14,22.6489
2022-06-15,22.6699
2022-06-16,22.7030
2022-06-17,22.7407
2022-06-18,22.7822
2022-06-19,22.8371
2022-06-20,22.8904
2022-06-21,22.9389
2022-06-22,22.9827
2022-06-23,23.0326
2022-06-24,23.0959
2022-06-25,23.1706
2022-06-26,23.2325
2022-06-27,23.2815
2022-06-28,23.3217
2022-06-29,23.3584
2022-06-30,23.4007
2022-07-01,23.4542
2022-07-02,23.5071
2022-07-03,23.5669
2022-07-04,23.6241
2022-07-05,23.6884
2022-07-06,23.7475
2022-07-07,23.7970
2022-07-08,23.8459
2022-07-09,23.9145
2022-07-10,23.9955
2022-07-11,24.0685
2022-07-12,24.1274
2022-07-13,24.1633
2022-07-14,24.1771
2022-07-15,24.1806
2022-07-16,24.1943
2022-07-17,24.2060
2022-07-18,24.2340
2022-07-19,24.2618
2022-07-20,24.3146
2022-07-21,24.3659
2022-07-22,24.4250
2022-07-23,24.4808
2022-07-24,24.5343
2022-07-25,24.5758
2022-07-26,24.6025
2022-07-27,24.6245
2022-07-28,24.6385
2022-07-29,24.6682
2022-07-30,24.6952
2022-07-31,24.7034
2022-08-01,24.7211
2022-08-02,24.7396
2022-08-03,24.7642
2022-08-04,24.7991
2022-08-05,24.8288
2022-08-06,24.8583
2022-08-07,24.8850
2022-08-08,24.9107
2022-08-09,24.9331
2022-08-10,24.9552
2022-08-11,24.9876
2022-08-12,25.0275
2022-08-13,25.0453
2022-08-14,25.0556
2022-08-15,25.0629
2022-08-16,25.0523
2022-08-17,25.0563
2022-08-18,25.0643
2022-08-19,25.0814
2022-08-20,25.1137
2022-08-21,25.1497
2022-08-22,25.1676
2022-08-23,25.1853
2022-08-24,25.2143
2022-08-25,25.2405
2022-08-26,25.2556
2022-08-27,25.2628
2022-08-28,25.2597
2022-08-29,25.2603
2022-08-30,25.2482
2022-08-31,25.2369
2022-09-01,25.2132
2022-09-02,25.1830
2022-09-03,25.1743
2022-09-04,25.1742
2022-09-05,25.1578
2022-09-06,25.1340
2022-09-07,25.1010
2022-09-08,25.0805
2022-09-09,25.0695
2022-09-10,25.0682
2022-09-11,25.0698
2022-09-12,25.0684
2022-09-13,25.0587
2022-09-14,25.0340
2022-09-15,24.9843
2022-09-16,24.9317
2022-09-17,24.8873
2022-09-18,24.8603
2022-09-19,24.8406
2022-09-20,24.8149
2022-09-21,24.7924
2022-09-22,24.7507
2022-09-23,24.7051
2022-09-24,24.6766
2022-09-25,24.6550
2022-09-26,24.6322
2022-09-27,24.6222
2022-09-28,24.6081
2022-09-29,24.5895
2022-09-30,24.5652
2022-10-01,24.5290
2022-10-02,24.4992
2022-10-03,24.4704
2022-10-04,24.4484
2022-10-05,24.4216
2022-10-06,24.3896
2022-10-07,24.3634
2022-10-08,24.3476
2022-10-09,24.3301
2022-10-10,24.2971
2022-10-11,24.2553
2022-10-12,24.2124
2022-10-13,24.1679
2022-10-14,24.1304
2022-10-15,24.0966
2022-10-16,24.0650
2022-10-17,24.0320
2022-10-18,23.9847
2022-10-19,23.9152
2022-10-20,23.8450
2022-10-21,23.7959
2022-10-22,23.7549
2022-10-23,23.7139
2022-10-24,23.6647
2022-10-25,23.6128
2022-10-26,23.5558
2022-10-27,23.5061
2022-10-28,23.4628
2022-10-29,23.4312
2022-10-30,23.4090
2022-10-31,23.3925
2022-11-01,23.3654
2022-11-02,23.3375
2022-11-03,23.3117
2022-11-04,23.2753
2022-11-05,23.2473
2022-11-06,23.2155
2022-11-07,23.1865
2022-11-08,23.1135
2022-11-09,23.0526
2022-11-10,23.0321
2022-11-11,22.9836
2022-11-12,22.9367
2022-11-13,22.8861
2022-11-14,22.8358
2022-11-15,22.7808
2022-11-16,22.7372
2022-11-17,22.6942
2022-11-18,22.6455
2022-11-19,22.6029
2022-11-20,22.5644
2022-11-21,22.5259
2022-11-22,22.4888
2022-11-23,22.4473
2022-11-24,22.4092
2022-11-25,22.3679
2022-11-26,22.3292
2022-11-27,22.2840
2022-11-28,22.2412
2022-11-29,22.1894
2022-11-30,22.1417
2022-12-01,22.1001
2022-12-02,22.0654
2022-12-03,22.0351
2022-12-04,21.9923
2022-12-05,21.9426
2022-12-06,21.8978
2022-12-07,21.8518
2022-12-08,21.8053
2022-12-09,21.7680
2022-12-10,21.7332
2022-12-11,21.6981
2022-12-12,21.6572
2022-12-13,21.6130
2022-12-14,21.5691
2022-12-15,21.5216
2022-12-16,21.4831
2022-12-17,21.4421
2022-12-18,21.4064
2022-12-19,21.3678
2022-12-20,21.3496
2022-12-21,21.3359
2022-12-22,21.3013
2022-12-23,21.2681
2022-12-24,21.2494
2022-12-25,21.2313
2022-12-26,21.1992
2022-12-27,21.1662
2022-12-28,21.1261
2022-12-29,21.0892
2022-12-30,21.0555
2022-12-31,21.0127
2023-01-01,20.9697
2023-01-02,20.9385
2023-01-03,20.9010
2023-01-04,20.8726
2023-01-05,20.8321
2023-01-06,20.8007
2023-01-07,20.7718
2023-01-08,20.7486
2023-01-09,20.7329
2023-01-10,20.7078
2023-01-11,20.6797
2023-01-12,20.6596
2023-01-13,20.6356
2023-01-14,20.6036
2023-01-15,20.5680
2023-01-16,20.5340
2023-01-17,20.5086
2023-01-18,20.4889
2023-01-19,20.4625
2023-01-20,20.4316
2023-01-21,20.3902
2023-01-22,20.3575
2023-01-23,20.3373
2023-01-24,20.3057
2023-01-25,20.2752
2023-01-26,20.2585
2023-01-27,20.2408
2023-01-28,20.2265
2023-01-29,20.2228
2023-01-30,20.2252
2023-01-31,20.2198
2023-02-01,20.2028
2023-02-02,20.1916
2023-02-03,20.1858
2023-02-04,20.1943
2023-02-05,20.1906
2023-02-06,20.1793
2023-02-07,20.1580
2023-02-08,20.1293
2023-02-09,20.1005
2023-02-10,20.0650
2023-02-11,20.0446
2023-02-12,20.0377
2023-02-13,20.0302
2023-02-14,20.0101
2023-02-15,19.9830
2023-02-16,19.9653
2023-02-17,19.9542
2023-02-18,19.9593
2023-02-19,19.9692
2023-02-20,19.9740
2023-02-21,19.9741
2023-02-22,19.9745
2023-02-23,19.9635
2023-02-24,19.9654
2023-02-25,19.9594
2023-02-26,19.9538
2023-02-27,19.9552
2023-02-28,19.9562
2023-03-01,19.9448
2023-03-02,19.9363
2023-03-03,19.9201
2023-03-04,19.9252
2023-03-05,19.9388
2023-03-06,19.9575
2023-03-07,19.9700
2023-03-08,19.9889
2023-03-09,20.0094
2023-03-10,20.0389
2023-03-11,20.0787
2023-03-12,20.1184
2023-03-13,20.1442
2023-03-14,20.1682
2023-03-15,20.1869
2023-03-16,20.2017
2023-03-17,20.1946
2023-03-18,20.1899
2023-03-19,20.1835
2023-03-20,20.1834
2023-03-21,20.1857
2023-03-22,20.1859
2023-03-23,20.1918
2023-03-24,20.2039
2023-03-25,20.2079
2023-03-26,20.2199
2023-03-27,20.2419
2023-03-28,20.2623
2023-03-29,20.2891
2023-03-30,20.3317
2023-03-31,20.3789
2023-04-01,20.4230
2023-04-02,20.4479
2023-04-03,20.4548
2023-04-04,20.4500
2023-04-05,20.4428
2023-04-06,20.4426
2023-04-07,20.4463
2023-04-08,20.4690
2023-04-09,20.5013
2023-04-10,20.5252
2023-04-11,20.5314
2023-04-12,20.5243
2023-04-13,20.5309
2023-04-14,20.5585
2023-04-15,20.5974
2023-04-16,20.6357
2023-04-17,20.6714
2023-04-18,20.6933
2023-04-19,20.7279
2023-04-20,20.7677
2023-04-21,20.7973
2023-04-22,20.8231
2023-04-23,20.8624
2023-04-24,20.8841
2023-04-25,20.9026
2023-04-26,20.9236
2023-04-27,20.9404
2023-04-28,20.9418
2023-04-29,20.9432
2023-04-30,20.9412
2023-05-01,20.9427
2023-05-02,20.9438
2023-05-03,20.9658
2023-05-04,20.9966
2023-05-05,21.0251
2023-05-06,21.0700
2023-05-07,21.1190
2023-05-08,21.1659
2023-05-09,21.2176
2023-05-10,21.2679
2023-05-11,21.3251
2023-05-12,21.3740
2023-05-13,21.4111
2023-05-14,21.4503
2023-05-15,21.4847
2023-05-16,21.5148
2023-05-17,21.5164
2023-05-18,21.5396
2023-05-19,21.5872
2023-05-20,21.6530
2023-05-21,21.7025
2023-05-22,21.7366
2023-05-23,21.7608
2023-05-24,21.7634
2023-05-25,21.7703
2023-05-26,21.7756
2023-05-27,21.7940
2023-05-28,21.8378
2023-05-29,21.8990
2023-05-30,21.9544
2023-05-31,21.9991
2023-06-01,22.0395
2023-06-02,22.0754
2023-06-03,22.1179
2023-06-04,22.1678
2023-06-05,22.2148
2023-06-06,22.2743
2023-06-07,22.3346
2023-06-08,22.3845
2023-06-09,22.4384
2023-06-10,22.4810
2023-06-11,22.5124
2023-06-12,22.5509
2023-06-13,22.5844
2023-06-14,22.6197
2023-06-15,22.6545
2023-06-16,22.6931
2023-06-17,22.7317
2023-06-18,22.7763
2023-06-19,22.8215
2023-06-20,22.8787
2023-06-21,22.9255
2023-06-22,22.9812
2023-06-23,23.0285
2023-06-24,23.0772
2023-06-25,23.1331
2023-06-26,23.1753
2023-06-27,23.2056
2023-06-28,23.2381
2023-06-29,23.2919
2023-06-30,23.3651
2023-07-01,23.4430
2023-07-02,23.5235
2023-07-03,23.5867
2023-07-04,23.6310
2023-07-05,23.6585
2023-07-06,23.6956
2023-07-07,23.7250
2023-07-08,23.7370
2023-07-09,23.7685
2023-07-10,23.8088
2023-07-11,23.8655
2023-07-12,23.9303
2023-07-13,23.9988
2023-07-14,24.0588
2023-07-15,24.1103
2023-07-16,24.1554
2023-07-17,24.2015
2023-07-18,24.2458
2023-07-19,24.3029
2023-07-20,24.3306
2023-07-21,24.3585
2023-07-22,24.4088
2023-07-23,24.4482
2023-07-24,24.5038
2023-07-25,24.5682
2023-07-26,24.6226
2023-07-27,24.6766
2023-07-28,24.7398
2023-07-29,24.7931
2023-07-30,24.8392
2023-07-31,24.8756
2023-08-01,24.9097
2023-08-02,24.9445
2023-08-03,24.9962
2023-08-04,25.0389
2023-08-05,25.0609
2023-08-06,25.0696
2023-08-07,25.0762
2023-08-08,25.1013
2023-08-09,25.1125
2023-08-10,25.1350
2023-08-11,25.1483
2023-08-12,25.1672
2023-08-13,25.1851
2023-08-14,25.2004
2023-08-15,25.2274
2023-08-16,25.2506
2023-08-17,25.2719
2023-08-18,25.2856
2023-08-19,25.3089
2023-08-20,25.3398
2023-08-21,25.3651
2023-08-22,25.3902
2023-08-23,25.4078
2023-08-24,25.4141
2023-08-25,25.4110
2023-08-26,25.4046
2023-08-27,25.3966
2023-08-28,25.3786
2023-08-29,25.3683
2023-08-30,25.3417
2023-08-31,25.3065
2023-09-01,25.2760
2023-09-02,25.2688
2023-09-03,25.2631
2023-09-04,25.2754
2023-09-05,25.2936
2023-09-06,25.3024
2023-09-07,25.3020
2023-09-08,25.3061
2023-09-09,25.3100
2023-09-10,25.3013
2023-09-11,25.2889
2023-09-12,25.2997
2023-09-13,25.3216
2023-09-14,25.3473
2023-09-15,25.3501
2023-09-16,25.3321
2023-09-17,25.3236
2023-09-18,25.3157
2023-09-19,25.3084
2023-09-20,25.2845
2023-09-21,25.2446
2023-09-22,25.2140
2023-09-23,25.1889
2023-09-24,25.1636
2023-09-25,25.1373
2023-09-26,25.1081
2023-09-27,25.0879
2023-09-28,25.0613
2023-09-29,25.0352
2023-09-30,24.9982
2023-10-01,24.9402
2023-10-02,24.8933
2023-10-03,24.8447
2023-10-04,24.8015
2023-10-05,24.7623
2023-10-06,24.7261
2023-10-07,24.6897
2023-10-08,24.6559
2023-10-09,24.6216
2023-10-10,24.5921
2023-10-11,24.5560
2023-10-12,24.5149
2023-10-13,24.4657
2023-10-14,24.4351
2023-10-15,24.4140
2023-10-16,24.3938
2023-10-17,24.3560
2023-10-18,24.3128
2023-10-19,24.2701
2023-10-20,24.2195
2023-10-21,24.1704
2023-10-22,24.1164
2023-10-23,24.0747
2023-10-24,24.0408
2023-10-25,24.0114
2023-10-26,23.9977
2023-10-27,23.9738
2023-10-28,23.9486
2023-10-29,23.9228
2023-10-30,23.8971
2023-10-31,23.8689
2023-11-01,23.8558
2023-11-02,23.8378
2023-11-03,23.8105
2023-11-04,23.7779
2023-11-05,23.7331
2023-11-06,23.6710
2023-11-07,23.5906
2023-11-08,23.5406
2023-11-09,23.4885
2023-11-10,23.4400
2023-11-11,23.3981
2023-11-12,23.3542
2023-11-13,23.3124
2023-11-14,23.2823
2023-11-15,23.2339
2023-11-16,23.1889
2023-11-17,23.1473
2023-11-18,23.0999
2023-11-19,23.0547
2023-11-20,22.9886
2023-11-21,22.9201
2023-11-22,22.8698
2023-11-23,22.8235
2023-11-24,22.7778
2023-11-25,22.7290
2023-11-26,22.6872
2023-11-27,22.6528
2023-11-28,22.6230
2023-11-29,22.5962
2023-11-30,22.5460
2023-12-01,22.4927
2023-12-02,22.4342
2023-12-03,22.3746
2023-12-04,22.3241
2023-12-05,22.2823
2023-12-06,22.2500
2023-12-07,22.2166
2023-12-08,22.1787
2023-12-09,22.1534
2023-12-10,22.1335
2023-12-11,22.1081
2023-12-12,22.0685
2023-12-13,22.0352
2023-12-14,22.0079
2023-12-15,21.9743
2023-12-16,21.9410
2023-12-17,21.9059
2023-12-18,21.8725
2023-12-19,21.8361
2023-12-20,21.8079
2023-12-21,21.7757
2023-12-22,21.7356
2023-12-23,21.6986
2023-12-24,21.6517
2023-12-25,21.6054
2023-12-26,21.5607
2023-12-27,21.5281
2023-12-28,21.4951
2023-12-29,21.4585
2023-12-30,21.4212
2023-12-31,21.3870
2024-01-01,21.3446
2024-01-02,21.3017
2024-01-03,21.2639
2024-01-04,21.2338
2024-01-05,21.2092
2024-01-06,21.1897
2024-01-07,21.1675
2024-01-08,21.1364
2024-01-09,21.1063
2024-01-10,21.0784
2024-01-11,21.0594
2024-01-12,21.0295
2024-01-13,20.9900
2024-01-14,20.9453
2024-01-15,20.9098
2024-01-16,20.8881
2024-01-17,20.8606
2024-01-18,20.8421
2024-01-19,20.8312
2024-01-20,20.8191
2024-01-21,20.7886
2024-01-22,20.7526
2024-01-23,20.7280
2024-01-24,20.7093
2024-01-25,20.6882
2024-01-26,20.6597
2024-01-27,20.6417
2024-01-28,20.6265
2024-01-29,20.6234
2024-01-30,20.6225
2024-01-31,20.6138
2024-02-01,20.5808
2024-02-02,20.5383
2024-02-03,20.4996
2024-02-04,20.4690
2024-02-05,20.4362
2024-02-06,20.4027
2024-02-07,20.3746
2024-02-08,20.3485
2024-02-09,20.3498
2024-02-10,20.3285
2024-02-11,20.3061
2024-02-12,20.2908
2024-02-13,20.2752
2024-02-14,20.2573
2024-02-15,20.2331
2024-02-16,20.2067
2024-02-17,20.1821
2024-02-18,20.1727
2024-02-19,20.1619
2024-02-20,20.1500
2024-02-21,20.1499
2024-02-22,20.1546
2024-02-23,20.1644
2024-02-24,20.1872
2024-02-25,20.2067
2024-02-26,20.2235
2024-02-27,20.2342
2024-02-28,20.2374
2024-02-29,20.2329
2024-03-01,20.2192
2024-03-02,20.2108
2024-03-03,20.2134
2024-03-04,20.2201
2024-03-05,20.2281
2024-03-06,20.2288
2024-03-07,20.2231
2024-03-08,20.2154
2024-03-09,20.2069
2024-03-10,20.1902
2024-03-11,20.1718
2024-03-12,20.1522
2024-03-13,20.1275
2024-03-14,20.1118
2024-03-15,20.1329
2024-03-16,20.1609
2024-03-17,20.1703
2024-03-18,20.1939
2024-03-19,20.2327
2024-03-20,20.2647
2024-03-21,20.2782
2024-03-22,20.2806
2024-03-23,20.2754
2024-03-24,20.2665
2024-03-25,20.2700
2024-03-26,20.2919
2024-03-27,20.3119
2024-03-28,20.3332
2024-03-29,20.3602
2024-03-30,20.3871
2024-03-31,20.4006
2024-04-01,20.4187
2024-04-02,20.4140
2024-04-03,20.4135
2024-04-04,20.4197
2024-04-05,20.4292
2024-04-06,20.4546
2024-04-07,20.4855
2024-04-08,20.5054
2024-04-09,20.5202
2024-04-10,20.5313
2024-04-11,20.5465
2024-04-12,20.5710
2024-04-13,20.5998
2024-04-14,20.6351
2024-04-15,20.6540
2024-04-16,20.6896
2024-04-17,20.7365
2024-04-18,20.7799
2024-04-19,20.8136
2024-04-20,20.8542
2024-04-21,20.8945
2024-04-22,20.9242
2024-04-23,20.9844
2024-04-24,21.0306
2024-04-25,21.0593
2024-04-26,21.0734
2024-04-27,21.0903
2024-04-28,21.1224
2024-04-29,21.1723
2024-04-30,21.2028
2024-05-01,21.2378
2024-05-02,21.2650
2024-05-03,21.2913
2024-05-04,21.3123
2024-05-05,21.3261
2024-05-06,21.3505
2024-05-07,21.3849
2024-05-08,21.4096
2024-05-09,21.4071
2024-05-10,21.4093
2024-05-11,21.4172
2024-05-12,21.4335
2024-05-13,21.4602
2024-05-14,21.4988
2024-05-15,21.5340
2024-05-16,21.5691
2024-05-17,21.6011
2024-05-18,21.6405
2024-05-19,21.6761
2024-05-20,21.7150
2024-05-21,21.7659
2024-05-22,21.8095
2024-05-23,21.8510
2024-05-24,21.8870
2024-05-25,21.9243
2024-05-26,21.9751
2024-05-27,22.0281
2024-05-28,22.0794
2024-05-29,22.1440
2024-05-30,22.1976
2024-05-31,22.2514
2024-06-01,22.2835
2024-06-02,22.3025
2024-06-03,22.3455
2024-06-04,22.4035
2024-06-05,22.4278
2024-06-06,22.4728
2024-06-07,22.5248
2024-06-08,22.5523
2024-06-09,22.5704
2024-06-10,22.5877
2024-06-11,22.6144
2024-06-12,22.6501
2024-06-13,22.6902
2024-06-14,22.7357
2024-06-15,22.7934
2024-06-16,22.8366
2024-06-17,22.8832
2024-06-18,22.9351
2024-06-19,22.9901
2024-06-20,23.0480
2024-06-21,23.1061
2024-06-22,23.1735
2024-06-23,23.2199
2024-06-24,23.2453
2024-06-25,23.2807
2024-06-26,23.3161
2024-06-27,23.3501
2024-06-28,23.3811
2024-06-29,23.4258
2024-06-30,23.4860
2024-07-01,23.5147
2024-07-02,23.5438
2024-07-03,23.6049
2024-07-04,23.6914
2024-07-05,23.7634
2024-07-06,23.8575
2024-07-07,23.9221
2024-07-08,23.9581
2024-07-09,24.0003
2024-07-10,24.0537
2024-07-11,24.1006
2024-07-12,24.1277
2024-07-13,24.1528
2024-07-14,24.1722
2024-07-15,24.2063
2024-07-16,24.2583
2024-07-17,24.2958
2024-07-18,24.3430
2024-07-19,24.3929
2024-07-20,24.4477
2024-07-21,24.4984
2024-07-22,24.5245
2024-07-23,24.5472
2024-07-24,24.5693
2024-07-25,24.5862
2024-07-26,24.6021
2024-07-27,24.6245
2024-07-28,24.6555
2024-07-29,24.6865
2024-07-30,24.7143
2024-07-31,24.7449
2024-08-01,24.7924
2024-08-02,24.8509
2024-08-03,24.9101
2024-08-04,24.9603
2024-08-05,24.9361
2024-08-06,25.0357
2024-08-07,25.0848
2024-08-08,25.1345
2024-08-09,25.1570
2024-08-10,25.1640
2024-08-11,25.1875
2024-08-12,25.2140
2024-08-13,25.2687
2024-08-14,25.3404
2024-08-15,25.3509
2024-08-16,25.3258
2024-08-17,25.2982
2024-08-18,25.2899
2024-08-19,25.2923
2024-08-20,25.2958
2024-08-21,25.2976
2024-08-22,25.2907
2024-08-23,25.2732
2024-08-24,25.2636
2024-08-25,25.2734
2024-08-26,25.2847
2024-08-27,25.2950
2024-08-28,25.3049
2024-08-29,25.3091
2024-08-30,25.3228
2024-08-31,25.3335
2024-09-01,25.3518
2024-09-02,25.3742
2024-09-03,25.3818
2024-09-04,25.3749
2024-09-05,25.3826
2024-09-06,25.3919
2024-09-07,25.3871
2024-09-08,25.3741
2024-09-09,25.3544
2024-09-10,25.3224
2024-09-11,25.2895
2024-09-12,25.2402
2024-09-13,25.2230
2024-09-14,25.2138
2024-09-15,25.1929
2024-09-16,25.1840
2024-09-17,25.1747
2024-09-18,25.1708
2024-09-19,25.1557
2024-09-20,25.1375
2024-09-21,25.1025
2024-09-22,25.0684
2024-09-23,25.0427
2024-09-24,25.0285
2024-09-25,25.0211
2024-09-26,25.0028
2024-09-27,24.9831
2024-09-28,24.9438
2024-09-29,24.9112
2024-09-30,24.8810
2024-10-01,24.8472
2024-10-02,24.8117
2024-10-03,24.7738
2024-10-04,24.7360
2024-10-05,24.7060
2024-10-06,24.6766
2024-10-07,24.6351
2024-10-08,24.6095
2024-10-09,24.5972
2024-10-10,24.5765
2024-10-11,24.5526
2024-10-12,24.5160
2024-10-13,24.4770
2024-10-14,24.4442
2024-10-15,24.4095
2024-10-16,24.3597
2024-10-17,24.3111
2024-10-18,24.2775
2024-10-19,24.2187
2024-10-20,24.1472
2024-10-21,24.0767
2024-10-22,24.0033
2024-10-23,23.9584
2024-10-24,23.9136
2024-10-25,23.8707
2024-10-26,23.8354
2024-10-27,23.8209
2024-10-28,23.7826
2024-10-29,23.7355
2024-10-30,23.6845
2024-10-31,23.6406
2024-11-01,23.5858
2024-11-02,23.5328
2024-11-03,23.4927
2024-11-04,23.4551
2024-11-05,23.4090
2024-11-06,23.3476
2024-11-07,23.2973
2024-11-08,23.2509
2024-11-09,23.2064
2024-11-10,23.1613
2024-11-11,23.1290
2024-11-12,23.0982
2024-11-13,23.0653
2024-11-14,23.0344
2024-11-15,22.9946
2024-11-16,22.9458
2024-11-17,22.8851
2024-11-18,22.8140
2024-11-19,22.7603
2024-11-20,22.7228
2024-11-21,22.6971
2024-11-22,22.6734
2024-11-23,22.6402
2024-11-24,22.5802
2024-11-25,22.5417
2024-11-26,22.4970
2024-11-27,22.4522
2024-11-28,22.4119
2024-11-29,22.3756
2024-11-30,22.3387
2024-12-01,22.3073
2024-12-02,22.2804
2024-12-03,22.2549
2024-12-04,22.2206
2024-12-05,22.1879
2024-12-06,22.1321
2024-12-07,22.0698
2024-12-08,22.0204
2024-12-09,21.9860
2024-12-10,21.9354
2024-12-11,21.8966
2024-12-12,21.8501
2024-12-13,21.7967
2024-12-14,21.7464
2024-12-15,21.7035
2024-12-16,21.6610
2024-12-17,21.6272
2024-12-18,21.5926
2024-12-19,21.5536
2024-12-20,21.5138
2024-12-21,21.4675
2024-12-22,21.4213
2024-12-23,21.3803
2024-12-24,21.3349
2024-12-25,21.2959
2024-12-26,21.2581
2024-12-27,21.2226
2024-12-28,21.1874
2024-12-29,21.1516
2024-12-30,21.1246
2024-12-31,21.1019
2025-01-01,21.0859
2025-01-02,21.0852
2025-01-03,21.0641
2025-01-04,21.0404
2025-01-05,21.0304
2025-01-06,21.0106
2025-01-07,20.9787
2025-01-08,20.9451
2025-01-09,20.9103
2025-01-10,20.8745
2025-01-11,20.8415
2025-01-12,20.8061
2025-01-13,20.7720
2025-01-14,20.7385
2025-01-15,20.7032
2025-01-16,20.6681
2025-01-17,20.6389
2025-01-18,20.6147
2025-01-19,20.5932
2025-01-20,20.5722
2025-01-21,20.5496
2025-01-22,20.5365
2025-01-23,20.5247
2025-01-24,20.5081
2025-01-25,20.4912
2025-01-26,20.4743
2025-01-27,20.4541
2025-01-28,20.4404
2025-01-29,20.4279
2025-01-30,20.4011
2025-01-31,20.3884
2025-02-01,20.3721
2025-02-02,20.3591
2025-02-03,20.3474
2025-02-04,20.3378
2025-02-05,20.3375
2025-02-06,20.3297
2025-02-07,20.3142
2025-02-08,20.2960
2025-02-09,20.2873
2025-02-10,20.2822
2025-02-11,20.2839
2025-02-12,20.2811
2025-02-13,20.2829
2025-02-14,20.2822
2025-02-15,20.2760
2025-02-16,20.2717
2025-02-17,20.2699
2025-02-18,20.2767
2025-02-19,20.2758
2025-02-20,20.2740
2025-02-21,20.2731
2025-02-22,20.2688
2025-02-23,20.2572
2025-02-24,20.2406
2025-02-25,20.2326
2025-02-26,20.2154
2025-02-27,20.2023
2025-02-28,20.1973
2025-03-01,20.1883
2025-03-02,20.1626
2025-03-03,20.1556
2025-03-04,20.1519
2025-03-05,20.1489
2025-03-06,20.1478
2025-03-07,20.1364
2025-03-08,20.1292
2025-03-09,20.1357
2025-03-10,20.1467
2025-03-11,20.1521
2025-03-12,20.1524
2025-03-13,20.1465
2025-03-14,20.1389
2025-03-15,20.1467
2025-03-16,20.1521
2025-03-17,20.1544
2025-03-18,20.1534
2025-03-19,20.1669
2025-03-20,20.1819
2025-03-21,20.2080
2025-03-22,20.2310
2025-03-23,20.2581
2025-03-24,20.2882
2025-03-25,20.3197
2025-03-26,20.3428
2025-03-27,20.3562
2025-03-28,20.3653
2025-03-29,20.3734
2025-03-30,20.3729
2025-03-31,20.3738
2025-04-01,20.3886
2025-04-02,20.3819
2025-04-03,20.3768
2025-04-04,20.3778
2025-04-05,20.3854
2025-04-06,20.4090
2025-04-07,20.4398
2025-04-08,20.4815
2025-04-09,20.5211
2025-04-10,20.5470
2025-04-11,20.5620
2025-04-12,20.5706
2025-04-13,20.5802
2025-04-14,20.5948
2025-04-15,20.6117
2025-04-16,20.6223
2025-04-17,20.6406
2025-04-18,20.6593
2025-04-19,20.6807
2025-04-20,20.7302
2025-04-21,20.7923
2025-04-22,20.8434
2025-04-23,20.8925
2025-04-24,20.9202
2025-04-25,20.9682
2025-04-26,21.0050
2025-04-27,21.0272
2025-04-28,21.0560
2025-04-29,21.0839
2025-04-30,21.1147
2025-05-01,21.1502
2025-05-02,21.1786
2025-05-03,21.2100
2025-05-04,21.2390
2025-05-05,21.2651
2025-05-06,21.2763
2025-05-07,21.2921
2025-05-08,21.3017
2025-05-09,21.3268
2025-05-10,21.3739
2025-05-11,21.4097
2025-05-12,21.4538
2025-05-13,21.4821
2025-05-14,21.5136
2025-05-15,21.5589
2025-05-16,21.6082
2025-05-17,21.6367
2025-05-18,21.6626
2025-05-19,21.6871
2025-05-20,21.7155
2025-05-21,21.7549
2025-05-22,21.8159
2025-05-23,21.8634
2025-05-24,21.8963
2025-05-25,21.9252
2025-05-26,21.9552
2025-05-27,21.9907
2025-05-28,22.0333
2025-05-29,22.0765
2025-05-30,22.0968
2025-05-31,22.1140
2025-06-01,22.1415
2025-06-02,22.1643
2025-06-03,22.1839
2025-06-04,22.2165
2025-06-05,22.2663
2025-06-06,22.3151
2025-06-07,22.3595
2025-06-08,22.4151
2025-06-09,22.4756
2025-06-10,22.5309
2025-06-11,22.6098
2025-06-12,22.6825
2025-06-13,22.7466
2025-06-14,22.7991
2025-06-15,22.8380
2025-06-16,22.8784
2025-06-17,22.9363
2025-06-18,22.9994
2025-06-19,23.0671
2025-06-20,23.1250
2025-06-21,23.1662
2025-06-22,23.2116
2025-06-23,23.2509
2025-06-24,23.2982
2025-06-25,23.3503
2025-06-26,23.4133
2025-06-27,23.4907
2025-06-28,23.5493
2025-06-29,23.5960
2025-06-30,23.6557
2025-07-01,23.7073
2025-07-02,23.7502
2025-07-03,23.7934
2025-07-04,23.8627
2025-07-05,23.9423
2025-07-06,24.0019
2025-07-07,24.0615
2025-07-08,24.0957
2025-07-09,24.1229
2025-07-10,24.1263
2025-07-11,24.1290
2025-07-12,24.1530
2025-07-13,24.1947
2025-07-14,24.2290
2025-07-15,24.2706
2025-07-16,24.3028
2025-07-17,24.3177
2025-07-18,24.3430
2025-07-19,24.3764
2025-07-20,24.4213
2025-07-21,24.4698
2025-07-22,24.5111
2025-07-23,24.5535
2025-07-24,24.6046
2025-07-25,24.6397
2025-07-26,24.6910
2025-07-27,24.7267
2025-07-28,24.7531
2025-07-29,24.8124
2025-07-30,24.8435
2025-07-31,24.8458
2025-08-01,24.8346
2025-08-02,24.8559
2025-08-03,24.9045
2025-08-04,24.9505
2025-08-05,24.9941
2025-08-06,25.0464
2025-08-07,25.0906
2025-08-08,25.1216
2025-08-09,25.1446
2025-08-10,25.1731
2025-08-11,25.2223
2025-08-12,25.2385
2025-08-13,25.2563
2025-08-14,25.2822
2025-08-15,25.3121
2025-08-16,25.3450
2025-08-17,25.3694
2025-08-18,25.3979
2025-08-19,25.4356
2025-08-20,25.4629
2025-08-21,25.4762
2025-08-22,25.4856
2025-08-23,25.4989
2025-08-24,25.5161
2025-08-25,25.5559
2025-08-26,25.5632
2025-08-27,25.5609
2025-08-28,25.5397
2025-08-29,25.4868
2025-08-30,25.4110
2025-08-31,25.3841
2025-09-01,25.3909
2025-09-02,25.3920
2025-09-03,25.3873
2025-09-04,25.3898
2025-09-05,25.4006
2025-09-06,25.4054
2025-09-07,25.4154
2025-09-08,25.4177
2025-09-09,25.4163
2025-09-10,25.4201
2025-09-11,25.4349
2025-09-12,25.4127
2025-09-13,25.3988
2025-09-14,25.3854
2025-09-15,25.3699
2025-09-16,25.3401
2025-09-17,25.3042
2025-09-18,25.2748
2025-09-19,25.2444
2025-09-20,25.2153
2025-09-21,25.1840
2025-09-22,25.1412
2025-09-23,25.0869
2025-09-24,25.0334
2025-09-25,24.9860
2025-09-26,24.9548
2025-09-27,24.9353
2025-09-28,24.9171
2025-09-29,24.8955
2025-09-30,24.8819
2025-10-01,24.8614
2025-10-02,24.8362
2025-10-03,24.7956
2025-10-04,24.7616
2025-10-05,24.7219
2025-10-06,24.6750
2025-10-07,24.6298
2025-10-08,24.5926
2025-10-09,24.5619
2025-10-10,24.5282
2025-10-11,24.4813
2025-10-12,24.4208
2025-10-13,24.3632
2025-10-14,24.3227
2025-10-15,24.2912
2025-10-16,24.2566
2025-10-17,24.2109
2025-10-18,24.1639
2025-10-19,24.1133
2025-10-20,24.0606
2025-10-21,23.9952
2025-10-22,23.9311
2025-10-23,23.8739
2025-10-24,23.8248
2025-10-25,23.7832
2025-10-26,23.7515
2025-10-27,23.6883
2025-10-28,23.6289
2025-10-29,23.5820
2025-10-30,23.5262
2025-10-31,23.4783
2025-11-01,23.4275
2025-11-02,23.3623
2025-11-03,23.2950
2025-11-04,23.2331
2025-11-05,23.1783
2025-11-06,23.1351
2025-11-07,23.0822
2025-11-08,23.0340
2025-11-09,22.9824
2025-11-10,22.9502
2025-11-11,22.9215
2025-11-12,22.8830
2025-11-13,22.8459
2025-11-14,22.8092
2025-11-15,22.7761
2025-11-16,22.7533
2025-11-17,22.7188
2025-11-18,22.6686
2025-11-19,22.6073
2025-11-20,22.5552
2025-11-21,22.5151
2025-11-22,22.4732
2025-11-23,22.4260
2025-11-24,22.3859
2025-11-25,22.3537
2025-11-26,22.3333
2025-11-27,22.3036
2025-11-28,22.2643
2025-11-29,22.2312
2025-11-30,22.2038
2025-12-01,22.1766
2025-12-02,22.1503
2025-12-03,22.1045
2025-12-04,22.0502
2025-12-05,22.0046
2025-12-06,21.9455
2025-12-07,21.8937
2025-12-08,21.8444
2025-12-09,21.7979
2025-12-10,21.7543
2025-12-11,21.7135
2025-12-12,21.6771
2025-12-13,21.6392
2025-12-14,21.5901
2025-12-15,21.5516
2025-12-16,21.5252
2025-12-17,21.4992
2025-12-18,21.4814
2025-12-19,21.4686
2025-12-20,21.4542
2025-12-21,21.4247
2025-12-22,21.3960
2025-12-23,21.3721
2025-12-24,21.3465
2025-12-25,21.3135
2025-12-26,21.2846
2025-12-27,21.2582
2025-12-28,21.2325
2025-12-29,21.2082
2025-12-30,21.1854
2025-12-31,21.1608
2026-01-01,21.1320
2026-01-02,21.0983
2026-01-03,21.0705
2026-01-04,21.0390
2026-01-05,21.0128
2026-01-06,20.9873
2026-01-07,20.9535
2026-01-08,20.9149
2026-01-09,20.8819
2026-01-10,20.8473
2026-01-11,20.8201
2026-01-12,20.7932
2026-01-13,20.7721
2026-01-14,20.7689
2026-01-15,20.7530
2026-01-16,20.7439
2026-01-17,20.7314
2026-01-18,20.7162
2026-01-19,20.7124
2026-01-20,20.6982
2026-01-21,20.6685
2026-01-22,20.6444
2026-01-23,20.6397
2026-01-24,20.6340
2026-01-25,20.6258
2026-01-26,20.6067
2026-01-27,20.5872
2026-01-28,20.5529
2026-01-29,20.5242
2026-01-30,20.5122
2026-01-31,20.5051
2026-02-01,20.4917
2026-02-02,20.4716
2026-02-03,20.4510
2026-02-04,20.4357
2026-02-05,20.4270
2026-02-06,20.4228
2026-02-07,20.4148
2026-02-08,20.3943
2026-02-09,20.3655
2026-02-10,20.3380
2026-02-11,20.3269
2026-02-12,20.3235
2026-02-13,20.3280
2026-02-14,20.3244
2026-02-15,20.3224
2026-02-16,20.3198
2026-02-17,20.3099
2026-02-18,20.3001
2026-02-19,20.2929
2026-02-20,20.2993
2026-02-21,20.3159
2026-02-22,20.3343
2026-02-23,20.3560
2026-02-24,20.3434
2026-02-25,20.3377
2026-02-26,20.3286
2026-02-27,20.3106
2026-02-28,20.3135
2026-03-01,20.3252
2026-03-02,20.3464
2026-03-03,20.3667
2026-03-04,20.3688
2026-03-05,20.3489
2026-03-06,20.3298
2026-03-07,20.3217
2026-03-08,20.3264
2026-03-09,20.3294
2026-03-10,20.3406
2026-03-11,20.3612
2026-03-12,20.3791
2026-03-13,20.3897
2026-03-14,20.3853
2026-03-15,20.3803
2026-03-16,20.3914
2026-03-17,20.4137
2026-03-18,20.4369
2026-03-19,20.4646
2026-03-20,20.4769
2026-03-21,20.4844
2026-03-22,20.5107
2026-03-23,20.5501
2026-03-24,20.5798
2026-03-25,20.6054
2026-03-26,20.6370
2026-03-27,20.6640
2026-03-28,20.6797
2026-03-29,20.6913
2026-03-30,20.6933
2026-03-31,20.7069
2026-04-01,20.7091
2026-04-02,20.7037
2026-04-03,20.7146
2026-04-04,20.7288
2026-04-05,20.7514
2026-04-06,20.7753
2026-04-07,20.8084
2026-04-08,20.8405
2026-04-09,20.8659
2026-04-10,20.8968
2026-04-11,20.9377
2026-04-12,20.9767
2026-04-13,21.0152
2026-04-14,21.0542
2026-04-15,21.0954
2026-04-16,21.1260
2026-04-17,21.1550
2026-04-18,21.1793
2026-04-19,21.2166
2026-04-20,21.2447
2026-04-21,21.2801
2026-04-22,21.3074
2026-04-23,21.3214
2026-04-24,21.3375
2026-04-25,21.3608
2026-04-26,21.3747
2026-04-27,21.3809
2026-04-28,21.3926
2026-04-29,21.4120
2026-04-30,21.4400
2026-05-01,21.4515
2026-05-02,21.4586
2026-05-03,21.4775
2026-05-04,21.5071
2026-05-05,21.5368
2026-05-06,21.5558
2026-05-07,21.5750
2026-05-08,21.6066
2026-05-09,21.6597
2026-05-10,21.7103
2026-05-11,21.7596
2026-05-12,21.8179
2026-05-13,21.8605
2026-05-14,21.8764
2026-05-15,21.8829
2026-05-16,21.9111
2026-05-17,21.9425
2026-05-18,21.9861
2026-05-19,22.0276
2026-05-20,22.0720
2026-05-21,22.1171
2026-05-22,22.1755
2026-05-23,22.2295
2026-05-24,22.2709
2026-05-25,22.2843
2026-05-26,22.2989
2026-05-27,22.3136
2026-05-28,22.3325
2026-05-29,22.3603
2026-05-30,22.3961
2026-05-31,22.4351
2026-06-01,22.4664
2026-06-02,22.5185
2026-06-03,22.5819
2026-06-04,22.6510
2026-06-05,22.7017
2026-06-06,22.7410
2026-06-07,22.7841
2026-06-08,22.8263
2026-06-09,22.8675
2026-06-10,22.9204
2026-06-11,22.9763
2026-06-12,23.0491
2026-06-13,23.1274
2026-06-14,23.2017
2026-06-15,23.2613
2026-06-16,23.2990
2026-06-17,23.3323
2026-06-18,23.3667
2026-06-19,23.3960
2026-06-20,23.4214
2026-06-21,23.4423
2026-06-22,23.4698
2026-06-23,23.5060
2026-06-24,23.5380
2026-06-25,23.5696
2026-06-26,23.6067
2026-06-27,23.6509
2026-06-28,23.6953
2026-06-29,23.7361
2026-06-30,23.7843
2026-07-01,23.8351
2026-07-02,23.8847
2026-07-03,23.9463
2026-07-04,24.0289
2026-07-05,24.0857
2026-07-06,24.1110
2026-07-07,24.1314
2026-07-08,24.1588
2026-07-09,24.1717
2026-07-10,24.2022
2026-07-11,24.2355
2026-07-12,24.2937
2026-07-13,24.3636
2026-07-14,24.4307
2026-07-15,24.4815
2026-07-16,24.5072
2026-07-17,24.5357
2026-07-18,24.5919
2026-07-19,24.6545
2026-07-20,24.7123
2026-07-21,24.7784
2026-07-22,24.8401
2026-07-23,24.8904
2026-07-24,24.9355
2026-07-25,24.9748
2026-07-26,25.0134
2026-07-27,25.0394
2026-07-28,25.0628
2026-07-29,25.0833
2026-07-30,25.1131
2026-07-31,25.1380
2026-08-01,25.1517
2026-08-02,25.1428
2026-08-03,25.1238
2026-08-04,25.1257
2026-08-05,25.1299
2026-08-06,25.1469
2026-08-07,25.1899
2026-08-08,25.2218
2026-08-09,25.2579
2026-08-10,25.2959
2026-08-11,25.3220
2026-08-12,25.3403
2026-08-13,25.3734
2026-08-14,25.4035
2026-08-15,25.4108
2026-08-16,25.4150
2026-08-17,25.4401
2026-08-18,25.4655
2026-08-19,25.4889
2026-08-20,25.5167
2026-08-21,25.5404
2026-08-22,25.5514
2026-08-23,25.5499
2026-08-24,25.5591
2026-08-25,25.5662
2026-08-26,25.5721
2026-08-27,25.5663
2026-08-28,25.5656
2026-08-29,25.5610
2026-08-30,25.5616
2026-08-31,25.5475
2026-09-01,25.5307
2026-09-02,25.5236
2026-09-03,25.5078
2026-09-04,25.4861
2026-09-05,25.4683
2026-09-06,25.4592
2026-09-07,25.4524
2026-09-08,25.4432
2026-09-09,25.4305
2026-09-10,25.4260
2026-09-11,25.4305
2026-09-12,25.4444
2026-09-13,25.4510
2026-09-14,25.4448
2026-09-15,25.4370
2026-09-16,25.4447
2026-09-17,25.4407
2026-09-18,25.4310
2026-09-19,25.4278
2026-09-20,25.4134
2026-09-21,25.4048
2026-09-22,25.3950
2026-09-23,25.3847
2026-09-24,25.3550
2026-09-25,25.3451
2026-09-26,25.3189
2026-09-27,25.2788
2026-09-28,25.2746
2026-09-29,25.2298
2026-09-30,25.1782
2026-10-01,25.1387
2026-10-02,25.1029
2026-10-03,25.0573
2026-10-04,24.9950
2026-10-05,24.9221
