date,sst
1982-01-01,9.7061
1982-01-02,9.6886
1982-01-03,9.6423
1982-01-04,9.5625
1982-01-05,9.5831
1982-01-06,9.5867
1982-01-07,9.5890
1982-01-08,9.4673
1982-01-09,9.3839
1982-01-10,9.4251
1982-01-11,9.3933
1982-01-12,9.3658
1982-01-13,9.3388
1982-01-14,9.3774
1982-01-15,9.3187
1982-01-16,9.3024
1982-01-17,9.2827
1982-01-18,9.3538
1982-01-19,9.4467
1982-01-20,9.5061
1982-01-21,9.4740
1982-01-22,9.4141
1982-01-23,9.2605
1982-01-24,9.2036
1982-01-25,9.3057
1982-01-26,9.3396
1982-01-27,9.0804
1982-01-28,8.9797
1982-01-29,9.0936
1982-01-30,9.2474
1982-01-31,9.2696
1982-02-01,9.1852
1982-02-02,9.1417
1982-02-03,9.1286
1982-02-04,9.1128
1982-02-05,9.0432
1982-02-06,8.9136
1982-02-07,8.7980
1982-02-08,8.8243
1982-02-09,8.8633
1982-02-10,8.8121
1982-02-11,8.7531
1982-02-12,8.7310
1982-02-13,8.6827
1982-02-14,8.6410
1982-02-15,8.6452
1982-02-16,8.6993
1982-02-17,8.7095
1982-02-18,8.6652
1982-02-19,8.6092
1982-02-20,8.6289
1982-02-21,8.6244
1982-02-22,8.5285
1982-02-23,8.4813
1982-02-24,8.4069
1982-02-25,8.3501
1982-02-26,8.4206
1982-02-27,8.4015
1982-02-28,8.4288
1982-03-01,8.4934
1982-03-02,8.5681
1982-03-03,8.5862
1982-03-04,8.5327
1982-03-05,8.5458
1982-03-06,8.5772
1982-03-07,8.5715
1982-03-08,8.1836
1982-03-09,8.1829
1982-03-10,8.1888
1982-03-11,8.2866
1982-03-12,8.2707
1982-03-13,8.3413
1982-03-14,8.4046
1982-03-15,8.3666
1982-03-16,8.3288
1982-03-17,8.3374
1982-03-18,8.3352
1982-03-19,8.3284
1982-03-20,8.3484
1982-03-21,8.3450
1982-03-22,8.3981
1982-03-23,8.4583
1982-03-24,8.5046
1982-03-25,8.4701
1982-03-26,8.4760
1982-03-27,8.4791
1982-03-28,8.4873
1982-03-29,8.5284
1982-03-30,8.5891
1982-03-31,8.5920
1982-04-01,8.6531
1982-04-02,8.6025
1982-04-03,8.5734
1982-04-04,8.5956
1982-04-05,8.6357
1982-04-06,8.6474
1982-04-07,8.6625
1982-04-08,8.5452
1982-04-09,8.4743
1982-04-10,8.3507
1982-04-11,8.3712
1982-04-12,8.4433
1982-04-13,8.4179
1982-04-14,8.3654
1982-04-15,8.3623
1982-04-16,8.4666
1982-04-17,8.5034
1982-04-18,8.5139
1982-04-19,8.5418
1982-04-20,8.5668
1982-04-21,8.6683
1982-04-22,8.5853
1982-04-23,8.5695
1982-04-24,8.4741
1982-04-25,8.6010
1982-04-26,8.8475
1982-04-27,8.9049
1982-04-28,9.0082
1982-04-29,9.0365
1982-04-30,9.1320
1982-05-01,9.3507
1982-05-02,9.3842
1982-05-03,9.4126
1982-05-04,9.3648
1982-05-05,9.2819
1982-05-06,9.2452
1982-05-07,9.3535
1982-05-08,9.3278
1982-05-09,9.5326
1982-05-10,9.6105
1982-05-11,9.5602
1982-05-12,9.2604
1982-05-13,9.1451
1982-05-14,9.1308
1982-05-15,9.2211
1982-05-16,9.3437
1982-05-17,9.4360
1982-05-18,9.6093
1982-05-19,9.6558
1982-05-20,9.5942
1982-05-21,9.4010
1982-05-22,9.5356
1982-05-23,9.5521
1982-05-24,9.6250
1982-05-25,9.6782
1982-05-26,9.7153
1982-05-27,9.7646
1982-05-28,9.8000
1982-05-29,9.8490
1982-05-30,9.8696
1982-05-31,9.9116
1982-06-01,9.9763
1982-06-02,9.9891
1982-06-03,9.9812
1982-06-04,10.0094
1982-06-05,10.0309
1982-06-06,10.1762
1982-06-07,10.2924
1982-06-08,10.3464
1982-06-09,10.2809
1982-06-10,10.2384
1982-06-11,10.3162
1982-06-12,10.5379
1982-06-13,10.7580
1982-06-14,10.8331
1982-06-15,10.9472
1982-06-16,10.9523
1982-06-17,10.9162
1982-06-18,10.8499
1982-06-19,10.8247
1982-06-20,10.8702
1982-06-21,10.9730
1982-06-22,11.0153
1982-06-23,11.0207
1982-06-24,11.0104
1982-06-25,10.9579
1982-06-26,11.0382
1982-06-27,11.0945
1982-06-28,11.1508
1982-06-29,11.2281
1982-06-30,11.2311
1982-07-01,11.5656
1982-07-02,11.5890
1982-07-03,11.4246
1982-07-04,11.4414
1982-07-05,11.4616
1982-07-06,11.4771
1982-07-07,11.6124
1982-07-08,11.7717
1982-07-09,12.0220
1982-07-10,12.0626
1982-07-11,12.0387
1982-07-12,11.9496
1982-07-13,12.0145
1982-07-14,12.6539
1982-07-15,12.7634
1982-07-16,12.6202
1982-07-17,12.3840
1982-07-18,12.4257
1982-07-19,12.6832
1982-07-20,12.8714
1982-07-21,12.9145
1982-07-22,13.1088
1982-07-23,13.4259
1982-07-24,13.4765
1982-07-25,13.3823
1982-07-26,13.1955
1982-07-27,13.0292
1982-07-28,13.2216
1982-07-29,13.4085
1982-07-30,13.5195
1982-07-31,13.6091
1982-08-01,13.5465
1982-08-02,13.5450
1982-08-03,13.6361
1982-08-04,13.8356
1982-08-05,13.9932
1982-08-06,13.9745
1982-08-07,13.9468
1982-08-08,13.9008
1982-08-09,13.8699
1982-08-10,13.8373
1982-08-11,13.7511
1982-08-12,13.5507
1982-08-13,13.5148
1982-08-14,13.6129
1982-08-15,13.6621
1982-08-16,13.4807
1982-08-17,13.3795
1982-08-18,13.4934
1982-08-19,13.4893
1982-08-20,13.3676
1982-08-21,13.4179
1982-08-22,13.6591
1982-08-23,13.6241
1982-08-24,13.6323
1982-08-25,13.5488
1982-08-26,13.4664
1982-08-27,13.3851
1982-08-28,13.3727
1982-08-29,13.5580
1982-08-30,13.7298
1982-08-31,13.7359
1982-09-01,13.6470
1982-09-02,13.5580
1982-09-03,13.6657
1982-09-04,13.6849
1982-09-05,13.6356
1982-09-06,13.6085
1982-09-07,13.6649
1982-09-08,13.6289
1982-09-09,13.5413
1982-09-10,13.5001
1982-09-11,13.4821
1982-09-12,13.4151
1982-09-13,13.3012
1982-09-14,13.1869
1982-09-15,13.0986
1982-09-16,13.0943
1982-09-17,13.0120
1982-09-18,12.9083
1982-09-19,12.6967
1982-09-20,12.6150
1982-09-21,12.6083
1982-09-22,12.5553
1982-09-23,12.3779
1982-09-24,12.2701
1982-09-25,12.2284
1982-09-26,12.1754
1982-09-27,12.0115
1982-09-28,11.9672
1982-09-29,11.8235
1982-09-30,11.6786
1982-10-01,11.5496
1982-10-02,11.4712
1982-10-03,11.4806
1982-10-04,11.6896
1982-10-05,11.6247
1982-10-06,11.4864
1982-10-07,11.4177
1982-10-08,11.3954
1982-10-09,11.4674
1982-10-10,11.4007
1982-10-11,11.3627
1982-10-12,11.3061
1982-10-13,11.2616
1982-10-14,11.1821
1982-10-15,11.1124
1982-10-16,11.0988
1982-10-17,11.2011
1982-10-18,11.2449
1982-10-19,11.1162
1982-10-20,10.9760
1982-10-21,10.8739
1982-10-22,10.8149
1982-10-23,10.7098
1982-10-24,10.7021
1982-10-25,10.6670
1982-10-26,10.5473
1982-10-27,10.4880
1982-10-28,10.4866
1982-10-29,10.4759
1982-10-30,10.4328
1982-10-31,10.3910
1982-11-01,10.3711
1982-11-02,10.3187
1982-11-03,10.2330
1982-11-04,10.1588
1982-11-05,10.0985
1982-11-06,10.0516
1982-11-07,10.0331
1982-11-08,10.0406
1982-11-09,10.0365
1982-11-10,9.9871
1982-11-11,9.9299
1982-11-12,9.9212
1982-11-13,9.7983
1982-11-14,9.6680
1982-11-15,9.6278
1982-11-16,9.5908
1982-11-17,9.5419
1982-11-18,9.6028
1982-11-19,9.6669
1982-11-20,9.6694
1982-11-21,9.6612
1982-11-22,9.6322
1982-11-23,9.6208
1982-11-24,9.6278
1982-11-25,9.6107
1982-11-26,9.4658
1982-11-27,9.3831
1982-11-28,9.3591
1982-11-29,9.3152
1982-11-30,9.3025
1982-12-01,9.2921
1982-12-02,9.2627
1982-12-03,9.2580
1982-12-04,9.2042
1982-12-05,9.1665
1982-12-06,9.1147
1982-12-07,9.0680
1982-12-08,9.0253
1982-12-09,9.0077
1982-12-10,8.9473
1982-12-11,8.8906
1982-12-12,8.8216
1982-12-13,8.8328
1982-12-14,8.7637
1982-12-15,8.7794
1982-12-16,8.8389
1982-12-17,8.8608
1982-12-18,8.9060
1982-12-19,8.8548
1982-12-20,8.8357
1982-12-21,8.7980
1982-12-22,8.8273
1982-12-23,8.8157
1982-12-24,8.8103
1982-12-25,8.8247
1982-12-26,8.8132
1982-12-27,8.7302
1982-12-28,8.5834
1982-12-29,8.5280
1982-12-30,8.5367
1982-12-31,8.5243
1983-01-01,8.5283
1983-01-02,8.4968
1983-01-03,8.4956
1983-01-04,8.4866
1983-01-05,8.3375
1983-01-06,8.3275
1983-01-07,8.2669
1983-01-08,8.1748
1983-01-09,8.1329
1983-01-10,7.9670
1983-01-11,7.9854
1983-01-12,7.9745
1983-01-13,7.9726
1983-01-14,8.1036
1983-01-15,8.1978
1983-01-16,8.1699
1983-01-17,8.1665
1983-01-18,8.1670
1983-01-19,8.2610
1983-01-20,8.3084
1983-01-21,8.3635
1983-01-22,8.3371
1983-01-23,8.3719
1983-01-24,8.4159
1983-01-25,8.3653
1983-01-26,8.3791
1983-01-27,8.3342
1983-01-28,8.2900
1983-01-29,8.2482
1983-01-30,8.1724
1983-01-31,8.2062
1983-02-01,8.2064
1983-02-02,8.2492
1983-02-03,8.0970
1983-02-04,8.3840
1983-02-05,8.3090
1983-02-06,8.3762
1983-02-07,8.4022
1983-02-08,8.4923
1983-02-09,8.5631
1983-02-10,8.5719
1983-02-11,8.5516
1983-02-12,8.5463
1983-02-13,8.5578
1983-02-14,8.5470
1983-02-15,8.3920
1983-02-16,8.2981
1983-02-17,8.3449
1983-02-18,8.4459
1983-02-19,8.4773
1983-02-20,8.4976
1983-02-21,8.4580
1983-02-22,8.4603
1983-02-23,8.5166
1983-02-24,8.4577
1983-02-25,8.4043
1983-02-26,8.3704
1983-02-27,8.3485
1983-02-28,8.3544
1983-03-01,8.4514
1983-03-02,8.5061
1983-03-03,8.5103
1983-03-04,8.5123
1983-03-05,8.5129
1983-03-06,8.4855
1983-03-07,8.5005
1983-03-08,8.5125
1983-03-09,8.5568
1983-03-10,8.6039
1983-03-11,8.5881
1983-03-12,8.6114
1983-03-13,8.6305
1983-03-14,8.7941
1983-03-15,8.8211
1983-03-16,8.8631
1983-03-17,8.8808
1983-03-18,8.8860
1983-03-19,8.9044
1983-03-20,8.8749
1983-03-21,8.8632
1983-03-22,8.6314
1983-03-23,8.5669
1983-03-24,8.6082
1983-03-25,8.5846
1983-03-26,8.6269
1983-03-27,8.8633
1983-03-28,9.0283
1983-03-29,9.1043
1983-03-30,9.1965
1983-03-31,9.1757
1983-04-01,9.0612
1983-04-02,9.0094
1983-04-03,8.9683
1983-04-04,8.8842
1983-04-05,8.7561
1983-04-06,8.5731
1983-04-07,8.5021
1983-04-08,8.4740
1983-04-09,8.4961
1983-04-10,8.4943
1983-04-11,8.4199
1983-04-12,8.6870
1983-04-13,8.7935
1983-04-14,8.8275
1983-04-15,8.6907
1983-04-16,8.6096
1983-04-17,8.6609
1983-04-18,8.6862
1983-04-19,8.6426
1983-04-20,8.5279
1983-04-21,8.5654
1983-04-22,8.7617
1983-04-23,8.8155
1983-04-24,8.8123
1983-04-25,8.7551
1983-04-26,8.7371
1983-04-27,8.8827
1983-04-28,9.0249
1983-04-29,9.1114
1983-04-30,9.1505
1983-05-01,9.1718
1983-05-02,9.2156
1983-05-03,9.3595
1983-05-04,9.3970
1983-05-05,9.3055
1983-05-06,9.2533
1983-05-07,9.1472
1983-05-08,9.2650
1983-05-09,9.2038
1983-05-10,9.1716
1983-05-11,9.1201
1983-05-12,9.1874
1983-05-13,9.1996
1983-05-14,9.1282
1983-05-15,9.0997
1983-05-16,9.3081
1983-05-17,9.5508
1983-05-18,9.6563
1983-05-19,9.8389
1983-05-20,9.9239
1983-05-21,9.9051
1983-05-22,9.7372
1983-05-23,9.7362
1983-05-24,9.8264
1983-05-25,9.8641
1983-05-26,9.9683
1983-05-27,10.0424
1983-05-28,10.0302
1983-05-29,9.9921
1983-05-30,10.1908
1983-05-31,10.4333
1983-06-01,10.4736
1983-06-02,10.5298
1983-06-03,10.6042
1983-06-04,10.6185
1983-06-05,10.5746
1983-06-06,10.5796
1983-06-07,10.7376
1983-06-08,10.8546
1983-06-09,10.8523
1983-06-10,10.8052
1983-06-11,10.7725
1983-06-12,10.8454
1983-06-13,10.8827
1983-06-14,10.9000
1983-06-15,10.8731
1983-06-16,10.7920
1983-06-17,10.6064
1983-06-18,10.6315
1983-06-19,10.7518
1983-06-20,10.7674
1983-06-21,10.8032
1983-06-22,11.0770
1983-06-23,11.4284
1983-06-24,11.9318
1983-06-25,12.1023
1983-06-26,12.1383
1983-06-27,12.0604
1983-06-28,12.2781
1983-06-29,12.3293
1983-06-30,12.2918
1983-07-01,12.2842
1983-07-02,12.4260
1983-07-03,12.2578
1983-07-04,12.2455
1983-07-05,12.1894
1983-07-06,12.4284
1983-07-07,12.5452
1983-07-08,12.7005
1983-07-09,12.8342
1983-07-10,13.0540
1983-07-11,13.3124
1983-07-12,13.2942
1983-07-13,13.3979
1983-07-14,13.5299
1983-07-15,13.6772
1983-07-16,13.7228
1983-07-17,13.8138
1983-07-18,13.8199
1983-07-19,13.7922
1983-07-20,13.7248
1983-07-21,13.5213
1983-07-22,13.4661
1983-07-23,13.6748
1983-07-24,13.7938
1983-07-25,13.8533
1983-07-26,14.2304
1983-07-27,14.2125
1983-07-28,14.1691
1983-07-29,14.1686
1983-07-30,14.1756
1983-07-31,14.4498
1983-08-01,14.4995
1983-08-02,14.4692
1983-08-03,14.3594
1983-08-04,14.3512
1983-08-05,14.3785
1983-08-06,14.3768
1983-08-07,14.6875
1983-08-08,14.7119
1983-08-09,14.8736
1983-08-10,14.8736
1983-08-11,15.0050
1983-08-12,15.1170
1983-08-13,14.9227
1983-08-14,14.6066
1983-08-15,14.4982
1983-08-16,14.4030
1983-08-17,14.3778
1983-08-18,14.3994
1983-08-19,14.4428
1983-08-20,14.4561
1983-08-21,14.6629
1983-08-22,14.7378
1983-08-23,14.7807
1983-08-24,14.6354
1983-08-25,14.5734
1983-08-26,14.6912
1983-08-27,14.7245
1983-08-28,14.6542
1983-08-29,14.5066
1983-08-30,14.4847
1983-08-31,14.2110
1983-09-01,13.8105
1983-09-02,13.6397
1983-09-03,13.6127
1983-09-04,13.6586
1983-09-05,13.6165
1983-09-06,13.5028
1983-09-07,13.3778
1983-09-08,13.4268
1983-09-09,13.5160
1983-09-10,13.5820
1983-09-11,13.4775
1983-09-12,13.4394
1983-09-13,13.3940
1983-09-14,13.3120
1983-09-15,13.1338
1983-09-16,12.9898
1983-09-17,12.9087
1983-09-18,12.7613
1983-09-19,12.7215
1983-09-20,12.7566
1983-09-21,12.7037
1983-09-22,12.5909
1983-09-23,12.5270
1983-09-24,12.5259
1983-09-25,12.5500
1983-09-26,12.6315
1983-09-27,12.5658
1983-09-28,12.5679
1983-09-29,12.5161
1983-09-30,12.3877
1983-10-01,12.3260
1983-10-02,12.2561
1983-10-03,12.2252
1983-10-04,12.2463
1983-10-05,12.3830
1983-10-06,12.4867
1983-10-07,12.5216
1983-10-08,12.3805
1983-10-09,12.2674
1983-10-10,12.0589
1983-10-11,11.8983
1983-10-12,11.7112
1983-10-13,11.6051
1983-10-14,11.5720
1983-10-15,11.5816
1983-10-16,11.5869
1983-10-17,11.5693
1983-10-18,11.4844
1983-10-19,11.4418
1983-10-20,11.3406
1983-10-21,11.1913
1983-10-22,11.1603
1983-10-23,11.1133
1983-10-24,11.0898
1983-10-25,11.0498
1983-10-26,11.0782
1983-10-27,11.1475
1983-10-28,11.1527
1983-10-29,11.2972
1983-10-30,11.2668
1983-10-31,11.2301
1983-11-01,11.1172
1983-11-02,11.0082
1983-11-03,11.0262
1983-11-04,10.9588
1983-11-05,10.8650
1983-11-06,10.7403
1983-11-07,10.6625
1983-11-08,10.6616
1983-11-09,10.6647
1983-11-10,10.6713
1983-11-11,10.6122
1983-11-12,10.5575
1983-11-13,10.6652
1983-11-14,10.7576
1983-11-15,10.8788
1983-11-16,10.9518
1983-11-17,10.9384
1983-11-18,10.9559
1983-11-19,10.9480
1983-11-20,10.9388
1983-11-21,10.6898
1983-11-22,10.5296
1983-11-23,10.4728
1983-11-24,10.4658
1983-11-25,10.4904
1983-11-26,10.6212
1983-11-27,10.7097
1983-11-28,10.7747
1983-11-29,10.7613
1983-11-30,10.7728
1983-12-01,10.7155
1983-12-02,10.5994
1983-12-03,10.5150
1983-12-04,10.4983
1983-12-05,10.5112
1983-12-06,10.4686
1983-12-07,10.3009
1983-12-08,10.2339
1983-12-09,10.2736
1983-12-10,10.2528
1983-12-11,10.1962
1983-12-12,10.1524
1983-12-13,10.1018
1983-12-14,9.9911
1983-12-15,9.9095
1983-12-16,9.8646
1983-12-17,9.8026
1983-12-18,9.7749
1983-12-19,9.7291
1983-12-20,9.7262
1983-12-21,9.7441
1983-12-22,9.7228
1983-12-23,9.7638
1983-12-24,9.7689
1983-12-25,9.6752
1983-12-26,9.5205
1983-12-27,9.5221
1983-12-28,9.6430
1983-12-29,9.6602
1983-12-30,9.6255
1983-12-31,9.5566
1984-01-01,9.5134
1984-01-02,9.4677
1984-01-03,9.4266
1984-01-04,9.4189
1984-01-05,9.4181
1984-01-06,9.3567
1984-01-07,9.3110
1984-01-08,9.2204
1984-01-09,9.2040
1984-01-10,9.1526
1984-01-11,9.0413
1984-01-12,8.9606
1984-01-13,8.8898
1984-01-14,8.8363
1984-01-15,8.7387
1984-01-16,8.6658
1984-01-17,8.6841
1984-01-18,8.6764
1984-01-19,8.6349
1984-01-20,8.6086
1984-01-21,8.6259
1984-01-22,8.6019
1984-01-23,8.5331
1984-01-24,8.5941
1984-01-25,8.6303
1984-01-26,8.5108
1984-01-27,8.5272
1984-01-28,8.5242
1984-01-29,8.6124
1984-01-30,8.6348
1984-01-31,8.6581
1984-02-01,8.6928
1984-02-02,8.7131
1984-02-03,8.7183
1984-02-04,8.6166
1984-02-05,8.6678
1984-02-06,8.6592
1984-02-07,8.8253
1984-02-08,8.8106
1984-02-09,8.7855
1984-02-10,8.7039
1984-02-11,8.5197
1984-02-12,8.4410
1984-02-13,8.3711
1984-02-14,8.3093
1984-02-15,8.3062
1984-02-16,8.3177
1984-02-17,8.3368
1984-02-18,8.3553
1984-02-19,8.3367
1984-02-20,8.2917
1984-02-21,8.3051
1984-02-22,8.3376
1984-02-23,8.3788
1984-02-24,8.4243
1984-02-25,8.4615
1984-02-26,8.4239
1984-02-27,8.4176
1984-02-28,8.5483
1984-02-29,8.5912
1984-03-01,8.6186
1984-03-02,8.6937
1984-03-03,8.7237
1984-03-04,8.7260
1984-03-05,8.6361
1984-03-06,8.6827
1984-03-07,8.7153
1984-03-08,8.6982
1984-03-09,8.7194
1984-03-10,8.6879
1984-03-11,8.6678
1984-03-12,8.6231
1984-03-13,8.6082
1984-03-14,8.5865
1984-03-15,8.5543
1984-03-16,8.4922
1984-03-17,8.4978
1984-03-18,8.5027
1984-03-19,8.4345
1984-03-20,8.2779
1984-03-21,8.2351
1984-03-22,8.2165
1984-03-23,8.1876
1984-03-24,8.2064
1984-03-25,8.1999
1984-03-26,8.2098
1984-03-27,8.2543
1984-03-28,8.3425
1984-03-29,8.4551
1984-03-30,8.3453
1984-03-31,8.3441
1984-04-01,8.3415
1984-04-02,8.3783
1984-04-03,8.4164
1984-04-04,8.5634
1984-04-05,8.5948
1984-04-06,8.5651
1984-04-07,8.4492
1984-04-08,8.4557
1984-04-09,8.4922
1984-04-10,8.6403
1984-04-11,8.6995
1984-04-12,8.8201
1984-04-13,8.8899
1984-04-14,8.8703
1984-04-15,8.8134
1984-04-16,8.8093
1984-04-17,8.8839
1984-04-18,8.8602
1984-04-19,8.8023
1984-04-20,8.8741
1984-04-21,8.9391
1984-04-22,8.9927
1984-04-23,8.9610
1984-04-24,8.9396
1984-04-25,9.0599
1984-04-26,9.1071
1984-04-27,9.1209
1984-04-28,9.1721
1984-04-29,9.3725
1984-04-30,9.4258
1984-05-01,9.4174
1984-05-02,9.4175
1984-05-03,9.4310
1984-05-04,9.5560
1984-05-05,9.6104
1984-05-06,9.6329
1984-05-07,9.6549
1984-05-08,9.5071
1984-05-09,9.4326
1984-05-10,9.4656
1984-05-11,9.5476
1984-05-12,9.6557
1984-05-13,9.6973
1984-05-14,9.7075
1984-05-15,9.6920
1984-05-16,9.8144
1984-05-17,9.9297
1984-05-18,9.9816
1984-05-19,9.9754
1984-05-20,10.0076
1984-05-21,10.0499
1984-05-22,10.0728
1984-05-23,10.3077
1984-05-24,10.4860
1984-05-25,10.6972
1984-05-26,10.5850
1984-05-27,10.4467
1984-05-28,10.4378
1984-05-29,10.4374
1984-05-30,10.2421
1984-05-31,10.0870
1984-06-01,9.8883
1984-06-02,9.9380
1984-06-03,9.9782
1984-06-04,10.0004
1984-06-05,10.0999
1984-06-06,10.2406
1984-06-07,10.4342
1984-06-08,10.4294
1984-06-09,10.4680
1984-06-10,10.5336
1984-06-11,10.4113
1984-06-12,10.4347
1984-06-13,10.5130
1984-06-14,10.9230
1984-06-15,11.2416
1984-06-16,11.3671
1984-06-17,11.5013
1984-06-18,11.5239
1984-06-19,11.5382
1984-06-20,11.5677
1984-06-21,11.7695
1984-06-22,11.9350
1984-06-23,12.1233
1984-06-24,12.0811
1984-06-25,11.9905
1984-06-26,12.1171
1984-06-27,12.4809
1984-06-28,12.5549
1984-06-29,12.4942
1984-06-30,12.4587
1984-07-01,12.4140
1984-07-02,12.3713
1984-07-03,12.4230
1984-07-04,12.6229
1984-07-05,12.4851
1984-07-06,12.3134
1984-07-07,12.1663
1984-07-08,12.2323
1984-07-09,12.4127
1984-07-10,12.5294
1984-07-11,12.5299
1984-07-12,12.7389
1984-07-13,13.3154
1984-07-14,13.3729
1984-07-15,13.2144
1984-07-16,13.0337
1984-07-17,13.0330
1984-07-18,13.2235
1984-07-19,13.6107
1984-07-20,13.9490
1984-07-21,14.1469
1984-07-22,14.1967
1984-07-23,14.1596
1984-07-24,14.4757
1984-07-25,14.6247
1984-07-26,14.3514
1984-07-27,14.1250
1984-07-28,14.0846
1984-07-29,14.0308
1984-07-30,14.0437
1984-07-31,13.9884
1984-08-01,14.1560
1984-08-02,14.2527
1984-08-03,14.2285
1984-08-04,14.1905
1984-08-05,14.1785
1984-08-06,14.1356
1984-08-07,14.1086
1984-08-08,14.3222
1984-08-09,14.4253
1984-08-10,14.4568
1984-08-11,14.4058
1984-08-12,14.4299
1984-08-13,14.4143
1984-08-14,14.4195
1984-08-15,14.3826
1984-08-16,14.2533
1984-08-17,14.3173
1984-08-18,14.5457
1984-08-19,14.6643
1984-08-20,14.5248
1984-08-21,14.4260
1984-08-22,14.4143
1984-08-23,14.4904
1984-08-24,14.4812
1984-08-25,14.5115
1984-08-26,14.5283
1984-08-27,14.5432
1984-08-28,14.5144
1984-08-29,14.4027
1984-08-30,14.4292
1984-08-31,14.3829
1984-09-01,14.3976
1984-09-02,14.4729
1984-09-03,14.5186
1984-09-04,14.5652
1984-09-05,14.5374
1984-09-06,14.4937
1984-09-07,14.4030
1984-09-08,14.4365
1984-09-09,14.4914
1984-09-10,14.3919
1984-09-11,14.3064
1984-09-12,14.3044
1984-09-13,14.2859
1984-09-14,14.3022
1984-09-15,14.2673
1984-09-16,14.2128
1984-09-17,14.1224
1984-09-18,13.9560
1984-09-19,13.7764
1984-09-20,13.6028
1984-09-21,13.5199
1984-09-22,13.4673
1984-09-23,13.3922
1984-09-24,13.3943
1984-09-25,13.3332
1984-09-26,13.1639
1984-09-27,12.9442
1984-09-28,12.8278
1984-09-29,12.5185
1984-09-30,12.4385
1984-10-01,12.3854
1984-10-02,12.2549
1984-10-03,12.1498
1984-10-04,12.1576
1984-10-05,12.1824
1984-10-06,12.0111
1984-10-07,11.9224
1984-10-08,11.9395
1984-10-09,12.0080
1984-10-10,11.9779
1984-10-11,11.9383
1984-10-12,11.9479
1984-10-13,11.8481
1984-10-14,11.7462
1984-10-15,11.6989
1984-10-16,11.6255
1984-10-17,11.5532
1984-10-18,11.4818
1984-10-19,11.4097
1984-10-20,11.3348
1984-10-21,11.3152
1984-10-22,11.3114
1984-10-23,11.2327
1984-10-24,11.1123
1984-10-25,11.0100
1984-10-26,10.8939
1984-10-27,10.7510
1984-10-28,10.7069
1984-10-29,10.6395
1984-10-30,10.5876
1984-10-31,10.4188
1984-11-01,10.3232
1984-11-02,10.2887
1984-11-03,10.2116
1984-11-04,10.1489
1984-11-05,10.0961
1984-11-06,10.1459
1984-11-07,10.2147
1984-11-08,10.1739
1984-11-09,10.0656
1984-11-10,10.0087
1984-11-11,9.9611
1984-11-12,9.9354
1984-11-13,9.9217
1984-11-14,9.8829
1984-11-15,9.8803
1984-11-16,9.8845
1984-11-17,9.8429
1984-11-18,9.8062
1984-11-19,9.7910
1984-11-20,9.7473
1984-11-21,9.7414
1984-11-22,9.6804
1984-11-23,9.5992
1984-11-24,9.6091
1984-11-25,9.6234
1984-11-26,9.4985
1984-11-27,9.3769
1984-11-28,9.3041
1984-11-29,9.2682
1984-11-30,9.2141
1984-12-01,9.2418
1984-12-02,9.2487
1984-12-03,9.2332
1984-12-04,9.1806
1984-12-05,9.1512
1984-12-06,9.1030
1984-12-07,9.0212
1984-12-08,8.9780
1984-12-09,8.9485
1984-12-10,9.0062
1984-12-11,9.0010
1984-12-12,8.9581
1984-12-13,8.9525
1984-12-14,8.9040
1984-12-15,8.8809
1984-12-16,8.8891
1984-12-17,8.9509
1984-12-18,8.9367
1984-12-19,8.9324
1984-12-20,8.9105
1984-12-21,8.8661
1984-12-22,8.8539
1984-12-23,8.7340
1984-12-24,8.6916
1984-12-25,8.6602
1984-12-26,8.5970
1984-12-27,8.5251
1984-12-28,8.4590
1984-12-29,8.4333
1984-12-30,8.3863
1984-12-31,8.3798
1985-01-01,8.3924
1985-01-02,8.3850
1985-01-03,8.3210
1985-01-04,8.2707
1985-01-05,8.3189
1985-01-06,8.2890
1985-01-07,8.2688
1985-01-08,8.2234
1985-01-09,8.1920
1985-01-10,8.1361
1985-01-11,8.2210
1985-01-12,8.2389
1985-01-13,8.2794
1985-01-14,8.3296
1985-01-15,8.3063
1985-01-16,8.2475
1985-01-17,8.3117
1985-01-18,8.3824
1985-01-19,8.3823
1985-01-20,8.3802
1985-01-21,8.5124
1985-01-22,8.6019
1985-01-23,8.7441
1985-01-24,8.7410
1985-01-25,8.7356
1985-01-26,8.7765
1985-01-27,8.7840
1985-01-28,8.8575
1985-01-29,8.8502
1985-01-30,8.8334
1985-01-31,8.8169
1985-02-01,8.7886
1985-02-02,8.7840
1985-02-03,8.7790
1985-02-04,8.7359
1985-02-05,8.6248
1985-02-06,8.5535
1985-02-07,8.4890
1985-02-08,8.4359
1985-02-09,8.4114
1985-02-10,8.4253
1985-02-11,8.4551
1985-02-12,8.3947
1985-02-13,8.4441
1985-02-14,8.4423
1985-02-15,8.4511
1985-02-16,8.4184
1985-02-17,8.4170
1985-02-18,8.4702
1985-02-19,8.4825
1985-02-20,8.4355
1985-02-21,8.4332
1985-02-22,8.4253
1985-02-23,8.3582
1985-02-24,8.3326
1985-02-25,8.3243
1985-02-26,8.3274
1985-02-27,8.3657
1985-02-28,8.3966
1985-03-01,8.3921
1985-03-02,8.4035
1985-03-03,8.4624
1985-03-04,8.4450
1985-03-05,8.4643
1985-03-06,8.4913
1985-03-07,8.4733
1985-03-08,8.5236
1985-03-09,8.5891
1985-03-10,8.6248
1985-03-11,8.5933
1985-03-12,8.5860
1985-03-13,8.5350
1985-03-14,8.4963
1985-03-15,8.4582
1985-03-16,8.4963
1985-03-17,8.5060
1985-03-18,8.4628
1985-03-19,8.4343
1985-03-20,8.3274
1985-03-21,8.2685
1985-03-22,8.2623
1985-03-23,8.2705
1985-03-24,8.3677
1985-03-25,8.4161
1985-03-26,8.3882
1985-03-27,8.3723
1985-03-28,8.3219
1985-03-29,8.2578
1985-03-30,8.2850
1985-03-31,8.3256
1985-04-01,8.3106
1985-04-02,8.2521
1985-04-03,8.2199
1985-04-04,8.2043
1985-04-05,8.1693
1985-04-06,8.1323
1985-04-07,8.0784
1985-04-08,8.0565
1985-04-09,8.0637
1985-04-10,8.0520
1985-04-11,8.0344
1985-04-12,7.9921
1985-04-13,7.8569
1985-04-14,7.8322
1985-04-15,7.9307
1985-04-16,8.0568
1985-04-17,8.1501
1985-04-18,8.2734
1985-04-19,8.3705
1985-04-20,8.3338
1985-04-21,8.3440
1985-04-22,8.4132
1985-04-23,8.5662
1985-04-24,8.7092
1985-04-25,8.7842
1985-04-26,8.8773
1985-04-27,8.9115
1985-04-28,8.8905
1985-04-29,8.8971
1985-04-30,8.9318
1985-05-01,8.8800
1985-05-02,8.8226
1985-05-03,8.7692
1985-05-04,8.7421
1985-05-05,8.7476
1985-05-06,8.6975
1985-05-07,8.6407
1985-05-08,8.7162
1985-05-09,8.8191
1985-05-10,8.7905
1985-05-11,8.7741
1985-05-12,8.9094
1985-05-13,8.9675
1985-05-14,9.0630
1985-05-15,9.1020
1985-05-16,9.2041
1985-05-17,9.1415
1985-05-18,9.1279
1985-05-19,9.2208
1985-05-20,9.3040
1985-05-21,9.3020
1985-05-22,9.4180
1985-05-23,9.6175
1985-05-24,9.7862
1985-05-25,9.8260
1985-05-26,9.8231
1985-05-27,9.8679
1985-05-28,9.8325
1985-05-29,9.8408
1985-05-30,9.8923
1985-05-31,10.0670
1985-06-01,10.1417
1985-06-02,10.1413
1985-06-03,10.1442
1985-06-04,10.1102
1985-06-05,10.1413
1985-06-06,10.1844
1985-06-07,10.3089
1985-06-08,10.4604
1985-06-09,10.5271
1985-06-10,10.6667
1985-06-11,10.8551
1985-06-12,10.9121
1985-06-13,10.9336
1985-06-14,10.9442
1985-06-15,10.8440
1985-06-16,10.8293
1985-06-17,10.8206
1985-06-18,10.7743
1985-06-19,10.8037
1985-06-20,10.8497
1985-06-21,10.8993
1985-06-22,10.8840
1985-06-23,10.8765
1985-06-24,10.9916
1985-06-25,11.0142
1985-06-26,11.1905
1985-06-27,11.2702
1985-06-28,11.5213
1985-06-29,11.6575
1985-06-30,11.6847
1985-07-01,11.6274
1985-07-02,11.6473
1985-07-03,11.8252
1985-07-04,11.9106
1985-07-05,11.9077
1985-07-06,11.7881
1985-07-07,11.8258
1985-07-08,11.9938
1985-07-09,12.1579
1985-07-10,12.2463
1985-07-11,12.2623
1985-07-12,12.4003
1985-07-13,12.4582
1985-07-14,12.3675
1985-07-15,12.3112
1985-07-16,12.3055
1985-07-17,12.3346
1985-07-18,12.3386
1985-07-19,12.2689
1985-07-20,12.2187
1985-07-21,12.1873
1985-07-22,12.2151
1985-07-23,12.3883
1985-07-24,12.5767
1985-07-25,12.5705
1985-07-26,12.5224
1985-07-27,12.7236
1985-07-28,12.8144
1985-07-29,12.7942
1985-07-30,12.7643
1985-07-31,12.7011
1985-08-01,12.6134
1985-08-02,12.6280
1985-08-03,12.5939
1985-08-04,12.6347
1985-08-05,12.6119
1985-08-06,12.6272
1985-08-07,12.6620
1985-08-08,12.7068
1985-08-09,12.6696
1985-08-10,12.6469
1985-08-11,12.6686
1985-08-12,12.6975
1985-08-13,12.7605
1985-08-14,12.8171
1985-08-15,12.7851
1985-08-16,12.6717
1985-08-17,12.5767
1985-08-18,12.5657
1985-08-19,12.5966
1985-08-20,12.5629
1985-08-21,12.6588
1985-08-22,12.7357
1985-08-23,12.8058
1985-08-24,12.8379
1985-08-25,12.8214
1985-08-26,12.7893
1985-08-27,12.7912
1985-08-28,12.8170
1985-08-29,12.8011
1985-08-30,12.8089
1985-08-31,12.7812
1985-09-01,12.7685
1985-09-02,12.7587
1985-09-03,12.7867
1985-09-04,12.8070
1985-09-05,12.8147
1985-09-06,12.6911
1985-09-07,12.5582
1985-09-08,12.5929
1985-09-09,12.6155
1985-09-10,12.5504
1985-09-11,12.5439
1985-09-12,12.5520
1985-09-13,12.4578
1985-09-14,12.5015
1985-09-15,12.5348
1985-09-16,12.5260
1985-09-17,12.4241
1985-09-18,12.3618
1985-09-19,12.2239
1985-09-20,12.1543
1985-09-21,12.1795
1985-09-22,12.2335
1985-09-23,12.2112
1985-09-24,12.1456
1985-09-25,12.1017
1985-09-26,12.0752
1985-09-27,11.9964
1985-09-28,11.8493
1985-09-29,11.8312
1985-09-30,11.8554
1985-10-01,11.8468
1985-10-02,11.7404
1985-10-03,11.5366
1985-10-04,11.3680
1985-10-05,11.2336
1985-10-06,11.1706
1985-10-07,11.1832
1985-10-08,11.2183
1985-10-09,11.1628
1985-10-10,11.0573
1985-10-11,10.9943
1985-10-12,11.0637
1985-10-13,11.1258
1985-10-14,11.1364
1985-10-15,11.1183
1985-10-16,11.1629
1985-10-17,11.1963
1985-10-18,11.1479
1985-10-19,11.0506
1985-10-20,11.0038
1985-10-21,10.9801
1985-10-22,10.9001
1985-10-23,10.8312
1985-10-24,10.7643
1985-10-25,10.6944
1985-10-26,10.6848
1985-10-27,10.7452
1985-10-28,10.7832
1985-10-29,10.7202
1985-10-30,10.6356
1985-10-31,10.5883
1985-11-01,10.5096
1985-11-02,10.5131
1985-11-03,10.5315
1985-11-04,10.5721
1985-11-05,10.5682
1985-11-06,10.5173
1985-11-07,10.4649
1985-11-08,10.3447
1985-11-09,10.2913
1985-11-10,10.2487
1985-11-11,10.1498
1985-11-12,10.0067
1985-11-13,9.8897
1985-11-14,9.8496
1985-11-15,9.8009
1985-11-16,9.7423
1985-11-17,9.7367
1985-11-18,9.7524
1985-11-19,9.7200
1985-11-20,9.7026
1985-11-21,9.7052
1985-11-22,9.6839
1985-11-23,9.6481
1985-11-24,9.6790
1985-11-25,9.8153
1985-11-26,9.8566
1985-11-27,9.8396
1985-11-28,9.8018
1985-11-29,9.7456
1985-11-30,9.6907
1985-12-01,9.6469
1985-12-02,9.5338
1985-12-03,9.4512
1985-12-04,9.4647
1985-12-05,9.5696
1985-12-06,9.5582
1985-12-07,9.5048
1985-12-08,9.4568
1985-12-09,9.3616
1985-12-10,9.2945
1985-12-11,9.2379
1985-12-12,9.1603
1985-12-13,9.1007
1985-12-14,8.9937
1985-12-15,8.9935
1985-12-16,9.0849
1985-12-17,9.0728
1985-12-18,8.9996
1985-12-19,8.9065
1985-12-20,8.8602
1985-12-21,8.7958
1985-12-22,8.7757
1985-12-23,8.7444
1985-12-24,8.7092
1985-12-25,8.6820
1985-12-26,8.6787
1985-12-27,8.6331
1985-12-28,8.5747
1985-12-29,8.5375
1985-12-30,8.5497
1985-12-31,8.5232
1986-01-01,8.4646
1986-01-02,8.4356
1986-01-03,8.4281
1986-01-04,8.4051
1986-01-05,8.4074
1986-01-06,8.4085
1986-01-07,8.3939
1986-01-08,8.3455
1986-01-09,8.3275
1986-01-10,8.3170
1986-01-11,8.2923
1986-01-12,8.3291
1986-01-13,8.2796
1986-01-14,8.2320
1986-01-15,8.2009
1986-01-16,8.2094
1986-01-17,8.1901
1986-01-18,8.2343
1986-01-19,8.1608
1986-01-20,8.1050
1986-01-21,8.0924
1986-01-22,8.0380
1986-01-23,8.0602
1986-01-24,8.0591
1986-01-25,8.0229
1986-01-26,7.9918
1986-01-27,7.9790
1986-01-28,7.9845
1986-01-29,8.0139
1986-01-30,8.0544
1986-01-31,8.0856
1986-02-01,8.1311
1986-02-02,8.1753
1986-02-03,8.1809
1986-02-04,8.1496
1986-02-05,8.0646
1986-02-06,7.9959
1986-02-07,8.0766
1986-02-08,8.1490
1986-02-09,8.1579
1986-02-10,8.1199
1986-02-11,8.1187
1986-02-12,8.1298
1986-02-13,8.1200
1986-02-14,8.0911
1986-02-15,8.0353
1986-02-16,7.9699
1986-02-17,8.0036
1986-02-18,7.9789
1986-02-19,7.9593
1986-02-20,7.9873
1986-02-21,8.0652
1986-02-22,8.1501
1986-02-23,8.2527
1986-02-24,8.2652
1986-02-25,8.3487
1986-02-26,8.3640
1986-02-27,8.4420
1986-02-28,8.4313
1986-03-01,8.4557
1986-03-02,8.4595
1986-03-03,8.4575
1986-03-04,8.4270
1986-03-05,8.3903
1986-03-06,8.4345
1986-03-07,8.4118
1986-03-08,8.3207
1986-03-09,8.2204
1986-03-10,8.0677
1986-03-11,7.9914
1986-03-12,7.8801
1986-03-13,7.8302
1986-03-14,7.8367
1986-03-15,7.8042
1986-03-16,7.7614
1986-03-17,7.7355
1986-03-18,7.7415
1986-03-19,7.7601
1986-03-20,7.6993
1986-03-21,7.6654
1986-03-22,7.6649
1986-03-23,7.6686
1986-03-24,7.6094
1986-03-25,7.5905
1986-03-26,7.5738
1986-03-27,7.5975
1986-03-28,7.6168
1986-03-29,7.5527
1986-03-30,7.5060
1986-03-31,7.5000
1986-04-01,7.6196
1986-04-02,7.6120
1986-04-03,7.6626
1986-04-04,7.6209
1986-04-05,7.6205
1986-04-06,7.6464
1986-04-07,7.6950
1986-04-08,7.7893
1986-04-09,7.8377
1986-04-10,7.9873
1986-04-11,8.0767
1986-04-12,8.0789
1986-04-13,8.0692
1986-04-14,8.0676
1986-04-15,8.0146
1986-04-16,7.9750
1986-04-17,7.9316
1986-04-18,7.9086
1986-04-19,7.8791
1986-04-20,7.8119
1986-04-21,7.8634
1986-04-22,7.9247
1986-04-23,8.1432
1986-04-24,8.1030
1986-04-25,8.0406
1986-04-26,7.9063
1986-04-27,7.9099
1986-04-28,7.9511
1986-04-29,7.9192
1986-04-30,8.0312
1986-05-01,8.0810
1986-05-02,8.0850
1986-05-03,8.2546
1986-05-04,8.3481
1986-05-05,8.4003
1986-05-06,8.3829
1986-05-07,8.3964
1986-05-08,8.3957
1986-05-09,8.4393
1986-05-10,8.4834
1986-05-11,8.5251
1986-05-12,8.6187
1986-05-13,8.6934
1986-05-14,8.7340
1986-05-15,8.7871
1986-05-16,8.8220
1986-05-17,8.8086
1986-05-18,8.8145
1986-05-19,8.8494
1986-05-20,8.7832
1986-05-21,8.7925
1986-05-22,8.8048
1986-05-23,8.7876
1986-05-24,8.8072
1986-05-25,8.8131
1986-05-26,8.7348
1986-05-27,8.7213
1986-05-28,8.7891
1986-05-29,9.2467
1986-05-30,9.4549
1986-05-31,9.6194
1986-06-01,9.6276
1986-06-02,9.6697
1986-06-03,9.8898
1986-06-04,9.9233
1986-06-05,9.8313
1986-06-06,9.7110
1986-06-07,9.6737
1986-06-08,9.6679
1986-06-09,9.7169
1986-06-10,9.7456
1986-06-11,9.7264
1986-06-12,9.6579
1986-06-13,9.5952
1986-06-14,9.5926
1986-06-15,9.6121
1986-06-16,9.6358
1986-06-17,9.6596
1986-06-18,9.7768
1986-06-19,10.0153
1986-06-20,10.2663
1986-06-21,10.2111
1986-06-22,10.1941
1986-06-23,10.2921
1986-06-24,10.4966
1986-06-25,10.9026
1986-06-26,11.3238
1986-06-27,11.3081
1986-06-28,11.2104
1986-06-29,11.0569
1986-06-30,11.0156
1986-07-01,11.1090
1986-07-02,11.1838
1986-07-03,11.2271
1986-07-04,11.3302
1986-07-05,11.3837
1986-07-06,11.6075
1986-07-07,11.9798
1986-07-08,12.1223
1986-07-09,12.0232
1986-07-10,12.0851
1986-07-11,12.2086
1986-07-12,12.3026
1986-07-13,12.2432
1986-07-14,12.2141
1986-07-15,12.2277
1986-07-16,12.3943
1986-07-17,12.3580
1986-07-18,12.3852
1986-07-19,12.4025
1986-07-20,12.5846
1986-07-21,12.9691
1986-07-22,13.0063
1986-07-23,12.7377
1986-07-24,12.5750
1986-07-25,12.5496
1986-07-26,12.5742
1986-07-27,12.4938
1986-07-28,12.5606
1986-07-29,12.5781
1986-07-30,12.4983
1986-07-31,12.5108
1986-08-01,12.4177
1986-08-02,12.4032
1986-08-03,12.4484
1986-08-04,12.5305
1986-08-05,12.5923
1986-08-06,12.6685
1986-08-07,12.6605
1986-08-08,12.7671
1986-08-09,12.6717
1986-08-10,12.5814
1986-08-11,12.6639
1986-08-12,12.7819
1986-08-13,12.8477
1986-08-14,13.0095
1986-08-15,13.1576
1986-08-16,13.1655
1986-08-17,13.2246
1986-08-18,13.2300
1986-08-19,13.2420
1986-08-20,13.2866
1986-08-21,13.3817
1986-08-22,13.5545
1986-08-23,13.5247
1986-08-24,13.4371
1986-08-25,13.4627
1986-08-26,13.4947
1986-08-27,13.5483
1986-08-28,13.6044
1986-08-29,13.7984
1986-08-30,13.8641
1986-08-31,13.8476
1986-09-01,13.8061
1986-09-02,13.8946
1986-09-03,13.8647
1986-09-04,13.8713
1986-09-05,13.9437
1986-09-06,13.8933
1986-09-07,13.7446
1986-09-08,13.6249
1986-09-09,13.5832
1986-09-10,13.7208
1986-09-11,13.8816
1986-09-12,14.0196
1986-09-13,14.1264
1986-09-14,14.1820
1986-09-15,14.1663
1986-09-16,14.0851
1986-09-17,14.0411
1986-09-18,13.9729
1986-09-19,13.8109
1986-09-20,13.7318
1986-09-21,13.7882
1986-09-22,13.8509
1986-09-23,13.8294
1986-09-24,13.5792
1986-09-25,13.4303
1986-09-26,13.3436
1986-09-27,13.3079
1986-09-28,13.2476
1986-09-29,13.2609
1986-09-30,13.2471
1986-10-01,13.1266
1986-10-02,12.9111
1986-10-03,12.7487
1986-10-04,12.7036
1986-10-05,12.5948
1986-10-06,12.4996
1986-10-07,12.5039
1986-10-08,12.3838
1986-10-09,12.2230
1986-10-10,12.0624
1986-10-11,11.9574
1986-10-12,11.8802
1986-10-13,11.7213
1986-10-14,11.6540
1986-10-15,11.5950
1986-10-16,11.5332
1986-10-17,11.4337
1986-10-18,11.3636
1986-10-19,11.2801
1986-10-20,11.1825
1986-10-21,11.1094
1986-10-22,11.0398
1986-10-23,11.0231
1986-10-24,11.0279
1986-10-25,11.0228
1986-10-26,10.9748
1986-10-27,10.8575
1986-10-28,10.7831
1986-10-29,10.6905
1986-10-30,10.5906
1986-10-31,10.5633
1986-11-01,10.5386
1986-11-02,10.4987
1986-11-03,10.4593
1986-11-04,10.3701
1986-11-05,10.2240
1986-11-06,10.1967
1986-11-07,10.2032
1986-11-08,10.1318
1986-11-09,9.9985
1986-11-10,9.9893
1986-11-11,9.9384
1986-11-12,9.8530
1986-11-13,9.7356
1986-11-14,9.6257
1986-11-15,9.5034
1986-11-16,9.3947
1986-11-17,9.3330
1986-11-18,9.2897
1986-11-19,9.2573
1986-11-20,9.2199
1986-11-21,9.2157
1986-11-22,9.1752
1986-11-23,9.1455
1986-11-24,9.1801
1986-11-25,9.2048
1986-11-26,9.1798
1986-11-27,9.1055
1986-11-28,9.0674
1986-11-29,8.9868
1986-11-30,8.9607
1986-12-01,8.9710
1986-12-02,8.9921
1986-12-03,8.9422
1986-12-04,8.8613
1986-12-05,8.8276
1986-12-06,8.7701
1986-12-07,8.7217
1986-12-08,8.6947
1986-12-09,8.6072
1986-12-10,8.5295
1986-12-11,8.4781
1986-12-12,8.4475
1986-12-13,8.4095
1986-12-14,8.4194
1986-12-15,8.4486
1986-12-16,8.4861
1986-12-17,8.4649
1986-12-18,8.4222
1986-12-19,8.3794
1986-12-20,8.3693
1986-12-21,8.3363
1986-12-22,8.3182
1986-12-23,8.3118
1986-12-24,8.2868
1986-12-25,8.2293
1986-12-26,8.3276
1986-12-27,8.3724
1986-12-28,8.5189
1986-12-29,8.5553
1986-12-30,8.5407
1986-12-31,8.4803
1987-01-01,8.4627
1987-01-02,8.5035
1987-01-03,8.5406
1987-01-04,8.4768
1987-01-05,8.5020
1987-01-06,8.4926
1987-01-07,8.4828
1987-01-08,8.4458
1987-01-09,8.3445
1987-01-10,8.2787
1987-01-11,8.2228
1987-01-12,8.2540
1987-01-13,8.2809
1987-01-14,8.3508
1987-01-15,8.3903
1987-01-16,8.3967
1987-01-17,8.3683
1987-01-18,8.3872
1987-01-19,8.3863
1987-01-20,8.4135
1987-01-21,8.4399
1987-01-22,8.6558
1987-01-23,8.6933
1987-01-24,8.6933
1987-01-25,8.7140
1987-01-26,8.6743
1987-01-27,8.5885
1987-01-28,8.5683
1987-01-29,8.4637
1987-01-30,8.4766
1987-01-31,8.4991
1987-02-01,8.4763
1987-02-02,8.4247
1987-02-03,8.3710
1987-02-04,8.3180
1987-02-05,8.2717
1987-02-06,8.1544
1987-02-07,8.1222
1987-02-08,8.0936
1987-02-09,8.0731
1987-02-10,8.0845
1987-02-11,8.0583
1987-02-12,8.0441
1987-02-13,8.0343
1987-02-14,8.0669
1987-02-15,8.0642
1987-02-16,8.0260
1987-02-17,8.0902
1987-02-18,8.1687
1987-02-19,8.1387
1987-02-20,8.1591
1987-02-21,8.2117
1987-02-22,8.2045
1987-02-23,8.1970
1987-02-24,8.1564
1987-02-25,8.0025
1987-02-26,8.0118
1987-02-27,8.0941
1987-02-28,8.1713
1987-03-01,8.1421
1987-03-02,8.1071
1987-03-03,8.0817
1987-03-04,8.1099
1987-03-05,8.1931
1987-03-06,8.2346
1987-03-07,8.2164
1987-03-08,8.1309
1987-03-09,8.0802
1987-03-10,8.0171
1987-03-11,7.9958
1987-03-12,8.0484
1987-03-13,8.1023
1987-03-14,8.2086
1987-03-15,8.2324
1987-03-16,8.3371
1987-03-17,8.4181
1987-03-18,8.4393
1987-03-19,8.4441
1987-03-20,8.4749
1987-03-21,8.5124
1987-03-22,8.4790
1987-03-23,8.4563
1987-03-24,8.4818
1987-03-25,8.5046
1987-03-26,8.5448
1987-03-27,8.5453
1987-03-28,8.5120
1987-03-29,8.4966
1987-03-30,8.4615
1987-03-31,8.5415
1987-04-01,8.6937
1987-04-02,8.7115
1987-04-03,8.6514
1987-04-04,8.5194
1987-04-05,8.4414
1987-04-06,8.4008
1987-04-07,8.4364
1987-04-08,8.4363
1987-04-09,8.5310
1987-04-10,8.5185
1987-04-11,8.4954
1987-04-12,8.5446
1987-04-13,8.5514
1987-04-14,8.5891
1987-04-15,8.6002
1987-04-16,8.6316
1987-04-17,8.6491
1987-04-18,8.5579
1987-04-19,8.5025
1987-04-20,8.5191
1987-04-21,8.5421
1987-04-22,8.5508
1987-04-23,8.6377
1987-04-24,8.6554
1987-04-25,8.6430
1987-04-26,8.6353
1987-04-27,8.6330
1987-04-28,8.5998
1987-04-29,8.5854
1987-04-30,8.6293
1987-05-01,8.6681
1987-05-02,8.6991
1987-05-03,8.7522
1987-05-04,8.7562
1987-05-05,8.7488
1987-05-06,8.7837
1987-05-07,8.8576
1987-05-08,8.9796
1987-05-09,8.9517
1987-05-10,9.0289
1987-05-11,9.0138
1987-05-12,9.0776
1987-05-13,9.2477
1987-05-14,9.4160
1987-05-15,9.5564
1987-05-16,9.8806
1987-05-17,10.0829
1987-05-18,9.9913
1987-05-19,9.8328
1987-05-20,9.8662
1987-05-21,9.8992
1987-05-22,10.0218
1987-05-23,10.1543
1987-05-24,10.2628
1987-05-25,10.3622
1987-05-26,10.4156
1987-05-27,10.3851
1987-05-28,10.3173
1987-05-29,10.2211
1987-05-30,10.2284
1987-05-31,10.2718
1987-06-01,10.2742
1987-06-02,10.3465
1987-06-03,10.3832
1987-06-04,10.4601
1987-06-05,10.6266
1987-06-06,10.7376
1987-06-07,10.9029
1987-06-08,11.0631
1987-06-09,11.2303
1987-06-10,11.2777
1987-06-11,11.5202
1987-06-12,11.6317
1987-06-13,11.7186
1987-06-14,11.6836
1987-06-15,11.7709
1987-06-16,11.7385
1987-06-17,11.7062
1987-06-18,11.7682
1987-06-19,12.0067
1987-06-20,12.1012
1987-06-21,12.0489
1987-06-22,12.0717
1987-06-23,12.2413
1987-06-24,12.3276
1987-06-25,12.2999
1987-06-26,12.1784
1987-06-27,12.1756
1987-06-28,12.1682
1987-06-29,12.0561
1987-06-30,11.9152
1987-07-01,11.8935
1987-07-02,11.8899
1987-07-03,11.9318
1987-07-04,12.0734
1987-07-05,12.1987
1987-07-06,12.4280
1987-07-07,12.4524
1987-07-08,12.4172
1987-07-09,12.3284
1987-07-10,12.2704
1987-07-11,12.2545
1987-07-12,12.3066
1987-07-13,12.5040
1987-07-14,12.6702
1987-07-15,12.7544
1987-07-16,12.9471
1987-07-17,13.1790
1987-07-18,13.3461
1987-07-19,13.4666
1987-07-20,13.4864
1987-07-21,13.5462
1987-07-22,13.8414
1987-07-23,14.1393
1987-07-24,14.2641
1987-07-25,14.3012
1987-07-26,14.3555
1987-07-27,14.3980
1987-07-28,14.5811
1987-07-29,14.6868
1987-07-30,14.8631
1987-07-31,14.9281
1987-08-01,14.9062
1987-08-02,14.9331
1987-08-03,15.2800
1987-08-04,15.2878
1987-08-05,15.2631
1987-08-06,15.4109
1987-08-07,15.5049
1987-08-08,15.3850
1987-08-09,15.3080
1987-08-10,15.1827
1987-08-11,15.0977
1987-08-12,15.2144
1987-08-13,15.2080
1987-08-14,15.1477
1987-08-15,15.0777
1987-08-16,14.8829
1987-08-17,14.7950
1987-08-18,14.7490
1987-08-19,14.7620
1987-08-20,14.7462
1987-08-21,14.7807
1987-08-22,14.7887
1987-08-23,14.7365
1987-08-24,14.7499
1987-08-25,14.7179
1987-08-26,14.6657
1987-08-27,14.6678
1987-08-28,14.6529
1987-08-29,14.6659
1987-08-30,14.6957
1987-08-31,14.5887
1987-09-01,14.4207
1987-09-02,14.2762
1987-09-03,14.0597
1987-09-04,13.8401
1987-09-05,13.7993
1987-09-06,13.8538
1987-09-07,13.8509
1987-09-08,13.8068
1987-09-09,13.7188
1987-09-10,13.6483
1987-09-11,13.6448
1987-09-12,13.6302
1987-09-13,13.6185
1987-09-14,13.6218
1987-09-15,13.6024
1987-09-16,13.5901
1987-09-17,13.5180
1987-09-18,13.4493
1987-09-19,13.2665
1987-09-20,13.1328
1987-09-21,13.0598
1987-09-22,12.9459
1987-09-23,12.9002
1987-09-24,12.7957
1987-09-25,12.7613
1987-09-26,12.8291
1987-09-27,12.7966
1987-09-28,12.5927
1987-09-29,12.4511
1987-09-30,12.3362
1987-10-01,12.2483
1987-10-02,12.1929
1987-10-03,12.1759
1987-10-04,12.1007
1987-10-05,12.0813
1987-10-06,12.1369
1987-10-07,12.0674
1987-10-08,12.0323
1987-10-09,12.0026
1987-10-10,11.8919
1987-10-11,11.7535
1987-10-12,11.6822
1987-10-13,11.6460
1987-10-14,11.5892
1987-10-15,11.5322
1987-10-16,11.4319
1987-10-17,11.4124
1987-10-18,11.3739
1987-10-19,11.2331
1987-10-20,11.1661
1987-10-21,11.1293
1987-10-22,11.1172
1987-10-23,11.0752
1987-10-24,11.0737
1987-10-25,11.0141
1987-10-26,10.9125
1987-10-27,10.8498
1987-10-28,10.7394
1987-10-29,10.6757
1987-10-30,10.6269
1987-10-31,10.6462
1987-11-01,10.6347
1987-11-02,10.6228
1987-11-03,10.6191
1987-11-04,10.5961
1987-11-05,10.4913
1987-11-06,10.5731
1987-11-07,10.6474
1987-11-08,10.7012
1987-11-09,10.6737
1987-11-10,10.6074
1987-11-11,10.5035
1987-11-12,10.4619
1987-11-13,10.4648
1987-11-14,10.4737
1987-11-15,10.3819
1987-11-16,10.3631
1987-11-17,10.3385
1987-11-18,10.2635
1987-11-19,10.1108
1987-11-20,10.0047
1987-11-21,10.0649
1987-11-22,10.0461
1987-11-23,9.9786
1987-11-24,9.9029
1987-11-25,9.8893
1987-11-26,9.9065
1987-11-27,9.9432
1987-11-28,9.9533
1987-11-29,9.9761
1987-11-30,9.9436
1987-12-01,9.8921
1987-12-02,9.8359
1987-12-03,9.8715
1987-12-04,9.8843
1987-12-05,9.8878
1987-12-06,9.8794
1987-12-07,9.8845
1987-12-08,9.9442
1987-12-09,9.9582
1987-12-10,9.9583
1987-12-11,9.9122
1987-12-12,9.7568
1987-12-13,9.6760
1987-12-14,9.6875
1987-12-15,9.7162
1987-12-16,9.7524
1987-12-17,9.8260
1987-12-18,9.8235
1987-12-19,9.8353
1987-12-20,9.8208
1987-12-21,9.7520
1987-12-22,9.6800
1987-12-23,9.5556
1987-12-24,9.5206
1987-12-25,9.5020
1987-12-26,9.5393
1987-12-27,9.4830
1987-12-28,9.4609
1987-12-29,9.4549
1987-12-30,9.4430
1987-12-31,9.4030
1988-01-01,9.3646
1988-01-02,9.2882
1988-01-03,9.2304
1988-01-04,9.1538
1988-01-05,9.1203
1988-01-06,9.1027
1988-01-07,9.0533
1988-01-08,8.9748
1988-01-09,8.8874
1988-01-10,8.8103
1988-01-11,8.7354
1988-01-12,8.6178
1988-01-13,8.5767
1988-01-14,8.5465
1988-01-15,8.5078
1988-01-16,8.4669
1988-01-17,8.4956
1988-01-18,8.4918
1988-01-19,8.4732
1988-01-20,8.4514
1988-01-21,8.4561
1988-01-22,8.4170
1988-01-23,8.4703
1988-01-24,8.5500
1988-01-25,8.5967
1988-01-26,8.6033
1988-01-27,8.6450
1988-01-28,8.6642
1988-01-29,8.6614
1988-01-30,8.6360
1988-01-31,8.6012
1988-02-01,8.5964
1988-02-02,8.5461
1988-02-03,8.4926
1988-02-04,8.5101
1988-02-05,8.4848
1988-02-06,8.4602
1988-02-07,8.3981
1988-02-08,8.3068
1988-02-09,8.2261
1988-02-10,8.1695
1988-02-11,8.1524
1988-02-12,8.2035
1988-02-13,8.2812
1988-02-14,8.2990
1988-02-15,8.2961
1988-02-16,8.2646
1988-02-17,8.2388
1988-02-18,8.2772
1988-02-19,8.3029
1988-02-20,8.3531
1988-02-21,8.3881
1988-02-22,8.3856
1988-02-23,8.3521
1988-02-24,8.3705
1988-02-25,8.4959
1988-02-26,8.5509
1988-02-27,8.6967
1988-02-28,8.7180
1988-02-29,8.6731
1988-03-01,8.6703
1988-03-02,8.7010
1988-03-03,8.6618
1988-03-04,8.5956
1988-03-05,8.5531
1988-03-06,8.5548
1988-03-07,8.5248
1988-03-08,8.4886
1988-03-09,8.7178
1988-03-10,8.9349
1988-03-11,8.8718
1988-03-12,8.7755
1988-03-13,8.8116
1988-03-14,8.7512
1988-03-15,8.6966
1988-03-16,8.6925
1988-03-17,8.7678
1988-03-18,8.8261
1988-03-19,8.7997
1988-03-20,8.7793
1988-03-21,8.7665
1988-03-22,8.6795
1988-03-23,8.5807
1988-03-24,8.5295
1988-03-25,8.4904
1988-03-26,8.5069
1988-03-27,8.5395
1988-03-28,8.5770
1988-03-29,8.5592
1988-03-30,8.4848
1988-03-31,8.4515
1988-04-01,8.4632
1988-04-02,8.4511
1988-04-03,8.4358
1988-04-04,8.4865
1988-04-05,8.4940
1988-04-06,8.6045
1988-04-07,8.6769
1988-04-08,8.6804
1988-04-09,8.7041
1988-04-10,8.7642
1988-04-11,8.7564
1988-04-12,8.7923
1988-04-13,8.9052
1988-04-14,9.0238
1988-04-15,9.0617
1988-04-16,9.0440
1988-04-17,9.0180
1988-04-18,9.0232
1988-04-19,9.0182
1988-04-20,9.0031
1988-04-21,9.0290
1988-04-22,9.1320
1988-04-23,9.1412
1988-04-24,9.2464
1988-04-25,9.2987
1988-04-26,9.2894
1988-04-27,9.2523
1988-04-28,9.2037
1988-04-29,9.2289
1988-04-30,9.1923
1988-05-01,9.2360
1988-05-02,9.2906
1988-05-03,9.3749
1988-05-04,9.4025
1988-05-05,9.3299
1988-05-06,9.1907
1988-05-07,9.1543
1988-05-08,9.2032
1988-05-09,9.2053
1988-05-10,9.2417
1988-05-11,9.3057
1988-05-12,9.4047
1988-05-13,9.5194
1988-05-14,9.6502
1988-05-15,9.8098
1988-05-16,9.8892
1988-05-17,9.8146
1988-05-18,9.8435
1988-05-19,9.8815
1988-05-20,10.0622
1988-05-21,10.1026
1988-05-22,10.0736
1988-05-23,10.0470
1988-05-24,9.9402
1988-05-25,9.9546
1988-05-26,10.0794
1988-05-27,10.1844
1988-05-28,10.2515
1988-05-29,10.2961
1988-05-30,10.2720
1988-05-31,10.3556
1988-06-01,10.3868
1988-06-02,10.5072
1988-06-03,10.5489
1988-06-04,10.6601
1988-06-05,10.6569
1988-06-06,10.7818
1988-06-07,10.9515
1988-06-08,11.0928
1988-06-09,11.1183
1988-06-10,11.1826
1988-06-11,11.2440
1988-06-12,11.2814
1988-06-13,11.2839
1988-06-14,11.3048
1988-06-15,11.4111
1988-06-16,11.4743
1988-06-17,11.5357
1988-06-18,11.5463
1988-06-19,11.6171
1988-06-20,11.6588
1988-06-21,11.7622
1988-06-22,12.0030
1988-06-23,12.3861
1988-06-24,12.5024
1988-06-25,12.4719
1988-06-26,12.3205
1988-06-27,12.2377
1988-06-28,12.2499
1988-06-29,12.2567
1988-06-30,12.3570
1988-07-01,12.3666
1988-07-02,12.3830
1988-07-03,12.5494
1988-07-04,12.4980
1988-07-05,12.3253
1988-07-06,12.3410
1988-07-07,12.4678
1988-07-08,12.6053
1988-07-09,12.7187
1988-07-10,12.6786
1988-07-11,12.7803
1988-07-12,12.9687
1988-07-13,13.1187
1988-07-14,13.2783
1988-07-15,13.2141
1988-07-16,13.0398
1988-07-17,13.1065
1988-07-18,13.1589
1988-07-19,13.2077
1988-07-20,13.1984
1988-07-21,13.2498
1988-07-22,13.2389
1988-07-23,13.1732
1988-07-24,13.1234
1988-07-25,13.1331
1988-07-26,13.0931
1988-07-27,13.0321
1988-07-28,13.0713
1988-07-29,13.0271
1988-07-30,13.1036
1988-07-31,13.2516
1988-08-01,13.1771
1988-08-02,13.0539
1988-08-03,13.1510
1988-08-04,13.1966
1988-08-05,13.1828
1988-08-06,13.0964
1988-08-07,13.0395
1988-08-08,13.0495
1988-08-09,12.9312
1988-08-10,12.8860
1988-08-11,12.9735
1988-08-12,13.0832
1988-08-13,13.1611
1988-08-14,13.2205
1988-08-15,13.2571
1988-08-16,13.1686
1988-08-17,13.0832
1988-08-18,13.2062
1988-08-19,13.4029
1988-08-20,13.2646
1988-08-21,13.1275
1988-08-22,13.0585
1988-08-23,12.9575
1988-08-24,13.1078
1988-08-25,13.2990
1988-08-26,13.3214
1988-08-27,13.4031
1988-08-28,13.4275
1988-08-29,13.3660
1988-08-30,13.2489
1988-08-31,13.2518
1988-09-01,13.2656
1988-09-02,13.2383
1988-09-03,13.2028
1988-09-04,13.2306
1988-09-05,13.2467
1988-09-06,13.2775
1988-09-07,13.3417
1988-09-08,13.3637
1988-09-09,13.3894
1988-09-10,13.3962
1988-09-11,13.4960
1988-09-12,13.5399
1988-09-13,13.5552
1988-09-14,13.5621
1988-09-15,13.6170
1988-09-16,13.6765
1988-09-17,13.6491
1988-09-18,13.6336
1988-09-19,13.5290
1988-09-20,13.4697
1988-09-21,13.3458
1988-09-22,13.3008
1988-09-23,13.2473
1988-09-24,13.2071
1988-09-25,13.1851
1988-09-26,13.0983
1988-09-27,13.0055
1988-09-28,12.8996
1988-09-29,12.8398
1988-09-30,12.6628
1988-10-01,12.5973
1988-10-02,12.4618
1988-10-03,12.4100
1988-10-04,12.3953
1988-10-05,12.3257
1988-10-06,12.1691
1988-10-07,12.0940
1988-10-08,12.0211
1988-10-09,11.9864
1988-10-10,11.9448
1988-10-11,11.9367
1988-10-12,11.9866
1988-10-13,11.9821
1988-10-14,11.9576
1988-10-15,11.8119
1988-10-16,11.6923
1988-10-17,11.6008
1988-10-18,11.5390
1988-10-19,11.4989
1988-10-20,11.4399
1988-10-21,11.4273
1988-10-22,11.4099
1988-10-23,11.4204
1988-10-24,11.4293
1988-10-25,11.4850
1988-10-26,11.4783
1988-10-27,11.4613
1988-10-28,11.4079
1988-10-29,11.3885
1988-10-30,11.2766
1988-10-31,11.3068
1988-11-01,11.3933
1988-11-02,11.3565
1988-11-03,11.2803
1988-11-04,11.2778
1988-11-05,11.2401
1988-11-06,11.2027
1988-11-07,11.1535
1988-11-08,11.0646
1988-11-09,10.9939
1988-11-10,10.9115
1988-11-11,10.8707
1988-11-12,10.8310
1988-11-13,10.8420
1988-11-14,10.8310
1988-11-15,10.8377
1988-11-16,10.8166
1988-11-17,10.7738
1988-11-18,10.7121
1988-11-19,10.7125
1988-11-20,10.6487
1988-11-21,10.5681
1988-11-22,10.5006
1988-11-23,10.5107
1988-11-24,10.6354
1988-11-25,10.6391
1988-11-26,10.6525
1988-11-27,10.5721
1988-11-28,10.5156
1988-11-29,10.4513
1988-11-30,10.4080
1988-12-01,10.3916
1988-12-02,10.3816
1988-12-03,10.3619
1988-12-04,10.4129
1988-12-05,10.4108
1988-12-06,10.3752
1988-12-07,10.2965
1988-12-08,10.2623
1988-12-09,10.2358
1988-12-10,10.1725
1988-12-11,10.1160
1988-12-12,10.1320
1988-12-13,10.2051
1988-12-14,10.1557
1988-12-15,10.1045
1988-12-16,10.0892
1988-12-17,10.0493
1988-12-18,9.9944
1988-12-19,9.8804
1988-12-20,9.8304
1988-12-21,9.8146
1988-12-22,9.7600
1988-12-23,9.7394
1988-12-24,9.7180
1988-12-25,9.6817
1988-12-26,9.6357
1988-12-27,9.5566
1988-12-28,9.4756
1988-12-29,9.4331
1988-12-30,9.3837
1988-12-31,9.3338
1989-01-01,9.3166
1989-01-02,9.3013
1989-01-03,9.2801
1989-01-04,9.2602
1989-01-05,9.2339
1989-01-06,9.2726
1989-01-07,9.2835
1989-01-08,9.2486
1989-01-09,9.1816
1989-01-10,9.1008
1989-01-11,9.0390
1989-01-12,9.0018
1989-01-13,8.9581
1989-01-14,8.8987
1989-01-15,8.8751
1989-01-16,8.8779
1989-01-17,8.8995
1989-01-18,8.8659
1989-01-19,8.8346
1989-01-20,8.8190
1989-01-21,8.8382
1989-01-22,8.8299
1989-01-23,8.8148
1989-01-24,8.7912
1989-01-25,8.7787
1989-01-26,8.7561
1989-01-27,8.7361
1989-01-28,8.7369
1989-01-29,8.7442
1989-01-30,8.7717
1989-01-31,8.7631
1989-02-01,8.8263
1989-02-02,8.8466
1989-02-03,8.8680
1989-02-04,8.8680
1989-02-05,8.8791
1989-02-06,8.8688
1989-02-07,8.8181
1989-02-08,8.8351
1989-02-09,8.8417
1989-02-10,8.7924
1989-02-11,8.7313
1989-02-12,8.6920
1989-02-13,8.6497
1989-02-14,8.6828
1989-02-15,8.7218
1989-02-16,8.7259
1989-02-17,8.6430
1989-02-18,8.5574
1989-02-19,8.5079
1989-02-20,8.4198
1989-02-21,8.3567
1989-02-22,8.2996
1989-02-23,8.2709
1989-02-24,8.2000
1989-02-25,8.1172
1989-02-26,8.1035
1989-02-27,8.1086
1989-02-28,8.1289
1989-03-01,8.1373
1989-03-02,8.0999
1989-03-03,8.0926
1989-03-04,8.0563
1989-03-05,8.0176
1989-03-06,7.9635
1989-03-07,7.9429
1989-03-08,7.8759
1989-03-09,7.8315
1989-03-10,7.8099
1989-03-11,7.8244
1989-03-12,7.8434
1989-03-13,7.7957
1989-03-14,7.7564
1989-03-15,7.7940
1989-03-16,7.8488
1989-03-17,7.8721
1989-03-18,7.8611
1989-03-19,7.7958
1989-03-20,7.8302
1989-03-21,7.8921
1989-03-22,7.9982
1989-03-23,8.1316
1989-03-24,8.1565
1989-03-25,8.1692
1989-03-26,8.1424
1989-03-27,8.1493
1989-03-28,8.1423
1989-03-29,8.1778
1989-03-30,8.1508
1989-03-31,8.1080
1989-04-01,8.0910
1989-04-02,8.1649
1989-04-03,8.1811
1989-04-04,8.1024
1989-04-05,8.0784
1989-04-06,8.0826
1989-04-07,8.0654
1989-04-08,8.0919
1989-04-09,8.0965
1989-04-10,8.0816
1989-04-11,8.0429
1989-04-12,8.0892
1989-04-13,8.1325
1989-04-14,8.1929
1989-04-15,8.2171
1989-04-16,8.2371
1989-04-17,8.2030
1989-04-18,8.2011
1989-04-19,8.2584
1989-04-20,8.3728
1989-04-21,8.5408
1989-04-22,8.5887
1989-04-23,8.5647
1989-04-24,8.5863
1989-04-25,8.6024
1989-04-26,8.5971
1989-04-27,8.5753
1989-04-28,8.5509
1989-04-29,8.5274
1989-04-30,8.5025
1989-05-01,8.5540
1989-05-02,8.6200
1989-05-03,8.7050
1989-05-04,8.7838
1989-05-05,8.8436
1989-05-06,8.8382
1989-05-07,8.9294
1989-05-08,8.9555
1989-05-09,8.8966
1989-05-10,8.8756
1989-05-11,8.8644
1989-05-12,8.8517
1989-05-13,8.8974
1989-05-14,8.8653
1989-05-15,8.9075
1989-05-16,8.9591
1989-05-17,9.0473
1989-05-18,9.0823
1989-05-19,9.0460
1989-05-20,9.0496
1989-05-21,9.0517
1989-05-22,9.0366
1989-05-23,9.1035
1989-05-24,9.3420
1989-05-25,9.6344
1989-05-26,9.8156
1989-05-27,9.9676
1989-05-28,10.2014
1989-05-29,10.3431
1989-05-30,10.4048
1989-05-31,10.6133
1989-06-01,10.7221
1989-06-02,10.9053
1989-06-03,11.0171
1989-06-04,10.9559
1989-06-05,11.0027
1989-06-06,11.1999
1989-06-07,11.2762
1989-06-08,11.2253
1989-06-09,11.0499
1989-06-10,10.9104
1989-06-11,10.8369
1989-06-12,10.7967
1989-06-13,10.7385
1989-06-14,10.7192
1989-06-15,10.7299
1989-06-16,10.7529
1989-06-17,10.8318
1989-06-18,10.9850
1989-06-19,11.1186
1989-06-20,11.1561
1989-06-21,11.1345
1989-06-22,11.3211
1989-06-23,11.3607
1989-06-24,11.3279
1989-06-25,11.2994
1989-06-26,11.3195
1989-06-27,11.5830
1989-06-28,11.8659
1989-06-29,11.8854
1989-06-30,11.8651
1989-07-01,11.8199
1989-07-02,11.8150
1989-07-03,11.8664
1989-07-04,11.8038
1989-07-05,11.8910
1989-07-06,11.9752
1989-07-07,12.2183
1989-07-08,12.3681
1989-07-09,12.5924
1989-07-10,12.7648
1989-07-11,13.0008
1989-07-12,13.1667
1989-07-13,13.3950
1989-07-14,13.5890
1989-07-15,13.7403
1989-07-16,13.6396
1989-07-17,13.4740
1989-07-18,13.3849
1989-07-19,13.3717
1989-07-20,13.4438
1989-07-21,13.5430
1989-07-22,13.5770
1989-07-23,13.6213
1989-07-24,13.5745
1989-07-25,13.5519
1989-07-26,13.4478
1989-07-27,13.3669
1989-07-28,13.6719
1989-07-29,13.9027
1989-07-30,14.1229
1989-07-31,14.1091
1989-08-01,14.0241
1989-08-02,13.9023
1989-08-03,13.9116
1989-08-04,14.0277
1989-08-05,14.0403
1989-08-06,13.9764
1989-08-07,13.8734
1989-08-08,14.0824
1989-08-09,13.9456
1989-08-10,13.8551
1989-08-11,13.9398
1989-08-12,13.9964
1989-08-13,13.9221
1989-08-14,13.7800
1989-08-15,13.6249
1989-08-16,13.5780
1989-08-17,13.5394
1989-08-18,13.4754
1989-08-19,13.3840
1989-08-20,13.3207
1989-08-21,13.4002
1989-08-22,13.5086
1989-08-23,13.5969
1989-08-24,13.7443
1989-08-25,13.8935
1989-08-26,13.9376
1989-08-27,13.7896
1989-08-28,13.7315
1989-08-29,13.6120
1989-08-30,13.5779
1989-08-31,13.5691
1989-09-01,13.5751
1989-09-02,13.6456
1989-09-03,13.8308
1989-09-04,13.9430
1989-09-05,13.8601
1989-09-06,13.6979
1989-09-07,13.6559
1989-09-08,13.6112
1989-09-09,13.4964
1989-09-10,13.4743
1989-09-11,13.5313
1989-09-12,13.5627
1989-09-13,13.5060
1989-09-14,13.3669
1989-09-15,13.2601
1989-09-16,13.2137
1989-09-17,13.0737
1989-09-18,12.8947
1989-09-19,12.7709
1989-09-20,12.6904
1989-09-21,12.6214
1989-09-22,12.5780
1989-09-23,12.4192
1989-09-24,12.4898
1989-09-25,12.5083
1989-09-26,12.4680
1989-09-27,12.4626
1989-09-28,12.3660
1989-09-29,12.2523
1989-09-30,12.2120
1989-10-01,12.2298
1989-10-02,12.2381
1989-10-03,12.1918
1989-10-04,12.3728
1989-10-05,12.5725
1989-10-06,12.6613
1989-10-07,12.7687
1989-10-08,12.8125
1989-10-09,12.7873
1989-10-10,12.5964
1989-10-11,12.3825
1989-10-12,12.2984
1989-10-13,12.2238
1989-10-14,12.2114
1989-10-15,12.1758
1989-10-16,12.1034
1989-10-17,11.9850
1989-10-18,11.7999
1989-10-19,11.6824
1989-10-20,11.5343
1989-10-21,11.4823
1989-10-22,11.4429
1989-10-23,11.4397
1989-10-24,11.4226
1989-10-25,11.3842
1989-10-26,11.3127
1989-10-27,11.2752
1989-10-28,11.2318
1989-10-29,11.1908
1989-10-30,11.1143
1989-10-31,11.0172
1989-11-01,10.8760
1989-11-02,10.8426
1989-11-03,10.8189
1989-11-04,10.7579
1989-11-05,10.6052
1989-11-06,10.5018
1989-11-07,10.3831
1989-11-08,10.2498
1989-11-09,10.1540
1989-11-10,10.0750
1989-11-11,10.0614
1989-11-12,10.0664
1989-11-13,10.0492
1989-11-14,10.0385
1989-11-15,10.0107
1989-11-16,9.9508
1989-11-17,9.7634
1989-11-18,9.6897
1989-11-19,9.7356
1989-11-20,9.8053
1989-11-21,9.7081
1989-11-22,9.7377
1989-11-23,9.9061
1989-11-24,10.0061
1989-11-25,10.0332
1989-11-26,9.9736
1989-11-27,9.9109
1989-11-28,9.8257
1989-11-29,9.7849
1989-11-30,9.7635
1989-12-01,9.7483
1989-12-02,9.7987
1989-12-03,9.8467
1989-12-04,9.8564
1989-12-05,9.9133
1989-12-06,9.8820
1989-12-07,9.7927
1989-12-08,9.7407
1989-12-09,9.7349
1989-12-10,9.6923
1989-12-11,9.6692
1989-12-12,9.6147
1989-12-13,9.6057
1989-12-14,9.6152
1989-12-15,9.5963
1989-12-16,9.6037
1989-12-17,9.5151
1989-12-18,9.5015
1989-12-19,9.4307
1989-12-20,9.3994
1989-12-21,9.3937
1989-12-22,9.3630
1989-12-23,9.2827
1989-12-24,9.2170
1989-12-25,9.1814
1989-12-26,9.1302
1989-12-27,9.1458
1989-12-28,9.1129
1989-12-29,9.0770
1989-12-30,9.0430
1989-12-31,8.9347
1990-01-01,8.8689
1990-01-02,8.8332
1990-01-03,8.7863
1990-01-04,8.6884
1990-01-05,8.6244
1990-01-06,8.5460
1990-01-07,8.4807
1990-01-08,8.4272
1990-01-09,8.3687
1990-01-10,8.3889
1990-01-11,8.4109
1990-01-12,8.4251
1990-01-13,8.3591
1990-01-14,8.3547
1990-01-15,8.3648
1990-01-16,8.3940
1990-01-17,8.3721
1990-01-18,8.3373
1990-01-19,8.2854
1990-01-20,8.2775
1990-01-21,8.1880
1990-01-22,8.1539
1990-01-23,8.1391
1990-01-24,8.1478
1990-01-25,8.1586
1990-01-26,8.2277
1990-01-27,8.2978
1990-01-28,8.2614
1990-01-29,8.2350
1990-01-30,8.1955
1990-01-31,8.1714
1990-02-01,8.1716
1990-02-02,8.1893
1990-02-03,8.1976
1990-02-04,8.1557
1990-02-05,8.1417
1990-02-06,8.1187
1990-02-07,8.1157
1990-02-08,8.0931
1990-02-09,8.0424
1990-02-10,7.9850
1990-02-11,7.9601
1990-02-12,7.9755
1990-02-13,7.9163
1990-02-14,7.9174
1990-02-15,7.9242
1990-02-16,7.9289
1990-02-17,7.9121
1990-02-18,7.8471
1990-02-19,7.7907
1990-02-20,7.7814
1990-02-21,7.8138
1990-02-22,7.8363
1990-02-23,7.8349
1990-02-24,7.8118
1990-02-25,7.7873
1990-02-26,7.7614
1990-02-27,7.7556
1990-02-28,7.7526
1990-03-01,7.7760
1990-03-02,7.8790
1990-03-03,7.8934
1990-03-04,7.8482
1990-03-05,7.8741
1990-03-06,7.8443
1990-03-07,7.8414
1990-03-08,7.8280
1990-03-09,7.7939
1990-03-10,7.8384
1990-03-11,7.8682
1990-03-12,7.8702
1990-03-13,7.9158
1990-03-14,7.8948
1990-03-15,7.8965
1990-03-16,7.9194
1990-03-17,7.9383
1990-03-18,7.8839
1990-03-19,7.8935
1990-03-20,7.9051
1990-03-21,7.9293
1990-03-22,7.8748
1990-03-23,7.8400
1990-03-24,7.8201
1990-03-25,7.8088
1990-03-26,7.8262
1990-03-27,7.8532
1990-03-28,7.9102
1990-03-29,7.9201
1990-03-30,7.9097
1990-03-31,7.9103
1990-04-01,7.9132
1990-04-02,7.9474
1990-04-03,7.9462
1990-04-04,7.8918
1990-04-05,7.8262
1990-04-06,7.8119
1990-04-07,7.8515
1990-04-08,7.8793
1990-04-09,7.8514
1990-04-10,7.8208
1990-04-11,7.8057
1990-04-12,7.8025
1990-04-13,7.7502
1990-04-14,7.8276
1990-04-15,7.9160
1990-04-16,7.9628
1990-04-17,8.0163
1990-04-18,8.4032
1990-04-19,8.5625
1990-04-20,8.5357
1990-04-21,8.5358
1990-04-22,8.5409
1990-04-23,8.5436
1990-04-24,8.5280
1990-04-25,8.5887
1990-04-26,8.6003
1990-04-27,8.5941
1990-04-28,8.6304
1990-04-29,8.6226
1990-04-30,8.5894
1990-05-01,8.5375
1990-05-02,8.6404
1990-05-03,8.7445
1990-05-04,8.7225
1990-05-05,8.6339
1990-05-06,8.6539
1990-05-07,8.6872
1990-05-08,8.7973
1990-05-09,8.9256
1990-05-10,8.9648
1990-05-11,8.9812
1990-05-12,8.9968
1990-05-13,9.0343
1990-05-14,9.1384
1990-05-15,9.3152
1990-05-16,9.4753
1990-05-17,9.5695
1990-05-18,9.6732
1990-05-19,9.8846
1990-05-20,10.0858
1990-05-21,10.1886
1990-05-22,10.2432
1990-05-23,10.3280
1990-05-24,10.3355
1990-05-25,10.3567
1990-05-26,10.4551
1990-05-27,10.4069
1990-05-28,10.4080
1990-05-29,10.3214
1990-05-30,10.3078
1990-05-31,10.2983
1990-06-01,10.3276
1990-06-02,10.4361
1990-06-03,10.4226
1990-06-04,10.4595
1990-06-05,10.4459
1990-06-06,10.3836
1990-06-07,10.3668
1990-06-08,10.4010
1990-06-09,10.5122
1990-06-10,10.5923
1990-06-11,10.7820
1990-06-12,10.8217
1990-06-13,10.7425
1990-06-14,10.6250
1990-06-15,10.5465
1990-06-16,10.4230
1990-06-17,10.3470
1990-06-18,10.4372
1990-06-19,10.5397
1990-06-20,10.5184
1990-06-21,10.6114
1990-06-22,10.6033
1990-06-23,10.6122
1990-06-24,10.6003
1990-06-25,10.6946
1990-06-26,10.7732
1990-06-27,10.9127
1990-06-28,11.0038
1990-06-29,11.0612
1990-06-30,11.0878
1990-07-01,11.0748
1990-07-02,11.2116
1990-07-03,11.2619
1990-07-04,11.4747
1990-07-05,11.7076
1990-07-06,11.6770
1990-07-07,11.5655
1990-07-08,11.6279
1990-07-09,11.8450
1990-07-10,11.7860
1990-07-11,11.7558
1990-07-12,11.7253
1990-07-13,11.7440
1990-07-14,11.8208
1990-07-15,11.9160
1990-07-16,11.9578
1990-07-17,11.9771
1990-07-18,12.0949
1990-07-19,12.2085
1990-07-20,12.4661
1990-07-21,12.5941
1990-07-22,12.5311
1990-07-23,12.4941
1990-07-24,12.4867
1990-07-25,12.4552
1990-07-26,12.4282
1990-07-27,12.3113
1990-07-28,12.2576
1990-07-29,12.2983
1990-07-30,12.2982
1990-07-31,12.3049
1990-08-01,12.2946
1990-08-02,12.4921
1990-08-03,12.6769
1990-08-04,12.8858
1990-08-05,12.9618
1990-08-06,12.9272
1990-08-07,13.0243
1990-08-08,13.0406
1990-08-09,13.2579
1990-08-10,13.2937
1990-08-11,13.3276
1990-08-12,13.4689
1990-08-13,13.5396
1990-08-14,13.4833
1990-08-15,13.5218
1990-08-16,13.6322
1990-08-17,13.5920
1990-08-18,13.4467
1990-08-19,13.6281
1990-08-20,13.6293
1990-08-21,13.5640
1990-08-22,13.5035
1990-08-23,13.4721
1990-08-24,13.4011
1990-08-25,13.3117
1990-08-26,13.1895
1990-08-27,13.0625
1990-08-28,13.0285
1990-08-29,13.2315
1990-08-30,13.3035
1990-08-31,13.3165
1990-09-01,13.1671
1990-09-02,13.0102
1990-09-03,12.9316
1990-09-04,12.8972
1990-09-05,12.9181
1990-09-06,12.9966
1990-09-07,13.1222
1990-09-08,13.1790
1990-09-09,13.1678
1990-09-10,13.1519
1990-09-11,13.1121
1990-09-12,13.1304
1990-09-13,13.2226
1990-09-14,13.2502
1990-09-15,13.3345
1990-09-16,13.5004
1990-09-17,13.5070
1990-09-18,13.4014
1990-09-19,13.3232
1990-09-20,13.3163
1990-09-21,13.3330
1990-09-22,13.3225
1990-09-23,13.2454
1990-09-24,13.2698
1990-09-25,13.2468
1990-09-26,13.2376
1990-09-27,13.1729
1990-09-28,13.0727
1990-09-29,13.0343
1990-09-30,12.9655
1990-10-01,12.8840
1990-10-02,12.8373
1990-10-03,12.8013
1990-10-04,12.7410
1990-10-05,12.7704
1990-10-06,12.7580
1990-10-07,12.7335
1990-10-08,12.6518
1990-10-09,12.5628
1990-10-10,12.4625
1990-10-11,12.3172
1990-10-12,12.1973
1990-10-13,12.0995
1990-10-14,11.9493
1990-10-15,11.8073
1990-10-16,11.7915
1990-10-17,11.8199
1990-10-18,11.8221
1990-10-19,11.7374
1990-10-20,11.7117
1990-10-21,11.6532
1990-10-22,11.5779
1990-10-23,11.3903
1990-10-24,11.2499
1990-10-25,11.1957
1990-10-26,11.1197
1990-10-27,10.9628
1990-10-28,10.8669
1990-10-29,10.8150
1990-10-30,10.7599
1990-10-31,10.7464
1990-11-01,10.7887
1990-11-02,10.8584
1990-11-03,10.8681
1990-11-04,10.9094
1990-11-05,10.9716
1990-11-06,11.0173
1990-11-07,11.0529
1990-11-08,11.0716
1990-11-09,11.0475
1990-11-10,10.9117
1990-11-11,10.8475
1990-11-12,10.8320
1990-11-13,10.8582
1990-11-14,10.9477
1990-11-15,10.9478
1990-11-16,10.7761
1990-11-17,10.6529
1990-11-18,10.6087
1990-11-19,10.5117
1990-11-20,10.4825
1990-11-21,10.3937
1990-11-22,10.3499
1990-11-23,10.1867
1990-11-24,10.1145
1990-11-25,10.1443
1990-11-26,10.0753
1990-11-27,10.0426
1990-11-28,10.1133
1990-11-29,10.0839
1990-11-30,10.0825
1990-12-01,10.1557
1990-12-02,10.1985
1990-12-03,10.2076
1990-12-04,10.1667
1990-12-05,10.0886
1990-12-06,10.0511
1990-12-07,10.0247
1990-12-08,10.0024
1990-12-09,9.8964
1990-12-10,10.0273
1990-12-11,10.1344
1990-12-12,10.2495
1990-12-13,10.1240
1990-12-14,10.0317
1990-12-15,9.9939
1990-12-16,9.9320
1990-12-17,9.8424
1990-12-18,9.7827
1990-12-19,9.7504
1990-12-20,9.6928
1990-12-21,9.7000
1990-12-22,9.6825
1990-12-23,9.6236
1990-12-24,9.5471
1990-12-25,9.4365
1990-12-26,9.3831
1990-12-27,9.3237
1990-12-28,9.2681
1990-12-29,9.1159
1990-12-30,9.0732
1990-12-31,9.0387
1991-01-01,8.9842
1991-01-02,8.9009
1991-01-03,8.8203
1991-01-04,8.7305
1991-01-05,8.6897
1991-01-06,8.6392
1991-01-07,8.5631
1991-01-08,8.4787
1991-01-09,8.3788
1991-01-10,8.3220
1991-01-11,8.2853
1991-01-12,8.2632
1991-01-13,8.2782
1991-01-14,8.2523
1991-01-15,8.1783
1991-01-16,8.0700
1991-01-17,8.0639
1991-01-18,8.0864
1991-01-19,8.1232
1991-01-20,8.1459
1991-01-21,8.1632
1991-01-22,8.1633
1991-01-23,8.1799
1991-01-24,8.1740
1991-01-25,8.1999
1991-01-26,8.2279
1991-01-27,8.2013
1991-01-28,8.1396
1991-01-29,8.0827
1991-01-30,8.0444
1991-01-31,8.0428
1991-02-01,8.0323
1991-02-02,8.0029
1991-02-03,7.9616
1991-02-04,7.9054
1991-02-05,7.8834
1991-02-06,7.8610
1991-02-07,7.8924
1991-02-08,7.8778
1991-02-09,7.9272
1991-02-10,7.8870
1991-02-11,7.9822
1991-02-12,8.0987
1991-02-13,8.0992
1991-02-14,8.0941
1991-02-15,8.1256
1991-02-16,8.1340
1991-02-17,8.2085
1991-02-18,8.2476
1991-02-19,8.1899
1991-02-20,8.1051
1991-02-21,8.0732
1991-02-22,8.0555
1991-02-23,8.1034
1991-02-24,8.1384
1991-02-25,8.1276
1991-02-26,8.0546
1991-02-27,8.0187
1991-02-28,8.0341
1991-03-01,8.0537
1991-03-02,8.0640
1991-03-03,8.1234
1991-03-04,8.1513
1991-03-05,8.1443
1991-03-06,8.1909
1991-03-07,8.2337
1991-03-08,8.2521
1991-03-09,8.2831
1991-03-10,8.3210
1991-03-11,8.3079
1991-03-12,8.3299
1991-03-13,8.2804
1991-03-14,8.2327
1991-03-15,8.2140
1991-03-16,8.2028
1991-03-17,8.2177
1991-03-18,8.2566
1991-03-19,8.2388
1991-03-20,8.1690
1991-03-21,8.1668
1991-03-22,8.2015
1991-03-23,8.2241
1991-03-24,8.2531
1991-03-25,8.2690
1991-03-26,8.3259
1991-03-27,8.3207
1991-03-28,8.3749
1991-03-29,8.5540
1991-03-30,8.6221
1991-03-31,8.6699
1991-04-01,8.6356
1991-04-02,8.6199
1991-04-03,8.5679
1991-04-04,8.5480
1991-04-05,8.4428
1991-04-06,8.4058
1991-04-07,8.3926
1991-04-08,8.3265
1991-04-09,8.2516
1991-04-10,8.2021
1991-04-11,8.1593
1991-04-12,8.0833
1991-04-13,8.1331
1991-04-14,8.1229
1991-04-15,8.2116
1991-04-16,8.2043
1991-04-17,8.3265
1991-04-18,8.3556
1991-04-19,8.4143
1991-04-20,8.4732
1991-04-21,8.5418
1991-04-22,8.6076
1991-04-23,8.6012
1991-04-24,8.5781
1991-04-25,8.5920
1991-04-26,8.6438
1991-04-27,8.7160
1991-04-28,8.7776
1991-04-29,8.8362
1991-04-30,8.9202
1991-05-01,8.9923
1991-05-02,9.0702
1991-05-03,9.2283
1991-05-04,9.3034
1991-05-05,9.3477
1991-05-06,9.4441
1991-05-07,9.5102
1991-05-08,9.5290
1991-05-09,9.5412
1991-05-10,9.5382
1991-05-11,9.5093
1991-05-12,9.4959
1991-05-13,9.4956
1991-05-14,9.5349
1991-05-15,9.5681
1991-05-16,9.5538
1991-05-17,9.5228
1991-05-18,9.7322
1991-05-19,9.8185
1991-05-20,9.8228
1991-05-21,9.8374
1991-05-22,9.9713
1991-05-23,10.1055
1991-05-24,10.1576
1991-05-25,10.1761
1991-05-26,10.2125
1991-05-27,10.3175
1991-05-28,10.3251
1991-05-29,10.3106
1991-05-30,10.4357
1991-05-31,10.5037
1991-06-01,10.7380
1991-06-02,10.8627
1991-06-03,10.8291
1991-06-04,10.7371
1991-06-05,10.6623
1991-06-06,10.6189
1991-06-07,10.5231
1991-06-08,10.5606
1991-06-09,10.5674
1991-06-10,10.5527
1991-06-11,10.4960
1991-06-12,10.4639
1991-06-13,10.4813
1991-06-14,10.5570
1991-06-15,10.6122
1991-06-16,10.7357
1991-06-17,10.8995
1991-06-18,10.9105
1991-06-19,10.9403
1991-06-20,11.0715
1991-06-21,11.0773
1991-06-22,11.0886
1991-06-23,11.1344
1991-06-24,11.2647
1991-06-25,11.3065
1991-06-26,11.3947
1991-06-27,11.5372
1991-06-28,11.5566
1991-06-29,11.5553
1991-06-30,11.7510
1991-07-01,11.9160
1991-07-02,11.9545
1991-07-03,11.7866
1991-07-04,11.8305
1991-07-05,11.8989
1991-07-06,11.9616
1991-07-07,12.0182
1991-07-08,12.0587
1991-07-09,12.1016
1991-07-10,12.2208
1991-07-11,12.1478
1991-07-12,12.0644
1991-07-13,12.0930
1991-07-14,12.1903
1991-07-15,12.2473
1991-07-16,12.2537
1991-07-17,12.3264
1991-07-18,12.3893
1991-07-19,12.3874
1991-07-20,12.3430
1991-07-21,12.5198
1991-07-22,12.7215
1991-07-23,12.8714
1991-07-24,12.9575
1991-07-25,12.9877
1991-07-26,12.9179
1991-07-27,12.7857
1991-07-28,12.8065
1991-07-29,12.8208
1991-07-30,12.9001
1991-07-31,12.9955
1991-08-01,13.0142
1991-08-02,12.9683
1991-08-03,12.8517
1991-08-04,12.8043
1991-08-05,12.9144
1991-08-06,12.9811
1991-08-07,12.9575
1991-08-08,12.9943
1991-08-09,13.0155
1991-08-10,13.0126
1991-08-11,12.9849
1991-08-12,12.9282
1991-08-13,12.9360
1991-08-14,12.9094
1991-08-15,12.9231
1991-08-16,12.9657
1991-08-17,13.0682
1991-08-18,13.1155
1991-08-19,13.1155
1991-08-20,13.0622
1991-08-21,13.0790
1991-08-22,13.0750
1991-08-23,13.0626
1991-08-24,13.0021
1991-08-25,12.9763
1991-08-26,13.0433
1991-08-27,13.0122
1991-08-28,12.9211
1991-08-29,12.8988
1991-08-30,12.9448
1991-08-31,13.0715
1991-09-01,13.5307
1991-09-02,13.7724
1991-09-03,13.6440
1991-09-04,13.4241
1991-09-05,13.3424
1991-09-06,13.2995
1991-09-07,13.2249
1991-09-08,13.1580
1991-09-09,13.1718
1991-09-10,13.3653
1991-09-11,13.4141
1991-09-12,13.3856
1991-09-13,13.3103
1991-09-14,13.1383
1991-09-15,13.0329
1991-09-16,12.9776
1991-09-17,12.9200
1991-09-18,12.8900
1991-09-19,12.8510
1991-09-20,12.7332
1991-09-21,12.7622
1991-09-22,12.6793
1991-09-23,12.5413
1991-09-24,12.4393
1991-09-25,12.4079
1991-09-26,12.2901
1991-09-27,12.3769
1991-09-28,12.2934
1991-09-29,12.2028
1991-09-30,12.2593
1991-10-01,12.1966
1991-10-02,12.0808
1991-10-03,12.0441
1991-10-04,11.9953
1991-10-05,11.8950
1991-10-06,11.7928
1991-10-07,11.6455
1991-10-08,11.6824
1991-10-09,11.6967
1991-10-10,11.5584
1991-10-11,11.4359
1991-10-12,11.3093
1991-10-13,11.2433
1991-10-14,11.3085
1991-10-15,11.3602
1991-10-16,11.3601
1991-10-17,11.3574
1991-10-18,11.3182
1991-10-19,11.3362
1991-10-20,11.4105
1991-10-21,11.5598
1991-10-22,11.4786
1991-10-23,11.4097
1991-10-24,11.3706
1991-10-25,11.3011
1991-10-26,11.2099
1991-10-27,11.1025
1991-10-28,11.0447
1991-10-29,10.9849
1991-10-30,11.0234
1991-10-31,11.0450
1991-11-01,10.9831
1991-11-02,10.8892
1991-11-03,10.8301
1991-11-04,10.6996
1991-11-05,10.6173
1991-11-06,10.5913
1991-11-07,10.6317
1991-11-08,10.6555
1991-11-09,10.6391
1991-11-10,10.6663
1991-11-11,10.6383
1991-11-12,10.6092
1991-11-13,10.5480
1991-11-14,10.4995
1991-11-15,10.4675
1991-11-16,10.3993
1991-11-17,10.4019
1991-11-18,10.4024
1991-11-19,10.4408
1991-11-20,10.4894
1991-11-21,10.4557
1991-11-22,10.3917
1991-11-23,10.2430
1991-11-24,10.1174
1991-11-25,10.0220
1991-11-26,9.9466
1991-11-27,9.9449
1991-11-28,9.9216
1991-11-29,9.9002
1991-11-30,9.8080
1991-12-01,9.7363
1991-12-02,9.7120
1991-12-03,9.7457
1991-12-04,9.7925
1991-12-05,9.7812
1991-12-06,9.7379
1991-12-07,9.6839
1991-12-08,9.6254
1991-12-09,9.6478
1991-12-10,9.6276
1991-12-11,9.6081
1991-12-12,9.6646
1991-12-13,9.7113
1991-12-14,9.7257
1991-12-15,9.6696
1991-12-16,9.5794
1991-12-17,9.4949
1991-12-18,9.4604
1991-12-19,9.4571
1991-12-20,9.4207
1991-12-21,9.3310
1991-12-22,9.3362
1991-12-23,9.3004
1991-12-24,9.4132
1991-12-25,9.4535
1991-12-26,9.5047
1991-12-27,9.4521
1991-12-28,9.3969
1991-12-29,9.3631
1991-12-30,9.3271
1991-12-31,9.3310
1992-01-01,9.3735
1992-01-02,9.3684
1992-01-03,9.3388
1992-01-04,9.3352
1992-01-05,9.3460
1992-01-06,9.3427
1992-01-07,9.3456
1992-01-08,9.2707
1992-01-09,9.3380
1992-01-10,9.4642
1992-01-11,9.4820
1992-01-12,9.4833
1992-01-13,9.5628
1992-01-14,9.6808
1992-01-15,9.6557
1992-01-16,9.6298
1992-01-17,9.5587
1992-01-18,9.5481
1992-01-19,9.5051
1992-01-20,9.4910
1992-01-21,9.4725
1992-01-22,9.4604
1992-01-23,9.3605
1992-01-24,9.3882
1992-01-25,9.3620
1992-01-26,9.3309
1992-01-27,9.2869
1992-01-28,9.2074
1992-01-29,9.1067
1992-01-30,8.9516
1992-01-31,8.9116
1992-02-01,8.9232
1992-02-02,8.9536
1992-02-03,9.0920
1992-02-04,9.1679
1992-02-05,9.1387
1992-02-06,9.0631
1992-02-07,9.0091
1992-02-08,8.9414
1992-02-09,8.9085
1992-02-10,8.9078
1992-02-11,8.8854
1992-02-12,8.8681
1992-02-13,8.8406
1992-02-14,8.8806
1992-02-15,8.8451
1992-02-16,8.8216
1992-02-17,8.7918
1992-02-18,8.7566
1992-02-19,8.7334
1992-02-20,8.7402
1992-02-21,8.7961
1992-02-22,8.8159
1992-02-23,8.7249
1992-02-24,8.7148
1992-02-25,8.7307
1992-02-26,8.6877
1992-02-27,8.6694
1992-02-28,8.7055
1992-02-29,8.7140
1992-03-01,8.7647
1992-03-02,8.7533
1992-03-03,8.7046
1992-03-04,8.6223
1992-03-05,8.5033
1992-03-06,8.4241
1992-03-07,8.3721
1992-03-08,8.3289
1992-03-09,8.2780
1992-03-10,8.3003
1992-03-11,8.3295
1992-03-12,8.4636
1992-03-13,8.5375
1992-03-14,8.5903
1992-03-15,8.6428
1992-03-16,8.6124
1992-03-17,8.5989
1992-03-18,8.5632
1992-03-19,8.5433
1992-03-20,8.6023
1992-03-21,8.7450
1992-03-22,8.8123
1992-03-23,8.8863
1992-03-24,8.9043
1992-03-25,8.9072
1992-03-26,8.9418
1992-03-27,8.9252
1992-03-28,8.7739
1992-03-29,8.6779
1992-03-30,8.6591
1992-03-31,8.6357
1992-04-01,8.6373
1992-04-02,8.6470
1992-04-03,8.6434
1992-04-04,8.6072
1992-04-05,8.5664
1992-04-06,8.5590
1992-04-07,8.5438
1992-04-08,8.5926
1992-04-09,8.5159
1992-04-10,8.3589
1992-04-11,8.2691
1992-04-12,8.1889
1992-04-13,8.1185
1992-04-14,8.1053
1992-04-15,8.1503
1992-04-16,8.2613
1992-04-17,8.3371
1992-04-18,8.4441
1992-04-19,8.4772
1992-04-20,8.4630
1992-04-21,8.4445
1992-04-22,8.3880
1992-04-23,8.3099
1992-04-24,8.2723
1992-04-25,8.2419
1992-04-26,8.3433
1992-04-27,8.3979
1992-04-28,8.5108
1992-04-29,8.6716
1992-04-30,8.7204
1992-05-01,8.8090
1992-05-02,8.7832
1992-05-03,8.8749
1992-05-04,8.9355
1992-05-05,9.0250
1992-05-06,8.9641
1992-05-07,8.9119
1992-05-08,8.8831
1992-05-09,8.8398
1992-05-10,8.7381
1992-05-11,8.6719
1992-05-12,8.6936
1992-05-13,8.7350
1992-05-14,8.8338
1992-05-15,8.8692
1992-05-16,8.8426
1992-05-17,8.8516
1992-05-18,8.8836
1992-05-19,8.9621
1992-05-20,9.0043
1992-05-21,9.0796
1992-05-22,9.0939
1992-05-23,9.1338
1992-05-24,9.2165
1992-05-25,9.2580
1992-05-26,9.3782
1992-05-27,9.4785
1992-05-28,9.6626
1992-05-29,9.6631
1992-05-30,9.7083
1992-05-31,9.7236
1992-06-01,9.7840
1992-06-02,9.9373
1992-06-03,9.9780
1992-06-04,10.0299
1992-06-05,9.8683
1992-06-06,9.7926
1992-06-07,9.8305
1992-06-08,9.8847
1992-06-09,9.9701
1992-06-10,10.0168
1992-06-11,10.0080
1992-06-12,9.9171
1992-06-13,10.0237
1992-06-14,10.1072
1992-06-15,10.2790
1992-06-16,10.5001
1992-06-17,10.5812
1992-06-18,10.6033
1992-06-19,10.7742
1992-06-20,10.9763
1992-06-21,11.3368
1992-06-22,11.5095
1992-06-23,11.5453
1992-06-24,11.6897
1992-06-25,11.8192
1992-06-26,11.7637
1992-06-27,11.7946
1992-06-28,11.8781
1992-06-29,11.9566
1992-06-30,12.0026
1992-07-01,11.9105
1992-07-02,11.8596
1992-07-03,12.0050
1992-07-04,12.3421
1992-07-05,12.3365
1992-07-06,12.2586
1992-07-07,12.2515
1992-07-08,12.2459
1992-07-09,12.2748
1992-07-10,12.2373
1992-07-11,12.2434
1992-07-12,12.3188
1992-07-13,12.4257
1992-07-14,12.3773
1992-07-15,12.3013
1992-07-16,12.2449
1992-07-17,12.2644
1992-07-18,12.2980
1992-07-19,12.3310
1992-07-20,12.4342
1992-07-21,12.6074
1992-07-22,12.6777
1992-07-23,12.7341
1992-07-24,12.6867
1992-07-25,12.7396
1992-07-26,12.7875
1992-07-27,12.7645
1992-07-28,12.6822
1992-07-29,12.5407
1992-07-30,12.4899
1992-07-31,12.4442
1992-08-01,12.4289
1992-08-02,12.4639
1992-08-03,12.4570
1992-08-04,12.5112
1992-08-05,12.5416
1992-08-06,12.5372
1992-08-07,12.5309
1992-08-08,12.5006
1992-08-09,12.4065
1992-08-10,12.4368
1992-08-11,12.5647
1992-08-12,12.6857
1992-08-13,12.7248
1992-08-14,12.6099
1992-08-15,12.5317
1992-08-16,12.5235
1992-08-17,12.5141
1992-08-18,12.4828
1992-08-19,12.4941
1992-08-20,12.5537
1992-08-21,12.5461
1992-08-22,12.5524
1992-08-23,12.5783
1992-08-24,12.5726
1992-08-25,12.4939
1992-08-26,12.4656
1992-08-27,12.4572
1992-08-28,12.3980
1992-08-29,12.2942
1992-08-30,12.3350
1992-08-31,12.4491
1992-09-01,12.4272
1992-09-02,12.4260
1992-09-03,12.3990
1992-09-04,12.2900
1992-09-05,12.2782
1992-09-06,12.3781
1992-09-07,12.4075
1992-09-08,12.3277
1992-09-09,12.2298
1992-09-10,12.2450
1992-09-11,12.3122
1992-09-12,12.3557
1992-09-13,12.3287
1992-09-14,12.2392
1992-09-15,12.1153
1992-09-16,12.0654
1992-09-17,12.0284
1992-09-18,11.9666
1992-09-19,11.9568
1992-09-20,12.0024
1992-09-21,12.0328
1992-09-22,12.0634
1992-09-23,12.0517
1992-09-24,12.0845
1992-09-25,12.0404
1992-09-26,11.9534
1992-09-27,11.8161
1992-09-28,11.7495
1992-09-29,11.7383
1992-09-30,11.7638
1992-10-01,11.8486
1992-10-02,11.8816
1992-10-03,11.8812
1992-10-04,11.9280
1992-10-05,12.0575
1992-10-06,12.0918
1992-10-07,12.1490
1992-10-08,12.2000
1992-10-09,12.1918
1992-10-10,12.0520
1992-10-11,11.9338
1992-10-12,11.9560
1992-10-13,11.9606
1992-10-14,11.9536
1992-10-15,11.9767
1992-10-16,12.0369
1992-10-17,12.0577
1992-10-18,12.0025
1992-10-19,11.9907
1992-10-20,11.9776
1992-10-21,11.9837
1992-10-22,11.9772
1992-10-23,11.8389
1992-10-24,11.6841
1992-10-25,11.5183
1992-10-26,11.4665
1992-10-27,11.4978
1992-10-28,11.5236
1992-10-29,11.5233
1992-10-30,11.5186
1992-10-31,11.4016
1992-11-01,11.2781
1992-11-02,11.2640
1992-11-03,11.2582
1992-11-04,11.2003
1992-11-05,11.1201
1992-11-06,11.0687
1992-11-07,11.0561
1992-11-08,11.0104
1992-11-09,10.9068
1992-11-10,10.8629
1992-11-11,10.8479
1992-11-12,10.8207
1992-11-13,10.7743
1992-11-14,10.7412
1992-11-15,10.7834
1992-11-16,10.7862
1992-11-17,10.7063
1992-11-18,10.6298
1992-11-19,10.5737
1992-11-20,10.5011
1992-11-21,10.4037
1992-11-22,10.2815
1992-11-23,10.1922
1992-11-24,10.1177
1992-11-25,10.0616
1992-11-26,10.0521
1992-11-27,10.0457
1992-11-28,9.9800
1992-11-29,9.8335
1992-11-30,9.7814
1992-12-01,9.6850
1992-12-02,9.5581
1992-12-03,9.4869
1992-12-04,9.4082
1992-12-05,9.3694
1992-12-06,9.3443
1992-12-07,9.4158
1992-12-08,9.4268
1992-12-09,9.3574
1992-12-10,9.2554
1992-12-11,9.2709
1992-12-12,9.2788
1992-12-13,9.2623
1992-12-14,9.2551
1992-12-15,9.2119
1992-12-16,9.1842
1992-12-17,9.1606
1992-12-18,9.1535
1992-12-19,9.1011
1992-12-20,9.0367
1992-12-21,8.9809
1992-12-22,8.9470
1992-12-23,8.9378
1992-12-24,8.9859
1992-12-25,9.0281
1992-12-26,9.1485
1992-12-27,9.2221
1992-12-28,9.1912
1992-12-29,9.0692
1992-12-30,9.0024
1992-12-31,9.0079
1993-01-01,9.0425
1993-01-02,8.9539
1993-01-03,8.8995
1993-01-04,8.8771
1993-01-05,8.8639
1993-01-06,8.8601
1993-01-07,8.8446
1993-01-08,8.8453
1993-01-09,8.7687
1993-01-10,8.6267
1993-01-11,8.4523
1993-01-12,8.4284
1993-01-13,8.4326
1993-01-14,8.4430
1993-01-15,8.4514
1993-01-16,8.4860
1993-01-17,8.5160
1993-01-18,8.5564
1993-01-19,8.5510
1993-01-20,8.4106
1993-01-21,8.2355
1993-01-22,8.0941
1993-01-23,8.1294
1993-01-24,8.2239
1993-01-25,8.2975
1993-01-26,8.3030
1993-01-27,8.2954
1993-01-28,8.2599
1993-01-29,8.2145
1993-01-30,8.2878
1993-01-31,8.2834
1993-02-01,8.3260
1993-02-02,8.2928
1993-02-03,8.3211
1993-02-04,8.4960
1993-02-05,8.5844
1993-02-06,8.6176
1993-02-07,8.5947
1993-02-08,8.5200
1993-02-09,8.4173
1993-02-10,8.3746
1993-02-11,8.3379
1993-02-12,8.2977
1993-02-13,8.2736
1993-02-14,8.2995
1993-02-15,8.3732
1993-02-16,8.4057
1993-02-17,8.4479
1993-02-18,8.5424
1993-02-19,8.5320
1993-02-20,8.5065
1993-02-21,8.6011
1993-02-22,8.6442
1993-02-23,8.5975
1993-02-24,8.7422
1993-02-25,8.7026
1993-02-26,8.6542
1993-02-27,8.5745
1993-02-28,8.5076
1993-03-01,8.4794
1993-03-02,8.4363
1993-03-03,8.4444
1993-03-04,8.4695
1993-03-05,8.5385
1993-03-06,8.5231
1993-03-07,8.4784
1993-03-08,8.6320
1993-03-09,8.6564
1993-03-10,8.6541
1993-03-11,8.6415
1993-03-12,8.6351
1993-03-13,8.5791
1993-03-14,8.5872
1993-03-15,8.5976
1993-03-16,8.5562
1993-03-17,8.4775
1993-03-18,8.4134
1993-03-19,8.3958
1993-03-20,8.3874
1993-03-21,8.4218
1993-03-22,8.3884
1993-03-23,8.3632
1993-03-24,8.3405
1993-03-25,8.2891
1993-03-26,8.2621
1993-03-27,8.1871
1993-03-28,8.1546
1993-03-29,8.2070
1993-03-30,8.2707
1993-03-31,8.2983
1993-04-01,8.3838
1993-04-02,8.4064
1993-04-03,8.3743
1993-04-04,8.3130
1993-04-05,8.2603
1993-04-06,8.1322
1993-04-07,8.1137
1993-04-08,8.1222
1993-04-09,8.1035
1993-04-10,8.1198
1993-04-11,8.2178
1993-04-12,8.3777
1993-04-13,8.4914
1993-04-14,8.4446
1993-04-15,8.2892
1993-04-16,8.1521
1993-04-17,8.1806
1993-04-18,8.1573
1993-04-19,8.1535
1993-04-20,8.1699
1993-04-21,8.2375
1993-04-22,8.3065
1993-04-23,8.4157
1993-04-24,8.4556
1993-04-25,8.6232
1993-04-26,8.8796
1993-04-27,8.8541
1993-04-28,8.7785
1993-04-29,8.7158
1993-04-30,8.6234
1993-05-01,8.5248
1993-05-02,8.4905
1993-05-03,8.4954
1993-05-04,8.4652
1993-05-05,8.5532
1993-05-06,8.6733
1993-05-07,8.8279
1993-05-08,8.9966
1993-05-09,9.2156
1993-05-10,9.2396
1993-05-11,9.2684
1993-05-12,9.2124
1993-05-13,9.2726
1993-05-14,9.3453
1993-05-15,9.3289
1993-05-16,9.2160
1993-05-17,9.2239
1993-05-18,9.2469
1993-05-19,9.3436
1993-05-20,9.3983
1993-05-21,9.4291
1993-05-22,9.4307
1993-05-23,9.4875
1993-05-24,9.5211
1993-05-25,9.5538
1993-05-26,9.6372
1993-05-27,9.7392
1993-05-28,9.9360
1993-05-29,10.0861
1993-05-30,10.0567
1993-05-31,10.0565
1993-06-01,10.0486
1993-06-02,10.0536
1993-06-03,10.0539
1993-06-04,10.0651
1993-06-05,10.1022
1993-06-06,10.1706
1993-06-07,10.2262
1993-06-08,10.3259
1993-06-09,10.3864
1993-06-10,10.4937
1993-06-11,10.4472
1993-06-12,10.5943
1993-06-13,10.6436
1993-06-14,10.5423
1993-06-15,10.4896
1993-06-16,10.4501
1993-06-17,10.5483
1993-06-18,10.6860
1993-06-19,10.7801
1993-06-20,10.9653
1993-06-21,11.1207
1993-06-22,11.1818
1993-06-23,11.1404
1993-06-24,11.2171
1993-06-25,11.2779
1993-06-26,11.2317
1993-06-27,11.1993
1993-06-28,11.1722
1993-06-29,11.1748
1993-06-30,11.2688
1993-07-01,11.2936
1993-07-02,11.4133
1993-07-03,11.5349
1993-07-04,11.7431
1993-07-05,12.1021
1993-07-06,12.4362
1993-07-07,12.5150
1993-07-08,12.6542
1993-07-09,12.8458
1993-07-10,12.8314
1993-07-11,12.7154
1993-07-12,12.6118
1993-07-13,12.5249
1993-07-14,12.5976
1993-07-15,12.8213
1993-07-16,12.9540
1993-07-17,13.0163
1993-07-18,13.1389
1993-07-19,13.1464
1993-07-20,13.1171
1993-07-21,13.0479
1993-07-22,13.1132
1993-07-23,13.1708
1993-07-24,13.2233
1993-07-25,13.1978
1993-07-26,13.2438
1993-07-27,13.4673
1993-07-28,13.5576
1993-07-29,13.5405
1993-07-30,13.5216
1993-07-31,13.4953
1993-08-01,13.5793
1993-08-02,13.5243
1993-08-03,13.6480
1993-08-04,13.7766
1993-08-05,13.8468
1993-08-06,14.1573
1993-08-07,14.4187
1993-08-08,14.4775
1993-08-09,14.4004
1993-08-10,14.3097
1993-08-11,14.2584
1993-08-12,14.2464
1993-08-13,14.1676
1993-08-14,14.0859
1993-08-15,14.1000
1993-08-16,14.0742
1993-08-17,13.8976
1993-08-18,13.8357
1993-08-19,13.8789
1993-08-20,13.9090
1993-08-21,13.9079
1993-08-22,13.8705
1993-08-23,13.9021
1993-08-24,13.8659
1993-08-25,13.8138
1993-08-26,13.9210
1993-08-27,13.9979
1993-08-28,14.1922
1993-08-29,14.2707
1993-08-30,14.2666
1993-08-31,14.3240
1993-09-01,14.3316
1993-09-02,14.3262
1993-09-03,14.2026
1993-09-04,14.1316
1993-09-05,13.9850
1993-09-06,13.9456
1993-09-07,14.0880
1993-09-08,14.1962
1993-09-09,14.1991
1993-09-10,14.1496
1993-09-11,14.0632
1993-09-12,13.9556
1993-09-13,13.8421
1993-09-14,13.7040
1993-09-15,13.6281
1993-09-16,13.5952
1993-09-17,13.4358
1993-09-18,13.2416
1993-09-19,13.0757
1993-09-20,13.0181
1993-09-21,12.9610
1993-09-22,13.0398
1993-09-23,13.0236
1993-09-24,13.0504
1993-09-25,13.0130
1993-09-26,12.9539
1993-09-27,12.8186
1993-09-28,12.8119
1993-09-29,12.8416
1993-09-30,12.8219
1993-10-01,12.8031
1993-10-02,12.6943
1993-10-03,12.4887
1993-10-04,12.3955
1993-10-05,12.3669
1993-10-06,12.3596
1993-10-07,12.3012
1993-10-08,12.2078
1993-10-09,12.1664
1993-10-10,12.1252
1993-10-11,12.1114
1993-10-12,12.1090
1993-10-13,12.0942
1993-10-14,12.0795
1993-10-15,12.0603
1993-10-16,11.9904
1993-10-17,11.9038
1993-10-18,11.8971
1993-10-19,11.8581
1993-10-20,11.8694
1993-10-21,11.9146
1993-10-22,11.8902
1993-10-23,11.8839
1993-10-24,11.9168
1993-10-25,12.0458
1993-10-26,12.0431
1993-10-27,12.0042
1993-10-28,11.9819
1993-10-29,11.9594
1993-10-30,11.9195
1993-10-31,11.8444
1993-11-01,11.7746
1993-11-02,11.6801
1993-11-03,11.5848
1993-11-04,11.4843
1993-11-05,11.3481
1993-11-06,11.3008
1993-11-07,11.2652
1993-11-08,11.1731
1993-11-09,11.1235
1993-11-10,11.0268
1993-11-11,10.9662
1993-11-12,10.9033
1993-11-13,10.8413
1993-11-14,10.7495
1993-11-15,10.6567
1993-11-16,10.5963
1993-11-17,10.5096
1993-11-18,10.4593
1993-11-19,10.4144
1993-11-20,10.3601
1993-11-21,10.2381
1993-11-22,10.1708
1993-11-23,10.1508
1993-11-24,10.0603
1993-11-25,9.9969
1993-11-26,9.9453
1993-11-27,9.9167
1993-11-28,9.8783
1993-11-29,9.7989
1993-11-30,9.7874
1993-12-01,9.7347
1993-12-02,9.6197
1993-12-03,9.5719
1993-12-04,9.5584
1993-12-05,9.5518
1993-12-06,9.5389
1993-12-07,9.4980
1993-12-08,9.4513
1993-12-09,9.4210
1993-12-10,9.4115
1993-12-11,9.3362
1993-12-12,9.3179
1993-12-13,9.4121
1993-12-14,9.4142
1993-12-15,9.3977
1993-12-16,9.3711
1993-12-17,9.3061
1993-12-18,9.2486
1993-12-19,9.2078
1993-12-20,9.2229
1993-12-21,9.1411
1993-12-22,9.1066
1993-12-23,9.1393
1993-12-24,9.2016
1993-12-25,9.1835
1993-12-26,9.2282
1993-12-27,9.2116
1993-12-28,9.1535
1993-12-29,8.9836
1993-12-30,8.9273
1993-12-31,8.9409
1994-01-01,8.9232
1994-01-02,8.8648
1994-01-03,8.8341
1994-01-04,8.7934
1994-01-05,8.7497
1994-01-06,8.7339
1994-01-07,8.7291
1994-01-08,8.7200
1994-01-09,8.7501
1994-01-10,8.7454
1994-01-11,8.7297
1994-01-12,8.7294
1994-01-13,8.6814
1994-01-14,8.6716
1994-01-15,8.7173
1994-01-16,8.7243
1994-01-17,8.6851
1994-01-18,8.6297
1994-01-19,8.6183
1994-01-20,8.6130
1994-01-21,8.5779
1994-01-22,8.5549
1994-01-23,8.5672
1994-01-24,8.5926
1994-01-25,8.5551
1994-01-26,8.4999
1994-01-27,8.4583
1994-01-28,8.4381
1994-01-29,8.4407
1994-01-30,8.4391
1994-01-31,8.4087
1994-02-01,8.3481
1994-02-02,8.2912
1994-02-03,8.2844
1994-02-04,8.2633
1994-02-05,8.2522
1994-02-06,8.2443
1994-02-07,8.2422
1994-02-08,8.1861
1994-02-09,8.1586
1994-02-10,8.1803
1994-02-11,8.2449
1994-02-12,8.2752
1994-02-13,8.3554
1994-02-14,8.4038
1994-02-15,8.3980
1994-02-16,8.3930
1994-02-17,8.3543
1994-02-18,8.2645
1994-02-19,8.1800
1994-02-20,8.1530
1994-02-21,8.1255
1994-02-22,8.1385
1994-02-23,8.1150
1994-02-24,8.0859
1994-02-25,8.0584
1994-02-26,8.0403
1994-02-27,8.0077
1994-02-28,7.9830
1994-03-01,7.9620
1994-03-02,7.9444
1994-03-03,7.8822
1994-03-04,7.8621
1994-03-05,7.9167
1994-03-06,7.9185
1994-03-07,7.8495
1994-03-08,7.8065
1994-03-09,7.7243
1994-03-10,7.6907
1994-03-11,7.6732
1994-03-12,7.7477
1994-03-13,7.8132
1994-03-14,7.8205
1994-03-15,7.7526
1994-03-16,7.7516
1994-03-17,7.7356
1994-03-18,7.7606
1994-03-19,7.8347
1994-03-20,7.9170
1994-03-21,7.9497
1994-03-22,8.1031
1994-03-23,8.2165
1994-03-24,8.2436
1994-03-25,8.2298
1994-03-26,8.1855
1994-03-27,8.1313
1994-03-28,8.1039
1994-03-29,8.0944
1994-03-30,8.0279
1994-03-31,8.0009
1994-04-01,7.9775
1994-04-02,7.9580
1994-04-03,7.9434
1994-04-04,7.9430
1994-04-05,7.9648
1994-04-06,7.9743
1994-04-07,7.9231
1994-04-08,7.9755
1994-04-09,7.9363
1994-04-10,7.9460
1994-04-11,7.9440
1994-04-12,7.8922
1994-04-13,7.8140
1994-04-14,7.8459
1994-04-15,7.9095
1994-04-16,8.0764
1994-04-17,8.3752
1994-04-18,8.3918
1994-04-19,8.3782
1994-04-20,8.3504
1994-04-21,8.3966
1994-04-22,8.4050
1994-04-23,8.3882
1994-04-24,8.3924
1994-04-25,8.4146
1994-04-26,8.4482
1994-04-27,8.5230
1994-04-28,8.5869
1994-04-29,8.6263
1994-04-30,8.6075
1994-05-01,8.5997
1994-05-02,8.5642
1994-05-03,8.5472
1994-05-04,8.5572
1994-05-05,8.5669
1994-05-06,8.5499
1994-05-07,8.5899
1994-05-08,8.6193
1994-05-09,8.6416
1994-05-10,8.5942
1994-05-11,8.5023
1994-05-12,8.5263
1994-05-13,8.5004
1994-05-14,8.4976
1994-05-15,8.6160
1994-05-16,8.8483
1994-05-17,8.8956
1994-05-18,9.0108
1994-05-19,9.0827
1994-05-20,9.1478
1994-05-21,9.3435
1994-05-22,9.4863
1994-05-23,9.4891
1994-05-24,9.4715
1994-05-25,9.4960
1994-05-26,9.5405
1994-05-27,9.6734
1994-05-28,9.9132
1994-05-29,9.9786
1994-05-30,10.0072
1994-05-31,9.9739
1994-06-01,9.9343
1994-06-02,9.9183
1994-06-03,9.8662
1994-06-04,9.8951
1994-06-05,9.9220
1994-06-06,9.9640
1994-06-07,10.0460
1994-06-08,10.0263
1994-06-09,9.9596
1994-06-10,10.0503
1994-06-11,10.2223
1994-06-12,10.4538
1994-06-13,10.5826
1994-06-14,10.7359
1994-06-15,10.8506
1994-06-16,10.9042
1994-06-17,10.8034
1994-06-18,10.7821
1994-06-19,10.7607
1994-06-20,10.7112
1994-06-21,10.6695
1994-06-22,10.7455
1994-06-23,10.7899
1994-06-24,10.7687
1994-06-25,10.6751
1994-06-26,10.7870
1994-06-27,10.9195
1994-06-28,11.0061
1994-06-29,11.0219
1994-06-30,11.0527
1994-07-01,11.1205
1994-07-02,11.1716
1994-07-03,11.2792
1994-07-04,11.3296
1994-07-05,11.2307
1994-07-06,11.1207
1994-07-07,11.1243
1994-07-08,11.0962
1994-07-09,11.1128
1994-07-10,11.2335
1994-07-11,11.4987
1994-07-12,11.7083
1994-07-13,11.6084
1994-07-14,11.5386
1994-07-15,11.5433
1994-07-16,11.4897
1994-07-17,11.6088
1994-07-18,11.8039
1994-07-19,11.8777
1994-07-20,12.0168
1994-07-21,11.9384
1994-07-22,11.8467
1994-07-23,11.8109
1994-07-24,11.8623
1994-07-25,11.9033
1994-07-26,11.9467
1994-07-27,11.8927
1994-07-28,11.9019
1994-07-29,11.8827
1994-07-30,11.9644
1994-07-31,12.0579
1994-08-01,12.1410
1994-08-02,12.2359
1994-08-03,12.2020
1994-08-04,12.3231
1994-08-05,12.4302
1994-08-06,12.5072
1994-08-07,12.4503
1994-08-08,12.4310
1994-08-09,12.4329
1994-08-10,12.5343
1994-08-11,12.8017
1994-08-12,12.8368
1994-08-13,12.7856
1994-08-14,12.8229
1994-08-15,13.2341
1994-08-16,13.4220
1994-08-17,13.2636
1994-08-18,13.0352
1994-08-19,12.9293
1994-08-20,12.9818
1994-08-21,13.0387
1994-08-22,13.0879
1994-08-23,13.2888
1994-08-24,13.4389
1994-08-25,13.3575
1994-08-26,13.1854
1994-08-27,13.1185
1994-08-28,13.0601
1994-08-29,13.1025
1994-08-30,13.1888
1994-08-31,13.3361
1994-09-01,13.4142
1994-09-02,13.4579
1994-09-03,13.3147
1994-09-04,13.1468
1994-09-05,13.0236
1994-09-06,12.8663
1994-09-07,12.6978
1994-09-08,12.5510
1994-09-09,12.5249
1994-09-10,12.5993
1994-09-11,12.6318
1994-09-12,12.6395
1994-09-13,12.6209
1994-09-14,12.6289
1994-09-15,12.5822
1994-09-16,12.6366
1994-09-17,12.6220
1994-09-18,12.6441
1994-09-19,12.6659
1994-09-20,12.7823
1994-09-21,12.8818
1994-09-22,12.9201
1994-09-23,12.9223
1994-09-24,12.8646
1994-09-25,12.8442
1994-09-26,12.9161
1994-09-27,12.9341
1994-09-28,12.8578
1994-09-29,12.8434
1994-09-30,12.8410
1994-10-01,12.7347
1994-10-02,12.6649
1994-10-03,12.6377
1994-10-04,12.6763
1994-10-05,12.6833
1994-10-06,12.7253
1994-10-07,12.7275
1994-10-08,12.7467
1994-10-09,12.6737
1994-10-10,12.5820
1994-10-11,12.5339
1994-10-12,12.5255
1994-10-13,12.5186
1994-10-14,12.5186
1994-10-15,12.6021
1994-10-16,12.7077
1994-10-17,12.6182
1994-10-18,12.5362
1994-10-19,12.4663
1994-10-20,12.3897
1994-10-21,12.3110
1994-10-22,12.2315
1994-10-23,12.1317
1994-10-24,12.1007
1994-10-25,12.0700
1994-10-26,12.0281
1994-10-27,12.0075
1994-10-28,12.0054
1994-10-29,12.0030
1994-10-30,11.9554
1994-10-31,11.9067
1994-11-01,11.8273
1994-11-02,11.6644
1994-11-03,11.5365
1994-11-04,11.4745
1994-11-05,11.3551
1994-11-06,11.2630
1994-11-07,11.1300
1994-11-08,11.0622
1994-11-09,11.0895
1994-11-10,11.0652
1994-11-11,11.0323
1994-11-12,10.9641
1994-11-13,10.8490
1994-11-14,10.7683
1994-11-15,10.7188
1994-11-16,10.6921
1994-11-17,10.6319
1994-11-18,10.5621
1994-11-19,10.5507
1994-11-20,10.4742
1994-11-21,10.3355
1994-11-22,10.2316
1994-11-23,10.2198
1994-11-24,10.1762
1994-11-25,10.1836
1994-11-26,10.1643
1994-11-27,10.1066
1994-11-28,9.9930
1994-11-29,9.8534
1994-11-30,9.7984
1994-12-01,9.8084
1994-12-02,9.7666
1994-12-03,9.7410
1994-12-04,9.6951
1994-12-05,9.6077
1994-12-06,9.5029
1994-12-07,9.4409
1994-12-08,9.4098
1994-12-09,9.4502
1994-12-10,9.5032
1994-12-11,9.5057
1994-12-12,9.4743
1994-12-13,9.3940
1994-12-14,9.3065
1994-12-15,9.2779
1994-12-16,9.2339
1994-12-17,9.1475
1994-12-18,9.1316
1994-12-19,9.1844
1994-12-20,9.1026
1994-12-21,9.1110
1994-12-22,9.1093
1994-12-23,9.1293
1994-12-24,9.0502
1994-12-25,9.0008
1994-12-26,8.9243
1994-12-27,8.8958
1994-12-28,8.8393
1994-12-29,8.8368
1994-12-30,8.8292
1994-12-31,8.8239
1995-01-01,8.8176
1995-01-02,8.7775
1995-01-03,8.7739
1995-01-04,8.7696
1995-01-05,8.7703
1995-01-06,8.7699
1995-01-07,8.7551
1995-01-08,8.7208
1995-01-09,8.7259
1995-01-10,8.6598
1995-01-11,8.5948
1995-01-12,8.5818
1995-01-13,8.6130
1995-01-14,8.6642
1995-01-15,8.6706
1995-01-16,8.6352
1995-01-17,8.5892
1995-01-18,8.6044
1995-01-19,8.6163
1995-01-20,8.5978
1995-01-21,8.6091
1995-01-22,8.5799
1995-01-23,8.5346
1995-01-24,8.5030
1995-01-25,8.5319
1995-01-26,8.5846
1995-01-27,8.6229
1995-01-28,8.5977
1995-01-29,8.5962
1995-01-30,8.5949
1995-01-31,8.6337
1995-02-01,8.6189
1995-02-02,8.5890
1995-02-03,8.5836
1995-02-04,8.5789
1995-02-05,8.5736
1995-02-06,8.5601
1995-02-07,8.5044
1995-02-08,8.4423
1995-02-09,8.3730
1995-02-10,8.3557
1995-02-11,8.3518
1995-02-12,8.3267
1995-02-13,8.3069
1995-02-14,8.2710
1995-02-15,8.2459
1995-02-16,8.2349
1995-02-17,8.2618
1995-02-18,8.2743
1995-02-19,8.2613
1995-02-20,8.2401
1995-02-21,8.2174
1995-02-22,8.1863
1995-02-23,8.1936
1995-02-24,8.1586
1995-02-25,8.1103
1995-02-26,8.0984
1995-02-27,8.0965
1995-02-28,8.0685
1995-03-01,8.0672
1995-03-02,8.0665
1995-03-03,8.0620
1995-03-04,8.0559
1995-03-05,8.0835
1995-03-06,8.1266
1995-03-07,8.1415
1995-03-08,8.1194
1995-03-09,8.0803
1995-03-10,8.1019
1995-03-11,8.1371
1995-03-12,8.1692
1995-03-13,8.1762
1995-03-14,8.1615
1995-03-15,8.1819
1995-03-16,8.1984
1995-03-17,8.1906
1995-03-18,8.1438
1995-03-19,8.1672
1995-03-20,8.2282
1995-03-21,8.3372
1995-03-22,8.3357
1995-03-23,8.3421
1995-03-24,8.3479
1995-03-25,8.3802
1995-03-26,8.4077
1995-03-27,8.4671
1995-03-28,8.5418
1995-03-29,8.5350
1995-03-30,8.5102
1995-03-31,8.5139
1995-04-01,8.5201
1995-04-02,8.5071
1995-04-03,8.5873
1995-04-04,8.6377
1995-04-05,8.7091
1995-04-06,8.7835
1995-04-07,8.8836
1995-04-08,8.9301
1995-04-09,8.8675
1995-04-10,8.8399
1995-04-11,8.8063
1995-04-12,8.8182
1995-04-13,8.8336
1995-04-14,8.9116
1995-04-15,9.0453
1995-04-16,9.1641
1995-04-17,9.2239
1995-04-18,9.1639
1995-04-19,9.1316
1995-04-20,9.1302
1995-04-21,9.1177
1995-04-22,9.1482
1995-04-23,9.1749
1995-04-24,9.1991
1995-04-25,9.2843
1995-04-26,9.3538
1995-04-27,9.4365
1995-04-28,9.5530
1995-04-29,9.6047
1995-04-30,9.6503
1995-05-01,9.6750
1995-05-02,9.6961
1995-05-03,9.7011
1995-05-04,9.7053
1995-05-05,9.7318
1995-05-06,9.8008
1995-05-07,9.8696
1995-05-08,9.9685
1995-05-09,9.9832
1995-05-10,10.0127
1995-05-11,10.0776
1995-05-12,10.1081
1995-05-13,10.1975
1995-05-14,10.3084
1995-05-15,10.4203
1995-05-16,10.4684
1995-05-17,10.5562
1995-05-18,10.6261
1995-05-19,10.6549
1995-05-20,10.6609
1995-05-21,10.7020
1995-05-22,10.7405
1995-05-23,10.7528
1995-05-24,10.7627
1995-05-25,10.7947
1995-05-26,10.7165
1995-05-27,10.7060
1995-05-28,10.7725
1995-05-29,10.8586
1995-05-30,10.8975
1995-05-31,10.9357
1995-06-01,10.9773
1995-06-02,11.0778
1995-06-03,11.1965
1995-06-04,11.3250
1995-06-05,11.4535
1995-06-06,11.5169
1995-06-07,11.5674
1995-06-08,11.6320
1995-06-09,11.6676
1995-06-10,11.7614
1995-06-11,11.9530
1995-06-12,12.1532
1995-06-13,12.2860
1995-06-14,12.3644
1995-06-15,12.4026
1995-06-16,12.3601
1995-06-17,12.2631
1995-06-18,12.1552
1995-06-19,12.1652
1995-06-20,12.1815
1995-06-21,12.2347
1995-06-22,12.3115
1995-06-23,12.3795
1995-06-24,12.4743
1995-06-25,12.5695
1995-06-26,12.6312
1995-06-27,12.6926
1995-06-28,12.8532
1995-06-29,12.8754
1995-06-30,12.9248
1995-07-01,13.0262
1995-07-02,13.2343
1995-07-03,13.3223
1995-07-04,13.2834
1995-07-05,13.2639
1995-07-06,13.2725
1995-07-07,13.2828
1995-07-08,13.3092
1995-07-09,13.3958
1995-07-10,13.4584
1995-07-11,13.4246
1995-07-12,13.4141
1995-07-13,13.4890
1995-07-14,13.5499
1995-07-15,13.6521
1995-07-16,13.6669
1995-07-17,13.6108
1995-07-18,13.6060
1995-07-19,13.6111
1995-07-20,13.6762
1995-07-21,13.6517
1995-07-22,13.6509
1995-07-23,13.5614
1995-07-24,13.4701
1995-07-25,13.4574
1995-07-26,13.4370
1995-07-27,13.4553
1995-07-28,13.4373
1995-07-29,13.4095
1995-07-30,13.4377
1995-07-31,13.5421
1995-08-01,13.7539
1995-08-02,13.9092
1995-08-03,14.0225
1995-08-04,14.1275
1995-08-05,14.1454
1995-08-06,14.1454
1995-08-07,14.1117
1995-08-08,14.0224
1995-08-09,13.9942
1995-08-10,14.0278
1995-08-11,14.0120
1995-08-12,14.0833
1995-08-13,14.1795
1995-08-14,14.2241
1995-08-15,14.1139
1995-08-16,14.0565
1995-08-17,14.0357
1995-08-18,13.9755
1995-08-19,13.9165
1995-08-20,13.9257
1995-08-21,13.9716
1995-08-22,13.9946
1995-08-23,14.0306
1995-08-24,14.0729
1995-08-25,14.1384
1995-08-26,14.3018
1995-08-27,14.3875
1995-08-28,14.3875
1995-08-29,14.3600
1995-08-30,14.3577
1995-08-31,14.3571
1995-09-01,14.3050
1995-09-02,14.2687
1995-09-03,14.2298
1995-09-04,14.1861
1995-09-05,14.0646
1995-09-06,14.0026
1995-09-07,14.0509
1995-09-08,14.1121
1995-09-09,14.0832
1995-09-10,14.0099
1995-09-11,13.8538
1995-09-12,13.7889
1995-09-13,13.7702
1995-09-14,13.7593
1995-09-15,13.7050
1995-09-16,13.6661
1995-09-17,13.5240
1995-09-18,13.5543
1995-09-19,13.5673
1995-09-20,13.5624
1995-09-21,13.5488
1995-09-22,13.5762
1995-09-23,13.6049
1995-09-24,13.5619
1995-09-25,13.5259
1995-09-26,13.4451
1995-09-27,13.3178
1995-09-28,13.3015
1995-09-29,13.3686
1995-09-30,13.2988
1995-10-01,13.1691
1995-10-02,13.0423
1995-10-03,12.9539
1995-10-04,12.8959
1995-10-05,12.8459
1995-10-06,12.7790
1995-10-07,12.7163
1995-10-08,12.6270
1995-10-09,12.5571
1995-10-10,12.4994
1995-10-11,12.4139
1995-10-12,12.3087
1995-10-13,12.2675
1995-10-14,12.2336
1995-10-15,12.1416
1995-10-16,12.0750
1995-10-17,12.0699
1995-10-18,12.0769
1995-10-19,12.0802
1995-10-20,12.0347
1995-10-21,11.9890
1995-10-22,11.8342
1995-10-23,11.7576
1995-10-24,11.6774
1995-10-25,11.5713
1995-10-26,11.5133
1995-10-27,11.4913
1995-10-28,11.4590
1995-10-29,11.4576
1995-10-30,11.4538
1995-10-31,11.4659
1995-11-01,11.4687
1995-11-02,11.4685
1995-11-03,11.4778
1995-11-04,11.4561
1995-11-05,11.4236
1995-11-06,11.4468
1995-11-07,11.4303
1995-11-08,11.3465
1995-11-09,11.2801
1995-11-10,11.2023
1995-11-11,11.1817
1995-11-12,11.1410
1995-11-13,11.1185
1995-11-14,11.0743
1995-11-15,10.9969
1995-11-16,10.9899
1995-11-17,10.9656
1995-11-18,10.9266
1995-11-19,10.9285
1995-11-20,10.9249
1995-11-21,10.9320
1995-11-22,10.9023
1995-11-23,10.8820
1995-11-24,10.8517
1995-11-25,10.8255
1995-11-26,10.7403
1995-11-27,10.6702
1995-11-28,10.6200
1995-11-29,10.6024
1995-11-30,10.5774
1995-12-01,10.5388
1995-12-02,10.4868
1995-12-03,10.4724
1995-12-04,10.4163
1995-12-05,10.3689
1995-12-06,10.2777
1995-12-07,10.2021
1995-12-08,10.1666
1995-12-09,10.1258
1995-12-10,10.0682
1995-12-11,10.0094
1995-12-12,9.9859
1995-12-13,9.9832
1995-12-14,9.9438
1995-12-15,9.9504
1995-12-16,9.9684
1995-12-17,9.9321
1995-12-18,9.9366
1995-12-19,9.9198
1995-12-20,9.9306
1995-12-21,9.9574
1995-12-22,9.9823
1995-12-23,9.9895
1995-12-24,9.9791
1995-12-25,9.9723
1995-12-26,9.9659
1995-12-27,9.9460
1995-12-28,9.9363
1995-12-29,9.9758
1995-12-30,10.0004
1995-12-31,10.1107
1996-01-01,10.0777
1996-01-02,10.0441
1996-01-03,9.9823
1996-01-04,9.9085
1996-01-05,9.9028
1996-01-06,9.8892
1996-01-07,9.8551
1996-01-08,9.8066
1996-01-09,9.7836
1996-01-10,9.7409
1996-01-11,9.6569
1996-01-12,9.6347
1996-01-13,9.5951
1996-01-14,9.5245
1996-01-15,9.5687
1996-01-16,9.5397
1996-01-17,9.4690
1996-01-18,9.3346
1996-01-19,9.2666
1996-01-20,9.1573
1996-01-21,9.1164
1996-01-22,9.0654
1996-01-23,9.0328
1996-01-24,8.9770
1996-01-25,8.9892
1996-01-26,9.0482
1996-01-27,9.0549
1996-01-28,9.0637
1996-01-29,9.0699
1996-01-30,9.1211
1996-01-31,9.1120
1996-02-01,9.0566
1996-02-02,8.9962
1996-02-03,8.9697
1996-02-04,8.9188
1996-02-05,8.8798
1996-02-06,8.8604
1996-02-07,8.8398
1996-02-08,8.8157
1996-02-09,8.7914
1996-02-10,8.7126
1996-02-11,8.7245
1996-02-12,8.7908
1996-02-13,8.8209
1996-02-14,8.8526
1996-02-15,8.8487
1996-02-16,8.8472
1996-02-17,8.8180
1996-02-18,8.8912
1996-02-19,8.8755
1996-02-20,8.8225
1996-02-21,8.7958
1996-02-22,8.7901
1996-02-23,8.7336
1996-02-24,8.7525
1996-02-25,8.7714
1996-02-26,8.7883
1996-02-27,8.7899
1996-02-28,8.9102
1996-02-29,9.0052
1996-03-01,9.0836
1996-03-02,9.0905
1996-03-03,9.0485
1996-03-04,8.9956
1996-03-05,8.9382
1996-03-06,8.8696
1996-03-07,8.7856
1996-03-08,8.7734
1996-03-09,8.7477
1996-03-10,8.7010
1996-03-11,8.6298
1996-03-12,8.6083
1996-03-13,8.5765
1996-03-14,8.5104
1996-03-15,8.5382
1996-03-16,8.6178
1996-03-17,8.6995
1996-03-18,8.7425
1996-03-19,8.7672
1996-03-20,8.7878
1996-03-21,8.8527
1996-03-22,8.8713
1996-03-23,8.9121
1996-03-24,8.9679
1996-03-25,8.9860
1996-03-26,9.0063
1996-03-27,9.0717
1996-03-28,9.1205
1996-03-29,9.1749
1996-03-30,9.2349
1996-03-31,9.2963
1996-04-01,9.3415
1996-04-02,9.4214
1996-04-03,9.4440
1996-04-04,9.4291
1996-04-05,9.4295
1996-04-06,9.4547
1996-04-07,9.4263
1996-04-08,9.4431
1996-04-09,9.4255
1996-04-10,9.4089
1996-04-11,9.4054
1996-04-12,9.4118
1996-04-13,9.4009
1996-04-14,9.3600
1996-04-15,9.2957
1996-04-16,9.2269
1996-04-17,9.1963
1996-04-18,9.2595
1996-04-19,9.3318
1996-04-20,9.3644
1996-04-21,9.4300
1996-04-22,9.4872
1996-04-23,9.4790
1996-04-24,9.5143
1996-04-25,9.5994
1996-04-26,9.7545
1996-04-27,9.8525
1996-04-28,9.9814
1996-04-29,10.0196
1996-04-30,10.0209
1996-05-01,9.9792
1996-05-02,9.9814
1996-05-03,10.0113
1996-05-04,10.0760
1996-05-05,10.0787
1996-05-06,9.9892
1996-05-07,9.9491
1996-05-08,9.9664
1996-05-09,10.0399
1996-05-10,10.0929
1996-05-11,10.1594
1996-05-12,10.1675
1996-05-13,10.1734
1996-05-14,10.2632
1996-05-15,10.2876
1996-05-16,10.3216
1996-05-17,10.3926
1996-05-18,10.4992
1996-05-19,10.5667
1996-05-20,10.6006
1996-05-21,10.6271
1996-05-22,10.6554
1996-05-23,10.6920
1996-05-24,10.7504
1996-05-25,10.7761
1996-05-26,10.8163
1996-05-27,10.7975
1996-05-28,10.7513
1996-05-29,10.6930
1996-05-30,10.6831
1996-05-31,10.6532
1996-06-01,10.6388
1996-06-02,10.6418
1996-06-03,10.6197
1996-06-04,10.5639
1996-06-05,10.5376
1996-06-06,10.5486
1996-06-07,10.5414
1996-06-08,10.5471
1996-06-09,10.5965
1996-06-10,10.6420
1996-06-11,10.6435
1996-06-12,10.6494
1996-06-13,10.6815
1996-06-14,10.7390
1996-06-15,10.9780
1996-06-16,11.0852
1996-06-17,11.2281
1996-06-18,11.3884
1996-06-19,11.4434
1996-06-20,11.4903
1996-06-21,11.5468
1996-06-22,11.5376
1996-06-23,11.5516
1996-06-24,11.6452
1996-06-25,11.6882
1996-06-26,11.7937
1996-06-27,11.9329
1996-06-28,11.9262
1996-06-29,11.8517
1996-06-30,11.8758
1996-07-01,11.9033
1996-07-02,11.9434
1996-07-03,12.0972
1996-07-04,12.2594
1996-07-05,12.3447
1996-07-06,12.4297
1996-07-07,12.5409
1996-07-08,12.6098
1996-07-09,12.7040
1996-07-10,12.8056
1996-07-11,12.9716
1996-07-12,13.0234
1996-07-13,13.1694
1996-07-14,13.4170
1996-07-15,13.3828
1996-07-16,13.4014
1996-07-17,13.4524
1996-07-18,13.5309
1996-07-19,13.5758
1996-07-20,13.5795
1996-07-21,13.7052
1996-07-22,13.8082
1996-07-23,13.8337
1996-07-24,13.7940
1996-07-25,13.8129
1996-07-26,13.8400
1996-07-27,13.9499
1996-07-28,14.0659
1996-07-29,14.0463
1996-07-30,14.0296
1996-07-31,14.1181
1996-08-01,14.1793
1996-08-02,14.1831
1996-08-03,14.1506
1996-08-04,14.0121
1996-08-05,14.0122
1996-08-06,13.9941
1996-08-07,13.9494
1996-08-08,13.9856
1996-08-09,14.0439
1996-08-10,14.0605
1996-08-11,14.1248
1996-08-12,14.2508
1996-08-13,14.2903
1996-08-14,14.2683
1996-08-15,14.2039
1996-08-16,14.0820
1996-08-17,14.0836
1996-08-18,14.1121
1996-08-19,14.1307
1996-08-20,14.1242
1996-08-21,14.0697
1996-08-22,14.0314
1996-08-23,14.0290
1996-08-24,14.0697
1996-08-25,14.1093
1996-08-26,14.1830
1996-08-27,14.3223
1996-08-28,14.4417
1996-08-29,14.4832
1996-08-30,14.4844
1996-08-31,14.3814
1996-09-01,14.5089
1996-09-02,14.5467
1996-09-03,14.5565
1996-09-04,14.4669
1996-09-05,14.3712
1996-09-06,14.3341
1996-09-07,14.3435
1996-09-08,14.4044
1996-09-09,14.4934
1996-09-10,14.5541
1996-09-11,14.4881
1996-09-12,14.4257
1996-09-13,14.3482
1996-09-14,14.2009
1996-09-15,14.0806
1996-09-16,14.0006
1996-09-17,13.9294
1996-09-18,13.8831
1996-09-19,13.8691
1996-09-20,13.8542
1996-09-21,13.7704
1996-09-22,13.6265
1996-09-23,13.5293
1996-09-24,13.4399
1996-09-25,13.3578
1996-09-26,13.2867
1996-09-27,13.1970
1996-09-28,13.0920
1996-09-29,12.9802
1996-09-30,13.0258
1996-10-01,12.9980
1996-10-02,12.9508
1996-10-03,12.9278
1996-10-04,12.9343
1996-10-05,12.8939
1996-10-06,12.6982
1996-10-07,12.5680
1996-10-08,12.5056
1996-10-09,12.4446
1996-10-10,12.3554
1996-10-11,12.3706
1996-10-12,12.3870
1996-10-13,12.3942
1996-10-14,12.3149
1996-10-15,12.1888
1996-10-16,12.1224
1996-10-17,12.1741
1996-10-18,12.1883
1996-10-19,12.1581
1996-10-20,12.1200
1996-10-21,12.1000
1996-10-22,11.9977
1996-10-23,11.8978
1996-10-24,11.8200
1996-10-25,11.7631
1996-10-26,11.6804
1996-10-27,11.6190
1996-10-28,11.6215
1996-10-29,11.6590
1996-10-30,11.6347
1996-10-31,11.5962
1996-11-01,11.5399
1996-11-02,11.4383
1996-11-03,11.3409
1996-11-04,11.2519
1996-11-05,11.2086
1996-11-06,11.1314
1996-11-07,11.0954
1996-11-08,11.0603
1996-11-09,11.0462
1996-11-10,11.0947
1996-11-11,11.0052
1996-11-12,10.9738
1996-11-13,10.9604
1996-11-14,10.9069
1996-11-15,10.8160
1996-11-16,10.7499
1996-11-17,10.7223
1996-11-18,10.7465
1996-11-19,10.8097
1996-11-20,10.7633
1996-11-21,10.6884
1996-11-22,10.6304
1996-11-23,10.6464
1996-11-24,10.6381
1996-11-25,10.6412
1996-11-26,10.6356
1996-11-27,10.6420
1996-11-28,10.6605
1996-11-29,10.6999
1996-11-30,10.6826
1996-12-01,10.5814
1996-12-02,10.4525
1996-12-03,10.4003
1996-12-04,10.3624
1996-12-05,10.3793
1996-12-06,10.3188
1996-12-07,10.2796
1996-12-08,10.3036
1996-12-09,10.2366
1996-12-10,10.2036
1996-12-11,10.1267
1996-12-12,10.0698
1996-12-13,10.0886
1996-12-14,10.0784
1996-12-15,10.0114
1996-12-16,9.9695
1996-12-17,9.9605
1996-12-18,9.9746
1996-12-19,9.9365
1996-12-20,9.9243
1996-12-21,9.9114
1996-12-22,9.9798
1996-12-23,9.9816
1996-12-24,9.9411
1996-12-25,9.9333
1996-12-26,9.9544
1996-12-27,9.8999
1996-12-28,9.8926
1996-12-29,9.8452
1996-12-30,9.8085
1996-12-31,9.8144
1997-01-01,9.8111
1997-01-02,9.7839
1997-01-03,9.7639
1997-01-04,9.7774
1997-01-05,9.7686
1997-01-06,9.7536
1997-01-07,9.7116
1997-01-08,9.6565
1997-01-09,9.6950
1997-01-10,9.6827
1997-01-11,9.6484
1997-01-12,9.6076
1997-01-13,9.5298
1997-01-14,9.4822
1997-01-15,9.4700
1997-01-16,9.4351
1997-01-17,9.3924
1997-01-18,9.3792
1997-01-19,9.3603
1997-01-20,9.4300
1997-01-21,9.4906
1997-01-22,9.4990
1997-01-23,9.4694
1997-01-24,9.4316
1997-01-25,9.4328
1997-01-26,9.4043
1997-01-27,9.3953
1997-01-28,9.4377
1997-01-29,9.5272
1997-01-30,9.5755
1997-01-31,9.5934
1997-02-01,9.5766
1997-02-02,9.5507
1997-02-03,9.5421
1997-02-04,9.5148
1997-02-05,9.4778
1997-02-06,9.4381
1997-02-07,9.4081
1997-02-08,9.3556
1997-02-09,9.2722
1997-02-10,9.2247
1997-02-11,9.1835
1997-02-12,9.1343
1997-02-13,9.1116
1997-02-14,9.0664
1997-02-15,9.0243
1997-02-16,8.9966
1997-02-17,8.9393
1997-02-18,8.8668
1997-02-19,8.8283
1997-02-20,8.8076
1997-02-21,8.7809
1997-02-22,8.8177
1997-02-23,8.8680
1997-02-24,8.8514
1997-02-25,8.8227
1997-02-26,8.8189
1997-02-27,8.8167
1997-02-28,8.8204
1997-03-01,8.7954
1997-03-02,8.7470
1997-03-03,8.7056
1997-03-04,8.6604
1997-03-05,8.6430
1997-03-06,8.6354
1997-03-07,8.5967
1997-03-08,8.6010
1997-03-09,8.5928
1997-03-10,8.5868
1997-03-11,8.5850
1997-03-12,8.5664
1997-03-13,8.6003
1997-03-14,8.6170
1997-03-15,8.7024
1997-03-16,8.7632
1997-03-17,8.8404
1997-03-18,8.8296
1997-03-19,8.8016
1997-03-20,8.7846
1997-03-21,8.7469
1997-03-22,8.7389
1997-03-23,8.7943
1997-03-24,8.8284
1997-03-25,8.7759
1997-03-26,8.7495
1997-03-27,8.7189
1997-03-28,8.7723
1997-03-29,8.7925
1997-03-30,8.8407
1997-03-31,8.8143
1997-04-01,8.8552
1997-04-02,8.8892
1997-04-03,9.0076
1997-04-04,9.0707
1997-04-05,9.1877
1997-04-06,9.2458
1997-04-07,9.2528
1997-04-08,9.3038
1997-04-09,9.3632
1997-04-10,9.4705
1997-04-11,9.5172
1997-04-12,9.5915
1997-04-13,9.6764
1997-04-14,9.8512
1997-04-15,9.8684
1997-04-16,9.8848
1997-04-17,9.8979
1997-04-18,9.8839
1997-04-19,9.8958
1997-04-20,9.9410
1997-04-21,9.9164
1997-04-22,9.8520
1997-04-23,9.7552
1997-04-24,9.7680
1997-04-25,9.8507
1997-04-26,9.8383
1997-04-27,9.8167
1997-04-28,9.8112
1997-04-29,9.8397
1997-04-30,9.8830
1997-05-01,9.9359
1997-05-02,9.9441
1997-05-03,10.0110
1997-05-04,10.1415
1997-05-05,10.2138
1997-05-06,10.3024
1997-05-07,10.4311
1997-05-08,10.5251
1997-05-09,10.5943
1997-05-10,10.5942
1997-05-11,10.5517
1997-05-12,10.4064
1997-05-13,10.3309
1997-05-14,10.3708
1997-05-15,10.4130
1997-05-16,10.4479
1997-05-17,10.4465
1997-05-18,10.3949
1997-05-19,10.4051
1997-05-20,10.3747
1997-05-21,10.4033
1997-05-22,10.4522
1997-05-23,10.5026
1997-05-24,10.6251
1997-05-25,10.7888
1997-05-26,10.8936
1997-05-27,10.9053
1997-05-28,10.8346
1997-05-29,10.7639
1997-05-30,10.6813
1997-05-31,10.8227
1997-06-01,10.9169
1997-06-02,10.9919
1997-06-03,11.0497
1997-06-04,11.0899
1997-06-05,11.0343
1997-06-06,11.0684
1997-06-07,11.0413
1997-06-08,11.1255
1997-06-09,11.2865
1997-06-10,11.4409
1997-06-11,11.6334
1997-06-12,11.7000
1997-06-13,11.6925
1997-06-14,11.7344
1997-06-15,11.8769
1997-06-16,11.9011
1997-06-17,11.8474
1997-06-18,11.8065
1997-06-19,11.8071
1997-06-20,11.8457
1997-06-21,11.9974
1997-06-22,12.0987
1997-06-23,12.1667
1997-06-24,12.2149
1997-06-25,12.3691
1997-06-26,12.5077
1997-06-27,12.6879
1997-06-28,12.8462
1997-06-29,12.9270
1997-06-30,12.9644
1997-07-01,13.1413
1997-07-02,13.4230
1997-07-03,13.4865
1997-07-04,13.5493
1997-07-05,13.6881
1997-07-06,13.7387
1997-07-07,13.8107
1997-07-08,13.8489
1997-07-09,13.8566
1997-07-10,13.8441
1997-07-11,13.8598
1997-07-12,13.8960
1997-07-13,13.9365
1997-07-14,14.0573
1997-07-15,14.0277
1997-07-16,14.0526
1997-07-17,14.0380
1997-07-18,14.0544
1997-07-19,14.1623
1997-07-20,14.3858
1997-07-21,14.6183
1997-07-22,14.6543
1997-07-23,14.5822
1997-07-24,14.4827
1997-07-25,14.6368
1997-07-26,14.6665
1997-07-27,14.5249
1997-07-28,14.4045
1997-07-29,14.3215
1997-07-30,14.3118
1997-07-31,14.2814
1997-08-01,14.3087
1997-08-02,14.3499
1997-08-03,14.4419
1997-08-04,14.5715
1997-08-05,14.5843
1997-08-06,14.6240
1997-08-07,14.5882
1997-08-08,14.5223
1997-08-09,14.5052
1997-08-10,14.5433
1997-08-11,14.5689
1997-08-12,14.5065
1997-08-13,14.5094
1997-08-14,14.5331
1997-08-15,14.5335
1997-08-16,14.5318
1997-08-17,14.5450
1997-08-18,14.5327
1997-08-19,14.4746
1997-08-20,14.4267
1997-08-21,14.3955
1997-08-22,14.4284
1997-08-23,14.4236
1997-08-24,14.4066
1997-08-25,14.3035
1997-08-26,14.2530
1997-08-27,14.2069
1997-08-28,14.2118
1997-08-29,14.1950
1997-08-30,14.1780
1997-08-31,14.2205
1997-09-01,14.2219
1997-09-02,14.2026
1997-09-03,14.1998
1997-09-04,14.1669
1997-09-05,14.1630
1997-09-06,14.1829
1997-09-07,14.2719
1997-09-08,14.3445
1997-09-09,14.3993
1997-09-10,14.3833
1997-09-11,14.3390
1997-09-12,14.2674
1997-09-13,14.2241
1997-09-14,14.1951
1997-09-15,14.2110
1997-09-16,14.1709
1997-09-17,14.1811
1997-09-18,14.1911
1997-09-19,14.2104
1997-09-20,14.2188
1997-09-21,14.2018
1997-09-22,14.1246
1997-09-23,14.1054
1997-09-24,14.0894
1997-09-25,14.0069
1997-09-26,13.9924
1997-09-27,13.8669
1997-09-28,13.7530
1997-09-29,13.7873
1997-09-30,13.8030
1997-10-01,13.8236
1997-10-02,13.7844
1997-10-03,13.7023
1997-10-04,13.5562
1997-10-05,13.4229
1997-10-06,13.2996
1997-10-07,13.1862
1997-10-08,13.1949
1997-10-09,13.2165
1997-10-10,13.2373
1997-10-11,13.2826
1997-10-12,13.2696
1997-10-13,13.1314
1997-10-14,12.9675
1997-10-15,13.0667
1997-10-16,13.0878
1997-10-17,12.9903
1997-10-18,12.9278
1997-10-19,12.9547
1997-10-20,13.0569
1997-10-21,13.0832
1997-10-22,13.0888
1997-10-23,13.1106
1997-10-24,13.1230
1997-10-25,13.0995
1997-10-26,13.0644
1997-10-27,13.0581
1997-10-28,13.0008
1997-10-29,12.9860
1997-10-30,12.9253
1997-10-31,12.8669
1997-11-01,12.8604
1997-11-02,12.8140
1997-11-03,12.7228
1997-11-04,12.6276
1997-11-05,12.5456
1997-11-06,12.4401
1997-11-07,12.2757
1997-11-08,12.1810
1997-11-09,12.0972
1997-11-10,12.0822
1997-11-11,12.0195
1997-11-12,11.9222
1997-11-13,11.8591
1997-11-14,11.8026
1997-11-15,11.7267
1997-11-16,11.6715
1997-11-17,11.5898
1997-11-18,11.5042
1997-11-19,11.4008
1997-11-20,11.3453
1997-11-21,11.2797
1997-11-22,11.1760
1997-11-23,11.1247
1997-11-24,11.0775
1997-11-25,11.0152
1997-11-26,10.9680
1997-11-27,10.9268
1997-11-28,10.8912
1997-11-29,10.8330
1997-11-30,10.7859
1997-12-01,10.9233
1997-12-02,10.8732
1997-12-03,10.8218
1997-12-04,10.7548
1997-12-05,10.7638
1997-12-06,10.7485
1997-12-07,10.7537
1997-12-08,10.7691
1997-12-09,10.7631
1997-12-10,10.7346
1997-12-11,10.6741
1997-12-12,10.6307
1997-12-13,10.4560
1997-12-14,10.4220
1997-12-15,10.4422
1997-12-16,10.5173
1997-12-17,10.4703
1997-12-18,10.4442
1997-12-19,10.4309
1997-12-20,10.4246
1997-12-21,10.3976
1997-12-22,10.3561
1997-12-23,10.3275
1997-12-24,10.2845
1997-12-25,10.2017
1997-12-26,10.0926
1997-12-27,9.9707
1997-12-28,9.9276
1997-12-29,9.9473
1997-12-30,9.9383
1997-12-31,9.9401
1998-01-01,9.9154
1998-01-02,9.8940
1998-01-03,9.8315
1998-01-04,9.7246
1998-01-05,9.6701
1998-01-06,9.5771
1998-01-07,9.4116
1998-01-08,9.3518
1998-01-09,9.3990
1998-01-10,9.4183
1998-01-11,9.4401
1998-01-12,9.4488
1998-01-13,9.4445
1998-01-14,9.4421
1998-01-15,9.4267
1998-01-16,9.3745
1998-01-17,9.3585
1998-01-18,9.3947
1998-01-19,9.3754
1998-01-20,9.3609
1998-01-21,9.3614
1998-01-22,9.3547
1998-01-23,9.3684
1998-01-24,9.3076
1998-01-25,9.2797
1998-01-26,9.2188
1998-01-27,9.1597
1998-01-28,9.1400
1998-01-29,9.1913
1998-01-30,9.2767
1998-01-31,9.2538
1998-02-01,9.2482
1998-02-02,9.2093
1998-02-03,9.1512
1998-02-04,9.0634
1998-02-05,8.9969
1998-02-06,8.9574
1998-02-07,8.9731
1998-02-08,8.9853
1998-02-09,8.9629
1998-02-10,8.9278
1998-02-11,8.9571
1998-02-12,8.9432
1998-02-13,8.8939
1998-02-14,8.8834
1998-02-15,8.9933
1998-02-16,8.9871
1998-02-17,8.9634
1998-02-18,8.9131
1998-02-19,8.8112
1998-02-20,8.7884
1998-02-21,8.7534
1998-02-22,8.7849
1998-02-23,8.8494
1998-02-24,8.8749
1998-02-25,8.8706
1998-02-26,8.8667
1998-02-27,8.8556
1998-02-28,8.8304
1998-03-01,8.8494
1998-03-02,8.8403
1998-03-03,8.8598
1998-03-04,8.9337
1998-03-05,9.0761
1998-03-06,9.0842
1998-03-07,9.0814
1998-03-08,9.0816
1998-03-09,9.0977
1998-03-10,9.1194
1998-03-11,9.1355
1998-03-12,9.1553
1998-03-13,9.1195
1998-03-14,9.0686
1998-03-15,9.0152
1998-03-16,9.0047
1998-03-17,9.0196
1998-03-18,9.1581
1998-03-19,9.1910
1998-03-20,9.1807
1998-03-21,9.1697
1998-03-22,9.1592
1998-03-23,9.1799
1998-03-24,9.1662
1998-03-25,9.1901
1998-03-26,9.1684
1998-03-27,9.2134
1998-03-28,9.2020
1998-03-29,9.1607
1998-03-30,9.0899
1998-03-31,9.1079
1998-04-01,9.0943
1998-04-02,9.0891
1998-04-03,9.1344
1998-04-04,9.1890
1998-04-05,9.2390
1998-04-06,9.2714
1998-04-07,9.2638
1998-04-08,9.2216
1998-04-09,9.3083
1998-04-10,9.2785
1998-04-11,9.2392
1998-04-12,9.2158
1998-04-13,9.2312
1998-04-14,9.2925
1998-04-15,9.5379
1998-04-16,9.6098
1998-04-17,9.6407
1998-04-18,9.6205
1998-04-19,9.5430
1998-04-20,9.6091
1998-04-21,9.6549
1998-04-22,9.6514
1998-04-23,9.5807
1998-04-24,9.5245
1998-04-25,9.4972
1998-04-26,9.5323
1998-04-27,9.5724
1998-04-28,9.5484
1998-04-29,9.5120
1998-04-30,9.5889
1998-05-01,9.7320
1998-05-02,9.8284
1998-05-03,9.9289
1998-05-04,9.9239
1998-05-05,9.7611
1998-05-06,9.6741
1998-05-07,9.5744
1998-05-08,9.6114
1998-05-09,9.6518
1998-05-10,9.6887
1998-05-11,9.6901
1998-05-12,9.5983
1998-05-13,9.6291
1998-05-14,9.6477
1998-05-15,9.7667
1998-05-16,9.8652
1998-05-17,9.9266
1998-05-18,10.0796
1998-05-19,10.3262
1998-05-20,10.4763
1998-05-21,10.5573
1998-05-22,10.6220
1998-05-23,10.7615
1998-05-24,10.8938
1998-05-25,11.0384
1998-05-26,11.0612
1998-05-27,10.9807
1998-05-28,11.1019
1998-05-29,11.1490
1998-05-30,11.2177
1998-05-31,11.2696
1998-06-01,11.3548
1998-06-02,11.4574
1998-06-03,11.5481
1998-06-04,11.6135
1998-06-05,11.6899
1998-06-06,11.8230
1998-06-07,11.8354
1998-06-08,11.7024
1998-06-09,11.7065
1998-06-10,11.7659
1998-06-11,11.7991
1998-06-12,11.7852
1998-06-13,11.9267
1998-06-14,12.0966
1998-06-15,12.1787
1998-06-16,12.1897
1998-06-17,12.2068
1998-06-18,12.1861
1998-06-19,12.0733
1998-06-20,12.0540
1998-06-21,12.0716
1998-06-22,12.1275
1998-06-23,12.1519
1998-06-24,12.1651
1998-06-25,12.1882
1998-06-26,12.2185
1998-06-27,12.3414
1998-06-28,12.5381
1998-06-29,12.8723
1998-06-30,13.1333
1998-07-01,13.2263
1998-07-02,13.2455
1998-07-03,13.3688
1998-07-04,13.5461
1998-07-05,13.6907
1998-07-06,13.8883
1998-07-07,13.9222
1998-07-08,13.8588
1998-07-09,13.8866
1998-07-10,13.8927
1998-07-11,14.0989
1998-07-12,14.2275
1998-07-13,14.2169
1998-07-14,14.2368
1998-07-15,14.3019
1998-07-16,14.3716
1998-07-17,14.4458
1998-07-18,14.4861
1998-07-19,14.5972
1998-07-20,14.5730
1998-07-21,14.5688
1998-07-22,14.6283
1998-07-23,14.6943
1998-07-24,14.7078
1998-07-25,14.6983
1998-07-26,14.7484
1998-07-27,14.7214
1998-07-28,14.8113
1998-07-29,14.8787
1998-07-30,14.9620
1998-07-31,14.9982
1998-08-01,15.0869
1998-08-02,15.1740
1998-08-03,15.2266
1998-08-04,15.2644
1998-08-05,15.3494
1998-08-06,15.4228
1998-08-07,15.4223
1998-08-08,15.3979
1998-08-09,15.2927
1998-08-10,15.2689
1998-08-11,15.3101
1998-08-12,15.2747
1998-08-13,15.2717
1998-08-14,15.3565
1998-08-15,15.4753
1998-08-16,15.4897
1998-08-17,15.5026
1998-08-18,15.4742
1998-08-19,15.4527
1998-08-20,15.5176
1998-08-21,15.5693
1998-08-22,15.5701
1998-08-23,15.6009
1998-08-24,15.6661
1998-08-25,15.6563
1998-08-26,15.5965
1998-08-27,15.5446
1998-08-28,15.5322
1998-08-29,15.4333
1998-08-30,15.3508
1998-08-31,15.3885
1998-09-01,15.4292
1998-09-02,15.4080
1998-09-03,15.3944
1998-09-04,15.3682
1998-09-05,15.1294
1998-09-06,14.8493
1998-09-07,14.7858
1998-09-08,14.6761
1998-09-09,14.5907
1998-09-10,14.7080
1998-09-11,14.8339
1998-09-12,14.7926
1998-09-13,14.6883
1998-09-14,14.5664
1998-09-15,14.4778
1998-09-16,14.3732
1998-09-17,14.2734
1998-09-18,14.2783
1998-09-19,14.2901
1998-09-20,14.2530
1998-09-21,14.2295
1998-09-22,14.2204
1998-09-23,14.1967
1998-09-24,14.2035
1998-09-25,14.1818
1998-09-26,14.1368
1998-09-27,14.1416
1998-09-28,14.1448
1998-09-29,14.1739
1998-09-30,14.1966
1998-10-01,14.1592
1998-10-02,14.0914
1998-10-03,13.9825
1998-10-04,13.8743
1998-10-05,13.8846
1998-10-06,13.9086
1998-10-07,13.9386
1998-10-08,13.8835
1998-10-09,13.8170
1998-10-10,13.7816
1998-10-11,13.6935
1998-10-12,13.5671
1998-10-13,13.4769
1998-10-14,13.3704
1998-10-15,13.2687
1998-10-16,13.2334
1998-10-17,13.2185
1998-10-18,13.1740
1998-10-19,13.1066
1998-10-20,12.9780
1998-10-21,12.9137
1998-10-22,12.8965
1998-10-23,12.8714
1998-10-24,12.7652
1998-10-25,12.7051
1998-10-26,12.6090
1998-10-27,12.3734
1998-10-28,12.2160
1998-10-29,12.1732
1998-10-30,12.0199
1998-10-31,11.9607
1998-11-01,11.9239
1998-11-02,11.9382
1998-11-03,11.9335
1998-11-04,11.9808
1998-11-05,11.9691
1998-11-06,11.9564
1998-11-07,11.8625
1998-11-08,11.7466
1998-11-09,11.6687
1998-11-10,11.6073
1998-11-11,11.5478
1998-11-12,11.4824
1998-11-13,11.4034
1998-11-14,11.3940
1998-11-15,11.3954
1998-11-16,11.3528
1998-11-17,11.2983
1998-11-18,11.1857
1998-11-19,11.1910
1998-11-20,11.1443
1998-11-21,11.1163
1998-11-22,11.0871
1998-11-23,11.0233
1998-11-24,10.9641
1998-11-25,10.9329
1998-11-26,10.8112
1998-11-27,10.7523
1998-11-28,10.6928
1998-11-29,10.6333
1998-11-30,10.6301
1998-12-01,10.7084
1998-12-02,10.6690
1998-12-03,10.6544
1998-12-04,10.6110
1998-12-05,10.5997
1998-12-06,10.5783
1998-12-07,10.4979
1998-12-08,10.4260
1998-12-09,10.3714
1998-12-10,10.3312
1998-12-11,10.3288
1998-12-12,10.3166
1998-12-13,10.2590
1998-12-14,10.2151
1998-12-15,10.2107
1998-12-16,10.2022
1998-12-17,10.1237
1998-12-18,10.0164
1998-12-19,9.9454
1998-12-20,9.9600
1998-12-21,9.9515
1998-12-22,9.8958
1998-12-23,9.7981
1998-12-24,9.7038
1998-12-25,9.6278
1998-12-26,9.4988
1998-12-27,9.4244
1998-12-28,9.3704
1998-12-29,9.3707
1998-12-30,9.3934
1998-12-31,9.4524
1999-01-01,9.5411
1999-01-02,9.5516
1999-01-03,9.4626
1999-01-04,9.4581
1999-01-05,9.4587
1999-01-06,9.4263
1999-01-07,9.4613
1999-01-08,9.4647
1999-01-09,9.4335
1999-01-10,9.3109
1999-01-11,9.3101
1999-01-12,9.2566
1999-01-13,9.1902
1999-01-14,9.0887
1999-01-15,8.9482
1999-01-16,8.9035
1999-01-17,8.9318
1999-01-18,8.8900
1999-01-19,8.8478
1999-01-20,8.8131
1999-01-21,8.8162
1999-01-22,8.8671
1999-01-23,8.8616
1999-01-24,8.8092
1999-01-25,8.7879
1999-01-26,8.8635
1999-01-27,8.9171
1999-01-28,8.9590
1999-01-29,8.9871
1999-01-30,9.0144
1999-01-31,8.9888
1999-02-01,8.9900
1999-02-02,8.9720
1999-02-03,9.0244
1999-02-04,9.0766
1999-02-05,9.0696
1999-02-06,9.0138
1999-02-07,8.9751
1999-02-08,8.9924
1999-02-09,9.0058
1999-02-10,9.0009
1999-02-11,8.9951
1999-02-12,9.0335
1999-02-13,9.0301
1999-02-14,9.0378
1999-02-15,9.0129
1999-02-16,9.0508
1999-02-17,9.0572
1999-02-18,9.0306
1999-02-19,8.9771
1999-02-20,9.0024
1999-02-21,9.1540
1999-02-22,9.2657
1999-02-23,9.3101
1999-02-24,9.3149
1999-02-25,9.2580
1999-02-26,9.1364
1999-02-27,9.1034
1999-02-28,9.0601
1999-03-01,9.0125
1999-03-02,8.9609
1999-03-03,8.9463
1999-03-04,8.9706
1999-03-05,8.9375
1999-03-06,8.9944
1999-03-07,9.0248
1999-03-08,9.0323
1999-03-09,9.0189
1999-03-10,8.9982
1999-03-11,9.0257
1999-03-12,9.1153
1999-03-13,9.2005
1999-03-14,9.2311
1999-03-15,9.2158
1999-03-16,9.2347
1999-03-17,9.2969
1999-03-18,9.3220
1999-03-19,9.3008
1999-03-20,9.2767
1999-03-21,9.2675
1999-03-22,9.2689
1999-03-23,9.1346
1999-03-24,9.0607
1999-03-25,8.9932
1999-03-26,8.9222
1999-03-27,8.8885
1999-03-28,8.9092
1999-03-29,9.0065
1999-03-30,9.0736
1999-03-31,9.0674
1999-04-01,9.0546
1999-04-02,9.0622
1999-04-03,9.0514
1999-04-04,9.0829
1999-04-05,9.0890
1999-04-06,9.0713
1999-04-07,9.0763
1999-04-08,9.1230
1999-04-09,9.1895
1999-04-10,9.3208
1999-04-11,9.3693
1999-04-12,9.3395
1999-04-13,9.3038
1999-04-14,9.3750
1999-04-15,9.4374
1999-04-16,9.4857
1999-04-17,9.5244
1999-04-18,9.5019
1999-04-19,9.3979
1999-04-20,9.3953
1999-04-21,9.4282
1999-04-22,9.4706
1999-04-23,9.4818
1999-04-24,9.4720
1999-04-25,9.4587
1999-04-26,9.4270
1999-04-27,9.5558
1999-04-28,9.7066
1999-04-29,9.7762
1999-04-30,9.7678
1999-05-01,9.5924
1999-05-02,9.5310
1999-05-03,9.5327
1999-05-04,9.5122
1999-05-05,9.5021
1999-05-06,9.4403
1999-05-07,9.4383
1999-05-08,9.4736
1999-05-09,9.6042
1999-05-10,9.7627
1999-05-11,9.8464
1999-05-12,9.9891
1999-05-13,10.1706
1999-05-14,10.1870
1999-05-15,10.1009
1999-05-16,10.0186
1999-05-17,10.1307
1999-05-18,10.2455
1999-05-19,10.3452
1999-05-20,10.4561
1999-05-21,10.4555
1999-05-22,10.5162
1999-05-23,10.5152
1999-05-24,10.4759
1999-05-25,10.4946
1999-05-26,10.5199
1999-05-27,10.4899
1999-05-28,10.4782
1999-05-29,10.4840
1999-05-30,10.6240
1999-05-31,10.5849
1999-06-01,10.6357
1999-06-02,10.6781
1999-06-03,10.6312
1999-06-04,10.5719
1999-06-05,10.5985
1999-06-06,10.7669
1999-06-07,10.9079
1999-06-08,10.9993
1999-06-09,11.0309
1999-06-10,11.1327
1999-06-11,11.2498
1999-06-12,11.3495
1999-06-13,11.4707
1999-06-14,11.6289
1999-06-15,11.7849
1999-06-16,11.9142
1999-06-17,11.9917
1999-06-18,11.9606
1999-06-19,12.0440
1999-06-20,12.1769
1999-06-21,12.2897
1999-06-22,12.3829
1999-06-23,12.4390
1999-06-24,12.4275
1999-06-25,12.4646
1999-06-26,12.4773
1999-06-27,12.4666
1999-06-28,12.4716
1999-06-29,12.4911
1999-06-30,12.5667
1999-07-01,12.6412
1999-07-02,12.6150
1999-07-03,12.5797
1999-07-04,12.5500
1999-07-05,12.5319
1999-07-06,12.5926
1999-07-07,12.7129
1999-07-08,12.7221
1999-07-09,12.8490
1999-07-10,12.9709
1999-07-11,13.0743
1999-07-12,13.1128
1999-07-13,13.1213
1999-07-14,13.2063
1999-07-15,13.3008
1999-07-16,13.2808
1999-07-17,13.4098
1999-07-18,13.4806
1999-07-19,13.5261
1999-07-20,13.5067
1999-07-21,13.5115
1999-07-22,13.5568
1999-07-23,13.6782
1999-07-24,13.7907
1999-07-25,13.8268
1999-07-26,13.7875
1999-07-27,13.7237
1999-07-28,13.6584
1999-07-29,13.5904
1999-07-30,13.5680
1999-07-31,13.6293
1999-08-01,13.7610
1999-08-02,13.8424
1999-08-03,13.9199
1999-08-04,13.9786
1999-08-05,14.0506
1999-08-06,14.0147
1999-08-07,13.9825
1999-08-08,14.1093
1999-08-09,14.2987
1999-08-10,14.4702
1999-08-11,14.5954
1999-08-12,14.6672
1999-08-13,14.6270
1999-08-14,14.6094
1999-08-15,14.6000
1999-08-16,14.5671
1999-08-17,14.5638
1999-08-18,14.5773
1999-08-19,14.6265
1999-08-20,14.6498
1999-08-21,14.6869
1999-08-22,14.7543
1999-08-23,14.8409
1999-08-24,14.9402
1999-08-25,14.9387
1999-08-26,14.7330
1999-08-27,14.6198
1999-08-28,14.6372
1999-08-29,14.6917
1999-08-30,14.7083
1999-08-31,14.5902
1999-09-01,14.5244
1999-09-02,14.6082
1999-09-03,14.6389
1999-09-04,14.5524
1999-09-05,14.2469
1999-09-06,14.1551
1999-09-07,14.0434
1999-09-08,13.9166
1999-09-09,13.7767
1999-09-10,13.7221
1999-09-11,13.7289
1999-09-12,13.8079
1999-09-13,13.8073
1999-09-14,13.7669
1999-09-15,13.6751
1999-09-16,13.5393
1999-09-17,13.4118
1999-09-18,13.3291
1999-09-19,13.2634
1999-09-20,13.1864
1999-09-21,13.1805
1999-09-22,13.1578
1999-09-23,13.1310
1999-09-24,13.1550
1999-09-25,13.1706
1999-09-26,13.1035
1999-09-27,12.9538
1999-09-28,12.8651
1999-09-29,12.8497
1999-09-30,12.8539
1999-10-01,12.8536
1999-10-02,12.8323
1999-10-03,12.7919
1999-10-04,12.6935
1999-10-05,12.6785
1999-10-06,12.6619
1999-10-07,12.6577
1999-10-08,12.6218
1999-10-09,12.6205
1999-10-10,12.6015
1999-10-11,12.5541
1999-10-12,12.5413
1999-10-13,12.4943
1999-10-14,12.4350
1999-10-15,12.3254
1999-10-16,12.3049
1999-10-17,12.2798
1999-10-18,12.2236
1999-10-19,12.1651
1999-10-20,12.1107
1999-10-21,12.0279
1999-10-22,11.9846
1999-10-23,11.9516
1999-10-24,11.9398
1999-10-25,11.8989
1999-10-26,11.8455
1999-10-27,11.7942
1999-10-28,11.7012
1999-10-29,11.5598
1999-10-30,11.4521
1999-10-31,11.3793
1999-11-01,11.3358
1999-11-02,11.2650
1999-11-03,11.2535
1999-11-04,11.2693
1999-11-05,11.2826
1999-11-06,11.2188
1999-11-07,11.1459
1999-11-08,11.0591
1999-11-09,11.0353
1999-11-10,11.0202
1999-11-11,11.0462
1999-11-12,11.0372
1999-11-13,11.0537
1999-11-14,11.0799
1999-11-15,11.0703
1999-11-16,11.3907
1999-11-17,11.3581
1999-11-18,11.3256
1999-11-19,11.2907
1999-11-20,11.1863
1999-11-21,11.1034
1999-11-22,11.0196
1999-11-23,10.9629
1999-11-24,10.8487
1999-11-25,10.8295
1999-11-26,10.7901
1999-11-27,10.7830
1999-11-28,10.7523
1999-11-29,10.7006
1999-11-30,10.6628
1999-12-01,10.5874
1999-12-02,10.4929
1999-12-03,10.4446
1999-12-04,10.3111
1999-12-05,10.3868
1999-12-06,10.4165
1999-12-07,10.4118
1999-12-08,10.3598
1999-12-09,10.3076
1999-12-10,10.2600
1999-12-11,10.2260
1999-12-12,10.2058
1999-12-13,10.1720
1999-12-14,10.1065
1999-12-15,10.2422
1999-12-16,10.2680
1999-12-17,10.2702
1999-12-18,10.2361
1999-12-19,10.1834
1999-12-20,10.0669
1999-12-21,10.0026
1999-12-22,9.9622
1999-12-23,9.8614
1999-12-24,9.7934
1999-12-25,9.7619
1999-12-26,9.6769
1999-12-27,9.6545
1999-12-28,9.6503
1999-12-29,9.6296
1999-12-30,9.6151
1999-12-31,9.6086
2000-01-01,9.5825
2000-01-02,9.4995
2000-01-03,9.4115
2000-01-04,9.3558
2000-01-05,9.2854
2000-01-06,9.2449
2000-01-07,9.2249
2000-01-08,9.1905
2000-01-09,9.1251
2000-01-10,9.0832
2000-01-11,9.1126
2000-01-12,9.0964
2000-01-13,9.0338
2000-01-14,9.0238
2000-01-15,9.0494
2000-01-16,9.0710
2000-01-17,9.0667
2000-01-18,9.0960
2000-01-19,9.0531
2000-01-20,9.1097
2000-01-21,9.1382
2000-01-22,9.1632
2000-01-23,9.1654
2000-01-24,9.1560
2000-01-25,9.0406
2000-01-26,8.9209
2000-01-27,8.8746
2000-01-28,8.8834
2000-01-29,9.0037
2000-01-30,9.0306
2000-01-31,9.0400
2000-02-01,9.1016
2000-02-02,9.0454
2000-02-03,9.1414
2000-02-04,9.2126
2000-02-05,9.2559
2000-02-06,9.1999
2000-02-07,9.1343
2000-02-08,9.0789
2000-02-09,9.0050
2000-02-10,8.9972
2000-02-11,8.9872
2000-02-12,8.9836
2000-02-13,8.9900
2000-02-14,8.9602
2000-02-15,8.9490
2000-02-16,8.9508
2000-02-17,8.9525
2000-02-18,8.9175
2000-02-19,8.9030
2000-02-20,8.9120
2000-02-21,8.9323
2000-02-22,8.9048
2000-02-23,8.8642
2000-02-24,8.8002
2000-02-25,8.8097
2000-02-26,8.8339
2000-02-27,8.8515
2000-02-28,8.8575
2000-02-29,8.8462
2000-03-01,8.7772
2000-03-02,8.8423
2000-03-03,8.8896
2000-03-04,8.9065
2000-03-05,8.9766
2000-03-06,9.1038
2000-03-07,9.2172
2000-03-08,9.1780
2000-03-09,9.1807
2000-03-10,9.2421
2000-03-11,9.2418
2000-03-12,9.2153
2000-03-13,9.1921
2000-03-14,9.1168
2000-03-15,9.1539
2000-03-16,9.3134
2000-03-17,9.3543
2000-03-18,9.3539
2000-03-19,9.3595
2000-03-20,9.3271
2000-03-21,9.2678
2000-03-22,9.1584
2000-03-23,9.1056
2000-03-24,9.0977
2000-03-25,9.0939
2000-03-26,9.0777
2000-03-27,9.0663
2000-03-28,9.1254
2000-03-29,9.1874
2000-03-30,9.1823
2000-03-31,9.1633
2000-04-01,9.0945
2000-04-02,9.0358
2000-04-03,9.0069
2000-04-04,8.9888
2000-04-05,8.9835
2000-04-06,9.0466
2000-04-07,9.1537
2000-04-08,9.2189
2000-04-09,9.3067
2000-04-10,9.3471
2000-04-11,9.3558
2000-04-12,9.3357
2000-04-13,9.2538
2000-04-14,9.2684
2000-04-15,9.3437
2000-04-16,9.4441
2000-04-17,9.5009
2000-04-18,9.4870
2000-04-19,9.4663
2000-04-20,9.4391
2000-04-21,9.4431
2000-04-22,9.4831
2000-04-23,9.5376
2000-04-24,9.5371
2000-04-25,9.5244
2000-04-26,9.5513
2000-04-27,9.6008
2000-04-28,9.5870
2000-04-29,9.6057
2000-04-30,9.6534
2000-05-01,9.8256
2000-05-02,9.8098
2000-05-03,9.8736
2000-05-04,9.9482
2000-05-05,10.0214
2000-05-06,10.0212
2000-05-07,10.0165
2000-05-08,10.2120
2000-05-09,10.3520
2000-05-10,10.3210
2000-05-11,10.1786
2000-05-12,10.0446
2000-05-13,10.0191
2000-05-14,10.0668
2000-05-15,10.2093
2000-05-16,10.2615
2000-05-17,10.2384
2000-05-18,10.1617
2000-05-19,10.1862
2000-05-20,10.2767
2000-05-21,10.3735
2000-05-22,10.4296
2000-05-23,10.4710
2000-05-24,10.4679
2000-05-25,10.5049
2000-05-26,10.5164
2000-05-27,10.6149
2000-05-28,10.8103
2000-05-29,10.9711
2000-05-30,11.0418
2000-05-31,11.0090
2000-06-01,10.9412
2000-06-02,10.9172
2000-06-03,10.8693
2000-06-04,10.8386
2000-06-05,10.7816
2000-06-06,10.7886
2000-06-07,10.7328
2000-06-08,10.7644
2000-06-09,10.7574
2000-06-10,10.7267
2000-06-11,10.7064
2000-06-12,10.6856
2000-06-13,10.8014
2000-06-14,10.8791
2000-06-15,10.8948
2000-06-16,10.8003
2000-06-17,10.8124
2000-06-18,10.8750
2000-06-19,11.0186
2000-06-20,11.1614
2000-06-21,11.3752
2000-06-22,11.5293
2000-06-23,11.7501
2000-06-24,11.7620
2000-06-25,11.8499
2000-06-26,11.8542
2000-06-27,11.7815
2000-06-28,11.7105
2000-06-29,11.7463
2000-06-30,11.8246
2000-07-01,12.0133
2000-07-02,12.2185
2000-07-03,12.5174
2000-07-04,12.5653
2000-07-05,12.6627
2000-07-06,12.9692
2000-07-07,13.0345
2000-07-08,13.2081
2000-07-09,13.3809
2000-07-10,13.4825
2000-07-11,13.4807
2000-07-12,13.4692
2000-07-13,13.7266
2000-07-14,13.6534
2000-07-15,13.5628
2000-07-16,13.6839
2000-07-17,13.8678
2000-07-18,13.9237
2000-07-19,13.9169
2000-07-20,13.9076
2000-07-21,13.8046
2000-07-22,13.7940
2000-07-23,13.8919
2000-07-24,14.0682
2000-07-25,14.1658
2000-07-26,14.1121
2000-07-27,14.0586
2000-07-28,14.0945
2000-07-29,14.1497
2000-07-30,14.2054
2000-07-31,14.2610
2000-08-01,14.3476
2000-08-02,14.4670
2000-08-03,14.5801
2000-08-04,14.6639
2000-08-05,14.6777
2000-08-06,14.6234
2000-08-07,14.4215
2000-08-08,14.5025
2000-08-09,14.5477
2000-08-10,14.5292
2000-08-11,14.5060
2000-08-12,14.4845
2000-08-13,14.6022
2000-08-14,14.6388
2000-08-15,14.6325
2000-08-16,14.5656
2000-08-17,14.4088
2000-08-18,14.3418
2000-08-19,14.4205
2000-08-20,14.6248
2000-08-21,14.7703
2000-08-22,14.8576
2000-08-23,14.8031
2000-08-24,14.9092
2000-08-25,14.9347
2000-08-26,14.7751
2000-08-27,14.5794
2000-08-28,14.5207
2000-08-29,14.3172
2000-08-30,14.2949
2000-08-31,14.5336
2000-09-01,14.6576
2000-09-02,14.7200
2000-09-03,14.8613
2000-09-04,14.8407
2000-09-05,14.6884
2000-09-06,14.4729
2000-09-07,14.2886
2000-09-08,14.3183
2000-09-09,14.3769
2000-09-10,14.2403
2000-09-11,14.1746
2000-09-12,14.3131
2000-09-13,14.3042
2000-09-14,14.3215
2000-09-15,14.2560
2000-09-16,14.1657
2000-09-17,14.3316
2000-09-18,14.4043
2000-09-19,14.3709
2000-09-20,14.3726
2000-09-21,14.2709
2000-09-22,14.1093
2000-09-23,14.0636
2000-09-24,14.0434
2000-09-25,13.8959
2000-09-26,13.7267
2000-09-27,13.5512
2000-09-28,13.4644
2000-09-29,13.4042
2000-09-30,13.3663
2000-10-01,13.2185
2000-10-02,13.0497
2000-10-03,12.9731
2000-10-04,12.8437
2000-10-05,12.7238
2000-10-06,12.7187
2000-10-07,12.6940
2000-10-08,12.4798
2000-10-09,12.3065
2000-10-10,12.1392
2000-10-11,12.1465
2000-10-12,12.1931
2000-10-13,12.1727
2000-10-14,12.0514
2000-10-15,11.8621
2000-10-16,11.6922
2000-10-17,11.4927
2000-10-18,11.3748
2000-10-19,11.2904
2000-10-20,11.2993
2000-10-21,11.2983
2000-10-22,11.3118
2000-10-23,11.3068
2000-10-24,11.3797
2000-10-25,11.4188
2000-10-26,11.3881
2000-10-27,11.3153
2000-10-28,11.2503
2000-10-29,11.1239
2000-10-30,11.1032
2000-10-31,11.0684
2000-11-01,11.0526
2000-11-02,11.0355
2000-11-03,11.0288
2000-11-04,11.0586
2000-11-05,11.0162
2000-11-06,11.0598
2000-11-07,10.9939
2000-11-08,10.8861
2000-11-09,10.8653
2000-11-10,10.8444
2000-11-11,10.8665
2000-11-12,10.9613
2000-11-13,10.9663
2000-11-14,10.9386
2000-11-15,10.9534
2000-11-16,11.0629
2000-11-17,11.1037
2000-11-18,11.0721
2000-11-19,10.9888
2000-11-20,10.9485
2000-11-21,10.9484
2000-11-22,11.0289
2000-11-23,11.0620
2000-11-24,11.0094
2000-11-25,10.9166
2000-11-26,10.8317
2000-11-27,10.8016
2000-11-28,10.7670
2000-11-29,10.7483
2000-11-30,10.7234
2000-12-01,10.7159
2000-12-02,10.6524
2000-12-03,10.5770
2000-12-04,10.5544
2000-12-05,10.5524
2000-12-06,10.5275
2000-12-07,10.4532
2000-12-08,10.3775
2000-12-09,10.3466
2000-12-10,10.3506
2000-12-11,10.3465
2000-12-12,10.3190
2000-12-13,10.2810
2000-12-14,10.2224
2000-12-15,10.1365
2000-12-16,10.0505
2000-12-17,10.0148
2000-12-18,10.0289
2000-12-19,10.0058
2000-12-20,9.9975
2000-12-21,9.9890
2000-12-22,9.9583
2000-12-23,9.9796
2000-12-24,9.9925
2000-12-25,10.0610
2000-12-26,10.0639
2000-12-27,10.0461
2000-12-28,9.9616
2000-12-29,9.8789
2000-12-30,9.8180
2000-12-31,9.7594
2001-01-01,9.7174
2001-01-02,9.6636
2001-01-03,9.6002
2001-01-04,9.5692
2001-01-05,9.5595
2001-01-06,9.5621
2001-01-07,9.5469
2001-01-08,9.5973
2001-01-09,9.6814
2001-01-10,9.6500
2001-01-11,9.6180
2001-01-12,9.5021
2001-01-13,9.5498
2001-01-14,9.5391
2001-01-15,9.5318
2001-01-16,9.4782
2001-01-17,9.4117
2001-01-18,9.3843
2001-01-19,9.3736
2001-01-20,9.3446
2001-01-21,9.2857
2001-01-22,9.2692
2001-01-23,9.2497
2001-01-24,9.2300
2001-01-25,9.2196
2001-01-26,9.1904
2001-01-27,9.1875
2001-01-28,9.2643
2001-01-29,9.2375
2001-01-30,9.2945
2001-01-31,9.2694
2001-02-01,9.2426
2001-02-02,9.2033
2001-02-03,9.1662
2001-02-04,9.1738
2001-02-05,9.1448
2001-02-06,9.1071
2001-02-07,9.0936
2001-02-08,9.0984
2001-02-09,9.0822
2001-02-10,9.0692
2001-02-11,9.0477
2001-02-12,9.0128
2001-02-13,8.9719
2001-02-14,8.9506
2001-02-15,8.8708
2001-02-16,8.8488
2001-02-17,8.9122
2001-02-18,8.9475
2001-02-19,8.9924
2001-02-20,9.0522
2001-02-21,9.1156
2001-02-22,9.0482
2001-02-23,9.0280
2001-02-24,9.0053
2001-02-25,8.9959
2001-02-26,8.9891
2001-02-27,9.0286
2001-02-28,9.0715
2001-03-01,9.0843
2001-03-02,9.1087
2001-03-03,9.1138
2001-03-04,9.0818
2001-03-05,9.0809
2001-03-06,9.0847
2001-03-07,9.1128
2001-03-08,9.0985
2001-03-09,9.1343
2001-03-10,9.1326
2001-03-11,9.1100
2001-03-12,9.0992
2001-03-13,9.0954
2001-03-14,9.1060
2001-03-15,9.1159
2001-03-16,9.1199
2001-03-17,9.1205
2001-03-18,9.1563
2001-03-19,9.1564
2001-03-20,9.1530
2001-03-21,9.1533
2001-03-22,9.1369
2001-03-23,9.1356
2001-03-24,9.1857
2001-03-25,9.2169
2001-03-26,9.1961
2001-03-27,9.1231
2001-03-28,9.0739
2001-03-29,9.0215
2001-03-30,9.0104
2001-03-31,8.9779
2001-04-01,8.9847
2001-04-02,9.0488
2001-04-03,9.1030
2001-04-04,9.1438
2001-04-05,9.1366
2001-04-06,9.0879
2001-04-07,9.0716
2001-04-08,9.1510
2001-04-09,9.2770
2001-04-10,9.3388
2001-04-11,9.3401
2001-04-12,9.3429
2001-04-13,9.4218
2001-04-14,9.5615
2001-04-15,9.6820
2001-04-16,9.7438
2001-04-17,9.8396
2001-04-18,9.8408
2001-04-19,9.8162
2001-04-20,9.6672
2001-04-21,9.3961
2001-04-22,9.2634
2001-04-23,9.2094
2001-04-24,9.2295
2001-04-25,9.3178
2001-04-26,9.3672
2001-04-27,9.2790
2001-04-28,9.2961
2001-04-29,9.4433
2001-04-30,9.5993
2001-05-01,9.6715
2001-05-02,9.7599
2001-05-03,9.8238
2001-05-04,9.8150
2001-05-05,9.7629
2001-05-06,9.7521
2001-05-07,9.7661
2001-05-08,9.7459
2001-05-09,9.7929
2001-05-10,9.8084
2001-05-11,9.8231
2001-05-12,9.8696
2001-05-13,9.8739
2001-05-14,9.8569
2001-05-15,9.9223
2001-05-16,9.9767
2001-05-17,10.0760
2001-05-18,10.1536
2001-05-19,10.1620
2001-05-20,10.3273
2001-05-21,10.3544
2001-05-22,10.3846
2001-05-23,10.4524
2001-05-24,10.5461
2001-05-25,10.6115
2001-05-26,10.7187
2001-05-27,10.8519
2001-05-28,10.9389
2001-05-29,11.0967
2001-05-30,11.1576
2001-05-31,11.2529
2001-06-01,11.4110
2001-06-02,11.5358
2001-06-03,11.6862
2001-06-04,11.8772
2001-06-05,12.0001
2001-06-06,12.0868
2001-06-07,12.1019
2001-06-08,12.1289
2001-06-09,12.2449
2001-06-10,12.3479
2001-06-11,12.4459
2001-06-12,12.4804
2001-06-13,12.5248
2001-06-14,12.5900
2001-06-15,12.6020
2001-06-16,12.5786
2001-06-17,12.4683
2001-06-18,12.4029
2001-06-19,12.4098
2001-06-20,12.5027
2001-06-21,12.5746
2001-06-22,12.6001
2001-06-23,12.6023
2001-06-24,12.7085
2001-06-25,12.8992
2001-06-26,12.9874
2001-06-27,13.0302
2001-06-28,12.9904
2001-06-29,12.9753
2001-06-30,13.0026
2001-07-01,13.1055
2001-07-02,13.1564
2001-07-03,13.1698
2001-07-04,13.3344
2001-07-05,13.4302
2001-07-06,13.5080
2001-07-07,13.6294
2001-07-08,13.6042
2001-07-09,13.5086
2001-07-10,13.4696
2001-07-11,13.4896
2001-07-12,13.5385
2001-07-13,13.5568
2001-07-14,13.5714
2001-07-15,13.5990
2001-07-16,13.6424
2001-07-17,13.6917
2001-07-18,13.6654
2001-07-19,13.6587
2001-07-20,13.6913
2001-07-21,13.7994
2001-07-22,13.8369
2001-07-23,13.9198
2001-07-24,14.0025
2001-07-25,14.0683
2001-07-26,14.1288
2001-07-27,14.2068
2001-07-28,14.2963
2001-07-29,14.3702
2001-07-30,14.5058
2001-07-31,14.6149
2001-08-01,14.6639
2001-08-02,14.7034
2001-08-03,14.7282
2001-08-04,14.7252
2001-08-05,14.7555
2001-08-06,14.8144
2001-08-07,14.9102
2001-08-08,15.0536
2001-08-09,15.1204
2001-08-10,15.1491
2001-08-11,15.1037
2001-08-12,15.0053
2001-08-13,14.9337
2001-08-14,14.9530
2001-08-15,14.9776
2001-08-16,14.9553
2001-08-17,14.9633
2001-08-18,14.9451
2001-08-19,14.9151
2001-08-20,14.8012
2001-08-21,14.6680
2001-08-22,14.6192
2001-08-23,14.6396
2001-08-24,14.6570
2001-08-25,14.6128
2001-08-26,14.4838
2001-08-27,14.3443
2001-08-28,14.3368
2001-08-29,14.3697
2001-08-30,14.4471
2001-08-31,14.4891
2001-09-01,14.5520
2001-09-02,14.6188
2001-09-03,14.6993
2001-09-04,14.8231
2001-09-05,14.8821
2001-09-06,14.8779
2001-09-07,14.9023
2001-09-08,14.9786
2001-09-09,15.0290
2001-09-10,15.0508
2001-09-11,15.0769
2001-09-12,15.0954
2001-09-13,15.1240
2001-09-14,15.1298
2001-09-15,15.0758
2001-09-16,14.9797
2001-09-17,14.9472
2001-09-18,14.8737
2001-09-19,14.8294
2001-09-20,14.7133
2001-09-21,14.5801
2001-09-22,14.4208
2001-09-23,14.3249
2001-09-24,14.1952
2001-09-25,14.0677
2001-09-26,14.0282
2001-09-27,13.9988
2001-09-28,13.9564
2001-09-29,13.8083
2001-09-30,13.5635
2001-10-01,13.4473
2001-10-02,13.4187
2001-10-03,13.3992
2001-10-04,13.3567
2001-10-05,13.2769
2001-10-06,13.0988
2001-10-07,12.9760
2001-10-08,12.9403
2001-10-09,12.8912
2001-10-10,12.8532
2001-10-11,12.7844
2001-10-12,12.7620
2001-10-13,12.6707
2001-10-14,12.5327
2001-10-15,12.3976
2001-10-16,12.3447
2001-10-17,12.3024
2001-10-18,12.2804
2001-10-19,12.2227
2001-10-20,12.1568
2001-10-21,12.1244
2001-10-22,12.0849
2001-10-23,12.1000
2001-10-24,12.1091
2001-10-25,12.1196
2001-10-26,12.0823
2001-10-27,12.0668
2001-10-28,11.9831
2001-10-29,11.9010
2001-10-30,11.8771
2001-10-31,11.8318
2001-11-01,11.7238
2001-11-02,11.7039
2001-11-03,11.6575
2001-11-04,11.5904
2001-11-05,11.5912
2001-11-06,11.5938
2001-11-07,11.6077
2001-11-08,11.7017
2001-11-09,11.6852
2001-11-10,11.6529
2001-11-11,11.6747
2001-11-12,11.6591
2001-11-13,11.6331
2001-11-14,11.6740
2001-11-15,11.6758
2001-11-16,11.6558
2001-11-17,11.6230
2001-11-18,11.5408
2001-11-19,11.4453
2001-11-20,11.2996
2001-11-21,11.2963
2001-11-22,11.2242
2001-11-23,11.1496
2001-11-24,11.0741
2001-11-25,11.0993
2001-11-26,11.0648
2001-11-27,10.9738
2001-11-28,10.8680
2001-11-29,10.7733
2001-11-30,10.7298
2001-12-01,10.6677
2001-12-02,10.5958
2001-12-03,10.5627
2001-12-04,10.5838
2001-12-05,10.6032
2001-12-06,10.6826
2001-12-07,10.7225
2001-12-08,10.7422
2001-12-09,10.7321
2001-12-10,10.7000
2001-12-11,10.6928
2001-12-12,10.7842
2001-12-13,10.9186
2001-12-14,10.9250
2001-12-15,10.9020
2001-12-16,10.8311
2001-12-17,10.8068
2001-12-18,10.7634
2001-12-19,10.7357
2001-12-20,10.7406
2001-12-21,10.7456
2001-12-22,10.7344
2001-12-23,10.7443
2001-12-24,10.7042
2001-12-25,10.6396
2001-12-26,10.5420
2001-12-27,10.4666
2001-12-28,10.4409
2001-12-29,10.4210
2001-12-30,10.4422
2001-12-31,10.3869
2002-01-01,10.3790
2002-01-02,10.3095
2002-01-03,10.2407
2002-01-04,10.1798
2002-01-05,10.1393
2002-01-06,10.1046
2002-01-07,10.0956
2002-01-08,10.0926
2002-01-09,10.0717
2002-01-10,10.0785
2002-01-11,10.0560
2002-01-12,10.0287
2002-01-13,9.9916
2002-01-14,9.9619
2002-01-15,9.9518
2002-01-16,9.9038
2002-01-17,9.8545
2002-01-18,9.7919
2002-01-19,9.7554
2002-01-20,9.6622
2002-01-21,9.6440
2002-01-22,9.6171
2002-01-23,9.5786
2002-01-24,9.5506
2002-01-25,9.5183
2002-01-26,9.4984
2002-01-27,9.4758
2002-01-28,9.4309
2002-01-29,9.3661
2002-01-30,9.2923
2002-01-31,9.2000
2002-02-01,9.1177
2002-02-02,9.0429
2002-02-03,9.0263
2002-02-04,8.9971
2002-02-05,8.9911
2002-02-06,9.0077
2002-02-07,9.0202
2002-02-08,9.0278
2002-02-09,9.0381
2002-02-10,9.0492
2002-02-11,9.0795
2002-02-12,9.0576
2002-02-13,9.0040
2002-02-14,8.9713
2002-02-15,9.0139
2002-02-16,9.0578
2002-02-17,9.0572
2002-02-18,9.0526
2002-02-19,9.0764
2002-02-20,9.1285
2002-02-21,9.1544
2002-02-22,9.1479
2002-02-23,9.1374
2002-02-24,9.1265
2002-02-25,9.1326
2002-02-26,9.1372
2002-02-27,9.1490
2002-02-28,9.1483
2002-03-01,9.1256
2002-03-02,9.1300
2002-03-03,9.1335
2002-03-04,9.0942
2002-03-05,9.0728
2002-03-06,9.0582
2002-03-07,8.9665
2002-03-08,8.9149
2002-03-09,8.8190
2002-03-10,8.6315
2002-03-11,8.4857
2002-03-12,8.4619
2002-03-13,8.4803
2002-03-14,8.4657
2002-03-15,8.4830
2002-03-16,8.5096
2002-03-17,8.5408
2002-03-18,8.6120
2002-03-19,8.6781
2002-03-20,8.7089
2002-03-21,8.7439
2002-03-22,8.8217
2002-03-23,8.8060
2002-03-24,8.8044
2002-03-25,8.7939
2002-03-26,8.7711
2002-03-27,8.7198
2002-03-28,8.6966
2002-03-29,8.7245
2002-03-30,8.7067
2002-03-31,8.7209
2002-04-01,8.7290
2002-04-02,8.8022
2002-04-03,8.8172
2002-04-04,8.8262
2002-04-05,8.8743
2002-04-06,8.9902
2002-04-07,9.0350
2002-04-08,9.1154
2002-04-09,9.1778
2002-04-10,9.1719
2002-04-11,9.1140
2002-04-12,9.0359
2002-04-13,9.0293
2002-04-14,9.0461
2002-04-15,9.0165
2002-04-16,8.9964
2002-04-17,8.9903
2002-04-18,9.0058
2002-04-19,9.0728
2002-04-20,9.0813
2002-04-21,9.0813
2002-04-22,9.1186
2002-04-23,9.1478
2002-04-24,9.1643
2002-04-25,9.1700
2002-04-26,9.1968
2002-04-27,9.1354
2002-04-28,9.0610
2002-04-29,8.9913
2002-04-30,8.9925
2002-05-01,9.0180
2002-05-02,8.9945
2002-05-03,8.9692
2002-05-04,9.0399
2002-05-05,9.2316
2002-05-06,9.2676
2002-05-07,9.3839
2002-05-08,9.4999
2002-05-09,9.5476
2002-05-10,9.5860
2002-05-11,9.6566
2002-05-12,9.6683
2002-05-13,9.6736
2002-05-14,9.6297
2002-05-15,9.6500
2002-05-16,9.7474
2002-05-17,9.8266
2002-05-18,9.9230
2002-05-19,9.9972
2002-05-20,9.9960
2002-05-21,9.9793
2002-05-22,9.9437
2002-05-23,9.9509
2002-05-24,10.0074
2002-05-25,10.0370
2002-05-26,10.0323
2002-05-27,10.0015
2002-05-28,10.0621
2002-05-29,10.1760
2002-05-30,10.2093
2002-05-31,10.2351
2002-06-01,10.3082
2002-06-02,10.3449
2002-06-03,10.4659
2002-06-04,10.5410
2002-06-05,10.5508
2002-06-06,10.5483
2002-06-07,10.5729
2002-06-08,10.6074
2002-06-09,10.6403
2002-06-10,10.6716
2002-06-11,10.7255
2002-06-12,10.7749
2002-06-13,10.7783
2002-06-14,10.7803
2002-06-15,10.8666
2002-06-16,10.9309
2002-06-17,10.9607
2002-06-18,10.9771
2002-06-19,11.0128
2002-06-20,11.1155
2002-06-21,11.1856
2002-06-22,11.2963
2002-06-23,11.3624
2002-06-24,11.4530
2002-06-25,11.6056
2002-06-26,11.5874
2002-06-27,11.5749
2002-06-28,11.6251
2002-06-29,11.7291
2002-06-30,11.7458
2002-07-01,11.7838
2002-07-02,11.8642
2002-07-03,11.9618
2002-07-04,12.0687
2002-07-05,12.0887
2002-07-06,12.1276
2002-07-07,12.1033
2002-07-08,12.1305
2002-07-09,12.1876
2002-07-10,12.3122
2002-07-11,12.4259
2002-07-12,12.4578
2002-07-13,12.4701
2002-07-14,12.5130
2002-07-15,12.6592
2002-07-16,12.7282
2002-07-17,12.7426
2002-07-18,12.8292
2002-07-19,12.9267
2002-07-20,13.0446
2002-07-21,13.2014
2002-07-22,13.2687
2002-07-23,13.3623
2002-07-24,13.4007
2002-07-25,13.4625
2002-07-26,13.4305
2002-07-27,13.4693
2002-07-28,13.5645
2002-07-29,13.7164
2002-07-30,13.8398
2002-07-31,13.9985
2002-08-01,14.0799
2002-08-02,14.1384
2002-08-03,14.1745
2002-08-04,14.3128
2002-08-05,14.4359
2002-08-06,14.5387
2002-08-07,14.5930
2002-08-08,14.6112
2002-08-09,14.6910
2002-08-10,14.7258
2002-08-11,14.7262
2002-08-12,14.7631
2002-08-13,14.7567
2002-08-14,14.7286
2002-08-15,14.6789
2002-08-16,14.6907
2002-08-17,14.7336
2002-08-18,14.7669
2002-08-19,14.7770
2002-08-20,14.7723
2002-08-21,14.8065
2002-08-22,14.8027
2002-08-23,14.9115
2002-08-24,15.0033
2002-08-25,15.0675
2002-08-26,14.9926
2002-08-27,14.9694
2002-08-28,14.9548
2002-08-29,14.8576
2002-08-30,14.7378
2002-08-31,14.5697
2002-09-01,14.3741
2002-09-02,14.2999
2002-09-03,14.3179
2002-09-04,14.3307
2002-09-05,14.3577
2002-09-06,14.3649
2002-09-07,14.3052
2002-09-08,14.2530
2002-09-09,14.2316
2002-09-10,14.0540
2002-09-11,13.9808
2002-09-12,14.0813
2002-09-13,14.2356
2002-09-14,14.2565
2002-09-15,14.2186
2002-09-16,14.1606
2002-09-17,14.1541
2002-09-18,14.1362
2002-09-19,14.1200
2002-09-20,14.1709
2002-09-21,14.1432
2002-09-22,14.0734
2002-09-23,13.9871
2002-09-24,13.9268
2002-09-25,13.9137
2002-09-26,13.8825
2002-09-27,13.9132
2002-09-28,13.9031
2002-09-29,13.8620
2002-09-30,13.8116
2002-10-01,13.7579
2002-10-02,13.6792
2002-10-03,13.6117
2002-10-04,13.5438
2002-10-05,13.4876
2002-10-06,13.4214
2002-10-07,13.3687
2002-10-08,13.3080
2002-10-09,13.2061
2002-10-10,13.1070
2002-10-11,13.0062
2002-10-12,12.9265
2002-10-13,12.7917
2002-10-14,12.7289
2002-10-15,12.7157
2002-10-16,12.6926
2002-10-17,12.6499
2002-10-18,12.5960
2002-10-19,12.5190
2002-10-20,12.3864
2002-10-21,12.3083
2002-10-22,12.2785
2002-10-23,12.2221
2002-10-24,12.1326
2002-10-25,12.0403
2002-10-26,11.9705
2002-10-27,11.8806
2002-10-28,11.8202
2002-10-29,11.7673
2002-10-30,11.7541
2002-10-31,11.7260
2002-11-01,11.6669
2002-11-02,11.6530
2002-11-03,11.5710
2002-11-04,11.4655
2002-11-05,11.3905
2002-11-06,11.2904
2002-11-07,11.1935
2002-11-08,11.1787
2002-11-09,11.1279
2002-11-10,11.1285
2002-11-11,11.0235
2002-11-12,10.9255
2002-11-13,10.8727
2002-11-14,10.8154
2002-11-15,10.7799
2002-11-16,10.7622
2002-11-17,10.7099
2002-11-18,10.6979
2002-11-19,10.6604
2002-11-20,10.6095
2002-11-21,10.5985
2002-11-22,10.5980
2002-11-23,10.5675
2002-11-24,10.5844
2002-11-25,10.6100
2002-11-26,10.6029
2002-11-27,10.5571
2002-11-28,10.5362
2002-11-29,10.5160
2002-11-30,10.4323
2002-12-01,10.3936
2002-12-02,10.3467
2002-12-03,10.3262
2002-12-04,10.2810
2002-12-05,10.1759
2002-12-06,10.1465
2002-12-07,10.1157
2002-12-08,10.0879
2002-12-09,10.0417
2002-12-10,9.9132
2002-12-11,9.8103
2002-12-12,9.7689
2002-12-13,9.7647
2002-12-14,9.8165
2002-12-15,9.8155
2002-12-16,9.8172
2002-12-17,9.7786
2002-12-18,9.7344
2002-12-19,9.8248
2002-12-20,9.8284
2002-12-21,9.8155
2002-12-22,9.7577
2002-12-23,9.7968
2002-12-24,9.8569
2002-12-25,9.8557
2002-12-26,9.8679
2002-12-27,9.8718
2002-12-28,9.8627
2002-12-29,9.8041
2002-12-30,9.7767
2002-12-31,9.7580
2003-01-01,9.7550
2003-01-02,9.8040
2003-01-03,9.8014
2003-01-04,9.8084
2003-01-05,9.7659
2003-01-06,9.7327
2003-01-07,9.6801
2003-01-08,9.7249
2003-01-09,9.6934
2003-01-10,9.6825
2003-01-11,9.6836
2003-01-12,9.7688
2003-01-13,9.7797
2003-01-14,9.6240
2003-01-15,9.5473
2003-01-16,9.5129
2003-01-17,9.4751
2003-01-18,9.4209
2003-01-19,9.3066
2003-01-20,9.2905
2003-01-21,9.2822
2003-01-22,9.1959
2003-01-23,9.1713
2003-01-24,9.1334
2003-01-25,9.0868
2003-01-26,9.1177
2003-01-27,9.1085
2003-01-28,9.0909
2003-01-29,9.0729
2003-01-30,9.0955
2003-01-31,9.1398
2003-02-01,9.1356
2003-02-02,9.1194
2003-02-03,9.1720
2003-02-04,9.1800
2003-02-05,9.1235
2003-02-06,9.0522
2003-02-07,9.0275
2003-02-08,9.0110
2003-02-09,8.9961
2003-02-10,8.9662
2003-02-11,8.9215
2003-02-12,8.9116
2003-02-13,8.9416
2003-02-14,8.9386
2003-02-15,8.8906
2003-02-16,8.8419
2003-02-17,8.7842
2003-02-18,8.7140
2003-02-19,8.6429
2003-02-20,8.5535
2003-02-21,8.5098
2003-02-22,8.4558
2003-02-23,8.4178
2003-02-24,8.4047
2003-02-25,8.4313
2003-02-26,8.4458
2003-02-27,8.4110
2003-02-28,8.3816
2003-03-01,8.3134
2003-03-02,8.3198
2003-03-03,8.3075
2003-03-04,8.3282
2003-03-05,8.3579
2003-03-06,8.4369
2003-03-07,8.5257
2003-03-08,8.6187
2003-03-09,8.5825
2003-03-10,8.5175
2003-03-11,8.4438
2003-03-12,8.4309
2003-03-13,8.5163
2003-03-14,8.4623
2003-03-15,8.5233
2003-03-16,8.6184
2003-03-17,8.7412
2003-03-18,8.7950
2003-03-19,8.8085
2003-03-20,8.8031
2003-03-21,8.8083
2003-03-22,8.8168
2003-03-23,8.7761
2003-03-24,8.7936
2003-03-25,8.8483
2003-03-26,8.8734
2003-03-27,8.8299
2003-03-28,8.8649
2003-03-29,8.9144
2003-03-30,8.9696
2003-03-31,9.0684
2003-04-01,9.1688
2003-04-02,9.2143
2003-04-03,9.2622
2003-04-04,9.2687
2003-04-05,9.1723
2003-04-06,9.1301
2003-04-07,9.0935
2003-04-08,9.0411
2003-04-09,8.9803
2003-04-10,8.9130
2003-04-11,8.9267
2003-04-12,8.9508
2003-04-13,8.9369
2003-04-14,8.9633
2003-04-15,9.0390
2003-04-16,9.0353
2003-04-17,9.0836
2003-04-18,9.1577
2003-04-19,9.1767
2003-04-20,9.1932
2003-04-21,9.1948
2003-04-22,9.2109
2003-04-23,9.2391
2003-04-24,9.2358
2003-04-25,9.2174
2003-04-26,9.2127
2003-04-27,9.1884
2003-04-28,9.2047
2003-04-29,9.3684
2003-04-30,9.4225
2003-05-01,9.4461
2003-05-02,9.4451
2003-05-03,9.3991
2003-05-04,9.3902
2003-05-05,9.3842
2003-05-06,9.3697
2003-05-07,9.3503
2003-05-08,9.3667
2003-05-09,9.3610
2003-05-10,9.3365
2003-05-11,9.3145
2003-05-12,9.3859
2003-05-13,9.4489
2003-05-14,9.4746
2003-05-15,9.4942
2003-05-16,9.5002
2003-05-17,9.5857
2003-05-18,9.6580
2003-05-19,9.7264
2003-05-20,9.7672
2003-05-21,9.8208
2003-05-22,9.8598
2003-05-23,9.8839
2003-05-24,9.9080
2003-05-25,9.9553
2003-05-26,9.9901
2003-05-27,10.0236
2003-05-28,10.0948
2003-05-29,10.0778
2003-05-30,10.1114
2003-05-31,10.1273
2003-06-01,10.1344
2003-06-02,10.1367
2003-06-03,10.1940
2003-06-04,10.2222
2003-06-05,10.1921
2003-06-06,10.2182
2003-06-07,10.2697
2003-06-08,10.3388
2003-06-09,10.4087
2003-06-10,10.4506
2003-06-11,10.5036
2003-06-12,10.6592
2003-06-13,10.7720
2003-06-14,10.8326
2003-06-15,10.9026
2003-06-16,10.9596
2003-06-17,11.0130
2003-06-18,11.1208
2003-06-19,11.2329
2003-06-20,11.3207
2003-06-21,11.3590
2003-06-22,11.3835
2003-06-23,11.4283
2003-06-24,11.4621
2003-06-25,11.4674
2003-06-26,11.4697
2003-06-27,11.5494
2003-06-28,11.6456
2003-06-29,11.6855
2003-06-30,11.7840
2003-07-01,11.8816
2003-07-02,12.0163
2003-07-03,12.1734
2003-07-04,12.2782
2003-07-05,12.3648
2003-07-06,12.4377
2003-07-07,12.5628
2003-07-08,12.6522
2003-07-09,12.6724
2003-07-10,12.7235
2003-07-11,12.6429
2003-07-12,12.5437
2003-07-13,12.5505
2003-07-14,12.5720
2003-07-15,12.6337
2003-07-16,12.7372
2003-07-17,12.7640
2003-07-18,12.8993
2003-07-19,13.0770
2003-07-20,13.1304
2003-07-21,13.1498
2003-07-22,13.1823
2003-07-23,13.2286
2003-07-24,13.2782
2003-07-25,13.2837
2003-07-26,13.3150
2003-07-27,13.4107
2003-07-28,13.4418
2003-07-29,13.4373
2003-07-30,13.3411
2003-07-31,13.3560
2003-08-01,13.3946
2003-08-02,13.4397
2003-08-03,13.4566
2003-08-04,13.4944
2003-08-05,13.5531
2003-08-06,13.6119
2003-08-07,13.6193
2003-08-08,13.6234
2003-08-09,13.6504
2003-08-10,13.7306
2003-08-11,13.8641
2003-08-12,13.9223
2003-08-13,13.8940
2003-08-14,13.9395
2003-08-15,13.9529
2003-08-16,13.9848
2003-08-17,14.0287
2003-08-18,14.0738
2003-08-19,14.1697
2003-08-20,14.1213
2003-08-21,14.1564
2003-08-22,14.1522
2003-08-23,14.1066
2003-08-24,14.1734
2003-08-25,14.3079
2003-08-26,14.4106
2003-08-27,14.4735
2003-08-28,14.4872
2003-08-29,14.5649
2003-08-30,14.6451
2003-08-31,14.6864
2003-09-01,14.6704
2003-09-02,14.6059
2003-09-03,14.4480
2003-09-04,14.2888
2003-09-05,14.1698
2003-09-06,14.0904
2003-09-07,13.9871
2003-09-08,13.9187
2003-09-09,13.8762
2003-09-10,13.8746
2003-09-11,13.8477
2003-09-12,13.7684
2003-09-13,13.7124
2003-09-14,13.7136
2003-09-15,13.7218
2003-09-16,13.6635
2003-09-17,13.6556
2003-09-18,13.6783
2003-09-19,13.8004
2003-09-20,13.8342
2003-09-21,13.8747
2003-09-22,13.8627
2003-09-23,13.8031
2003-09-24,13.8094
2003-09-25,13.8272
2003-09-26,13.8343
2003-09-27,13.8213
2003-09-28,13.8024
2003-09-29,13.8019
2003-09-30,13.7619
2003-10-01,13.7192
2003-10-02,13.6879
2003-10-03,13.7065
2003-10-04,13.6968
2003-10-05,13.6619
2003-10-06,13.6571
2003-10-07,13.5980
2003-10-08,13.5106
2003-10-09,13.4496
2003-10-10,13.4048
2003-10-11,13.2925
2003-10-12,13.1863
2003-10-13,13.0985
2003-10-14,13.0778
2003-10-15,13.0497
2003-10-16,12.9384
2003-10-17,12.8653
2003-10-18,12.8602
2003-10-19,12.8682
2003-10-20,12.8579
2003-10-21,12.8925
2003-10-22,12.8970
2003-10-23,12.8730
2003-10-24,12.8080
2003-10-25,12.7900
2003-10-26,12.7330
2003-10-27,12.6743
2003-10-28,12.5801
2003-10-29,12.4295
2003-10-30,12.3168
2003-10-31,12.2417
2003-11-01,12.0977
2003-11-02,11.9741
2003-11-03,11.9262
2003-11-04,11.8726
2003-11-05,11.7956
2003-11-06,11.7051
2003-11-07,11.6541
2003-11-08,11.6336
2003-11-09,11.5668
2003-11-10,11.4575
2003-11-11,11.3336
2003-11-12,11.1881
2003-11-13,11.0635
2003-11-14,10.9937
2003-11-15,10.9918
2003-11-16,10.9970
2003-11-17,11.0067
2003-11-18,10.9857
2003-11-19,10.9297
2003-11-20,10.8256
2003-11-21,10.7834
2003-11-22,10.7628
2003-11-23,10.7460
2003-11-24,10.6695
2003-11-25,10.5423
2003-11-26,10.4865
2003-11-27,10.3793
2003-11-28,10.2921
2003-11-29,10.3213
2003-11-30,10.2955
2003-12-01,10.3008
2003-12-02,10.3048
2003-12-03,10.3067
2003-12-04,10.2904
2003-12-05,10.3069
2003-12-06,10.2977
2003-12-07,10.2648
2003-12-08,10.2562
2003-12-09,10.3584
2003-12-10,10.4195
2003-12-11,10.4304
2003-12-12,10.4190
2003-12-13,10.4325
2003-12-14,10.4358
2003-12-15,10.3900
2003-12-16,10.3369
2003-12-17,10.3013
2003-12-18,10.2631
2003-12-19,10.2672
2003-12-20,10.3226
2003-12-21,10.3474
2003-12-22,10.4006
2003-12-23,10.3683
2003-12-24,10.3248
2003-12-25,10.2559
2003-12-26,10.1452
2003-12-27,10.0731
2003-12-28,10.0275
2003-12-29,9.9432
2003-12-30,9.9849
2003-12-31,9.9888
2004-01-01,10.1015
2004-01-02,10.0621
2004-01-03,9.9816
2004-01-04,9.8891
2004-01-05,9.8615
2004-01-06,9.7737
2004-01-07,9.6963
2004-01-08,9.6264
2004-01-09,9.5682
2004-01-10,9.5040
2004-01-11,9.4507
2004-01-12,9.4648
2004-01-13,9.4885
2004-01-14,9.4699
2004-01-15,9.4390
2004-01-16,9.4131
2004-01-17,9.3683
2004-01-18,9.3755
2004-01-19,9.4192
2004-01-20,9.4614
2004-01-21,9.4481
2004-01-22,9.4467
2004-01-23,9.4270
2004-01-24,9.3488
2004-01-25,9.3179
2004-01-26,9.3411
2004-01-27,9.3122
2004-01-28,9.2867
2004-01-29,9.2877
2004-01-30,9.2538
2004-01-31,9.2182
2004-02-01,9.1765
2004-02-02,9.1881
2004-02-03,9.1952
2004-02-04,9.1806
2004-02-05,9.1852
2004-02-06,9.1772
2004-02-07,9.1183
2004-02-08,9.0661
2004-02-09,9.0330
2004-02-10,8.9956
2004-02-11,8.9770
2004-02-12,8.9684
2004-02-13,9.0267
2004-02-14,9.1153
2004-02-15,9.1063
2004-02-16,9.0954
2004-02-17,9.0450
2004-02-18,8.9288
2004-02-19,9.0095
2004-02-20,9.0458
2004-02-21,9.1655
2004-02-22,9.3071
2004-02-23,9.3899
2004-02-24,9.3858
2004-02-25,9.3771
2004-02-26,9.3337
2004-02-27,9.2556
2004-02-28,9.2025
2004-02-29,9.3000
2004-03-01,9.3252
2004-03-02,9.2962
2004-03-03,9.2354
2004-03-04,9.1621
2004-03-05,9.1263
2004-03-06,9.1333
2004-03-07,9.1249
2004-03-08,9.1020
2004-03-09,9.1227
2004-03-10,9.0667
2004-03-11,9.0549
2004-03-12,9.1028
2004-03-13,9.1002
2004-03-14,9.1018
2004-03-15,9.0871
2004-03-16,9.0689
2004-03-17,9.0692
2004-03-18,9.0806
2004-03-19,9.0907
2004-03-20,9.0848
2004-03-21,9.1161
2004-03-22,9.1072
2004-03-23,9.0657
2004-03-24,9.0790
2004-03-25,8.9795
2004-03-26,8.9116
2004-03-27,8.9243
2004-03-28,9.0136
2004-03-29,9.0042
2004-03-30,8.9449
2004-03-31,8.9469
2004-04-01,8.9538
2004-04-02,8.9739
2004-04-03,9.0225
2004-04-04,9.0602
2004-04-05,9.0187
2004-04-06,8.9629
2004-04-07,8.9257
2004-04-08,8.9359
2004-04-09,9.0439
2004-04-10,9.1651
2004-04-11,9.1608
2004-04-12,9.1411
2004-04-13,9.2138
2004-04-14,9.2857
2004-04-15,9.3441
2004-04-16,9.3222
2004-04-17,9.3178
2004-04-18,9.3274
2004-04-19,9.2828
2004-04-20,9.2777
2004-04-21,9.2942
2004-04-22,9.2569
2004-04-23,9.1806
2004-04-24,9.1729
2004-04-25,9.1529
2004-04-26,9.1615
2004-04-27,9.0932
2004-04-28,9.1030
2004-04-29,9.1329
2004-04-30,9.1061
2004-05-01,9.1738
2004-05-02,9.3533
2004-05-03,9.4551
2004-05-04,9.4088
2004-05-05,9.4647
2004-05-06,9.4254
2004-05-07,9.5282
2004-05-08,9.5540
2004-05-09,9.5457
2004-05-10,9.4831
2004-05-11,9.5122
2004-05-12,9.5915
2004-05-13,9.5977
2004-05-14,9.5676
2004-05-15,9.6267
2004-05-16,9.7292
2004-05-17,9.7923
2004-05-18,9.8847
2004-05-19,9.8796
2004-05-20,9.9222
2004-05-21,9.9292
2004-05-22,10.0107
2004-05-23,10.1366
2004-05-24,10.0752
2004-05-25,10.0805
2004-05-26,10.1014
2004-05-27,10.0343
2004-05-28,9.9273
2004-05-29,9.9528
2004-05-30,9.9179
2004-05-31,9.9994
2004-06-01,10.2664
2004-06-02,10.4743
2004-06-03,10.3816
2004-06-04,10.2943
2004-06-05,10.2735
2004-06-06,10.3930
2004-06-07,10.4890
2004-06-08,10.4782
2004-06-09,10.5075
2004-06-10,10.6956
2004-06-11,10.8304
2004-06-12,11.0290
2004-06-13,11.2855
2004-06-14,11.3764
2004-06-15,11.3876
2004-06-16,11.4435
2004-06-17,11.4724
2004-06-18,11.4216
2004-06-19,11.3381
2004-06-20,11.4965
2004-06-21,11.7455
2004-06-22,12.0290
2004-06-23,12.2002
2004-06-24,12.3054
2004-06-25,12.2253
2004-06-26,12.1262
2004-06-27,12.0426
2004-06-28,11.9671
2004-06-29,11.9229
2004-06-30,11.9352
2004-07-01,11.9834
2004-07-02,11.9965
2004-07-03,12.0255
2004-07-04,12.0539
2004-07-05,12.1425
2004-07-06,12.3005
2004-07-07,12.3926
2004-07-08,12.3519
2004-07-09,12.3260
2004-07-10,12.5102
2004-07-11,12.6201
2004-07-12,12.6048
2004-07-13,12.7539
2004-07-14,12.6647
2004-07-15,12.6975
2004-07-16,12.7166
2004-07-17,12.7918
2004-07-18,12.6982
2004-07-19,12.7121
2004-07-20,12.8643
2004-07-21,12.9717
2004-07-22,12.9647
2004-07-23,13.0620
2004-07-24,13.3980
2004-07-25,13.5195
2004-07-26,13.4526
2004-07-27,13.3995
2004-07-28,13.5770
2004-07-29,13.6616
2004-07-30,13.6643
2004-07-31,13.6067
2004-08-01,13.5910
2004-08-02,13.6915
2004-08-03,13.7957
2004-08-04,13.8183
2004-08-05,13.7119
2004-08-06,13.6610
2004-08-07,13.7272
2004-08-08,13.8533
2004-08-09,13.8260
2004-08-10,13.7198
2004-08-11,13.6859
2004-08-12,13.7339
2004-08-13,13.7394
2004-08-14,13.7110
2004-08-15,13.7879
2004-08-16,14.0748
2004-08-17,14.1765
2004-08-18,14.1954
2004-08-19,14.2066
2004-08-20,14.2232
2004-08-21,14.1648
2004-08-22,14.2111
2004-08-23,14.1244
2004-08-24,14.0457
2004-08-25,13.9805
2004-08-26,13.9722
2004-08-27,13.9266
2004-08-28,13.9866
2004-08-29,14.1076
2004-08-30,14.2034
2004-08-31,14.1432
2004-09-01,14.0853
2004-09-02,13.9774
2004-09-03,14.0211
2004-09-04,14.0741
2004-09-05,14.0816
2004-09-06,13.9825
2004-09-07,13.8822
2004-09-08,13.9217
2004-09-09,13.9712
2004-09-10,14.0004
2004-09-11,13.9693
2004-09-12,13.8480
2004-09-13,13.7261
2004-09-14,13.5785
2004-09-15,13.5042
2004-09-16,13.4858
2004-09-17,13.4539
2004-09-18,13.4405
2004-09-19,13.4112
2004-09-20,13.4759
2004-09-21,13.5904
2004-09-22,13.6410
2004-09-23,13.6604
2004-09-24,13.6725
2004-09-25,13.5472
2004-09-26,13.4356
2004-09-27,13.3264
2004-09-28,13.2709
2004-09-29,13.2139
2004-09-30,13.1681
2004-10-01,13.1315
2004-10-02,13.0451
2004-10-03,13.0117
2004-10-04,12.9458
2004-10-05,12.8774
2004-10-06,12.7364
2004-10-07,12.6936
2004-10-08,12.7274
2004-10-09,12.7441
2004-10-10,12.6424
2004-10-11,12.5612
2004-10-12,12.5021
2004-10-13,12.5201
2004-10-14,12.5702
2004-10-15,12.5761
2004-10-16,12.5229
2004-10-17,12.4914
2004-10-18,12.5144
2004-10-19,12.5100
2004-10-20,12.4686
2004-10-21,12.4174
2004-10-22,12.3949
2004-10-23,12.3892
2004-10-24,12.3455
2004-10-25,12.3234
2004-10-26,12.2604
2004-10-27,12.2330
2004-10-28,12.1957
2004-10-29,12.1482
2004-10-30,11.9606
2004-10-31,11.8165
2004-11-01,11.7025
2004-11-02,11.6765
2004-11-03,11.6840
2004-11-04,11.7951
2004-11-05,11.8087
2004-11-06,11.7217
2004-11-07,11.7434
2004-11-08,11.7788
2004-11-09,11.7498
2004-11-10,11.6051
2004-11-11,11.5148
2004-11-12,11.5146
2004-11-13,11.4648
2004-11-14,11.4038
2004-11-15,11.4100
2004-11-16,11.3761
2004-11-17,11.3103
2004-11-18,11.2870
2004-11-19,11.3083
2004-11-20,11.4526
2004-11-21,11.4449
2004-11-22,11.4108
2004-11-23,11.5192
2004-11-24,11.5314
2004-11-25,11.4952
2004-11-26,11.4219
2004-11-27,11.2904
2004-11-28,11.1704
2004-11-29,11.1553
2004-11-30,11.1291
2004-12-01,11.0737
2004-12-02,11.0212
2004-12-03,11.0643
2004-12-04,11.0405
2004-12-05,11.0027
2004-12-06,10.9712
2004-12-07,10.9490
2004-12-08,10.9376
2004-12-09,10.8953
2004-12-10,10.8425
2004-12-11,10.7758
2004-12-12,10.7509
2004-12-13,10.7255
2004-12-14,10.7435
2004-12-15,10.7449
2004-12-16,10.7033
2004-12-17,10.6469
2004-12-18,10.6866
2004-12-19,10.6628
2004-12-20,10.6076
2004-12-21,10.5060
2004-12-22,10.4681
2004-12-23,10.4719
2004-12-24,10.3972
2004-12-25,10.3099
2004-12-26,10.2544
2004-12-27,10.2194
2004-12-28,10.2114
2004-12-29,10.2181
2004-12-30,10.1819
2004-12-31,10.1072
2005-01-01,10.0888
2005-01-02,9.9712
2005-01-03,9.8941
2005-01-04,9.8496
2005-01-05,9.8029
2005-01-06,9.7105
2005-01-07,9.6575
2005-01-08,9.6651
2005-01-09,9.6909
2005-01-10,9.7249
2005-01-11,9.7222
2005-01-12,9.7965
2005-01-13,9.8564
2005-01-14,9.7775
2005-01-15,9.6773
2005-01-16,9.5913
2005-01-17,9.5167
2005-01-18,9.4552
2005-01-19,9.4082
2005-01-20,9.2536
2005-01-21,9.2391
2005-01-22,9.2778
2005-01-23,9.3049
2005-01-24,9.3129
2005-01-25,9.2815
2005-01-26,9.2713
2005-01-27,9.1545
2005-01-28,9.1766
2005-01-29,9.1948
2005-01-30,9.2926
2005-01-31,9.4297
2005-02-01,9.4507
2005-02-02,9.4512
2005-02-03,9.4398
2005-02-04,9.4170
2005-02-05,9.3784
2005-02-06,9.3053
2005-02-07,9.2793
2005-02-08,9.3024
2005-02-09,9.3143
2005-02-10,9.3191
2005-02-11,9.2354
2005-02-12,9.2753
2005-02-13,9.3431
2005-02-14,9.3118
2005-02-15,9.3833
2005-02-16,9.3922
2005-02-17,9.3975
2005-02-18,9.4498
2005-02-19,9.4642
2005-02-20,9.3949
2005-02-21,9.2834
2005-02-22,9.2748
2005-02-23,9.3048
2005-02-24,9.4007
2005-02-25,9.4044
2005-02-26,9.4190
2005-02-27,9.4509
2005-02-28,9.4426
2005-03-01,9.5192
2005-03-02,9.5168
2005-03-03,9.5730
2005-03-04,9.6459
2005-03-05,9.6461
2005-03-06,9.6519
2005-03-07,9.6762
2005-03-08,9.8023
2005-03-09,9.8819
2005-03-10,9.8497
2005-03-11,9.7859
2005-03-12,9.7498
2005-03-13,9.8508
2005-03-14,9.9312
2005-03-15,9.9408
2005-03-16,9.9481
2005-03-17,9.8975
2005-03-18,9.8186
2005-03-19,9.7893
2005-03-20,9.8370
2005-03-21,9.8264
2005-03-22,9.8164
2005-03-23,9.8571
2005-03-24,9.8285
2005-03-25,9.7900
2005-03-26,9.7330
2005-03-27,9.7335
2005-03-28,9.7906
2005-03-29,9.7620
2005-03-30,9.6722
2005-03-31,9.6008
2005-04-01,9.6247
2005-04-02,9.6290
2005-04-03,9.6488
2005-04-04,9.7126
2005-04-05,9.7464
2005-04-06,9.7695
2005-04-07,9.8112
2005-04-08,9.7777
2005-04-09,9.8191
2005-04-10,9.8374
2005-04-11,9.7940
2005-04-12,9.7961
2005-04-13,9.7850
2005-04-14,9.7390
2005-04-15,9.7232
2005-04-16,9.6982
2005-04-17,9.6947
2005-04-18,9.6745
2005-04-19,9.7214
2005-04-20,9.7772
2005-04-21,9.7938
2005-04-22,9.7946
2005-04-23,9.8266
2005-04-24,9.7927
2005-04-25,9.7810
2005-04-26,9.7889
2005-04-27,9.8173
2005-04-28,9.8522
2005-04-29,9.9061
2005-04-30,9.9038
2005-05-01,9.8860
2005-05-02,9.9282
2005-05-03,9.9704
2005-05-04,10.0858
2005-05-05,10.1215
2005-05-06,10.1926
2005-05-07,10.2839
2005-05-08,10.2927
2005-05-09,10.3717
2005-05-10,10.5091
2005-05-11,10.5688
2005-05-12,10.6839
2005-05-13,10.8439
2005-05-14,10.8765
2005-05-15,10.9086
2005-05-16,10.8085
2005-05-17,10.8628
2005-05-18,11.0078
2005-05-19,11.0597
2005-05-20,10.9547
2005-05-21,10.8270
2005-05-22,10.7502
2005-05-23,10.7490
2005-05-24,10.8009
2005-05-25,10.8997
2005-05-26,10.9834
2005-05-27,11.1226
2005-05-28,11.2848
2005-05-29,11.4308
2005-05-30,11.3857
2005-05-31,11.2886
2005-06-01,11.2357
2005-06-02,11.3708
2005-06-03,11.5849
2005-06-04,11.6087
2005-06-05,11.5393
2005-06-06,11.5995
2005-06-07,11.5543
2005-06-08,11.5661
2005-06-09,11.6468
2005-06-10,11.6073
2005-06-11,11.6285
2005-06-12,11.7105
2005-06-13,11.7995
2005-06-14,11.9088
2005-06-15,12.0803
2005-06-16,12.1847
2005-06-17,12.1616
2005-06-18,12.2183
2005-06-19,12.3424
2005-06-20,12.3753
2005-06-21,12.3590
2005-06-22,12.3372
2005-06-23,12.4700
2005-06-24,12.6518
2005-06-25,12.6957
2005-06-26,12.6588
2005-06-27,12.7844
2005-06-28,12.8388
2005-06-29,12.8702
2005-06-30,12.8031
2005-07-01,12.7274
2005-07-02,12.8433
2005-07-03,12.9787
2005-07-04,13.0201
2005-07-05,13.0482
2005-07-06,13.2292
2005-07-07,13.3403
2005-07-08,13.4016
2005-07-09,13.4903
2005-07-10,13.6177
2005-07-11,13.7081
2005-07-12,13.9083
2005-07-13,14.0905
2005-07-14,14.0010
2005-07-15,14.0347
2005-07-16,14.1024
2005-07-17,14.2276
2005-07-18,14.4079
2005-07-19,14.6015
2005-07-20,14.6972
2005-07-21,14.7451
2005-07-22,14.7302
2005-07-23,14.7730
2005-07-24,14.9071
2005-07-25,15.0624
2005-07-26,15.2075
2005-07-27,15.3250
2005-07-28,15.4723
2005-07-29,15.3722
2005-07-30,15.3949
2005-07-31,15.3470
2005-08-01,15.1141
2005-08-02,15.1280
2005-08-03,15.1745
2005-08-04,15.2317
2005-08-05,15.2359
2005-08-06,15.3006
2005-08-07,15.4083
2005-08-08,15.5290
2005-08-09,15.6236
2005-08-10,15.5977
2005-08-11,15.4914
2005-08-12,15.4573
2005-08-13,15.5876
2005-08-14,15.6532
2005-08-15,15.7006
2005-08-16,15.6336
2005-08-17,15.5380
2005-08-18,15.4472
2005-08-19,15.3177
2005-08-20,15.2627
2005-08-21,15.2440
2005-08-22,15.1810
2005-08-23,14.9935
2005-08-24,14.9034
2005-08-25,14.9443
2005-08-26,14.9684
2005-08-27,14.9883
2005-08-28,15.0589
2005-08-29,15.1282
2005-08-30,15.2180
2005-08-31,15.1751
2005-09-01,15.0971
2005-09-02,15.1037
2005-09-03,15.2401
2005-09-04,15.1865
2005-09-05,14.9594
2005-09-06,14.9702
2005-09-07,15.1184
2005-09-08,15.2245
2005-09-09,15.2486
2005-09-10,15.2085
2005-09-11,15.1724
2005-09-12,15.1203
2005-09-13,15.0832
2005-09-14,15.0813
2005-09-15,15.1559
2005-09-16,15.2243
2005-09-17,15.1308
2005-09-18,15.0023
2005-09-19,14.8328
2005-09-20,14.6775
2005-09-21,14.6815
2005-09-22,14.7379
2005-09-23,14.7077
2005-09-24,14.5797
2005-09-25,14.3685
2005-09-26,14.1657
2005-09-27,14.0735
2005-09-28,13.9964
2005-09-29,13.8893
2005-09-30,13.7834
2005-10-01,13.7227
2005-10-02,13.6633
2005-10-03,13.5655
2005-10-04,13.4859
2005-10-05,13.4368
2005-10-06,13.3685
2005-10-07,13.2941
2005-10-08,13.2281
2005-10-09,13.1096
2005-10-10,13.0362
2005-10-11,13.0138
2005-10-12,12.9315
2005-10-13,12.7945
2005-10-14,12.7011
2005-10-15,12.6647
2005-10-16,12.5316
2005-10-17,12.4466
2005-10-18,12.3094
2005-10-19,12.2507
2005-10-20,12.3331
2005-10-21,12.5250
2005-10-22,12.6431
2005-10-23,12.6241
2005-10-24,12.5699
2005-10-25,12.4895
2005-10-26,12.3713
2005-10-27,12.2287
2005-10-28,12.1249
2005-10-29,11.9706
2005-10-30,11.8502
2005-10-31,11.7459
2005-11-01,11.6471
2005-11-02,11.5276
2005-11-03,11.5077
2005-11-04,11.4396
2005-11-05,11.4017
2005-11-06,11.3354
2005-11-07,11.2637
2005-11-08,11.2330
2005-11-09,11.1964
2005-11-10,11.1653
2005-11-11,11.1461
2005-11-12,11.1172
2005-11-13,11.0316
2005-11-14,11.0358
2005-11-15,11.2357
2005-11-16,11.2749
2005-11-17,11.1893
2005-11-18,11.1221
2005-11-19,11.0946
2005-11-20,11.0322
2005-11-21,10.9864
2005-11-22,10.9065
2005-11-23,10.8717
2005-11-24,10.8993
2005-11-25,11.0677
2005-11-26,11.1627
2005-11-27,11.1317
2005-11-28,11.0765
2005-11-29,11.0900
2005-11-30,11.2091
2005-12-01,11.1536
2005-12-02,11.1192
2005-12-03,11.0801
2005-12-04,11.0699
2005-12-05,10.9951
2005-12-06,10.9406
2005-12-07,10.8829
2005-12-08,10.7652
2005-12-09,10.7251
2005-12-10,10.8214
2005-12-11,10.8167
2005-12-12,10.6695
2005-12-13,10.6138
2005-12-14,10.6603
2005-12-15,10.7043
2005-12-16,10.7373
2005-12-17,10.8074
2005-12-18,10.8108
2005-12-19,10.7242
2005-12-20,10.6285
2005-12-21,10.5833
2005-12-22,10.5558
2005-12-23,10.5587
2005-12-24,10.5571
2005-12-25,10.4983
2005-12-26,10.4892
2005-12-27,10.4444
2005-12-28,10.4238
2005-12-29,10.4117
2005-12-30,10.4064
2005-12-31,10.3319
2006-01-01,10.2223
2006-01-02,10.1300
2006-01-03,10.1320
2006-01-04,10.2198
2006-01-05,10.3281
2006-01-06,10.3426
2006-01-07,10.3171
2006-01-08,10.2860
2006-01-09,10.2552
2006-01-10,10.1991
2006-01-11,10.1679
2006-01-12,10.0492
2006-01-13,9.9314
2006-01-14,9.7791
2006-01-15,9.6801
2006-01-16,9.7522
2006-01-17,9.8081
2006-01-18,9.8117
2006-01-19,9.7983
2006-01-20,9.7681
2006-01-21,9.7783
2006-01-22,9.8400
2006-01-23,9.8593
2006-01-24,9.8466
2006-01-25,9.7873
2006-01-26,9.8066
2006-01-27,9.8471
2006-01-28,9.8280
2006-01-29,9.8292
2006-01-30,9.7674
2006-01-31,9.6997
2006-02-01,9.6387
2006-02-02,9.6201
2006-02-03,9.6674
2006-02-04,9.6302
2006-02-05,9.5837
2006-02-06,9.6657
2006-02-07,9.6740
2006-02-08,9.6614
2006-02-09,9.6878
2006-02-10,9.6826
2006-02-11,9.6395
2006-02-12,9.5804
2006-02-13,9.5768
2006-02-14,9.5915
2006-02-15,9.6181
2006-02-16,9.5834
2006-02-17,9.5156
2006-02-18,9.4445
2006-02-19,9.3642
2006-02-20,9.3341
2006-02-21,9.2672
2006-02-22,9.3281
2006-02-23,9.3406
2006-02-24,9.3583
2006-02-25,9.3674
2006-02-26,9.3886
2006-02-27,9.3600
2006-02-28,9.3431
2006-03-01,9.3750
2006-03-02,9.4277
2006-03-03,9.4064
2006-03-04,9.3565
2006-03-05,9.3499
2006-03-06,9.3124
2006-03-07,9.3657
2006-03-08,9.3428
2006-03-09,9.3244
2006-03-10,9.3604
2006-03-11,9.4133
2006-03-12,9.4867
2006-03-13,9.4420
2006-03-14,9.3724
2006-03-15,9.3116
2006-03-16,9.2981
2006-03-17,9.4557
2006-03-18,9.5340
2006-03-19,9.5293
2006-03-20,9.7011
2006-03-21,9.7805
2006-03-22,9.8335
2006-03-23,9.8680
2006-03-24,9.9135
2006-03-25,9.9204
2006-03-26,9.9602
2006-03-27,9.9576
2006-03-28,9.9520
2006-03-29,9.9899
2006-03-30,9.9579
2006-03-31,9.8994
2006-04-01,9.8371
2006-04-02,9.7946
2006-04-03,9.7189
2006-04-04,9.7326
2006-04-05,9.7918
2006-04-06,9.7908
2006-04-07,9.7314
2006-04-08,9.6952
2006-04-09,9.7513
2006-04-10,9.8067
2006-04-11,9.8026
2006-04-12,9.7694
2006-04-13,9.8223
2006-04-14,9.9368
2006-04-15,10.0377
2006-04-16,10.1104
2006-04-17,10.1446
2006-04-18,10.0930
2006-04-19,10.1925
2006-04-20,10.2342
2006-04-21,10.1995
2006-04-22,10.1384
2006-04-23,10.0797
2006-04-24,9.9919
2006-04-25,10.1073
2006-04-26,10.2746
2006-04-27,10.3101
2006-04-28,10.2586
2006-04-29,10.2416
2006-04-30,10.2103
2006-05-01,10.2991
2006-05-02,10.2715
2006-05-03,10.2408
2006-05-04,10.2225
2006-05-05,10.2149
2006-05-06,10.2581
2006-05-07,10.3733
2006-05-08,10.4104
2006-05-09,10.4181
2006-05-10,10.4174
2006-05-11,10.4538
2006-05-12,10.5862
2006-05-13,10.8642
2006-05-14,10.9765
2006-05-15,11.0710
2006-05-16,11.0935
2006-05-17,11.0661
2006-05-18,11.0110
2006-05-19,10.9604
2006-05-20,10.9370
2006-05-21,10.9362
2006-05-22,10.9610
2006-05-23,10.9631
2006-05-24,10.8764
2006-05-25,10.8848
2006-05-26,10.9689
2006-05-27,11.0385
2006-05-28,11.0430
2006-05-29,11.0190
2006-05-30,11.0404
2006-05-31,11.1492
2006-06-01,11.2304
2006-06-02,11.3815
2006-06-03,11.4668
2006-06-04,11.6206
2006-06-05,11.7491
2006-06-06,11.7972
2006-06-07,11.7917
2006-06-08,11.8435
2006-06-09,11.8841
2006-06-10,11.9737
2006-06-11,12.0606
2006-06-12,12.1370
2006-06-13,12.0687
2006-06-14,12.0535
2006-06-15,12.2227
2006-06-16,12.3195
2006-06-17,12.2916
2006-06-18,12.3181
2006-06-19,12.2731
2006-06-20,12.2532
2006-06-21,12.2894
2006-06-22,12.1971
2006-06-23,12.1638
2006-06-24,12.2046
2006-06-25,12.4221
2006-06-26,12.4956
2006-06-27,12.4429
2006-06-28,12.5276
2006-06-29,12.5674
2006-06-30,12.4009
2006-07-01,12.6019
2006-07-02,12.8908
2006-07-03,12.9450
2006-07-04,12.9700
2006-07-05,13.1614
2006-07-06,13.2775
2006-07-07,13.3536
2006-07-08,13.4540
2006-07-09,13.5533
2006-07-10,13.6337
2006-07-11,13.6663
2006-07-12,13.6244
2006-07-13,13.6124
2006-07-14,13.5260
2006-07-15,13.6736
2006-07-16,13.7647
2006-07-17,13.8199
2006-07-18,13.9155
2006-07-19,13.9766
2006-07-20,14.0260
2006-07-21,14.1961
2006-07-22,14.4013
2006-07-23,14.5679
2006-07-24,14.6299
2006-07-25,14.5583
2006-07-26,14.4096
2006-07-27,14.2777
2006-07-28,14.1650
2006-07-29,14.0090
2006-07-30,14.0612
2006-07-31,14.2213
2006-08-01,14.4707
2006-08-02,14.5825
2006-08-03,14.5910
2006-08-04,14.5535
2006-08-05,14.5777
2006-08-06,14.8236
2006-08-07,14.9133
2006-08-08,14.9783
2006-08-09,15.1394
2006-08-10,15.4026
2006-08-11,15.5519
2006-08-12,15.5032
2006-08-13,15.6488
2006-08-14,15.9408
2006-08-15,16.2524
2006-08-16,16.1804
2006-08-17,16.0841
2006-08-18,15.8925
2006-08-19,15.8810
2006-08-20,15.8680
2006-08-21,15.9981
2006-08-22,16.1047
2006-08-23,16.1007
2006-08-24,16.0882
2006-08-25,16.1010
2006-08-26,16.1379
2006-08-27,16.1394
2006-08-28,16.1014
2006-08-29,15.9962
2006-08-30,15.7662
2006-08-31,15.6147
2006-09-01,15.5141
2006-09-02,15.4023
2006-09-03,15.4312
2006-09-04,15.4964
2006-09-05,15.5109
2006-09-06,15.5148
2006-09-07,15.4635
2006-09-08,15.4829
2006-09-09,15.4833
2006-09-10,15.4984
2006-09-11,15.4187
2006-09-12,15.2426
2006-09-13,15.1359
2006-09-14,15.0261
2006-09-15,14.8940
2006-09-16,14.8261
2006-09-17,14.8224
2006-09-18,14.8051
2006-09-19,14.6856
2006-09-20,14.5021
2006-09-21,14.3907
2006-09-22,14.3102
2006-09-23,14.0770
2006-09-24,13.9692
2006-09-25,13.8685
2006-09-26,13.8029
2006-09-27,13.7358
2006-09-28,13.7685
2006-09-29,13.8003
2006-09-30,13.7895
2006-10-01,13.7961
2006-10-02,13.7968
2006-10-03,13.7502
2006-10-04,13.7584
2006-10-05,13.7019
2006-10-06,13.6101
2006-10-07,13.5189
2006-10-08,13.3973
2006-10-09,13.2639
2006-10-10,13.1744
2006-10-11,13.1007
2006-10-12,13.0546
2006-10-13,13.0085
2006-10-14,12.9282
2006-10-15,12.8568
2006-10-16,12.8446
2006-10-17,12.8801
2006-10-18,12.9008
2006-10-19,12.8887
2006-10-20,12.8999
2006-10-21,12.8808
2006-10-22,12.8063
2006-10-23,12.7586
2006-10-24,12.7052
2006-10-25,12.6497
2006-10-26,12.5772
2006-10-27,12.4713
2006-10-28,12.3807
2006-10-29,12.3487
2006-10-30,12.4011
2006-10-31,12.4674
2006-11-01,12.5092
2006-11-02,12.5327
2006-11-03,12.5307
2006-11-04,12.4644
2006-11-05,12.3769
2006-11-06,12.3678
2006-11-07,12.2996
2006-11-08,12.2271
2006-11-09,12.1890
2006-11-10,12.1359
2006-11-11,11.9816
2006-11-12,11.9104
2006-11-13,11.8832
2006-11-14,11.8416
2006-11-15,11.8182
2006-11-16,11.8305
2006-11-17,11.7861
2006-11-18,11.6707
2006-11-19,11.6388
2006-11-20,11.5775
2006-11-21,11.5861
2006-11-22,11.5865
2006-11-23,11.5204
2006-11-24,11.4759
2006-11-25,11.4275
2006-11-26,11.3245
2006-11-27,11.2340
2006-11-28,11.1997
2006-11-29,11.1578
2006-11-30,11.0958
2006-12-01,11.0308
2006-12-02,10.9286
2006-12-03,10.8426
2006-12-04,10.7299
2006-12-05,10.6086
2006-12-06,10.4785
2006-12-07,10.3798
2006-12-08,10.3526
2006-12-09,10.3226
2006-12-10,10.3396
2006-12-11,10.3818
2006-12-12,10.4140
2006-12-13,10.4102
2006-12-14,10.4083
2006-12-15,10.4309
2006-12-16,10.3694
2006-12-17,10.2563
2006-12-18,10.1359
2006-12-19,10.2081
2006-12-20,10.2981
2006-12-21,10.2847
2006-12-22,10.2805
2006-12-23,10.2529
2006-12-24,10.2716
2006-12-25,10.2691
2006-12-26,10.3280
2006-12-27,10.3627
2006-12-28,10.3516
2006-12-29,10.3610
2006-12-30,10.3585
2006-12-31,10.3074
2007-01-01,10.1198
2007-01-02,10.0688
2007-01-03,10.0929
2007-01-04,10.0916
2007-01-05,10.0280
2007-01-06,9.9996
2007-01-07,9.9808
2007-01-08,9.9778
2007-01-09,9.9215
2007-01-10,9.8141
2007-01-11,9.7520
2007-01-12,9.8052
2007-01-13,9.8080
2007-01-14,9.7736
2007-01-15,9.7528
2007-01-16,9.6959
2007-01-17,9.6171
2007-01-18,9.5639
2007-01-19,9.5343
2007-01-20,9.4912
2007-01-21,9.4421
2007-01-22,9.5849
2007-01-23,9.6689
2007-01-24,9.7131
2007-01-25,9.6831
2007-01-26,9.6724
2007-01-27,9.6502
2007-01-28,9.6970
2007-01-29,9.6918
2007-01-30,9.5858
2007-01-31,9.5582
2007-02-01,9.5861
2007-02-02,9.6022
2007-02-03,9.5341
2007-02-04,9.4791
2007-02-05,9.4766
2007-02-06,9.4647
2007-02-07,9.4147
2007-02-08,9.3508
2007-02-09,9.2736
2007-02-10,9.2869
2007-02-11,9.3478
2007-02-12,9.3665
2007-02-13,9.3601
2007-02-14,9.3542
2007-02-15,9.3286
2007-02-16,9.4163
2007-02-17,9.4384
2007-02-18,9.4497
2007-02-19,9.4311
2007-02-20,9.3996
2007-02-21,9.3604
2007-02-22,9.3160
2007-02-23,9.3038
2007-02-24,9.3646
2007-02-25,9.3401
2007-02-26,9.2767
2007-02-27,9.2330
2007-02-28,9.2139
2007-03-01,9.1691
2007-03-02,9.1435
2007-03-03,9.1053
2007-03-04,9.0418
2007-03-05,8.9657
2007-03-06,8.9701
2007-03-07,8.9640
2007-03-08,8.9246
2007-03-09,8.8563
2007-03-10,8.8594
2007-03-11,8.8483
2007-03-12,8.8114
2007-03-13,8.8217
2007-03-14,8.9476
2007-03-15,9.0104
2007-03-16,8.9880
2007-03-17,8.9156
2007-03-18,8.8864
2007-03-19,8.9305
2007-03-20,8.9658
2007-03-21,9.0156
2007-03-22,9.0681
2007-03-23,9.0248
2007-03-24,8.9696
2007-03-25,8.8983
2007-03-26,8.8566
2007-03-27,8.9345
2007-03-28,9.1243
2007-03-29,9.2007
2007-03-30,9.1866
2007-03-31,9.2318
2007-04-01,9.3387
2007-04-02,9.3644
2007-04-03,9.3051
2007-04-04,9.3412
2007-04-05,9.3314
2007-04-06,9.2681
2007-04-07,9.2050
2007-04-08,9.2200
2007-04-09,9.2850
2007-04-10,9.3556
2007-04-11,9.4095
2007-04-12,9.2861
2007-04-13,9.2520
2007-04-14,9.2904
2007-04-15,9.3690
2007-04-16,9.4393
2007-04-17,9.5350
2007-04-18,9.6089
2007-04-19,9.5993
2007-04-20,9.6248
2007-04-21,9.6537
2007-04-22,9.6230
2007-04-23,9.6198
2007-04-24,9.6345
2007-04-25,9.6060
2007-04-26,9.6239
2007-04-27,9.7106
2007-04-28,9.7791
2007-04-29,9.8204
2007-04-30,9.8795
2007-05-01,9.9227
2007-05-02,9.8910
2007-05-03,9.9243
2007-05-04,9.9257
2007-05-05,9.8823
2007-05-06,9.8630
2007-05-07,9.8698
2007-05-08,9.9298
2007-05-09,10.0366
2007-05-10,10.1087
2007-05-11,10.1811
2007-05-12,10.2295
2007-05-13,10.2425
2007-05-14,10.2892
2007-05-15,10.3805
2007-05-16,10.2995
2007-05-17,10.1895
2007-05-18,10.1530
2007-05-19,10.1477
2007-05-20,10.1277
2007-05-21,10.1509
2007-05-22,10.1713
2007-05-23,10.1923
2007-05-24,10.2529
2007-05-25,10.3479
2007-05-26,10.4387
2007-05-27,10.4694
2007-05-28,10.4641
2007-05-29,10.4371
2007-05-30,10.4262
2007-05-31,10.4025
2007-06-01,10.4654
2007-06-02,10.5245
2007-06-03,10.5867
2007-06-04,10.6101
2007-06-05,10.6275
2007-06-06,10.6515
2007-06-07,10.7433
2007-06-08,10.7944
2007-06-09,10.8436
2007-06-10,10.9531
2007-06-11,11.0323
2007-06-12,11.1271
2007-06-13,11.2514
2007-06-14,11.3247
2007-06-15,11.3314
2007-06-16,11.3852
2007-06-17,11.5207
2007-06-18,11.6888
2007-06-19,11.8429
2007-06-20,12.0536
2007-06-21,12.3847
2007-06-22,12.7137
2007-06-23,13.0574
2007-06-24,13.3451
2007-06-25,13.5343
2007-06-26,13.5806
2007-06-27,13.4408
2007-06-28,13.3123
2007-06-29,13.1641
2007-06-30,13.1554
2007-07-01,13.1236
2007-07-02,13.2689
2007-07-03,13.4562
2007-07-04,13.5338
2007-07-05,13.5467
2007-07-06,13.4932
2007-07-07,13.5220
2007-07-08,13.5944
2007-07-09,13.5086
2007-07-10,13.4434
2007-07-11,13.3522
2007-07-12,13.3260
2007-07-13,13.3466
2007-07-14,13.4601
2007-07-15,13.7222
2007-07-16,13.8719
2007-07-17,14.0168
2007-07-18,14.1064
2007-07-19,14.0521
2007-07-20,13.9801
2007-07-21,13.8511
2007-07-22,13.8523
2007-07-23,13.7710
2007-07-24,13.6928
2007-07-25,13.6627
2007-07-26,13.7460
2007-07-27,13.9005
2007-07-28,14.0001
2007-07-29,14.1301
2007-07-30,14.1137
2007-07-31,14.1570
2007-08-01,14.2158
2007-08-02,14.0293
2007-08-03,13.8339
2007-08-04,13.8846
2007-08-05,13.9524
2007-08-06,14.0715
2007-08-07,14.0906
2007-08-08,14.0481
2007-08-09,14.1178
2007-08-10,14.2706
2007-08-11,14.3847
2007-08-12,14.5323
2007-08-13,14.4299
2007-08-14,14.4482
2007-08-15,14.5108
2007-08-16,14.4499
2007-08-17,14.4357
2007-08-18,14.5616
2007-08-19,14.9086
2007-08-20,14.9483
2007-08-21,14.9971
2007-08-22,15.0561
2007-08-23,15.0434
2007-08-24,15.0556
2007-08-25,15.1243
2007-08-26,15.1622
2007-08-27,15.1787
2007-08-28,15.1931
2007-08-29,15.1959
2007-08-30,15.2557
2007-08-31,15.4066
2007-09-01,15.5504
2007-09-02,15.6264
2007-09-03,15.6702
2007-09-04,15.6975
2007-09-05,15.7645
2007-09-06,15.7848
2007-09-07,15.7933
2007-09-08,15.8176
2007-09-09,15.8643
2007-09-10,15.8892
2007-09-11,15.8539
2007-09-12,15.8286
2007-09-13,15.9325
2007-09-14,15.9919
2007-09-15,15.8945
2007-09-16,15.7455
2007-09-17,15.6643
2007-09-18,15.6350
2007-09-19,15.5015
2007-09-20,15.3229
2007-09-21,15.2230
2007-09-22,15.0088
2007-09-23,14.7185
2007-09-24,14.6252
2007-09-25,14.5486
2007-09-26,14.5341
2007-09-27,14.4817
2007-09-28,14.3735
2007-09-29,14.2701
2007-09-30,14.3532
2007-10-01,14.4115
2007-10-02,14.4218
2007-10-03,14.3988
2007-10-04,14.3631
2007-10-05,14.3452
2007-10-06,14.3465
2007-10-07,14.3482
2007-10-08,14.3147
2007-10-09,14.2600
2007-10-10,14.1729
2007-10-11,14.0408
2007-10-12,13.9011
2007-10-13,13.7980
2007-10-14,13.6913
2007-10-15,13.5405
2007-10-16,13.4733
2007-10-17,13.4330
2007-10-18,13.4858
2007-10-19,13.4138
2007-10-20,13.2986
2007-10-21,13.2082
2007-10-22,13.1093
2007-10-23,13.0380
2007-10-24,12.9663
2007-10-25,12.8772
2007-10-26,12.8412
2007-10-27,12.8436
2007-10-28,12.8791
2007-10-29,12.9089
2007-10-30,12.8369
2007-10-31,12.6974
2007-11-01,12.5851
2007-11-02,12.5064
2007-11-03,12.4791
2007-11-04,12.5013
2007-11-05,12.5746
2007-11-06,12.7561
2007-11-07,12.7914
2007-11-08,12.8070
2007-11-09,12.7773
2007-11-10,12.6466
2007-11-11,12.5019
2007-11-12,12.5037
2007-11-13,12.4762
2007-11-14,12.3527
2007-11-15,12.2254
2007-11-16,12.2898
2007-11-17,12.4205
2007-11-18,12.4536
2007-11-19,12.4017
2007-11-20,12.3212
2007-11-21,12.2318
2007-11-22,12.2270
2007-11-23,12.2982
2007-11-24,12.3318
2007-11-25,12.3464
2007-11-26,12.2787
2007-11-27,12.1874
2007-11-28,11.9986
2007-11-29,11.8630
2007-11-30,11.7779
2007-12-01,11.6775
2007-12-02,11.5933
2007-12-03,11.6277
2007-12-04,11.5531
2007-12-05,11.4689
2007-12-06,11.4337
2007-12-07,11.4069
2007-12-08,11.4246
2007-12-09,11.4031
2007-12-10,11.3200
2007-12-11,11.2368
2007-12-12,11.1974
2007-12-13,11.1412
2007-12-14,11.0728
2007-12-15,11.0033
2007-12-16,10.9841
2007-12-17,10.9802
2007-12-18,10.9470
2007-12-19,10.9110
2007-12-20,10.8161
2007-12-21,10.7367
2007-12-22,10.6469
2007-12-23,10.5806
2007-12-24,10.4933
2007-12-25,10.4099
2007-12-26,10.3640
2007-12-27,10.3110
2007-12-28,10.2797
2007-12-29,10.2991
2007-12-30,10.3178
2007-12-31,10.2668
2008-01-01,10.1351
2008-01-02,10.1151
2008-01-03,10.0422
2008-01-04,9.9576
2008-01-05,9.9029
2008-01-06,9.8542
2008-01-07,9.8107
2008-01-08,9.8249
2008-01-09,9.8209
2008-01-10,9.7836
2008-01-11,9.7742
2008-01-12,9.7693
2008-01-13,9.8039
2008-01-14,9.7558
2008-01-15,9.7679
2008-01-16,9.7864
2008-01-17,9.7973
2008-01-18,9.8052
2008-01-19,9.8392
2008-01-20,9.8688
2008-01-21,9.8250
2008-01-22,9.6813
2008-01-23,9.5735
2008-01-24,9.4770
2008-01-25,9.4984
2008-01-26,9.5272
2008-01-27,9.4692
2008-01-28,9.3221
2008-01-29,9.2031
2008-01-30,9.1106
2008-01-31,9.1078
2008-02-01,9.0562
2008-02-02,9.0184
2008-02-03,8.9731
2008-02-04,8.9785
2008-02-05,8.9848
2008-02-06,9.0142
2008-02-07,9.0427
2008-02-08,9.0312
2008-02-09,9.0205
2008-02-10,9.0124
2008-02-11,9.0412
2008-02-12,9.1489
2008-02-13,9.1796
2008-02-14,9.1756
2008-02-15,9.2230
2008-02-16,9.3336
2008-02-17,9.3454
2008-02-18,9.3240
2008-02-19,9.2443
2008-02-20,9.1768
2008-02-21,9.0738
2008-02-22,9.0659
2008-02-23,9.1125
2008-02-24,9.0900
2008-02-25,9.0692
2008-02-26,9.0948
2008-02-27,9.0413
2008-02-28,9.0015
2008-02-29,9.0908
2008-03-01,9.0638
2008-03-02,8.9591
2008-03-03,8.9299
2008-03-04,8.9012
2008-03-05,8.9443
2008-03-06,8.9526
2008-03-07,8.9490
2008-03-08,8.9335
2008-03-09,8.9575
2008-03-10,8.9709
2008-03-11,8.9511
2008-03-12,8.9091
2008-03-13,8.9198
2008-03-14,8.9739
2008-03-15,9.0200
2008-03-16,9.0926
2008-03-17,9.1702
2008-03-18,9.2724
2008-03-19,9.4058
2008-03-20,9.4784
2008-03-21,9.5341
2008-03-22,9.5422
2008-03-23,9.5407
2008-03-24,9.4858
2008-03-25,9.3909
2008-03-26,9.1469
2008-03-27,9.0752
2008-03-28,9.0504
2008-03-29,9.0647
2008-03-30,9.0857
2008-03-31,9.0904
2008-04-01,9.1259
2008-04-02,9.2259
2008-04-03,9.3236
2008-04-04,9.3516
2008-04-05,9.3036
2008-04-06,9.3420
2008-04-07,9.4343
2008-04-08,9.4736
2008-04-09,9.4306
2008-04-10,9.3678
2008-04-11,9.3821
2008-04-12,9.4019
2008-04-13,9.3888
2008-04-14,9.4087
2008-04-15,9.3979
2008-04-16,9.4262
2008-04-17,9.4603
2008-04-18,9.4795
2008-04-19,9.4879
2008-04-20,9.4113
2008-04-21,9.4132
2008-04-22,9.3721
2008-04-23,9.2764
2008-04-24,9.2702
2008-04-25,9.3472
2008-04-26,9.4023
2008-04-27,9.4480
2008-04-28,9.4463
2008-04-29,9.4377
2008-04-30,9.4119
2008-05-01,9.5305
2008-05-02,9.6436
2008-05-03,9.7332
2008-05-04,9.7515
2008-05-05,9.8050
2008-05-06,9.8944
2008-05-07,9.9592
2008-05-08,9.9926
2008-05-09,10.0278
2008-05-10,10.0261
2008-05-11,10.0145
2008-05-12,10.0794
2008-05-13,10.2051
2008-05-14,10.4035
2008-05-15,10.4776
2008-05-16,10.5734
2008-05-17,10.6732
2008-05-18,10.7102
2008-05-19,10.7051
2008-05-20,10.6745
2008-05-21,10.6721
2008-05-22,10.7577
2008-05-23,10.8156
2008-05-24,10.9333
2008-05-25,10.9907
2008-05-26,10.9491
2008-05-27,10.9031
2008-05-28,10.9296
2008-05-29,11.0133
2008-05-30,11.0558
2008-05-31,11.0141
2008-06-01,10.9444
2008-06-02,10.9119
2008-06-03,10.9644
2008-06-04,10.9929
2008-06-05,10.9937
2008-06-06,11.0371
2008-06-07,11.1202
2008-06-08,11.1888
2008-06-09,11.2705
2008-06-10,11.4156
2008-06-11,11.6832
2008-06-12,11.9645
2008-06-13,12.1082
2008-06-14,12.3741
2008-06-15,12.5473
2008-06-16,12.7177
2008-06-17,12.6662
2008-06-18,12.7709
2008-06-19,12.8933
2008-06-20,12.9391
2008-06-21,13.0718
2008-06-22,13.0948
2008-06-23,13.0933
2008-06-24,13.0782
2008-06-25,13.0763
2008-06-26,13.0715
2008-06-27,13.0022
2008-06-28,12.9158
2008-06-29,12.7982
2008-06-30,12.6547
2008-07-01,12.5943
2008-07-02,12.6188
2008-07-03,12.6206
2008-07-04,12.7050
2008-07-05,12.8047
2008-07-06,12.8946
2008-07-07,12.9647
2008-07-08,12.9531
2008-07-09,13.0251
2008-07-10,13.1424
2008-07-11,13.2446
2008-07-12,13.4101
2008-07-13,13.4464
2008-07-14,13.5178
2008-07-15,13.6567
2008-07-16,13.8036
2008-07-17,13.8977
2008-07-18,14.0526
2008-07-19,14.1345
2008-07-20,13.9989
2008-07-21,13.8637
2008-07-22,13.8769
2008-07-23,14.0204
2008-07-24,14.0176
2008-07-25,14.0025
2008-07-26,13.9763
2008-07-27,13.9637
2008-07-28,14.0356
2008-07-29,14.0819
2008-07-30,14.1129
2008-07-31,14.1810
2008-08-01,14.2827
2008-08-02,14.3390
2008-08-03,14.4503
2008-08-04,14.6530
2008-08-05,14.7663
2008-08-06,14.7873
2008-08-07,14.7770
2008-08-08,14.8134
2008-08-09,14.8037
2008-08-10,14.7596
2008-08-11,14.6546
2008-08-12,14.6988
2008-08-13,14.7474
2008-08-14,14.6857
2008-08-15,14.5566
2008-08-16,14.3750
2008-08-17,14.2481
2008-08-18,14.1671
2008-08-19,14.1226
2008-08-20,14.2293
2008-08-21,14.2908
2008-08-22,14.3658
2008-08-23,14.3578
2008-08-24,14.3873
2008-08-25,14.4479
2008-08-26,14.5869
2008-08-27,14.6099
2008-08-28,14.4640
2008-08-29,14.3508
2008-08-30,14.3378
2008-08-31,14.3492
2008-09-01,14.2793
2008-09-02,14.2727
2008-09-03,14.2701
2008-09-04,14.2647
2008-09-05,14.3331
2008-09-06,14.3832
2008-09-07,14.3642
2008-09-08,14.3694
2008-09-09,14.2830
2008-09-10,14.1871
2008-09-11,14.1287
2008-09-12,14.0014
2008-09-13,13.9268
2008-09-14,13.9589
2008-09-15,14.0371
2008-09-16,14.1996
2008-09-17,14.3549
2008-09-18,14.2689
2008-09-19,14.0065
2008-09-20,13.9073
2008-09-21,13.8696
2008-09-22,13.7705
2008-09-23,13.5952
2008-09-24,13.5366
2008-09-25,13.5113
2008-09-26,13.5687
2008-09-27,13.6387
2008-09-28,13.6862
2008-09-29,13.6715
2008-09-30,13.5875
2008-10-01,13.5776
2008-10-02,13.5436
2008-10-03,13.5114
2008-10-04,13.5678
2008-10-05,13.5129
2008-10-06,13.3541
2008-10-07,13.2080
2008-10-08,13.1063
2008-10-09,12.9458
2008-10-10,12.8909
2008-10-11,12.9083
2008-10-12,12.9056
2008-10-13,12.8481
2008-10-14,12.8464
2008-10-15,12.8460
2008-10-16,12.8588
2008-10-17,12.8245
2008-10-18,12.7501
2008-10-19,12.6029
2008-10-20,12.4690
2008-10-21,12.3655
2008-10-22,12.2083
2008-10-23,12.0828
2008-10-24,11.8846
2008-10-25,11.7372
2008-10-26,11.7453
2008-10-27,11.8384
2008-10-28,11.9424
2008-10-29,12.0692
2008-10-30,12.1483
2008-10-31,12.0973
2008-11-01,11.9752
2008-11-02,11.9861
2008-11-03,11.9051
2008-11-04,11.6900
2008-11-05,11.6113
2008-11-06,11.5628
2008-11-07,11.5087
2008-11-08,11.4474
2008-11-09,11.3822
2008-11-10,11.4136
2008-11-11,11.3695
2008-11-12,11.3108
2008-11-13,11.2328
2008-11-14,11.1882
2008-11-15,11.1248
2008-11-16,11.0165
2008-11-17,11.0837
2008-11-18,11.1900
2008-11-19,11.3844
2008-11-20,11.4355
2008-11-21,11.4913
2008-11-22,11.4634
2008-11-23,11.3978
2008-11-24,11.3549
2008-11-25,11.2063
2008-11-26,11.1321
2008-11-27,11.0702
2008-11-28,10.9828
2008-11-29,10.9120
2008-11-30,10.9093
2008-12-01,10.9445
2008-12-02,10.9841
2008-12-03,10.9636
2008-12-04,10.9836
2008-12-05,10.9622
2008-12-06,10.9314
2008-12-07,10.9078
2008-12-08,10.9612
2008-12-09,11.0764
2008-12-10,10.9974
2008-12-11,10.8167
2008-12-12,10.7412
2008-12-13,10.9024
2008-12-14,10.9193
2008-12-15,10.7608
2008-12-16,10.5344
2008-12-17,10.4738
2008-12-18,10.4350
2008-12-19,10.4702
2008-12-20,10.4156
2008-12-21,10.3937
2008-12-22,10.2786
2008-12-23,10.1302
2008-12-24,10.0575
2008-12-25,10.0720
2008-12-26,10.1030
2008-12-27,10.1381
2008-12-28,10.1109
2008-12-29,10.1148
2008-12-30,10.1562
2008-12-31,10.2095
2009-01-01,10.2510
2009-01-02,10.2770
2009-01-03,10.3261
2009-01-04,10.2892
2009-01-05,10.2467
2009-01-06,10.1557
2009-01-07,10.0829
2009-01-08,10.0006
2009-01-09,9.9706
2009-01-10,9.9186
2009-01-11,9.9008
2009-01-12,9.9161
2009-01-13,9.9257
2009-01-14,9.8998
2009-01-15,9.8482
2009-01-16,9.7786
2009-01-17,9.6407
2009-01-18,9.5352
2009-01-19,9.4884
2009-01-20,9.4710
2009-01-21,9.5459
2009-01-22,9.6398
2009-01-23,9.6394
2009-01-24,9.5863
2009-01-25,9.5666
2009-01-26,9.5259
2009-01-27,9.4116
2009-01-28,9.3234
2009-01-29,9.2897
2009-01-30,9.3187
2009-01-31,9.3660
2009-02-01,9.4223
2009-02-02,9.3925
2009-02-03,9.3757
2009-02-04,9.3883
2009-02-05,9.4242
2009-02-06,9.3398
2009-02-07,9.2563
2009-02-08,9.2117
2009-02-09,9.1575
2009-02-10,9.1021
2009-02-11,9.1028
2009-02-12,9.1273
2009-02-13,9.1811
2009-02-14,9.2237
2009-02-15,9.2546
2009-02-16,9.2330
2009-02-17,9.1810
2009-02-18,9.1449
2009-02-19,9.1555
2009-02-20,9.1626
2009-02-21,9.1427
2009-02-22,9.1333
2009-02-23,9.0800
2009-02-24,9.0444
2009-02-25,8.9989
2009-02-26,9.0068
2009-02-27,9.0185
2009-02-28,9.0253
2009-03-01,9.0482
2009-03-02,9.0454
2009-03-03,9.0508
2009-03-04,9.0666
2009-03-05,9.1073
2009-03-06,9.1666
2009-03-07,9.1461
2009-03-08,9.1364
2009-03-09,9.2074
2009-03-10,9.2509
2009-03-11,9.2644
2009-03-12,9.1967
2009-03-13,9.1521
2009-03-14,9.0783
2009-03-15,9.0299
2009-03-16,9.0913
2009-03-17,9.1046
2009-03-18,9.0537
2009-03-19,9.0604
2009-03-20,9.0808
2009-03-21,9.0469
2009-03-22,9.0030
2009-03-23,9.0017
2009-03-24,8.9884
2009-03-25,8.9485
2009-03-26,8.9906
2009-03-27,9.0502
2009-03-28,9.0758
2009-03-29,9.1469
2009-03-30,9.1963
2009-03-31,9.2270
2009-04-01,9.1920
2009-04-02,9.1462
2009-04-03,9.0975
2009-04-04,9.0707
2009-04-05,9.1151
2009-04-06,9.1645
2009-04-07,9.1562
2009-04-08,9.1449
2009-04-09,9.1306
2009-04-10,9.0719
2009-04-11,9.0597
2009-04-12,9.0032
2009-04-13,9.0116
2009-04-14,9.1144
2009-04-15,9.1384
2009-04-16,9.1306
2009-04-17,9.1472
2009-04-18,9.1194
2009-04-19,9.0734
2009-04-20,9.0225
2009-04-21,9.0377
2009-04-22,9.0623
2009-04-23,9.1161
2009-04-24,9.1955
2009-04-25,9.3391
2009-04-26,9.3879
2009-04-27,9.3430
2009-04-28,9.2162
2009-04-29,9.1930
2009-04-30,9.2013
2009-05-01,9.2389
2009-05-02,9.2920
2009-05-03,9.3026
2009-05-04,9.4239
2009-05-05,9.4453
2009-05-06,9.3809
2009-05-07,9.4047
2009-05-08,9.4192
2009-05-09,9.4241
2009-05-10,9.4402
2009-05-11,9.4725
2009-05-12,9.5313
2009-05-13,9.5609
2009-05-14,9.6431
2009-05-15,9.6898
2009-05-16,9.7097
2009-05-17,9.7289
2009-05-18,9.7584
2009-05-19,9.8225
2009-05-20,9.9002
2009-05-21,9.8313
2009-05-22,9.7145
2009-05-23,9.6652
2009-05-24,9.6384
2009-05-25,9.6110
2009-05-26,9.6178
2009-05-27,9.5357
2009-05-28,9.5768
2009-05-29,9.7622
2009-05-30,10.0247
2009-05-31,10.2263
2009-06-01,10.3543
2009-06-02,10.4240
2009-06-03,10.4992
2009-06-04,10.6091
2009-06-05,10.6948
2009-06-06,10.7367
2009-06-07,10.7604
2009-06-08,10.8145
2009-06-09,10.8884
2009-06-10,10.9457
2009-06-11,10.9719
2009-06-12,10.9169
2009-06-13,10.8562
2009-06-14,10.7669
2009-06-15,10.7121
2009-06-16,10.7047
2009-06-17,10.7745
2009-06-18,10.9663
2009-06-19,11.1431
2009-06-20,11.2900
2009-06-21,11.2954
2009-06-22,11.3968
2009-06-23,11.5021
2009-06-24,11.5708
2009-06-25,11.6293
2009-06-26,11.6593
2009-06-27,11.7485
2009-06-28,11.8983
2009-06-29,11.9824
2009-06-30,12.0499
2009-07-01,12.1063
2009-07-02,12.1664
2009-07-03,12.3821
2009-07-04,12.5579
2009-07-05,12.6316
2009-07-06,12.6432
2009-07-07,12.6926
2009-07-08,12.7572
2009-07-09,12.7929
2009-07-10,12.7706
2009-07-11,12.7617
2009-07-12,12.7539
2009-07-13,12.8012
2009-07-14,13.0154
2009-07-15,13.1178
2009-07-16,13.2149
2009-07-17,13.2080
2009-07-18,13.2048
2009-07-19,13.2119
2009-07-20,13.1947
2009-07-21,13.1505
2009-07-22,13.1403
2009-07-23,13.1487
2009-07-24,13.2487
2009-07-25,13.2966
2009-07-26,13.2789
2009-07-27,13.2334
2009-07-28,13.1933
2009-07-29,13.1856
2009-07-30,13.2273
2009-07-31,13.2274
2009-08-01,13.2325
2009-08-02,13.1898
2009-08-03,13.1147
2009-08-04,13.0821
2009-08-05,13.1050
2009-08-06,13.1967
2009-08-07,13.3513
2009-08-08,13.7399
2009-08-09,14.0049
2009-08-10,14.1290
2009-08-11,14.1476
2009-08-12,14.0864
2009-08-13,13.9529
2009-08-14,14.0341
2009-08-15,14.1544
2009-08-16,14.1348
2009-08-17,14.0102
2009-08-18,13.7682
2009-08-19,13.6764
2009-08-20,13.7095
2009-08-21,13.6538
2009-08-22,13.5602
2009-08-23,13.5261
2009-08-24,13.5110
2009-08-25,13.3971
2009-08-26,13.3193
2009-08-27,13.2509
2009-08-28,13.3024
2009-08-29,13.2523
2009-08-30,13.1166
2009-08-31,13.0026
2009-09-01,12.9707
2009-09-02,13.0996
2009-09-03,13.1656
2009-09-04,13.2195
2009-09-05,13.1836
2009-09-06,13.0947
2009-09-07,12.9800
2009-09-08,13.0269
2009-09-09,13.0931
2009-09-10,13.1125
2009-09-11,13.1354
2009-09-12,13.1166
2009-09-13,12.9940
2009-09-14,12.8967
2009-09-15,12.9767
2009-09-16,12.9299
2009-09-17,12.7400
2009-09-18,12.5844
2009-09-19,12.5630
2009-09-20,12.5108
2009-09-21,12.4270
2009-09-22,12.4637
2009-09-23,12.5788
2009-09-24,12.6383
2009-09-25,12.6856
2009-09-26,12.7111
2009-09-27,12.8049
2009-09-28,12.8808
2009-09-29,13.0284
2009-09-30,13.1215
2009-10-01,13.0993
2009-10-02,12.9639
2009-10-03,12.8970
2009-10-04,12.8756
2009-10-05,12.8387
2009-10-06,12.7551
2009-10-07,12.7417
2009-10-08,12.7202
2009-10-09,12.7150
2009-10-10,12.7251
2009-10-11,12.8215
2009-10-12,12.8663
2009-10-13,12.8680
2009-10-14,12.8036
2009-10-15,12.7061
2009-10-16,12.6351
2009-10-17,12.5731
2009-10-18,12.4314
2009-10-19,12.2566
2009-10-20,12.1223
2009-10-21,12.0549
2009-10-22,12.0109
2009-10-23,11.9694
2009-10-24,11.9094
2009-10-25,11.8003
2009-10-26,11.7246
2009-10-27,11.6872
2009-10-28,11.6364
2009-10-29,11.5805
2009-10-30,11.4813
2009-10-31,11.3742
2009-11-01,11.3425
2009-11-02,11.2888
2009-11-03,11.2269
2009-11-04,11.0285
2009-11-05,11.0320
2009-11-06,11.0219
2009-11-07,11.0252
2009-11-08,11.0258
2009-11-09,10.9684
2009-11-10,10.8815
2009-11-11,10.8346
2009-11-12,10.8598
2009-11-13,10.8322
2009-11-14,10.7857
2009-11-15,10.7348
2009-11-16,10.7070
2009-11-17,10.6502
2009-11-18,10.6087
2009-11-19,10.5647
2009-11-20,10.4641
2009-11-21,10.4189
2009-11-22,10.4056
2009-11-23,10.3043
2009-11-24,10.2495
2009-11-25,10.1976
2009-11-26,10.1618
2009-11-27,10.1310
2009-11-28,10.0699
2009-11-29,10.0212
2009-11-30,10.0755
2009-12-01,10.0787
2009-12-02,10.0466
2009-12-03,9.9517
2009-12-04,9.8345
2009-12-05,9.7771
2009-12-06,9.7495
2009-12-07,9.6825
2009-12-08,9.6422
2009-12-09,9.5877
2009-12-10,9.5926
2009-12-11,9.7013
2009-12-12,9.7300
2009-12-13,9.7386
2009-12-14,9.7270
2009-12-15,9.7665
2009-12-16,9.8185
2009-12-17,9.8057
2009-12-18,9.7674
2009-12-19,9.7335
2009-12-20,9.7084
2009-12-21,9.6966
2009-12-22,9.6749
2009-12-23,9.6362
2009-12-24,9.5802
2009-12-25,9.5412
2009-12-26,9.5347
2009-12-27,9.4654
2009-12-28,9.4062
2009-12-29,9.4238
2009-12-30,9.4733
2009-12-31,9.6069
2010-01-01,9.5186
2010-01-02,9.5041
2010-01-03,9.5064
2010-01-04,9.5498
2010-01-05,9.5541
2010-01-06,9.5522
2010-01-07,9.5404
2010-01-08,9.4877
2010-01-09,9.4718
2010-01-10,9.3830
2010-01-11,9.3487
2010-01-12,9.3088
2010-01-13,9.2200
2010-01-14,9.1878
2010-01-15,9.2203
2010-01-16,9.2459
2010-01-17,9.3057
2010-01-18,9.3935
2010-01-19,9.4202
2010-01-20,9.4313
2010-01-21,9.4006
2010-01-22,9.2959
2010-01-23,9.2335
2010-01-24,9.2048
2010-01-25,9.1165
2010-01-26,9.2121
2010-01-27,9.2527
2010-01-28,9.3638
2010-01-29,9.3990
2010-01-30,9.3307
2010-01-31,9.2325
2010-02-01,9.1301
2010-02-02,9.1495
2010-02-03,9.0675
2010-02-04,8.9886
2010-02-05,9.0057
2010-02-06,9.0548
2010-02-07,8.9715
2010-02-08,8.9943
2010-02-09,9.0220
2010-02-10,8.9897
2010-02-11,8.9685
2010-02-12,8.9902
2010-02-13,9.0726
2010-02-14,9.0892
2010-02-15,9.1098
2010-02-16,9.1218
2010-02-17,9.1851
2010-02-18,9.1719
2010-02-19,9.1350
2010-02-20,9.1367
2010-02-21,9.1198
2010-02-22,9.0463
2010-02-23,8.9810
2010-02-24,8.9376
2010-02-25,8.8925
2010-02-26,8.9102
2010-02-27,8.9140
2010-02-28,8.9381
2010-03-01,8.9184
2010-03-02,8.8388
2010-03-03,8.8213
2010-03-04,8.9106
2010-03-05,9.0063
2010-03-06,9.0162
2010-03-07,9.0748
2010-03-08,9.1095
2010-03-09,9.1037
2010-03-10,9.1020
2010-03-11,9.1321
2010-03-12,9.1123
2010-03-13,9.0696
2010-03-14,9.0321
2010-03-15,8.9807
2010-03-16,8.8771
2010-03-17,8.8644
2010-03-18,8.8798
2010-03-19,8.8295
2010-03-20,8.7816
2010-03-21,8.7602
2010-03-22,8.7841
2010-03-23,8.7904
2010-03-24,8.7969
2010-03-25,8.9034
2010-03-26,9.0064
2010-03-27,9.0492
2010-03-28,9.0325
2010-03-29,8.9501
2010-03-30,8.8797
2010-03-31,8.8746
2010-04-01,8.9493
2010-04-02,8.9618
2010-04-03,8.9852
2010-04-04,9.0316
2010-04-05,9.0865
2010-04-06,9.1247
2010-04-07,9.0742
2010-04-08,9.0664
2010-04-09,9.1409
2010-04-10,9.2251
2010-04-11,9.3828
2010-04-12,9.5056
2010-04-13,9.4990
2010-04-14,9.4767
2010-04-15,9.4584
2010-04-16,9.4209
2010-04-17,9.3977
2010-04-18,9.3785
2010-04-19,9.4157
2010-04-20,9.4718
2010-04-21,9.5229
2010-04-22,9.6023
2010-04-23,9.6106
2010-04-24,9.6269
2010-04-25,9.6674
2010-04-26,9.6876
2010-04-27,9.6895
2010-04-28,9.6765
2010-04-29,9.7621
2010-04-30,9.8523
2010-05-01,10.0035
2010-05-02,10.0768
2010-05-03,10.1254
2010-05-04,10.1207
2010-05-05,10.2023
2010-05-06,10.2347
2010-05-07,10.2391
2010-05-08,10.3870
2010-05-09,10.5312
2010-05-10,10.5409
2010-05-11,10.6757
2010-05-12,10.8171
2010-05-13,10.8641
2010-05-14,10.7810
2010-05-15,10.7503
2010-05-16,10.7771
2010-05-17,10.8281
2010-05-18,10.8576
2010-05-19,10.9744
2010-05-20,11.0488
2010-05-21,11.0839
2010-05-22,11.1691
2010-05-23,11.1715
2010-05-24,11.0786
2010-05-25,10.9815
2010-05-26,11.0177
2010-05-27,11.0862
2010-05-28,11.0665
2010-05-29,11.1285
2010-05-30,11.1358
2010-05-31,11.0765
2010-06-01,11.0935
2010-06-02,11.1535
2010-06-03,11.1942
2010-06-04,11.2192
2010-06-05,11.2801
2010-06-06,11.3936
2010-06-07,11.5131
2010-06-08,11.6333
2010-06-09,11.7645
2010-06-10,11.8435
2010-06-11,11.9200
2010-06-12,12.0407
2010-06-13,12.1645
2010-06-14,12.2041
2010-06-15,12.2134
2010-06-16,12.2290
2010-06-17,12.2704
2010-06-18,12.3989
2010-06-19,12.4883
2010-06-20,12.4942
2010-06-21,12.4071
2010-06-22,12.3834
2010-06-23,12.3712
2010-06-24,12.4821
2010-06-25,12.4583
2010-06-26,12.5132
2010-06-27,12.6187
2010-06-28,12.6219
2010-06-29,12.6375
2010-06-30,12.6646
2010-07-01,12.6736
2010-07-02,12.5971
2010-07-03,12.4637
2010-07-04,12.3926
2010-07-05,12.4077
2010-07-06,12.3975
2010-07-07,12.4298
2010-07-08,12.5491
2010-07-09,12.6675
2010-07-10,12.7911
2010-07-11,12.9144
2010-07-12,12.9841
2010-07-13,13.1706
2010-07-14,13.3295
2010-07-15,13.3206
2010-07-16,13.2400
2010-07-17,13.1701
2010-07-18,13.2896
2010-07-19,13.4290
2010-07-20,13.5564
2010-07-21,13.6217
2010-07-22,13.6440
2010-07-23,13.7430
2010-07-24,13.7182
2010-07-25,13.6811
2010-07-26,13.6545
2010-07-27,13.7040
2010-07-28,13.8299
2010-07-29,13.9284
2010-07-30,14.0687
2010-07-31,14.2857
2010-08-01,14.4304
2010-08-02,14.5458
2010-08-03,14.5600
2010-08-04,14.5826
2010-08-05,14.6811
2010-08-06,14.8330
2010-08-07,14.9411
2010-08-08,15.0552
2010-08-09,15.0536
2010-08-10,15.1668
2010-08-11,15.3913
2010-08-12,15.6108
2010-08-13,15.6706
2010-08-14,15.7261
2010-08-15,15.7204
2010-08-16,15.7898
2010-08-17,15.8095
2010-08-18,15.7602
2010-08-19,15.6365
2010-08-20,15.6582
2010-08-21,15.7103
2010-08-22,15.7499
2010-08-23,15.7537
2010-08-24,15.7462
2010-08-25,15.8562
2010-08-26,15.9519
2010-08-27,15.9921
2010-08-28,15.9549
2010-08-29,15.8662
2010-08-30,15.7047
2010-08-31,15.5933
2010-09-01,15.6178
2010-09-02,15.5621
2010-09-03,15.5485
2010-09-04,15.5108
2010-09-05,15.5855
2010-09-06,15.6403
2010-09-07,15.5573
2010-09-08,15.4157
2010-09-09,15.3700
2010-09-10,15.3409
2010-09-11,15.2585
2010-09-12,15.1899
2010-09-13,15.2249
2010-09-14,15.2549
2010-09-15,15.2021
2010-09-16,15.0555
2010-09-17,15.0213
2010-09-18,14.9890
2010-09-19,14.8788
2010-09-20,14.7852
2010-09-21,14.6727
2010-09-22,14.6602
2010-09-23,14.6704
2010-09-24,14.6160
2010-09-25,14.4987
2010-09-26,14.4082
2010-09-27,14.2496
2010-09-28,14.1094
2010-09-29,13.9726
2010-09-30,13.8665
2010-10-01,13.7522
2010-10-02,13.7629
2010-10-03,13.7510
2010-10-04,13.5501
2010-10-05,13.2559
2010-10-06,13.1150
2010-10-07,12.9896
2010-10-08,12.9008
2010-10-09,12.9154
2010-10-10,12.9321
2010-10-11,12.9387
2010-10-12,12.9430
2010-10-13,12.9149
2010-10-14,12.8478
2010-10-15,12.8306
2010-10-16,12.8667
2010-10-17,12.8984
2010-10-18,12.9290
2010-10-19,12.9172
2010-10-20,12.8524
2010-10-21,12.7932
2010-10-22,12.7731
2010-10-23,12.8554
2010-10-24,12.9302
2010-10-25,12.8843
2010-10-26,12.7440
2010-10-27,12.5777
2010-10-28,12.4895
2010-10-29,12.4226
2010-10-30,12.3787
2010-10-31,12.2866
2010-11-01,12.1343
2010-11-02,12.0542
2010-11-03,11.9775
2010-11-04,11.9518
2010-11-05,11.9823
2010-11-06,11.9588
2010-11-07,11.8108
2010-11-08,11.6989
2010-11-09,11.6073
2010-11-10,11.5201
2010-11-11,11.4683
2010-11-12,11.4287
2010-11-13,11.4119
2010-11-14,11.3691
2010-11-15,11.2759
2010-11-16,11.1783
2010-11-17,11.1162
2010-11-18,11.1005
2010-11-19,11.1285
2010-11-20,11.1546
2010-11-21,11.1644
2010-11-22,11.1898
2010-11-23,11.1355
2010-11-24,11.1014
2010-11-25,11.1030
2010-11-26,11.0719
2010-11-27,10.9971
2010-11-28,11.0205
2010-11-29,11.0180
2010-11-30,10.9507
2010-12-01,10.9190
2010-12-02,10.9061
2010-12-03,10.8736
2010-12-04,10.8543
2010-12-05,10.8277
2010-12-06,10.8025
2010-12-07,10.8089
2010-12-08,10.8556
2010-12-09,10.8567
2010-12-10,10.7837
2010-12-11,10.6597
2010-12-12,10.5914
2010-12-13,10.7040
2010-12-14,10.7453
2010-12-15,10.7467
2010-12-16,10.6533
2010-12-17,10.6349
2010-12-18,10.6005
2010-12-19,10.5479
2010-12-20,10.4733
2010-12-21,10.4023
2010-12-22,10.3949
2010-12-23,10.4226
2010-12-24,10.4656
2010-12-25,10.4957
2010-12-26,10.4694
2010-12-27,10.3891
2010-12-28,10.2715
2010-12-29,10.3174
2010-12-30,10.3127
2010-12-31,10.3835
2011-01-01,10.3885
2011-01-02,10.3759
2011-01-03,10.2586
2011-01-04,10.2205
2011-01-05,10.3243
2011-01-06,10.3077
2011-01-07,10.2912
2011-01-08,10.2748
2011-01-09,10.2750
2011-01-10,10.2460
2011-01-11,10.2379
2011-01-12,10.1867
2011-01-13,10.1184
2011-01-14,10.0851
2011-01-15,10.0580
2011-01-16,10.0396
2011-01-17,9.9922
2011-01-18,9.9786
2011-01-19,9.9892
2011-01-20,9.9607
2011-01-21,9.9891
2011-01-22,9.9962
2011-01-23,9.9765
2011-01-24,9.9735
2011-01-25,9.9205
2011-01-26,9.8026
2011-01-27,9.7305
2011-01-28,9.7321
2011-01-29,9.7263
2011-01-30,9.7387
2011-01-31,9.6900
2011-02-01,9.6001
2011-02-02,9.4808
2011-02-03,9.4432
2011-02-04,9.4418
2011-02-05,9.4408
2011-02-06,9.4666
2011-02-07,9.4753
2011-02-08,9.4970
2011-02-09,9.4766
2011-02-10,9.4123
2011-02-11,9.3574
2011-02-12,9.3179
2011-02-13,9.2747
2011-02-14,9.2607
2011-02-15,9.2617
2011-02-16,9.3305
2011-02-17,9.3145
2011-02-18,9.2184
2011-02-19,9.1416
2011-02-20,9.1264
2011-02-21,9.1522
2011-02-22,9.1752
2011-02-23,9.1275
2011-02-24,9.1268
2011-02-25,9.1237
2011-02-26,9.1253
2011-02-27,9.0978
2011-02-28,9.0605
2011-03-01,9.0394
2011-03-02,9.0251
2011-03-03,9.0326
2011-03-04,9.0920
2011-03-05,9.1819
2011-03-06,9.1148
2011-03-07,9.0689
2011-03-08,9.1207
2011-03-09,9.1794
2011-03-10,9.1371
2011-03-11,9.0303
2011-03-12,8.9960
2011-03-13,8.9753
2011-03-14,8.9777
2011-03-15,8.9219
2011-03-16,8.9213
2011-03-17,8.9265
2011-03-18,8.8994
2011-03-19,8.8848
2011-03-20,8.9281
2011-03-21,9.0032
2011-03-22,9.0880
2011-03-23,9.1759
2011-03-24,9.1213
2011-03-25,9.0563
2011-03-26,9.0155
2011-03-27,9.0014
2011-03-28,8.9764
2011-03-29,8.9581
2011-03-30,8.9547
2011-03-31,8.9144
2011-04-01,8.8832
2011-04-02,8.9068
2011-04-03,8.9461
2011-04-04,8.9338
2011-04-05,8.8808
2011-04-06,8.9201
2011-04-07,8.9846
2011-04-08,9.0779
2011-04-09,9.0528
2011-04-10,8.9946
2011-04-11,8.9605
2011-04-12,8.9822
2011-04-13,9.0232
2011-04-14,9.0234
2011-04-15,9.0667
2011-04-16,9.1056
2011-04-17,9.0539
2011-04-18,8.9555
2011-04-19,9.0071
2011-04-20,9.1856
2011-04-21,9.1685
2011-04-22,9.1149
2011-04-23,9.1416
2011-04-24,9.1393
2011-04-25,9.1343
2011-04-26,9.1899
2011-04-27,9.1449
2011-04-28,9.0687
2011-04-29,9.0645
2011-04-30,9.0108
2011-05-01,9.0433
2011-05-02,9.0982
2011-05-03,9.1493
2011-05-04,9.1513
2011-05-05,9.1786
2011-05-06,9.2269
2011-05-07,9.2504
2011-05-08,9.2800
2011-05-09,9.3404
2011-05-10,9.3948
2011-05-11,9.4035
2011-05-12,9.4010
2011-05-13,9.3933
2011-05-14,9.3657
2011-05-15,9.4082
2011-05-16,9.4456
2011-05-17,9.4869
2011-05-18,9.6462
2011-05-19,9.6472
2011-05-20,9.5992
2011-05-21,9.5626
2011-05-22,9.5529
2011-05-23,9.5499
2011-05-24,9.4867
2011-05-25,9.4815
2011-05-26,9.5765
2011-05-27,9.6116
2011-05-28,9.5526
2011-05-29,9.5418
2011-05-30,9.6546
2011-05-31,9.7402
2011-06-01,9.9888
2011-06-02,10.2341
2011-06-03,10.3429
2011-06-04,10.5312
2011-06-05,10.6927
2011-06-06,10.7988
2011-06-07,10.8774
2011-06-08,11.0054
2011-06-09,10.9999
2011-06-10,11.0079
2011-06-11,11.0862
2011-06-12,11.1810
2011-06-13,11.1546
2011-06-14,11.0699
2011-06-15,11.0093
2011-06-16,10.9939
2011-06-17,11.0388
2011-06-18,11.0437
2011-06-19,11.0747
2011-06-20,11.1698
2011-06-21,11.2800
2011-06-22,11.4444
2011-06-23,11.4479
2011-06-24,11.4423
2011-06-25,11.4692
2011-06-26,11.5468
2011-06-27,11.5779
2011-06-28,11.6174
2011-06-29,11.6832
2011-06-30,11.7500
2011-07-01,11.8028
2011-07-02,11.8436
2011-07-03,11.8515
2011-07-04,11.8634
2011-07-05,11.9080
2011-07-06,12.0091
2011-07-07,12.0651
2011-07-08,12.1291
2011-07-09,12.2212
2011-07-10,12.3174
2011-07-11,12.3353
2011-07-12,12.2574
2011-07-13,12.3056
2011-07-14,12.4445
2011-07-15,12.5858
2011-07-16,12.8045
2011-07-17,13.1232
2011-07-18,13.2240
2011-07-19,13.1658
2011-07-20,13.1935
2011-07-21,13.3878
2011-07-22,13.5417
2011-07-23,13.5547
2011-07-24,13.5524
2011-07-25,13.5999
2011-07-26,13.7244
2011-07-27,13.8337
2011-07-28,13.8561
2011-07-29,13.8218
2011-07-30,13.7566
2011-07-31,13.7972
2011-08-01,13.7950
2011-08-02,13.7780
2011-08-03,13.8219
2011-08-04,13.9195
2011-08-05,13.9497
2011-08-06,14.0189
2011-08-07,14.0847
2011-08-08,14.3011
2011-08-09,14.4884
2011-08-10,14.4398
2011-08-11,14.3195
2011-08-12,14.2316
2011-08-13,14.2363
2011-08-14,14.3302
2011-08-15,14.4158
2011-08-16,14.5549
2011-08-17,14.5781
2011-08-18,14.5551
2011-08-19,14.5396
2011-08-20,14.5260
2011-08-21,14.5248
2011-08-22,14.5439
2011-08-23,14.5386
2011-08-24,14.4908
2011-08-25,14.4974
2011-08-26,14.4811
2011-08-27,14.5094
2011-08-28,14.5721
2011-08-29,14.6751
2011-08-30,14.7185
2011-08-31,14.6330
2011-09-01,14.4972
2011-09-02,14.3264
2011-09-03,14.3458
2011-09-04,14.3602
2011-09-05,14.3227
2011-09-06,14.2678
2011-09-07,14.1682
2011-09-08,14.0171
2011-09-09,13.8160
2011-09-10,13.7103
2011-09-11,13.5983
2011-09-12,13.5203
2011-09-13,13.5262
2011-09-14,13.5531
2011-09-15,13.5806
2011-09-16,13.5727
2011-09-17,13.5318
2011-09-18,13.3979
2011-09-19,13.2510
2011-09-20,13.1868
2011-09-21,13.1060
2011-09-22,12.9447
2011-09-23,12.8601
2011-09-24,12.8297
2011-09-25,12.8199
2011-09-26,12.7968
2011-09-27,12.7821
2011-09-28,12.7263
2011-09-29,12.6733
2011-09-30,12.6899
2011-10-01,12.7344
2011-10-02,12.7311
2011-10-03,12.6415
2011-10-04,12.5350
2011-10-05,12.4710
2011-10-06,12.4697
2011-10-07,12.4643
2011-10-08,12.3893
2011-10-09,12.3406
2011-10-10,12.3666
2011-10-11,12.3491
2011-10-12,12.3057
2011-10-13,12.2263
2011-10-14,12.1310
2011-10-15,11.9983
2011-10-16,11.9875
2011-10-17,11.9653
2011-10-18,11.9265
2011-10-19,11.9369
2011-10-20,11.9262
2011-10-21,11.8409
2011-10-22,11.7340
2011-10-23,11.6260
2011-10-24,11.5775
2011-10-25,11.5510
2011-10-26,11.5777
2011-10-27,11.6394
2011-10-28,11.5917
2011-10-29,11.4267
2011-10-30,11.3209
2011-10-31,11.2623
2011-11-01,11.1857
2011-11-02,11.1268
2011-11-03,11.0962
2011-11-04,11.0874
2011-11-05,11.0389
2011-11-06,10.9495
2011-11-07,10.9286
2011-11-08,10.8519
2011-11-09,10.7816
2011-11-10,10.7176
2011-11-11,10.7040
2011-11-12,10.7280
2011-11-13,10.7324
2011-11-14,10.6206
2011-11-15,10.5437
2011-11-16,10.5238
2011-11-17,10.4944
2011-11-18,10.4877
2011-11-19,10.4269
2011-11-20,10.3402
2011-11-21,10.2710
2011-11-22,10.2529
2011-11-23,10.1908
2011-11-24,10.1337
2011-11-25,10.0928
2011-11-26,10.0247
2011-11-27,9.9276
2011-11-28,9.8145
2011-11-29,9.7669
2011-11-30,9.7925
2011-12-01,9.8018
2011-12-02,9.7722
2011-12-03,9.7383
2011-12-04,9.6804
2011-12-05,9.6099
2011-12-06,9.5801
2011-12-07,9.5670
2011-12-08,9.5206
2011-12-09,9.4535
2011-12-10,9.4093
2011-12-11,9.3818
2011-12-12,9.2805
2011-12-13,9.1827
2011-12-14,9.1832
2011-12-15,9.1933
2011-12-16,9.1768
2011-12-17,9.2123
2011-12-18,9.2143
2011-12-19,9.2744
2011-12-20,9.3272
2011-12-21,9.3524
2011-12-22,9.3102
2011-12-23,9.2682
2011-12-24,9.1745
2011-12-25,9.0695
2011-12-26,9.1395
2011-12-27,9.1589
2011-12-28,9.1238
2011-12-29,9.1366
2011-12-30,9.0837
2011-12-31,9.0500
2012-01-01,8.9538
2012-01-02,8.9314
2012-01-03,9.0376
2012-01-04,8.9560
2012-01-05,8.9056
2012-01-06,8.8605
2012-01-07,8.7868
2012-01-08,8.9034
2012-01-09,8.8137
2012-01-10,8.8500
2012-01-11,8.9062
2012-01-12,9.0252
2012-01-13,8.9347
2012-01-14,8.9515
2012-01-15,8.9278
2012-01-16,8.8828
2012-01-17,8.9731
2012-01-18,9.0642
2012-01-19,9.0895
2012-01-20,9.1130
2012-01-21,9.0836
2012-01-22,9.0141
2012-01-23,8.9999
2012-01-24,9.0006
2012-01-25,8.9918
2012-01-26,8.9606
2012-01-27,9.0065
2012-01-28,9.0525
2012-01-29,9.0679
2012-01-30,8.9885
2012-01-31,8.9557
2012-02-01,8.9029
2012-02-02,8.7874
2012-02-03,8.7616
2012-02-04,8.7156
2012-02-05,8.7561
2012-02-06,8.7464
2012-02-07,8.7756
2012-02-08,8.7624
2012-02-09,8.7414
2012-02-10,8.7547
2012-02-11,8.7898
2012-02-12,8.8669
2012-02-13,8.9819
2012-02-14,9.1589
2012-02-15,9.1305
2012-02-16,8.9978
2012-02-17,8.9079
2012-02-18,8.9034
2012-02-19,8.9960
2012-02-20,9.0055
2012-02-21,9.0313
2012-02-22,9.0228
2012-02-23,8.9954
2012-02-24,9.0235
2012-02-25,9.0644
2012-02-26,8.9776
2012-02-27,8.9084
2012-02-28,8.9168
2012-02-29,8.8656
2012-03-01,8.7790
2012-03-02,8.6109
2012-03-03,8.5855
2012-03-04,8.5531
2012-03-05,8.5094
2012-03-06,8.5510
2012-03-07,8.5542
2012-03-08,8.6125
2012-03-09,8.7158
2012-03-10,8.8021
2012-03-11,8.8409
2012-03-12,8.7467
2012-03-13,8.6972
2012-03-14,8.6406
2012-03-15,8.6231
2012-03-16,8.5676
2012-03-17,8.5520
2012-03-18,8.5607
2012-03-19,8.6335
2012-03-20,8.6258
2012-03-21,8.6021
2012-03-22,8.7193
2012-03-23,8.7934
2012-03-24,8.7695
2012-03-25,8.7691
2012-03-26,8.7908
2012-03-27,8.8388
2012-03-28,8.9345
2012-03-29,9.0419
2012-03-30,9.0761
2012-03-31,9.0175
2012-04-01,9.0208
2012-04-02,8.9741
2012-04-03,8.9983
2012-04-04,9.0888
2012-04-05,9.2753
2012-04-06,9.3246
2012-04-07,9.2664
2012-04-08,9.2075
2012-04-09,9.1625
2012-04-10,9.1177
2012-04-11,9.0595
2012-04-12,9.0449
2012-04-13,9.0815
2012-04-14,9.1656
2012-04-15,9.1383
2012-04-16,9.1055
2012-04-17,9.0799
2012-04-18,9.0956
2012-04-19,9.1105
2012-04-20,9.0779
2012-04-21,9.1096
2012-04-22,9.1048
2012-04-23,9.1107
2012-04-24,9.0702
2012-04-25,9.1527
2012-04-26,9.3131
2012-04-27,9.4176
2012-04-28,9.5589
2012-04-29,9.6397
2012-04-30,9.6740
2012-05-01,9.7928
2012-05-02,9.8974
2012-05-03,9.9204
2012-05-04,9.9915
2012-05-05,10.0236
2012-05-06,10.0696
2012-05-07,10.0982
2012-05-08,10.0950
2012-05-09,10.1715
2012-05-10,10.3118
2012-05-11,10.4499
2012-05-12,10.4923
2012-05-13,10.4776
2012-05-14,10.4358
2012-05-15,10.3114
2012-05-16,10.2377
2012-05-17,10.1704
2012-05-18,10.1843
2012-05-19,10.2416
2012-05-20,10.2544
2012-05-21,10.2145
2012-05-22,10.1521
2012-05-23,10.1727
2012-05-24,10.3718
2012-05-25,10.5630
2012-05-26,10.7261
2012-05-27,10.8675
2012-05-28,10.9887
2012-05-29,10.9515
2012-05-30,10.9549
2012-05-31,10.9466
2012-06-01,10.9848
2012-06-02,11.0328
2012-06-03,11.0729
2012-06-04,11.2154
2012-06-05,11.3660
2012-06-06,11.4790
2012-06-07,11.5261
2012-06-08,11.5564
2012-06-09,11.6092
2012-06-10,11.7116
2012-06-11,11.7937
2012-06-12,11.9324
2012-06-13,12.0151
2012-06-14,12.0499
2012-06-15,12.1067
2012-06-16,12.2188
2012-06-17,12.3948
2012-06-18,12.4604
2012-06-19,12.5641
2012-06-20,12.6559
2012-06-21,12.8431
2012-06-22,12.9625
2012-06-23,13.0699
2012-06-24,13.1404
2012-06-25,13.1682
2012-06-26,13.2821
2012-06-27,13.3052
2012-06-28,13.3499
2012-06-29,13.3605
2012-06-30,13.1908
2012-07-01,13.1133
2012-07-02,13.1498
2012-07-03,13.3788
2012-07-04,13.5252
2012-07-05,13.6073
2012-07-06,13.7242
2012-07-07,13.8212
2012-07-08,14.0072
2012-07-09,14.2364
2012-07-10,14.3923
2012-07-11,14.3913
2012-07-12,14.4044
2012-07-13,14.4857
2012-07-14,14.5564
2012-07-15,14.5572
2012-07-16,14.6903
2012-07-17,14.8206
2012-07-18,14.9100
2012-07-19,15.0104
2012-07-20,14.9272
2012-07-21,14.5529
2012-07-22,14.5205
2012-07-23,14.6620
2012-07-24,14.8871
2012-07-25,15.1131
2012-07-26,15.2085
2012-07-27,15.3391
2012-07-28,15.3035
2012-07-29,15.1248
2012-07-30,15.0906
2012-07-31,15.1857
2012-08-01,15.2986
2012-08-02,15.4979
2012-08-03,15.5783
2012-08-04,15.4897
2012-08-05,15.3171
2012-08-06,15.3739
2012-08-07,15.5166
2012-08-08,15.5740
2012-08-09,15.4861
2012-08-10,15.4973
2012-08-11,15.5334
2012-08-12,15.5500
2012-08-13,15.5268
2012-08-14,15.4988
2012-08-15,15.4163
2012-08-16,15.3523
2012-08-17,15.2640
2012-08-18,15.2369
2012-08-19,15.2551
2012-08-20,15.2883
2012-08-21,15.2918
2012-08-22,15.1967
2012-08-23,15.1475
2012-08-24,15.2768
2012-08-25,15.2610
2012-08-26,15.2181
2012-08-27,15.0913
2012-08-28,15.0869
2012-08-29,15.1847
2012-08-30,15.3440
2012-08-31,15.3692
2012-09-01,15.4224
2012-09-02,15.4103
2012-09-03,15.2634
2012-09-04,15.2338
2012-09-05,15.2669
2012-09-06,15.2940
2012-09-07,15.2390
2012-09-08,15.1773
2012-09-09,15.2214
2012-09-10,15.2146
2012-09-11,15.1559
2012-09-12,15.0925
2012-09-13,15.0901
2012-09-14,15.0417
2012-09-15,14.9794
2012-09-16,14.7952
2012-09-17,14.7381
2012-09-18,14.7179
2012-09-19,14.6548
2012-09-20,14.6323
2012-09-21,14.6569
2012-09-22,14.5803
2012-09-23,14.4689
2012-09-24,14.3665
2012-09-25,14.4007
2012-09-26,14.4906
2012-09-27,14.4611
2012-09-28,14.4189
2012-09-29,14.2784
2012-09-30,14.1364
2012-10-01,14.0299
2012-10-02,13.9813
2012-10-03,13.9347
2012-10-04,13.8963
2012-10-05,13.8467
2012-10-06,13.8221
2012-10-07,13.8048
2012-10-08,13.7674
2012-10-09,13.6297
2012-10-10,13.5333
2012-10-11,13.4393
2012-10-12,13.3438
2012-10-13,13.2610
2012-10-14,13.1405
2012-10-15,12.9736
2012-10-16,12.8953
2012-10-17,12.8616
2012-10-18,12.7509
2012-10-19,12.6491
2012-10-20,12.5392
2012-10-21,12.3969
2012-10-22,12.3618
2012-10-23,12.3315
2012-10-24,12.2736
2012-10-25,12.4550
2012-10-26,12.4911
2012-10-27,12.5202
2012-10-28,12.5393
2012-10-29,12.5345
2012-10-30,12.4455
2012-10-31,12.3390
2012-11-01,12.2690
2012-11-02,12.1984
2012-11-03,12.1102
2012-11-04,12.0532
2012-11-05,12.0221
2012-11-06,11.9564
2012-11-07,11.8905
2012-11-08,11.8196
2012-11-09,11.7956
2012-11-10,11.7132
2012-11-11,11.6377
2012-11-12,11.5394
2012-11-13,11.6116
2012-11-14,11.6397
2012-11-15,11.5474
2012-11-16,11.3563
2012-11-17,11.2539
2012-11-18,11.2083
2012-11-19,11.1606
2012-11-20,11.0768
2012-11-21,11.0115
2012-11-22,10.9984
2012-11-23,10.9733
2012-11-24,11.0175
2012-11-25,11.0667
2012-11-26,11.0523
2012-11-27,10.9702
2012-11-28,10.8728
2012-11-29,10.7631
2012-11-30,10.6963
2012-12-01,10.6486
2012-12-02,10.5472
2012-12-03,10.4457
2012-12-04,10.3798
2012-12-05,10.4840
2012-12-06,10.5297
2012-12-07,10.5504
2012-12-08,10.5038
2012-12-09,10.4691
2012-12-10,10.4809
2012-12-11,10.4646
2012-12-12,10.4602
2012-12-13,10.4424
2012-12-14,10.4104
2012-12-15,10.3538
2012-12-16,10.3261
2012-12-17,10.3069
2012-12-18,10.2400
2012-12-19,10.1459
2012-12-20,10.1068
2012-12-21,10.0943
2012-12-22,10.1040
2012-12-23,10.1837
2012-12-24,10.2114
2012-12-25,10.1582
2012-12-26,10.0177
2012-12-27,9.9688
2012-12-28,9.8997
2012-12-29,9.8130
2012-12-30,9.7499
2012-12-31,9.6960
2013-01-01,9.7907
2013-01-02,9.8181
2013-01-03,9.7665
2013-01-04,9.6385
2013-01-05,9.5939
2013-01-06,9.5583
2013-01-07,9.4706
2013-01-08,9.4357
2013-01-09,9.3901
2013-01-10,9.3826
2013-01-11,9.3547
2013-01-12,9.3782
2013-01-13,9.4722
2013-01-14,9.4618
2013-01-15,9.4162
2013-01-16,9.5370
2013-01-17,9.5381
2013-01-18,9.4849
2013-01-19,9.4346
2013-01-20,9.4325
2013-01-21,9.4344
2013-01-22,9.4180
2013-01-23,9.4318
2013-01-24,9.4655
2013-01-25,9.4097
2013-01-26,9.3158
2013-01-27,9.2553
2013-01-28,9.2061
2013-01-29,9.1417
2013-01-30,9.0923
2013-01-31,9.0660
2013-02-01,9.0601
2013-02-02,9.0349
2013-02-03,9.0043
2013-02-04,8.9578
2013-02-05,9.0950
2013-02-06,9.1654
2013-02-07,9.1503
2013-02-08,9.1375
2013-02-09,9.1183
2013-02-10,9.0636
2013-02-11,9.0169
2013-02-12,9.0570
2013-02-13,9.0926
2013-02-14,9.0966
2013-02-15,9.0241
2013-02-16,9.0100
2013-02-17,9.0631
2013-02-18,9.1384
2013-02-19,9.1779
2013-02-20,9.2042
2013-02-21,9.1542
2013-02-22,9.1342
2013-02-23,9.1653
2013-02-24,9.1245
2013-02-25,9.1679
2013-02-26,9.2068
2013-02-27,9.1850
2013-02-28,9.2506
2013-03-01,9.3209
2013-03-02,9.3397
2013-03-03,9.2577
2013-03-04,9.1797
2013-03-05,9.0736
2013-03-06,9.0359
2013-03-07,9.0068
2013-03-08,9.0175
2013-03-09,9.0643
2013-03-10,9.1519
2013-03-11,9.2451
2013-03-12,9.2718
2013-03-13,9.3033
2013-03-14,9.3675
2013-03-15,9.3787
2013-03-16,9.3451
2013-03-17,9.2733
2013-03-18,9.2183
2013-03-19,9.2003
2013-03-20,9.1993
2013-03-21,9.1823
2013-03-22,9.2097
2013-03-23,9.2363
2013-03-24,9.3353
2013-03-25,9.3849
2013-03-26,9.4007
2013-03-27,9.4217
2013-03-28,9.4862
2013-03-29,9.4846
2013-03-30,9.4767
2013-03-31,9.5053
2013-04-01,9.5531
2013-04-02,9.5795
2013-04-03,9.6028
2013-04-04,9.5723
2013-04-05,9.5236
2013-04-06,9.5013
2013-04-07,9.4345
2013-04-08,9.3926
2013-04-09,9.4385
2013-04-10,9.4813
2013-04-11,9.4746
2013-04-12,9.4474
2013-04-13,9.3402
2013-04-14,9.2945
2013-04-15,9.3142
2013-04-16,9.3165
2013-04-17,9.3272
2013-04-18,9.3066
2013-04-19,9.2394
2013-04-20,9.2336
2013-04-21,9.3155
2013-04-22,9.3186
2013-04-23,9.3259
2013-04-24,9.3290
2013-04-25,9.4426
2013-04-26,9.6101
2013-04-27,9.6746
2013-04-28,9.6449
2013-04-29,9.6013
2013-04-30,9.6510
2013-05-01,9.6086
2013-05-02,9.4824
2013-05-03,9.4110
2013-05-04,9.3671
2013-05-05,9.2929
2013-05-06,9.3219
2013-05-07,9.4346
2013-05-08,9.5341
2013-05-09,9.5635
2013-05-10,9.6187
2013-05-11,9.6416
2013-05-12,9.7252
2013-05-13,9.8500
2013-05-14,9.8899
2013-05-15,9.9248
2013-05-16,9.9540
2013-05-17,9.9858
2013-05-18,10.0973
2013-05-19,10.2551
2013-05-20,10.3105
2013-05-21,10.4226
2013-05-22,10.4615
2013-05-23,10.5227
2013-05-24,10.6038
2013-05-25,10.5876
2013-05-26,10.5133
2013-05-27,10.4679
2013-05-28,10.4922
2013-05-29,10.5496
2013-05-30,10.6219
2013-05-31,10.6883
2013-06-01,10.7137
2013-06-02,10.6925
2013-06-03,10.6119
2013-06-04,10.6122
2013-06-05,10.6943
2013-06-06,10.8877
2013-06-07,10.9652
2013-06-08,10.9879
2013-06-09,10.9178
2013-06-10,10.8921
2013-06-11,10.8710
2013-06-12,10.9892
2013-06-13,11.1318
2013-06-14,11.2047
2013-06-15,11.2499
2013-06-16,11.3986
2013-06-17,11.4219
2013-06-18,11.3604
2013-06-19,11.2537
2013-06-20,11.1662
2013-06-21,11.1840
2013-06-22,11.2707
2013-06-23,11.4035
2013-06-24,11.5308
2013-06-25,11.6157
2013-06-26,11.7592
2013-06-27,11.8981
2013-06-28,11.9780
2013-06-29,12.0005
2013-06-30,11.9840
2013-07-01,11.9924
2013-07-02,11.9369
2013-07-03,11.9751
2013-07-04,12.0122
2013-07-05,12.0488
2013-07-06,12.1169
2013-07-07,12.3025
2013-07-08,12.6597
2013-07-09,12.8455
2013-07-10,12.9337
2013-07-11,13.1870
2013-07-12,13.4031
2013-07-13,13.6005
2013-07-14,13.6869
2013-07-15,13.7737
2013-07-16,13.8101
2013-07-17,13.7192
2013-07-18,13.6782
2013-07-19,13.6268
2013-07-20,13.6391
2013-07-21,13.7096
2013-07-22,13.7978
2013-07-23,13.8457
2013-07-24,13.8383
2013-07-25,13.8391
2013-07-26,13.8187
2013-07-27,13.7697
2013-07-28,13.7525
2013-07-29,13.7535
2013-07-30,13.8288
2013-07-31,13.9416
2013-08-01,14.0100
2013-08-02,14.1774
2013-08-03,14.2898
2013-08-04,14.3643
2013-08-05,14.4748
2013-08-06,14.5211
2013-08-07,14.4150
2013-08-08,14.3031
2013-08-09,14.3894
2013-08-10,14.3902
2013-08-11,14.4305
2013-08-12,14.4105
2013-08-13,14.4841
2013-08-14,14.5993
2013-08-15,14.6734
2013-08-16,14.5253
2013-08-17,14.4265
2013-08-18,14.4752
2013-08-19,14.5924
2013-08-20,14.6296
2013-08-21,14.5686
2013-08-22,14.4929
2013-08-23,14.5241
2013-08-24,14.5807
2013-08-25,14.6363
2013-08-26,14.6242
2013-08-27,14.5791
2013-08-28,14.5076
2013-08-29,14.5881
2013-08-30,14.5851
2013-08-31,14.5999
2013-09-01,14.5944
2013-09-02,14.5290
2013-09-03,14.4972
2013-09-04,14.4859
2013-09-05,14.4788
2013-09-06,14.5299
2013-09-07,14.6654
2013-09-08,14.7188
2013-09-09,14.8114
2013-09-10,14.8989
2013-09-11,14.8284
2013-09-12,14.7382
2013-09-13,14.7090
2013-09-14,14.6809
2013-09-15,14.7550
2013-09-16,14.7990
2013-09-17,14.6969
2013-09-18,14.7009
2013-09-19,14.6462
2013-09-20,14.5703
2013-09-21,14.4050
2013-09-22,14.2284
2013-09-23,14.1410
2013-09-24,14.0257
2013-09-25,13.9546
2013-09-26,14.0161
2013-09-27,14.0559
2013-09-28,14.0810
2013-09-29,14.0556
2013-09-30,13.9388
2013-10-01,13.8802
2013-10-02,13.8775
2013-10-03,13.9199
2013-10-04,13.9792
2013-10-05,13.9565
2013-10-06,13.9140
2013-10-07,13.8620
2013-10-08,13.8330
2013-10-09,13.8674
2013-10-10,13.8833
2013-10-11,13.7675
2013-10-12,13.7097
2013-10-13,13.6638
2013-10-14,13.5327
2013-10-15,13.4236
2013-10-16,13.3402
2013-10-17,13.2924
2013-10-18,13.2879
2013-10-19,13.2008
2013-10-20,13.1434
2013-10-21,13.1461
2013-10-22,13.1633
2013-10-23,13.1267
2013-10-24,12.9753
2013-10-25,12.7514
2013-10-26,12.4588
2013-10-27,12.3120
2013-10-28,12.2061
2013-10-29,12.0932
2013-10-30,11.9436
2013-10-31,11.8189
2013-11-01,11.7486
2013-11-02,11.6837
2013-11-03,11.5489
2013-11-04,11.4269
2013-11-05,11.4237
2013-11-06,11.3408
2013-11-07,11.2737
2013-11-08,11.2112
2013-11-09,11.1773
2013-11-10,11.1832
2013-11-11,11.1164
2013-11-12,11.0462
2013-11-13,10.9694
2013-11-14,10.9204
2013-11-15,10.8948
2013-11-16,10.8456
2013-11-17,10.7856
2013-11-18,10.7279
2013-11-19,10.7381
2013-11-20,10.7422
2013-11-21,10.8482
2013-11-22,10.9180
2013-11-23,10.9850
2013-11-24,10.9725
2013-11-25,10.8569
2013-11-26,10.8184
2013-11-27,10.7747
2013-11-28,10.7457
2013-11-29,10.6976
2013-11-30,10.6301
2013-12-01,10.6358
2013-12-02,10.6485
2013-12-03,10.6368
2013-12-04,10.6255
2013-12-05,10.6773
2013-12-06,10.6324
2013-12-07,10.5588
2013-12-08,10.4711
2013-12-09,10.4170
2013-12-10,10.3448
2013-12-11,10.2743
2013-12-12,10.1692
2013-12-13,10.0893
2013-12-14,10.0115
2013-12-15,9.9160
2013-12-16,9.8280
2013-12-17,9.7874
2013-12-18,9.6546
2013-12-19,9.5289
2013-12-20,9.4799
2013-12-21,9.4262
2013-12-22,9.3560
2013-12-23,9.2426
2013-12-24,9.1850
2013-12-25,9.1520
2013-12-26,9.0962
2013-12-27,9.0631
2013-12-28,9.0750
2013-12-29,9.1161
2013-12-30,9.1117
2013-12-31,9.0890
2014-01-01,9.0649
2014-01-02,9.0541
2014-01-03,9.0236
2014-01-04,8.9763
2014-01-05,8.9795
2014-01-06,8.9941
2014-01-07,8.9728
2014-01-08,8.9043
2014-01-09,8.8902
2014-01-10,8.8254
2014-01-11,8.7203
2014-01-12,8.6942
2014-01-13,8.7412
2014-01-14,8.7395
2014-01-15,8.7324
2014-01-16,8.7233
2014-01-17,8.7013
2014-01-18,8.6834
2014-01-19,8.7327
2014-01-20,8.7437
2014-01-21,8.7416
2014-01-22,8.7024
2014-01-23,8.6206
2014-01-24,8.6048
2014-01-25,8.5915
2014-01-26,8.5414
2014-01-27,8.5327
2014-01-28,8.5500
2014-01-29,8.5466
2014-01-30,8.5237
2014-01-31,8.5424
2014-02-01,8.5438
2014-02-02,8.5258
2014-02-03,8.4993
2014-02-04,8.5297
2014-02-05,8.5190
2014-02-06,8.4573
2014-02-07,8.3543
2014-02-08,8.3088
2014-02-09,8.2946
2014-02-10,8.2897
2014-02-11,8.2798
2014-02-12,8.2725
2014-02-13,8.2546
2014-02-14,8.2472
2014-02-15,8.2720
2014-02-16,8.3809
2014-02-17,8.4224
2014-02-18,8.3984
2014-02-19,8.3479
2014-02-20,8.2984
2014-02-21,8.2634
2014-02-22,8.2211
2014-02-23,8.2195
2014-02-24,8.2349
2014-02-25,8.2760
2014-02-26,8.2827
2014-02-27,8.2738
2014-02-28,8.2485
2014-03-01,8.1899
2014-03-02,8.1286
2014-03-03,8.1214
2014-03-04,8.0966
2014-03-05,8.1037
2014-03-06,8.1117
2014-03-07,8.1523
2014-03-08,8.1679
2014-03-09,8.1970
2014-03-10,8.2062
2014-03-11,8.1698
2014-03-12,8.1587
2014-03-13,8.3236
2014-03-14,8.4779
2014-03-15,8.4945
2014-03-16,8.5112
2014-03-17,8.4843
2014-03-18,8.3334
2014-03-19,8.1966
2014-03-20,8.1594
2014-03-21,8.1173
2014-03-22,8.1167
2014-03-23,8.0892
2014-03-24,8.1274
2014-03-25,8.1199
2014-03-26,8.1050
2014-03-27,8.1256
2014-03-28,8.1686
2014-03-29,8.2356
2014-03-30,8.2863
2014-03-31,8.3451
2014-04-01,8.3362
2014-04-02,8.2877
2014-04-03,8.3288
2014-04-04,8.3257
2014-04-05,8.2861
2014-04-06,8.2094
2014-04-07,8.1511
2014-04-08,8.1334
2014-04-09,8.1196
2014-04-10,8.1707
2014-04-11,8.1984
2014-04-12,8.2321
2014-04-13,8.2776
2014-04-14,8.2716
2014-04-15,8.2642
2014-04-16,8.2843
2014-04-17,8.2444
2014-04-18,8.2601
2014-04-19,8.2730
2014-04-20,8.2035
2014-04-21,8.2460
2014-04-22,8.3045
2014-04-23,8.4190
2014-04-24,8.5512
2014-04-25,8.7027
2014-04-26,8.7279
2014-04-27,8.7522
2014-04-28,8.7162
2014-04-29,8.6825
2014-04-30,8.6443
2014-05-01,8.6421
2014-05-02,8.6987
2014-05-03,8.7575
2014-05-04,8.8164
2014-05-05,8.8944
2014-05-06,8.9834
2014-05-07,9.0151
2014-05-08,9.0162
2014-05-09,8.9149
2014-05-10,8.8483
2014-05-11,8.8457
2014-05-12,8.7947
2014-05-13,8.7502
2014-05-14,8.7777
2014-05-15,8.8998
2014-05-16,9.0268
2014-05-17,9.1773
2014-05-18,9.2969
2014-05-19,9.4395
2014-05-20,9.6198
2014-05-21,9.7641
2014-05-22,9.8153
2014-05-23,9.8414
2014-05-24,9.8435
2014-05-25,9.9072
2014-05-26,9.9957
2014-05-27,10.0773
2014-05-28,10.1333
2014-05-29,10.1999
2014-05-30,10.2153
2014-05-31,10.2607
2014-06-01,10.2264
2014-06-02,10.1770
2014-06-03,10.1397
2014-06-04,10.1281
2014-06-05,10.2219
2014-06-06,10.2751
2014-06-07,10.3865
2014-06-08,10.5361
2014-06-09,10.6612
2014-06-10,10.6555
2014-06-11,10.6291
2014-06-12,10.5796
2014-06-13,10.5912
2014-06-14,10.6658
2014-06-15,10.7615
2014-06-16,10.9961
2014-06-17,11.3327
2014-06-18,11.5212
2014-06-19,11.5586
2014-06-20,11.6265
2014-06-21,11.7276
2014-06-22,11.7838
2014-06-23,11.7516
2014-06-24,11.8479
2014-06-25,11.9143
2014-06-26,11.9917
2014-06-27,12.1170
2014-06-28,12.2780
2014-06-29,12.2843
2014-06-30,12.2980
2014-07-01,12.2060
2014-07-02,12.0206
2014-07-03,12.0189
2014-07-04,12.0400
2014-07-05,12.1952
2014-07-06,12.2650
2014-07-07,12.3389
2014-07-08,12.4294
2014-07-09,12.5873
2014-07-10,12.7915
2014-07-11,12.9440
2014-07-12,12.9664
2014-07-13,12.9541
2014-07-14,13.1081
2014-07-15,13.2139
2014-07-16,13.2295
2014-07-17,13.2160
2014-07-18,13.3386
2014-07-19,13.2887
2014-07-20,13.2185
2014-07-21,13.1942
2014-07-22,13.2408
2014-07-23,13.3260
2014-07-24,13.3982
2014-07-25,13.5068
2014-07-26,13.7716
2014-07-27,13.9565
2014-07-28,14.1538
2014-07-29,14.3586
2014-07-30,14.4649
2014-07-31,14.4338
2014-08-01,14.3433
2014-08-02,14.2542
2014-08-03,14.2591
2014-08-04,14.4090
2014-08-05,14.5204
2014-08-06,14.5937
2014-08-07,14.6178
2014-08-08,14.5094
2014-08-09,14.3374
2014-08-10,14.2930
2014-08-11,14.3175
2014-08-12,14.4066
2014-08-13,14.4804
2014-08-14,14.6530
2014-08-15,14.7701
2014-08-16,14.7725
2014-08-17,14.6036
2014-08-18,14.7574
2014-08-19,14.9322
2014-08-20,15.0167
2014-08-21,15.0788
2014-08-22,15.0574
2014-08-23,15.0674
2014-08-24,15.1774
2014-08-25,15.1528
2014-08-26,15.1084
2014-08-27,14.9566
2014-08-28,14.8526
2014-08-29,14.7476
2014-08-30,14.4243
2014-08-31,14.3216
2014-09-01,14.2906
2014-09-02,14.2376
2014-09-03,14.1609
2014-09-04,14.1907
2014-09-05,14.2293
2014-09-06,14.1866
2014-09-07,14.2262
2014-09-08,14.2798
2014-09-09,14.2257
2014-09-10,14.1997
2014-09-11,14.1823
2014-09-12,14.1326
2014-09-13,14.0004
2014-09-14,13.9497
2014-09-15,13.9133
2014-09-16,13.9091
2014-09-17,13.8633
2014-09-18,13.8990
2014-09-19,13.9018
2014-09-20,13.8957
2014-09-21,13.8484
2014-09-22,13.8071
2014-09-23,13.8038
2014-09-24,13.6835
2014-09-25,13.6084
2014-09-26,13.5500
2014-09-27,13.4646
2014-09-28,13.3686
2014-09-29,13.2267
2014-09-30,13.0283
2014-10-01,12.8267
2014-10-02,12.6763
2014-10-03,12.6113
2014-10-04,12.5285
2014-10-05,12.5089
2014-10-06,12.5878
2014-10-07,12.5574
2014-10-08,12.5013
2014-10-09,12.4117
2014-10-10,12.3755
2014-10-11,12.3644
2014-10-12,12.3448
2014-10-13,12.2017
2014-10-14,12.0322
2014-10-15,11.8985
2014-10-16,11.7440
2014-10-17,11.6656
2014-10-18,11.6157
2014-10-19,11.5961
2014-10-20,11.5746
2014-10-21,11.5225
2014-10-22,11.3776
2014-10-23,11.2983
2014-10-24,11.1831
2014-10-25,11.0732
2014-10-26,11.0017
2014-10-27,11.0304
2014-10-28,11.0854
2014-10-29,11.0471
2014-10-30,10.9590
2014-10-31,10.8771
2014-11-01,10.8523
2014-11-02,10.8130
2014-11-03,10.7562
2014-11-04,10.7672
2014-11-05,10.7137
2014-11-06,10.6734
2014-11-07,10.5859
2014-11-08,10.5497
2014-11-09,10.5482
2014-11-10,10.4790
2014-11-11,10.3177
2014-11-12,10.1565
2014-11-13,10.1328
2014-11-14,10.1188
2014-11-15,10.0660
2014-11-16,10.0143
2014-11-17,9.9791
2014-11-18,10.0392
2014-11-19,10.0349
2014-11-20,10.0115
2014-11-21,9.9494
2014-11-22,9.9150
2014-11-23,9.8670
2014-11-24,9.7983
2014-11-25,9.7823
2014-11-26,9.7958
2014-11-27,9.8435
2014-11-28,9.8431
2014-11-29,9.7863
2014-11-30,9.6795
2014-12-01,9.5999
2014-12-02,9.5643
2014-12-03,9.5057
2014-12-04,9.4465
2014-12-05,9.3919
2014-12-06,9.3221
2014-12-07,9.2901
2014-12-08,9.1808
2014-12-09,9.1376
2014-12-10,9.0741
2014-12-11,9.0277
2014-12-12,8.9805
2014-12-13,8.9741
2014-12-14,9.0375
2014-12-15,9.1358
2014-12-16,9.2206
2014-12-17,9.1716
2014-12-18,9.0414
2014-12-19,8.9915
2014-12-20,9.0100
2014-12-21,9.0435
2014-12-22,9.0278
2014-12-23,9.0024
2014-12-24,8.9834
2014-12-25,8.9775
2014-12-26,9.0381
2014-12-27,9.1087
2014-12-28,9.0597
2014-12-29,9.0590
2014-12-30,9.0108
2014-12-31,8.8638
2015-01-01,8.7758
2015-01-02,8.8154
2015-01-03,8.8429
2015-01-04,8.7685
2015-01-05,8.6544
2015-01-06,8.6421
2015-01-07,8.5670
2015-01-08,8.4811
2015-01-09,8.4133
2015-01-10,8.4209
2015-01-11,8.3770
2015-01-12,8.2844
2015-01-13,8.2233
2015-01-14,8.1651
2015-01-15,8.1043
2015-01-16,8.0991
2015-01-17,8.1066
2015-01-18,8.0966
2015-01-19,8.1093
2015-01-20,8.2399
2015-01-21,8.2674
2015-01-22,8.1484
2015-01-23,8.0660
2015-01-24,8.0944
2015-01-25,8.1413
2015-01-26,8.0995
2015-01-27,8.0378
2015-01-28,8.0094
2015-01-29,8.0507
2015-01-30,8.1240
2015-01-31,8.2338
2015-02-01,8.2300
2015-02-02,8.1808
2015-02-03,8.1512
2015-02-04,8.1975
2015-02-05,8.2139
2015-02-06,8.2119
2015-02-07,8.3037
2015-02-08,8.4445
2015-02-09,8.3877
2015-02-10,8.3501
2015-02-11,8.3150
2015-02-12,8.2494
2015-02-13,8.2386
2015-02-14,8.2379
2015-02-15,8.2274
2015-02-16,8.2491
2015-02-17,8.3663
2015-02-18,8.4369
2015-02-19,8.3667
2015-02-20,8.2953
2015-02-21,8.2938
2015-02-22,8.2860
2015-02-23,8.2574
2015-02-24,8.1880
2015-02-25,8.1852
2015-02-26,8.2323
2015-02-27,8.2208
2015-02-28,8.1782
2015-03-01,8.1520
2015-03-02,8.1261
2015-03-03,8.1276
2015-03-04,8.1093
2015-03-05,8.0800
2015-03-06,8.0548
2015-03-07,7.9991
2015-03-08,7.9669
2015-03-09,7.9537
2015-03-10,7.8936
2015-03-11,7.7968
2015-03-12,7.7646
2015-03-13,7.7157
2015-03-14,7.6623
2015-03-15,7.6413
2015-03-16,7.6429
2015-03-17,7.7160
2015-03-18,7.8143
2015-03-19,7.8312
2015-03-20,7.9454
2015-03-21,8.0067
2015-03-22,8.0572
2015-03-23,8.0633
2015-03-24,8.0002
2015-03-25,7.9630
2015-03-26,7.9506
2015-03-27,7.9906
2015-03-28,8.0095
2015-03-29,7.9474
2015-03-30,7.9719
2015-03-31,8.0594
2015-04-01,8.2425
2015-04-02,8.2679
2015-04-03,8.2197
2015-04-04,8.1052
2015-04-05,8.0247
2015-04-06,7.9655
2015-04-07,7.9253
2015-04-08,7.9149
2015-04-09,7.8310
2015-04-10,7.8022
2015-04-11,7.7758
2015-04-12,7.8264
2015-04-13,7.7969
2015-04-14,7.8200
2015-04-15,7.8823
2015-04-16,7.9398
2015-04-17,7.9539
2015-04-18,7.8834
2015-04-19,7.8909
2015-04-20,7.9545
2015-04-21,8.1242
2015-04-22,8.3989
2015-04-23,8.4716
2015-04-24,8.5457
2015-04-25,8.5927
2015-04-26,8.6380
2015-04-27,8.6353
2015-04-28,8.6592
2015-04-29,8.7319
2015-04-30,8.7732
2015-05-01,8.7986
2015-05-02,8.7914
2015-05-03,8.7498
2015-05-04,8.7571
2015-05-05,8.8104
2015-05-06,8.8862
2015-05-07,8.8306
2015-05-08,8.8008
2015-05-09,8.7290
2015-05-10,8.6452
2015-05-11,8.5963
2015-05-12,8.5627
2015-05-13,8.6240
2015-05-14,8.6891
2015-05-15,8.7108
2015-05-16,8.7875
2015-05-17,8.8987
2015-05-18,8.9166
2015-05-19,8.9176
2015-05-20,8.9552
2015-05-21,9.0430
2015-05-22,8.9949
2015-05-23,9.2156
2015-05-24,9.4429
2015-05-25,9.5640
2015-05-26,9.6602
2015-05-27,9.7462
2015-05-28,9.7875
2015-05-29,9.6722
2015-05-30,9.5857
2015-05-31,9.4583
2015-06-01,9.3479
2015-06-02,9.3968
2015-06-03,9.5381
2015-06-04,9.6607
2015-06-05,9.6926
2015-06-06,9.6603
2015-06-07,9.6362
2015-06-08,9.7412
2015-06-09,9.8879
2015-06-10,10.0055
2015-06-11,10.0919
2015-06-12,10.1674
2015-06-13,10.3292
2015-06-14,10.4394
2015-06-15,10.2613
2015-06-16,10.2705
2015-06-17,10.3095
2015-06-18,10.3951
2015-06-19,10.5287
2015-06-20,10.6966
2015-06-21,10.7281
2015-06-22,10.7351
2015-06-23,10.7445
2015-06-24,10.6703
2015-06-25,10.6162
2015-06-26,10.6372
2015-06-27,10.6764
2015-06-28,10.7949
2015-06-29,10.7892
2015-06-30,10.7888
2015-07-01,10.8315
2015-07-02,10.8585
2015-07-03,10.9123
2015-07-04,10.9412
2015-07-05,10.9833
2015-07-06,11.0655
2015-07-07,11.1035
2015-07-08,11.1772
2015-07-09,11.2375
2015-07-10,11.2463
2015-07-11,11.2844
2015-07-12,11.3974
2015-07-13,11.5121
2015-07-14,11.5658
2015-07-15,11.5903
2015-07-16,11.6523
2015-07-17,11.7897
2015-07-18,11.8591
2015-07-19,11.9471
2015-07-20,12.0395
2015-07-21,12.2278
2015-07-22,12.4200
2015-07-23,12.5058
2015-07-24,12.4579
2015-07-25,12.3230
2015-07-26,12.3913
2015-07-27,12.4913
2015-07-28,12.6202
2015-07-29,12.7511
2015-07-30,12.7941
2015-07-31,12.7942
2015-08-01,12.7610
2015-08-02,12.7310
2015-08-03,12.6962
2015-08-04,12.7023
2015-08-05,12.7519
2015-08-06,12.8237
2015-08-07,12.8721
2015-08-08,12.8172
2015-08-09,12.8014
2015-08-10,12.8897
2015-08-11,12.9367
2015-08-12,12.7781
2015-08-13,12.7674
2015-08-14,12.8491
2015-08-15,12.8051
2015-08-16,12.7218
2015-08-17,12.7189
2015-08-18,12.7632
2015-08-19,12.7857
2015-08-20,12.8332
2015-08-21,12.9529
2015-08-22,12.9881
2015-08-23,12.9744
2015-08-24,12.9025
2015-08-25,12.8584
2015-08-26,12.8631
2015-08-27,12.8869
2015-08-28,12.9155
2015-08-29,12.9588
2015-08-30,13.0307
2015-08-31,13.1556
2015-09-01,13.2700
2015-09-02,13.3696
2015-09-03,13.4880
2015-09-04,13.5199
2015-09-05,13.5191
2015-09-06,13.5091
2015-09-07,13.3526
2015-09-08,13.0898
2015-09-09,12.9863
2015-09-10,13.0127
2015-09-11,13.0032
2015-09-12,12.9859
2015-09-13,12.8700
2015-09-14,12.7451
2015-09-15,12.6957
2015-09-16,12.6926
2015-09-17,12.7228
2015-09-18,12.6202
2015-09-19,12.5579
2015-09-20,12.5549
2015-09-21,12.5232
2015-09-22,12.5325
2015-09-23,12.5457
2015-09-24,12.5868
2015-09-25,12.5397
2015-09-26,12.4725
2015-09-27,12.3552
2015-09-28,12.3214
2015-09-29,12.4066
2015-09-30,12.4643
2015-10-01,12.4708
2015-10-02,12.3835
2015-10-03,12.2611
2015-10-04,12.1855
2015-10-05,12.1122
2015-10-06,11.9942
2015-10-07,11.9460
2015-10-08,11.9210
2015-10-09,11.8864
2015-10-10,11.8670
2015-10-11,11.8889
2015-10-12,11.8385
2015-10-13,11.8231
2015-10-14,11.8235
2015-10-15,11.9360
2015-10-16,12.0032
2015-10-17,11.9474
2015-10-18,11.9647
2015-10-19,11.9858
2015-10-20,11.7894
2015-10-21,11.6344
2015-10-22,11.5282
2015-10-23,11.4214
2015-10-24,11.3591
2015-10-25,11.2694
2015-10-26,11.2309
2015-10-27,11.1381
2015-10-28,10.9835
2015-10-29,10.8802
2015-10-30,10.8250
2015-10-31,10.8101
2015-11-01,10.7428
2015-11-02,10.6778
2015-11-03,10.6152
2015-11-04,10.6016
2015-11-05,10.5828
2015-11-06,10.5217
2015-11-07,10.5000
2015-11-08,10.4541
2015-11-09,10.3397
2015-11-10,10.2993
2015-11-11,10.2346
2015-11-12,10.1350
2015-11-13,10.0661
2015-11-14,9.9803
2015-11-15,10.0152
2015-11-16,10.0411
2015-11-17,9.9466
2015-11-18,9.9006
2015-11-19,9.8318
2015-11-20,9.7594
2015-11-21,9.6748
2015-11-22,9.6884
2015-11-23,9.7966
2015-11-24,10.0740
2015-11-25,10.0736
2015-11-26,9.8290
2015-11-27,9.6874
2015-11-28,9.5971
2015-11-29,9.5364
2015-11-30,9.6492
2015-12-01,9.6512
2015-12-02,9.6186
2015-12-03,9.5698
2015-12-04,9.4769
2015-12-05,9.3881
2015-12-06,9.3163
2015-12-07,9.2705
2015-12-08,9.2275
2015-12-09,9.2310
2015-12-10,9.2320
2015-12-11,9.2709
2015-12-12,9.2724
2015-12-13,9.2558
2015-12-14,9.2315
2015-12-15,9.2697
2015-12-16,9.2321
2015-12-17,9.1792
2015-12-18,9.1313
2015-12-19,9.2835
2015-12-20,9.3134
2015-12-21,9.2045
2015-12-22,9.0549
2015-12-23,8.9823
2015-12-24,8.9823
2015-12-25,8.9134
2015-12-26,8.8770
2015-12-27,8.7938
2015-12-28,8.7224
2015-12-29,8.6904
2015-12-30,8.6065
2015-12-31,8.5543
2016-01-01,8.5392
2016-01-02,8.5294
2016-01-03,8.4656
2016-01-04,8.4218
2016-01-05,8.3412
2016-01-06,8.2718
2016-01-07,8.2753
2016-01-08,8.2166
2016-01-09,8.1346
2016-01-10,8.2255
2016-01-11,8.2647
2016-01-12,8.2721
2016-01-13,8.2848
2016-01-14,8.2944
2016-01-15,8.2357
2016-01-16,8.2403
2016-01-17,8.2625
2016-01-18,8.2592
2016-01-19,8.2946
2016-01-20,8.3249
2016-01-21,8.3458
2016-01-22,8.3473
2016-01-23,8.2925
2016-01-24,8.2011
2016-01-25,8.1906
2016-01-26,8.1956
2016-01-27,8.2353
2016-01-28,8.2117
2016-01-29,8.1740
2016-01-30,8.2301
2016-01-31,8.2868
2016-02-01,8.2967
2016-02-02,8.2604
2016-02-03,8.2387
2016-02-04,8.2515
2016-02-05,8.2610
2016-02-06,8.2075
2016-02-07,8.1000
2016-02-08,8.1024
2016-02-09,8.1143
2016-02-10,8.0862
2016-02-11,8.0704
2016-02-12,8.0194
2016-02-13,8.0309
2016-02-14,8.0616
2016-02-15,8.0278
2016-02-16,7.9561
2016-02-17,7.9513
2016-02-18,7.9118
2016-02-19,7.9177
2016-02-20,8.0065
2016-02-21,8.0764
2016-02-22,8.1446
2016-02-23,8.1037
2016-02-24,8.0346
2016-02-25,7.9239
2016-02-26,7.8896
2016-02-27,7.8943
2016-02-28,7.8436
2016-02-29,7.8295
2016-03-01,7.8026
2016-03-02,7.8418
2016-03-03,7.8420
2016-03-04,7.7975
2016-03-05,7.7651
2016-03-06,7.7705
2016-03-07,7.7586
2016-03-08,7.7837
2016-03-09,7.7272
2016-03-10,7.7073
2016-03-11,7.6873
2016-03-12,7.7251
2016-03-13,7.7999
2016-03-14,7.9317
2016-03-15,7.9454
2016-03-16,8.0149
2016-03-17,8.0781
2016-03-18,8.1332
2016-03-19,8.1685
2016-03-20,8.1777
2016-03-21,8.1090
2016-03-22,8.0323
2016-03-23,7.9611
2016-03-24,7.9089
2016-03-25,7.8852
2016-03-26,7.8674
2016-03-27,7.8307
2016-03-28,7.8113
2016-03-29,7.7983
2016-03-30,7.8259
2016-03-31,7.7661
2016-04-01,7.7459
2016-04-02,7.7404
2016-04-03,7.7848
2016-04-04,7.8419
2016-04-05,7.8448
2016-04-06,7.7322
2016-04-07,7.7127
2016-04-08,7.8109
2016-04-09,7.8822
2016-04-10,7.8808
2016-04-11,7.8331
2016-04-12,7.8113
2016-04-13,7.8573
2016-04-14,7.9179
2016-04-15,8.0702
2016-04-16,8.1147
2016-04-17,8.2092
2016-04-18,8.2897
2016-04-19,8.4199
2016-04-20,8.5711
2016-04-21,8.5169
2016-04-22,8.6130
2016-04-23,8.7821
2016-04-24,8.7160
2016-04-25,8.7741
2016-04-26,8.8239
2016-04-27,8.8609
2016-04-28,8.9272
2016-04-29,8.9192
2016-04-30,8.9190
2016-05-01,8.8227
2016-05-02,8.8959
2016-05-03,8.8101
2016-05-04,8.8013
2016-05-05,8.9533
2016-05-06,9.0367
2016-05-07,9.2161
2016-05-08,9.2236
2016-05-09,9.2753
2016-05-10,9.3268
2016-05-11,9.4827
2016-05-12,9.5777
2016-05-13,9.6416
2016-05-14,9.6282
2016-05-15,9.7304
2016-05-16,9.6320
2016-05-17,9.5511
2016-05-18,9.5396
2016-05-19,9.5997
2016-05-20,9.6771
2016-05-21,9.7479
2016-05-22,9.8128
2016-05-23,9.7763
2016-05-24,9.7388
2016-05-25,10.0270
2016-05-26,10.0765
2016-05-27,10.0794
2016-05-28,10.0491
2016-05-29,10.0061
2016-05-30,10.1141
2016-05-31,10.1408
2016-06-01,10.2718
2016-06-02,10.4007
2016-06-03,10.3891
2016-06-04,10.5381
2016-06-05,10.6146
2016-06-06,10.8107
2016-06-07,10.8436
2016-06-08,10.8851
2016-06-09,10.9776
2016-06-10,11.0823
2016-06-11,11.0945
2016-06-12,11.1590
2016-06-13,11.2105
2016-06-14,11.2378
2016-06-15,11.3263
2016-06-16,11.3420
2016-06-17,11.3713
2016-06-18,11.3393
2016-06-19,11.3469
2016-06-20,11.2876
2016-06-21,11.2766
2016-06-22,11.4633
2016-06-23,11.5957
2016-06-24,11.7774
2016-06-25,11.9003
2016-06-26,11.9858
2016-06-27,11.8418
2016-06-28,11.9882
2016-06-29,12.0517
2016-06-30,12.0163
2016-07-01,12.2971
2016-07-02,12.3900
2016-07-03,12.3416
2016-07-04,12.4368
2016-07-05,12.5035
2016-07-06,12.5802
2016-07-07,12.6060
2016-07-08,12.5403
2016-07-09,12.5362
2016-07-10,12.6578
2016-07-11,12.8155
2016-07-12,12.8323
2016-07-13,12.7195
2016-07-14,12.6866
2016-07-15,12.7409
2016-07-16,12.8120
2016-07-17,12.9010
2016-07-18,12.9695
2016-07-19,13.0490
2016-07-20,13.0559
2016-07-21,13.1781
2016-07-22,13.2821
2016-07-23,13.3553
2016-07-24,13.5243
2016-07-25,13.5431
2016-07-26,13.5614
2016-07-27,13.5455
2016-07-28,13.6689
2016-07-29,13.8031
2016-07-30,13.9260
2016-07-31,13.9343
2016-08-01,14.0780
2016-08-02,14.2561
2016-08-03,14.4111
2016-08-04,14.4781
2016-08-05,14.4831
2016-08-06,14.4789
2016-08-07,14.5824
2016-08-08,14.6142
2016-08-09,14.6165
2016-08-10,14.7799
2016-08-11,14.7567
2016-08-12,14.7810
2016-08-13,14.7508
2016-08-14,14.5913
2016-08-15,14.4963
2016-08-16,14.5348
2016-08-17,14.5614
2016-08-18,14.5615
2016-08-19,14.5618
2016-08-20,14.4936
2016-08-21,14.4805
2016-08-22,14.5051
2016-08-23,14.5415
2016-08-24,14.5877
2016-08-25,14.6274
2016-08-26,14.6482
2016-08-27,14.6432
2016-08-28,14.5625
2016-08-29,14.4765
2016-08-30,14.3785
2016-08-31,14.3031
2016-09-01,14.2646
2016-09-02,14.3036
2016-09-03,14.2193
2016-09-04,14.1559
2016-09-05,14.1375
2016-09-06,14.1028
2016-09-07,14.0376
2016-09-08,13.8760
2016-09-09,13.7413
2016-09-10,13.6593
2016-09-11,13.5915
2016-09-12,13.6301
2016-09-13,13.6541
2016-09-14,13.5851
2016-09-15,13.5746
2016-09-16,13.5025
2016-09-17,13.4016
2016-09-18,13.3243
2016-09-19,13.1925
2016-09-20,13.0944
2016-09-21,13.1073
2016-09-22,13.1129
2016-09-23,13.0832
2016-09-24,13.0217
2016-09-25,12.9919
2016-09-26,12.9545
2016-09-27,12.8631
2016-09-28,12.7931
2016-09-29,12.7106
2016-09-30,12.6068
2016-10-01,12.3971
2016-10-02,12.2261
2016-10-03,12.1381
2016-10-04,12.0274
2016-10-05,11.9719
2016-10-06,11.9313
2016-10-07,11.8689
2016-10-08,11.8101
2016-10-09,11.7544
2016-10-10,11.7038
2016-10-11,11.6991
2016-10-12,11.7288
2016-10-13,11.7622
2016-10-14,11.7645
2016-10-15,11.7623
2016-10-16,11.6525
2016-10-17,11.6425
2016-10-18,11.6280
2016-10-19,11.5721
2016-10-20,11.4040
2016-10-21,11.3315
2016-10-22,11.2767
2016-10-23,11.4104
2016-10-24,11.5344
2016-10-25,11.4222
2016-10-26,11.3959
2016-10-27,11.2935
2016-10-28,11.1577
2016-10-29,11.0367
2016-10-30,10.9901
2016-10-31,10.9814
2016-11-01,10.9529
2016-11-02,10.9537
2016-11-03,10.9977
2016-11-04,11.0457
2016-11-05,10.9501
2016-11-06,10.8441
2016-11-07,10.8491
2016-11-08,10.8296
2016-11-09,10.8285
2016-11-10,10.8207
2016-11-11,10.8330
2016-11-12,10.9004
2016-11-13,10.8928
2016-11-14,10.8450
2016-11-15,10.7955
2016-11-16,10.7686
2016-11-17,10.7005
2016-11-18,10.5776
2016-11-19,10.4632
2016-11-20,10.4559
2016-11-21,10.5097
2016-11-22,10.6387
2016-11-23,10.7319
2016-11-24,10.7221
2016-11-25,10.6362
2016-11-26,10.5951
2016-11-27,10.5070
2016-11-28,10.4886
2016-11-29,10.4503
2016-11-30,10.4396
2016-12-01,10.4354
2016-12-02,10.4715
2016-12-03,10.4918
2016-12-04,10.4420
2016-12-05,10.4307
2016-12-06,10.4351
2016-12-07,10.4011
2016-12-08,10.2787
2016-12-09,10.1995
2016-12-10,10.1512
2016-12-11,10.0539
2016-12-12,9.9644
2016-12-13,9.8537
2016-12-14,9.7722
2016-12-15,9.7447
2016-12-16,9.6854
2016-12-17,9.7150
2016-12-18,9.7123
2016-12-19,9.6538
2016-12-20,9.6419
2016-12-21,9.6149
2016-12-22,9.5729
2016-12-23,9.4990
2016-12-24,9.4190
2016-12-25,9.3653
2016-12-26,9.2965
2016-12-27,9.2605
2016-12-28,9.2027
2016-12-29,9.2246
2016-12-30,9.2986
2016-12-31,9.3509
2017-01-01,9.3829
2017-01-02,9.4339
2017-01-03,9.4218
2017-01-04,9.3542
2017-01-05,9.2906
2017-01-06,9.2398
2017-01-07,9.1935
2017-01-08,9.2282
2017-01-09,9.1357
2017-01-10,9.0742
2017-01-11,9.0507
2017-01-12,9.1166
2017-01-13,9.1567
2017-01-14,9.2122
2017-01-15,9.0440
2017-01-16,9.0084
2017-01-17,9.0175
2017-01-18,9.0585
2017-01-19,9.0421
2017-01-20,8.9950
2017-01-21,9.0456
2017-01-22,9.0630
2017-01-23,9.0620
2017-01-24,9.0241
2017-01-25,9.0592
2017-01-26,9.0766
2017-01-27,9.0758
2017-01-28,9.1732
2017-01-29,9.0757
2017-01-30,9.0817
2017-01-31,9.0530
2017-02-01,8.9383
2017-02-02,8.8045
2017-02-03,8.7783
2017-02-04,8.7369
2017-02-05,8.6291
2017-02-06,8.6028
2017-02-07,8.5631
2017-02-08,8.4255
2017-02-09,8.4476
2017-02-10,8.4825
2017-02-11,8.6341
2017-02-12,8.6800
2017-02-13,8.6993
2017-02-14,8.6646
2017-02-15,8.7468
2017-02-16,8.7150
2017-02-17,8.6877
2017-02-18,8.5947
2017-02-19,8.6419
2017-02-20,8.6583
2017-02-21,8.5848
2017-02-22,8.6483
2017-02-23,8.6949
2017-02-24,8.6869
2017-02-25,8.5349
2017-02-26,8.4465
2017-02-27,8.4772
2017-02-28,8.5203
2017-03-01,8.5011
2017-03-02,8.4799
2017-03-03,8.4659
2017-03-04,8.4885
2017-03-05,8.4955
2017-03-06,8.4734
2017-03-07,8.4492
2017-03-08,8.4657
2017-03-09,8.4791
2017-03-10,8.5067
2017-03-11,8.4878
2017-03-12,8.4615
2017-03-13,8.4558
2017-03-14,8.4219
2017-03-15,8.3880
2017-03-16,8.3929
2017-03-17,8.4338
2017-03-18,8.4302
2017-03-19,8.4034
2017-03-20,8.3416
2017-03-21,8.2861
2017-03-22,8.3358
2017-03-23,8.4063
2017-03-24,8.4231
2017-03-25,8.4877
2017-03-26,8.5323
2017-03-27,8.5595
2017-03-28,8.5319
2017-03-29,8.5274
2017-03-30,8.4817
2017-03-31,8.4777
2017-04-01,8.4502
2017-04-02,8.4425
2017-04-03,8.4612
2017-04-04,8.5643
2017-04-05,8.6138
2017-04-06,8.6454
2017-04-07,8.7219
2017-04-08,8.7061
2017-04-09,8.7086
2017-04-10,8.7528
2017-04-11,8.8026
2017-04-12,8.8342
2017-04-13,8.9035
2017-04-14,8.9549
2017-04-15,8.9731
2017-04-16,8.9446
2017-04-17,9.0254
2017-04-18,9.0762
2017-04-19,9.1938
2017-04-20,9.3298
2017-04-21,9.4134
2017-04-22,9.4906
2017-04-23,9.6078
2017-04-24,9.6324
2017-04-25,9.6207
2017-04-26,9.4825
2017-04-27,9.2683
2017-04-28,9.1586
2017-04-29,9.1112
2017-04-30,9.0899
2017-05-01,9.1299
2017-05-02,9.2349
2017-05-03,9.3970
2017-05-04,9.4599
2017-05-05,9.4669
2017-05-06,9.4517
2017-05-07,9.4704
2017-05-08,9.4942
2017-05-09,9.4896
2017-05-10,9.4296
2017-05-11,9.4105
2017-05-12,9.4303
2017-05-13,9.4792
2017-05-14,9.4931
2017-05-15,9.5206
2017-05-16,9.5739
2017-05-17,9.6971
2017-05-18,9.8435
2017-05-19,9.9287
2017-05-20,9.9647
2017-05-21,9.9949
2017-05-22,10.0883
2017-05-23,10.1921
2017-05-24,10.3004
2017-05-25,10.3243
2017-05-26,10.3762
2017-05-27,10.4105
2017-05-28,10.4396
2017-05-29,10.4345
2017-05-30,10.3994
2017-05-31,10.3557
2017-06-01,10.3638
2017-06-02,10.3800
2017-06-03,10.3714
2017-06-04,10.4428
2017-06-05,10.5107
2017-06-06,10.6107
2017-06-07,10.6567
2017-06-08,10.6910
2017-06-09,10.6928
2017-06-10,10.7032
2017-06-11,10.7296
2017-06-12,10.7313
2017-06-13,10.7222
2017-06-14,10.7382
2017-06-15,10.7788
2017-06-16,10.7780
2017-06-17,10.8716
2017-06-18,11.0071
2017-06-19,11.0603
2017-06-20,11.0506
2017-06-21,11.0752
2017-06-22,11.1073
2017-06-23,11.0996
2017-06-24,11.1541
2017-06-25,11.3513
2017-06-26,11.5459
2017-06-27,11.6944
2017-06-28,11.8417
2017-06-29,11.9075
2017-06-30,11.9225
2017-07-01,11.8973
2017-07-02,12.0136
2017-07-03,12.0851
2017-07-04,12.0963
2017-07-05,12.0621
2017-07-06,12.1800
2017-07-07,12.3621
2017-07-08,12.3903
2017-07-09,12.4479
2017-07-10,12.5233
2017-07-11,12.6605
2017-07-12,12.7602
2017-07-13,12.7549
2017-07-14,12.7622
2017-07-15,12.7938
2017-07-16,12.8670
2017-07-17,12.8677
2017-07-18,12.9364
2017-07-19,13.0977
2017-07-20,13.1976
2017-07-21,13.2695
2017-07-22,13.3849
2017-07-23,13.4287
2017-07-24,13.2913
2017-07-25,13.1949
2017-07-26,13.0550
2017-07-27,13.0281
2017-07-28,13.1466
2017-07-29,13.2181
2017-07-30,13.2430
2017-07-31,13.1884
2017-08-01,13.1122
2017-08-02,13.1044
2017-08-03,13.1972
2017-08-04,13.2886
2017-08-05,13.3879
2017-08-06,13.6266
2017-08-07,13.7555
2017-08-08,13.7678
2017-08-09,13.7460
2017-08-10,13.7639
2017-08-11,13.8374
2017-08-12,13.9373
2017-08-13,13.9262
2017-08-14,13.9267
2017-08-15,13.9705
2017-08-16,14.0119
2017-08-17,14.0394
2017-08-18,14.0207
2017-08-19,14.0126
2017-08-20,13.9785
2017-08-21,14.0077
2017-08-22,13.9576
2017-08-23,14.0059
2017-08-24,14.1114
2017-08-25,14.1414
2017-08-26,14.0772
2017-08-27,14.0088
2017-08-28,14.0308
2017-08-29,14.1311
2017-08-30,14.2380
2017-08-31,14.2991
2017-09-01,14.3219
2017-09-02,14.2236
2017-09-03,14.2039
2017-09-04,14.2026
2017-09-05,14.2191
2017-09-06,14.1793
2017-09-07,14.1160
2017-09-08,14.0612
2017-09-09,14.0084
2017-09-10,13.9776
2017-09-11,13.9054
2017-09-12,13.9416
2017-09-13,14.0209
2017-09-14,14.0865
2017-09-15,14.1198
2017-09-16,14.1281
2017-09-17,14.0920
2017-09-18,14.0489
2017-09-19,14.0248
2017-09-20,13.9751
2017-09-21,13.8795
2017-09-22,13.6156
2017-09-23,13.4900
2017-09-24,13.3811
2017-09-25,13.2516
2017-09-26,13.1860
2017-09-27,13.1371
2017-09-28,13.0874
2017-09-29,12.9907
2017-09-30,12.9090
2017-10-01,12.8473
2017-10-02,12.8445
2017-10-03,12.8375
2017-10-04,12.7153
2017-10-05,12.7055
2017-10-06,12.7500
2017-10-07,12.8050
2017-10-08,12.8053
2017-10-09,12.8061
2017-10-10,12.7814
2017-10-11,12.6383
2017-10-12,12.5110
2017-10-13,12.4746
2017-10-14,12.4167
2017-10-15,12.3802
2017-10-16,12.3937
2017-10-17,12.3847
2017-10-18,12.3181
2017-10-19,12.2204
2017-10-20,12.1480
2017-10-21,12.0721
2017-10-22,11.9619
2017-10-23,11.8053
2017-10-24,11.7436
2017-10-25,11.7706
2017-10-26,11.8277
2017-10-27,11.8834
2017-10-28,11.8086
2017-10-29,11.7038
2017-10-30,11.6236
2017-10-31,11.6994
2017-11-01,11.8097
2017-11-02,11.7354
2017-11-03,11.6128
2017-11-04,11.4510
2017-11-05,11.3549
2017-11-06,11.2813
2017-11-07,11.2369
2017-11-08,11.2180
2017-11-09,11.2179
2017-11-10,11.1972
2017-11-11,11.1365
2017-11-12,11.0465
2017-11-13,10.9769
2017-11-14,10.9181
2017-11-15,10.8730
2017-11-16,10.9031
2017-11-17,11.0314
2017-11-18,10.9809
2017-11-19,10.9085
2017-11-20,10.9026
2017-11-21,11.0328
2017-11-22,11.0490
2017-11-23,11.0360
2017-11-24,11.0165
2017-11-25,10.9873
2017-11-26,11.0186
2017-11-27,11.0217
2017-11-28,10.9919
2017-11-29,11.0080
2017-11-30,10.9799
2017-12-01,10.9830
2017-12-02,11.0537
2017-12-03,10.9821
2017-12-04,10.8982
2017-12-05,10.8750
2017-12-06,10.8784
2017-12-07,10.8881
2017-12-08,10.8647
2017-12-09,10.8462
2017-12-10,10.7399
2017-12-11,10.6103
2017-12-12,10.5918
2017-12-13,10.5854
2017-12-14,10.6114
2017-12-15,10.6658
2017-12-16,10.6033
2017-12-17,10.4968
2017-12-18,10.4725
2017-12-19,10.4834
2017-12-20,10.5581
2017-12-21,10.5294
2017-12-22,10.5197
2017-12-23,10.5717
2017-12-24,10.5467
2017-12-25,10.4936
2017-12-26,10.3979
2017-12-27,10.3517
2017-12-28,10.3367
2017-12-29,10.2736
2017-12-30,10.1989
2017-12-31,10.1591
2018-01-01,10.0871
2018-01-02,9.9607
2018-01-03,9.9206
2018-01-04,9.9385
2018-01-05,9.9630
2018-01-06,9.9612
2018-01-07,9.9495
2018-01-08,9.8604
2018-01-09,9.7999
2018-01-10,9.7838
2018-01-11,9.7427
2018-01-12,9.7230
2018-01-13,9.6824
2018-01-14,9.6389
2018-01-15,9.5884
2018-01-16,9.4995
2018-01-17,9.4546
2018-01-18,9.4210
2018-01-19,9.4019
2018-01-20,9.3760
2018-01-21,9.3831
2018-01-22,9.3150
2018-01-23,9.2248
2018-01-24,9.1713
2018-01-25,9.1396
2018-01-26,9.0948
2018-01-27,9.0401
2018-01-28,9.0201
2018-01-29,9.0308
2018-01-30,8.9997
2018-01-31,9.0048
2018-02-01,9.0028
2018-02-02,9.0267
2018-02-03,9.0474
2018-02-04,9.0148
2018-02-05,8.9583
2018-02-06,8.8842
2018-02-07,8.8457
2018-02-08,8.8475
2018-02-09,8.7766
2018-02-10,8.7107
2018-02-11,8.7007
2018-02-12,8.7018
2018-02-13,8.6325
2018-02-14,8.6164
2018-02-15,8.6603
2018-02-16,8.7085
2018-02-17,8.7123
2018-02-18,8.6581
2018-02-19,8.5941
2018-02-20,8.5296
2018-02-21,8.4949
2018-02-22,8.4801
2018-02-23,8.5074
2018-02-24,8.4916
2018-02-25,8.5431
2018-02-26,8.6037
2018-02-27,8.7134
2018-02-28,8.7610
2018-03-01,8.6885
2018-03-02,8.5760
2018-03-03,8.5593
2018-03-04,8.6021
2018-03-05,8.6297
2018-03-06,8.6173
2018-03-07,8.5523
2018-03-08,8.5431
2018-03-09,8.5473
2018-03-10,8.5341
2018-03-11,8.4962
2018-03-12,8.4347
2018-03-13,8.3952
2018-03-14,8.3230
2018-03-15,8.3655
2018-03-16,8.4515
2018-03-17,8.4899
2018-03-18,8.5249
2018-03-19,8.5293
2018-03-20,8.4937
2018-03-21,8.4424
2018-03-22,8.4011
2018-03-23,8.4004
2018-03-24,8.4389
2018-03-25,8.4430
2018-03-26,8.5165
2018-03-27,8.5268
2018-03-28,8.5272
2018-03-29,8.5657
2018-03-30,8.6609
2018-03-31,8.6989
2018-04-01,8.7789
2018-04-02,8.7629
2018-04-03,8.7453
2018-04-04,8.7723
2018-04-05,8.7936
2018-04-06,8.7866
2018-04-07,8.7276
2018-04-08,8.7144
2018-04-09,8.7435
2018-04-10,8.7206
2018-04-11,8.6970
2018-04-12,8.7118
2018-04-13,8.6876
2018-04-14,8.5841
2018-04-15,8.5193
2018-04-16,8.4913
2018-04-17,8.4796
2018-04-18,8.4804
2018-04-19,8.5153
2018-04-20,8.5272
2018-04-21,8.5553
2018-04-22,8.5230
2018-04-23,8.4940
2018-04-24,8.5510
2018-04-25,8.6241
2018-04-26,8.6337
2018-04-27,8.6462
2018-04-28,8.7475
2018-04-29,8.8421
2018-04-30,8.8179
2018-05-01,8.8283
2018-05-02,8.8874
2018-05-03,8.9044
2018-05-04,8.8962
2018-05-05,8.8793
2018-05-06,8.9124
2018-05-07,8.8684
2018-05-08,8.7349
2018-05-09,8.6987
2018-05-10,8.6778
2018-05-11,8.7710
2018-05-12,8.8840
2018-05-13,9.0139
2018-05-14,9.0420
2018-05-15,9.0433
2018-05-16,9.0363
2018-05-17,8.9703
2018-05-18,8.9477
2018-05-19,8.9539
2018-05-20,8.9666
2018-05-21,9.0775
2018-05-22,9.1696
2018-05-23,9.1835
2018-05-24,9.2419
2018-05-25,9.3227
2018-05-26,9.3377
2018-05-27,9.2751
2018-05-28,9.2721
2018-05-29,9.3205
2018-05-30,9.4614
2018-05-31,9.6686
2018-06-01,9.7794
2018-06-02,9.9020
2018-06-03,10.0254
2018-06-04,10.0631
2018-06-05,10.0876
2018-06-06,10.1231
2018-06-07,10.1498
2018-06-08,10.1700
2018-06-09,10.2091
2018-06-10,10.3080
2018-06-11,10.4025
2018-06-12,10.4312
2018-06-13,10.4262
2018-06-14,10.4627
2018-06-15,10.4626
2018-06-16,10.4870
2018-06-17,10.5329
2018-06-18,10.5201
2018-06-19,10.6114
2018-06-20,10.6734
2018-06-21,10.7564
2018-06-22,10.8068
2018-06-23,10.8088
2018-06-24,10.8118
2018-06-25,10.9458
2018-06-26,11.1482
2018-06-27,11.3192
2018-06-28,11.3490
2018-06-29,11.4403
2018-06-30,11.4546
2018-07-01,11.5219
2018-07-02,11.5663
2018-07-03,11.5885
2018-07-04,11.6046
2018-07-05,11.6617
2018-07-06,11.7129
2018-07-07,11.7653
2018-07-08,11.8455
2018-07-09,11.9544
2018-07-10,12.0572
2018-07-11,12.1905
2018-07-12,12.2443
2018-07-13,12.2511
2018-07-14,12.1789
2018-07-15,12.1767
2018-07-16,12.2058
2018-07-17,12.3802
2018-07-18,12.4907
2018-07-19,12.6811
2018-07-20,12.7604
2018-07-21,12.9121
2018-07-22,12.9313
2018-07-23,12.8676
2018-07-24,12.7725
2018-07-25,12.6811
2018-07-26,12.5728
2018-07-27,12.5607
2018-07-28,12.5278
2018-07-29,12.4770
2018-07-30,12.4550
2018-07-31,12.4773
2018-08-01,12.6285
2018-08-02,12.7199
2018-08-03,12.7681
2018-08-04,12.7953
2018-08-05,12.8860
2018-08-06,12.9858
2018-08-07,13.0944
2018-08-08,13.2316
2018-08-09,13.2925
2018-08-10,13.3256
2018-08-11,13.5326
2018-08-12,13.6702
2018-08-13,13.6352
2018-08-14,13.6625
2018-08-15,13.7618
2018-08-16,13.8102
2018-08-17,13.7611
2018-08-18,13.6811
2018-08-19,13.7079
2018-08-20,13.7070
2018-08-21,13.6862
2018-08-22,13.7221
2018-08-23,13.8680
2018-08-24,13.8895
2018-08-25,13.8197
2018-08-26,13.7859
2018-08-27,13.7846
2018-08-28,13.8244
2018-08-29,13.8719
2018-08-30,13.8468
2018-08-31,13.7187
2018-09-01,13.6925
2018-09-02,13.6714
2018-09-03,13.6829
2018-09-04,13.8454
2018-09-05,13.9031
2018-09-06,13.8760
2018-09-07,13.7862
2018-09-08,13.7660
2018-09-09,13.6997
2018-09-10,13.5524
2018-09-11,13.5122
2018-09-12,13.5203
2018-09-13,13.5362
2018-09-14,13.4906
2018-09-15,13.4183
2018-09-16,13.3479
2018-09-17,13.2195
2018-09-18,13.0912
2018-09-19,13.0433
2018-09-20,12.9672
2018-09-21,12.9542
2018-09-22,12.9690
2018-09-23,13.0104
2018-09-24,12.9746
2018-09-25,12.9500
2018-09-26,12.9405
2018-09-27,12.9807
2018-09-28,12.9670
2018-09-29,12.9551
2018-09-30,13.0201
2018-10-01,13.1131
2018-10-02,13.0664
2018-10-03,12.9766
2018-10-04,12.9396
2018-10-05,12.8658
2018-10-06,12.8422
2018-10-07,12.7487
2018-10-08,12.6568
2018-10-09,12.5899
2018-10-10,12.4760
2018-10-11,12.3412
2018-10-12,12.2338
2018-10-13,12.1719
2018-10-14,12.0881
2018-10-15,11.9295
2018-10-16,11.8410
2018-10-17,11.7730
2018-10-18,11.6781
2018-10-19,11.6692
2018-10-20,11.5939
2018-10-21,11.5600
2018-10-22,11.5494
2018-10-23,11.5414
2018-10-24,11.5105
2018-10-25,11.4738
2018-10-26,11.4971
2018-10-27,11.5074
2018-10-28,11.5287
2018-10-29,11.5328
2018-10-30,11.5325
2018-10-31,11.4980
2018-11-01,11.4546
2018-11-02,11.3201
2018-11-03,11.2504
2018-11-04,11.2012
2018-11-05,11.0725
2018-11-06,10.9854
2018-11-07,10.9530
2018-11-08,10.8683
2018-11-09,10.7863
2018-11-10,10.7465
2018-11-11,10.7869
2018-11-12,10.7541
2018-11-13,10.6463
2018-11-14,10.5563
2018-11-15,10.4806
2018-11-16,10.4073
2018-11-17,10.3279
2018-11-18,10.2463
2018-11-19,10.1681
2018-11-20,10.1545
2018-11-21,10.1441
2018-11-22,10.1655
2018-11-23,10.1498
2018-11-24,10.0963
2018-11-25,9.9798
2018-11-26,9.9348
2018-11-27,9.9420
2018-11-28,9.8866
2018-11-29,9.9210
2018-11-30,9.9853
2018-12-01,9.9747
2018-12-02,9.9167
2018-12-03,9.8740
2018-12-04,9.8418
2018-12-05,9.8513
2018-12-06,9.8378
2018-12-07,9.8138
2018-12-08,9.7806
2018-12-09,9.7259
2018-12-10,9.6754
2018-12-11,9.6081
2018-12-12,9.5008
2018-12-13,9.4091
2018-12-14,9.3656
2018-12-15,9.3616
2018-12-16,9.3639
2018-12-17,9.3979
2018-12-18,9.4302
2018-12-19,9.4840
2018-12-20,9.4656
2018-12-21,9.3913
2018-12-22,9.3581
2018-12-23,9.3367
2018-12-24,9.3052
2018-12-25,9.2471
2018-12-26,9.2664
2018-12-27,9.2716
2018-12-28,9.3072
2018-12-29,9.2554
2018-12-30,9.2281
2018-12-31,9.2138
2019-01-01,9.1672
2019-01-02,9.1975
2019-01-03,9.1518
2019-01-04,9.0958
2019-01-05,9.0505
2019-01-06,8.9590
2019-01-07,8.9556
2019-01-08,9.0247
2019-01-09,9.0588
2019-01-10,9.0324
2019-01-11,9.0549
2019-01-12,9.0764
2019-01-13,9.0726
2019-01-14,9.0182
2019-01-15,8.9412
2019-01-16,8.8985
2019-01-17,8.8802
2019-01-18,8.9338
2019-01-19,8.9843
2019-01-20,8.9244
2019-01-21,8.8858
2019-01-22,8.9281
2019-01-23,8.9831
2019-01-24,8.9766
2019-01-25,8.9725
2019-01-26,8.9988
2019-01-27,8.9507
2019-01-28,8.8892
2019-01-29,8.8407
2019-01-30,8.8245
2019-01-31,8.8613
2019-02-01,8.8764
2019-02-02,8.8911
2019-02-03,8.8192
2019-02-04,8.7281
2019-02-05,8.7125
2019-02-06,8.7453
2019-02-07,8.7221
2019-02-08,8.7034
2019-02-09,8.7088
2019-02-10,8.6586
2019-02-11,8.6027
2019-02-12,8.5680
2019-02-13,8.5610
2019-02-14,8.5301
2019-02-15,8.4257
2019-02-16,8.3711
2019-02-17,8.3425
2019-02-18,8.3889
2019-02-19,8.4276
2019-02-20,8.4870
2019-02-21,8.5606
2019-02-22,8.5593
2019-02-23,8.5591
2019-02-24,8.6025
2019-02-25,8.6420
2019-02-26,8.6671
2019-02-27,8.6487
2019-02-28,8.5642
2019-03-01,8.4963
2019-03-02,8.4630
2019-03-03,8.4758
2019-03-04,8.5245
2019-03-05,8.5534
2019-03-06,8.5588
2019-03-07,8.5236
2019-03-08,8.4682
2019-03-09,8.5197
2019-03-10,8.5503
2019-03-11,8.4847
2019-03-12,8.4452
2019-03-13,8.4981
2019-03-14,8.5417
2019-03-15,8.5743
2019-03-16,8.5896
2019-03-17,8.6037
2019-03-18,8.5850
2019-03-19,8.5346
2019-03-20,8.4998
2019-03-21,8.3958
2019-03-22,8.3244
2019-03-23,8.3496
2019-03-24,8.4721
2019-03-25,8.5868
2019-03-26,8.6120
2019-03-27,8.5530
2019-03-28,8.5053
2019-03-29,8.4730
2019-03-30,8.3564
2019-03-31,8.3052
2019-04-01,8.3215
2019-04-02,8.3438
2019-04-03,8.4245
2019-04-04,8.4914
2019-04-05,8.5389
2019-04-06,8.5566
2019-04-07,8.6316
2019-04-08,8.6506
2019-04-09,8.6314
2019-04-10,8.6099
2019-04-11,8.6484
2019-04-12,8.6280
2019-04-13,8.5742
2019-04-14,8.5656
2019-04-15,8.6303
2019-04-16,8.6544
2019-04-17,8.6757
2019-04-18,8.6361
2019-04-19,8.6269
2019-04-20,8.5721
2019-04-21,8.5232
2019-04-22,8.5034
2019-04-23,8.4533
2019-04-24,8.4509
2019-04-25,8.4187
2019-04-26,8.4700
2019-04-27,8.5571
2019-04-28,8.5836
2019-04-29,8.6653
2019-04-30,8.7686
2019-05-01,8.7814
2019-05-02,8.7491
2019-05-03,8.8222
2019-05-04,8.8534
2019-05-05,8.8525
2019-05-06,8.8989
2019-05-07,8.9776
2019-05-08,9.1333
2019-05-09,9.2204
2019-05-10,9.2675
2019-05-11,9.3084
2019-05-12,9.3068
2019-05-13,9.2014
2019-05-14,9.1959
2019-05-15,9.1978
2019-05-16,9.2203
2019-05-17,9.3530
2019-05-18,9.5207
2019-05-19,9.6236
2019-05-20,9.6917
2019-05-21,9.7257
2019-05-22,9.7607
2019-05-23,9.8069
2019-05-24,9.8758
2019-05-25,9.8731
2019-05-26,9.9116
2019-05-27,10.0174
2019-05-28,10.0734
2019-05-29,10.0923
2019-05-30,10.0582
2019-05-31,10.0409
2019-06-01,10.0943
2019-06-02,10.1425
2019-06-03,10.2014
2019-06-04,10.3017
2019-06-05,10.4062
2019-06-06,10.4498
2019-06-07,10.5484
2019-06-08,10.6343
2019-06-09,10.7196
2019-06-10,10.8246
2019-06-11,10.8238
2019-06-12,10.9186
2019-06-13,11.0723
2019-06-14,11.1711
2019-06-15,11.2237
2019-06-16,11.3722
2019-06-17,11.5801
2019-06-18,11.8659
2019-06-19,11.9982
2019-06-20,11.9929
2019-06-21,12.1082
2019-06-22,12.2600
2019-06-23,12.4258
2019-06-24,12.5029
2019-06-25,12.6467
2019-06-26,12.7500
2019-06-27,12.8139
2019-06-28,12.8900
2019-06-29,12.9873
2019-06-30,13.0458
2019-07-01,13.1236
2019-07-02,13.1996
2019-07-03,13.3586
2019-07-04,13.4664
2019-07-05,13.5429
2019-07-06,13.7210
2019-07-07,13.8727
2019-07-08,13.9572
2019-07-09,14.1203
2019-07-10,14.3234
2019-07-11,14.4612
2019-07-12,14.4030
2019-07-13,14.3026
2019-07-14,14.1875
2019-07-15,14.1675
2019-07-16,14.1173
2019-07-17,14.1009
2019-07-18,14.1791
2019-07-19,14.2593
2019-07-20,14.2821
2019-07-21,14.4096
2019-07-22,14.4763
2019-07-23,14.4673
2019-07-24,14.4967
2019-07-25,14.5202
2019-07-26,14.5500
2019-07-27,14.6382
2019-07-28,14.6899
2019-07-29,14.7621
2019-07-30,14.7201
2019-07-31,14.7013
2019-08-01,14.6669
2019-08-02,14.6362
2019-08-03,14.6680
2019-08-04,14.7852
2019-08-05,14.9020
2019-08-06,15.0792
2019-08-07,15.1375
2019-08-08,15.1172
2019-08-09,15.1476
2019-08-10,15.1982
2019-08-11,15.2378
2019-08-12,15.1685
2019-08-13,15.2145
2019-08-14,15.0313
2019-08-15,14.8233
2019-08-16,14.7019
2019-08-17,14.6878
2019-08-18,14.7210
2019-08-19,14.7332
2019-08-20,14.7704
2019-08-21,14.8371
2019-08-22,14.8368
2019-08-23,14.8135
2019-08-24,14.7345
2019-08-25,14.6262
2019-08-26,14.6098
2019-08-27,14.5849
2019-08-28,14.5784
2019-08-29,14.5471
2019-08-30,14.5599
2019-08-31,14.5575
2019-09-01,14.5474
2019-09-02,14.5010
2019-09-03,14.4829
2019-09-04,14.4735
2019-09-05,14.5763
2019-09-06,14.6074
2019-09-07,14.5760
2019-09-08,14.5271
2019-09-09,14.4936
2019-09-10,14.3573
2019-09-11,14.3183
2019-09-12,14.2842
2019-09-13,14.2592
2019-09-14,14.2200
2019-09-15,14.2597
2019-09-16,14.2771
2019-09-17,14.2314
2019-09-18,14.1987
2019-09-19,14.1751
2019-09-20,14.1384
2019-09-21,14.0714
2019-09-22,13.8990
2019-09-23,13.8329
2019-09-24,13.7571
2019-09-25,13.7034
2019-09-26,13.6439
2019-09-27,13.6485
2019-09-28,13.5382
2019-09-29,13.5324
2019-09-30,13.5221
2019-10-01,13.5068
2019-10-02,13.4668
2019-10-03,13.3344
2019-10-04,13.0882
2019-10-05,12.8507
2019-10-06,12.7064
2019-10-07,12.5968
2019-10-08,12.4632
2019-10-09,12.2551
2019-10-10,12.1843
2019-10-11,12.1596
2019-10-12,12.1282
2019-10-13,12.0997
2019-10-14,12.0276
2019-10-15,11.9356
2019-10-16,11.8747
2019-10-17,11.8348
2019-10-18,11.8259
2019-10-19,11.8574
2019-10-20,11.8892
2019-10-21,11.8833
2019-10-22,11.8195
2019-10-23,11.7432
2019-10-24,11.6858
2019-10-25,11.6544
2019-10-26,11.6127
2019-10-27,11.5468
2019-10-28,11.5932
2019-10-29,11.5750
2019-10-30,11.5809
2019-10-31,11.5557
2019-11-01,11.5332
2019-11-02,11.4594
2019-11-03,11.4392
2019-11-04,11.3979
2019-11-05,11.2928
2019-11-06,11.2308
2019-11-07,11.1144
2019-11-08,10.9907
2019-11-09,10.9074
2019-11-10,10.7495
2019-11-11,10.6576
2019-11-12,10.6041
2019-11-13,10.5702
2019-11-14,10.5660
2019-11-15,10.6083
2019-11-16,10.6018
2019-11-17,10.5173
2019-11-18,10.4236
2019-11-19,10.4057
2019-11-20,10.3544
2019-11-21,10.3214
2019-11-22,10.3982
2019-11-23,10.4161
2019-11-24,10.4264
2019-11-25,10.3618
2019-11-26,10.3513
2019-11-27,10.4094
2019-11-28,10.4634
2019-11-29,10.4898
2019-11-30,10.4758
2019-12-01,10.4958
2019-12-02,10.5069
2019-12-03,10.4940
2019-12-04,10.4633
2019-12-05,10.3976
2019-12-06,10.3266
2019-12-07,10.2743
2019-12-08,10.1869
2019-12-09,10.0480
2019-12-10,9.9610
2019-12-11,9.8871
2019-12-12,9.7866
2019-12-13,9.6977
2019-12-14,9.6897
2019-12-15,9.6984
2019-12-16,9.7129
2019-12-17,9.6641
2019-12-18,9.6747
2019-12-19,9.6863
2019-12-20,9.6290
2019-12-21,9.6073
2019-12-22,9.6173
2019-12-23,9.6594
2019-12-24,9.6650
2019-12-25,9.6708
2019-12-26,9.6178
2019-12-27,9.5641
2019-12-28,9.5355
2019-12-29,9.5387
2019-12-30,9.5226
2019-12-31,9.4675
2020-01-01,9.3909
2020-01-02,9.3531
2020-01-03,9.3562
2020-01-04,9.3719
2020-01-05,9.3379
2020-01-06,9.2518
2020-01-07,9.2028
2020-01-08,9.2534
2020-01-09,9.1568
2020-01-10,9.0596
2020-01-11,8.9857
2020-01-12,8.9139
2020-01-13,8.8943
2020-01-14,8.9614
2020-01-15,8.9987
2020-01-16,9.0402
2020-01-17,9.1172
2020-01-18,9.1431
2020-01-19,9.1435
2020-01-20,9.1474
2020-01-21,9.1593
2020-01-22,9.1849
2020-01-23,9.1382
2020-01-24,8.9974
2020-01-25,8.9600
2020-01-26,8.9513
2020-01-27,8.9562
2020-01-28,8.9357
2020-01-29,8.9225
2020-01-30,8.9144
2020-01-31,8.8503
2020-02-01,8.8208
2020-02-02,8.8339
2020-02-03,8.8338
2020-02-04,8.8113
2020-02-05,8.8957
2020-02-06,8.8797
2020-02-07,8.8455
2020-02-08,8.7850
2020-02-09,8.7541
2020-02-10,8.7497
2020-02-11,8.7437
2020-02-12,8.6732
2020-02-13,8.5967
2020-02-14,8.5367
2020-02-15,8.4758
2020-02-16,8.5065
2020-02-17,8.5449
2020-02-18,8.4528
2020-02-19,8.3862
2020-02-20,8.4247
2020-02-21,8.4690
2020-02-22,8.5040
2020-02-23,8.4539
2020-02-24,8.3670
2020-02-25,8.3648
2020-02-26,8.2805
2020-02-27,8.2544
2020-02-28,8.2501
2020-02-29,8.2233
2020-03-01,8.2259
2020-03-02,8.2628
2020-03-03,8.2969
2020-03-04,8.3053
2020-03-05,8.3023
2020-03-06,8.2663
2020-03-07,8.2474
2020-03-08,8.2116
2020-03-09,8.1117
2020-03-10,8.0215
2020-03-11,8.0273
2020-03-12,8.0614
2020-03-13,8.0746
2020-03-14,8.0849
2020-03-15,8.0830
2020-03-16,8.0861
2020-03-17,8.1196
2020-03-18,8.1271
2020-03-19,8.1028
2020-03-20,8.0043
2020-03-21,7.9274
2020-03-22,7.9387
2020-03-23,7.9723
2020-03-24,7.9523
2020-03-25,7.9421
2020-03-26,7.9948
2020-03-27,8.1028
2020-03-28,8.1321
2020-03-29,8.2733
2020-03-30,8.4421
2020-03-31,8.5045
2020-04-01,8.5042
2020-04-02,8.5074
2020-04-03,8.4478
2020-04-04,8.2617
2020-04-05,8.2312
2020-04-06,8.2356
2020-04-07,8.2435
2020-04-08,8.2777
2020-04-09,8.3316
2020-04-10,8.3835
2020-04-11,8.4332
2020-04-12,8.4822
2020-04-13,8.5650
2020-04-14,8.5532
2020-04-15,8.5250
2020-04-16,8.4622
2020-04-17,8.4987
2020-04-18,8.4446
2020-04-19,8.3582
2020-04-20,8.3493
2020-04-21,8.5543
2020-04-22,8.7852
2020-04-23,8.9591
2020-04-24,8.9724
2020-04-25,8.9464
2020-04-26,8.8809
2020-04-27,8.7773
2020-04-28,8.6770
2020-04-29,8.6903
2020-04-30,8.8212
2020-05-01,8.9486
2020-05-02,9.1018
2020-05-03,9.2371
2020-05-04,9.3793
2020-05-05,9.5650
2020-05-06,9.6394
2020-05-07,9.6658
2020-05-08,9.7176
2020-05-09,9.7907
2020-05-10,9.7918
2020-05-11,9.7507
2020-05-12,9.7434
2020-05-13,9.8335
2020-05-14,9.9345
2020-05-15,9.9980
2020-05-16,9.9894
2020-05-17,9.9507
2020-05-18,9.9527
2020-05-19,9.9434
2020-05-20,9.8740
2020-05-21,9.7977
2020-05-22,9.7986
2020-05-23,9.7474
2020-05-24,9.7346
2020-05-25,9.7793
2020-05-26,9.8202
2020-05-27,9.8565
2020-05-28,9.8523
2020-05-29,9.8798
2020-05-30,10.0657
2020-05-31,10.2042
2020-06-01,10.3307
2020-06-02,10.4897
2020-06-03,10.7077
2020-06-04,10.8388
2020-06-05,10.9629
2020-06-06,10.9938
2020-06-07,11.0101
2020-06-08,11.0976
2020-06-09,11.2900
2020-06-10,11.3812
2020-06-11,11.4540
2020-06-12,11.4963
2020-06-13,11.5075
2020-06-14,11.5819
2020-06-15,11.6588
2020-06-16,11.7162
2020-06-17,11.7004
2020-06-18,11.7059
2020-06-19,11.6898
2020-06-20,11.4601
2020-06-21,11.3464
2020-06-22,11.2504
2020-06-23,11.2455
2020-06-24,11.2979
2020-06-25,11.4977
2020-06-26,11.5772
2020-06-27,11.6392
2020-06-28,11.6480
2020-06-29,11.6328
2020-06-30,11.5730
2020-07-01,11.5639
2020-07-02,11.5923
2020-07-03,11.5609
2020-07-04,11.6488
2020-07-05,11.7677
2020-07-06,11.8677
2020-07-07,11.9568
2020-07-08,12.0425
2020-07-09,12.1140
2020-07-10,12.1710
2020-07-11,12.2526
2020-07-12,12.5244
2020-07-13,12.8151
2020-07-14,12.9459
2020-07-15,13.0154
2020-07-16,13.1224
2020-07-17,13.2569
2020-07-18,13.3910
2020-07-19,13.5847
2020-07-20,13.7226
2020-07-21,13.8364
2020-07-22,13.9680
2020-07-23,14.0286
2020-07-24,14.0290
2020-07-25,14.0637
2020-07-26,14.0176
2020-07-27,13.9903
2020-07-28,13.9646
2020-07-29,13.9656
2020-07-30,14.0089
2020-07-31,14.0676
2020-08-01,14.1233
2020-08-02,14.0973
2020-08-03,14.0459
2020-08-04,14.0158
2020-08-05,14.0021
2020-08-06,14.0053
2020-08-07,14.0288
2020-08-08,14.0759
2020-08-09,14.0872
2020-08-10,14.1239
2020-08-11,14.1599
2020-08-12,14.3354
2020-08-13,14.4912
2020-08-14,14.4836
2020-08-15,14.4979
2020-08-16,14.5139
2020-08-17,14.5015
2020-08-18,14.4750
2020-08-19,14.4465
2020-08-20,14.4600
2020-08-21,14.4391
2020-08-22,14.4697
2020-08-23,14.4872
2020-08-24,14.4761
2020-08-25,14.5135
2020-08-26,14.5733
2020-08-27,14.6167
2020-08-28,14.6347
2020-08-29,14.5080
2020-08-30,14.5044
2020-08-31,14.5668
2020-09-01,14.5414
2020-09-02,14.4457
2020-09-03,14.4386
2020-09-04,14.5160
2020-09-05,14.6339
2020-09-06,14.7120
2020-09-07,14.7025
2020-09-08,14.6762
2020-09-09,14.6658
2020-09-10,14.6301
2020-09-11,14.5794
2020-09-12,14.5286
2020-09-13,14.3886
2020-09-14,14.3330
2020-09-15,14.2833
2020-09-16,14.2027
2020-09-17,14.1994
2020-09-18,14.1687
2020-09-19,14.0825
2020-09-20,14.0180
2020-09-21,13.9908
2020-09-22,13.9083
2020-09-23,13.8116
2020-09-24,13.7458
2020-09-25,13.6764
2020-09-26,13.5960
2020-09-27,13.5543
2020-09-28,13.4966
2020-09-29,13.4678
2020-09-30,13.4377
2020-10-01,13.4229
2020-10-02,13.4230
2020-10-03,13.4212
2020-10-04,13.3556
2020-10-05,13.2745
2020-10-06,13.2264
2020-10-07,13.1612
2020-10-08,13.1280
2020-10-09,13.1120
2020-10-10,13.1181
2020-10-11,13.1127
2020-10-12,13.1018
2020-10-13,13.0733
2020-10-14,13.0291
2020-10-15,12.9920
2020-10-16,12.9230
2020-10-17,12.8991
2020-10-18,12.8580
2020-10-19,12.7819
2020-10-20,12.7038
2020-10-21,12.6027
2020-10-22,12.4436
2020-10-23,12.3257
2020-10-24,12.2211
2020-10-25,12.1062
2020-10-26,12.0346
2020-10-27,11.8994
2020-10-28,11.7518
2020-10-29,11.4952
2020-10-30,11.3545
2020-10-31,11.2735
2020-11-01,11.1783
2020-11-02,11.1690
2020-11-03,11.1996
2020-11-04,11.1315
2020-11-05,11.0446
2020-11-06,10.9261
2020-11-07,10.8982
2020-11-08,10.8159
2020-11-09,10.7389
2020-11-10,10.6757
2020-11-11,10.6480
2020-11-12,10.6548
2020-11-13,10.6483
2020-11-14,10.6252
2020-11-15,10.5750
2020-11-16,10.5431
2020-11-17,10.5212
2020-11-18,10.5379
2020-11-19,10.5160
2020-11-20,10.4754
2020-11-21,10.4354
2020-11-22,10.3514
2020-11-23,10.2953
2020-11-24,10.2284
2020-11-25,10.1589
2020-11-26,10.0439
2020-11-27,10.0284
2020-11-28,10.0103
2020-11-29,9.9347
2020-11-30,9.8965
2020-12-01,9.8888
2020-12-02,9.8890
2020-12-03,9.8989
2020-12-04,9.8919
2020-12-05,9.8476
2020-12-06,9.8599
2020-12-07,9.8645
2020-12-08,9.8382
2020-12-09,9.8323
2020-12-10,9.7775
2020-12-11,9.7386
2020-12-12,9.7146
2020-12-13,9.6517
2020-12-14,9.5869
2020-12-15,9.5655
2020-12-16,9.5345
2020-12-17,9.4837
2020-12-18,9.4058
2020-12-19,9.3291
2020-12-20,9.3254
2020-12-21,9.3324
2020-12-22,9.3325
2020-12-23,9.3059
2020-12-24,9.2918
2020-12-25,9.2971
2020-12-26,9.3409
2020-12-27,9.3626
2020-12-28,9.3439
2020-12-29,9.3125
2020-12-30,9.3039
2020-12-31,9.2981
2021-01-01,9.2965
2021-01-02,9.2871
2021-01-03,9.2602
2021-01-04,9.2540
2021-01-05,9.2543
2021-01-06,9.2638
2021-01-07,9.2609
2021-01-08,9.2817
2021-01-09,9.2838
2021-01-10,9.2578
2021-01-11,9.2238
2021-01-12,9.2185
2021-01-13,9.2059
2021-01-14,9.2153
2021-01-15,9.2153
2021-01-16,9.2034
2021-01-17,9.2189
2021-01-18,9.2188
2021-01-19,9.2430
2021-01-20,9.2112
2021-01-21,9.1810
2021-01-22,9.1541
2021-01-23,9.1809
2021-01-24,9.2060
2021-01-25,9.2017
2021-01-26,9.2260
2021-01-27,9.2258
2021-01-28,9.2154
2021-01-29,9.1903
2021-01-30,9.1450
2021-01-31,9.1403
2021-02-01,9.1497
2021-02-02,9.1205
2021-02-03,9.1435
2021-02-04,9.1842
2021-02-05,9.2359
2021-02-06,9.2829
2021-02-07,9.3000
2021-02-08,9.2596
2021-02-09,9.2511
2021-02-10,9.2417
2021-02-11,9.2290
2021-02-12,9.2138
2021-02-13,9.1979
2021-02-14,9.1970
2021-02-15,9.2119
2021-02-16,9.1965
2021-02-17,9.1933
2021-02-18,9.1702
2021-02-19,9.1052
2021-02-20,9.0168
2021-02-21,8.9740
2021-02-22,8.9372
2021-02-23,8.8943
2021-02-24,8.8728
2021-02-25,8.8482
2021-02-26,8.8379
2021-02-27,8.8084
2021-02-28,8.8130
2021-03-01,8.8481
2021-03-02,8.8571
2021-03-03,8.8788
2021-03-04,8.8553
2021-03-05,8.8651
2021-03-06,8.8585
2021-03-07,8.8238
2021-03-08,8.8052
2021-03-09,8.7837
2021-03-10,8.7867
2021-03-11,8.7622
2021-03-12,8.8235
2021-03-13,8.8376
2021-03-14,8.9219
2021-03-15,8.9057
2021-03-16,8.9687
2021-03-17,8.9634
2021-03-18,8.9473
2021-03-19,8.9448
2021-03-20,8.9612
2021-03-21,8.9223
2021-03-22,8.9505
2021-03-23,8.9544
2021-03-24,8.9467
2021-03-25,8.9020
2021-03-26,8.8133
2021-03-27,8.7386
2021-03-28,8.7074
2021-03-29,8.7248
2021-03-30,8.7628
2021-03-31,8.8506
2021-04-01,8.9243
2021-04-02,8.9603
2021-04-03,8.9901
2021-04-04,9.0076
2021-04-05,9.0446
2021-04-06,9.1262
2021-04-07,9.2050
2021-04-08,9.2327
2021-04-09,9.2294
2021-04-10,9.2430
2021-04-11,9.2565
2021-04-12,9.2740
2021-04-13,9.3390
2021-04-14,9.4014
2021-04-15,9.4584
2021-04-16,9.4704
2021-04-17,9.4623
2021-04-18,9.4685
2021-04-19,9.4635
2021-04-20,9.4653
2021-04-21,9.4673
2021-04-22,9.4633
2021-04-23,9.5346
2021-04-24,9.6788
2021-04-25,9.7714
2021-04-26,9.8237
2021-04-27,9.8287
2021-04-28,9.8144
2021-04-29,9.9003
2021-04-30,9.9500
2021-05-01,9.9825
2021-05-02,10.0296
2021-05-03,10.0147
2021-05-04,10.0119
2021-05-05,10.0291
2021-05-06,10.0700
2021-05-07,10.0993
2021-05-08,10.0945
2021-05-09,10.0382
2021-05-10,10.0364
2021-05-11,10.0808
2021-05-12,10.1043
2021-05-13,10.1254
2021-05-14,10.1192
2021-05-15,10.1456
2021-05-16,10.1984
2021-05-17,10.2473
2021-05-18,10.2875
2021-05-19,10.3664
2021-05-20,10.3836
2021-05-21,10.3680
2021-05-22,10.3203
2021-05-23,10.3032
2021-05-24,10.3166
2021-05-25,10.2998
2021-05-26,10.2428
2021-05-27,10.2100
2021-05-28,10.2481
2021-05-29,10.2627
2021-05-30,10.2480
2021-05-31,10.2635
2021-06-01,10.2722
2021-06-02,10.3149
2021-06-03,10.3517
2021-06-04,10.3533
2021-06-05,10.3623
2021-06-06,10.4388
2021-06-07,10.5594
2021-06-08,10.6248
2021-06-09,10.6041
2021-06-10,10.6399
2021-06-11,10.7157
2021-06-12,10.7200
2021-06-13,10.7288
2021-06-14,10.7140
2021-06-15,10.6615
2021-06-16,10.6611
2021-06-17,10.7027
2021-06-18,10.7788
2021-06-19,10.9315
2021-06-20,11.1346
2021-06-21,11.1600
2021-06-22,11.2000
2021-06-23,11.2509
2021-06-24,11.3641
2021-06-25,11.5561
2021-06-26,11.8701
2021-06-27,12.1164
2021-06-28,12.3487
2021-06-29,12.3976
2021-06-30,12.4032
2021-07-01,12.4117
2021-07-02,12.4129
2021-07-03,12.4122
2021-07-04,12.4964
2021-07-05,12.5744
2021-07-06,12.6580
2021-07-07,12.7305
2021-07-08,12.7714
2021-07-09,12.7451
2021-07-10,12.7586
2021-07-11,12.7953
2021-07-12,12.8710
2021-07-13,12.9178
2021-07-14,12.9219
2021-07-15,13.0315
2021-07-16,13.2731
2021-07-17,13.5125
2021-07-18,13.7095
2021-07-19,13.8830
2021-07-20,13.9841
2021-07-21,14.0760
2021-07-22,14.1648
2021-07-23,14.2336
2021-07-24,14.3011
2021-07-25,14.3758
2021-07-26,14.3815
2021-07-27,14.4083
2021-07-28,14.4614
2021-07-29,14.5081
2021-07-30,14.5881
2021-07-31,14.6483
2021-08-01,14.6922
2021-08-02,14.7164
2021-08-03,14.6841
2021-08-04,14.5489
2021-08-05,14.4779
2021-08-06,14.4954
2021-08-07,14.5761
2021-08-08,14.5580
2021-08-09,14.4450
2021-08-10,14.3291
2021-08-11,14.2801
2021-08-12,14.2870
2021-08-13,14.3361
2021-08-14,14.4534
2021-08-15,14.5243
2021-08-16,14.5752
2021-08-17,14.6056
2021-08-18,14.6417
2021-08-19,14.6762
2021-08-20,14.6973
2021-08-21,14.7189
2021-08-22,14.6882
2021-08-23,14.6592
2021-08-24,14.6755
2021-08-25,14.7267
2021-08-26,14.7440
2021-08-27,14.8428
2021-08-28,14.8922
2021-08-29,14.9611
2021-08-30,14.9826
2021-08-31,14.9883
2021-09-01,15.0029
2021-09-02,15.0256
2021-09-03,15.0679
2021-09-04,15.1225
2021-09-05,15.1281
2021-09-06,15.1619
2021-09-07,15.1508
2021-09-08,15.1454
2021-09-09,15.1541
2021-09-10,15.1428
2021-09-11,15.1531
2021-09-12,15.0886
2021-09-13,14.9704
2021-09-14,14.8560
2021-09-15,14.7974
2021-09-16,14.6689
2021-09-17,14.4747
2021-09-18,14.3310
2021-09-19,14.2674
2021-09-20,14.1879
2021-09-21,14.1366
2021-09-22,14.1337
2021-09-23,14.1587
2021-09-24,14.0939
2021-09-25,13.9036
2021-09-26,13.7149
2021-09-27,13.6582
2021-09-28,13.5983
2021-09-29,13.5791
2021-09-30,13.5585
2021-10-01,13.5392
2021-10-02,13.5020
2021-10-03,13.4627
2021-10-04,13.4596
2021-10-05,13.4561
2021-10-06,13.3652
2021-10-07,13.2176
2021-10-08,13.1324
2021-10-09,13.0688
2021-10-10,13.0477
2021-10-11,13.1084
2021-10-12,13.1222
2021-10-13,13.1616
2021-10-14,13.1711
2021-10-15,13.1579
2021-10-16,13.1656
2021-10-17,13.1202
2021-10-18,13.0411
2021-10-19,12.9469
2021-10-20,12.8902
2021-10-21,12.8557
2021-10-22,12.8084
2021-10-23,12.7331
2021-10-24,12.6028
2021-10-25,12.4886
2021-10-26,12.3981
2021-10-27,12.3220
2021-10-28,12.2442
2021-10-29,12.1679
2021-10-30,12.1242
2021-10-31,12.1625
2021-11-01,12.0958
2021-11-02,12.0430
2021-11-03,11.9883
2021-11-04,11.9366
2021-11-05,11.9285
2021-11-06,11.9350
2021-11-07,11.9078
2021-11-08,11.8546
2021-11-09,11.7937
2021-11-10,11.7159
2021-11-11,11.6652
2021-11-12,11.6254
2021-11-13,11.5628
2021-11-14,11.4973
2021-11-15,11.4167
2021-11-16,11.3594
2021-11-17,11.3795
2021-11-18,11.3979
2021-11-19,11.3638
2021-11-20,11.3617
2021-11-21,11.3488
2021-11-22,11.3293
2021-11-23,11.3113
2021-11-24,11.3048
2021-11-25,11.3344
2021-11-26,11.2148
2021-11-27,11.1717
2021-11-28,11.1663
2021-11-29,11.2049
2021-11-30,11.2539
2021-12-01,11.2367
2021-12-02,11.2648
2021-12-03,11.2828
2021-12-04,11.2231
2021-12-05,11.1480
2021-12-06,11.0496
2021-12-07,10.9704
2021-12-08,10.9392
2021-12-09,10.8651
2021-12-10,10.7960
2021-12-11,10.7382
2021-12-12,10.6914
2021-12-13,10.6497
2021-12-14,10.6279
2021-12-15,10.5853
2021-12-16,10.5654
2021-12-17,10.5305
2021-12-18,10.5281
2021-12-19,10.4806
2021-12-20,10.4849
2021-12-21,10.4709
2021-12-22,10.4436
2021-12-23,10.4072
2021-12-24,10.4405
2021-12-25,10.4698
2021-12-26,10.4554
2021-12-27,10.4256
2021-12-28,10.3850
2021-12-29,10.3962
2021-12-30,10.4007
2021-12-31,10.4016
2022-01-01,10.3879
2022-01-02,10.3552
2022-01-03,10.3229
2022-01-04,10.2745
2022-01-05,10.1641
2022-01-06,10.0609
2022-01-07,9.9913
2022-01-08,9.8717
2022-01-09,9.8525
2022-01-10,9.8158
2022-01-11,9.7812
2022-01-12,9.6956
2022-01-13,9.6544
2022-01-14,9.6453
2022-01-15,9.6249
2022-01-16,9.5932
2022-01-17,9.5842
2022-01-18,9.5468
2022-01-19,9.5005
2022-01-20,9.5704
2022-01-21,9.6270
2022-01-22,9.6234
2022-01-23,9.5926
2022-01-24,9.4922
2022-01-25,9.3632
2022-01-26,9.4151
2022-01-27,9.4447
2022-01-28,9.5286
2022-01-29,9.5950
2022-01-30,9.5895
2022-01-31,9.5309
2022-02-01,9.5124
2022-02-02,9.5142
2022-02-03,9.5070
2022-02-04,9.4669
2022-02-05,9.4018
2022-02-06,9.3431
2022-02-07,9.2801
2022-02-08,9.2473
2022-02-09,9.2153
2022-02-10,9.1879
2022-02-11,9.1838
2022-02-12,9.1871
2022-02-13,9.1988
2022-02-14,9.1587
2022-02-15,9.0495
2022-02-16,9.0225
2022-02-17,9.0255
2022-02-18,9.0351
2022-02-19,9.0293
2022-02-20,9.1147
2022-02-21,9.1020
2022-02-22,9.0677
2022-02-23,9.0142
2022-02-24,8.9830
2022-02-25,8.9429
2022-02-26,8.9059
2022-02-27,8.8758
2022-02-28,8.8309
2022-03-01,8.7587
2022-03-02,8.7007
2022-03-03,8.6851
2022-03-04,8.6765
2022-03-05,8.6839
2022-03-06,8.6955
2022-03-07,8.6981
2022-03-08,8.6962
2022-03-09,8.6572
2022-03-10,8.6097
2022-03-11,8.5407
2022-03-12,8.4975
2022-03-13,8.4657
2022-03-14,8.4228
2022-03-15,8.4098
2022-03-16,8.3813
2022-03-17,8.3509
2022-03-18,8.3052
2022-03-19,8.3261
2022-03-20,8.3835
2022-03-21,8.4182
2022-03-22,8.4618
2022-03-23,8.5006
2022-03-24,8.5230
2022-03-25,8.5886
2022-03-26,8.6513
2022-03-27,8.6651
2022-03-28,8.6620
2022-03-29,8.7164
2022-03-30,8.7197
2022-03-31,8.7815
2022-04-01,8.8676
2022-04-02,8.9627
2022-04-03,9.0678
2022-04-04,9.0679
2022-04-05,9.0699
2022-04-06,9.0924
2022-04-07,9.0783
2022-04-08,9.0722
2022-04-09,9.0996
2022-04-10,9.0975
2022-04-11,9.0887
2022-04-12,9.1050
2022-04-13,9.1490
2022-04-14,9.1371
2022-04-15,9.1350
2022-04-16,9.1240
2022-04-17,9.1045
2022-04-18,9.1451
2022-04-19,9.1843
2022-04-20,9.2069
2022-04-21,9.2220
2022-04-22,9.2630
2022-04-23,9.3020
2022-04-24,9.3923
2022-04-25,9.5112
2022-04-26,9.6294
2022-04-27,9.6999
2022-04-28,9.7300
2022-04-29,9.8268
2022-04-30,9.9172
2022-05-01,10.0173
2022-05-02,10.0742
2022-05-03,10.2033
2022-05-04,10.3248
2022-05-05,10.4000
2022-05-06,10.4677
2022-05-07,10.4860
2022-05-08,10.4692
2022-05-09,10.3750
2022-05-10,10.2433
2022-05-11,10.1706
2022-05-12,10.1252
2022-05-13,10.0604
2022-05-14,10.0319
2022-05-15,9.9874
2022-05-16,9.9604
2022-05-17,9.9357
2022-05-18,9.9398
2022-05-19,10.0141
2022-05-20,10.0652
2022-05-21,10.1729
2022-05-22,10.2281
2022-05-23,10.2625
2022-05-24,10.2732
2022-05-25,10.2583
2022-05-26,10.3233
2022-05-27,10.3392
2022-05-28,10.3013
2022-05-29,10.3346
2022-05-30,10.3918
2022-05-31,10.5119
2022-06-01,10.7310
2022-06-02,10.8999
2022-06-03,10.9929
2022-06-04,11.1252
2022-06-05,11.1696
2022-06-06,11.1843
2022-06-07,11.2026
2022-06-08,11.2273
2022-06-09,11.1753
2022-06-10,11.1226
2022-06-11,11.1551
2022-06-12,11.1547
2022-06-13,11.1300
2022-06-14,11.1390
2022-06-15,11.1803
2022-06-16,11.2058
2022-06-17,11.3085
2022-06-18,11.4400
2022-06-19,11.5669
2022-06-20,11.6468
2022-06-21,11.7581
2022-06-22,11.7855
2022-06-23,11.7744
2022-06-24,11.7458
2022-06-25,11.7861
2022-06-26,11.8609
2022-06-27,11.8790
2022-06-28,11.8956
2022-06-29,11.9189
2022-06-30,11.9382
2022-07-01,12.0454
2022-07-02,12.2222
2022-07-03,12.4091
2022-07-04,12.5614
2022-07-05,12.7067
2022-07-06,12.7519
2022-07-07,12.8333
2022-07-08,12.9288
2022-07-09,12.9399
2022-07-10,12.9948
2022-07-11,13.1411
2022-07-12,13.2578
2022-07-13,13.3769
2022-07-14,13.5120
2022-07-15,13.6357
2022-07-16,13.6788
2022-07-17,13.6832
2022-07-18,13.7580
2022-07-19,13.8332
2022-07-20,13.8523
2022-07-21,13.8955
2022-07-22,13.8618
2022-07-23,13.8895
2022-07-24,14.0443
2022-07-25,14.1270
2022-07-26,14.1483
2022-07-27,14.1270
2022-07-28,14.2318
2022-07-29,14.3099
2022-07-30,14.3702
2022-07-31,14.4092
2022-08-01,14.4706
2022-08-02,14.5625
2022-08-03,14.6918
2022-08-04,14.7991
2022-08-05,14.9127
2022-08-06,15.0491
2022-08-07,15.1273
2022-08-08,15.1753
2022-08-09,15.2220
2022-08-10,15.2741
2022-08-11,15.3079
2022-08-12,15.3849
2022-08-13,15.4832
2022-08-14,15.5206
2022-08-15,15.5987
2022-08-16,15.6264
2022-08-17,15.6034
2022-08-18,15.5801
2022-08-19,15.6198
2022-08-20,15.6180
2022-08-21,15.5143
2022-08-22,15.4150
2022-08-23,15.4071
2022-08-24,15.3648
2022-08-25,15.2726
2022-08-26,15.2158
2022-08-27,15.2335
2022-08-28,15.3200
2022-08-29,15.4168
2022-08-30,15.5354
2022-08-31,15.6651
2022-09-01,15.7940
2022-09-02,15.9065
2022-09-03,15.9338
2022-09-04,15.8701
2022-09-05,15.7697
2022-09-06,15.7349
2022-09-07,15.7380
2022-09-08,15.7143
2022-09-09,15.6693
2022-09-10,15.6240
2022-09-11,15.5552
2022-09-12,15.5858
2022-09-13,15.5989
2022-09-14,15.5850
2022-09-15,15.6046
2022-09-16,15.6249
2022-09-17,15.6492
2022-09-18,15.6045
2022-09-19,15.5235
2022-09-20,15.4546
2022-09-21,15.4050
2022-09-22,15.3672
2022-09-23,15.3740
2022-09-24,15.3881
2022-09-25,15.4437
2022-09-26,15.4442
2022-09-27,15.4570
2022-09-28,15.4341
2022-09-29,15.3939
2022-09-30,15.3423
2022-10-01,15.3096
2022-10-02,15.2596
2022-10-03,15.1910
2022-10-04,15.0780
2022-10-05,14.8798
2022-10-06,14.7166
2022-10-07,14.5807
2022-10-08,14.4039
2022-10-09,14.3493
2022-10-10,14.3219
2022-10-11,14.2745
2022-10-12,14.2011
2022-10-13,14.0790
2022-10-14,13.9255
2022-10-15,13.7364
2022-10-16,13.5764
2022-10-17,13.4793
2022-10-18,13.4129
2022-10-19,13.3211
2022-10-20,13.2795
2022-10-21,13.2367
2022-10-22,13.1562
2022-10-23,13.1141
2022-10-24,13.0595
2022-10-25,12.9650
2022-10-26,12.8358
2022-10-27,12.7024
2022-10-28,12.6289
2022-10-29,12.5888
2022-10-30,12.4999
2022-10-31,12.3839
2022-11-01,12.2516
2022-11-02,12.1545
2022-11-03,12.0658
2022-11-04,11.8933
2022-11-05,11.7799
2022-11-06,11.6977
2022-11-07,11.6384
2022-11-08,11.5595
2022-11-09,11.5178
2022-11-10,11.4953
2022-11-11,11.4181
2022-11-12,11.3089
2022-11-13,11.1936
2022-11-14,11.1168
2022-11-15,11.0455
2022-11-16,11.0066
2022-11-17,10.9532
2022-11-18,10.9097
2022-11-19,10.8538
2022-11-20,10.7936
2022-11-21,10.6942
2022-11-22,10.6081
2022-11-23,10.5521
2022-11-24,10.4910
2022-11-25,10.4474
2022-11-26,10.4067
2022-11-27,10.3503
2022-11-28,10.3269
2022-11-29,10.3122
2022-11-30,10.3597
2022-12-01,10.3861
2022-12-02,10.3771
2022-12-03,10.3520
2022-12-04,10.3836
2022-12-05,10.4070
2022-12-06,10.3923
2022-12-07,10.3839
2022-12-08,10.3965
2022-12-09,10.4351
2022-12-10,10.4541
2022-12-11,10.4633
2022-12-12,10.5242
2022-12-13,10.5356
2022-12-14,10.5306
2022-12-15,10.5289
2022-12-16,10.5186
2022-12-17,10.4850
2022-12-18,10.4571
2022-12-19,10.4234
2022-12-20,10.3821
2022-12-21,10.3255
2022-12-22,10.3013
2022-12-23,10.2500
2022-12-24,10.2089
2022-12-25,10.2024
2022-12-26,10.1409
2022-12-27,10.0631
2022-12-28,10.0307
2022-12-29,10.0147
2022-12-30,10.0009
2022-12-31,9.9632
2023-01-01,9.9186
2023-01-02,9.8836
2023-01-03,9.8695
2023-01-04,9.8508
2023-01-05,9.8350
2023-01-06,9.7909
2023-01-07,9.7331
2023-01-08,9.6263
2023-01-09,9.5827
2023-01-10,9.5725
2023-01-11,9.5075
2023-01-12,9.4675
2023-01-13,9.4446
2023-01-14,9.4198
2023-01-15,9.3399
2023-01-16,9.2323
2023-01-17,9.1862
2023-01-18,9.1614
2023-01-19,9.0838
2023-01-20,9.1296
2023-01-21,9.2320
2023-01-22,9.2302
2023-01-23,9.2976
2023-01-24,9.3413
2023-01-25,9.3421
2023-01-26,9.3678
2023-01-27,9.3824
2023-01-28,9.3539
2023-01-29,9.3741
2023-01-30,9.3602
2023-01-31,9.2997
2023-02-01,9.2613
2023-02-02,9.2889
2023-02-03,9.2956
2023-02-04,9.3016
2023-02-05,9.2780
2023-02-06,9.2430
2023-02-07,9.2024
2023-02-08,9.0788
2023-02-09,9.0276
2023-02-10,9.0814
2023-02-11,9.1256
2023-02-12,9.1566
2023-02-13,9.1606
2023-02-14,9.1512
2023-02-15,9.1212
2023-02-16,9.0721
2023-02-17,9.0874
2023-02-18,9.0797
2023-02-19,9.0739
2023-02-20,9.1254
2023-02-21,9.1752
2023-02-22,9.1779
2023-02-23,9.1957
2023-02-24,9.2153
2023-02-25,9.1958
2023-02-26,9.2093
2023-02-27,9.1911
2023-02-28,9.1793
2023-03-01,9.1394
2023-03-02,9.1634
2023-03-03,9.1869
2023-03-04,9.1640
2023-03-05,9.1421
2023-03-06,9.1716
2023-03-07,9.1749
2023-03-08,9.1786
2023-03-09,9.1878
2023-03-10,9.1942
2023-03-11,9.1639
2023-03-12,9.1733
2023-03-13,9.1985
2023-03-14,9.2025
2023-03-15,9.2183
2023-03-16,9.2339
2023-03-17,9.2553
2023-03-18,9.2629
2023-03-19,9.2539
2023-03-20,9.2972
2023-03-21,9.3221
2023-03-22,9.3206
2023-03-23,9.3091
2023-03-24,9.2762
2023-03-25,9.2718
2023-03-26,9.2655
2023-03-27,9.2682
2023-03-28,9.2642
2023-03-29,9.3177
2023-03-30,9.3582
2023-03-31,9.3895
2023-04-01,9.3981
2023-04-02,9.3689
2023-04-03,9.3394
2023-04-04,9.3586
2023-04-05,9.3701
2023-04-06,9.3728
2023-04-07,9.3648
2023-04-08,9.3495
2023-04-09,9.3262
2023-04-10,9.2913
2023-04-11,9.2615
2023-04-12,9.2435
2023-04-13,9.2360
2023-04-14,9.2704
2023-04-15,9.2497
2023-04-16,9.2326
2023-04-17,9.2581
2023-04-18,9.2815
2023-04-19,9.3005
2023-04-20,9.3369
2023-04-21,9.4037
2023-04-22,9.4502
2023-04-23,9.4873
2023-04-24,9.5189
2023-04-25,9.5567
2023-04-26,9.5652
2023-04-27,9.6088
2023-04-28,9.6896
2023-04-29,9.7670
2023-04-30,9.7906
2023-05-01,9.8407
2023-05-02,9.8550
2023-05-03,9.9130
2023-05-04,9.9792
2023-05-05,10.0286
2023-05-06,10.0644
2023-05-07,10.1120
2023-05-08,10.1375
2023-05-09,10.1606
2023-05-10,10.1809
2023-05-11,10.1972
2023-05-12,10.2061
2023-05-13,10.2757
2023-05-14,10.3339
2023-05-15,10.3232
2023-05-16,10.3135
2023-05-17,10.2484
2023-05-18,10.2719
2023-05-19,10.3479
2023-05-20,10.4363
2023-05-21,10.4746
2023-05-22,10.5419
2023-05-23,10.5932
2023-05-24,10.6610
2023-05-25,10.7251
2023-05-26,10.8220
2023-05-27,10.9066
2023-05-28,10.9634
2023-05-29,11.0807
2023-05-30,11.3331
2023-05-31,11.5229
2023-06-01,11.6679
2023-06-02,11.8271
2023-06-03,12.0175
2023-06-04,12.1816
2023-06-05,12.3901
2023-06-06,12.6269
2023-06-07,12.7918
2023-06-08,12.9696
2023-06-09,13.1040
2023-06-10,13.2092
2023-06-11,13.2210
2023-06-12,13.1458
2023-06-13,13.1151
2023-06-14,13.1312
2023-06-15,13.1765
2023-06-16,13.3040
2023-06-17,13.4305
2023-06-18,13.6219
2023-06-19,13.7426
2023-06-20,13.8796
2023-06-21,13.9261
2023-06-22,13.9186
2023-06-23,13.8346
2023-06-24,13.7468
2023-06-25,13.6284
2023-06-26,13.4253
2023-06-27,13.3339
2023-06-28,13.3628
2023-06-29,13.4850
2023-06-30,13.4946
2023-07-01,13.4396
2023-07-02,13.3903
2023-07-03,13.3841
2023-07-04,13.4391
2023-07-05,13.5112
2023-07-06,13.5467
2023-07-07,13.6337
2023-07-08,13.6978
2023-07-09,13.7935
2023-07-10,13.9146
2023-07-11,14.0353
2023-07-12,14.1579
2023-07-13,14.2516
2023-07-14,14.3103
2023-07-15,14.3464
2023-07-16,14.4867
2023-07-17,14.5890
2023-07-18,14.7086
2023-07-19,14.8557
2023-07-20,15.0244
2023-07-21,15.1981
2023-07-22,15.3185
2023-07-23,15.4244
2023-07-24,15.4951
2023-07-25,15.5662
2023-07-26,15.4888
2023-07-27,15.4585
2023-07-28,15.5182
2023-07-29,15.5651
2023-07-30,15.6241
2023-07-31,15.6643
2023-08-01,15.6967
2023-08-02,15.7150
2023-08-03,15.6885
2023-08-04,15.7018
2023-08-05,15.7272
2023-08-06,15.7690
2023-08-07,15.8091
2023-08-08,15.8152
2023-08-09,15.7029
2023-08-10,15.5702
2023-08-11,15.4512
2023-08-12,15.4382
2023-08-13,15.4427
2023-08-14,15.5131
2023-08-15,15.5542
2023-08-16,15.5486
2023-08-17,15.5491
2023-08-18,15.5532
2023-08-19,15.5533
2023-08-20,15.5218
2023-08-21,15.5346
2023-08-22,15.5837
2023-08-23,15.6292
2023-08-24,15.7372
2023-08-25,15.8070
2023-08-26,15.8424
2023-08-27,15.9071
2023-08-28,15.9379
2023-08-29,15.9686
2023-08-30,15.9824
2023-08-31,15.9940
2023-09-01,15.9662
2023-09-02,15.9146
2023-09-03,15.8930
2023-09-04,15.7876
2023-09-05,15.7187
2023-09-06,15.7053
2023-09-07,15.7155
2023-09-08,15.7190
2023-09-09,15.7009
2023-09-10,15.6884
2023-09-11,15.7002
2023-09-12,15.6970
2023-09-13,15.6617
2023-09-14,15.5850
2023-09-15,15.4949
2023-09-16,15.4087
2023-09-17,15.3453
2023-09-18,15.2393
2023-09-19,15.1515
2023-09-20,15.0372
2023-09-21,14.8881
2023-09-22,14.7883
2023-09-23,14.7219
2023-09-24,14.6176
2023-09-25,14.5066
2023-09-26,14.3875
2023-09-27,14.2551
2023-09-28,14.1239
2023-09-29,14.0124
2023-09-30,13.9462
2023-10-01,13.8535
2023-10-02,13.7741
2023-10-03,13.7185
2023-10-04,13.6509
2023-10-05,13.6193
2023-10-06,13.5818
2023-10-07,13.5050
2023-10-08,13.4283
2023-10-09,13.3910
2023-10-10,13.4605
2023-10-11,13.5054
2023-10-12,13.4920
2023-10-13,13.4588
2023-10-14,13.4639
2023-10-15,13.4611
2023-10-16,13.4743
2023-10-17,13.4137
2023-10-18,13.2937
2023-10-19,13.1803
2023-10-20,13.0433
2023-10-21,12.9552
2023-10-22,12.8765
2023-10-23,12.7925
2023-10-24,12.7348
2023-10-25,12.6463
2023-10-26,12.5605
2023-10-27,12.4906
2023-10-28,12.4355
2023-10-29,12.3753
2023-10-30,12.3391
2023-10-31,12.2710
2023-11-01,12.1981
2023-11-02,12.0540
2023-11-03,11.8240
2023-11-04,11.7032
2023-11-05,11.5895
2023-11-06,11.4987
2023-11-07,11.4092
2023-11-08,11.3478
2023-11-09,11.2813
2023-11-10,11.2265
2023-11-11,11.2034
2023-11-12,11.1991
2023-11-13,11.2044
2023-11-14,11.2153
2023-11-15,11.2190
2023-11-16,11.2215
2023-11-17,11.2286
2023-11-18,11.2254
2023-11-19,11.2100
2023-11-20,11.1720
2023-11-21,11.1237
2023-11-22,11.1323
2023-11-23,11.1103
2023-11-24,11.0785
2023-11-25,11.0562
2023-11-26,11.0851
2023-11-27,11.0806
2023-11-28,11.0817
2023-11-29,11.0721
2023-11-30,11.0152
2023-12-01,10.9374
2023-12-02,10.8817
2023-12-03,10.8269
2023-12-04,10.7925
2023-12-05,10.7490
2023-12-06,10.7148
2023-12-07,10.6718
2023-12-08,10.6145
2023-12-09,10.5253
2023-12-10,10.4597
2023-12-11,10.4017
2023-12-12,10.2755
2023-12-13,10.1740
2023-12-14,10.1236
2023-12-15,10.0602
2023-12-16,10.0979
2023-12-17,10.0847
2023-12-18,10.0480
2023-12-19,10.0295
2023-12-20,10.0362
2023-12-21,9.9198
2023-12-22,9.9262
2023-12-23,9.9380
2023-12-24,9.9582
2023-12-25,9.9550
2023-12-26,9.9425
2023-12-27,9.9283
2023-12-28,9.9049
2023-12-29,9.8748
2023-12-30,9.8463
2023-12-31,9.8350
2024-01-01,9.8586
2024-01-02,9.8572
2024-01-03,9.8592
2024-01-04,9.8962
2024-01-05,9.9367
2024-01-06,9.9065
2024-01-07,9.8819
2024-01-08,9.8510
2024-01-09,9.8306
2024-01-10,9.8350
2024-01-11,9.8320
2024-01-12,9.7903
2024-01-13,9.7892
2024-01-14,9.8045
2024-01-15,9.8096
2024-01-16,9.8240
2024-01-17,9.8632
2024-01-18,9.8696
2024-01-19,9.8547
2024-01-20,9.8009
2024-01-21,9.7494
2024-01-22,9.6821
2024-01-23,9.6132
2024-01-24,9.5559
2024-01-25,9.4711
2024-01-26,9.4129
2024-01-27,9.3916
2024-01-28,9.3840
2024-01-29,9.3574
2024-01-30,9.3059
2024-01-31,9.1853
2024-02-01,9.1583
2024-02-02,9.2010
2024-02-03,9.1754
2024-02-04,9.1853
2024-02-05,9.1886
2024-02-06,9.2654
2024-02-07,9.3983
2024-02-08,9.4701
2024-02-09,9.5088
2024-02-10,9.5188
2024-02-11,9.5081
2024-02-12,9.4957
2024-02-13,9.4963
2024-02-14,9.4888
2024-02-15,9.4982
2024-02-16,9.4881
2024-02-17,9.4868
2024-02-18,9.4489
2024-02-19,9.3630
2024-02-20,9.3112
2024-02-21,9.3139
2024-02-22,9.2904
2024-02-23,9.1736
2024-02-24,9.1896
2024-02-25,9.1919
2024-02-26,9.1770
2024-02-27,9.1619
2024-02-28,9.1819
2024-02-29,9.1222
2024-03-01,9.0447
2024-03-02,9.0409
2024-03-03,9.0361
2024-03-04,9.0445
2024-03-05,9.0451
2024-03-06,9.0263
2024-03-07,8.9760
2024-03-08,8.9415
2024-03-09,8.9363
2024-03-10,8.9129
2024-03-11,8.9232
2024-03-12,8.9718
2024-03-13,9.0053
2024-03-14,9.0651
2024-03-15,9.1216
2024-03-16,9.1125
2024-03-17,9.1189
2024-03-18,9.1197
2024-03-19,9.1128
2024-03-20,9.1128
2024-03-21,9.1256
2024-03-22,9.1438
2024-03-23,9.1669
2024-03-24,9.1482
2024-03-25,9.1052
2024-03-26,9.0888
2024-03-27,9.0643
2024-03-28,9.0416
2024-03-29,9.0225
2024-03-30,9.0015
2024-03-31,9.0754
2024-04-01,9.0398
2024-04-02,9.0593
2024-04-03,9.0650
2024-04-04,9.1019
2024-04-05,9.1438
2024-04-06,9.1515
2024-04-07,9.1503
2024-04-08,9.1869
2024-04-09,9.2117
2024-04-10,9.2060
2024-04-11,9.2133
2024-04-12,9.2108
2024-04-13,9.2510
2024-04-14,9.3294
2024-04-15,9.3578
2024-04-16,9.3753
2024-04-17,9.3684
2024-04-18,9.3819
2024-04-19,9.4614
2024-04-20,9.5899
2024-04-21,9.6660
2024-04-22,9.7182
2024-04-23,9.8734
2024-04-24,9.8573
2024-04-25,9.8380
2024-04-26,9.8077
2024-04-27,9.8161
2024-04-28,9.8659
2024-04-29,9.9173
2024-04-30,9.9548
2024-05-01,9.9484
2024-05-02,10.0160
2024-05-03,10.0506
2024-05-04,10.0288
2024-05-05,10.0324
2024-05-06,10.0736
2024-05-07,10.1279
2024-05-08,10.1601
2024-05-09,10.1914
2024-05-10,10.1673
2024-05-11,10.1841
2024-05-12,10.1873
2024-05-13,10.1972
2024-05-14,10.3135
2024-05-15,10.4733
2024-05-16,10.6472
2024-05-17,10.7560
2024-05-18,10.8286
2024-05-19,10.8254
2024-05-20,10.7832
2024-05-21,10.7815
2024-05-22,10.8088
2024-05-23,10.8320
2024-05-24,10.8671
2024-05-25,10.9024
2024-05-26,10.9470
2024-05-27,10.9740
2024-05-28,11.0440
2024-05-29,11.0888
2024-05-30,11.1335
2024-05-31,11.1713
2024-06-01,11.2711
2024-06-02,11.3125
2024-06-03,11.5248
2024-06-04,11.7547
2024-06-05,11.9098
2024-06-06,12.0935
2024-06-07,12.3005
2024-06-08,12.4716
2024-06-09,12.6318
2024-06-10,12.6637
2024-06-11,12.5984
2024-06-12,12.4848
2024-06-13,12.4828
2024-06-14,12.4962
2024-06-15,12.5018
2024-06-16,12.6518
2024-06-17,12.7894
2024-06-18,12.9107
2024-06-19,12.9538
2024-06-20,12.9501
2024-06-21,12.9164
2024-06-22,12.9234
2024-06-23,12.9277
2024-06-24,12.9004
2024-06-25,12.8949
2024-06-26,12.8939
2024-06-27,12.9103
2024-06-28,12.9741
2024-06-29,13.1818
2024-06-30,13.2099
2024-07-01,13.2332
2024-07-02,13.2698
2024-07-03,13.2865
2024-07-04,13.3193
2024-07-05,13.4201
2024-07-06,13.4787
2024-07-07,13.5633
2024-07-08,13.7555
2024-07-09,13.9297
2024-07-10,14.0980
2024-07-11,14.1978
2024-07-12,14.1621
2024-07-13,14.1675
2024-07-14,14.1838
2024-07-15,14.2249
2024-07-16,14.2851
2024-07-17,14.3430
2024-07-18,14.4296
2024-07-19,14.4877
2024-07-20,14.5460
2024-07-21,14.5584
2024-07-22,14.6557
2024-07-23,14.6952
2024-07-24,14.7080
2024-07-25,14.7310
2024-07-26,14.7594
2024-07-27,14.7898
2024-07-28,14.8095
2024-07-29,14.8773
2024-07-30,14.9088
2024-07-31,14.8946
2024-08-01,14.8702
2024-08-02,14.8403
2024-08-03,14.8151
2024-08-04,14.8049
2024-08-05,14.8694
2024-08-06,14.8352
2024-08-07,14.8506
2024-08-08,14.8973
2024-08-09,14.9653
2024-08-10,15.0603
2024-08-11,15.0868
2024-08-12,15.0394
2024-08-13,15.0320
2024-08-14,15.0098
2024-08-15,14.9863
2024-08-16,14.9240
2024-08-17,14.9163
2024-08-18,14.9244
2024-08-19,14.9120
2024-08-20,14.9541
2024-08-21,14.8530
2024-08-22,14.7809
2024-08-23,14.7609
2024-08-24,14.7706
2024-08-25,14.7208
2024-08-26,14.6571
2024-08-27,14.6787
2024-08-28,14.7514
2024-08-29,14.8261
2024-08-30,14.8192
2024-08-31,14.7803
2024-09-01,14.7782
2024-09-02,14.8324
2024-09-03,14.9604
2024-09-04,15.0612
2024-09-05,15.1315
2024-09-06,15.1547
2024-09-07,15.1452
2024-09-08,15.1296
2024-09-09,15.1356
2024-09-10,15.2310
2024-09-11,15.3171
2024-09-12,15.3548
2024-09-13,15.3639
2024-09-14,15.3888
2024-09-15,15.3725
2024-09-16,15.2701
2024-09-17,15.1744
2024-09-18,15.1131
2024-09-19,15.1170
2024-09-20,15.1532
2024-09-21,15.1607
2024-09-22,15.1651
2024-09-23,15.1211
2024-09-24,15.0650
2024-09-25,14.9904
2024-09-26,14.9202
2024-09-27,14.8386
2024-09-28,14.7626
2024-09-29,14.7233
2024-09-30,14.6868
2024-10-01,14.6524
2024-10-02,14.6516
2024-10-03,14.6235
2024-10-04,14.5978
2024-10-05,14.5526
2024-10-06,14.4136
2024-10-07,14.3188
2024-10-08,14.2114
2024-10-09,14.1272
2024-10-10,14.0577
2024-10-11,13.9543
2024-10-12,13.8824
2024-10-13,13.8126
2024-10-14,13.7444
2024-10-15,13.6791
2024-10-16,13.6136
2024-10-17,13.5300
2024-10-18,13.4548
2024-10-19,13.3504
2024-10-20,13.2094
2024-10-21,13.0412
2024-10-22,12.9521
2024-10-23,12.8926
2024-10-24,12.8323
2024-10-25,12.7476
2024-10-26,12.6288
2024-10-27,12.6503
2024-10-28,12.6494
2024-10-29,12.6415
2024-10-30,12.5632
2024-10-31,12.4602
2024-11-01,12.4445
2024-11-02,12.4645
2024-11-03,12.4989
2024-11-04,12.5402
2024-11-05,12.5204
2024-11-06,12.4707
2024-11-07,12.4289
2024-11-08,12.3731
2024-11-09,12.3417
2024-11-10,12.2742
2024-11-11,12.1717
2024-11-12,12.1411
2024-11-13,12.1766
2024-11-14,12.1977
2024-11-15,12.1288
2024-11-16,12.1480
2024-11-17,12.1480
2024-11-18,12.0877
2024-11-19,12.0706
2024-11-20,12.0577
2024-11-21,12.1063
2024-11-22,12.1072
2024-11-23,12.0518
2024-11-24,11.9700
2024-11-25,11.9095
2024-11-26,11.8520
2024-11-27,11.8250
2024-11-28,11.8234
2024-11-29,11.7974
2024-11-30,11.7644
2024-12-01,11.7304
2024-12-02,11.7425
2024-12-03,11.7271
2024-12-04,11.6787
2024-12-05,11.6567
2024-12-06,11.6380
2024-12-07,11.5704
2024-12-08,11.4489
2024-12-09,11.3490
2024-12-10,11.2675
2024-12-11,11.2592
2024-12-12,11.2099
2024-12-13,11.1303
2024-12-14,11.0762
2024-12-15,11.0662
2024-12-16,11.0735
2024-12-17,11.0538
2024-12-18,11.0378
2024-12-19,10.9891
2024-12-20,10.8907
2024-12-21,10.8062
2024-12-22,10.7990
2024-12-23,10.7404
2024-12-24,10.6895
2024-12-25,10.6711
2024-12-26,10.6619
2024-12-27,10.6373
2024-12-28,10.5635
2024-12-29,10.4455
2024-12-30,10.4146
2024-12-31,10.4272
2025-01-01,10.4320
2025-01-02,10.4358
2025-01-03,10.4399
2025-01-04,10.4544
2025-01-05,10.4927
2025-01-06,10.5578
2025-01-07,10.5869
2025-01-08,10.5865
2025-01-09,10.5636
2025-01-10,10.5175
2025-01-11,10.4854
2025-01-12,10.4617
2025-01-13,10.4602
2025-01-14,10.4808
2025-01-15,10.4833
2025-01-16,10.4623
2025-01-17,10.4725
2025-01-18,10.4581
2025-01-19,10.4299
2025-01-20,10.4197
2025-01-21,10.3847
2025-01-22,10.2810
2025-01-23,10.1777
2025-01-24,10.0910
2025-01-25,10.0443
2025-01-26,9.9985
2025-01-27,9.9909
2025-01-28,9.9719
2025-01-29,9.9282
2025-01-30,9.8602
2025-01-31,9.7313
2025-02-01,9.6636
2025-02-02,9.6524
2025-02-03,9.6411
2025-02-04,9.6678
2025-02-05,9.6632
2025-02-06,9.6100
2025-02-07,9.5974
2025-02-08,9.5980
2025-02-09,9.6078
2025-02-10,9.6070
2025-02-11,9.6099
2025-02-12,9.6106
2025-02-13,9.6191
2025-02-14,9.6654
2025-02-15,9.7143
2025-02-16,9.7362
2025-02-17,9.7098
2025-02-18,9.6998
2025-02-19,9.6875
2025-02-20,9.6749
2025-02-21,9.6857
2025-02-22,9.6561
2025-02-23,9.6344
2025-02-24,9.6167
2025-02-25,9.5803
2025-02-26,9.5390
2025-02-27,9.4283
2025-02-28,9.4033
2025-03-01,9.3997
2025-03-02,9.3193
2025-03-03,9.2298
2025-03-04,9.2336
2025-03-05,9.2655
2025-03-06,9.2673
2025-03-07,9.2286
2025-03-08,9.1774
2025-03-09,9.1796
2025-03-10,9.2065
2025-03-11,9.1950
2025-03-12,9.1812
2025-03-13,9.1624
2025-03-14,9.1661
2025-03-15,9.2247
2025-03-16,9.2756
2025-03-17,9.2905
2025-03-18,9.2923
2025-03-19,9.2829
2025-03-20,9.3090
2025-03-21,9.2790
2025-03-22,9.3331
2025-03-23,9.3636
2025-03-24,9.3657
2025-03-25,9.3802
2025-03-26,9.3920
2025-03-27,9.3566
2025-03-28,9.3134
2025-03-29,9.3085
2025-03-30,9.2836
2025-03-31,9.2738
2025-04-01,9.2442
2025-04-02,9.2202
2025-04-03,9.1986
2025-04-04,9.1657
2025-04-05,9.1543
2025-04-06,9.1382
2025-04-07,9.1202
2025-04-08,9.1013
2025-04-09,9.1033
2025-04-10,9.2227
2025-04-11,9.3299
2025-04-12,9.3404
2025-04-13,9.3299
2025-04-14,9.3026
2025-04-15,9.2964
2025-04-16,9.3053
2025-04-17,9.3072
2025-04-18,9.3166
2025-04-19,9.3093
2025-04-20,9.3110
2025-04-21,9.3479
2025-04-22,9.3974
2025-04-23,9.4290
2025-04-24,9.4467
2025-04-25,9.4674
2025-04-26,9.4870
2025-04-27,9.4649
2025-04-28,9.4292
2025-04-29,9.4058
2025-04-30,9.4205
2025-05-01,9.4929
2025-05-02,9.5622
2025-05-03,9.6440
2025-05-04,9.6758
2025-05-05,9.7057
2025-05-06,9.7356
2025-05-07,9.7719
2025-05-08,9.8074
2025-05-09,9.7915
2025-05-10,9.8211
2025-05-11,9.9126
2025-05-12,9.9611
2025-05-13,10.0407
2025-05-14,10.0955
2025-05-15,10.1375
2025-05-16,10.1585
2025-05-17,10.1514
2025-05-18,10.1850
2025-05-19,10.2522
2025-05-20,10.3619
2025-05-21,10.3746
2025-05-22,10.4170
2025-05-23,10.5230
2025-05-24,10.5024
2025-05-25,10.5003
2025-05-26,10.5052
2025-05-27,10.5386
2025-05-28,10.5795
2025-05-29,10.6009
2025-05-30,10.5773
2025-05-31,10.5797
2025-06-01,10.5589
2025-06-02,10.5934
2025-06-03,10.6409
2025-06-04,10.6978
2025-06-05,10.7394
2025-06-06,10.8010
2025-06-07,10.8193
2025-06-08,10.8710
2025-06-09,10.9626
2025-06-10,10.9973
2025-06-11,11.0177
2025-06-12,11.0390
2025-06-13,11.0850
2025-06-14,11.1978
2025-06-15,11.2936
2025-06-16,11.3908
2025-06-17,11.4666
2025-06-18,11.5191
2025-06-19,11.5344
2025-06-20,11.5692
2025-06-21,11.6945
2025-06-22,11.8129
2025-06-23,11.7921
2025-06-24,11.8022
2025-06-25,11.8493
2025-06-26,11.8477
2025-06-27,11.8641
2025-06-28,11.8769
2025-06-29,11.9108
2025-06-30,11.9853
2025-07-01,12.0373
2025-07-02,12.1202
2025-07-03,12.3184
2025-07-04,12.5047
2025-07-05,12.6664
2025-07-06,12.8114
2025-07-07,12.8831
2025-07-08,13.0173
2025-07-09,13.0798
2025-07-10,13.0603
2025-07-11,13.0553
2025-07-12,13.1015
2025-07-13,13.1472
2025-07-14,13.1344
2025-07-15,13.1808
2025-07-16,13.2594
2025-07-17,13.2747
2025-07-18,13.2743
2025-07-19,13.3141
2025-07-20,13.3549
2025-07-21,13.4022
2025-07-22,13.5095
2025-07-23,13.4524
2025-07-24,13.4203
2025-07-25,13.4959
2025-07-26,13.6704
2025-07-27,13.7939
2025-07-28,13.8241
2025-07-29,13.8662
2025-07-30,13.9812
2025-07-31,14.1997
2025-08-01,14.2470
2025-08-02,14.2173
2025-08-03,14.1768
2025-08-04,14.1548
2025-08-05,14.1463
2025-08-06,14.0902
2025-08-07,14.0964
2025-08-08,14.1224
2025-08-09,14.1547
2025-08-10,14.1635
2025-08-11,14.2105
2025-08-12,14.2567
2025-08-13,14.2346
2025-08-14,14.2273
2025-08-15,14.2720
2025-08-16,14.2873
2025-08-17,14.3378
2025-08-18,14.4120
2025-08-19,14.4798
2025-08-20,14.5595
2025-08-21,14.6219
2025-08-22,14.7072
2025-08-23,14.7388
2025-08-24,14.6653
2025-08-25,14.5513
2025-08-26,14.3191
2025-08-27,14.2551
2025-08-28,14.2118
2025-08-29,14.1603
2025-08-30,14.0572
2025-08-31,13.9497
2025-09-01,13.7692
2025-09-02,13.6682
2025-09-03,13.6400
2025-09-04,13.6425
2025-09-05,13.6464
2025-09-06,13.6442
2025-09-07,13.6517
2025-09-08,13.7140
2025-09-09,13.7027
2025-09-10,13.6494
2025-09-11,13.5952
2025-09-12,13.5267
2025-09-13,13.4597
2025-09-14,13.4027
2025-09-15,13.3633
2025-09-16,13.3505
2025-09-17,13.3435
2025-09-18,13.3428
2025-09-19,13.3322
2025-09-20,13.3078
2025-09-21,13.2693
2025-09-22,13.2171
2025-09-23,13.1677
2025-09-24,13.1272
2025-09-25,13.1333
2025-09-26,13.1204
2025-09-27,13.0747
2025-09-28,13.0829
2025-09-29,13.0902
2025-09-30,13.0711
2025-10-01,13.0437
2025-10-02,13.0043
2025-10-03,13.0056
2025-10-04,13.0209
2025-10-05,13.0030
2025-10-06,12.8820
2025-10-07,12.8150
2025-10-08,12.7287
2025-10-09,12.6956
2025-10-10,12.7262
2025-10-11,12.7588
2025-10-12,12.7060
2025-10-13,12.6621
2025-10-14,12.5818
2025-10-15,12.5625
2025-10-16,12.5073
2025-10-17,12.4875
2025-10-18,12.4532
2025-10-19,12.5107
2025-10-20,12.7041
2025-10-21,12.7394
2025-10-22,12.7098
2025-10-23,12.6569
2025-10-24,12.6103
2025-10-25,12.5561
2025-10-26,12.5035
2025-10-27,12.4982
2025-10-28,12.4790
2025-10-29,12.4434
2025-10-30,12.3566
2025-10-31,12.2567
2025-11-01,12.1602
2025-11-02,12.0847
2025-11-03,11.9957
2025-11-04,11.9112
2025-11-05,11.8391
2025-11-06,11.7769
2025-11-07,11.6614
2025-11-08,11.5808
2025-11-09,11.5086
2025-11-10,11.4466
2025-11-11,11.3791
2025-11-12,11.3416
2025-11-13,11.3371
2025-11-14,11.3459
2025-11-15,11.3629
2025-11-16,11.3590
2025-11-17,11.3019
2025-11-18,11.2471
2025-11-19,11.2808
2025-11-20,11.3304
2025-11-21,11.3454
2025-11-22,11.2600
2025-11-23,11.2338
2025-11-24,11.2359
2025-11-25,11.2255
2025-11-26,11.2329
2025-11-27,11.2078
2025-11-28,11.1619
2025-11-29,11.1321
2025-11-30,11.0824
2025-12-01,11.0137
2025-12-02,10.9165
2025-12-03,10.7904
2025-12-04,10.7120
2025-12-05,10.6463
2025-12-06,10.5586
2025-12-07,10.5171
2025-12-08,10.4806
2025-12-09,10.4218
2025-12-10,10.3345
2025-12-11,10.2414
2025-12-12,10.1547
2025-12-13,10.1249
2025-12-14,10.1151
2025-12-15,10.1003
2025-12-16,10.0448
2025-12-17,9.9987
2025-12-18,9.9770
2025-12-19,9.9105
2025-12-20,9.8361
2025-12-21,9.7755
2025-12-22,9.7333
2025-12-23,9.6917
2025-12-24,9.7235
2025-12-25,9.7279
2025-12-26,9.7126
2025-12-27,9.8036
2025-12-28,9.8499
2025-12-29,9.8620
2025-12-30,9.8539
2025-12-31,9.8693
2026-01-01,9.9169
2026-01-02,9.9239
2026-01-03,9.9193
2026-01-04,9.9094
2026-01-05,9.8526
2026-01-06,9.8475
2026-01-07,9.8185
2026-01-08,9.7835
2026-01-09,9.7230
2026-01-10,9.6762
2026-01-11,9.6596
2026-01-12,9.6246
2026-01-13,9.5959
2026-01-14,9.5624
2026-01-15,9.5051
2026-01-16,9.4227
2026-01-17,9.3536
2026-01-18,9.3558
2026-01-19,9.3349
2026-01-20,9.3229
2026-01-21,9.3375
2026-01-22,9.3150
2026-01-23,9.3072
2026-01-24,9.3134
2026-01-25,9.3326
2026-01-26,9.3337
2026-01-27,9.3115
2026-01-28,9.2673
2026-01-29,9.2143
2026-01-30,9.1875
2026-01-31,9.2043
2026-02-01,9.1760
2026-02-02,9.1614
2026-02-03,9.1493
2026-02-04,9.1336
2026-02-05,9.1398
2026-02-06,9.1634
2026-02-07,9.1527
2026-02-08,9.1045
2026-02-09,9.0611
2026-02-10,9.0683
2026-02-11,9.1138
2026-02-12,9.1487
2026-02-13,9.2018
2026-02-14,9.1862
2026-02-15,9.1467
2026-02-16,9.1185
2026-02-17,9.1142
2026-02-18,9.1089
2026-02-19,9.0869
2026-02-20,9.0686
2026-02-21,9.0669
2026-02-22,9.0465
2026-02-23,9.0706
2026-02-24,9.0739
2026-02-25,9.0902
2026-02-26,9.0619
2026-02-27,9.0017
2026-02-28,8.9392
2026-03-01,8.8891
2026-03-02,8.8309
2026-03-03,8.8052
2026-03-04,8.7845
2026-03-05,8.7093
2026-03-06,8.8350
2026-03-07,8.6130
2026-03-08,8.6284
2026-03-09,8.6202
2026-03-10,8.5950
2026-03-11,8.5744
2026-03-12,8.5609
2026-03-13,8.5883
2026-03-14,8.6158
2026-03-15,8.5295
2026-03-16,8.5438
2026-03-17,8.5389
2026-03-18,8.5251
2026-03-19,8.5294
2026-03-20,8.5297
2026-03-21,8.5213
2026-03-22,8.5188
2026-03-23,8.5186
2026-03-24,8.5309
2026-03-25,8.5811
2026-03-26,8.6316
2026-03-27,8.6254
2026-03-28,8.6062
2026-03-29,8.5700
2026-03-30,8.5620
2026-03-31,8.5230
2026-04-01,8.5036
2026-04-02,8.4731
2026-04-03,8.4366
2026-04-04,8.4125
2026-04-05,8.3873
2026-04-06,8.3401
2026-04-07,8.2996
2026-04-08,8.2369
2026-04-09,8.2359
2026-04-10,8.2236
2026-04-11,8.2335
2026-04-12,8.2483
2026-04-13,8.3092
2026-04-14,8.3757
2026-04-15,8.4777
2026-04-16,8.5613
2026-04-17,8.6044
2026-04-18,8.6357
2026-04-19,8.6773
2026-04-20,8.7284
2026-04-21,8.7441
2026-04-22,8.7446
2026-04-23,8.7515
2026-04-24,8.7529
2026-04-25,8.8341
2026-04-26,8.9371
2026-04-27,8.9744
2026-04-28,8.9860
2026-04-29,9.0317
2026-04-30,9.1118
2026-05-01,9.1605
2026-05-02,9.2083
2026-05-03,9.2352
2026-05-04,9.2870
2026-05-05,9.3489
2026-05-06,9.3570
2026-05-07,9.3698
2026-05-08,9.4170
2026-05-09,9.4605
2026-05-10,9.4888
2026-05-11,9.5639
2026-05-12,9.6407
2026-05-13,9.6852
2026-05-14,9.7507
2026-05-15,9.7360
2026-05-16,9.6997
2026-05-17,9.6685
2026-05-18,9.6110
2026-05-19,9.6058
2026-05-20,9.6598
2026-05-21,9.7609
2026-05-22,9.8537
2026-05-23,9.9190
2026-05-24,9.9552
2026-05-25,10.0500
2026-05-26,10.1094
2026-05-27,10.1242
2026-05-28,10.1561
2026-05-29,10.1902
2026-05-30,10.2336
2026-05-31,10.3150
2026-06-01,10.4272
2026-06-02,10.5040
2026-06-03,10.5135
2026-06-04,10.5504
2026-06-05,10.5844
2026-06-06,10.6160
2026-06-07,10.6427
2026-06-08,10.6597
2026-06-09,10.6976
2026-06-10,10.7323
2026-06-11,10.7091
2026-06-12,10.7475
2026-06-13,10.7910
2026-06-14,10.7728
2026-06-15,10.8086
2026-06-16,10.8676
2026-06-17,10.9278
2026-06-18,11.0307
2026-06-19,11.2033
2026-06-20,11.2861
2026-06-21,11.2773
2026-06-22,11.2737
2026-06-23,11.3873
2026-06-24,11.4058
2026-06-25,11.3921
2026-06-26,11.4168
2026-06-27,11.4663
2026-06-28,11.4405
2026-06-29,11.4433
2026-06-30,11.5606
2026-07-01,11.5925
2026-07-02,11.6253
2026-07-03,11.6892
2026-07-04,11.7850
2026-07-05,11.9322
2026-07-06,12.0515
2026-07-07,12.1894
2026-07-08,12.2171
2026-07-09,12.2953
2026-07-10,12.4511
2026-07-11,12.5851
2026-07-12,12.6636
2026-07-13,12.7739
2026-07-14,12.8699
2026-07-15,12.9590
2026-07-16,13.0404
2026-07-17,13.0728
2026-07-18,13.0064
2026-07-19,13.1388
2026-07-20,13.3708
2026-07-21,13.5914
2026-07-22,13.8268
2026-07-23,13.9934
2026-07-24,14.2046
2026-07-25,14.4080
2026-07-26,14.4136
2026-07-27,14.3611
2026-07-28,14.3748
2026-07-29,14.4874
2026-07-30,14.5245
2026-07-31,14.5364
2026-08-01,14.6374
2026-08-02,14.7209
2026-08-03,14.7447
2026-08-04,14.7540
2026-08-05,14.7822
2026-08-06,14.8843
2026-08-07,14.9832
2026-08-08,15.0525
2026-08-09,15.0728
2026-08-10,15.0103
2026-08-11,14.9786
2026-08-12,14.9837
2026-08-13,15.0252
2026-08-14,15.0638
2026-08-15,15.0792
2026-08-16,15.0711
2026-08-17,15.0382
2026-08-18,15.1036
2026-08-19,15.1811
2026-08-20,15.2211
2026-08-21,15.2606
2026-08-22,15.3916
2026-08-23,15.4297
2026-08-24,15.4193
2026-08-25,15.4047
2026-08-26,15.3879
2026-08-27,15.3162
2026-08-28,15.2489
2026-08-29,15.2107
2026-08-30,15.1732
2026-08-31,15.2003
2026-09-01,15.2397
2026-09-02,15.2099
2026-09-03,15.1263
2026-09-04,14.9905
2026-09-05,14.8719
2026-09-06,14.8072
2026-09-07,14.7532
2026-09-08,14.7050
2026-09-09,14.6172
2026-09-10,14.6241
2026-09-11,14.6065
2026-09-12,14.5889
2026-09-13,14.5499
2026-09-14,14.5055
2026-09-15,14.4611
2026-09-16,14.4409
2026-09-17,14.4058
2026-09-18,14.3090
2026-09-19,14.2347
2026-09-20,14.1344
2026-09-21,14.0095
2026-09-22,14.0708
2026-09-23,13.7425
2026-09-24,13.5663
2026-09-25,13.3399
2026-09-26,13.2188
2026-09-27,13.1016
2026-09-28,12.9229
2026-09-29,12.8274
2026-09-30,12.6039
2026-10-01,12.5241
2026-10-02,12.4982
2026-10-03,12.5234
2026-10-04,12.6972
2026-10-05,12.7908
