Month,Day,1980's Average,1990's Average,2000's Average,2010's Average,1978,1979,1980,1981,1982,1983,1984,1985,1986,1987,1988,1989,1990,1991,1992,1993,1994,1995,1996,1997,1998,1999,2000,2001,2002,2003,2004,2005,2006,2007,2008,2009,2010,2011,2012,2013,2014,2015,2016,2017,2018,2019,2020,2021,2022,2023,2024,2025,2026
01,01,6803077,6673152,7042962,6995424.2,-9999,-9999,5966499,6199770,-9999,6510515,-9999,-9999,7703813,-9999,-9999,6991995,6688163,7025912,6437344,6226056,6605328,7288558,7717437,6019925,6191461,6531339,6914021,6628937,6936853,7397382,7136672,6605963,5790971,6473444,8875598,7727461,7168334,6722105,7632453,6920200,8360560,9219873,6942134,5373844,6351252,5263487,6068206,6568300,5778923,4777328,6171015,6870601,6154172
01,02,6623463,6524885,6870609,6820823.4,-9999,6988174,-9999,-9999,7038279,-9999,6860933,6402066,-9999,6819079,-9999,6729601,6552409,6866695,6270325,6080451,6441614,7140097,7596749,5905560,6014540,6380411,6668280,6472109,6696562,7268810,6990874,6493222,5649405,6326697,8715572,7566641,6901748,6523533,7446278,6774107,8220524,9116202,6696112,5223903,6190309,5115518,5966632,6451907,5570948,4644691,6020952,6713395,6030266
01,03,6433937,6381587,6686831,6668285.5,-9999,-9999,5855460,5733736,-9999,6174902,-9999,-9999,7377712,-9999,-9999,6524340,6438592,6727943,6081960,5917104,6311070,7004204,7494799,5729410,5865759,6245033,6433947,6308581,6451084,7136895,6799255,6340426,5432490,6190619,8503524,7355408,6576725,6340878,7296725,6685872,8094706,9022589,6491773,5148723,6046952,4977912,5858135,6325097,5411740,4485865,5876284,6505620,5921607
01,04,6342057,6237529,6512267,6502756.8,-9999,6693755,-9999,-9999,6779720,-9999,6524209,6005480,-9999,-9999,-9999,6293637,6307834,6564910,5894004,5736063,6225458,6880202,7389282,5533551,5694611,6149371,6199286,6157021,6239838,7003109,6619378,6188252,5243930,6043174,8333234,7205507,6309555,6140364,7163395,6557339,7937880,8874514,6270363,5038887,5871239,4864032,5736306,6181009,5246132,4364564,5730761,6430443,5815257
01,05,6169759,6097947,6346366,6344653.8,-9999,-9999,-9999,5360908,-9999,5867749,-9999,-9999,7067691,-9999,-9999,6072322,6185196,6454309,5736676,5532664,6124530,6745397,7288318,5327884,5526250,6058246,5999904,6018245,6046993,6878883,6474883,5997103,5061867,5908781,8116522,7086533,6046657,5959763,6987451,6437047,7741370,8729026,6143491,4968665,5689531,4743537,5642356,6041155,5117154,4260926,5581998,6299881,5686922
01,06,5985730,5964678,6187391,6204676.6,-9999,6485669,-9999,-9999,6487564,-9999,6182989,5659322,-9999,-9999,-9999,5785457,6026711,6349996,5622411,5405245,6000579,6614490,7172783,5132064,5363251,5959254,5833717,5916226,5881568,6744226,6338860,5793743,4875661,5731970,7884076,6966395,5802744,5799864,6826118,6334231,7554995,8584844,6058883,4926275,5532254,4626558,5523254,5905331,4895915,4177191,5457455,6141550,5533745
01,07,5793321,5839165,6037481,6055745.9,-9999,-9999,-9999,5050683,-9999,5646887,-9999,-9999,6575635,-9999,-9999,5541570,5880651,6231080,5472030,5337959,5897424,6485424,7103849,4974718,5165108,5843411,5656464,5826893,5728279,6592698,6242441,5623514,4722577,5531738,7638782,6800929,5622109,5655562,6660964,6236915,7369276,8422951,5887386,4830950,5388263,4483083,5363378,5797175,4758852,4048523,5378218,6004913,5399268
01,08,5615539,5703261,5889101,5902965.8,-9999,6311304,-9999,-9999,6150126,-9999,5817621,5179325,-9999,-9999,-9999,5395461,5754149,6121784,5281679,5229695,5771685,6342590,6966838,4831532,5015290,5717372,5504178,5744601,5558693,6466563,6138424,5472284,4583926,5371230,7425593,6648745,5448400,5460729,6512802,6135921,7183199,8289563,5713651,4732309,5211320,4341764,5228942,5631825,4668099,3931888,5210067,5824103,5247814
01,09,5458064,5567826,5750786,5747976,-9999,-9999,-9999,4819711,-9999,5384678,-9999,-9999,6054881,-9999,-9999,5287911,5599801,5989657,5157794,5112967,5644720,6171548,6809551,4700474,4895938,5595813,5369614,5672646,5398976,6354874,6026348,5320517,4464668,5237292,7223569,6507927,5288340,5300390,6387639,5990395,7036959,8111969,5502182,4613991,5005423,4242472,5127840,5526691,4549378,3792491,5081243,5648620,5119680
01,10,5327080,5444446,5616985,5611974.5,-9999,6061273,-9999,-9999,5888147,-9999,5514622,4768684,-9999,-9999,-9999,5205142,5453421,5882742,5033644,5005813,5519869,6041954,6694111,4582444,4781198,5449261,5212132,5615527,5251071,6228869,5900962,5205428,4359772,5118036,7029005,6376313,5134169,5147926,6292571,5882294,6901516,7938385,5350810,4517679,4814044,4140351,4988755,5405365,4470770,3696653,4907113,5478022,5002520
01,11,5208830,5329884,5488094,5450575.7,-9999,-9999,-9999,4608606,-9999,5084910,-9999,-9999,5873139,-9999,-9999,5141460,5355440,5730339,4954578,4888228,5390654,5922153,6571658,4490370,4685175,5310241,5100878,5534287,5078073,6097135,5773790,5093146,4252039,4970169,6884745,6239696,4959932,4969214,6123139,5797230,6766746,7784120,5165212,4267245,4644077,4028842,4839647,5295932,4400298,3642244,4741257,5344733,4828023
01,12,5091268,5216460,5365731,5313158.7,-9999,5828819,-9999,-9999,5647665,-9999,5219147,4469118,-9999,-9999,-9999,5100523,5233403,5621154,4862305,4755904,5265252,5846624,6429321,4392062,4597320,5161252,4973998,5460944,4954455,5935790,5683503,4971059,4146904,4844152,6737605,6115559,4825296,4802872,5991026,5683729,6642045,7628707,5050156,4100561,4483129,3924066,4715134,5174023,4330659,3575146,4566786,5181083,4697462
01,13,4890023,5099264,5246005,5175796.9,-9999,-9999,4732412,4405616,-9999,4845616,-9999,-9999,5586962,-9999,4448009,5020696,5114408,5470066,4755294,4649813,5117020,5760164,6311077,4304244,4503048,5007508,4885040,5375615,4843904,5805762,5567751,4773849,4065233,4729853,6554983,5980318,4693515,4630048,5861206,5581506,6518051,7440034,4911863,3949764,4331925,3840057,4577339,5017795,4252132,3520843,4382474,4986546,4622202
01,14,4771036,4990436,5123772,5036942.8,-9999,5532252,-9999,-9999,5465598,-9999,4942218,4198047,-9999,-9999,4394650,4806207,4980488,5334990,4649691,4544745,4989993,5680454,6188969,4240322,4400713,4893995,4800685,5300792,4722284,5696511,5507353,4557113,3961201,4613448,6299997,5828550,4588606,4466765,5738351,5469867,6384732,7296934,4724022,3784027,4153788,3762336,4481083,4910659,4137885,3460534,4220498,4838099,4564654
01,15,4649413,4875136,5010268,4907132.6,-9999,-9999,4575133,4216360,-9999,4632944,-9999,-9999,5270159,-9999,4345681,4528162,4840834,5245329,4539905,4418233,4893137,5580128,6055396,4124529,4306891,4746976,4725114,5213181,4627159,5607261,5429162,4385652,3850991,4522799,6131301,5677711,4506861,4249950,5627906,5364399,6242482,7152234,4539281,3639804,4063767,3684642,4399016,4805669,4040372,3400002,4041437,4719446,4497736
01,16,4583081,4764950,4902738,4789754.8,-9999,5320865,-9999,-9999,5317363,-9999,4514012,4115325,-9999,4848360,4296542,4448729,4669694,5147231,4446829,4299885,4796359,5480140,5937434,4021815,4226291,4623825,4649510,5144763,4526073,5516099,5367079,4216840,3749276,4395923,5971041,5504837,4439728,4063787,5501272,5273196,6096897,7008488,4384000,3514601,3984863,3630716,4302765,4701823,3921986,3329449,3935283,4516695,4435900
01,17,4481921,4663489,4793942,4672777,-9999,-9999,4454983,4082171,-9999,4424971,-9999,-9999,4924239,-9999,4205369,4385264,4508618,5077357,4367280,4178875,4718459,5396753,5803646,3914181,4151955,4517770,4561382,5077742,4431422,5427281,5273369,4115736,3668711,4272560,5833801,5368218,4385879,3924474,5339909,5201407,5910988,6806601,4244582,3410505,3926825,3576600,4201339,4585657,3816977,3284614,3810159,4363041,4354150
01,18,4394672,4565182,4695821,4543048.7,-9999,5129817,-9999,-9999,5111166,-9999,4093004,3947361,-9999,4737825,4139404,4323974,4368832,4990863,4279697,4059829,4618346,5298144,5692186,3835142,4094567,4414211,4476826,5009249,4342637,5317963,5179245,4045358,3564813,4117165,5706660,5218364,4320051,3750021,5159424,5128575,5756839,6538651,4130267,3313301,3819505,3513853,4097273,4455243,3706485,3236039,3709482,4285484,4280489
01,19,4307371,4474381,4596085,4420430.8,-9999,-9999,4302568,3973370,-9999,4326017,-9999,-9999,4699658,-9999,4060722,4241904,4249459,4904557,4196804,3965293,4508529,5219939,5548558,3767800,4027384,4355484,4392138,4937005,4270287,5236807,5098022,3964485,3468948,3985066,5581020,5094181,4264504,3577659,5082504,5037237,5619501,6220531,4023759,3237501,3702538,3438574,4007110,4293475,3609509,3170888,3615336,4204978,4202117
01,20,4221066,4379413,4500473,4321731.2,-9999,4911085,-9999,-9999,4868148,-9999,3830412,3782358,-9999,4568661,3972629,4159333,4156032,4808385,4114574,3877568,4393896,5117516,5406971,3687351,3937235,4294597,4297740,4878527,4196153,5115903,4968326,3874587,3378500,3901946,5453920,4954618,4195947,3448493,5027677,4954915,5511683,6003076,3946268,3162585,3585370,3381298,3914464,4151330,3542896,3103798,3483923,4127988,4086683
01,21,4135715,4291169,4399088,4225509.8,-9999,-9999,4196292,3871838,-9999,4187663,-9999,-9999,4500833,-9999,3877324,4069767,4073924,4721953,4054275,3783767,4297751,5006768,5275195,3620900,3860354,4216799,4199751,4803785,4130760,4976301,4842814,3793106,3325324,3821594,5340175,4796364,4140237,3387145,4935192,4876354,5405172,5802749,3860970,3062611,3461111,3323557,3877778,4060220,3490548,3050762,3380823,4049766,4025433
01,22,4050853,4211037,4300807,4133009.2,-9999,4615430,-9999,-9999,4584083,-9999,3618480,3659203,-9999,4395525,3778812,3984721,4000268,4649373,3980707,3686345,4226702,4936036,5118230,3554086,3806159,4152466,4103518,4734513,4072164,4888779,4750576,3726565,3261710,3753350,5206638,4653467,4094900,3315353,4836200,4799962,5305257,5558204,3776138,2981476,3381932,3280670,3828079,3970431,3440524,2984773,3289686,3960307,3953723
01,23,3973204,4130601,4212011,4055071.3,-9999,-9999,4030103,3783767,-9999,4051756,-9999,-9999,4353150,-9999,3724389,3905338,3918114,4607682,3881914,3603409,4148289,4852050,4987049,3497455,3734928,4075116,4023224,4677116,3982651,4771472,4675724,3655580,3192402,3651515,5034363,4500534,4045848,3262851,4769760,4736519,5223761,5351612,3725136,2924396,3285439,3225391,3775153,3843787,3365657,2862034,3211242,3879096,3891101
01,24,3896383,4063610,4125619,3987117.2,-9999,4372962,-9999,-9999,4316161,-9999,3440334,3547690,-9999,4205604,3658904,3832871,3848038,4559748,3815553,3549965,4078909,4765894,4864555,3440104,3692991,4020344,3941028,4632762,3903640,4659986,4637090,3587328,3143299,3564446,4888727,4366065,3980792,3215938,4751222,4678286,5145382,5201965,3667544,2840868,3198611,3190564,3712730,3763356,3278356,2768482,3145093,3795664,3835621
01,25,3834616,3995788,4051616,3912336.9,-9999,-9999,3865873,3696870,-9999,3932303,-9999,-9999,4210699,-9999,3619569,3753392,3784815,4493169,3756234,3478928,3989003,4694412,4768930,3373775,3656595,3962023,3860669,4582797,3845093,4557611,4585317,3519562,3095726,3478581,4765151,4232252,3888603,3180632,4646789,4631591,5059745,5042155,3627561,2761228,3124420,3160645,3665239,3717861,3195416,2702836,3067967,3715999,3759961
01,26,3779454,3929883,3978066,3839154.7,-9999,4188985,-9999,-9999,4162031,-9999,3316827,3433677,-9999,4112579,3583071,3695344,3740218,4426013,3694261,3403594,3909147,4623861,4660072,3307557,3624979,3909129,3796265,4539696,3771382,4483073,4546729,3460850,3033938,3423267,4637058,4139665,3840942,3136014,4575224,4543065,4928037,4933885,3564550,2706165,3054641,3109024,3606419,3644654,3126720,2628718,2996494,3638918,3691332
01,27,3719019,3855427,3909190,3768230.5,-9999,-9999,3732497,3624153,-9999,3840171,-9999,-9999,4079460,-9999,3517055,3633038,3686057,4367720,3648371,3308301,3851751,4547561,4500767,3243456,3564404,3835879,3717052,4494027,3715513,4394288,4501734,3391490,2978643,3367677,4500291,4032443,3789319,3078949,4513223,4477250,4805345,4837178,3496736,2627832,3002188,3054285,3531504,3565541,3083597,2571717,2896826,3544342,3632998
01,28,3652127,3782555,3844795,3704524.1,-9999,3949066,-9999,-9999,4026430,-9999,3209268,3312540,-9999,3954272,3430901,3564759,3649593,4291466,3594378,3238010,3770367,4462122,4343343,3182435,3505081,3788751,3657086,4444415,3657092,4319643,4447877,3342686,2941995,3310954,4389057,3925893,3710614,3044790,4462063,4449705,4700475,4738190,3427193,2554386,2947396,3010429,3472312,3497532,3040959,2535147,2792329,3431626,3599495
01,29,3590677,3710244,3775642,3645296,-9999,-9999,3611487,3513665,-9999,3745018,-9999,-9999,3899742,-9999,3368072,3531503,3603832,4218299,3520563,3154480,3701110,4404384,4150552,3135317,3459837,3754066,3602045,4367125,3608012,4270303,4352941,3311823,2885395,3234364,4297130,3831687,3629195,2998373,4425568,4375365,4639854,4657379,3353490,2504147,2889509,2980080,3420997,3495356,2995584,2511624,2711556,3337279,3581837
01,30,3537387,3636997,3706473,3581573.4,-9999,3790491,-9999,-9999,3836397,-9999,3122065,3204655,-9999,3808925,3313767,3498488,3558946,4122868,3467003,3074244,3636389,4309640,3999934,3080854,3397709,3722379,3548671,4288836,3543486,4232546,4243738,3263285,2832437,3176824,4218822,3752025,3550725,2944198,4345311,4308238,4578469,4578954,3265479,2468573,2824655,2951132,3396545,3496435,2951805,2478256,2629474,3255192,3552434
01,31,3489885,3568649,3644025,3529719.4,-9999,-9999,3514178,3450431,-9999,3689843,-9999,-9999,3754783,-9999,3274482,3449430,3487848,4024743,3419594,3026889,3570381,4213209,3865810,3037181,3361046,3679785,3489848,4220719,3484252,4181164,4152350,3197962,2776227,3138666,4163537,3665419,3479487,2879774,4283051,4248713,4514424,4540833,3202020,2449346,2781168,2918378,3355358,3464134,2903180,2443390,2557597,3154744,3514161
02,01,3441229,3500537,3582639,3491537.8,-9999,3643704,-9999,-9999,3704555,-9999,3057484,3104004,-9999,3693316,3237244,3410156,3435940,3940257,3371174,2972976,3488342,4120466,3746781,2991002,3298546,3639887,3422739,4143131,3429494,4130488,4087899,3124541,2710417,3105753,4101523,3578499,3423293,2832167,4272961,4190676,4452392,4507624,3178349,2422393,2729993,2905530,3281812,3413218,2866650,2396942,2506975,3077163,3476460
02,02,3396765,3441287,3522098,3444112.1,-9999,-9999,3424763,3335304,-9999,3588083,-9999,-9999,3653674,-9999,3200219,3391562,3395405,3850281,3337339,2926808,3431450,4040079,3660183,2942324,3245278,3583727,3338009,4063981,3377532,4054913,4006063,3088560,2664683,3065260,4032097,3505420,3397297,2789560,4201427,4144496,4399563,4444902,3116670,2390157,2666128,2890921,3227551,3348850,2833780,2354266,2472034,2989429,3446572
02,03,3347743,3373196,3469928,3401893.888888889,-9999,3441577,-9999,-9999,3604397,-9999,2999253,3007424,-9999,3577656,3159445,3353774,3338664,3749872,3278422,2859648,3378350,3944173,3564532,2897668,3209208,3511422,3256992,3981362,3351677,3988480,3961857,3060158,2650078,3025484,3969020,3405387,-9999,2745007,4147438,4079138,4337443,4376550,3069586,2382580,2610617,2868686,3172457,3283136,2754300,2324698,2447733,2900971,3416428
02,04,3301210,3312591,3423207,3351003.888888889,-9999,-9999,3288006,3225648,-9999,3488634,-9999,-9999,3546851,-9999,3133803,3317037,3296169,3632263,3245463,2822227,3333091,3882726,3465672,2841455,3183178,3423665,3161381,3915239,3323154,3926640,3935576,3036110,2632661,3019615,3924913,3307911,-9999,2719754,4092778,4023702,4269461,4282278,3019631,2373021,2543322,2835088,3146506,3239716,2692746,2291197,2416114,2764227,3379584
02,05,3257561,3262587,3386086,3301117.3333333335,-9999,3268598,-9999,-9999,3513291,-9999,2951658,2924689,-9999,3445867,3112155,3283039,3243446,3560768,3207835,2804563,3280475,3824853,3406170,2779482,3153406,3364871,3091883,3841165,3301974,3878124,3908467,3002628,2624408,3008949,3898651,3243531,-9999,2683431,4046560,3968517,4203043,4154478,3001380,2356536,2488722,2807389,3133073,3199429,2633537,2273975,2366107,2652909,3329362
02,06,3207853,3212302,3350702,3251301.5,-9999,-9999,3157827,3137482,-9999,3386678,-9999,-9999,3458689,-9999,3093999,3209715,3195661,3482183,3168976,2753222,3251649,3770173,3359941,2716218,3125893,3299103,3044415,3778133,3258289,3825301,3878531,2959867,2601831,2983187,3888922,3202681,3189714,2648427,3999754,3932943,4134081,4054328,2976996,2353285,2427633,2795854,3090224,3166871,2584265,2254915,2332550,2543605,3285423
02,07,3159062,3166825,3314401,3208047.9,-9999,3171645,-9999,-9999,3381881,-9999,2879647,2843575,-9999,3327666,3066645,3155760,3165877,3434115,3102916,2698117,3234104,3723411,3329047,2638243,3105037,3237381,3016968,3722662,3211483,3802104,3820004,2933275,2563347,2951341,3873875,3195065,3126762,2622786,3924576,3909781,4064849,3966210,2936400,2355011,2368377,2805727,3041809,3147801,2518231,2221690,2298813,2468440,3238722
02,08,3114986,3119539,3275191,3165088.3,-9999,-9999,3040277,3018076,-9999,3276581,-9999,-9999,3395276,-9999,3031989,3111469,3135309,3391189,3033166,2644078,3203393,3665185,3283218,2584857,3104100,3150897,2981737,3677593,3150553,3783013,3724946,2901068,2550998,2897159,3827700,3172126,3064895,2597557,3867268,3871387,3967524,3907246,2892754,2321526,2354625,2806101,3002096,3121977,2453311,2169261,2261804,2417223,3192638
02,09,3075191,3079263,3241461,3135808.4,-9999,3059575,-9999,-9999,3308389,-9999,2794668,2757503,-9999,3259044,3003667,3059007,3106693,3364048,2979328,2595444,3159200,3611037,3265352,2545166,3074210,3092149,2960403,3647804,3109117,3763902,3648367,2883249,2532208,2863496,3792619,3133247,3050826,2588204,3822638,3841088,3912824,3862535,2873509,2279405,2351144,2775911,2973847,3057351,2381675,2108841,2231582,2357445,3138450
02,10,3033869,3041642,3208639,3103860.2,-9999,-9999,2976313,2915783,-9999,3167055,-9999,-9999,3349902,-9999,2978568,3003377,3075551,3298923,2944038,2567699,3125597,3555348,3233307,2500912,3051469,3063577,2936064,3628177,3061540,3754502,3588376,2861750,2520537,2831105,3756691,3073138,3030768,2575699,3773690,3814506,3842028,3807590,2850328,2255361,2343410,2745222,2964387,3021349,2351003,2055383,2218858,2319784,3078215
02,11,2993293,3007342,3177345,3067391.3,-9999,3020926,-9999,-9999,3179313,-9999,2689737,2707502,-9999,3199221,2951936,2973589,3037141,3255760,2922975,2521142,3099645,3519594,3192394,2482192,3013048,3029527,2895760,3611679,3022432,3712398,3547683,2832239,2507956,2800365,3705354,3016962,2978842,2550960,3735100,3795679,3767824,3758320,2812825,2236777,2340990,2696596,2953780,2969896,2328893,2034424,2203469,2279652,3002869
02,12,2958199,2972264,3144540,3031710.3,-9999,-9999,2870086,2844787,-9999,3083985,-9999,-9999,3255359,-9999,2939784,2922563,2997582,3230323,2871512,2479844,3086035,3495514,3116447,2467113,2985855,2992412,2836293,3578760,2991991,3662697,3521124,2804104,2502689,2782239,3684269,2982368,2913273,2534683,3698163,3781052,3717354,3721346,2758519,2226844,2317600,2648269,2944343,2910177,2329802,2013877,2173249,2231589,2961768
02,13,2925498,2933820,3117655,2999632.5,-9999,2936843,-9999,-9999,3099808,-9999,2617980,2675776,-9999,3161515,2915053,2860900,2957457,3172060,2840279,2437632,3070110,3484052,3060466,2426782,2946548,2942812,2798696,3557499,2955889,3651555,3477755,2783482,2494922,2760453,3697260,2949091,2835394,2507485,3679147,3750953,3657302,3700037,2739602,2222327,2306443,2597635,2929959,2878402,2288909,2013700,2163123,2209483,2923581
02,14,2894436,2900096,3089909,2971200.8,-9999,-9999,2800801,2792368,-9999,3016640,-9999,-9999,3183871,-9999,2878191,2799572,2928795,3134581,2822315,2397310,3058820,3464679,3020974,2376543,2896746,2900195,2753662,3544225,2912319,3635226,3439090,2795579,2493859,2736858,3668997,2896522,2789282,2455914,3608575,3728312,3618941,3667614,2730033,2226896,2298018,2588423,2896304,2853984,2233020,1995759,2172347,2191146,2895104
02,15,2870586,2871670,3069024,2953713.3,-9999,2936679,-9999,-9999,3038711,-9999,2607474,2641958,-9999,3102612,2856605,2769820,2888844,3096994,2780908,2391073,3062859,3447786,2972370,2337805,2876404,2861656,2706635,3549529,2866635,3614665,3423460,2780721,2495042,2717238,3594958,2836361,2794920,2419362,3561378,3699754,3595411,3641866,2711426,2230736,2305396,2576884,2868673,2850023,2208774,1968016,2136587,2162431,2921450
02,16,2850927,2843006,3054314,2935555.6,-9999,-9999,2718521,2770385,-9999,2954138,-9999,-9999,3140627,-9999,2833621,2741923,2869725,3065199,2706095,2374995,3078279,3417365,2904300,2318699,2861541,2833862,2676054,3539548,2834637,3594901,3366011,2786487,2470125,2705728,3561199,2793226,2813330,2386778,3489378,3685327,3582243,3629533,2678862,2232124,2292067,2565914,2827598,2879640,2196024,1953550,2099070,2140541,2926961
02,17,2838116,2819695,3045610,2920519.4,-9999,2870610,-9999,-9999,3040905,-9999,2589644,2581780,-9999,3097027,2808886,2740675,2835222,3049231,2677552,2374804,3071893,3416519,2830477,2286386,2829646,2825219,2684515,3534077,2805148,3586844,3304981,2783706,2465630,2714194,3599454,2784025,2826978,2357320,3417830,3696275,3579736,3598855,2657331,2224767,2270501,2575601,2797521,2872147,2183449,1949420,2090437,2153364,2883778
02,18,2827068,2804746,3043701,2912016.9,-9999,-9999,2700217,2740228,-9999,2925384,-9999,-9999,3094981,-9999,2795742,2753542,2792911,3027048,2651357,2390173,3083550,3413726,2790716,2266832,2827721,2803429,2680526,3525786,2809698,3582931,3343524,2771834,2445963,2725589,3614318,2756653,2812608,2346212,3376675,3725873,3556485,3593697,2692839,2199214,2240515,2576051,2763545,2851560,2156359,1964495,2090917,2182746,2848200
02,19,2819954,2792905,3046053,2901596.5,-9999,2901827,-9999,-9999,3027256,-9999,2576399,2586808,-9999,3021341,2789157,2764259,2756495,2981148,2630934,2423253,3095107,3408150,2745923,2251372,2826284,2810383,2698764,3526103,2808242,3596839,3324572,2784369,2422686,2745757,3604728,2733184,2782086,2350423,3344499,3722497,3542029,3617358,2720061,2192847,2208717,2535448,2759291,2825567,2128047,1969339,2090929,2197890,2817857
02,20,2816280,2783095,3055830,2899341.5,-9999,-9999,2649505,2777014,-9999,2905104,-9999,-9999,3076202,-9999,2768228,2784271,2746518,2940637,2600925,2446309,3107078,3408552,2712385,2263718,2817302,2787521,2739674,3513070,2824371,3599248,3264508,2801209,2421241,2741607,3586769,2715281,2789471,2337574,3327961,3689378,3544214,3629081,2754912,2198447,2229363,2493014,2773838,2804140,2143682,1970711,2094101,2175602,2796963
02,21,2811789,2773920,3064783,2909284.1,-9999,2902776,-9999,-9999,3023104,-9999,2571017,2594275,-9999,3004746,2744880,2798706,2756278,2888601,2572462,2455028,3125755,3411705,2687291,2259385,2814837,2767860,2776199,3507255,2813724,3648813,3271829,2795871,2408985,2753951,3632074,2720038,2811851,2317738,3320727,3701586,3561149,3639126,2810646,2197364,2253347,2479307,2792210,2787666,2155800,1962397,2126978,2131516,2779551
02,22,2809618,2772962,3082426,2919238,-9999,-9999,2595477,2788971,-9999,2927449,-9999,-9999,3042596,-9999,2721586,2822014,2760740,2830102,2571924,2490070,3141159,3420366,2683966,2254590,2796499,2780200,2810349,3512240,2825295,3669675,3300278,2808014,2411033,2760060,3685172,2741526,2871569,2315254,3263716,3738312,3587030,3670452,2833029,2191966,2256282,2464770,2825962,2807201,2159405,1957675,2159482,2113014,2741176
02,23,2811706,2767015,3110277,2936396.4,-9999,2945397,-9999,-9999,3010440,-9999,2558317,2641115,-9999,2993154,2708976,2845272,2761815,2759704,2584766,2515419,3141933,3441639,2660423,2263954,2776165,2764331,2842225,3537111,2832056,3690622,3325941,2827405,2457740,2788226,3739166,2745386,2981880,2351062,3218695,3816980,3574947,3694099,2844016,2167669,2272153,2442463,2839889,2813724,2156983,1965218,2177485,2118180,2720264
02,24,2825202,2766438,3141480,2946871.3,-9999,-9999,2558118,2841691,-9999,2932928,-9999,-9999,3032346,-9999,2698883,2867799,2771396,2701310,2604428,2530272,3154923,3441769,2644477,2274676,2777820,2763304,2870609,3591280,2849752,3705400,3354114,2836138,2476107,2841763,3823408,2763711,3038959,2375065,3234171,3805384,3573964,3704476,2845850,2163217,2302896,2424731,2842849,2822840,2183853,1972487,2217006,2096736,2724298
02,25,2839609,2774596,3174361,2966559.6,-9999,3012287,-9999,-9999,3089321,-9999,2533465,2786950,-9999,3027737,2705566,2895067,2795767,2647201,2627391,2560946,3178439,3458395,2658466,2262435,2783530,2773386,2894665,3643848,2899757,3706543,3361690,2838514,2497099,2889568,3868321,2880240,3084959,2388649,3292019,3823677,3626583,3703727,2830526,2168759,2304215,2442482,2815532,2899944,2167088,1982648,2308020,2085993,2726362
02,26,2858810,2789049,3217140,2989519.7,-9999,-9999,2525036,2872148,-9999,2936493,-9999,-9999,3017208,-9999,2713995,2937536,2825281,2601480,2638360,2588367,3231207,3502278,2678065,2256564,2786902,2781987,2934492,3703465,2940675,3704435,3395982,2858065,2522660,2935432,3851269,2936980,3107518,2424541,3306494,3835795,3705970,3728866,2846288,2160280,2310420,2469025,2811959,3016350,2169103,2010919,2380836,2092854,2736481
02,27,2930317,2811117,3270702,3016009.6,-9999,3053654,-9999,-9999,3151099,-9999,2538914,2944515,-9999,3099372,2716009,2999917,2854859,2587936,2641493,2590509,3294562,3553292,2722706,2275483,2816630,2773697,2967211,3757789,2999547,3706829,3438274,2915344,2549852,2989205,3858494,2983280,3141231,2464256,3339517,3843592,3744127,3772043,2871623,2152483,2353912,2477312,2809169,3092800,2179142,2043905,2405368,2133916,2817983
02,28,2965741,2836429,3312681,3041304,-9999,-9999,-9999,-9999,-9999,3013541,-9999,-9999,3018177,-9999,2730459,3057876,2865872,2580590,2634317,2566013,3366001,3610269,2788752,2327564,2840792,2784123,3011311,3813011,3049605,3717397,3471382,3019544,2564057,3117059,3884201,3071364,3156607,2522816,3380317,3899161,3753923,3800984,2857127,2151409,2407226,2483470,2792735,3197871,2211479,2063912,2430278,2177160,2853885
02,29,2997826,2864299,3347085,3103687.5,-9999,-9999,-9999,-9999,-9999,-9999,2628759,-9999,-9999,-9999,2759133,-9999,-9999,-9999,2657823,-9999,-9999,-9999,2883956,-9999,-9999,-9999,3053530,-9999,-9999,-9999,3507994,-9999,-9999,-9999,3983838,-9999,-9999,-9999,3354336,-9999,-9999,-9999,2853039,-9999,-9999,-9999,2786252,-9999,-9999,-9999,2479585,-9999,-9999
03,01,3029911,2892168,3381488,3067093.4,-9999,3090964,-9999,-9999,3223556,-9999,-9999,3049134,-9999,3176404,2834477,3113331,2889726,2597340,2712924,2568513,3451706,3659951,2986188,2399230,2858378,2797727,3126847,3845409,3105955,3721324,3540255,3102736,2556736,3172297,4070946,3177136,3156007,2570704,3435947,3967947,3772864,3807337,2863943,2147345,2452571,2496269,2780405,3336462,2231068,2095439,2553504,2187244,2870779
03,02,3091038,2934349,3433457,3098549.9,-9999,-9999,-9999,-9999,-9999,3195456,2813936,-9999,3014894,-9999,2938283,3170687,2920971,2614444,2771941,2574360,3537918,3688055,3050691,2487512,2884828,2812767,3201837,3862895,3154094,3738260,3596227,3159167,2530198,3146160,4169396,3252493,3173067,2577268,3461681,4079769,3805451,3803617,2934186,2149610,2457657,2543193,2816961,3474391,2263092,2095754,2583798,2216993,2896216
03,03,3154267,2988623,3487195,3143220.3,-9999,3188450,-9999,-9999,3311537,-9999,-9999,3145182,-9999,3284280,3047346,3252606,2964826,2663863,2875054,2567125,3580985,3750870,3099047,2563644,2958429,2862384,3261984,3916092,3194967,3767014,3676889,3203228,2528092,3188023,4222022,3325757,3209584,2589501,3518577,4128419,3877917,3891617,2998103,2159375,2494806,2564304,2879021,3582621,2321923,2105353,2579911,2258525,2945741
03,04,3208074,3041694,3539601,3193576.1,-9999,-9999,-9999,-9999,-9999,3326867,2974968,-9999,3060253,-9999,3099242,3300442,3013362,2691453,2911346,2616632,3646631,3830930,3148428,2621726,3037388,2899042,3308464,3996529,3232656,3775104,3745633,3251180,2573939,3268276,4310444,3458735,3233848,2644146,3572151,4147817,3933203,4042973,3060519,2168927,2562373,2569804,2939276,3766609,2394210,2127191,2592894,2285073,2996158
03,05,3224503,3085749,3592301,3243989,-9999,3231378,2907663,-9999,3434466,-9999,-9999,3216865,-9999,3413309,3183721,3368158,3047477,2707107,2922103,2691278,3676192,3898196,3217233,2653163,3111758,2932987,3387485,4071882,3261420,3795318,3830589,3263375,2632565,3308356,4388487,3574627,3281889,2712329,3602571,4184371,4020601,4121349,3116119,2187029,2631026,2582606,3045608,3832046,2439823,2166200,2723488,2327469,3045106
03,06,3239470,3152669,3644723,3299151,-9999,-9999,-9999,2929678,-9999,3473854,3081686,-9999,3075067,-9999,3266803,3409366,3107814,2744616,2949547,2768857,3736910,3964905,3341672,2708653,3201472,3002239,3453285,4155744,3308198,3819616,3871352,3256275,2681691,3315066,4460697,3619616,3363191,2799685,3654326,4248334,4143659,4160930,3137286,2197511,2687140,2599448,3179488,3893971,2452156,2247540,2823877,2370719,3102197
03,07,3283760,3222306,3695468,3362906.8,-9999,3365693,2955673,-9999,3556776,-9999,-9999,3292133,-9999,3539607,3326105,3455671,3150878,2782348,3009413,2820765,3773718,4015135,3467020,2792710,3323794,3087282,3519168,4236873,3345126,3859758,3890318,3325562,2736063,3332356,4535365,3690713,3449363,2881555,3740654,4350454,4195452,4196177,3179385,2245025,2748504,2642499,3309051,3948614,2482596,2321939,2916020,2440108,3145865
03,08,3327127,3294912,3757176,3432632.6,-9999,-9999,-9999,2985638,-9999,3534426,3225042,-9999,3117880,-9999,3402413,3475576,3188279,2836784,3077849,2899479,3830605,4103800,3580455,2850646,3403954,3177270,3575218,4327511,3401245,3902991,3932048,3410178,2795561,3385564,4598289,3738407,3558847,2982717,3828350,4446730,4230923,4246209,3228720,2321543,2813100,2669187,3417440,4016883,2519742,2413191,2984877,2484622,3186484
03,09,3373550,3378007,3827648,3512102.7,-9999,3486898,3016218,-9999,3631843,-9999,-9999,3395382,-9999,3672955,3504236,3508498,3243244,2981496,3125282,2993544,3905505,4171250,3687562,2904519,3469321,3298345,3642856,4408818,3486965,3946276,3984290,3447393,2841192,3422074,4666842,3765654,3636929,3085018,3892589,4555567,4360474,4302669,3289024,2388755,2883093,2726909,3486380,4081606,2548451,2527745,3037255,2507438,3236115
03,10,3429445,3490084,3891841,3578094.2,-9999,-9999,-9999,3070286,-9999,3571743,3322391,-9999,3185320,-9999,3610017,3539822,3370624,3109572,3193244,3111839,3998099,4238444,3761918,2980239,3692300,3444562,3695988,4468066,3558609,4026973,4047704,3505815,2844460,3499701,4763024,3840699,3699443,3084287,3989720,4676268,4437437,4358347,3347049,2428516,2989561,2770314,3546641,4120632,2595185,2598588,3076537,2597831,3290847
03,11,3504760,3603856,3951132,3649536.4,-9999,3578994,3147526,-9999,3855532,-9999,-9999,3482599,-9999,3787682,3769532,3566901,3490380,3241142,3272883,3253715,4083728,4309405,3839262,3100144,-9999,3609774,3757690,4520537,3623366,4121396,4148759,3576133,2867800,3560631,4865718,3933695,3728487,3122327,4111235,4751383,4444718,4469109,3438561,2478904,3119415,2831225,3624970,4192743,2612545,2643980,3110673,2715995,3373596
03,12,3583339,3713402,4022753,3725502.8,-9999,-9999,-9999,3202763,-9999,3715976,3467594,-9999,3339584,-9999,3915702,3649700,3578742,3426381,3341625,3393508,4186118,4367396,3912346,3188208,3983948,3755749,3814012,4583239,3679519,4202026,4247955,3652641,2920082,3632233,4958502,4007215,3758490,3199744,4230748,4815631,4495170,4528650,3574834,2521414,3253001,2877346,3722881,4265462,2642772,2695558,3129813,2800913,3427152
03,13,3653686,3812260,4089589,3799012.2,-9999,3710840,3270762,-9999,4082563,-9999,-9999,3531891,-9999,3925581,4000092,3728091,3669967,3539806,3436460,3508397,4313597,4455951,4024093,3246693,4029647,3897991,3861108,4634577,3735274,4252296,4326037,3768277,2924953,3678342,5068754,4088688,3770033,3247355,4348506,4879400,4603148,4633357,3681853,2555792,3352584,2918094,3805664,4297516,2682190,2729145,3146847,2929349,3475075
03,14,3717444,3902167,4150889,3862827.6,-9999,-9999,-9999,3338723,-9999,3848580,3561040,-9999,3521490,-9999,4073669,3794774,3756508,3668989,3486012,3632662,4421839,4543061,4114014,3290121,4078504,4029957,3920107,4695793,3772007,4287481,4384004,3827180,2921534,3718430,5163737,4269093,3791647,3296072,4453018,4954641,4672102,4725257,3769426,2615499,3388649,2961965,3914572,4347559,2741601,2764110,3177979,3074718,3511202
03,15,3790734,3996547,4211865,3920308.2,-9999,3750316,3324819,-9999,4285918,-9999,-9999,3617403,-9999,4033386,4147502,3884627,3838954,3744156,3578934,3758525,4534783,4637657,4207916,3352216,4142672,4169659,4008153,4746677,3814395,4329964,4457900,3890522,2951503,3754299,5206822,4362532,3813315,3363331,4570508,4976691,4700775,4823424,3875692,2674043,3426184,2979119,3998261,4393514,2828994,2812703,3192566,3185574,3552914
03,16,3914747,4081240,4278380,3986677.6,-9999,-9999,-9999,3493018,-9999,4005456,3708303,-9999,3750765,-9999,4199898,3935847,3913089,3806431,3616639,3920220,4638574,4746094,4287327,3419255,4213145,4251622,4108192,4808224,3863426,4366952,4534072,3968737,3016248,3792955,5253833,4418153,3842958,3436515,4683568,5002601,4725103,4922034,4000071,2730946,3503596,3019384,4040201,4448113,2889633,2866483,3212937,3234673,3616891
03,17,3980438,4181825,4351018,4056192.5,-9999,3941859,-9999,-9999,4443381,-9999,-9999,3742494,-9999,4156282,4267575,3983853,3996978,3908979,3726353,4064520,4738805,4831395,4408163,3516944,4295088,4331021,4184981,4845912,3925632,4414628,4629626,4054670,3086386,3826807,5295305,4512885,3858510,3498285,4758665,5062600,4770919,5037076,4112297,2779008,3597637,3086928,4084181,4519783,2961443,2955070,3243812,3304384,3710983
03,18,4051200,4266676,4440313,4139583.1,-9999,-9999,-9999,3593516,-9999,4177105,3795766,-9999,3936786,-9999,4326009,4059290,4082068,4009627,3820359,4181621,4820625,4898919,4483483,3624179,4371460,4374416,4275257,4913243,3967852,4491656,4712250,4130490,3152448,3884552,5350577,4648605,3898695,3574956,4829434,5149926,4848095,5142102,4258936,2859907,3681464,3152316,4154068,4574009,3030794,2966473,3257373,3402447,3780098
03,19,4120459,4360694,4518525,4213958.4,-9999,4127451,-9999,-9999,4619959,-9999,-9999,3881104,-9999,4301434,4393019,4113327,4156095,4171807,3900333,4266568,4916910,4944805,4567018,3757634,4468330,4457438,4363240,4984839,4014731,4578734,4785344,4222940,3245248,3937240,5426798,4846724,3897621,3604346,4936337,5217923,4957687,5235729,4356768,2933703,3761457,3238013,4227849,4653156,3122448,3017546,3287635,3439415,3824807
03,20,4191733,4459664,4583952,4278670.4,-9999,-9999,-9999,3705501,-9999,4390651,3875471,-9999,4075771,-9999,4458593,4190873,4263046,4315731,3991479,4338636,4995037,5000139,4627258,3935250,4573620,4556442,4437357,5022201,4052711,4670510,4851181,4287590,3351165,3981587,5530762,4994440,3924662,3649473,4997020,5258323,5064290,5349168,4428526,2980692,3843999,3290551,4321406,4737484,3192418,3101750,3344779,3477877,3903898
03,21,4263781,4556071,4658096,4340941.3,-9999,4331483,-9999,-9999,4803128,-9999,-9999,3989576,-9999,4462278,4500156,4261943,4385407,4439983,4089699,4433916,5078838,5072521,4697353,4048547,4646087,4668356,4481391,5079521,4085175,4719519,4881762,4380315,3390342,4044005,5647278,5076547,3940563,3671687,5040027,5307285,5193486,5432690,4508800,3019238,3938611,3357026,4411081,4832960,3265161,3168995,3416127,3530513,3985801
03,22,4339648,4652601,4733170,4413579.6,-9999,-9999,-9999,3863550,-9999,4545460,4015428,-9999,4242064,-9999,4530201,4330830,4502348,4549087,4171719,4542209,5177264,5169691,4775247,4152345,4742481,4743614,4550838,5150053,4127904,4866495,4943432,4496210,3455104,4077278,5741661,5096690,3977424,3710145,5117226,5392476,5293677,5504834,4626414,3038106,4050418,3425076,4485983,4926266,3312920,3324838,3469281,3593843,4093273
03,23,4359220,4741839,4812084,4499554,-9999,4599785,3772558,-9999,5070519,-9999,-9999,4112497,-9999,4620593,4564887,4417960,4589164,4684159,4230669,4664064,5268607,5309763,4857736,4205961,4796968,4811296,4609369,5220564,4185146,4959027,5023162,4610510,3567591,4100504,5843016,5189883,4024998,3779353,5158341,5470006,5396612,5586840,4778933,3086076,4217770,3496611,4541867,5005940,3355335,3459653,3544027,3644564,4163847
03,24,4444666,4842600,4888375,4584020.4,-9999,-9999,-9999,4048907,-9999,4728583,4226608,-9999,4395775,-9999,4616120,4530117,4703736,4823513,4391434,4782691,5365724,5400464,4949054,4256689,4863088,4889606,4686819,5300598,4243902,5033541,5112875,4699198,3709727,4181122,5940821,5262468,4123770,3853369,5175964,5519459,5513191,5660889,4946133,3147713,4347235,3552481,4607168,5107012,3449717,3602762,3664142,3713727,4218207
03,25,4534228,4947159,4964304,4677442.2,-9999,4902926,3841463,-9999,5291943,-9999,-9999,4263871,-9999,4827646,4712482,4634282,4828084,5030403,4482134,4881774,5489963,5472227,5052456,4315452,4938192,4980909,4773566,5360930,4310889,5106928,5216948,4754510,3804945,4258767,6015957,5303535,4246956,3907277,5308785,5588213,5617471,5738823,5072172,3207866,4444888,3641971,4677895,5208413,3589905,3732127,3784544,3806481,4288201
03,26,4625130,5038226,5038451,4770219.3,-9999,-9999,-9999,4244652,-9999,4899077,4474382,-9999,4523207,-9999,4774521,4716845,4934430,5170041,4598997,4936599,5594601,5540538,5156874,4383032,5028734,5038411,4881859,5422512,4370352,5168886,5253109,4835199,3883285,4344748,6102716,5384362,4396952,3957708,5383968,5657365,5760383,5853748,5177108,3256313,4522879,3735769,4763866,5249419,3689400,3820692,3866771,3922419,4339650
03,27,4700259,5131953,5121122,4864902.7,-9999,5102390,3993886,-9999,5575757,-9999,-9999,4446710,-9999,4995943,4823445,4775639,5015374,5334807,4698418,4989319,5676790,5591674,5313195,4454845,5139112,5105998,4988834,5485708,4423557,5233671,5226644,4947061,3993108,4425792,6157573,5504862,4477248,3989183,5512631,5714745,5927582,5956640,5304988,3329871,4610297,3825842,4870055,5312450,3811182,3870392,3935200,4029292,4388508
03,28,4772434,5220777,5203151,4949089.2,-9999,-9999,-9999,4354692,-9999,5053976,4633419,-9999,4599007,-9999,4863079,4818282,5102409,5444142,4757154,5036370,5804277,5639465,5429823,4558077,5244042,5192009,5095158,5549647,4467536,5297888,5281369,5075242,4062738,4508626,6221793,5636855,4557461,4032615,5608146,5778988,6056834,6066248,5395868,3405937,4711213,3877582,4940121,5384828,3926260,3942567,4028129,4117295,4449128
03,29,4875455,5302611,5298474,5025765.4,-9999,5317785,4124508,-9999,5812996,-9999,-9999,4673406,-9999,5180567,4924634,4874700,5216124,5516181,4847304,5100671,5878700,5678382,5537815,4648506,5322501,5279921,5204037,5614989,4530188,5396341,5399475,5195653,4160738,4593771,6317806,5737194,4643607,4093507,5655156,5888119,6169365,6168135,5466948,3462655,4764342,3945820,5052259,5465343,4024910,4023438,4114535,4219479,4552968
03,30,4962326,5387510,5390444,5108379.3,-9999,-9999,-9999,4501577,-9999,5182483,4850419,-9999,-9999,-9999,5002655,4916831,5358268,5576822,4958904,5169934,5949980,5755736,5637030,4728184,5387972,5352268,5278511,5666656,4591954,5493140,5504532,5294451,4264699,4698488,6391904,5872581,4766965,4174191,5706942,5979934,6246359,6278578,5531379,3547379,4840828,4011238,5148349,5530952,4162104,4121362,4191629,4343051,4630755
03,31,5048473,5471910,5480286,5204383.4,-9999,5561033,4295834,-9999,6041457,-9999,-9999,4902943,-9999,5382225,5084309,4968066,5502948,5647918,5111485,5244242,6018925,5809196,5702530,4825322,5429223,5427310,5343849,5733112,4647594,5594701,5632025,5401324,4382789,4816429,6471470,5971287,4916840,4256605,5785230,6040242,6370522,6382884,5653397,3641884,4892394,4103836,5236049,5604877,4257975,4253799,4308304,4456151,4801662
04,01,5121014,5567230,5572932,5298333.3,-9999,-9999,-9999,4615979,-9999,5336044,5036344,-9999,-9999,-9999,5136155,5019323,5609105,5722784,5252911,5354235,6070810,5928497,5782458,4963806,5477772,5509923,5435400,5790988,4701236,5636267,5761200,5459922,4478435,4880294,6634002,6055972,5047586,4325966,5865062,6125883,6492584,6506978,5763359,3725810,4933257,4196848,5283251,5697119,4374446,4372230,4482229,4560410,4927291
04,02,5200540,5656386,5667082,5382591,-9999,5687319,4378037,-9999,6308476,-9999,-9999,5067844,-9999,5513747,5191851,5078661,5735509,5813076,5398342,5427792,6118880,6026127,5849634,5087271,5509860,5597369,5525922,5840123,4793700,5708697,5918182,5566138,4572742,4955494,6725551,6141745,5154980,4394891,5924339,6231252,6592777,6607341,5837811,3784646,5013164,4284709,5351771,5802514,4540581,4468829,4650850,4715170,4967526
04,03,5288969,5748051,5756280,5478700.4,-9999,-9999,-9999,4791167,-9999,5534665,5218296,-9999,-9999,-9999,5243765,5163634,5846099,5885536,5512534,5527008,6165295,6135418,5950172,5200778,5551791,5705880,5610888,5884778,4876104,5820072,6030339,5676612,4704079,5016578,6852672,6245171,5245022,4458395,6033732,6329911,6725917,6696564,5940629,3922211,5056412,4378211,5445673,5921250,4678397,4523722,4816641,4808106,4972046
04,04,5380081,5844429,5850541,5575331.1,-9999,5932516,4524257,-9999,6541875,-9999,-9999,5283831,-9999,5680310,5317769,5244780,5954100,5985476,5618253,5641956,6264038,6240018,6033554,5302671,5585162,5819061,5699813,5941451,4969801,5966940,6117419,5767288,4811034,5072810,6991003,6347048,5382690,4534194,6123786,6415457,6864498,6776786,6025110,4099263,5070875,4460652,5534180,5988046,4715701,4616343,4964181,4896769,5023134
04,05,5435718,5939077,5949164,5673927.3,-9999,-9999,-9999,4969138,-9999,5723280,5419272,-9999,-9999,-9999,5381560,5328689,6048156,6106937,5789425,5747694,6335002,6314901,6086934,5403240,5623183,5935295,5811385,6019802,5084149,6078895,6194575,5855514,4870726,5131205,7088784,6451772,5487547,4653823,6188198,6506402,7015234,6859665,6107037,4224946,5116377,4580044,5584494,6030690,4775464,4682842,5041796,5029572,5114336
04,06,5527893,6032892,6048307,5778803.9,-9999,6229777,4680036,-9999,6718130,-9999,-9999,5579476,-9999,-9999,5450513,5405752,6142742,6200824,5926170,5820386,6403303,6422960,6166586,5512636,5703354,6029962,5924532,6118203,5202020,6165677,6299628,5962138,4924442,5236943,7204754,6588212,5595195,4836691,6227353,6634970,7116359,6959379,6198441,4316787,5185166,4717698,5661977,6076291,4849641,4782439,5116810,5177393,5234014
04,07,5612938,6124539,6161346,5887848,-9999,-9999,-9999,5141541,-9999,5912762,5612485,-9999,-9999,-9999,5530426,5471253,6210427,6332248,6015703,5896555,6455498,6545990,6279088,5603656,5799774,6106452,6045628,6208076,5316127,6269270,6415171,6065737,5016635,5356487,7305878,6693610,5711993,5000157,6269461,6754077,7225334,7103130,6271521,4419959,5274935,4847913,5746534,6153115,4930903,4888643,5201183,5298097,5372854
04,08,5703654,6226901,6278901,5991406.1,-9999,6551206,4762452,-9999,6891306,-9999,-9999,5838670,-9999,-9999,5631177,5521895,6284826,6470372,6124381,5978402,6521089,6663988,6429867,5682525,5914277,6199278,6196596,6314711,5438467,6363603,6496994,6150592,5106732,5489766,7379594,6772211,5776376,5110302,6333513,6853978,7359265,7280433,6362747,4538958,5391779,4906710,5834184,6243630,5019230,4934991,5308557,5352472,5488079
04,09,5937657,6327480,6397724,6101399.4,-9999,-9999,-9999,5332666,-9999,6111411,5856591,-9999,-9999,-9999,5725710,5572995,6386359,6578071,6210217,6065603,6614677,6734045,6605722,5773642,6029128,6277335,6341059,6406561,5601638,6499044,6592385,6227644,5204294,5622699,7472871,6935271,5855304,5249088,6387436,6939013,7523642,7454176,6434875,4666116,5502747,5001597,5924583,6315675,5124318,4976265,5424769,5425280,5568344
04,10,6085435,6427872,6511619,6201905.3,-9999,6894316,-9999,-9999,7128649,-9999,-9999,6069819,-9999,6423900,5792253,5649844,6491276,6694918,6332144,6159629,6716955,6773565,6730153,5871249,6136519,6372316,6492208,6503157,5774678,6593105,6669690,6335959,5354869,5765155,7581669,7056139,5937384,5471756,6449573,7031041,7621432,7583614,6500183,4758507,5595075,5070488,6020272,6411510,5264723,5043884,5533241,5513530,5650058
04,11,6179911,6531781,6620706,6298405.3,-9999,-9999,-9999,5543963,-9999,6376511,6016892,-9999,-9999,-9999,5885486,5745893,6583365,6769174,6465977,6260445,6850489,6858228,6826753,5994139,6245718,6463519,6631175,6582384,5891713,6728620,6766745,6448659,5459432,5853396,7724995,7250521,6039096,5601458,6570842,7078299,7754008,7688340,6589874,4838239,5648947,5174950,6091776,6522424,5387255,5132736,5641289,5588032,5740342
04,12,6263271,6632061,6731212,6403523.7,-9999,7234847,-9999,-9999,7349543,-9999,-9999,6188368,-9999,6580812,5972877,5841993,6699871,6823944,6583374,6371468,6933147,6946055,6904417,6118668,6378711,6560958,6778072,6681832,5991212,6791794,6873761,6533430,5556513,5955130,7790346,7397981,6132732,5682640,6738668,7174418,7889987,7774664,6703382,4942959,5682142,5313645,6166922,6652508,5564784,5201256,5761769,5688992,5860761
04,13,6342911,6736545,6829588,6508408.6,-9999,-9999,-9999,5717369,-9999,6472335,6218085,-9999,6191685,-9999,6078449,5907966,6798275,6932609,6676635,6495184,7023526,7037936,6986221,6253186,6496295,6665582,6909026,6782088,6094725,6856996,6989803,6677814,5655422,6042704,7888439,7524623,6208812,5764934,6902110,7291124,8007522,7850492,6854487,5052766,5722792,5429047,6257098,6799546,5699022,5334591,5896888,5812795,5952615
04,14,6465093,6842937,6934178,6611437.6,-9999,7470664,-9999,-9999,7633237,-9999,-9999,6391813,-9999,6856850,6239264,6027386,6881863,7007813,6759912,6611959,7112439,7124795,7120437,6384362,6638398,6787387,7021407,6900860,6227528,6955299,7039646,6824416,5757536,6119130,8004991,7643689,6289663,5865459,7035194,7376789,8116023,7970764,6975422,5178622,5785651,5520789,6343721,6925356,5790888,5423687,6025503,5954851,6043869
04,15,6582956,6948938,7036072,6717386.4,-9999,-9999,-9999,5940651,-9999,6657381,6459617,-9999,6417443,-9999,6398297,6152332,6967401,7072818,6836298,6704179,7206283,7233877,7239062,6526095,6786062,6917309,7124762,7030619,6337820,7022589,7147607,6933013,5815947,6187271,8149571,7768704,6419435,5930772,7148875,7478780,8211703,8081653,7084618,5309368,5901539,5607121,6413989,7023617,5906956,5489268,6183519,6079430,6117585
04,16,6584441,7050891,7140922,6852031.4,-9999,7685697,5522533,-9999,7911555,-9999,-9999,6602872,-9999,7045445,6528318,6268841,7048457,7142250,6939433,6761290,7322065,7351507,7368895,6648257,6905601,7021151,7284749,7135544,6443100,7068803,7288492,6992334,5912104,6255096,8267713,7856154,6593594,6021180,7266471,7538932,8388366,8275321,7274041,5434171,6006463,5721775,6480181,7097939,5992087,5558660,6277340,6234113,6202785
04,17,6693346,7150902,7250705,6986907.3,-9999,-9999,-9999,6116008,-9999,6833780,6724578,-9999,6780237,-9999,6617548,6391151,7138756,7242839,7022869,6815332,7428047,7461692,7497210,6762299,7031832,7108147,7429767,7227739,6572158,7151386,7410500,7027408,6033752,6383834,8378543,7960211,6756927,6252841,7375435,7612526,8558964,8469762,7376748,5522307,6121863,5821700,6545195,7228411,6089589,5607601,6290879,6383618,6263535
04,18,6785800,7244170,7363858,7088511.8,-9999,7908186,5646795,-9999,8127382,-9999,-9999,6876602,-9999,7207126,6700119,6520212,7234860,7313299,7137015,6882601,7524426,7546065,7621383,6861916,7148112,7172025,7555462,7345698,6718497,7251066,7465691,7064636,6163813,6524732,8495403,8061845,6930176,6430472,7450594,7697482,8624191,8643728,7441306,5608104,6157791,5901274,6649994,7333004,6219146,5684442,6445002,6493539,6343576
04,19,6887436,7334971,7480620,7181806.6,-9999,-9999,-9999,6314376,-9999,6981332,6954461,-9999,6854747,-9999,6802935,6652230,7330639,7410970,7226000,6941476,7618400,7633262,7699024,6950371,7282885,7256687,7684959,7435460,6854853,7356500,7515132,7190847,6247729,6706094,8618750,8128382,7032275,6567658,7526444,7779480,8760718,8768603,7494470,5721773,6199027,5967618,6753834,7406903,6330291,5730660,6577289,6615414,6454648
04,20,6998687,7427093,7602432,7286303.4,-9999,8143370,5912639,-9999,8335901,-9999,-9999,7124136,-9999,7397980,6887588,6779647,7395769,7496684,7312605,7005218,7713800,7736344,7848866,7051598,7412392,7297650,7806885,7533655,6989418,7515996,7579866,7372601,6333671,6819199,8777465,8216132,7147327,6630876,7668940,7864880,8840756,8911254,7604573,5889051,6249724,6055653,6851825,7498576,6436846,5797123,6714581,6746591,6574223
04,21,7104220,7522905,7712620,7380891.6,-9999,-9999,-9999,6571022,-9999,7135161,7219908,-9999,7066951,-9999,6959868,6913402,7476711,7577153,7424215,7096866,7774274,7839556,7961707,7141742,7554019,7382803,7913036,7632236,7107750,7703782,7672555,7500613,6448787,6926490,8883787,8349672,7223390,6680195,7813106,7944448,8932200,9027077,7712860,6044373,6332274,6098993,6949143,7589427,6507393,5897568,6816449,6856290,6665185
04,22,7201712,7619225,7824657,7458462.3,-9999,8465095,6156079,-9999,8488516,-9999,-9999,7362737,-9999,7573780,7031724,7011316,7618824,7641799,7549395,7150415,7814661,7919886,8070214,7251878,7708639,7466540,8029775,7736910,7224460,7909544,7798664,7581777,6550500,7053421,8950907,8473789,7343114,6717684,7868469,8016001,8977586,9108889,7814275,6176291,6417382,6144932,7092507,7663446,6656167,6008103,6887006,6916471,6756932
04,23,7300232,7738702,7931036,7571011.1,-9999,-9999,-9999,6799078,-9999,7337186,7454911,-9999,7201720,-9999,7120450,7114998,7782579,7776007,7660427,7218556,7918765,8027494,8202570,7350018,7860493,7590111,8143409,7851680,7324397,8020520,7877933,7678306,6650354,7137214,9029764,8591340,7440727,6821376,8045334,8155565,9009073,9229198,7910998,6287045,6513642,6297153,7234894,7747567,6793355,6107259,6982762,7011484,6826941
04,24,7387162,7868073,8032851,7690809.9,-9999,8699714,6354883,-9999,8715114,-9999,-9999,7506362,-9999,7790486,7248090,7242086,7934757,7885644,7763381,-9999,8008678,8110139,8321295,7481779,7989168,7710407,8247704,7956138,7464869,8110153,7981946,7767431,6774945,7238042,9097522,8728795,7618097,6962153,8127092,8296786,9092120,9349467,8045720,6414210,6598767,6403687,7372464,7826305,6924415,6209345,7118353,7132720,6900245
04,25,7464557,7999264,8136770,7815201.1,-9999,-9999,-9999,7088188,-9999,7552763,7697851,-9999,6897503,-9999,7329000,7365429,8046131,8024832,7871739,7732408,8102919,8217766,8468366,7617463,8101340,7809674,8355381,8062890,7615166,8207052,8104973,7863116,6890897,7378398,9129298,8850798,7810472,7097792,8247175,8432157,9220424,9488740,8185372,6506549,6658662,6504668,7511964,7921010,7040834,6310213,7224326,7248984,6961123
04,26,7569289,8118312,8237158,7919867.4,-9999,8935949,6579402,-9999,8905680,-9999,-9999,7711139,-9999,7866609,7422478,7508417,8147607,8153219,7996380,7950866,8216752,8289511,8588191,7737807,8206106,7896684,8471590,8171446,7766874,8305987,8240708,7943733,6973768,7492828,9139245,8933986,7959057,7265533,8333697,8542734,9315228,9599199,8284121,6615284,6709490,6574331,7649319,8046513,7166695,6405199,7345075,7296845,7081628
04,27,7678902,8219047,8349041,8030902.6,-9999,-9999,-9999,7312766,-9999,7811852,7911751,-9999,7125662,-9999,7525100,7635280,8226363,8215483,8095253,8037402,8307538,8384663,8701946,7873754,8321273,8026795,8587973,8286488,7924085,8437135,8344601,8065674,7054179,7582994,9197333,8992562,8059814,7379539,8476520,8665154,9459397,9711245,8355922,6751976,6789179,6660280,7804190,8177674,7284409,6544954,7484287,7349458,7246575
04,28,7792613,8325127,8454857,8126417.1,-9999,9092375,6796231,-9999,9107215,-9999,-9999,7985933,-9999,7981007,7637093,7763798,8300354,8295623,8182127,8119711,8401244,8493793,8833157,8000057,8442400,8182799,8693636,8394319,8060318,8548243,8501251,8164487,7158470,7666507,9273918,9085564,8175054,7479089,8584539,8771200,9542128,9814818,8402295,6849761,6911387,6733900,7921258,8336461,7373261,6637559,7586409,7446618,7389938
04,29,7912912,8430506,8564401,8225313,-9999,-9999,-9999,7506885,-9999,8026645,8122450,-9999,7491686,-9999,7730078,7928207,8325629,8446725,8281136,8234836,8504381,8570710,8960821,8097649,8546855,8336318,8798632,8508462,8186260,8646080,8626692,8290649,7257758,7748599,9335579,9169780,8293086,7621998,8679643,8888160,9599067,9928608,8457993,6937985,7032933,6813657,8004573,8477167,7499344,6719677,7688120,7572873,7478224
04,30,8031977,8541361,8663114,8331432.3,-9999,9197322,7066216,-9999,9380948,-9999,-9999,8173690,-9999,8155101,7823334,8133536,8319936,8613783,8384927,8364500,8633774,8633300,9094570,8234781,8655004,8479030,8913659,8623925,8283300,8743214,8734113,8392539,7365350,7860561,9466675,9204659,8440540,7794715,8764966,8997328,9690091,10018672,8531694,7014452,7132832,6929033,8108934,8576026,7601500,6784317,7769738,7677347,7551945
05,01,8155042,8650485,8769526,8442622.9,-9999,-9999,-9999,7705992,-9999,8289358,8289042,-9999,7741821,-9999,7954852,8319092,8358812,8773425,8479537,8484686,8729990,8697612,9225308,8387123,8766791,8601563,9047615,8756607,8384305,8874099,8828521,8517673,7479850,7912104,9545360,9251039,8553070,7929036,8863696,9114553,9831129,10113068,8610727,7100141,7294248,7016561,8218985,8652868,7701573,6863063,7838810,7759895,7678522
05,02,8280539,8761759,8873413,8563417.3,-9999,9400041,7321181,-9999,9579447,-9999,-9999,8470929,-9999,8353003,8070778,8486363,8401190,8891054,8570860,8611585,8830076,8767964,9373585,8567062,8875707,8728506,9186398,8901744,8467747,9010172,8900325,8628046,7602386,7932820,9613573,9393429,8651413,8100066,8966782,9233638,10004327,10210728,8708612,7234532,7403283,7120792,8299923,8761798,7776337,6957838,7935411,7889761,7790855
05,03,8399526,8882872,8976227,8694548,-9999,-9999,-9999,7908602,-9999,8502083,8433418,-9999,8177069,-9999,8168010,8590298,8490268,8989669,8649284,8746334,8960371,8894824,9530179,8717354,9013192,8837248,9330081,9014670,8559114,9123979,9018883,8698266,7740270,7952164,9758969,9520126,8782405,8207494,9080696,9372953,10195792,10344110,8808118,7409885,7506655,7237372,8363275,8922363,7885065,7068049,8023583,7999573,7965232
05,04,8467009,9000862,9082771,8815839.4,-9999,9630300,7562582,-9999,9763043,-9999,-9999,8781283,-9999,8600093,8226124,8704784,8585417,9071523,8746345,8880384,9085492,9022510,9647402,8845561,9171332,8952658,9477846,9142473,8638400,9252422,9110321,8772946,7877220,8035903,9862248,9620014,8909183,8303245,9154193,9516980,10372538,10403683,8912674,7489866,7641379,7454653,8428556,9055492,8026285,7163462,8085000,8073793,8067772
05,05,8536177,9113706,9187489,8930778.2,-9999,-9999,-9999,8134941,-9999,8593101,8652395,-9999,7662750,-9999,8282275,8848575,8684569,9159422,8842773,9012143,9186825,9174718,9782127,8949742,9293461,9051280,9613137,9261300,8724438,9342424,9242973,8890139,7993327,8131413,9959168,9742144,9051559,8414379,9256790,9616000,10479988,10482834,8987377,7583976,7859393,7575486,8527825,9159904,8202282,7269766,8199878,8132648,8145728
05,06,8716762,9217147,9295664,9049053.9,-9999,9805644,7850778,-9999,9950293,-9999,-9999,9040507,-9999,8826886,-9999,8992763,8779184,9247679,8923938,9119397,9291986,9295830,9908379,9046550,9398547,9159976,9747183,9404585,8786465,9418807,9314755,8982270,8099928,8279016,10050220,9852666,9254241,8499098,9367486,9718216,10569999,10617738,9088696,7691490,8060769,7622806,8636081,9280895,8323990,7375545,8354346,8217976,8245363
05,07,8869439,9318901,9397212,9176952.1,-9999,-9999,-9999,8379913,-9999,8830031,8857287,-9999,8468852,-9999,-9999,9121067,8856527,9350623,9006363,9194221,9384355,9436959,10018519,9161260,9498590,9281588,9888413,9531049,8837841,9498215,9362002,9095640,8156481,8419480,10148621,9938195,9426694,8620641,9530676,9832770,10652183,10779540,9208954,7825769,8180732,7711562,8721813,9417771,8438961,7471495,8455549,8360966,8339434
05,08,9006346,9421569,9504413,9285274.9,-9999,10072825,8093700,-9999,10235401,-9999,-9999,9310585,-9999,9027445,-9999,9261653,8920177,9436189,9112023,9264409,9534846,9585330,10094422,9276147,9580999,9411143,10020529,9635072,8895714,9580461,9451431,9246669,8216290,8563678,10256030,10034155,9511750,8727020,9685039,9958792,10722541,10920306,9281550,7949403,8268275,7828073,8826839,9547369,8545413,7610368,8586796,8480145,8477052
05,09,9117988,9529592,9604054,9395709.6,-9999,-9999,-9999,8595538,-9999,9047042,9107835,-9999,8970152,-9999,8875488,9420887,8972488,9546012,9212260,9304477,9697268,9728185,10154526,9423616,9684816,9572275,10138788,9705542,8945606,9651629,9534298,9395997,8387320,8710365,10327556,10150134,9585835,8905051,9825607,10086611,10796844,11026770,9365398,8066394,8353512,7945074,9019653,9653592,8663927,7728302,8690412,8620312,8636294
05,10,9241943,9642631,9711725,9494594.9,-9999,10307709,8418221,-9999,10475184,-9999,-9999,9562529,-9999,9202806,8952250,9553338,9061396,9724190,9297850,9372807,9848965,9855881,10244135,9553333,9786485,9681270,10280902,9786059,9005751,9763732,9615622,9477863,8553016,8820888,10412017,10293340,9662993,9147406,9896150,10192146,10887246,11080994,9422689,8183643,8441995,8030687,9140820,9751016,8762875,7800897,8778498,8729200,8769897
05,11,9364531,9747787,9819993,9515642.444444444,-9999,-9999,-9999,8830058,-9999,9257890,9410194,-9999,9291489,-9999,9037545,9700847,9139734,9840296,9409097,9485086,9953800,9985705,10324631,9645787,9889090,9804640,10418807,9872171,9029859,9894125,9770393,9582652,8659176,8952863,10489097,10408536,9728836,9344709,9906770,-9999,10927080,11116037,9509727,8322913,8592287,8192423,9229723,9840985,8817653,7912222,8841720,8819860,8891019
05,12,9483897,9858027,9921376,9633705.444444444,-9999,10577170,8635731,-9999,10699163,-9999,-9999,9837333,-9999,9403614,9136844,9854491,9248042,9994072,9541607,9632125,9997962,10081170,10386187,9771202,10002510,9925388,10560825,9942076,9093695,10033115,9914965,9703389,8766212,9075116,10569392,10547453,9881931,9529178,9954873,-9999,11038759,11206505,9578368,8475244,8751299,8287192,9288089,9926091,8919336,8047628,8861389,8922320,8984290
05,13,9591939,9977395,10028101,9779266.888888888,-9999,-9999,-9999,9089045,-9999,9447251,9540344,-9999,9677316,-9999,9225281,10006041,9384792,10113748,9677749,9769549,10129161,10181463,10511266,9889688,10113813,10002725,10669798,10024952,9165330,10175837,10001752,9864286,8912949,9193915,10640930,10633298,10064008,9665843,10106415,-9999,11116091,11398443,9704562,8591282,8964789,8401969,9400608,9986875,9042966,8146472,8919899,9013643,9062890
05,14,9657654,10090921,10133530,9898096.888888888,-9999,10910416,8775950,-9999,10793465,-9999,-9999,10109723,-9999,9613252,9396695,10133078,9511086,10227102,9803529,9902839,10230186,10298654,10623948,10012278,10236026,10063564,10789204,10133396,9255543,10274362,10097698,9941312,8997988,9298928,10761733,10731541,10153646,9805983,10187540,-9999,11228636,11540605,9822897,8751922,9091299,8500344,9457655,10100961,9172370,8195696,9072408,9141225,9135680
05,15,9722175,10190861,10234163,10081759.4,-9999,-9999,-9999,9364774,-9999,9658383,9791077,-9999,8940562,-9999,9511596,10264685,9633327,10343979,9911276,10008173,10299846,10389562,10755402,10120843,10344034,10102167,10908176,10245596,9345454,10366615,10191573,10003250,9037858,9401555,10895683,10839476,10269488,9959913,10281418,10742131,11311107,11621666,9927660,8910047,9203758,8590406,9527341,10193142,9326821,8279596,9243707,9201009,9194547
05,16,9848230,10299261,10340309,10207565.5,-9999,11164596,9041411,-9999,10927247,-9999,-9999,10349945,-9999,9770345,9739437,10395888,9713573,10426637,10015675,10142501,10451209,10493268,10889166,10208132,10492740,10159705,11030245,10364835,9456288,10461048,10315869,10067947,9122048,9531748,10956607,10951625,10418844,10139020,10417052,10820798,11403570,11728469,10077584,9034155,9332206,8703957,9625663,10296392,9475377,8338674,9301654,9268808,9277690
05,17,9973833,10408112,10448229,10310127.6,-9999,-9999,-9999,9603472,-9999,9881587,9991369,-9999,9284831,-9999,9944183,10512518,9794052,10523848,10121113,10232406,10612869,10599819,10985850,10309688,10651624,10249851,11152756,10488735,9568786,10570387,10343828,10199504,9276552,9647537,10979175,11042557,10541919,10249296,10487284,10929361,11510106,11794518,10166793,9152675,9438609,8830715,9767366,10384444,9564234,8388771,9387118,9321899,9374782
05,18,10096107,10526335,10567469,10412909.1,-9999,11331570,9271081,-9999,11101316,-9999,-9999,10586125,-9999,9993258,10052433,10633425,9896559,10623763,10233730,10332830,10781275,10742076,11114547,10393832,10753373,10391363,11264942,10595640,9684258,10708534,10389622,10432035,9432199,9706957,11074421,11087313,10675420,10333879,10535485,11052730,11675862,11820642,10219185,9285779,9524493,9005616,9923971,10442828,9657906,8460279,9472601,9366961,9463485
05,19,10221778,10654660,10683212,10535740.9,-9999,-9999,-9999,9893238,-9999,10010312,10184579,-9999,9797478,-9999,10185376,10771139,10023374,10776948,10338027,10424878,10913894,10840844,11261457,10555441,10832552,10579186,11408529,10697519,9803734,10866809,10587897,10525571,9613114,9794657,11244628,11127384,10768191,10456676,10697947,11182436,11816910,11859983,10329786,9414659,9711046,9119775,10038619,10549572,9781177,8582261,9509988,9438629,9569266
05,20,10303001,10762518,10799646,10642506.8,-9999,11374090,9473801,-9999,11356130,-9999,-9999,10801443,-9999,10168157,10277614,10892623,10165531,10862540,10436643,10525447,10987487,10929146,11362738,10694987,10901704,10758959,11553653,10795305,9919827,11097585,10751611,10630257,9705795,9921454,11306171,11220759,10861866,10587999,10766699,11314062,11945842,11914223,10457321,9500336,9863407,9213313,10160475,10623198,9876656,8708578,9614924,9534287,9616774
05,21,10387733,10862030,10924002,10756408.6,-9999,-9999,-9999,10146374,-9999,10139282,10429070,-9999,9520143,-9999,10393803,11017413,10303880,10924385,10507203,10642580,11080368,11016033,11477502,10813189,10957009,10898151,11705146,10888649,10048726,11280753,10854380,10744681,9832389,10122111,11342606,11255598,10991012,10700897,10852459,11427797,12060346,12038987,10586407,9521847,10037414,9346920,10311356,10739980,9963014,8834136,9765892,9600778,9693217
05,22,10492505,10947311,11059036,10871917.7,-9999,-9999,9766849,-9999,11495824,-9999,-9999,11090757,-9999,10309521,10460402,11123271,10424403,10958822,10588433,10755205,11110380,11125412,11567729,10918361,10986420,11037942,11843077,10995333,10174495,11397860,10913793,10890836,9959450,10329671,11441294,11300146,11170164,10792848,10962988,11551715,12136838,12176305,10635723,9575834,10187201,9529561,10503127,10871419,10044714,8972037,9897608,9683808,9778435
05,23,10604306,11036414,11189295,10984756.3,-9999,-9999,-9999,10457539,-9999,10289252,10596663,-9999,9778534,-9999,10555636,11253779,10544865,11014657,10633856,10847449,11172114,11258027,11718204,10989406,11043435,11142123,11965446,11098278,10269150,11447179,11030615,11034314,10151523,10449838,11545748,11378537,11438577,10935213,11001987,11668033,12251407,12315824,10681142,9668142,10192444,9694794,10647260,10981287,10029549,9102414,9997405,9833352,9901341
05,24,10753595,11123148,11315019,11096226.8,-9999,-9999,10024829,-9999,11691679,-9999,-9999,11319173,-9999,10524681,10672236,11384945,10656721,11063616,10688460,10936624,11235377,11387211,11875820,11060417,11095571,11231662,12061728,11221340,10339448,11561304,11217564,11162340,10407181,10577764,11653080,11510171,11612805,11133575,11076036,11764473,12368332,12449520,10744969,9793040,10206454,9813064,10730684,11045204,10066829,9205926,10095598,9939571,10041643
05,25,10895937,11223780,11418047,11176003,-9999,-9999,-9999,10646449,-9999,10503857,10744952,-9999,10819573,-9999,10776386,11522942,10766070,11159365,10756260,11050377,11312782,11510973,11987928,11153388,11189342,11351315,12138699,11289517,10375635,11680666,11395623,11275299,10567389,10608326,11758305,11694664,11775636,11210947,11165410,11852903,12393692,12570912,10799894,9884589,10262008,9844039,10840929,11200707,10153393,9299205,10192995,10030441,10138213
05,26,11013888,11317391,11506044,11250171.6,-9999,-9999,10201654,-9999,11857427,-9999,-9999,11540199,-9999,10730776,10912473,11656431,10888526,11228008,10822119,11173504,11370005,11609107,12083714,11226354,11293810,11478762,12209666,11340162,10383797,11838790,11601719,11341511,10727278,10705040,11885208,11804934,11921683,11264844,11222824,11972936,12420248,12643124,10805225,9971995,10371565,9907272,10921667,11390840,10281358,9338286,10315874,10117446,10233263
05,27,11124576,11414976,11624837,11345869.5,-9999,-9999,-9999,10885707,-9999,10741754,10929345,-9999,-9999,-9999,11056202,11769473,11010845,11301569,10918597,11286701,11463760,11690863,12170890,11286476,11403201,11616862,12307881,11417552,10463990,11960345,11748902,11405573,10858813,10854928,11960031,11949694,12086522,11370901,11386447,12047424,12468726,12702464,10911882,10053963,10487675,9942691,11070732,11531016,10374466,9373780,10401675,10224854,10309523
05,28,11240544,11504381,11738884,11457535.4,-9999,12420047,10460250,-9999,12069172,-9999,-9999,11692885,-9999,10925050,11244205,11886924,11114272,11372895,11016193,11356894,11587866,11775573,12210917,11355265,11506375,11747558,12394008,11525133,10523695,12087560,11872324,11491619,11037247,11019581,12028761,12041185,12207993,11564403,11600872,12067152,12555443,12753637,10959876,10187562,10649583,10028833,11205734,11615824,10458107,9468513,10438055,10358949,10419877
05,29,11295154,11608952,11850144,11551470.8,-9999,-9999,-9999,11146036,-9999,10942279,11127703,-9999,10895249,-9999,11366911,11960696,11218204,11492880,11101532,11401993,11762618,11859867,12312696,11428844,11611792,11899091,12481329,11623779,10597271,12338768,11962397,11572213,11200194,11228602,12112660,12188518,12329083,11711456,11692240,12098257,12639680,12820677,10961747,10307230,10773515,10180823,11346205,11656449,10487179,9616469,10480204,10439178,10536664
05,30,11378452,11719272,11958887,11645847.8,-9999,12559707,10644106,-9999,12221186,-9999,-9999,11808927,-9999,11203758,11472580,12038974,11311044,11618276,11217668,11499370,11911226,11939742,12404878,11527659,11682331,12080529,12549317,11730869,10732443,12433852,11974553,11665729,11397808,11426211,12243802,12268485,12459115,11833298,11750396,12255293,12737320,12841615,11013627,10442519,10829798,10295497,11449586,11689083,10503925,9702186,10520763,10497069,10636873
05,31,11463317,11838968,12053606,11756955.8,-9999,-9999,-9999,11497343,-9999,11065171,11378494,-9999,10737693,-9999,11596284,12135574,11448320,11706573,11325165,11636481,12001067,12042398,12614939,11631913,11763125,12219700,12578911,11815554,10831460,12519648,11991902,11766643,11528163,11590085,12337292,12337750,12552138,11980385,11797799,12441977,12878342,12839077,11111556,10595937,10972415,10399932,11575710,11789728,10506066,9789669,10601823,10526235,10718001
06,01,11530273,11962661,12144346,11874383.1,-9999,12888930,10776304,-9999,12341019,-9999,-9999,12012529,-9999,11437387,11706710,12198140,11596275,11787169,11457246,11809309,12107614,12120903,12788659,11780776,11852964,12325696,12606421,11911442,10913017,12625436,12079011,11841336,11665848,11714436,12429463,12404161,12669122,12103035,11876614,12542709,13056677,12957667,11266987,10678590,11091125,10501305,11781319,11889532,10581156,9904361,10750503,10543733,10813125
06,02,11609102,12051423,12229447,11977847.4,-9999,-9999,-9999,11760606,-9999,11218837,11634641,-9999,10368489,-9999,11846614,12267651,11693293,11824620,11567834,11919956,12206657,12217967,12792748,11889226,11965926,12436001,12659795,12010785,11014083,12733573,12250311,11913229,11770589,11820983,12557742,12523808,12751469,12156387,11964572,12650041,13164041,13062664,11416746,10785452,11199665,10627437,11902977,11966777,10797972,10017457,10824980,10603111,10938228
06,03,11747200,12152255,12315181,12090659.8,-9999,13129349,10995470,-9999,12565608,-9999,-9999,12237503,-9999,11622539,12016167,12346262,11783840,11903952,11663227,12021009,12311501,12344840,12829685,12007976,12114638,12541877,12771004,12090629,11124125,12783050,12412116,11946864,11865991,11862987,12678309,12623857,12826224,12134730,12050857,12849010,13302462,13151527,11577535,10947868,11288843,10777542,11971273,12080841,10939801,10124677,10840882,10748170,11029835
06,04,11882159,12252420,12402955,12211674.9,-9999,-9999,-9999,11892433,-9999,11431157,11818577,-9999,11252162,-9999,12142502,12403128,11895702,11987898,11686688,12150230,12416307,12473477,12832342,12137128,12308265,12636159,12894225,12175696,11234166,12829396,12494029,11981227,11958602,11966111,12750235,12699257,12920130,12151624,12168227,13052411,13400613,13208764,11722889,11154047,11461424,10876620,12026795,12174745,11117370,10202166,10847940,10895158,11056262
06,05,12000271,12349270,12491107,12326783.1,-9999,13397705,11241956,-9999,12814520,-9999,-9999,12490281,-9999,11795386,12247998,12457493,11985787,12095478,11715404,12310128,12497761,12580048,12909130,12217629,12461421,12719911,13040451,12274194,11336970,12885395,12537925,12025828,11979099,12051470,12897428,12796694,13092944,12309445,12248631,13160416,13477356,13261326,11891046,11300286,11538545,10987836,12093684,12250969,11245741,10245378,10920970,11084918,11129424
06,06,12113262,12454902,12605257,12448720.9,-9999,-9999,-9999,12018349,-9999,11743193,12049154,-9999,11705133,-9999,12315831,12489176,12074263,12192168,11892375,12462747,12619357,12660613,13009519,12276243,12554288,12807442,13184222,12388100,11435399,12961684,12587744,12162900,12068716,12138358,13030325,12926858,13215802,12448435,12379223,13287698,13562490,13328913,12110942,11450023,11595006,11108677,12188359,12370881,11334129,10285726,10983065,11176465,11205397
06,07,12216801,12559314,12730236,12560627.5,-9999,13598547,11528567,-9999,12997140,-9999,-9999,12817155,-9999,11938563,12386668,-9999,12131413,12364928,-9999,12563214,12757663,12735126,13052830,12406195,12626949,12920013,13311655,12511506,11519769,13105458,12654940,12252775,12277034,12228396,13132225,13035876,13326308,12508260,12462219,13381920,13695405,13436888,12201813,11585955,11755202,11252305,12308051,12491330,11380971,10394398,11009054,11205106,11275660
06,08,12318600,12656896,12851391,12676046.9,-9999,-9999,-9999,12142038,-9999,11988425,12335733,-9999,11759851,-9999,12409830,12768788,12224709,12434383,12177247,12638437,12869673,12802003,13154065,12532532,12699664,13036244,13418476,12652951,11590799,13176469,12774059,12356047,12462329,12339735,13274766,13154184,13447033,12565007,12583443,13391365,13802699,13555332,12347753,11743596,11935182,11389059,12382431,12590613,11459534,10491991,11063238,11272900,11402741
06,09,12383568,12741606,12972251,12781011.5,-9999,13716330,11820028,-9999,13191913,-9999,-9999,13129301,-9999,12140002,12450215,12821278,12323012,12523771,12213932,12717522,12954067,12843520,13239751,12663696,12739543,13197241,13507134,12800152,11695577,13293848,12898531,12499392,12597704,12454979,13366965,13323309,13586489,12643460,12737368,13496926,13864650,13670093,12431783,11855066,12056416,11467864,12494198,12726415,11521236,10538641,11137095,11334179,11583238
06,10,12456273,12836016,13081695,12907861.6,-9999,-9999,-9999,12486972,-9999,12226898,12576665,-9999,11049299,-9999,12509330,12988744,12433704,12723988,12278289,12807206,13035454,12878606,13363382,12743837,12778054,13317635,13597937,12903298,11773810,13407353,13010435,12644992,12715463,12604198,13460978,13416217,13729536,12773607,12904482,13550213,13953566,13809654,12596449,11957833,12196240,11607036,12662417,12909564,11599263,10649022,11200323,11400831,11664538
06,11,12573833,12926455,13192554,12998284,-9999,13816493,12139119,-9999,13391669,-9999,-9999,13334422,-9999,12303184,12598427,13076536,12543990,12882042,12392052,12910145,13095303,12927881,13447087,12822144,12836012,13407890,13677387,13034814,11852126,13546883,13150463,12750647,12873119,12778783,13616281,13486888,13758815,12880100,13015183,13620760,14032539,13866000,12714111,12018558,12376046,11700728,12807279,12994549,11712029,10765326,11291852,11521833,11761097
06,12,12698204,13004047,13306335,13095527.9,-9999,-9999,-9999,12764352,-9999,12455142,12865080,-9999,11365531,-9999,12655515,13228342,12656919,12970072,12492561,12995864,13177954,12999802,13539597,12880633,12884185,13442879,13762583,13186020,11944603,13633078,13267630,12888769,13011041,12869480,13714471,13529709,13836538,12947048,13128189,13633720,14136841,13975636,12867369,12061969,12556780,11811189,12883171,13071348,11815271,10807089,11454388,11643530,11806437
06,13,12838116,13082381,13402988,13196550.4,-9999,13966641,12506009,-9999,13597804,-9999,-9999,13500020,-9999,12523925,12784945,13363820,12787500,13032198,12629333,13035943,13248724,13059956,13671857,12927131,12946635,13484536,13859103,13309602,12044601,13673888,13379120,12951034,13182175,12964376,13834804,13592493,13934097,13091397,13194190,13774285,14205846,14123127,13011039,12094971,12630966,11905586,12974795,13237609,11965927,10823690,11663946,11843432,11871659
06,14,12968620,13166839,13489870,13305547.7,-9999,-9999,-9999,13061241,-9999,12668396,13111197,-9999,11918335,-9999,12934256,13425299,12949828,13087671,12764348,13049408,13356859,13102897,13817104,12948516,13044709,13547049,13928727,13411253,12137368,13766927,13570070,13102340,13332414,13053481,13920504,13691356,14002926,13169457,13300678,13948706,14275062,14239613,13147426,12217405,12767523,11986681,13125212,13349479,12077739,10862551,11773478,11912430,11949966
06,15,13104487,13258492,13586050,13439875.2,-9999,14198676,12816164,-9999,13748957,-9999,-9999,13694879,-9999,12747180,13114659,13503577,13084959,13128307,12861164,13082361,13508864,13138949,13933143,13071546,13172896,13602727,13994932,13488584,12318576,13816119,13712584,13197576,13381299,13155472,13999875,13776469,14164249,13319505,13461972,14111236,14427669,14342773,13263358,12389490,12872135,12046365,13242742,13467138,12200281,10929240,11784320,12048945,12082903
06,16,13248362,13368688,13690359,13546011.4,-9999,-9999,-9999,13426597,-9999,12920860,13320900,-9999,12411385,-9999,13357024,13668239,13260962,13213546,12953837,13174969,13665671,13208098,14023908,13203422,13327164,13655299,14060149,13575809,12495112,13898803,13825733,13255521,13426114,13295932,14004764,13867176,14284726,13373266,13526320,14300253,14566539,14405833,13360936,12529374,12961872,12150995,13307804,13550845,12311549,11065240,11808006,12238715,12189404
06,17,13454840,13483132,13786207,13644813.8,-9999,14458052,13051358,-9999,13835461,-9999,-9999,13926036,-9999,12937186,13499126,13849673,13412000,13272548,13089029,13315144,13789026,13309685,14106765,13342058,13466555,13728508,14119613,13675099,12640443,14035323,13906855,13323966,13480452,13406430,14043530,13966239,14457603,13476050,13638742,14383762,14722723,14516615,13433336,12599076,12977850,12242381,13334573,13669210,12427953,11225405,11894157,12370152,12303754
06,18,13551110,13587192,13881569,13747533.4,-9999,-9999,-9999,13724713,-9999,13045778,13550592,-9999,-9999,-9999,13599510,14000688,13546346,13343778,13159239,13391590,13980081,13410053,14204912,13452654,13607527,13775739,14178255,13803352,12768404,14140502,13931654,13431154,13562660,13553369,14155411,14133688,14598635,13575630,13805527,14466313,14850487,14655329,13489793,12663289,13003325,12367006,13400195,13742562,12481578,11357420,11980699,12457442,12373418
06,19,13633723,13693069,13975278,13833294.6,-9999,14748058,13245780,-9999,13906209,-9999,-9999,14062040,-9999,13113351,13666252,14121706,13659376,13417581,13208797,13534055,14166271,13552427,14264596,13506553,13744668,13876365,14256715,13910382,12894847,14190145,14024426,13538687,13625453,13600048,14262145,14236927,14718436,13636759,13691195,14492237,14997614,14799130,13672369,12719160,13130036,12476010,13483034,13809529,12540253,11409582,12124228,12577665,12519181
06,20,13717943,13800169,14065945,13929411.8,-9999,-9999,-9999,13929668,-9999,13187671,13737907,-9999,-9999,-9999,13707189,14212139,13759025,13566934,13273201,13640262,14280830,13710611,14342808,13571180,13868317,13988519,14349902,14016864,13010532,14241042,14153596,13505643,13726194,13764266,14421442,14313213,14779641,13706361,13836425,14494620,15114107,14914902,13778354,12770130,13289475,12610103,13590668,13936726,12562864,11465141,12277374,12729910,12790472
06,21,13806732,13896158,14178036,14040068.1,-9999,15104820,13480816,-9999,14018880,-9999,-9999,14177457,-9999,13369298,13750274,14285165,13845659,13636608,13362487,13710631,14388268,13862406,14445296,13647974,13966732,14095521,14442425,14120177,12895000,14230856,14301326,13640121,13745418,13901911,14548638,14364462,14839902,13713441,14051523,14556366,15292414,15045334,13860615,12838294,13438855,12763937,13741918,14018425,12575569,11521891,12391489,12827621,12956463
06,22,13871305,14000842,14290238,14142730.7,-9999,-9999,-9999,14018226,-9999,13455678,14028244,-9999,13599262,-9999,13799059,14377494,13919373,13760131,13484108,13776965,14479048,13975135,14539463,13761973,14105473,14206750,14528349,14218312,13125652,14289960,14459082,13868896,13796222,14056260,14637290,14423505,14974587,13804667,14150629,14655925,15398896,15124154,13959226,12928673,13544965,12885585,13843103,14098940,12589178,11564889,12464372,12927440,13071357
06,23,13957944,14101071,14395272,14236252.9,-9999,15333385,13785086,-9999,14175004,-9999,-9999,14272142,-9999,13591479,13870112,14402011,13973497,13860720,13644703,13850179,14544557,14070561,14618141,13888503,14225946,14333902,14588952,14281893,13239240,14429744,14554093,14079200,13922462,14196200,14713401,14501464,15072192,13846345,14235856,14764171,15475183,15202408,14047380,13078102,13643334,12997558,13986200,14156946,12735680,11580265,12471384,13039662,13139698
06,24,14053810,14190917,14481805,14314850.1,-9999,-9999,-9999,14246707,-9999,13643112,14272194,-9999,13703791,-9999,13988783,14480074,14041858,13907878,13794506,13939975,14613422,14148717,14671213,14016903,14308007,14466691,14622773,14326367,13328707,14571064,14655725,14228573,14029237,14158105,14836055,14612506,15194157,13876416,14328386,14821830,15530781,15237290,14097953,13230889,13726531,13104268,14052320,14271713,12852474,11673859,12450572,13125493,13242321
06,25,14142118,14286059,14548232,14403614.8,-9999,15505620,13941673,-9999,14302517,-9999,-9999,14469527,-9999,13869453,14081657,14564602,14127110,14010356,13938883,14050783,14691998,14220426,14709991,14147185,14373726,14590136,14660978,14361580,13377011,14703928,14721212,14316262,14134226,14136399,14930290,14719745,15305809,13888461,14429466,14956844,15655573,15250009,14165550,13292708,13846326,13245402,14102139,14444197,12997844,11718992,12473582,13148665,13343276
06,26,14237094,14366669,14596088,14511509.5,-9999,-9999,-9999,14521823,-9999,13835821,14488597,-9999,13671455,-9999,14201393,14625621,14182122,14083019,14108471,14170028,14705368,14276993,14733244,14246407,14435937,14725104,14700335,14411780,13485378,14775508,14719922,14370997,14280716,14201274,14990037,14759750,15420266,13936996,14546872,15108082,15764088,15334645,14288145,13300374,13984240,13431387,14179610,14661389,13137897,11798281,12549107,13183331,13383727
06,27,14351535,14456890,14671058,14588272.7,-9999,15624187,14093637,-9999,14504990,-9999,-9999,14714749,-9999,14155914,14322777,14714303,14248087,14129313,14249933,14288232,14760136,14385068,14780295,14341346,14507177,14879311,14754923,14519081,13563554,14876412,14755393,14384479,14353635,14294837,15037680,14793120,15496508,14007956,14657180,15156510,15827012,15446867,14368496,13327296,14054926,13539976,14285020,14732423,13278565,11874414,12683406,13271885,13473336
06,28,14456439,14525117,14744359,14689225.7,-9999,-9999,-9999,14749116,-9999,14074942,14818071,-9999,13858128,-9999,14409545,14780600,14258087,14153360,14327813,14423493,14808354,14488819,14820979,14408205,14569459,14992604,14835827,14605626,13541628,14936612,14851154,14469147,14437308,14375499,15080441,14802778,15559311,14101747,14765548,15249387,15929788,15594836,14487954,13451649,14142572,13609465,14392498,14791898,13361881,11940930,12760246,13372286,13529166
06,29,14565240,14598732,14820126,14781127,-9999,15780142,14212580,-9999,14692558,-9999,-9999,14868917,-9999,14504632,14473750,14838731,14294546,14229014,14416113,14577656,14864941,14548448,14843440,14469222,14647448,15096489,14952285,14683433,14960385,15005617,14984755,14533985,14554733,14427359,15075379,14832515,15632354,14188647,14859273,15353573,16003642,15711512,14548589,13568681,14267773,13677226,14447175,14805864,13447789,12019224,12904271,13401945,13637542
06,30,14673093,14674716,14909058,14861973.1,-9999,-9999,-9999,15013227,-9999,14370984,15146950,-9999,14091043,-9999,14514872,14908506,14351440,14293306,14482084,14681488,14935642,14650553,14899478,14539475,14715722,15197976,15087147,14765955,14042131,15103850,15029998,14628513,14649471,14500000,15020038,14922279,15768472,14262395,14893046,15390661,16141117,15786387,14641408,13632960,14385696,13717589,14484667,14848504,13559797,12171167,13037792,13532922,13757819
07,01,14770882,14757508,14990351,14954119.1,-9999,15859628,14401459,-9999,14950371,-9999,-9999,15062312,-9999,14677859,14590723,14935944,14434870,14364747,14538619,14790099,15020778,14757526,14968516,14635607,14795965,15268356,15164722,14862997,13902010,15205911,15107069,14784327,14787592,14605746,15005131,15050070,15844918,14369098,14976886,15438499,16272074,15837928,14796090,13713974,14485005,13806719,14555913,15003020,13665020,12309929,13119318,13604924,13888805
07,02,14866027,14848720,15060657,15030291.5,-9999,-9999,-9999,15263245,-9999,14651287,15448511,-9999,14195058,-9999,14645804,14992155,14568072,14414223,14637906,14878366,15120790,14870465,15036168,14767936,14865236,15328036,15273687,14958479,13963479,15289551,15175515,14913001,14869200,14790797,15093135,15208527,15866165,14461142,15056008,15481949,16349849,15895873,14831492,13872292,14592309,13895836,14606667,15134765,13734563,12352145,13220008,13678118,13946543
07,03,14950554,14935623,15130257,15094615.3,-9999,15958132,14584516,-9999,15156414,-9999,-9999,15231007,-9999,14864475,14703875,15023981,14696921,14476789,14717398,14937437,15220234,14978110,15111836,14869722,14954022,15393763,15366186,14998980,14036639,15380766,15237043,14958188,14923710,14849855,15218203,15236538,15890233,14518851,15159839,15521089,16432002,15990392,14838094,13989134,14622542,13983977,14750469,15222758,13846778,12377416,13303789,13758396,14003566
07,04,15026569,15006806,15202934,15180261.6,-9999,-9999,-9999,15430778,-9999,14829847,15773744,-9999,14290061,-9999,14771049,15032643,14773293,14500569,14807766,14998623,15346236,15039506,15189954,14963950,15040663,15407500,15460518,15051337,14176787,15434208,15289300,14939714,15022818,14829363,15281961,15234638,15947316,14554356,15245208,15663347,16452465,16116759,14931095,14053540,14756135,14082395,14919677,15348665,13913444,12378501,13413911,13810343,14070266
07,05,15094873,15089525,15278706,15276032,-9999,16029187,14850172,-9999,15252598,-9999,-9999,15331486,-9999,15004456,14865734,15058847,14792324,14542696,14922030,15092554,15539318,15096259,15241790,15064659,15148313,15455306,15553072,15099653,14328915,15496838,15335035,14981718,15117299,14823022,15352478,15236650,16067102,14589650,15324585,15798071,16501816,16229355,15069051,14116329,14847404,14216957,15029663,15449291,13989114,12434120,13536668,13957916,14087291
07,06,15156144,15156981,15370070,15379020,-9999,-9999,-9999,15509682,-9999,14994800,15950210,-9999,14391752,-9999,14915555,15081672,14803340,14649401,15051610,15131405,15632804,15145612,15272090,15137722,15208032,15537794,15675845,15172943,14499127,15556401,15392205,15069543,15281709,14880788,15453901,15319658,16174199,14644412,15476524,15907033,16493123,16286939,15281115,14288293,14907784,14330778,15087784,15557307,14059103,12497358,13598479,14020915,14160750
07,07,15217564,15235556,15455809,15462067,-9999,16147018,15065070,-9999,15358419,-9999,-9999,15424737,-9999,15148598,14989483,15104908,14845986,14767671,15182867,15214876,15694538,15216694,15314182,15210835,15272680,15635234,15767492,15249114,14624766,15636558,15502150,15196469,15407645,14955966,15515339,15527826,16266619,14669280,15560181,16048277,16528244,16344962,15414882,14396021,14976217,14415987,15156925,15652744,14151732,12572893,13673310,14072918,14223533
07,08,15277473,15311855,15539579,15522597.2,-9999,-9999,-9999,15631972,-9999,15110244,16066452,-9999,14513739,-9999,15061849,15146013,14898099,14850469,15318325,15337185,15719164,15267140,15403612,15270977,15318046,15735532,15845188,15348213,14644113,15716867,15564778,15264800,15511561,15095213,15537386,15708216,16301409,14709821,15623088,16156613,16515320,16423654,15471633,14473854,15042168,14508412,15183136,15737468,14243420,12727176,13790191,14078211,14289702
07,09,15350385,15397426,15623852,15597769.5,-9999,16245708,15213148,-9999,15448547,-9999,-9999,15553904,-9999,15276489,15176632,15174022,15007634,14889639,15450183,15477257,15761972,15349596,15474799,15348517,15370827,15843831,15893085,15461033,14649059,15788575,15668901,15275723,15537791,15194325,15476208,15867032,16317472,14821543,15724949,16250728,16480493,16493422,15544070,14514858,15180115,14650045,15276644,15768242,14314105,12952120,13967613,14147544,14343377
07,10,15433649,15476831,15697679,15674797.8,-9999,-9999,-9999,15789556,-9999,15262588,16213933,-9999,14733720,-9999,15303830,15207610,15145901,14937589,15591575,15639542,15800978,15379409,15522260,15429519,15387776,15933756,15863965,15530157,14743623,15849705,15809765,15368985,15541576,15285621,15437230,15998503,16426706,14940191,15798591,16334230,16432065,16569680,15627888,14570612,15254317,14793698,15360528,15776988,14448819,13017532,14020048,14210112,14422889
07,11,15522880,15568118,15785940,15749495.5,-9999,16453853,15375224,-9999,15659360,-9999,-9999,15741026,-9999,15382798,15442386,15266782,15226255,15042402,15695350,15768219,15879231,15474248,15623932,15532456,15436327,16002757,15881487,15572128,14882877,15843322,15966026,15552436,15592526,15332326,15510622,16131678,16486175,15131855,15879323,16358233,16460764,16629239,15700320,14660264,15290828,14897954,15405526,15805811,14589308,13093518,14037531,14246438,14507070
07,12,15616398,15648815,15851862,15836253.1,-9999,-9999,-9999,15978692,-9999,15428369,16339954,-9999,14975638,-9999,15611703,15313951,15317078,15089859,15761420,15868472,15966278,15569129,15724891,15640266,15486828,16063924,15873609,15599527,15020272,15866244,16089506,15844299,15662646,15320444,15656956,16203294,16614620,15273003,15958944,16418048,16550535,16612384,15803253,14746554,15386608,14998582,15435944,15882113,14616995,13172202,14026266,14303594,14632282
07,13,15704798,15733732,15924587,15906290.8,-9999,16707261,15617912,-9999,15745660,-9999,-9999,15906328,-9999,15603042,15741025,15391036,15385748,15101078,15892267,15895198,16077530,15639492,15859038,15754105,15587443,16145416,15887024,15663283,15106609,15965828,16162762,16001419,15832360,15359118,15809380,16266444,16708641,15350932,15966447,16550085,16659257,16559379,15885733,14862357,15442208,15077869,15493157,16000144,14666720,13275370,13994410,14395926,14755454
07,14,15773704,15823349,15995329,15954846.7,-9999,-9999,-9999,16158620,-9999,15547178,16424526,-9999,15232982,-9999,15844509,15440202,15454398,15286925,15978995,15871993,16232487,15690924,15970341,15832208,15717863,16197353,15947613,15712740,15199373,16057390,16200817,16057449,15845316,15454036,15985671,16242742,16756637,15395994,15978002,16671030,16664859,16519562,15952628,14905168,15483811,15220776,15563930,16099502,14688456,13352188,13973019,14454134,14880284
07,15,15839889,15899194,16057659,16012873.2,-9999,16811399,15779297,-9999,-9999,-9999,-9999,15924677,-9999,15799388,15938807,15525377,15505806,15451365,16067801,15870668,16287934,15738657,16071675,15900809,15847627,16249595,16035986,15752385,15287259,16113126,16219320,16098166,15801212,15601281,16082955,16239700,16806338,15543751,16025485,16711419,16647409,16518409,15973056,14973150,15521285,15408430,15589284,16294423,14754638,13485062,14005668,14486287,14938513
07,16,15893408,15961897,16126557,16086022.1,-9999,-9999,-9999,16201686,-9999,15619581,16453965,-9999,15544368,15874240,16003235,15589448,15565511,15542388,16105185,15867833,16328752,15741901,16190644,15967607,15979084,16330060,16091346,15780868,15319257,16222200,16267401,16130292,15912258,15755403,16119406,16312253,16850492,15710645,16142336,16756165,16671684,16526123,16045931,15014553,15584261,15558031,15587267,16428726,14853415,13708452,14020836,14539854,14979858
07,17,15966861,15986904,16196240,16134777.4,-9999,16879829,15919026,-9999,16138747,-9999,-9999,15885297,-9999,15948296,16043546,15659640,15623170,15613177,16137311,15919121,-9999,15748375,16342769,16033292,16091292,16373629,16139085,15813442,15373320,16291897,16341884,16192119,16006871,15895117,16208707,16367104,16853071,15775156,16264009,16742328,16739453,16527539,16096654,15059924,15626693,15662947,15602068,16560936,15020250,13856858,14102201,14591374,14988090
07,18,16016191,16063609,16274139,16212396.1,-9999,-9999,-9999,16323562,-9999,15713203,16506155,-9999,15785591,15984528,16087205,15695866,15727285,15716952,16225963,15983031,-9999,15743511,16473967,16093622,16179258,16428896,16210021,15857632,15433343,16406739,16397968,16357394,16059478,16017193,16257609,16330367,16879415,15900719,16327754,16729599,16909921,16559628,16166782,15206190,15720940,15723013,15637992,16629711,15152911,13934962,14213174,14618047,15073328
07,19,16072237,16157190,16353206,16281829.9,-9999,16963310,16024831,-9999,16212873,-9999,-9999,15950821,-9999,15972844,16123589,15798720,15807088,15897896,16314790,16106154,-9999,15781651,16559346,16180262,16281252,16486271,16273323,15927336,15518757,16545236,16446310,16557830,16145202,16096161,16330531,16249573,16991936,16023391,16345034,16776666,17071659,16584275,16212745,15386300,15749680,15676613,15772734,16692566,15234941,13963329,14350906,14681261,15126620
07,20,16144204,16262291,16426292,16349820,-9999,-9999,-9999,16475642,-9999,15821087,16618148,-9999,16033999,16083951,16178269,15836871,15903430,16094883,16396369,16206529,-9999,15917362,16644874,16269574,16360582,16567016,16358962,15987776,15677546,16664617,16539247,16643170,16297077,16233590,16425672,16274002,17048787,16163633,16354753,16889681,17206108,16627770,16183995,15579355,15815536,15628582,15886223,16728802,15336781,14033470,14410743,14734227,15229518
07,21,16220949,16367556,16494338,16416168.2,-9999,17081328,16171073,-9999,16339681,-9999,-9999,16088875,-9999,16197224,16225290,15892298,16003180,16313633,16497340,16309949,-9999,16092145,16678326,16371489,16378153,16663785,16433733,16063537,15783239,16750059,16593107,16686143,16359279,16303954,16449200,16350679,16996337,16277616,16373758,16998942,17368406,16679065,16234773,15686477,15889459,15656849,15953887,16740453,15382968,14156502,14426511,14825354,15336125
07,22,16351549,16456072,16562402,16489181.5,-9999,-9999,-9999,16705557,-9999,15917821,16819299,-9999,16198540,16303114,16280746,-9999,16089453,16441296,16599848,16401441,-9999,16181218,16676485,16484265,16403836,16826810,16452656,16206581,15855337,16821836,16616411,16668535,16435040,16455955,16439120,16414454,16981547,16375080,16428055,17055893,17463444,16715499,16363715,15778914,15998073,15731595,15992626,16910257,15442882,14207447,14453224,14962680,15464556
07,23,16439537,16531914,16635565,16555090.1,-9999,17159870,16351628,-9999,16629807,-9999,-9999,16296660,-9999,16397796,16343380,-9999,16154328,16470616,16674125,16516112,-9999,16272422,16687488,16580528,16469329,16962282,16471027,16364264,15914475,16900136,16654206,16747910,16549036,16596867,16385710,16467692,17017424,16425739,16542877,17065408,17522983,16718026,16473929,15858521,16109986,15816008,16088456,17064576,15465025,14191326,14494894,15110439,15521418
07,24,16511062,16600201,16697905,16615059.6,-9999,-9999,-9999,16919895,-9999,16076006,16972086,-9999,16263910,16462803,16410926,-9999,16222120,16475967,16753441,16606307,-9999,16367710,16732627,16656945,16555138,17031551,16537494,16441590,16038308,16942995,16658591,16806919,16726981,16763013,16354844,16539446,17054679,16423147,16671709,17102618,17623988,16812933,16529403,15899198,16141783,15891138,16161356,17162793,15446218,14233787,14529156,15287939,15536137
07,25,16549826,16671288,16763908,16707608,-9999,17216448,16550269,-9999,16827999,-9999,-9999,16331494,-9999,16632547,16463717,16283740,16302058,16483827,16788771,16686808,-9999,16479465,16824561,16760074,16671158,17044869,16583694,16552453,16127685,17009129,16669046,16913955,16867528,16855262,16304420,16611977,17093388,16525536,16766180,17215483,17766709,16966449,16579266,15979958,16182405,16000706,16253884,17205140,15416691,14275164,14605686,15370032,15595226
07,26,16606798,16735094,16826909,16809791.8,-9999,-9999,-9999,17003040,-9999,16108080,17132759,-9999,16341218,16785901,16546405,16374424,16357539,16506969,16875102,16752627,-9999,16546022,16923868,16814042,16797428,17042253,16659203,16638941,16213615,16985878,16681437,17024434,16889208,16878488,16280706,16696406,17194311,16735726,16895476,17302784,17837799,17081423,16621122,16126711,16238187,16064379,16313865,17235296,15431351,14368162,14683557,15418892,15679014
07,27,16667943,16792910,16901245,16882000.1,-9999,17254895,16626465,-9999,16907902,-9999,-9999,16308172,-9999,16915876,16631140,16463279,16413605,16588438,16941001,16816026,-9999,16611506,16999554,16853595,16890151,17022312,16794266,16716172,16242187,17005691,16822195,17104232,16899872,16932161,16377394,16736135,17256213,16857077,16950923,17398389,17852622,17146572,16676524,16257949,16288922,16134810,16354652,17253616,15523248,14463633,14787497,15454599,15752188
07,28,16724429,16851235,16977027,16939056.9,-9999,-9999,-9999,17093392,-9999,16316700,17220589,-9999,16437414,17029373,16751771,16545698,16506897,16687658,16992319,16837121,-9999,16696158,17048868,16899999,16973668,17018425,16985575,16801348,16232385,17070482,16961055,17143524,16889251,16970686,16513694,16802782,17296601,16887117,16938135,17493121,17862195,17230484,16713480,16347159,16344787,16277490,16425770,17297823,15619033,14505997,14818421,15483648,15805215
07,29,16771168,16938448,17040999,17013741.7,-9999,17197163,16657433,-9999,16873654,-9999,-9999,16325086,-9999,17061523,16867723,16632359,16595209,16778678,17035179,16840626,17264524,16774930,17075250,16923590,17040591,17055905,17152826,16869916,16229513,17067368,17120664,17198732,16897076,17025534,16636936,16926892,17375416,16895439,16970865,17636602,17915039,17276972,16761225,16477224,16442319,16386316,16432687,17389755,15763619,14552050,14852542,15497692,15860277
07,30,16816064,16978682,17193058,17076262.4,-9999,-9999,-9999,17165814,-9999,16483397,17372760,-9999,16497734,17120980,16951679,16686844,16676929,16816245,17063672,16830773,17251629,16893891,17083620,16967997,17088747,17113315,17303827,16907318,-9999,17061062,17254670,17260345,16912552,17069440,16845256,16961045,17507605,16926409,17000971,17768004,17999600,17235533,16831390,16530336,16573988,16388788,16512218,17452272,15883314,14597844,14937160,15498508,15914545
07,31,16874903,17011053,17245804,17133044.1,-9999,17182734,16742631,-9999,-9999,-9999,-9999,16405591,-9999,17182878,17028187,16740600,16744986,16854955,17063932,16840941,17246232,16962909,17109178,17004113,17108335,17174944,17415748,16951478,-9999,17132023,17249761,17334920,16923427,17117020,16988458,17027175,17611209,16998631,17087273,17863835,18100546,17242920,16859418,16450632,16700139,16415838,16627298,17462092,15971002,14654369,15105014,15592576,16022191
08,01,16945224,17050445,17306412,17180843.3,-9999,-9999,-9999,17307906,-9999,16653264,17563697,-9999,16503905,17240929,17084466,16772004,16821013,16942809,17084912,16839053,17247599,17026302,17157494,17035233,17125321,17224711,17485409,17022415,-9999,17129374,17253979,17457550,16925370,17175000,16975881,17125721,17666130,17032835,17189965,17926699,18142036,17320680,16906804,16372180,16783716,16467388,16674552,17472182,16066924,14698258,15244995,15773248,16117020
08,02,17002982,17091930,17342128,17235118.8,-9999,17199384,17008560,-9999,-9999,-9999,-9999,16604914,-9999,17289188,17158320,16800603,16897021,16992543,17164703,16803497,17233143,17110341,17217039,17056588,17181300,17263124,17585354,17082395,-9999,17136037,17256004,17460525,16976987,17274483,16999203,17194172,17689000,17167190,17289471,17923850,18280368,17330857,16910864,16319492,16882334,16557762,16704315,17445405,16193280,14728907,15381578,15854506,16204031
08,03,17070615,17140725,17381052,17289339.3,-9999,-9999,-9999,17311575,-9999,16757644,17719612,-9999,16512899,17356857,17269992,16838084,16976963,17054253,17272834,16766220,17257740,17171075,17281765,17067121,17250220,17309056,17696642,17132412,-9999,17207259,17327444,17445632,17043914,17360942,17053169,17238321,17736934,17283981,17388797,17973021,18333540,17366093,16959959,16311416,16914478,16625174,16774968,17437114,16323672,14773606,15590869,15873938,16227118
08,04,17141735,17188210,17423195,17349155.2,-9999,17219636,17289486,-9999,-9999,-9999,-9999,16834789,-9999,17436574,17342496,16872960,17040346,17102517,17360205,16775518,17290572,17229880,17332610,17056313,17343154,17350980,17794420,17178554,-9999,17152703,17325014,17492716,17110414,17375798,17117041,17352594,17812573,17366083,17550788,17990886,18466880,17456800,16955643,16320727,16897283,16673889,16742739,17488665,16471303,14836515,15754756,15931707,16244571
08,05,17206219,17235459,17474919,17390912.3,-9999,-9999,-9999,17437408,-9999,16836016,17872517,-9999,16550940,17525562,17413458,16916093,17084401,17163852,17463397,16795173,17372856,17279810,17333021,17030250,17420226,17411599,17901855,17202662,-9999,17082766,17312043,17549813,17177873,17258159,17174351,17483277,17928410,17366225,17617354,17973370,18504320,17486584,16993324,16471947,16854670,16712919,16742907,17527500,16596913,14884388,15853509,15922471,16243452
08,06,17255433,17307512,17538487,17430032,-9999,17289130,17444855,-9999,-9999,-9999,-9999,17038824,-9999,17605304,17484758,16978567,17160188,17367890,17530854,16842766,17427388,17373567,17339829,17052873,17495702,17484063,17995971,17231137,-9999,17100048,17315946,17628278,17175467,17237566,17251185,17552593,18027078,17361637,17650299,17933358,18474008,17493095,17019784,16596508,16887352,16857201,16807645,17613021,16634677,14903171,15891047,15921551,16284413
08,07,17298812,17376459,17598571,17480800,-9999,-9999,-9999,17521095,-9999,16849792,17934193,-9999,16491222,17642116,17551407,17044671,17246221,17538336,17545947,16880127,17485866,17485480,17369249,17094357,17546212,17572798,18066517,17237851,-9999,17159203,17458290,17593759,17292997,17254027,17364254,17613028,18071079,17394510,17627657,17940292,18556414,17500265,17112403,16684573,16952263,16968544,16892900,17717002,16636407,14902590,15877300,15979317,16406554
08,08,17338631,17444363,17555469,17554340,-9999,17285478,17584565,-9999,-9999,-9999,-9999,17241382,-9999,17664613,17543633,17090255,17290905,17685497,17578437,16966448,17525698,17602718,17374998,17165562,17572368,17681001,18100985,17260041,16454818,17274822,17598296,17578509,17439275,17390367,17420154,17708282,18112514,17409005,17665722,18045837,18662789,17581402,17269089,16693303,17038220,17065519,17085827,17735401,16602788,14919406,15930668,16024559,16322175
08,09,17380354,17500611,17597377,17614852.8,-9999,-9999,-9999,17751181,-9999,16879824,17858370,-9999,16560783,17665044,17545133,17178713,17341995,17759741,17601095,17078889,17537411,17717389,17391911,17220399,17582286,17774997,18149952,17299897,16582301,17348610,17592553,17573582,17645713,17437209,17453036,17808934,18189250,17429519,17704603,18262272,18660560,17599504,17429139,16726175,17033827,17113679,17199544,17702379,16613597,14931128,16037985,16022594,16192410
08,10,17455008,17547503,17637977,17649473,-9999,17469461,17732957,-9999,17818157,-9999,-9999,17409371,-9999,17644778,17535163,17238328,17333387,17821180,17610230,17152519,17584611,17805859,17417388,17309931,17574502,17865424,18165780,17315276,16727005,17405156,17563144,17540144,17671149,17443469,17499559,17908332,18220060,17504410,17751594,18383043,18664029,17547522,17489002,16818561,17014378,17102131,17264649,17707877,16596606,14965955,16226485,16043075,16036509
08,11,17497407,17600243,17679880,17682650.9,-9999,-9999,-9999,17862627,-9999,16858111,17695088,-9999,16876660,17638663,17536788,17302533,17312892,17873435,17643029,17205218,17609928,17883360,17478997,17396499,17652757,17946318,18201577,17338368,16794387,17373973,17576121,17576243,17686286,17443535,17550025,17919133,18269707,17528249,17836908,18426101,18719989,17509430,17576160,16853777,16972547,17133641,17392528,17767476,16600393,15021360,16328983,16105312,15978746
08,12,17525119,17639662,17717355,17742144,-9999,17708715,17957177,-9999,17984268,-9999,-9999,17505265,-9999,17616547,17545994,17333026,17315902,17893531,17677962,17251715,17605664,17915872,17523162,17488230,17720252,18004328,18214365,17347775,16823708,17336197,17703603,17579455,17729904,17437084,17731864,17946584,18378124,17634639,17897931,18496229,18799571,17483119,17661083,16869893,17016164,17184687,17445658,17880910,16681870,15003941,16378810,16153586,15974390
08,13,17573592,17690770,17748449,17783849.6,-9999,-9999,-9999,17974350,-9999,16982001,-9999,-9999,17013831,17610341,17577209,17382082,-9999,17948033,17767198,17280212,17630794,17929857,17595356,17575918,17774485,18031793,18230500,17395339,16818231,17323386,17830939,17682777,17800338,17410352,17799095,17951203,18494752,17700513,17911756,18550595,18813570,17470295,17692036,16873839,17086193,17244947,17551488,17979257,16719445,15009430,16437038,16288687,16064971
08,14,17628650,17732219,17787738,17843466.3,-9999,17939332,18065918,-9999,18037900,-9999,-9999,17694501,-9999,17620261,17632951,17437365,17432212,17938490,17835882,17357442,17691063,17927580,17632313,17667140,17809165,18030901,18289352,17466017,16827979,17351665,17883616,17816368,17828473,17370868,17817018,17974818,18558420,17798454,17930101,18637758,18888384,17444646,17765598,16954650,17168130,17288522,17651839,18009256,16847383,15030877,16456291,16405749,16188631
08,15,17629590,17765736,17819390,17879365,-9999,-9999,-9999,18095221,-9999,17130389,-9999,-9999,17142119,17615739,17684502,17524853,17443234,18027439,17873171,17427312,17740609,17900752,17673135,17724216,17835252,18012235,18362992,17522967,16845292,17377790,17897503,17824331,17883479,17328872,17781634,18041759,18577007,17830065,17954064,18708424,18897655,17404990,17830978,17022551,17240448,17327468,17659430,18001150,16971454,15190955,16458422,16469728,16339570
08,16,17679535,17817850,17856105,17900436.4,-9999,18167344,18073916,-9999,-9999,-9999,-9999,17853454,-9999,17576090,17698831,17606823,17636822,18032324,17868984,17509070,17773599,17929273,17724076,17810649,17859007,18034695,18443723,17550323,16855709,17416544,17960780,17827830,18047291,17320064,17711247,18082786,18583790,17827463,17911249,18736741,18846892,17441729,17926300,17089245,17283064,17357891,17645215,17989430,17022657,15475797,16492115,16457714,16387913
08,17,17729513,17842312,17889242,17931222.9,-9999,-9999,-9999,18178600,-9999,17298914,-9999,-9999,17409092,17523265,17707694,17666964,17669291,17955075,17881093,17624959,17751825,17971313,17759601,17879968,17896098,18033898,18470008,17551151,16867541,17461639,17996805,17848071,18176698,17339556,17702426,18161433,18630599,17842377,17894090,18706282,18848900,17482207,18006844,17125106,17381191,17394633,17670119,18027192,17080054,15636072,16475360,16467201,16410037
08,18,17800190,17857855,17909377,17958269.2,-9999,18322792,18138960,-9999,18041718,-9999,-9999,18036821,-9999,17537824,17694272,17680934,17723095,17868899,17882359,17688087,17736889,17983880,17767908,17932958,17940212,18054265,18464938,17546700,16893817,17515182,17922501,17951018,18327837,17383745,17682743,18175572,18653106,17886620,17929518,18720065,18846726,17457736,18081436,17150100,17456028,17401357,17773587,18162417,17118545,15675724,16521658,16527474,16452138
08,19,17847112,17880645,17926409,17971082.2,-9999,-9999,-9999,18197806,-9999,17497662,-9999,-9999,17560280,17575168,17716343,17669744,17734268,17839852,17893381,17752886,17755287,18033380,17757206,17955926,17982617,18101645,18460500,17548753,17020214,17530136,17908925,17967417,18376135,17432144,17660817,18205748,18565453,17917416,17961167,18767378,18844780,17432979,18106500,17170986,17505092,17439071,17830124,18256115,17136890,15657930,16577145,16599719,16451407
08,20,17889799,17910814,17952837,18001068.7,-9999,18445726,18284693,-9999,18137295,-9999,-9999,18174513,-9999,17644489,17743004,17653333,17728379,17834064,17947010,17792514,17805187,18081060,17793588,17970425,18014911,18141002,18478739,17536858,17142472,17507300,17919928,18007951,18421969,17454215,17693624,18206432,18550655,17934912,17992032,18804265,18915407,17455949,18128147,17259369,17471984,17497967,17896315,18293328,17107918,15691090,16568122,16566264,16561828
08,21,17926172,17938711,17978326,18046217.8,-9999,-9999,-9999,18158816,-9999,17716843,-9999,-9999,17610315,17702905,17772906,17677184,17719816,17829889,18000759,17841308,17867518,18139183,17770395,17978435,18102164,18137639,18447657,17527763,17194748,17505877,17998498,17975619,18512284,17475835,17645543,18270502,18581358,17968213,18018570,18847733,18925596,17531752,18186298,17374315,17490851,17537492,17919941,18297618,17140280,15746733,16535487,16615605,16577406
08,22,17964881,17976176,18006736,18102711.7,-9999,18440798,18349610,-9999,18197306,-9999,-9999,18249735,-9999,17774196,17814181,17714892,17705731,17845666,18015866,17879537,17990395,18193950,17791486,17981103,18173641,18184387,18411299,17530087,17313170,17507703,18003814,17923401,18584249,17465407,17592876,18296889,18693888,18018148,18067667,18879931,19004750,17612124,18188429,17478157,17525482,17558541,17935765,18286998,17227443,15861691,16521640,16707125,16525096
08,23,17994966,18016582,18042649,18146315.2,-9999,-9999,-9999,18181114,-9999,17943752,-9999,-9999,17557169,17805805,17819604,17740380,17704246,17858898,18063621,17901061,18086752,18206861,17886069,17981628,18223143,18253536,18404272,17518199,17436321,17580507,18095282,17936707,18608924,17487087,17600638,18318212,18734839,17940829,18134070,18893132,19086290,17726585,18165995,17558806,17596404,17626202,17982137,18342827,17312768,15891602,16533947,16792172,16684272
08,24,18019555,18050295,18089499,18160203.1,-9999,18410621,18454733,-9999,18200149,-9999,-9999,18362207,-9999,17835797,17828068,17742852,17691037,17863057,18072701,17947262,18194719,18186862,17996381,17983717,18265501,18301708,18416616,17466691,17530460,17664001,18264346,18012326,18668206,17642232,17638593,18271792,18841197,17830624,18167115,18917290,19009400,17732138,18125493,17596680,17645029,17737065,18105354,18414314,17337857,15998224,16565908,16876830,16885422
08,25,18055879,18128463,18130325,18200795.4,-9999,-9999,-9999,18219734,-9999,18064370,18038090,-9999,17538238,17930948,17854646,17783409,-9999,17852324,18064449,18016239,18358336,18148558,18109631,18001077,18258847,18346706,18420081,17433125,17514952,17717712,18442126,18058839,18679032,17861188,17730877,18245842,18826143,17766633,18179409,18968384,18960878,17868104,18285414,17640096,17692552,17820341,18135534,18480859,17459774,16067745,16601368,16919600,17045214
08,26,18099256,18158471,18167114,18232109.8,-9999,18350533,18544547,-9999,18227002,-9999,-9999,18470062,-9999,17999503,17889960,17834828,-9999,17881350,18030988,18095596,18486121,18053091,18172627,18031159,18299451,18375854,18410828,17412470,17529441,17769674,18518095,18097262,18684898,18047985,17745015,18312864,18805454,17833520,18226699,18988126,18890364,17936440,18374624,17615134,17775130,17875607,18183818,18510585,17514714,16186779,16678710,16984685,17073355
08,27,18134463,18169690,18199529,18254738,-9999,-9999,-9999,18296494,-9999,18073773,18261876,-9999,17560733,17969667,17919837,17905262,18013420,17951755,17995114,18187130,18594069,17962868,18242818,18051870,18328884,18368967,18416050,17425926,17538481,17810071,18533092,18147607,18741841,18164774,17725106,18375021,18745994,17926165,18340888,19012541,18952897,17922788,18431732,17555044,17769453,17889878,18281547,18537613,17516331,16231787,16731636,17031351,17078552
08,28,18167483,18190813,18224104,18285205.2,-9999,18333272,18562518,-9999,18304949,-9999,-9999,18604899,-9999,17965819,17928986,17963813,18039757,18010514,17951457,18283722,18631797,17942112,18265220,18082291,18354213,18347051,18414715,17430822,17666714,17820948,18549102,18128005,18842808,18190775,17785840,18351504,18727475,18073212,18427522,19044298,19058431,17932180,18468772,17514694,17702916,17902552,18355284,18573436,17520828,16282479,16801983,17107413,17078353
08,29,18193164,18210674,18243676,18321958.1,-9999,-9999,-9999,18340143,-9999,18189869,18303170,-9999,17661634,17961444,17903273,18014982,18060625,18066426,17942836,18351560,18663904,17933695,18278736,18100599,18371439,18336915,18449111,17426382,17737207,17854855,18542531,18060119,18898300,18230979,17839269,18397531,18766689,18141026,18469389,19039377,19087825,18078732,18503895,17508391,17691015,17933242,18425262,18681571,17507798,16367547,16857193,17218833,17218241
08,30,18213550,18238517,18261175,18352260.8,-9999,18315511,18657122,-9999,18311943,-9999,-9999,18672816,-9999,17991864,17857573,18058161,18131119,18040132,17946841,18366397,18726410,17968315,18318190,18164167,18376039,18347558,18504743,17438663,17753793,17872876,18514405,18001573,18903001,18292758,17998651,18410935,18730632,18224433,18501767,19007045,19147375,18190527,18472331,17527510,17766775,17954213,18463611,18717031,17456629,16448105,16925956,17267169,17317547
08,31,18241302,18264924,18294475,18346453.9,-9999,-9999,-9999,18390134,-9999,18274875,18276404,-9999,17735807,17983434,17821147,18065411,18207802,17973442,17968605,18412235,18729497,17997700,18364999,18272585,18347539,18374831,18552394,17500756,17755320,17843938,18578539,17984582,18867080,18356616,18035252,18448658,18657002,18294188,18506129,18972823,19179449,18244164,18356917,17562193,17729021,17962653,18422127,18694741,17442637,16476770,16928486,17288624,17392251
09,01,18267967,18280246,18331557,18351127.6,-9999,18317902,18757684,-9999,18517491,-9999,-9999,18814549,-9999,17983920,17791758,18042162,18194111,17915275,18031726,18443677,18698240,18028968,18393993,18351561,18328496,18416413,18588531,17570307,17892550,17824768,18664588,18005453,18836225,18403010,18040572,18476368,18661583,18383262,18529780,19016389,19147528,18258597,18279464,17514395,17675754,18044524,18368240,18640597,17497262,16542457,16925650,17330382,17375452
09,02,18285687,18291224,18371205,18369807.1,-9999,-9999,-9999,18420399,-9999,18432652,18197255,-9999,17816679,17988579,17796920,18018479,18183552,17886539,18062274,18458409,18665519,18026470,18426497,18422708,18336111,18444157,18592895,17657118,17888124,17830972,18668794,18018193,18842482,18424421,18102331,18538811,18720260,18440839,18563031,19117663,19094784,18313750,18189467,17457653,17709086,18091538,18327205,18591812,17596349,16603841,16947910,17422525,17328244
09,03,18306622,18303716,18395259,18408192.9,-9999,18386086,18800822,-9999,18642092,-9999,-9999,18839166,-9999,18004896,17876422,18014622,18180891,17872076,18076320,18456136,18652895,18029460,18446160,18470069,18365027,18488122,18606525,17690770,17810671,17813713,18656209,18099241,18821931,18444994,18206240,18588476,18757161,18483247,18627975,19192023,19106938,18300651,18193102,17476108,17743839,18200885,18363819,18483494,17677767,16658696,16894185,17466527,17382852
09,04,18319061,18330351,18421509,18436725.2,-9999,-9999,-9999,18467772,-9999,18534323,18161151,-9999,17746158,17988230,17938362,18028899,18202811,17877649,18082779,18492559,18650589,18045760,18494135,18512689,18422634,18521902,18660196,17711274,17777579,17783027,18760711,18169126,18772520,18526242,18265282,18653493,18781563,18508403,18673343,19176876,19164522,18347284,18205228,17529175,17725523,18255335,18360401,18462235,17732952,16747536,16844509,17466610,17463356
09,05,18340652,18359245,18448981,18472935,-9999,18396978,18810348,-9999,18650099,-9999,-9999,18908902,-9999,17986726,17969695,18071233,18189302,17933657,18124245,18471922,18652815,18079241,18525296,18560106,18482854,18573012,18736425,17737886,17798737,17803909,18886548,18269555,18735916,18595971,18181315,18718629,18749668,18490331,18705263,19126756,19274317,18374797,18294539,17718846,17727541,18267292,18406813,18466437,17746020,16820229,16927483,17484591,17485978
09,06,18357728,18380578,18478523,18492353.6,-9999,-9999,-9999,18499375,-9999,18642557,18205577,-9999,17762109,17992721,18041821,18097963,18139035,18018153,18163204,18443569,18634028,18120595,18583273,18617316,18502729,18583876,18825995,17779762,17884295,17853450,18881164,18324271,18723930,18689248,18141185,18732402,18818933,18490990,18765433,19093086,19363860,18377097,18301074,17796109,17698924,18218030,18465803,18477927,17762309,16915007,16973834,17475095,17473112
09,07,18380341,18397029,18501266,18480073.7,-9999,18439535,18803714,-9999,18577125,-9999,-9999,18920132,-9999,18036725,18131879,18089657,18074941,18123018,18213828,18386477,18571238,18153014,18639424,18640136,18565745,18602471,18875970,17833346,17952406,17893045,18863361,18395611,18738610,18745100,18105610,18731957,18861911,18480957,18832511,19043395,19357296,18369259,18280357,17775808,17645848,18153395,18566745,18507216,17812970,16985859,17026871,17486153,17479438
09,08,18405832,18421584,18522752,18485662.7,-9999,-9999,-9999,18622163,-9999,18779487,18275451,-9999,17701630,18045949,18227650,18083863,18050419,18179313,18303252,18366257,18504621,18172530,18752318,18628047,18628113,18630972,18913483,17906728,17993469,17926717,18893905,18476779,18721946,18693381,18064657,18708723,18815187,18445717,18895022,19079884,19315579,18386015,18319220,17850867,17631546,18117590,18579433,18585004,17869801,16985454,17022037,17526742,17491736
09,09,18426635,18434101,18541891,18512511.9,-9999,18460252,18792092,-9999,18542212,-9999,-9999,19008972,-9999,18159313,18298787,18073447,17995353,18226125,18340738,18356953,18496308,18236203,18780984,18619086,18680424,18608833,18961216,18002316,18006054,17916970,18867036,18517672,18763224,18627199,18025393,18706757,18792830,18472367,19024059,19134228,19402439,18376204,18261407,17914306,17623489,18123790,18597348,18589048,17936309,16931022,17078132,17548225,17571631
09,10,18450822,18447297,18548254,18535079.1,-9999,-9999,-9999,18616070,-9999,18814387,18284531,-9999,17689341,18261210,18392268,18073555,17988746,18233709,18364906,18352112,18503521,18290453,18775503,18614882,18748112,18601029,18981251,18084014,17948795,17913743,18810197,18561303,18741403,18627888,18022742,18748965,18833169,18471029,19156977,19177727,19506188,18374845,18155226,17960241,17555452,18159937,18645669,18543821,17954220,16909314,17117852,17551841,17625490
09,11,18486425,18454793,18557231,18549180.7,-9999,18504242,18851500,-9999,18520100,-9999,-9999,19038838,-9999,18360423,18446070,18096146,17953011,18274369,18376563,18371798,18484252,18353007,18728861,18565197,18850432,18590436,18988571,18151097,17853877,17940569,18723260,18640315,18746701,18647193,18006823,18779863,18822262,18461858,19207586,19263499,19595680,18350514,18065561,18005401,17569586,18149860,18727450,18553439,18006839,16940897,17131433,17541496,17640958
09,12,18516465,18462519,18560891,18561271,-9999,-9999,-9999,18735337,-9999,18914861,18278386,-9999,17769423,18465669,18509288,18093075,17948106,18311180,18366805,18384163,18486907,18409590,18649649,18537838,18935885,18595064,18960963,18183042,17797434,18056974,18684002,18695379,18761502,18658549,18016103,18760083,18834320,18513800,19237230,19286736,19748907,18313462,17925115,18062379,17548783,18141978,18755933,18559206,18074648,16965500,17099914,17637524,17616351
09,13,18536747,18466994,18655551,18567563,-9999,18514469,18949823,-9999,18444834,-9999,-9999,18992127,-9999,18545645,18554678,18081520,17978294,18291878,18291687,18424818,18486975,18414249,18613118,18507266,19031828,18629827,18922932,18199343,-9999,18175773,18691992,18678431,18805647,18665305,18062943,18793073,18832155,18626642,19262198,19331119,19829627,18256165,17814515,18027644,17523844,18171721,18789715,18567653,18116787,16966751,17087596,17740579,17568738
09,14,18552034,18471193,18671673,18566094.9,-9999,-9999,-9999,18831224,-9999,18884850,18292316,-9999,17891289,18579581,18596354,18093767,18017481,18251893,18206016,18483681,18481263,18435203,18569618,18497876,19121695,18647199,18884523,18201438,-9999,18230072,18698837,18642519,18939337,18660735,18102420,18777739,18780993,18634182,19269841,19428056,19885496,18190241,17762999,17967610,17547516,18194015,18848016,18531331,18113887,16954263,17018535,17772440,17583882
09,15,18571998,18481091,18684472,18579265.9,-9999,18453094,18966148,-9999,18444971,-9999,-9999,18904015,-9999,18578289,18660893,18068469,18056375,18267823,18133399,18531421,18459762,18448193,18564592,18496575,19180472,18672302,18837988,18198811,-9999,18122890,18766016,18643464,19029173,18692491,18105010,18798410,18752460,18680651,19263148,19465397,19909887,18161572,17764346,17928230,17624124,18242844,18861031,18437159,18110717,16928855,16980604,17775836,17585778
09,16,18596129,18483703,18695953,18594597,-9999,-9999,-9999,18933383,-9999,18936952,18326186,-9999,18098195,18577506,18714251,18038324,18093276,18265609,18037991,18553799,18459921,18474076,18569694,18488466,19205304,18688889,18781932,18196920,-9999,18154535,18773200,18668426,19048211,18729089,18083587,18821045,18697606,18731881,19244085,19432426,19973143,18148774,17775943,17913740,17751576,18276796,18819118,18376207,18122608,16885393,16963050,17781334,17431941
09,17,18603846,18492816,18716183,18600940.1,-9999,18303074,19027586,-9999,18527428,-9999,-9999,18802834,-9999,18592998,18718533,18010620,18132128,18283993,17936048,18572609,18468127,18531532,18605875,18525819,19194238,18677789,18776090,18234533,-9999,18243648,18768366,18705534,19101121,18726935,18119266,18828464,18671393,18773581,19168940,19448487,20042977,18177607,17795416,17846936,17818561,18265503,18766938,18345144,18074985,16891361,17035358,17740309,17335201
09,18,18608139,18497520,18745286,18603877,-9999,-9999,-9999,18985342,-9999,18963064,18343157,-9999,18130633,18544670,18721181,18022471,18182438,18305761,17835957,18569304,18451522,18566302,18676844,18584136,19152041,18650899,18781729,18290778,-9999,18287944,18746321,18747378,19145787,18758794,18078877,18871964,18656690,18790551,19153683,19473712,20039831,18182008,17861628,17813878,17854241,18212548,18768349,18388955,18065912,16893069,17092280,17733841,17275135
09,19,18608615,18517872,18778741,18589680.3,-9999,18172762,19096979,-9999,18512479,-9999,-9999,18774439,-9999,18523788,18675997,18060416,18197360,18377006,17813697,18565555,18445971,18605252,18756633,18633150,19113935,18670159,18818964,18370864,-9999,18316632,18769249,18795885,19135772,18810379,18011069,18903052,18561306,18748036,19157994,19448638,20059085,18187723,17888052,17783122,17923560,18139287,18756810,18353322,18057264,16897549,17090093,17721560,17277405
09,20,18595504,18530259,18688753,18611298.5,-9999,-9999,-9999,18990362,-9999,18992424,18374131,-9999,18104990,18497702,18622982,18088528,18217320,18415073,17823433,18554352,18478932,18607461,18761296,18679414,19075125,18690180,18859468,18420815,17660236,18414228,18856681,18854255,19176694,18833067,17947788,19004992,18513279,18778980,19223335,19468267,20119694,18229476,17860046,17746394,18030483,18143031,18726530,18328455,18054627,16825018,17057265,17720134,17288734
09,21,18561167,18536849,18702912,18622161.9,-9999,18148635,19157000,-9999,18442743,-9999,-9999,18584209,-9999,18439277,18598960,18111206,18191703,18449169,17847259,18545497,18488312,18606416,18776136,18703349,19034096,18726557,18921199,18430645,17688224,18443346,18857252,18904369,19199819,18883513,17923180,19091840,18552601,18779539,19250538,19495449,20065823,18215665,17897565,17711755,18090013,18162671,18693809,18339507,18051311,16802153,17091384,17698769,17268928
09,22,18532308,18530411,18717360,18639036.4,-9999,-9999,-9999,18902326,-9999,18889639,18405406,-9999,17897265,18373452,18560228,18133877,18161264,18513294,17866412,18466397,18475813,18602159,18752861,18717626,19015621,18732660,18954510,18432553,17651031,18424660,18803370,18906169,19195704,18930318,17886905,19123478,18642962,18779462,19308548,19494728,20077788,18183562,17908128,17714584,18102882,18177720,18714304,18361495,18051197,16714738,17095137,17673307,17168849
09,23,18501541,18526880,18714814,18623190,-9999,18192924,19194983,-9999,18462431,-9999,-9999,-9999,-9999,18294271,-9999,18114049,18198645,18523149,17854290,18440220,18479175,18596008,18698496,18704298,19015025,18759496,18962018,18392409,17658938,18408335,18771408,18961179,19180977,18884471,17854445,19123221,18691684,18735762,19350271,19428883,19981265,18144187,17926969,17687551,18079383,18205945,18789907,18359756,17993187,16656408,17055805,17611230,17118712
09,24,18476241,18529948,18713391,18595102,-9999,-9999,-9999,18931990,-9999,18725809,18336011,-9999,17769968,18309408,18477621,18113062,18219330,18598747,17877295,18422140,18501915,18596065,18619082,18688210,19000235,18776462,18968011,18357226,17686255,18505916,18730752,19000649,19199486,18873590,17832293,19124454,18706539,18707993,19349117,19405779,19915188,18063755,17896836,17608016,18035641,18262156,18802524,18338459,18021035,16630880,17002004,17578656,17050202
09,25,18451703,18523721,18712989,18588596,-9999,18231176,19152354,-9999,18434825,-9999,-9999,-9999,-9999,18356546,18488997,18059138,18241343,18608951,17868785,18426628,18550291,18586580,18524135,18653104,18970312,18807082,19000821,18347217,17695632,18550236,18715495,19100533,19190968,18851959,17864233,19076069,18766619,18704626,19323191,19375298,19894987,18043401,17890477,17575451,18019079,18292831,18855088,18301377,18044568,16598062,17018260,17640184,16981729
09,26,18430389,18514001,18712637,18608073.1,-9999,-9999,-9999,18955759,-9999,18536003,18206214,-9999,17685182,18432338,18501365,17995564,18255097,18612717,17879385,18456042,18595672,18537551,18438831,18586009,18951273,18827435,19019119,18360021,17682472,18529282,18693010,19158326,19151020,18877381,17908877,18997019,18734522,18667685,19348559,19373738,19927847,18132901,17917196,17634342,18013004,18330937,18856524,18223347,18090560,16559678,17044947,17655436,16971528
09,27,18419831,18504960,18714933,18628935.7,-9999,18306398,19105091,-9999,18429877,-9999,-9999,-9999,-9999,18429479,18524486,17939042,18266826,18620440,17888959,18489590,18644371,18498308,18354776,18520846,18908141,18857346,19052703,18377578,17714135,18497350,18669817,19155376,19082392,18864327,17881533,18949495,18664431,18681696,19282250,19428206,19967869,18325314,17919072,17629656,18043406,18347457,18838447,18119684,18059536,16663263,17060099,17610621,16912344
09,28,18405217,18498846,18707525,18640822.1,-9999,-9999,-9999,18972470,-9999,18542858,18129367,-9999,17673160,18393078,18558455,17878273,18281378,18628276,17897787,18538806,18648593,18442435,18295198,18465993,18896680,18893312,19042417,18354944,17698673,18500797,18698201,19148914,19064339,18885466,17865464,18863005,18634834,18670029,19224659,19448368,19932736,18508218,17944578,17682131,18052834,18309834,18806540,18087539,18041261,16748872,17043294,17574693,16843938
09,29,18415607,18491019,18695564,18646953.2,-9999,18350766,19076446,-9999,18387172,-9999,-9999,18594170,-9999,18422770,18609289,17837691,18307100,18628954,17902123,18565432,18650676,18421232,18268507,18387276,18878442,18900452,19017990,18321153,17736847,18501359,18747215,19158316,19046440,18919782,17893781,18846276,18681384,18672736,19154886,19432830,19881283,18638482,17929453,17706286,18059426,18312766,18747982,18041074,17965257,16779540,17049684,17513500,16783456
09,30,18413706,18481900,18681597,18649088.9,-9999,-9999,-9999,18952326,-9999,18551146,17978668,-9999,17657069,18427311,18659548,17833648,18304256,18608656,17929214,18528702,18635503,18432059,18253437,18340879,18890431,18895862,18957438,18265732,17747216,18508882,18766259,19151680,19033811,18900400,17930560,18790770,18710511,18684991,19085011,19406301,19783800,18681245,17970334,17733696,18110613,18324387,18718286,18007289,17873799,16757784,17122844,17447067,16742637
10,01,18421252,18470967,18663715,18638519,-9999,18383334,18981428,-9999,18374033,-9999,-9999,18741439,-9999,18440445,18708565,17847803,18285990,18582453,17952757,18487309,18611716,18447899,18222538,18333409,18905764,18879838,18860816,18201632,17743801,18534750,18754733,19058600,18999668,18862337,17973727,18752899,18683157,18714780,19053076,19461290,19684273,18699900,17986350,17718082,18113345,18270937,18685339,18017536,17800142,16735266,17105692,17431534,16732228
10,02,18418628,18454564,18637900,18617223.2,-9999,-9999,-9999,18926235,-9999,18495270,17961951,-9999,17714942,18407197,18743912,17851635,18253443,18525943,17978923,18448118,18548966,18448787,18212596,18340440,18942954,18845469,18745484,18091937,17767483,18585244,18759531,19001652,18978288,18855427,18027760,18773919,18722966,18736764,19027196,19422250,19591332,18711698,17947776,17725146,18060882,18226222,18691239,18056348,17804289,16745510,17033849,17449566,16722477
10,03,18406019,18436909,18625235,18608206.7,-9999,18371458,19011984,-9999,18304201,-9999,-9999,18757183,-9999,18349686,18777407,17858371,18204159,18470407,18022406,18432081,18488640,18402865,18243220,18360295,18967946,18777072,18663976,18017707,17778968,18587184,18707157,18966440,18998463,18787054,18061281,18796657,18774309,18721246,19037734,19356246,19529673,18710363,17942679,17769635,18019456,18220726,18719023,18052369,17840587,16723796,16954680,17443590,16717509
10,04,18386137,18426238,18602721,18593186.2,-9999,-9999,-9999,18878926,-9999,18360149,17964572,-9999,17700665,18314529,18775411,17873240,18192213,18426427,18079137,18413595,18416213,18366972,18244744,18428771,18978669,18715641,18623692,17937020,17797819,18503593,18711137,18963965,19058048,18677335,18119852,18782112,18804222,18626661,19043486,19310484,19458456,18680439,17977321,17823966,17991027,18215800,18690375,18046377,17839314,16646243,16868556,17392397,16761686
10,05,18354602,18401034,18580229,18599533.1,-9999,18277836,18941918,-9999,18220836,-9999,-9999,18751632,-9999,18214079,18747423,17901037,18144575,18375130,18070644,18429085,18316808,18331443,18253931,18457519,18976951,18654251,18612551,17894299,17867704,18457522,18716088,18921510,19075283,18629920,18159295,18710402,18804663,18679915,19001036,19259343,19454737,18661050,17978199,17946160,17987528,18222700,18653415,18009382,17836063,16536597,16789258,17401721,16797380
10,06,18315734,18388746,18549236,18596402.7,-9999,-9999,-9999,18856157,-9999,18178506,17913821,-9999,17685391,-9999,18707795,17911665,18130006,18390130,18116295,18448478,18247635,18326616,18219196,18464664,18960114,18584325,18595000,17874221,17926355,18369204,18668648,18923918,19026286,18600790,18118622,18621287,18805315,18648239,18995931,19268657,19474720,18667601,17913592,17965407,17999277,18225288,18646197,17907014,17821360,16450560,16798785,17382118,16754133
10,07,18282498,18381474,18502104,18569420.7,-9999,18221932,18911573,-9999,18275912,-9999,-9999,18609426,-9999,17882626,18681586,17929404,18140806,18422188,18151709,18492309,18183175,18344931,18177250,18448568,18930040,18523759,18582496,17860342,17932974,18308016,18616295,18868336,18992679,18587082,18058179,18562722,18811327,18566844,18946960,19278768,19435618,18664145,17829815,17991365,17973194,18196171,18627311,17841063,17801730,16409432,16767600,17335458,16712593
10,08,18261926,18360343,18468644,18535014.1,-9999,-9999,-9999,18819291,-9999,18097546,17836546,-9999,17681641,17772718,18688177,17931689,18143423,18435546,18183713,18520921,18124225,18328765,18130773,18402945,18868235,18464887,18575220,17837974,17933749,18264130,18553842,18795451,18966816,18555595,18016240,18509037,18788448,18534215,18873126,19273076,19357885,18654338,17760349,17994145,17925900,18188659,18601924,17839577,17837843,16423446,16741993,17305780,16642875
10,09,18257053,18327761,18431138,18511794.5,-9999,18191087,18884674,-9999,18297631,-9999,-9999,18604091,-9999,17796960,18690328,17939557,18131592,18399920,18224119,18505242,18068162,18340741,18082948,18315610,18777020,18432258,18544773,17812678,17939301,18221807,18504190,18697775,18949749,18491129,17947520,18454524,18800512,18460819,18824834,19268806,19302113,18623118,17790595,17994034,17899277,18153837,18574161,17832851,17865112,16389241,16712022,17301274,16600605
10,10,18241020,18286350,18383324,18488781.9,-9999,-9999,-9999,18834140,-9999,18089522,17773036,-9999,17582848,17803185,18682714,17941351,18128271,18344115,18176166,18456125,18033460,18335561,18029838,18237932,18719010,18403023,18482104,17766064,17938796,18114775,18439231,18661828,18890332,18439417,17898232,18418744,18785523,18444846,18785272,19299296,19255245,18534152,17795484,17996015,17867446,18124540,18510836,17813436,17874390,16338507,16694016,17312322,-9999
10,11,18222270,18257290,18358624,18451436,-9999,18214430,18935804,-9999,18179419,-9999,-9999,18505179,-9999,17796116,18675245,17952218,18148624,18263571,18166190,18401918,18010274,18312523,17999685,18190880,18694748,18384488,18432817,17732921,17938409,18009977,18492622,18605335,18795513,18418087,17928975,18361322,18754589,18338898,18721433,19279064,19191245,18467558,17774966,17949499,17917507,18119601,18422743,17769048,17860107,16251568,16690299,17283694,-9999
10,12,18195858,18237391,18336283,18411500.3,-9999,-9999,-9999,18756883,-9999,18127917,17698590,-9999,17494498,17791269,18610606,17952369,18146085,18222706,18191322,18324461,17988850,18304499,17987192,18147150,18692303,18369342,18320300,17718822,17896927,17973912,18468907,18645444,18695980,18374307,18002366,18378065,18722925,18236125,18673703,19264790,19123351,18417796,17745210,17892145,17926766,18112192,18378017,17727409,17755013,16215034,16676940,17224676,-9999
10,13,18167801,18220287,18311225,18368473.6,-9999,18166175,18969286,-9999,18006561,-9999,-9999,18456648,-9999,17764313,18532886,17965918,18110459,18188353,18194584,18274660,17984069,18294750,17976713,18122746,18673573,18382961,18173492,17710177,17922451,17967401,18523859,18659573,18662718,18453287,18033588,18314844,18659636,18167325,18619100,19194933,19062870,18384333,17737209,17838758,17884410,18136162,18361413,17713405,17654973,16125215,16710360,17158209,-9999
10,14,18139785,18201608,18288381,18337543.2,-9999,-9999,-9999,18689319,-9999,18138797,17614668,-9999,17444126,17758845,18484976,17967254,18109185,18145660,18187899,18205515,17972949,18241460,17980910,18100363,18666739,18405402,18083046,17696148,17877493,17958974,18509808,18619250,18677747,18510710,18082676,18280740,18655217,18090096,18582540,19188664,19015504,18382748,17676162,17807960,17882078,18094463,18315137,17703533,17578674,16038972,16683631,17101232,-9999
10,15,18105191,18175674,18260841,18297978.3,-9999,18173215,18901140,-9999,17994898,-9999,-9999,18271198,-9999,17736303,18456049,17959517,18096464,18099702,18156803,18152804,17952300,18174368,17960258,18060589,18665484,18437969,18034619,17698780,17865054,17947717,18460827,18558615,18670526,18544029,18057660,18204137,18628164,18014296,18559141,19150211,18950738,18391065,17650944,17746001,17834178,18055045,18281471,17702992,17585243,15994166,16622756,17084148,-9999
10,16,18071828,18151936,18224242,18266980.9,-9999,-9999,-9999,18595821,-9999,18112750,17543735,-9999,17326390,17713025,18451239,17948132,18108925,18032375,18124905,18126576,17958824,18087808,17940125,18025608,18627090,18487127,17981329,17682180,17851517,17956556,18412899,18420559,18626073,18607272,17945536,18118064,18583898,18009297,18528681,19156896,18886186,18400064,17558336,17712547,17783225,18050679,18293247,17672338,17560403,16025442,16549166,17064054,-9999
10,17,18038217,18103804,18188309,18206788.2,-9999,18067417,18775788,-9999,17960132,-9999,-9999,18151225,-9999,17677633,18409299,17913475,18072785,17921997,18050038,18103487,17959282,17994659,17929851,17968890,18593234,18443816,17930875,17663679,17841880,17992320,18403770,18239873,18563823,18594523,17885588,18067998,18540699,17964366,18478691,19123058,18799896,18354203,17435945,17642977,17751141,17976906,18260497,17674938,17456093,16043395,16493273,16986857,-9999
10,18,18001617,18048598,18153319,18155998.5,-9999,-9999,-9999,18537495,-9999,18100649,17473859,-9999,17298529,17607599,18331991,17907550,18043309,17766270,17976747,18063838,17949115,17922044,17907539,17916743,18548833,18391541,17865749,17632575,17804438,18033833,18371842,18118969,18518041,18531896,17839545,18037808,18475993,17868780,18428270,19082130,18736346,18349449,17347821,17630539,17703927,17936730,18231955,17665570,17369054,16033984,16444060,16936955,-9999
10,19,17950659,17993221,18112229,18109732.3,-9999,17918702,18587006,-9999,17907049,-9999,-9999,18135798,-9999,17533642,18271635,17868922,18000152,17679972,17927334,18017275,17940404,17843365,17884909,17849530,18482475,18306789,17794701,17587070,17808171,18093650,18366866,18062515,18501151,18477497,17825719,18045564,18445309,17850586,18394501,18984988,18705127,18307613,17261770,17634666,17630067,17882696,18208308,17586294,17296017,16020047,16440215,16897064,-9999
10,20,17909731,17922490,18075257,18051601.1,-9999,-9999,-9999,18382893,-9999,17979911,17433810,-9999,17197918,17475641,18230468,17808428,17856121,17553374,17873225,17960349,17896909,17797030,17826129,17781425,18435523,18244817,17731729,17539436,17780077,18119933,18242925,18008420,18472321,18384521,17815003,18043701,18363342,17810068,18389766,18869864,18629717,18276842,17212547,17597807,17543113,17822945,18170098,17525274,17250144,15936726,16452308,16893977,-9999
10,21,17873178,17852877,18019344,18002512.2,-9999,17892028,18521323,-9999,17890366,-9999,-9999,18134933,-9999,17408950,18206085,17780501,17815135,17483162,17839129,17871809,17886587,17716102,17730966,17668099,18357019,18160759,17678263,17468019,17798277,18115948,18157735,17953401,18414710,18336992,17829637,17994890,18374551,17769347,18402154,18771486,18578500,18233723,17173737,17538375,17438893,17744356,18152051,17454108,17192784,15873073,16460838,16868337,-9999
10,22,17835284,17779334,17971781,17957247.6,-9999,-9999,-9999,18153157,-9999,17816346,17515917,-9999,17099289,17336244,18177623,17768220,-9999,17438096,17793693,17799014,17837700,17622044,17636404,17593629,18314951,18099065,17645737,17393329,17784928,18051438,18103213,17914802,18377780,18239614,17785717,17939509,18384587,17766552,18380617,18628071,18548108,18179999,17106091,17509352,17350842,17718257,18169884,17404238,17158558,15836829,16487095,16813247,-9999
10,23,17790578,17706547,17929833,17898187.3,-9999,17749379,18461023,-9999,17849242,-9999,-9999,18115191,-9999,17271280,18124594,-9999,17502343,17390700,17743025,17726689,17798910,17516797,17542565,17555963,18273115,18015358,17612173,17324273,17782661,17999654,18059795,17844253,18336264,18230622,17757078,17885199,18363785,17683700,18310410,18548099,18587428,18094286,17016989,17475354,17273803,17628019,18158062,17370011,17098512,15840781,16436047,16749978,-9999
10,24,17739983,17652057,17899172,17834098.9,-9999,-9999,-9999,18030481,-9999,17745399,17450663,-9999,16940083,17231132,18093005,17649333,-9999,17339898,17683246,17635283,17763715,17428852,17458319,17526662,18238155,17944100,17571690,17276539,17747037,17968940,18025566,17830497,18268737,18208085,17755806,17826268,18305481,17582859,18181334,18460442,18580879,18059122,16925189,17498891,17190030,17556762,18156720,17296201,17036848,15872880,16410771,16721835,-9999
10,25,17685422,17593829,17864846,17770434.4,-9999,17627974,18388590,-9999,17663814,-9999,-9999,18041597,-9999,17181912,18052996,17536106,17502343,17269018,17610069,17565074,17714057,17366092,17361586,17484653,18218795,17846603,17550351,17223758,17653073,17942405,17994868,17864271,18228680,18167664,17792022,17797406,18257589,17502259,18120243,18416786,18555283,17961878,16818158,17475908,17139385,17456855,18088668,17176257,16977027,15861518,16344450,16678719,-9999
10,26,17631031,17542687,17828557,17718977.7,-9999,-9999,-9999,17869558,-9999,17693625,17408884,-9999,16839713,17120480,18006109,17460798,-9999,17176032,17556713,17508182,17672332,17297229,17287329,17426333,18186641,17773394,17524912,17170772,17552827,17930192,17970714,17856434,18138774,18109614,17783829,17727547,18150153,17458002,18081237,18371789,18518529,17876185,16765012,17520974,17086005,17361891,18037921,17105380,16922330,15850857,16244028,16612967,-9999
10,27,17571208,17484299,17776171,17667304.2,-9999,17403058,18305576,-9999,17562894,-9999,-9999,17859818,-9999,17080408,17934054,17361268,-9999,17104738,17494491,17465500,17675240,17207639,17246921,17367952,18119102,17677112,17501153,17124869,17461566,17899061,17933648,17868110,18059043,18028992,17797158,17556790,18098433,17444823,18022056,18339743,18472244,17789574,16707907,17449482,17055087,17293693,17965932,17077237,16871950,15852257,16167324,16492625,-9999
10,28,17505548,17390554,17717499,17590208.2,-9999,-9999,-9999,17726016,-9999,17610642,17391863,-9999,16675817,17055285,17861389,17227607,17089075,17005827,17434571,17436313,17683906,17127757,17213982,17300784,18050073,17563251,17455684,17045881,17415025,17860261,17882237,17881898,17987517,17892530,17757877,17503309,18031622,17301809,17897924,18328247,18437687,17697281,16622368,17363870,17008138,17213136,17938859,16975197,16772210,15785290,16100056,16430362,-9999
10,29,17432830,17333779,17655143,17513382.2,-9999,17260719,18118516,-9999,17436294,-9999,-9999,17730630,-9999,17013104,17792521,17086207,17061493,16969691,17351403,17410401,17680393,17070027,17183664,17229487,17958319,17422912,17358514,17012923,17367358,17809629,17794053,17844399,17894992,17848597,17706921,17466679,17972078,17138203,17836842,18297241,18347086,17636492,16570623,17269919,16956429,17108909,17914565,16911186,16685156,15707043,16001894,16341100,-9999
10,30,17364786,17285266,17576689,17426079.9,-9999,-9999,-9999,17532303,-9999,17490765,17389808,-9999,16484836,16956381,17721066,16999788,17033756,16926191,17287028,17417890,17671063,16983074,17162456,17174533,17842817,17353856,17266516,16943873,17335563,-9999,17688872,17796345,17842759,17809352,17703823,17419995,17915027,16791475,17796524,18265947,18295589,17614875,16511305,17162999,16865743,17041315,17881809,16792360,16630172,15670960,15935620,16276498,-9999
10,31,17296271,17234935,17517793,17388635.4,-9999,17147022,17955498,-9999,17352606,-9999,-9999,17552289,-9999,16888838,17620001,16896505,16989381,16890037,17218729,17418633,17653056,16901713,17146678,17117861,17732821,17280437,17171279,16883161,17286411,-9999,17612471,17750105,17803920,17704766,17688534,17316748,17845190,16956240,17741762,18238891,18193654,17546103,16463677,17123654,16788991,16988192,17818621,16709173,16573028,15606455,15863830,16218491,-9999
11,01,17230264,17174575,17449886,17355967.8,17329981,-9999,-9999,17332090,-9999,17357340,17353671,-9999,16453125,16806451,17535512,16829677,16899493,16845440,17143910,17386697,17614966,16834776,17117658,17075321,17624223,17203267,17106236,16812207,17205339,-9999,17551100,17718044,17799202,17609966,17695805,17232365,17756928,17244600,17679965,18190101,18026325,17470495,16446341,17095736,16734259,16914928,17712213,16618077,16416262,15498421,15751195,16152137,-9999
11,02,17155850,17094808,17372820,17276299.9,-9999,16942799,17781342,-9999,17194706,-9999,-9999,17433110,-9999,16717092,17444444,16774460,16817030,16790092,17065964,17339042,17513163,16716397,17045509,17029993,17526237,17104652,17037011,16729436,17078109,-9999,17379048,17684953,17758214,17468426,17665393,17138947,17641826,17236621,17640517,18110178,17881577,17389966,16403476,16999624,16663144,16796070,17577984,16526204,16305835,15378854,15605667,16078586,-9999
11,03,17079989,17016305,17273347,17178875.9,17218434,-9999,-9999,17111096,-9999,17148561,17293841,-9999,16376967,16629461,17359526,16728599,16674588,16739643,17005401,17253566,17425409,16625766,16977050,16998381,17429328,17033917,16972709,16636912,16965260,-9999,17280252,17650218,17676501,17374373,17609024,17022656,17538918,17139743,17578910,18035230,17752612,17281979,16325375,16939381,16544480,16652131,17447017,16439659,16204667,15298592,15505135,16034366,-9999
11,04,17015007,16965518,17180686,17060472.7,-9999,16841771,17596982,-9999,17040435,-9999,-9999,17257105,-9999,16597911,17275602,16682662,16660099,16707087,16947354,17207825,17401153,16568993,16902619,16957573,17341861,16960615,16909226,16544224,16811012,-9999,17182395,17586921,17585242,17261471,17505794,16938444,17463222,17031000,17465989,17961809,17686722,17190374,16096136,16789754,16425837,16493884,17321462,16382147,16148132,15244838,15460987,15957644,-9999
11,05,16947989,16914173,17084716,16970033.9,17072150,-9999,-9999,16958240,-9999,17092049,17161104,-9999,16256882,16541719,17187823,16629969,16600531,16666903,16901605,17153437,17359268,16532758,16865216,16898236,17273913,16889858,16820347,16451285,16685524,-9999,17103442,17479119,17463007,17145177,17448394,16877984,17432968,16954144,17384997,17885228,17627703,17130346,15988315,16696169,16304104,16296365,17237071,16306315,16078073,15228258,15360087,15855199,-9999
11,06,16873762,16853505,16984643,16874831.2,-9999,16701496,17397936,-9999,16893929,-9999,-9999,17117817,-9999,16475731,17109476,16566839,16539657,16617402,16849578,17077149,17298053,16476533,16808565,16828408,17212676,16827024,16719731,16348858,16604323,-9999,17004798,17366189,17300067,17050122,17353070,16826250,17362383,16903008,17282956,17846406,17529361,17057213,15909979,16576943,16142891,16137172,17174786,16211117,16009926,15233599,15261631,15754220,-9999
11,07,16796161,16779827,16889781,16770762,16896412,-9999,-9999,16825733,-9999,16942266,17023117,-9999,16092398,16390925,17024133,16499084,16470768,16535090,16779281,17006695,17221107,16414442,16731371,16751744,17114033,16773740,16631358,16239413,16532422,16992372,16951675,17257669,17187403,16922879,17229245,16742259,17306031,16817122,17149353,17743635,17418755,16969817,15771830,16454155,16012390,16064532,17066253,16123457,15931103,15228413,15169284,15656486,-9999
11,08,16726623,16695371,16796569,16679894.8,-9999,16534732,17266117,-9999,16721545,-9999,-9999,16930565,-9999,16299358,16942217,16447196,16421723,16444121,16714251,16913302,17120968,16331782,16646413,16659130,17023048,16678968,16560538,16135570,16398096,16948609,16914425,17118695,17076440,16793847,17074022,16611790,17277526,16721072,17057501,17680264,17327376,16873727,15618229,16309343,15978055,15955855,17001528,16012260,15886856,15225664,15073619,15585271,-9999
11,09,16664402,16607286,16701470,16588288.4,16681229,-9999,-9999,16723970,-9999,16863561,16903947,-9999,15943465,16203678,16888483,16370898,16362118,16410203,16597629,16808509,16991056,16267905,16575759,16560173,16924996,16574514,16490260,16058159,16259022,16859470,16905235,17023564,17028641,16594042,16889538,16479791,17230706,16652408,16955883,17629904,17239146,16807469,15441515,16190920,15906559,15828374,16901321,15919528,15838851,15225784,14990245,15537670,-9999
11,10,16595051,16503586,16608172,16467959.2,-9999,16283719,17135690,-9999,16670714,-9999,-9999,16767403,-9999,16132692,16827011,16273397,16302043,16336894,16492266,16698701,16832551,16162682,16501938,16446374,16828950,16433460,16409401,15998135,16173199,16782759,16844776,16959428,16964598,16436918,16762282,16406557,17139211,16547287,16875407,17574402,17089069,16735498,15249442,16029009,15807973,15632294,16801932,15858290,15763911,15188710,14926384,15480081,-9999
11,11,16516631,16406955,16516418,16324092.1,16387042,-9999,-9999,16641451,-9999,16673586,16748948,-9999,15788278,16034660,16762214,16189114,16183344,16281974,16380930,16621181,16652986,16060465,16438594,16354331,16751487,16344256,16337194,15949156,16044209,16699537,16784861,16900194,16882937,16277842,16644554,16369030,16988434,16477049,16756307,17424261,16936325,16686864,14996997,15846058,15685951,15442675,16685263,15780819,15662932,15140088,14870295,15396336,-9999
11,12,16432285,16296578,16419698,16192676.1,-9999,16045785,16965577,-9999,16513766,-9999,-9999,16602974,-9999,15936397,16657271,16118938,16045919,16109965,16248740,16511556,16484543,15959352,16372987,16271410,16658990,16302316,16276806,15904480,15909378,16608013,16693742,16814197,16780816,16148805,16524519,16310364,16903277,16346287,16662433,17295583,16803537,16630735,14754731,15688313,15528701,15313164,16593885,15699819,15591145,15100270,14783025,15320345,-9999
11,13,16340571,16189254,16313027,16062902.5,16082585,-9999,-9999,16494597,-9999,16540986,16614648,-9999,15553360,15807177,16588413,16045551,15868340,15952036,16168301,16427361,16346077,15875538,16287857,16177047,16552577,16237401,16186512,15846115,15781982,16545301,16564146,16744359,16654186,16000365,16406650,16184921,16872649,16178876,16586006,17176252,16652234,16572908,14469366,15510324,15433827,15176583,16522547,15556848,15555545,14987244,14673385,15221489,-9999
11,14,16228826,16094466,16190751,15929556,-9999,15841487,16748070,-9999,16298707,-9999,-9999,16392858,-9999,15690738,16481941,15955782,15786575,15894869,16099941,16316901,16212970,15792405,16192818,16057412,16440052,16150717,16076826,15756934,15599668,16348650,16391387,16647628,16533722,15863497,16312879,16049034,16829254,15980921,16461065,17050165,16527486,16503457,14254593,15344850,15292551,15051218,16456263,15475235,15509138,14845248,14539726,15081784,-9999
11,15,16114008,15990184,16055584,15877230.333333334,15900705,-9999,-9999,16327524,-9999,16288534,16354090,-9999,15266586,15588591,16344009,15870878,15710103,15757511,16030404,16249995,16052434,15716510,16057846,15949556,16311949,16065528,15959999,15657430,15469534,16242004,16229941,16553614,16367911,15747001,16158738,15912416,16794063,15798661,16319375,16943816,16396726,16387766,14097448,15176184,-9999,14981034,16350115,15311711,15432080,14732661,14433621,14933447,-9999
11,16,16017074,15868609,15931495,15678381.7,-9999,15562051,16477905,-9999,16053258,-9999,-9999,16228928,-9999,15517371,16205210,15757206,15572262,15622282,15952760,16150776,15884465,15599559,15908448,15848461,16220036,15927039,15814011,15542599,15301999,16055084,16103774,16456758,16292396,15621477,16051936,15776621,16720866,15720184,16182677,16784397,16274158,16289540,13911676,15022171,14976699,14901449,16264166,15150381,15319538,14561447,14280206,14793618,-9999
11,17,15917515,15746946,15808569,15543644.5,15613098,-9999,-9999,16176292,-9999,16027235,16386909,-9999,15034560,15482951,16069797,15631524,15465392,15492487,15871257,16043607,15711410,15487058,15785887,15717259,16110920,15784180,15684076,15465099,15154674,15865673,15961714,16362955,16195200,15483882,15927229,15629874,16612632,15569455,16076680,16710375,16096339,16159677,13728295,14848030,14823192,14811770,16165938,14951539,15222664,14395609,14160800,14612933,-9999
11,18,15794479,15605203,15647234,15426260.7,-9999,15273453,16176869,-9999,15766052,-9999,-9999,16028760,-9999,15428057,15921243,15517050,15321217,15342196,15747490,15915764,15537621,15359969,15611993,15563065,15999055,15653662,15538365,15368265,15000491,15696808,15806854,-9999,-9999,15378138,15818834,15475049,16556872,15387650,15945836,16598401,15972545,16072677,13618342,14679030,14746888,14684366,16086652,14815216,15101649,14241661,13986581,14458915,-9999
11,19,15667881,15458995,15471098,15295958.9,15310299,-9999,-9999,16027810,-9999,15733882,16111477,-9999,14715351,15362716,15762270,15382094,15199476,15190734,15596360,15753329,15332367,15270058,15434957,15386969,15894239,15531458,15412599,15266787,14883067,-9999,-9999,15973594,-9999,15254878,15684078,15289451,16448319,15227673,15803133,16505422,15892264,15980104,13443895,14502015,14611843,14544921,15970537,14657295,14932178,14117748,13862778,14288098,-9999
11,20,15536918,15304610,15322570,15152705.7,-9999,15020612,15868698,-9999,15450322,-9999,-9999,15875720,-9999,15235670,15636781,15261119,14996963,14987603,15453355,15613133,15107736,15163288,15246418,15220319,15788745,15468543,15290078,15144131,14651236,15384504,-9999,15854409,15648865,15109262,15560429,15141924,16294610,15060410,15651879,16407537,15800656,15860564,13239201,14310629,14519428,14382143,15834068,14487537,14780920,13966913,13769275,14114779,-9999
11,21,15393103,15142866,15160602,15005997.2,15054551,-9999,-9999,15835688,-9999,15513530,15791684,-9999,14352306,15112738,15490990,15114447,14843025,14732305,15295495,15461747,14939491,15054757,15046459,15018215,15641882,15395279,15151022,14998845,14572859,15322922,15292889,15629912,15532333,14985363,15475668,14981337,16199947,14900996,15456440,16273751,15693300,15712879,13083541,14143378,14371525,14224215,15675481,14332873,14630636,13799822,13620341,13961285,-9999
11,22,15234079,14996438,15029842,14879599.6,-9999,14728926,15506398,-9999,15076889,-9999,-9999,15661264,-9999,15000135,15339265,14972967,14585390,14593432,15169308,15325663,14811424,14929899,14853966,14840125,15530032,15325143,15015343,14857350,14430550,15210588,15183344,15362310,15269154,14865669,15326814,14873426,16117490,14777112,15279538,16145569,15574718,15635573,12998302,13988752,14214175,14064767,15492670,14132722,14475888,13630119,13485231,13810102,-9999
11,23,15079409,14852495,14883585,14743817.7,14782868,-9999,-9999,15595147,-9999,15177294,15364563,-9999,13937521,14860227,15211171,14859115,14387893,14470590,15039748,15189702,14678887,14809307,14616633,14690643,15424020,15217526,14854240,14700571,14212473,15064581,14985631,15239790,15084283,14759837,15187157,14772509,16004609,14684599,15112136,15954498,15467093,15516918,12896355,13811974,14078844,13911151,15290448,13977951,14311462,13479913,13395830,13661396,-9999
11,24,14929156,14700468,14735648,14590377.6,-9999,14351477,15176032,-9999,14728620,-9999,-9999,15428904,-9999,14718100,15087034,14705282,14234551,14320050,14898953,14982249,14500333,14691705,14447252,14513378,15297284,15118921,14671670,14574078,14038997,14907413,14832348,15033103,14874512,14653210,15059480,14677324,15881361,14552797,14948022,15794064,15334750,15250041,12736966,13647714,13987722,13770339,15140747,13785322,14106439,13278045,13254319,13513463,-9999
11,25,14771687,14540348,14580827,14443371.3,14415077,-9999,-9999,15281690,-9999,14872272,15048357,-9999,13618333,14559910,14983755,14568768,14047949,14195705,14770986,14771169,14332724,14529989,14247705,14336967,15158327,15011955,14491418,14453739,13853597,14773564,14695980,14827712,14697044,14558616,14908557,14505985,15734132,14472674,14733439,15655964,15184148,15023767,12616192,13548459,13863811,13601127,14932709,13630525,13925748,13099372,13078470,13365611,-9999
11,26,14602317,14365177,14425247,14291313.1,-9999,13941731,14849581,-9999,14228173,-9999,-9999,15156260,-9999,14350853,14851614,14415698,13868191,14033493,14597110,14597569,14151610,14362625,14014852,14167157,15039706,14819456,14319681,14338861,13718505,14589979,14556080,14619164,14488501,14434928,14804781,14350300,15574015,14347438,14492060,15584462,15053043,14931739,12460979,13339051,13715786,13414558,14732214,13483992,13785314,12932207,12921802,13181169,-9999
11,27,14429698,14181018,14250515,14152250.2,14012601,-9999,-9999,15045668,-9999,14505045,14725635,-9999,13244989,14162458,14714345,14247265,13661012,13900960,14441783,14465006,13953973,14163962,13745045,13977172,14883188,14618082,14097629,14185346,13592319,14417592,14357152,14355544,14201325,14313738,14668143,14205088,15453139,14187014,14298193,15483149,14916000,14772654,12318519,13251876,13567967,13273991,14537072,13350166,13592677,12792616,12749736,13031378,-9999
11,28,14248991,13996130,14069634,13990512.2,-9999,13609352,14400586,-9999,13795356,-9999,-9999,14873190,-9999,13983832,14561211,14008323,13448284,13771718,14225251,14315077,13742210,13947124,13597919,13827597,14660557,14425559,13910474,14037054,13476449,14260724,14166406,14105858,13951648,-9999,14530401,14040928,15248166,14054336,14092500,15305671,14735077,14623064,12116756,13143351,13433174,13153027,14309198,13167319,13418909,12597474,12633520,12891299,-9999
11,29,14062175,13824840,13904090,13813331.1,13720729,-9999,-9999,14834884,-9999,14147453,14315462,-9999,12915686,13812644,14449117,13786294,13207151,13671476,14067376,14154093,13514372,13733615,13528036,13637273,14492634,14242370,13805002,13907622,13347298,14147117,13947951,13957438,13740774,-9999,14370533,13882012,15086539,13936625,13850444,15137862,14554874,14424479,11913271,12958268,13262841,13008108,14186477,13018602,13236095,12381705,12550591,12743479,-9999
11,30,13863230,13642242,13754438,13645133.7,-9999,13243334,14016108,-9999,13156917,-9999,-9999,14478266,-9999,13648169,14279250,13597225,13048706,13484263,13894794,13942146,13314903,13524681,13326280,13478067,14331220,14077355,13721316,13736246,13234581,13952853,13672270,13774291,13553649,13924856,14235749,13673506,14933215,13787446,13712560,14964076,14323086,14271710,11697965,12800102,13099117,12862060,14068170,12846828,12974980,12077097,12427209,12563903,-9999
12,01,13673432,13443537,13560234,13472610.1,13427270,-9999,-9999,14499144,-9999,13822607,13876484,-9999,12501015,13547223,14131742,13349983,12843301,13322798,13725056,13687022,13094081,13337262,-9999,13313422,14109782,13916144,-9999,13543469,13119950,13774732,13497547,13589138,13322356,13798126,14053151,13473109,14708616,13683711,13529782,14744080,14189115,14077859,11508508,12641063,12964613,12678754,13906968,12663951,12747239,11760283,12298154,12351925,-9999
12,02,13495602,13242994,13359418,13290772.3,-9999,12894935,13652373,-9999,12559077,-9999,-9999,14149503,-9999,13459801,13951147,13174400,12682153,13114819,13549617,13418174,12875414,13141539,12846715,13168886,13879989,13752631,13016939,13362884,12982839,13523052,13312333,13356414,13135272,13705271,13891189,13245680,14434315,13619358,13361571,14543241,14073138,13829453,11318272,12436677,12783074,12508624,13734595,12485131,12533443,11447043,12104428,12141783,-9999
12,03,13306833,13047863,13137221,13101291.4,13153473,-9999,-9999,14163804,-9999,13434794,13456457,-9999,12265127,-9999,13735580,12971386,12503577,12966386,13369754,13139599,12637160,12967958,12664981,13041206,13619433,13568574,12707323,13140421,12861297,13302625,13145221,13092815,12881136,-9999,13701870,13047684,14247592,13561680,13153661,14344276,13970059,13622244,10999093,12268927,12583720,12261662,13569347,12268419,12315751,11115727,11911695,11926241,-9999
12,04,13095927,12842234,12947187,12892453.4,-9999,12489848,13252282,-9999,12023702,-9999,-9999,13831752,-9999,-9999,13554873,12767212,12280629,12786729,13157134,12846755,12356526,12817609,12553394,12893005,13343343,13387218,12587330,12947957,12726381,13062908,12994528,12860435,12586867,13424892,13536862,12839479,14072741,13489454,12846201,14141688,13848684,13225671,10787419,12120353,12383503,12008820,13399576,12018929,12067840,10898400,11688881,11716989,-9999
12,05,12880682,12636108,12761185,12702925.8,12825794,-9999,-9999,13773731,-9999,12894738,13055443,-9999,11822951,-9999,13406165,12526478,12098483,12558175,12986871,12575268,12097170,12680413,12318252,12759325,13096703,13190423,12466499,12752207,12563375,12822843,12818313,12488907,12347681,13317189,13420488,12641025,13841117,13345224,12650298,13961876,13715607,13038704,10615432,11957767,12135632,11767601,13172971,11794467,11886798,10631709,11511047,11502831,-9999
12,06,12669033,12423153,12558354,12543740.1,-9999,11988805,12747557,-9999,11509010,-9999,-9999,13528961,-9999,-9999,13259697,12264850,11861209,12336512,12770602,12325581,11840542,12541706,12083379,12599630,12876683,12995690,12231040,12568906,12415613,12567027,12658865,12169212,12059747,13193457,13250346,12434061,13663841,13208652,12516630,13806088,13607760,12929795,10450939,11732275,11959349,11562072,12976456,11596726,11655336,10395224,11369327,11364625,-9999
12,07,12450665,12219532,12346994,12360791.6,12358961,-9999,-9999,13320675,-9999,12459461,12557330,-9999,11538114,-9999,13100984,11976056,11648208,12071347,12593954,12181465,11608696,12410533,11833194,12427507,12636082,12784330,11985410,12354302,12275324,12331462,12480206,11888885,11828665,13084148,13075231,12239782,13423289,13063763,12355255,13599970,13479087,12766434,10249836,11540343,11783026,11346913,12766209,11392176,11454378,10178640,11138886,11178800,-9999
12,08,12347053,12023848,12123960,12149930.5,-9999,11431936,12153296,-9999,11037536,-9999,-9999,13230364,-9999,-9999,12946329,11737117,11488831,11887135,12432211,11922852,11415418,12216565,11581279,12267275,12419547,12607370,11759681,12111926,12136940,12136437,12315211,11558643,11480147,12987767,12830542,12036009,13131743,12957493,12174244,13393469,13310438,12546973,9976242,11298579,11637064,11073060,12537752,11187391,11203492,9931403,10993440,11000245,-9999
12,09,12143441,11834955,11898952,11922308.9,12011108,-9999,-9999,12926471,-9999,11999862,12079758,-9999,-9999,-9999,12789160,11513014,11360943,11687160,12232437,11719858,11234878,12028598,11341558,12104196,12200722,12439195,11485296,11885210,11995786,11895692,12059560,11220651,11229798,12882575,12663054,11822902,12934759,12787863,11960146,13173826,13117611,12346670,9720337,11073108,11320251,10788518,12316944,11041283,10912996,9709754,10778962,10851151,-9999
12,10,11945345,11635463,11671378,11660336.9,-9999,10837907,11700186,-9999,10639127,-9999,-9999,12918015,-9999,-9999,12636200,11272403,11226293,11468472,12024414,11378172,11107057,11821067,11110017,11948209,12021554,12249379,11175289,11663038,11834203,11736238,11869973,10834746,10967473,12756392,12499903,11645266,12679697,12616948,11672985,12968401,12933959,12025994,9398098,10846934,10981865,10478488,12125061,10876411,10606223,9492296,10553941,10682052,-9999
12,11,11548969,11406226,11466471,11407967.1,11596245,-9999,-9999,12569405,-9999,11562976,11655178,-9999,10150101,-9999,12446256,10956478,11013578,11269023,11728886,11052913,10904142,11625555,10840592,11747642,11797473,12082458,10922040,11436814,11638959,11566250,11612803,10541977,10697226,12627466,12323012,11460673,12475371,12429005,11517975,12655019,12789274,11678220,9078802,10589960,10628551,10237494,11942952,10673562,10244970,9298126,10364464,10514371,-9999
12,12,11344049,11183159,11255379,11185550.5,-9999,10316109,11214949,-9999,10161471,-9999,-9999,12566912,-9999,-9999,12288194,10682043,10732744,11064945,11395085,10868956,10732925,11419200,10582259,11528194,11604124,11903157,10676437,11210392,11496108,11364025,11312117,10256189,10453654,12499027,12180502,11288352,12291893,12263962,11370076,12448402,12661358,11332587,8769622,10331360,10408184,9978061,11729429,10456031,9969804,9122835,10162187,10291204,-9999
12,13,11130704,10967959,11044313,10957857.2,11450578,-9999,-9999,12163963,-9999,11138743,11155478,-9999,9969893,-9999,12087768,10389310,10466384,10875888,11125321,10695116,10543461,11194226,10335296,11356318,11408624,11678958,10426807,10965203,11334211,11126332,10959614,9951806,10224525,12386168,12085643,11096650,12056116,12035513,11128540,12311709,12507378,11036749,8519734,10075206,10130804,9776823,11486261,10175358,9598705,8995405,9993030,10103474,-9999
12,14,10915971,10736951,10824696,10741639.6,-9999,9766585,10663546,-9999,9705058,-9999,-9999,12230430,-9999,-9999,11863388,10104340,10165508,10687868,10833123,10583872,10315692,10983083,10045193,11148629,11179454,11427086,10184297,10741146,11137287,10860146,10630215,9674880,10022539,12232276,11946051,10912420,11811637,11938761,10894492,12184142,12361151,10751941,8278712,9841342,9816575,9537643,11214792,9868996,9327160,8834721,9806718,9877720,-9999
12,15,10691475,10489306,10600683,10521680.7,11010927,-9999,-9999,11703850,-9999,10613786,10788836,-9999,9819410,-9999,11586150,9819740,9951339,10472885,10561730,10266305,10153699,10785260,9718629,10915486,10941290,11126432,9918596,10499875,10927917,10629652,10361175,9460613,9809080,12112357,11719491,10712603,11568875,11794170,10613042,12061625,12192641,10520094,8047850,9554909,9543325,9320276,10997592,9555180,8998758,8668593,9618437,9607399,-9999
12,16,10512268,10215365,10368428,10314007,-9999,9048043,10244499,-9999,9204891,-9999,-9999,11734584,-9999,-9999,11315056,9426378,9704844,10206600,10272132,9851413,9953284,10597163,9433724,10681161,10649904,10803425,9655164,10240292,10783812,10373463,9973820,9246107,9577754,12007082,11463842,10497278,11278015,11585193,10397996,11949512,11976845,10298371,7881165,9279781,9366098,9127094,10704899,9335012,8784622,8478977,9425363,9337484,-9999
12,17,10239037,9950404,10137706,10031423.8,10206992,-9999,-9999,10915253,-9999,10055133,10268618,-9999,-9999,-9999,11090857,9127207,9503330,9992787,10016320,9340639,9807224,10415316,9186858,10385912,10360894,10494759,9430385,10034953,10621228,10115798,9568513,9076104,9317126,11891694,11244652,10285268,10910346,11172621,10100770,11809591,11763804,10091201,7685353,9073908,8757038,8949606,10453614,9134251,8557303,8353523,9237145,9084392,-9999
12,18,9978334,9643400,9904687,9785000.6,-9999,8403160,9829441,-9999,8793053,-9999,-9999,11103988,-9999,-9999,10879965,8858535,9364093,9048657,9717331,9092827,9602750,10182717,8966662,10182680,10072916,10203368,9218801,9833530,10476439,9838541,9142059,8902805,9027786,11724462,11037813,10063944,10572918,10679750,9856742,11567972,11528237,9937709,7529128,8884241,8547808,8745501,10182976,8880564,8227576,8243900,9009720,8844635,-9999
12,19,9600225,9396772,9668865,9600245.4,9736028,-9999,-9999,10200794,-9999,9528572,9755006,-9999,8798057,-9999,10622394,8628204,9193902,8938629,9400608,8848859,9398642,9861791,8719660,9915226,9780169,9910236,8975947,9594907,10253409,9560413,8880955,8657237,8780643,11538278,10810894,9861268,10310855,10837276,9615512,11343259,11307952,9817719,7313591,8697988,8284049,8474253,9913692,8519394,7964828,8116646,8790716,8514830,-9999
12,20,9366594,9151201,9439557,9371961.8,-9999,7823576,9182170,-9999,8318054,-9999,-9999,10511292,-9999,-9999,10387381,8471966,9079760,8837937,9141174,8553456,9206654,9510081,8495917,9545788,9492688,9648553,8714251,9371360,9995585,9349337,8606409,8363684,8540831,11328333,10594309,9706071,10082721,10513513,9389657,11101243,11123859,9676216,7149895,8471516,7996790,8214208,9639088,8212996,7716336,7981877,8552111,8336002,-9999
12,21,9138677,8932901,9220154,9129810.8,9274153,-9999,-9999,9580664,-9999,9069481,9272525,-9999,8651860,-9999,10122889,8300971,9017610,8716889,8881043,8344708,9018029,9274271,8304525,9175310,9228204,9368421,8512379,9205297,9767542,9143764,8426505,8014889,8332737,11131843,10399436,9562403,9749548,10217139,9209202,10875304,10874869,9510804,7008635,8209819,7693619,7949169,9362031,7866674,7477185,7871190,8348102,8105116,-9999
12,22,8909342,8714893,9020452,8897810.4,-9999,7214439,8668315,-9999,7875699,-9999,-9999,9943865,-9999,-9999,9941253,8133494,-9999,8563505,8673243,8057678,8857430,9140997,8095286,8903725,9027960,9114214,8329886,9043750,9493570,8958550,8252888,7718089,8180484,10917569,10149685,9356264,9462529,9931122,8959842,10645589,10659442,9339504,6880140,8002101,7404381,7693454,9082193,7582750,7213643,7754498,8191901,7863382,-9999
12,23,8697537,8518898,8811503,8674296.5,8781807,-9999,-9999,8965089,-9999,8619246,8756308,-9999,8327722,-9999,9819106,7963990,-9999,8395432,8465959,7832403,8730621,9043946,7848775,8635186,8800363,8917398,8161444,8876386,9254242,8757715,8080753,7389118,8017662,10712690,9949465,9115497,9244450,9746030,8733750,10354647,10459266,9171245,6701414,7833028,7078498,7420637,8774185,7362209,6900043,7609930,8033648,7643033,-9999
12,24,8488982,8293205,8618514,8223816,-9999,6798646,8143084,-9999,7582278,-9999,-9999,9439505,-9999,-9999,9655159,7808442,-9999,8211470,8186366,7624928,8499241,8914550,7622860,8292072,8555844,8731513,8038221,8671083,8995036,8578914,7937313,7135205,7873836,10526175,9671955,8943837,8972771,7491916,8444525,10083656,10299205,8879109,6441674,7644358,6775143,7205803,8480490,7060761,6631796,7467586,7902801,7457758,-9999
12,25,8133566,8066281,8422591,8169368.5,8401502,-9999,-9999,8410452,-9999,8134937,8315965,-9999,8015010,-9999,-9999,7663556,-9999,8047223,7927042,7406404,8254035,8786055,7370042,7960889,8282461,8562381,7875797,8473859,8776496,8329406,7743440,6945349,7731134,10361272,9425516,8743552,8681872,8863822,8232852,9776651,10130798,8721087,6285842,7480446,6478034,7042281,8110738,6858114,6384548,7320458,7724844,7331044,-9999
12,26,7944332,7831868,8232866,7982938.9,-9999,6557747,7602598,-9999,7272307,-9999,-9999,9017445,-9999,-9999,-9999,7517035,-9999,7845960,7562238,7309382,8059090,8637240,7116696,7596415,8011229,8348562,7692077,8250081,8657814,8124530,7558730,6763848,7543792,10189836,9203108,8556415,8337425,8807898,7996554,9576914,9981958,8521432,6131715,7311654,6259869,6903970,7780882,6702613,6122432,7171238,7570869,7194697,-9999
12,27,7761702,7616280,8045176,7792309.4,7874217,-9999,-9999,8067807,-9999,7796143,7975262,-9999,7574968,-9999,-9999,7370267,7727413,7528133,7243255,7160536,7885944,8471726,6916517,7303718,7772399,8153155,7506985,8056643,8472871,7926773,7340270,6625489,7381268,9958188,8910767,8325443,8068976,8540315,7819881,9397130,9867677,8252664,5988099,7133874,6065577,6788901,7496270,6610482,5877882,7034936,7415803,7080326,-9999
12,28,7604737,7423982,7832806,7612634.2,-9999,6296849,7172296,-9999,6974151,-9999,-9999,8579532,-9999,-9999,7731202,7233242,7618828,7248873,6984866,7040064,7802626,8315978,6740227,7023966,7550207,7914185,7322127,7845716,8305283,7705885,7184680,6470187,7195710,9741159,8655990,8154063,7781155,8369147,7627124,9240228,9742246,7958673,5891625,6953593,5908432,6654119,7227329,6477690,5666647,6874988,7317437,6902996,-9999
12,29,7446834,7234316,7636889,7425072.7,7520754,-9999,-9999,7780462,-9999,7441550,7564423,-9999,7303805,-9999,7617220,7104321,7543879,6977803,6748861,6913248,7687614,8162642,6543992,6779240,7299715,7686164,7117076,7639199,8017238,7552788,7061948,6324307,6954899,9484618,8350352,7950978,7502506,8139816,7404899,9012584,9612209,7706078,5812645,6779276,5760637,6520077,7066841,6323967,5408516,6709370,7235464,6694624,-9999
12,30,7271728,7054987,7432828,7231619.4,-9999,6151527,6794519,-9999,6734681,-9999,-9999,8164266,-9999,-9999,7460029,6952018,7424608,6799157,6564310,6838954,7566996,7995886,6344014,6556022,7012167,7447756,6945048,7415277,7798604,7399095,6939652,6161484,6796761,9307273,8063533,7618535,7160834,7988320,7192509,8765611,9453626,7474439,5687501,6618584,5617569,6357201,6919571,6154023,5144973,6543370,7097655,6482163,-9999
12,31,7082905,6877456,7244904,7058874.2,7226951,-9999,-9999,7411424,-9999,7157540,7052926,-9999,6967955,-9999,7284665,6817852,7206194,6651240,6356817,6765703,7441107,7852772,6188089,6383473,6744195,7184973,6774273,7165560,7559108,7285346,6788158,5966830,6635500,9095888,7861103,7399060,6935330,7826674,7044914,8539566,9345615,7214573,5556992,6488552,5423435,6213091,6750425,5943311,4911644,6358914,6961236,6281964,-9999