Month,Day,1980's Average,1990's Average,2000's Average,2010's Average,1978,1979,1980,1981,1982,1983,1984,1985,1986,1987,1988,1989,1990,1991,1992,1993,1994,1995,1996,1997,1998,1999,2000,2001,2002,2003,2004,2005,2006,2007,2008,2009,2010,2011,2012,2013,2014,2015,2016,2017,2018,2019,2020,2021,2022,2023,2024,2025,2026
01,01,13838002,13479932,12884425,12340321.9,-9999,-9999,13890179,14010179,-9999,14002238,-9999,-9999,13635157,-9999,-9999,13848513,13696862,13177676,13601647,13635290,13588390,13705438,13243587,13253554,13521500,13375378,12984484,12980377,13131650,13142332,13009467,12573869,12642784,12629637,12637938,12555408,12548660,12278751,12746295,12362561,12420072,12504555,12234960,12074998,11945173,12287194,12432220,12160008,12696772,12167483,12637492,11911370,11829781
01,02,13894654,13507159,12933153,12386321.2,-9999,14499634,-9999,-9999,14230411,-9999,13763644,13718969,-9999,13763912,-9999,13874317,13746582,13224667,13636365,13660720,13591669,13731865,13254989,13294751,13550772,13379210,13008681,12987105,13135816,13213231,13030016,12624615,12689716,12669943,12630839,12610057,12572785,12350377,12786647,12327112,12505424,12469040,12237239,12136492,12023268,12454828,12474725,12131326,12789563,12220639,12737484,11897520,11908088
01,03,13956651,13548447,12979517,12435984.5,-9999,-9999,13880504,14157492,-9999,14020475,-9999,-9999,13805046,-9999,-9999,13894274,13790126,13271443,13674884,13692573,13637084,13790370,13257953,13387106,13597063,13385867,13063695,12998505,13160276,13297755,13071916,12697433,12773901,12745512,12656911,12686802,12608343,12410650,12787376,12377539,12544012,12491973,12268261,12264044,12083316,12524331,12526837,12178953,12769428,12292486,12810901,11869778,11984721
01,04,14025305,13591262,13025972,12473204.8,-9999,14529352,-9999,-9999,14359859,-9999,13850219,13867724,-9999,-9999,-9999,13913358,13842731,13322429,13693468,13728864,13679170,13822362,13270676,13500630,13646964,13405321,13117605,13052543,13211848,13394164,13123645,12825798,12830318,12799596,12737679,12770635,12661599,12469886,12752679,12428738,12519283,12511398,12288437,12370038,12139838,12590152,12577322,12241307,12795659,12365778,12886126,11867678,12023465
01,05,14083638,13641693,13073337,12517070.7,-9999,-9999,-9999,14307901,-9999,14210171,-9999,-9999,13870860,-9999,-9999,13920890,13901651,13346490,13746346,13794819,13731802,13824343,13301302,13608379,13704601,13457196,13180820,13157899,13242345,13493198,13172405,12872165,12855238,12830948,12781769,12794572,12693917,12564657,12761430,12487178,12529679,12583928,12331357,12423574,12169409,12625578,12602251,12328458,12847424,12406592,12975115,11868125,12116237
01,06,14126244,13689257,13116894,12561587.2,-9999,14615161,-9999,-9999,14533008,-9999,13909592,14030879,-9999,-9999,-9999,13943796,13960640,13400054,13752858,13848245,13779630,13840395,13350627,13675077,13750601,13534444,13233240,13250466,13302943,13571020,13152013,12887212,12815784,12844393,12852098,12850810,12766882,12606948,12834052,12582524,12545921,12617633,12443565,12389576,12167899,12660872,12621025,12389015,12942686,12462579,13063864,11989519,12251540
01,07,14165180,13722489,13166041,12590353.4,-9999,-9999,-9999,14308356,-9999,14331069,-9999,-9999,13904508,-9999,-9999,14019242,14016293,13416425,13817203,13884490,13806006,13845711,13349796,13710585,13770694,13607682,13295965,13360806,13367255,13621914,13135591,12876476,12793118,12876798,12899238,12933309,12837291,12595426,12897220,12664391,12562469,12582720,12508001,12336453,12208279,12711284,12658673,12457073,12983233,12542345,13170459,12137393,12375677
01,08,14211925,13763992,13206788,12615619,-9999,14668845,-9999,-9999,14682370,-9999,13929509,14100805,-9999,-9999,-9999,14097130,14069040,13477670,13885889,13927532,13884441,13847096,13364288,13723724,13794568,13665675,13352030,13463562,13403699,13634360,13158498,12881031,12808337,12886280,12934452,13028372,12866721,12566744,13010014,12683362,12582981,12572767,12592257,12328881,12237852,12714611,12699873,12521006,13031072,12622201,13195830,12231744,12427924
01,09,14248750,13807015,13254035,12660986.6,-9999,-9999,-9999,14404212,-9999,14366428,-9999,-9999,14032745,-9999,-9999,14180266,14132719,13547252,13958253,13961747,13937279,13880908,13369751,13744801,13817612,13719829,13401556,13542758,13422311,13607670,13230091,12919327,12873821,12836925,12972214,13128277,12916283,12596125,13120429,12704685,12637354,12585887,12658347,12326247,12279544,12784965,12676988,12618437,13055899,12651666,13198390,12299071,12462698
01,10,14275316,13851768,13289116,12716597.2,-9999,14793147,-9999,-9999,14733425,-9999,13987329,14081753,-9999,-9999,-9999,14267171,14180093,13646169,13993389,14009728,13997317,13932865,13366874,13770265,13867321,13753659,13443920,13603718,13447908,13605515,13282635,12957583,12914174,12757050,13006345,13189273,12983826,12569551,13177771,12822218,12746905,12614229,12759085,12336636,12311903,12843848,12664374,12680523,13088660,12654282,13217630,12360065,12511724
01,11,14289704,13897130,13323718,12773173.6,-9999,-9999,-9999,14351678,-9999,14296700,-9999,-9999,14263298,-9999,-9999,14318597,14208723,13732296,14031013,14065035,14057471,14001886,13381910,13769043,13926527,13797398,13475605,13628050,13493940,13663599,13359311,12989292,12905224,12725785,13080988,13242631,13055023,12609635,13234453,12889845,12847766,12691710,12851838,12397029,12331714,12822723,12710538,12674081,13105510,12686243,13242419,12399919,12569109
01,12,14321332,13939465,13357576,12816065.6,-9999,14943518,-9999,-9999,14766370,-9999,13948256,14078170,-9999,-9999,-9999,14377164,14219131,13822884,14057736,14125408,14088496,14019742,13420175,13800994,13992515,13847571,13490546,13628665,13569485,13738147,13426926,12991851,12914327,12779363,13107448,13251227,13108972,12688277,13316476,12960039,12897282,12797534,12878297,12378580,12368693,12766506,12813537,12788480,13121353,12712404,13269177,12431833,12618527
01,13,14389859,13984146,13391870,12848062.5,-9999,-9999,14499275,14443421,-9999,14386385,-9999,-9999,14417248,-9999,14412666,14422418,14224184,13898760,14060826,14232503,14140867,14030517,13485511,13838971,14023769,13905549,13512419,13635276,13625851,13766935,13491578,13015855,12948756,12871354,13156393,13324677,13150730,12744938,13278795,13003476,12927003,12896657,12885912,12357702,12431482,12803930,12835393,12879279,13104331,12721330,13289648,12464419,12585345
01,14,14446923,14022152,13446337,12897740.8,-9999,15013708,-9999,-9999,14853237,-9999,13989830,14218774,-9999,-9999,14459009,14540181,14240376,13924131,14080609,14365097,14192521,14061582,13496346,13860498,14063173,13937189,13546967,13661353,13723014,13831765,13517986,13035372,12970668,12961708,13231528,13429347,13226639,12849921,13255298,13057235,12939224,12977552,12899639,12387965,12478187,12905748,12919142,12943114,13115735,12757879,13317566,12507726,12550774
01,15,14481697,14054389,13493118,12952548.6,-9999,-9999,14607200,14538916,-9999,14492102,-9999,-9999,14538007,-9999,14507624,14521040,14246463,13979421,14114187,14465775,14219931,14086008,13527700,13852595,14115172,13936636,13602714,13720729,13791380,13892192,13483290,13078301,12943895,13050900,13270654,13519773,13272669,12919156,13208256,13140084,12982086,13054778,12909668,12421026,12629413,12988350,13014754,13003003,13166073,12799213,13351931,12531323,12528978
01,16,14517793,14086178,13538353,12994845.8,-9999,15017527,-9999,-9999,14945722,-9999,13962804,14290391,-9999,14478854,14536156,14554505,14257632,14013610,14088307,14578572,14262704,14113672,13573229,13864613,14162650,13946792,13678411,13769786,13831907,13947914,13502393,13161695,12892108,13125919,13293834,13598264,13272034,12963808,13123560,13247598,13059648,13139419,12933952,12496927,12663756,13047756,13063241,13085288,13215234,12880116,13366226,12573701,12518673
01,17,14561142,14127684,13586512,13018592,-9999,-9999,14679052,14673864,-9999,14671520,-9999,-9999,14618331,-9999,14583905,14593428,14298503,14015220,14159560,14665656,14323692,14147183,13609330,13917003,14205702,13934986,13743886,13839800,13901468,14012307,13538101,13214382,12850606,13210005,13330134,13605824,13264670,12947972,13087285,13314884,13102299,13158985,12954168,12603241,12674512,13077904,13120139,13151810,13257415,12943544,13382734,12594812,12543065
01,18,14604837,14176870,13626683,13039918.4,-9999,15180029,-9999,-9999,14980165,-9999,13932795,14429157,-9999,14562755,14599488,14647031,14380792,14055178,14262749,14703306,14353614,14207390,13639222,14013696,14248360,13904390,13792086,13921692,13979154,14089471,13584649,13226354,12813728,13272152,13364474,13647454,13304485,12941642,13095543,13298441,13159881,13210842,12943232,12646417,12700746,13097955,13174294,13175387,13287169,12968100,13367219,12642643,12594468
01,19,14655020,14211380,13662810,13082870.9,-9999,-9999,14824192,14816077,-9999,14827557,-9999,-9999,14683356,-9999,14622925,14709451,14448465,14082370,14322502,14725454,14374374,14232049,13666058,14063933,14305159,13893436,13850208,13983612,14037697,14167368,13637114,13213065,12798275,13351745,13388002,13741111,13336339,12978268,13124999,13324370,13218010,13235356,12967619,12768815,12725133,13149800,13260794,13129485,13305834,12974712,13344617,12682073,12587528
01,20,14694661,14246930,13699875,13113311.1,-9999,15299855,-9999,-9999,14934486,-9999,14062933,14494340,-9999,14736657,14628595,14754961,14496433,14129989,14382418,14763846,14343765,14262667,13731496,14125268,14333441,13899977,13884268,14033704,14093719,14228061,13669905,13232993,12779137,13396215,13395581,13709146,13356040,12992283,13177285,13344986,13262167,13223023,13001206,12868867,12700524,13206730,13292492,13121542,13329577,12992933,13420157,12693877,12619339
01,21,14744586,14287687,13738144,13150144,-9999,-9999,14945569,14845747,-9999,14958511,-9999,-9999,14768268,-9999,14646135,14793464,14529765,14180179,14445672,14793006,14352254,14298472,13808914,14158853,14364831,13944924,13941450,14069303,14144187,14231637,13688977,13224620,12801559,13446733,13475975,13675627,13359198,13031210,13271991,13346127,13288509,13251496,13054936,12974030,12681615,13242328,13332633,13157659,13416763,13022831,13522414,12786155,12652675
01,22,14790602,14321095,13771697,13187943,-9999,15448542,-9999,-9999,14991766,-9999,14275733,14561053,-9999,14919367,14663579,14828654,14553589,14222414,14478123,14830917,14415983,14318426,13860161,14184015,14394514,13952805,14024445,14105380,14176382,14097847,13720961,13209681,12900915,13489248,13644929,13679048,13374502,13043193,13360244,13379353,13360790,13329257,13086547,13002764,12685952,13256828,13382493,13211843,13549290,13040398,13579190,12869959,12685516
01,23,14835232,14355513,13796679,13227455.6,-9999,-9999,14948910,14860603,-9999,15108617,-9999,-9999,14895513,-9999,14681420,14854512,14550765,14280874,14503727,14885822,14544003,14299213,13879358,14200263,14416427,13994676,14093867,14129957,14184700,13980435,13761633,13282190,13011974,13586667,13796118,13676993,13360505,13093610,13403808,13407022,13420238,13387581,13106124,13081165,12722492,13292011,13472422,13279808,13579632,13058615,13617026,12904336,12706479
01,24,14865088,14390678,13826934,13275344,-9999,15383641,-9999,-9999,15141290,-9999,14327044,14742819,-9999,15046410,14665595,14878558,14565949,14323131,14533709,14943486,14606467,14316521,13904019,14210282,14469341,14033879,14168587,14146852,14181610,13976739,13756482,13369193,12978310,13672392,13875728,13666375,13413617,13138566,13419798,13490711,13449896,13385153,13150589,13172031,12800678,13332401,13491629,13309048,13510077,13079922,13636070,12929078,12738261
01,25,14892317,14420009,13869499,13313955.1,-9999,-9999,14922949,14951461,-9999,15101341,-9999,-9999,14908941,-9999,14632725,14916221,14570714,14326292,14563068,14998048,14662246,14309881,13934642,14203699,14539498,14092004,14259221,14174820,14224855,14012402,13701172,13412883,12954089,13704837,13915021,13649713,13466484,13190329,13419569,13597107,13533763,13365565,13190106,13216098,12813943,13346587,13527040,13322479,13472305,13106264,13611311,12961988,12770123
01,26,14927068,14449206,13904422,13328335,-9999,15381584,-9999,-9999,15308393,-9999,14456241,14818413,-9999,15138444,14650291,14928147,14580449,14303911,14584048,15055189,14704318,14350280,13938051,14219540,14611963,14144315,14337074,14203839,14272256,14048109,13733011,13407837,13080135,13666301,13934128,13694645,13480855,13275880,13435930,13659895,13557735,13330821,13220330,13138957,12812742,13370205,13563010,13337334,13498008,13122193,13565013,12991765,12799196
01,27,14970633,14502222,13939440,13335790.4,-9999,-9999,14911112,15045694,-9999,15118398,-9999,-9999,14981611,-9999,14754536,14937986,14628235,14327679,14637686,15104845,14763548,14397697,13972283,14241720,14715634,14232889,14372908,14230012,14330527,14162289,13822655,13397772,13174239,13654338,13971738,13720718,13449632,13372960,13455059,13657014,13542499,13329480,13227113,13077599,12796939,13449609,13569681,13379952,13521976,13130493,13543913,13031392,12882026
01,28,15019479,14540199,13978476,13347675.9,-9999,15429755,-9999,-9999,15492500,-9999,14554501,14923998,-9999,15221484,14837704,14942308,14679848,14336256,14695280,15091932,14824999,14412153,14027164,14255418,14792423,14286520,14415105,14278872,14381713,14226604,13845655,13443599,13257906,13693179,14035312,13765371,13435612,13441905,13451393,13632459,13511482,13365802,13218625,13103750,12837742,13477989,13592834,13408580,13603400,13149548,13540136,13001821,12971815
01,29,15050695,14588000,14021279,13375114.4,-9999,-9999,15017996,15192931,-9999,15248122,-9999,-9999,14928730,-9999,14914116,14933689,14755071,14386170,14728639,15080596,14859148,14450789,14104680,14337348,14859331,14318231,14460845,14316417,14442343,14225673,13839483,13543139,13253214,13723046,14064512,13835684,13476013,13493092,13446359,13647269,13527214,13421780,13246144,13123492,12894925,13474856,13625071,13428030,13697419,13130281,13519317,12945057,13063098
01,30,15078152,14627246,14063086,13416251.8,-9999,15440732,-9999,-9999,15534179,-9999,14613110,14906058,-9999,15296898,14961569,14918071,14817487,14414866,14783884,15058940,14909777,14460747,14123552,14422228,14923643,14357333,14479088,14365327,14512837,14239566,13807917,13601280,13275030,13735572,14049342,13871295,13550808,13502767,13452829,13654861,13566829,13503573,13284828,13181000,12965511,13499512,13686680,13477429,13758979,13101552,13558754,12840373,13146337
01,31,15101390,14658476,14090842,13451829.5,-9999,-9999,15118633,15297197,-9999,15338506,-9999,-9999,14961143,-9999,14995797,14928354,14845695,14427397,14844155,15034359,14932990,14493347,14158347,14490039,14970919,14387510,14486444,14404220,14573670,14338746,13805751,13561315,13372044,13751295,14013408,13926652,13605721,13547327,13469693,13643193,13616702,13546452,13317455,13216664,13075211,13479877,13734882,13531281,13784893,13148982,13573665,12812016,13176753
02,01,15111680,14683122,14111820,13470278.5,-9999,15498134,-9999,-9999,15541969,-9999,14655840,14832890,-9999,15367591,15008151,14943602,14882512,14430139,14876182,15015404,14931551,14510945,14205380,14553966,15007403,14417740,14487530,14439553,14647283,14422648,13809664,13556978,13478900,13785327,14026271,13947998,13647166,13583515,13455503,13608319,13641307,13571368,13308481,13305056,13155320,13426750,13771405,13554224,13785795,13245030,13549771,12823734,13204111
02,02,15132429,14710673,14140164,13510652,-9999,-9999,15231232,15269286,-9999,15385235,-9999,-9999,14932287,-9999,15016817,14951322,14911246,14423410,14894888,15008459,14968153,14566767,14234168,14623179,15045117,14431342,14523372,14452145,14710235,14441989,13834932,13602999,13546479,13808252,14065415,13957738,13641747,13632313,13535833,13671179,13682025,13564364,13309937,13370485,13251377,13447260,13770924,13604908,13813478,13346431,13600473,12820223,13255745
02,03,15159813,14738355,14163946,13523750.666666666,-9999,15432826,-9999,-9999,15585002,-9999,14754946,14943544,-9999,15394434,15029791,14961105,14919473,14397309,14901468,14986436,14985783,14613204,14305847,14721079,15084627,14468325,14562731,14436559,14702962,14401562,13916031,13626968,13613308,13803331,14114890,13954700,-9999,13667956,13537472,13761389,13682126,13623866,13370134,13365643,13276778,13428392,13770577,13673946,13848371,13427895,13654535,12833197,13294194
02,04,15181054,14762962,14179678,13537949.333333334,-9999,-9999,15322929,15294756,-9999,15450031,-9999,-9999,14972865,-9999,14999326,14984863,14905918,14384949,14882847,14997438,14994594,14651434,14388633,14799671,15125149,14498987,14590986,14413775,14688823,14354903,13959084,13593606,13651766,13788020,14176168,13985082,-9999,13662274,13558126,13782681,13681685,13665358,13417505,13336973,13303213,13433729,13770861,13723437,13869564,13473396,13662416,12817240,13342925
02,05,15207771,14784614,14199368,13541684.111111112,-9999,15293710,-9999,-9999,15592629,-9999,14815132,15034261,-9999,15451592,14966373,14999243,14885361,14387093,14895853,15038261,14980794,14698641,14473023,14829884,15147068,14510159,14626364,14402443,14686075,14364589,13997817,13520079,13656800,13726703,14304637,14019491,-9999,13638157,13539775,13752404,13692451,13696293,13461104,13323424,13329683,13441866,13853440,13736730,13906765,13510413,13682460,12831998,13405003
02,06,15228254,14815785,14227647,13581906,-9999,-9999,15465234,15334920,-9999,15494207,-9999,-9999,15102008,-9999,14952474,15027308,14894365,14418244,14895523,15089035,14973028,14756131,14556979,14874010,15152231,14548301,14660722,14428894,14689051,14369890,14027753,13521584,13661187,13728000,14340780,14111891,13768984,13628251,13568822,13762682,13713981,13661255,13560967,13347490,13293392,13513236,13939559,13740292,13857320,13543846,13730916,12805598,13459580
02,07,15241341,14842598,14255426,13592834.6,-9999,15480584,-9999,-9999,15555417,-9999,14736228,15121711,-9999,15505813,14935337,15076943,14907609,14456077,14908609,15144410,14965615,14775208,14626038,14900945,15120181,14621289,14679818,14466418,14688715,14369237,14076322,13604880,13684585,13789841,14342250,14226769,13768908,13634832,13662902,13830923,13666843,13641321,13601644,13351114,13250852,13519007,13989242,13764486,13960490,13596519,13790232,12806385,13472662
02,08,15242921,14865661,14289346,13623555.7,-9999,-9999,15434213,15322989,-9999,15490653,-9999,-9999,15319698,-9999,14911799,15110699,14965539,14518068,14880349,15206976,14991476,14768940,14676403,14902153,15085537,14661164,14682017,14508070,14689886,14438923,14157418,13736023,13705700,13842650,14336774,14297733,13800153,13636918,13731963,13932090,13669885,13704298,13603941,13357719,13241477,13557113,14017548,13761907,14024475,13578510,13849694,12813048,13507483
02,09,15240610,14881482,14318070,13649668.3,-9999,15579369,-9999,-9999,15503551,-9999,14651487,15117226,-9999,15486884,14905385,15105767,15031712,14560865,14845742,15245727,14993581,14748437,14698932,14899757,15070501,14719569,14669425,14537751,14725117,14470922,14234377,13778011,13753416,13852281,14349505,14325669,13824198,13649678,13756675,14006542,13688619,13783832,13612599,13366971,13199637,13607932,14033312,13774514,13849623,13525897,13922541,12867935,13513742
02,10,15253169,14895987,14342008,13659700,-9999,-9999,15557427,15204900,-9999,15519658,-9999,-9999,15422068,-9999,14913703,15099377,15092224,14620615,14832331,15258210,14996178,14713283,14671550,14927657,15074661,14773164,14657147,14570711,14742783,14464302,14316070,13752048,13777635,13906008,14380862,14322056,13823756,13657543,13785494,14016644,13678391,13839883,13546847,13371617,13227366,13649459,14012340,13831212,13808348,13450060,14028085,12930726,13506039
02,11,15256262,14910653,14359931,13673793.3,-9999,15867217,-9999,-9999,15540205,-9999,14709601,15116649,-9999,15503506,14930960,15062411,15124796,14700799,14806680,15271883,15015623,14703205,14657287,14951271,15067341,14807645,14640251,14624543,14780237,14504880,14391075,13737061,13850616,13959531,14403758,14268929,13854085,13673886,13857694,14058321,13633069,13869333,13481905,13350835,13263605,13695200,13992038,13853676,13804085,13468290,14055218,12999233,13538344
02,12,15264583,14922974,14381261,13705705.8,-9999,-9999,15535800,15234759,-9999,15545056,-9999,-9999,15378895,-9999,14954908,15008991,15110856,14764227,14872966,15238326,15001169,14699306,14640474,14995947,15082554,14823917,14625004,14666753,14804838,14533559,14426852,13753646,13891583,13999615,14377721,14239081,13923884,13716435,13914164,14122711,13606990,13889313,13461801,13397611,13268427,13755722,13939657,13884635,13805612,13572811,14106316,13051529,13570988
02,13,15286798,14934722,14404699,13756684.4,-9999,15900140,-9999,-9999,15561936,-9999,14887510,15150180,-9999,15505257,14980586,14986306,15082478,14815490,14949174,15167062,15015032,14686335,14632642,15042267,15112883,14843855,14593351,14740541,14841848,14579269,14438047,13754175,13887352,14001721,14350958,14237149,13991922,13776731,13944095,14176366,13630738,13902604,13546428,13436564,13300888,13860508,13903299,13886614,13863122,13645577,14113647,13104073,13595947
02,14,15303122,14935496,14423895,13810924.3,-9999,-9999,15628393,15214524,-9999,15661170,-9999,-9999,15393819,-9999,15005456,14933219,15041731,14842936,14964607,15128620,15011484,14666578,14619581,15084334,15139878,14855209,14571190,14799960,14867089,14620216,14457816,13817298,13870298,14029415,14287947,14289783,14054621,13807752,13998993,14215442,13700630,13916858,13572323,13546701,13342060,13953863,13930708,13909170,13949255,13738528,14091877,13195171,13600697
02,15,15321420,14955442,14431340,13851469,-9999,16043169,-9999,-9999,15624511,-9999,14949262,15164852,-9999,15545765,15013698,14933585,15080144,14879510,15000968,15145490,15001764,14659463,14620198,15134135,15175167,14857579,14525968,14851879,14908858,14682247,14445907,13931554,13839477,14058806,14236455,14315111,14115574,13872639,14029251,14229214,13739569,13942060,13620885,13673982,13346013,13945503,13994194,13974043,14002413,13757481,14004434,13289338,13624054
02,16,15342846,14971204,14442379,13872531.7,-9999,-9999,15661746,15249416,-9999,15738828,-9999,-9999,15417156,-9999,15037716,14926613,15119692,14902608,15008607,15153065,14983718,14670952,14644846,15157783,15188672,14882097,14525657,14885982,14937900,14741327,14466906,14005573,13850319,14044467,14243550,14359355,14177081,13907088,14062490,14242024,13795307,13883835,13666867,13709174,13361998,13919453,13979513,13978817,14047511,13715197,13924489,13303249,13638105
02,17,15369278,14995478,14466840,13867943.5,-9999,16003740,-9999,-9999,15691692,-9999,15013175,15148627,-9999,15656086,15080652,14942292,15174783,14929109,15014935,15168115,14988589,14705975,14689986,15157089,15216084,14910111,14547515,14914996,14990913,14794676,14487003,13952645,13840400,14038307,14273322,14421548,14220886,13920876,14116673,14222483,13811369,13770330,13611662,13723104,13355141,13926911,13952752,13875310,14009030,13657886,13945796,13264637,13646521
02,18,15398636,15019481,14483743,13870988.9,-9999,-9999,15771486,15285013,-9999,15745046,-9999,-9999,15451815,-9999,15146113,14970577,15189978,14984154,15025006,15235788,15018838,14703472,14729533,15122679,15255121,14930238,14606090,14916599,15012671,14801304,14536093,13868287,13792039,14033442,14318477,14458196,14230353,13932956,14141013,14164431,13823911,13774725,13547054,13730632,13402286,13962528,13955872,13771850,13993270,13656212,14004172,13296998,13653540
02,19,15428082,15029095,14497565,13893434.5,-9999,15986377,-9999,-9999,15790311,-9999,15069399,15141301,-9999,15722029,15183177,15027615,15203213,15021256,15029175,15230248,15035473,14683621,14781703,15066621,15297490,14942148,14652472,14905267,15032192,14824519,14570793,13814486,13757107,14050408,14379429,14412506,14212404,13941872,14133535,14113242,13935082,13789853,13577466,13778754,13439935,14012202,13984579,13748191,14048223,13714810,14086340,13269942,13681712
02,20,15454582,15039710,14506672,13913336.9,-9999,-9999,15743892,15359525,-9999,15824872,-9999,-9999,15512324,-9999,15221092,15091806,15189773,15037240,15055881,15213333,15072797,14663036,14839101,15035969,15326712,14963258,14709637,14871445,15031555,14862677,14563085,13840022,13769109,14127015,14404268,14331850,14176615,13931643,14099288,14123664,14035877,13820107,13603479,13777530,13479711,14085455,14099241,13752226,14113858,13768963,14148972,13265209,13712660
02,21,15484146,15055204,14528382,13938119,-9999,15974788,-9999,-9999,15892716,-9999,15074348,15135803,-9999,15758710,15302086,15130543,15209505,15063940,15052844,15230887,15087501,14679527,14889658,15012205,15361909,14964062,14769619,14873624,15025717,14887892,14530562,13861383,13804668,14145579,14487163,14285131,14171744,13919301,14091316,14157569,14078919,13866218,13586985,13784671,13556973,14167494,14182140,13760259,14142086,13826011,14199637,13288262,13678671
02,22,15512514,15061778,14543005,13959098.9,-9999,-9999,15783236,15419939,-9999,15912959,-9999,-9999,15537757,-9999,15374718,15137934,15209044,15077397,15054932,15211356,15108924,14694004,14877249,15011948,15409767,14963163,14798604,14869602,14999762,14911647,14578120,13882574,13809238,14149894,14555301,14248785,14239724,13933410,14079354,14177162,14064566,13900685,13593241,13812136,13596151,14194560,14226335,13754975,14179783,13866421,14252729,13340794,13546863
02,23,15534036,15070165,14554798,13982323.2,-9999,16115057,-9999,-9999,15951471,-9999,15133433,15133253,-9999,15837459,15411364,15146513,15240569,15104871,15042212,15215539,15120060,14707750,14830153,15003727,15468381,14968385,14817292,14889731,14964326,14903460,14594691,13974105,13797290,14193772,14637735,14227543,14282268,13946489,14150040,14229324,14017261,13910147,13630119,13839032,13662634,14155918,14171323,13748553,14393951,13839512,14274684,13324124,13488209
02,24,15562166,15068498,14568609,13999198.4,-9999,-9999,15792688,15399423,-9999,16012169,-9999,-9999,15595564,-9999,15490453,15164566,15315827,15140934,15018288,15146798,15115184,14737921,14745800,15003221,15488494,14972513,14815869,14938537,14944647,14881483,14595119,14065255,13792214,14209677,14687235,14292907,14292490,13928535,14206024,14346338,14000104,13912852,13780109,13807125,13643404,14075003,14097689,13701350,14155314,13829526,14224068,13311138,13519342
02,25,15579264,15063872,14583293,14000818.5,-9999,16218389,-9999,-9999,16022054,-9999,15178767,15227611,-9999,15849543,15557658,15177923,15384957,15191941,15001329,15050773,15101539,14761894,14678089,15000213,15487702,14980279,14809339,14992621,14908268,14876681,14572565,14137616,13770769,14192363,14710737,14343339,14226170,13882070,14242212,14429912,13989356,13931097,13877194,13772990,13638724,14018460,14082564,13671553,14116197,13839917,14203749,13332463,13600651
02,26,15589395,15051412,14598435,14010907.4,-9999,-9999,15748206,15375200,-9999,15977011,-9999,-9999,15657901,-9999,15581460,15216897,15458395,15155738,14987517,15005589,15092578,14773013,14645086,15001999,15417006,14977194,14798224,15035693,14893196,14894112,14539827,14196844,13775804,14132940,14692089,14406699,14204716,13901948,14306167,14468241,13997404,13928438,13867055,13763520,13676223,13995362,14168505,13733361,14144377,13910609,14230972,13320243,13619247
02,27,15602024,15042917,14617474,13997426.1,-9999,16276080,-9999,-9999,16022369,-9999,15258782,15353652,-9999,15761762,15611061,15234518,15524608,15122359,14959533,15056882,15110971,14764881,14643294,15008259,15298493,14939892,14795083,15075883,14887556,14906355,14562253,14246271,13850601,14095959,14705756,14514485,14193212,13872857,14312192,14474775,14013962,13835558,13912310,13719038,13681440,13958917,14295372,13841660,14168950,13968157,14274007,13295191,13569719
02,28,15585370,15030001,14644851,14017602,-9999,-9999,-9999,-9999,-9999,15883977,-9999,-9999,15629201,-9999,15651909,15248239,15579579,15041614,14930656,15112862,15151634,14766575,14647575,14999858,15196499,14873158,14816882,15112837,14911797,14947514,14599366,14254357,13920406,14104059,14728787,14570530,14241040,13910042,14341651,14505117,14025372,13818317,13942507,13750131,13727837,13914006,14352319,13942270,14134366,13981505,14246894,13313014,13534856
02,29,15576328,15029070,14646472,14045708,-9999,-9999,-9999,-9999,-9999,-9999,15154311,-9999,-9999,-9999,15668933,-9999,-9999,-9999,14906854,-9999,-9999,-9999,14654645,-9999,-9999,-9999,14795037,-9999,-9999,-9999,14603540,-9999,-9999,-9999,14741033,-9999,-9999,-9999,14132584,-9999,-9999,-9999,13958832,-9999,-9999,-9999,14348226,-9999,-9999,-9999,14130251,-9999,-9999
03,01,15567285,15028139,14648092,14053385.5,-9999,16208764,-9999,-9999,15992977,-9999,-9999,15349535,-9999,15645869,15694714,15268305,15637236,15000868,14893962,15176557,15165643,14755071,14674450,15012477,15167289,14797837,14810909,15154282,14915794,14996117,14565509,14287503,13922172,14113363,14750207,14612031,14290110,13933134,14527794,14513370,14046933,13827443,13924194,13802013,13759813,13909051,14386278,14039075,14145130,14010137,13998946,13310739,13493713
03,02,15548902,15020511,14656162,14063970,-9999,-9999,-9999,-9999,-9999,15745313,15105145,-9999,15655808,-9999,15720716,15293141,15642880,14951237,14872805,15203187,15188920,14758149,14689955,15002948,15159071,14735956,14860418,15175742,14925671,15045225,14517627,14328229,13927418,14105548,14733116,14657047,14352595,13940958,14597917,14486388,14085173,13798149,13880276,13787843,13736896,13973505,14412259,14059161,14161043,14118477,13990565,13353077,13496796
03,03,15530259,15011983,14665261,14071496.5,-9999,16169831,-9999,-9999,15980000,-9999,-9999,15208167,-9999,15565634,15750648,15287340,15611146,14912411,14890141,15219673,15185148,14785738,14711708,14937176,15161854,14704830,14877971,15192228,14939410,15046655,14487738,14313165,13969948,14090896,14714425,14624422,14417939,13939904,14695947,14413498,14126893,13738251,13824457,13813380,13729800,14014896,14447641,14087832,14147122,14123550,14049100,13373045,13549479
03,04,15530043,15010772,14669452,14069613.5,-9999,-9999,-9999,-9999,-9999,15660719,15079770,-9999,15653814,-9999,15772076,15257392,15620275,14891173,14878587,15244460,15203225,14770999,14745968,14910072,15169041,14673916,14879867,15187177,14937947,14974494,14472036,14338653,13962215,14119598,14674769,14605621,14487816,13953776,14699717,14346195,14178931,13688997,13789796,13829477,13690835,14030595,14435822,14124139,14129028,14102960,14107767,13419460,13591903
03,05,15569642,15009067,14663658,14071848.5,-9999,16185003,15831679,-9999,16164088,-9999,-9999,15261709,-9999,15453548,15795747,15216337,15591199,14878008,14892789,15284333,15133982,14741752,14775638,14895467,15211959,14685544,14880484,15149615,14922194,14910017,14489358,14362270,13977011,14161531,14678203,14630165,14570683,13986978,14641183,14306961,14222704,13664797,13792369,13858609,13629925,14044276,14395557,14135332,14147279,14071273,14149373,13505666,13600650
03,06,15526272,15017343,14668582,14092953.3,-9999,-9999,-9999,15245140,-9999,15633359,15175984,-9999,15603700,-9999,15812132,15183384,15579607,14887163,14894932,15336162,15098762,14735009,14813902,14891843,15239624,14696421,14864895,15113439,14945650,14906674,14542557,14396073,13977517,14117223,14697617,14629617,14628476,14055713,14664947,14310915,14255140,13660208,13796993,13878287,13612333,14066521,14345802,14123160,14144141,14060710,14161604,13515457,13680799
03,07,15523175,15030038,14670348,14108530.2,-9999,16172675,15842995,-9999,16077381,-9999,-9999,15208704,-9999,15377938,15825643,15143601,15602387,14907999,14936577,15349285,15054911,14722425,14821673,14909243,15282952,14712930,14835191,15080666,14974929,14872253,14600145,14396094,13993394,14066743,14701679,14602865,14642787,14084320,14709086,14357700,14204128,13659416,13858745,13866340,13609296,14093484,14290131,14159590,14154298,13992336,14177360,13500914,13757098
03,08,15521543,15031950,14668648,14100108.9,-9999,-9999,-9999,15302000,-9999,15686954,15183658,-9999,15680174,-9999,15857708,15096419,15651220,14919955,14956608,15359465,15015556,14698918,14814107,14902737,15271177,14729758,14806288,15076578,15000418,14867564,14639752,14386909,14041807,14097040,14740184,14514188,14651636,14108351,14606557,14415406,14083339,13649869,13921066,13818836,13628280,14117749,14281584,14163510,14148240,13979617,14257169,13525091,13730749
03,09,15509510,15040061,14660963,14078835.2,-9999,16149278,15789127,-9999,16002076,-9999,-9999,15210432,-9999,15308372,15850147,15020371,15682309,14969541,14952439,15369599,14981476,14704066,14779039,14908353,15277403,14776388,14787914,15073589,15013561,14840512,14647827,14383923,14094562,14157809,14774776,14397715,14624650,14081760,14517561,14438968,14015926,13629197,13898483,13770819,13660514,14150474,14296768,14204377,14107370,13975242,14308774,13592513,13647553
03,10,15508745,15044281,14661907,14080823.2,-9999,-9999,-9999,15341447,-9999,15839524,15124901,-9999,15670493,-9999,15873276,14994219,15716873,14975854,14949323,15372014,14956070,14691163,14756709,14942125,15269212,14813462,14816815,15076593,15031367,14796811,14701388,14353440,14132380,14197410,14742000,14388141,14600737,14046271,14510422,14469133,14025724,13623768,13855406,13742120,13740450,14194201,14292368,14237433,14045898,13930638,14368472,13626926,13643245
03,11,15516866,15029145,14651766,14109379.6,-9999,16047387,15728413,-9999,15744682,-9999,-9999,15358644,-9999,15345441,15860109,14991277,15730963,14967808,14920734,15364309,14913620,14665986,14730164,14973207,-9999,14826390,14802141,15086905,15039932,14788812,14681407,14364817,14130061,14196136,14722875,14364348,14597552,13966372,14574254,14504502,14118547,13648280,13871056,13781624,13780135,14251474,14286701,14219764,13974379,13864729,14411099,13645228,13672068
03,12,15538815,15025920,14634152,14133874.4,-9999,-9999,-9999,15417454,-9999,15962777,15219180,-9999,15704409,-9999,15841133,14985159,15733821,14998768,14924542,15408854,14929734,14590358,14722761,15013880,15127323,14809156,14788769,15114403,15033367,14829013,14595539,14372532,14093225,14127125,14737269,14364331,14576683,13927474,14571356,14507780,14233829,13695914,13900558,13847241,13806788,14271121,14266701,14145795,13937753,13840625,14399022,13633734,13708246
03,13,15538753,15015090,14617648,14135137,-9999,16024092,15637462,-9999,15697553,-9999,-9999,15581410,-9999,15422477,15783126,14957850,15705655,15017462,14925820,15376811,14950961,14533421,14697689,15029720,15110984,14802374,14778572,15132914,15052472,14823850,14461154,14337912,14033550,14082187,14735503,14357029,14586580,13946449,14577896,14502463,14300508,13686416,13872861,13815668,13837866,14224663,14279066,14075320,13918840,13840169,14383924,13631891,13679234
03,14,15516079,15005844,14600087,14139582.4,-9999,-9999,-9999,15425074,-9999,16008852,15241062,-9999,15636488,-9999,15679339,14937367,15660245,14994848,14932096,15340012,14990049,14509412,14671836,15058998,15101541,14799399,14744399,15142199,15041493,14824576,14379133,14261290,13946852,14062545,14699188,14363703,14574021,14023787,14571781,14523635,14305537,13686287,13837007,13835579,13853284,14184906,14281147,14025551,13903035,13814108,14370887,13670612,13692505
03,15,15484053,14991942,14571819,14157891.4,-9999,16035059,15254664,-9999,15660811,-9999,-9999,15730412,-9999,15480419,15566009,14929309,15580384,14965638,14952909,15317995,15001062,14502238,14643170,15066665,15087696,14801664,14665850,15158615,15008720,14871000,14356777,14203986,13874040,13984351,14642910,14387681,14549416,14077419,14666311,14515044,14329192,13724438,13874820,13818067,13875677,14148530,14285316,14030884,13890266,13785740,14334263,13669925,13665479
03,16,15489989,14974321,14549389,14158039.6,-9999,-9999,-9999,15377393,-9999,15844815,15350064,-9999,15554060,-9999,15521463,14928027,15477772,14975476,14940146,15246652,14997125,14519508,14611671,15094726,15061857,14818281,14624268,15165628,14943778,14920898,14366369,14161264,13793641,13923807,14614339,14438209,14578497,14127729,14693084,14481102,14388611,13755789,13881869,13705959,13874375,14093381,14270983,14086582,13848863,13776616,14308685,13680727,13613744
03,17,15462634,14958665,14535884,14134184.8,-9999,16083966,-9999,-9999,15637498,-9999,-9999,15720285,-9999,15438728,15497555,14907068,15390117,14976664,14940886,15185808,14960726,14538345,14566437,15122710,15064716,14840238,14615763,15157027,14910275,14964936,14378320,14099099,13777136,13953278,14577607,14453126,14563394,14103571,14680936,14496951,14419194,13720322,13841505,13607502,13891190,14017283,14275509,14124156,13854068,13779913,14282646,13684594,13554215
03,18,15434584,14942576,14529956,14118736.9,-9999,-9999,-9999,15259145,-9999,15748045,15337130,-9999,15454483,-9999,15460243,14929134,15270357,14974114,14939188,15131280,14908932,14593914,14534354,15162290,15034970,14876365,14617033,15154390,14886578,15025256,14402336,14047437,13776953,13920784,14584816,14506408,14578071,14018908,14679976,14466557,14437490,13708005,13902527,13556324,13833573,14005938,14209562,14144629,13852544,13785922,14301968,13669208,13480307
03,19,15421033,14942277,14510562,14097585.9,-9999,16081545,-9999,-9999,15604269,-9999,-9999,15722499,-9999,15322874,15452403,14985018,15211065,14965806,14976846,15130731,14871424,14623914,14552267,15168705,15014193,14907822,14612257,15091181,14845777,15032460,14399563,13967095,13773179,13828332,14606866,14489925,14557983,13922168,14684086,14433861,14448299,13717193,13894079,13559936,13761282,13996972,14178358,14143205,13849489,13764978,14296564,13731044,13462120
03,20,15405578,14937929,14489976,14081762.7,-9999,-9999,-9999,15221923,-9999,15782128,15255484,-9999,15346120,-9999,15473251,14980197,15201389,14914198,14985872,15123719,14842546,14643716,14568860,15172860,14982609,14943524,14615228,15003192,14806686,15036576,14385734,13886862,13774012,13798817,14606284,14418697,14545411,13886537,14660610,14370783,14448416,13705999,13910563,13559152,13713053,14017103,14135924,14136874,13852104,13745640,14199306,13765448,13481290
03,21,15391637,14945313,14472686,14068839.2,-9999,16033599,-9999,-9999,15608061,-9999,-9999,15691579,-9999,15232914,15456374,14979051,15235332,14887424,15004822,15156630,14831731,14661854,14535636,15201820,14953048,14984830,14615159,14949120,14788138,15066086,14374684,13844442,13774868,13817518,14574178,14434695,14524826,13843563,14598826,14320881,14408834,13738377,13934154,13540842,13721567,14056522,14064688,14086529,13855441,13733464,14171657,13783274,13468387
03,22,15379721,14946146,14457911,14048819.9,-9999,-9999,-9999,15167101,-9999,15758749,15219312,-9999,15362681,-9999,15438562,14955779,15231113,14871137,15028348,15206746,14830809,14675096,14483541,15210078,14919859,15004729,14615936,14914671,14762818,15060359,14306585,13860797,13732415,13881287,14581568,14480626,14485590,13868002,14580823,14296935,14325446,13804766,13926152,13487799,13711450,14001236,14006955,14056105,13811539,13722974,14144255,13702406,13413917
03,23,15378066,14945568,14453316,14018030.2,-9999,15889596,15595013,-9999,15575163,-9999,-9999,15659424,-9999,15263472,15425124,14931478,15218145,14886038,15046659,15220545,14856510,14676609,14447262,15192692,14898319,15012899,14609802,14905375,14724851,15017780,14288207,13883165,13691625,13876195,14568359,14511110,14471768,13907241,14570399,14279667,14156064,13834885,13899979,13464033,13684699,13911567,13944190,14001819,13773579,13754683,14134943,13613708,13382233
03,24,15355559,14935928,14452277,13995594.9,-9999,-9999,-9999,15161284,-9999,15610752,15107168,-9999,15274915,-9999,15393657,14922911,15214362,14867721,15040309,15221170,14841233,14659334,14434184,15166313,14888396,15026259,14640220,14913458,14698721,15028052,14318151,13885741,13626235,13849118,14526906,14495814,14495070,13943171,14511727,14258791,14079938,13833407,13862037,13463820,13668115,13839873,13824816,13944193,13828173,13802157,14176149,13543818,13379704
03,25,15346444,14934417,14444356,13997365.4,-9999,15839198,15580687,-9999,15576307,-9999,-9999,15647638,-9999,15272095,15340182,14926934,15189438,14842544,15060708,15214683,14921820,14642287,14432521,15110585,14894686,15034900,14649694,14906080,14683103,15029415,14379170,13877881,13624051,13902552,14539295,14478688,14548159,13961763,14551367,14279279,14044187,13854379,13823186,13509359,13645538,13756437,13682550,13878980,13886202,13818460,14204338,13482067,13396264
03,26,15327143,14920178,14430605,13991485.1,-9999,-9999,-9999,15138180,-9999,15620402,15111058,-9999,15217441,-9999,15292484,14907748,15153179,14836344,15037338,15185942,14947894,14633695,14433055,15028007,14897193,15049133,14611474,14890961,14637644,15006826,14398143,13835745,13642435,13935159,14567704,14471974,14544494,13989664,14446978,14278819,14049815,13879573,13804225,13528354,13663549,13729380,13632064,13896651,13934105,13792813,14243320,13466017,13399402
03,27,15283785,14907957,14407275,13994705.5,-9999,15696935,15460318,-9999,15626503,-9999,-9999,15551794,-9999,15252897,15262574,14890980,15171997,14852680,14998918,15143250,14940259,14649449,14433346,14923115,14905108,15061450,14602965,14851415,14601131,14982272,14394437,13828610,13623513,13911435,14552333,14408320,14538277,13964251,14538454,14269566,14014943,13843980,13800077,13542425,13700128,13734954,13579397,13910836,13928364,13749615,14265094,13393260,13369525
03,28,15212097,14894980,14371112,13973028.2,-9999,-9999,-9999,15122262,-9999,15595892,15137537,-9999,14642793,-9999,15194790,14879374,15173545,14865213,14948763,15133529,14907292,14684081,14443576,14834548,14913079,15046172,14601724,14802555,14564676,14941412,14327529,13869492,13577008,13857708,14492839,14364481,14578276,13918997,14522357,14263115,13942676,13768370,13780860,13572036,13681496,13702099,13559443,13859104,13896526,13734910,14236148,13354862,13388753
03,29,15272523,14890939,14335337,13941476.5,-9999,15572887,15392821,-9999,15643777,-9999,-9999,-9999,-9999,15296132,15153747,14857301,15177400,14933584,14917855,15118620,14927546,14714759,14437721,14776559,14898545,15006799,14604404,14737535,14482055,14898454,14317077,13876762,13585891,13777606,14430112,14308423,14629433,13909849,14536378,14230610,13855013,13717170,13697343,13575600,13674556,13588813,13628026,13740020,13812400,13712718,14185840,13337398,13429494
03,30,15263335,14877250,14307405,13910878,-9999,-9999,-9999,15074878,-9999,15602991,15139242,-9999,-9999,-9999,15156578,14793592,15173259,14977155,14870306,15114114,14902156,14718165,14402820,14761972,14877997,14974551,14594527,14685518,14433411,14799553,14298083,13879025,13569042,13742342,14398058,14263057,14676136,13923636,14551105,14228134,13848958,13677291,13560921,13567480,13652018,13423101,13621422,13617681,13792570,13651756,14122206,13339602,13439119
03,31,15244575,14857052,14273790,13899747.4,-9999,15436829,15359631,-9999,15685894,-9999,-9999,-9999,-9999,15300540,15163466,14722524,15151787,15006463,14850460,15090598,14871629,14715957,14359865,14724198,14862718,14936844,14601559,14637397,14369541,14687712,14271527,13838113,13575600,13714811,14370732,14234871,14688540,13968366,14530807,14222135,13877174,13658140,13496200,13555773,13625158,13375181,13599874,13603614,13772277,13625068,14057320,13343037,13397069
04,01,15216776,14828785,14237137,13878860.8,-9999,-9999,-9999,15009285,-9999,15563301,15059390,-9999,-9999,-9999,15175691,14661525,15114507,15017441,14797588,15055224,14840404,14678344,14289392,14716522,14855769,14922663,14603224,14617766,14300775,14670170,14223567,13827984,13610775,13712061,14350528,14194095,14663290,13979155,14506073,14208301,13874338,13638921,13461256,13562063,13586994,13308217,13583490,13646310,13756778,13584825,13993747,13346266,13378773
04,02,15194179,14797769,14217016,13850479.3,-9999,15423514,15319305,-9999,15677163,-9999,-9999,-9999,-9999,15187504,15176583,14605863,15067008,15016785,14771612,15009551,14812597,14613623,14204002,14703263,14867226,14912024,14588417,14597650,14244437,14603436,14164659,13815764,13630757,13702257,14350769,14199750,14631573,13960404,14473797,14180865,13857492,13595387,13444757,13569774,13555616,13235128,13557918,13660162,13740335,13553466,13966154,13330504,13376128
04,03,15173697,14750890,14195231,13811024.5,-9999,-9999,-9999,14991104,-9999,15548063,15002882,-9999,-9999,-9999,15171676,14543320,15033121,15002853,14660688,14931461,14744295,14529065,14130590,14682409,14863954,14930468,14557371,14612722,14207154,14512060,14146065,13788327,13612650,13682740,14352578,14217181,14576733,13897025,14475148,14123153,13852747,13544795,13447985,13574811,13418227,13199621,13525457,13638109,13723922,13538589,13919247,13329557,13357559
04,04,15158269,14705079,14165204,13765419,-9999,15323832,15274266,-9999,15652489,-9999,-9999,15229112,-9999,15154335,15170027,14506997,14969173,14968411,14618609,14903611,14645243,14434440,14046995,14679163,14856487,14928654,14521585,14621312,14175531,14454886,14098079,13800877,13581248,13691179,14277545,14187079,14536963,13804858,14400009,14069454,13849934,13504260,13419920,13549488,13387430,13131874,13459304,13577294,13732681,13509783,13920304,13346435,13357912
04,05,15132024,14667662,14132913,13724724.3,-9999,-9999,-9999,14921296,-9999,15509754,14901296,-9999,-9999,-9999,15152550,14469044,14942314,14907916,14586512,14878361,14587120,14374328,14000758,14653585,14837256,14908474,14485929,14625248,14150658,14418881,14052330,13789783,13548547,13669367,14218355,14141123,14484771,13795631,14292576,13972156,13889732,13492824,13408667,13448164,13371769,13090953,13388020,13515358,13723026,13493073,13886417,13376741,13337378
04,06,15108720,14623340,14096877,13688987.7,-9999,15366062,15290554,-9999,15570124,-9999,-9999,15187959,-9999,-9999,15135608,14412698,14888377,14858473,14515132,14837213,14526261,14319112,13953843,14620217,14815570,14899197,14406436,14623915,14120417,14382737,14000975,13736466,13487446,13626825,14222240,14102148,14461722,13772273,14235937,13963435,13870023,13445888,13352092,13399856,13376062,13012589,13342605,13481210,13721528,13478042,13831671,13377450,13336070
04,07,15070144,14590636,14059805,13659540.5,-9999,-9999,-9999,14905881,-9999,15400199,14907199,-9999,-9999,-9999,15117563,14348609,14820488,14798883,14423746,14859276,14511889,14305463,13929011,14583334,14780488,14893783,14353205,14605677,14089017,14370999,13925845,13692322,13418093,13581251,14228491,14067640,14468298,13716982,14213160,13934531,13833873,13409765,13309256,13378503,13358472,12972565,13371025,13437346,13730429,13448600,13765779,13386745,13329363
04,08,15042583,14539553,14020701,13635200.4,-9999,15369465,15219255,-9999,15425840,-9999,-9999,15069667,-9999,-9999,15079970,14318331,14713919,14750452,14367801,14826850,14501738,14233911,13876312,14515810,14743909,14864824,14321304,14574134,14036147,14345967,13900370,13675545,13359794,13557577,14206860,14053642,14432701,13703095,14145950,13940516,13784522,13387030,13237712,13386967,13343374,12990137,13300719,13351917,13769672,13449960,13695528,13351257,13313406
04,09,14996078,14475265,13981604,13609285.5,-9999,-9999,-9999,14909032,-9999,15420974,14911918,-9999,-9999,-9999,15036819,14281869,14578918,14672612,14335823,14767754,14478033,14175698,13852176,14358694,14694924,14838017,14248941,14543878,13976935,14314094,13843717,13649161,13314368,13522757,14175616,14019704,14367954,13687482,14112020,13960644,13733392,13415661,13151679,13336632,13321482,13005909,13248209,13246057,13758247,13446107,13676370,13315999,13258023
04,10,14918019,14410924,13939174,13589946.9,-9999,15368572,-9999,-9999,15328979,-9999,-9999,14999386,-9999,14688831,14952355,14253818,14448748,14591431,14282487,14735674,14473551,14103271,13837172,14249928,14596099,14790875,14202365,14508003,13921667,14289591,13689205,13634594,13307124,13466116,14144327,14014161,14287426,13700525,14097001,13994111,13666289,13432330,13106111,13318904,13281980,13014792,13198416,13155026,13705549,13444071,13648008,13279784,13174990
04,11,14902968,14360192,13891127,13561679.4,-9999,-9999,-9999,14854252,-9999,15268394,14876993,-9999,-9999,-9999,14879242,14209381,14376671,14536655,14259839,14715579,14454402,14046131,13816941,14176465,14504350,14714882,14141092,14480858,13874531,14226409,13559823,13610067,13281894,13417675,14119385,14001139,14212176,13695758,14036206,13983948,13628682,13446594,13118881,13250484,13254107,12989958,13153514,13045774,13614404,13440868,13594148,13253946,13093898
04,12,14880416,14314016,13846137,13532576.7,-9999,15224290,-9999,-9999,15272698,-9999,-9999,15001065,-9999,14979998,14838731,14126990,14310892,14492221,14241034,14707438,14420256,13962598,13811098,14096634,14412111,14685880,14090501,14451766,13835330,14159363,13432157,13558817,13254428,13363717,14075589,13959725,14153288,13666839,14023911,13928267,13544538,13443962,13168647,13190656,13260267,12945392,13106131,13008146,13455903,13420470,13551648,13244389,13049975
04,13,14820779,14263912,13801616,13509517,-9999,-9999,-9999,14771271,-9999,15095857,14780924,-9999,14755220,-9999,14786607,14067469,14259264,14447281,14203027,14597587,14380553,13879343,13769154,14061186,14371611,14670111,14051016,14401451,13836026,14087078,13361704,13503041,13263844,13323081,14001677,13904044,14086679,13658417,14042525,13850285,13489773,13443635,13179840,13155325,13255427,12933264,13096906,13044823,13401498,13401191,13505616,13262888,13002964
04,14,14772121,14232122,13759161,13475801.3,-9999,15087767,-9999,-9999,15234833,-9999,-9999,14996602,-9999,14774119,14750743,13984433,14193463,14393963,14208367,14624468,14339620,13839697,13726158,14011251,14333633,14650595,13996536,14351422,13815532,14027670,13260878,13496408,13281645,13284802,13911214,13904341,14087966,13637101,14054158,13729976,13475017,13402324,13157670,13120623,13197260,12895918,13091552,13137035,13385328,13388899,13408409,13257797,12956969
04,15,14737571,14186661,13720684,13435042.9,-9999,-9999,-9999,14693127,-9999,14912952,14640387,-9999,14766983,-9999,14721584,13892500,14101222,14373082,14230747,14611449,14288673,13744924,13662601,13947216,14287111,14619582,13970005,14285327,13797571,13957258,13190922,13454569,13296888,13234676,13838156,13896746,14067606,13604755,14050530,13644681,13427583,13355159,13134117,13119114,13125342,12821542,13060075,13220419,13376321,13361327,13319477,13227345,12924781
04,16,14725516,14142135,13680162,13400172.7,-9999,15028453,14925093,-9999,15214303,-9999,-9999,15017864,-9999,14783485,14677164,13803383,13991910,14356615,14237417,14529459,14222980,13715430,13628879,13921756,14232479,14584428,13866600,14249166,13795504,13902983,13146430,13406471,13283303,13203156,13738334,13878429,14023851,13576927,14066319,13576057,13321362,13362077,13132955,13094044,13052208,12795927,13001987,13235090,13358882,13341906,13288807,13183798,12918264
04,17,14688954,14104256,13634512,13357638.5,-9999,-9999,-9999,14654411,-9999,14757813,14558416,-9999,14683646,-9999,14624339,13708457,13920680,14303511,14222203,14527272,14203370,13650360,13618648,13885291,14174417,14536807,13795139,14205582,13764484,13824174,13130899,13399349,13279065,13186766,13631785,13831065,13993301,13528712,14039222,13524791,13255763,13363066,13059136,13069913,12985833,12756648,12924654,13215853,13300113,13311782,13269908,13150313,12905684
04,18,14651215,14063313,13604237,13314403.1,-9999,14985275,14973253,-9999,15112372,-9999,-9999,15003344,-9999,14775196,14564785,13620808,13861977,14239348,14201432,14524651,14187623,13626670,13599711,13813055,14126067,14452593,13779472,14165985,13729482,13763230,13089728,13394020,13268464,13189814,13561247,13805650,13981908,13472498,13964426,13477318,13231029,13343616,12996593,13044495,12938678,12693470,12896988,13155082,13215537,13277346,13308765,13160890,12861150
04,19,14602939,14020230,13576618,13280845.9,-9999,-9999,-9999,14590656,-9999,14587501,14528493,-9999,14563852,-9999,14487983,13555128,13815235,14171697,14193264,14464816,14143170,13625723,13586013,13768709,14084567,14349109,13775947,14142748,13686525,13728127,13040240,13404022,13259749,13207721,13473716,13797931,13945744,13431817,13988273,13421234,13193343,13325420,12928117,13033695,12888393,12652423,12888786,13073120,13172020,13257820,13300668,13168132,12826904
04,20,14555597,13977770,13555412,13242580.7,-9999,14941946,14982635,-9999,15025612,-9999,-9999,14882979,-9999,14676166,14444099,13524588,13769105,14139816,14116444,14387772,14130641,13586119,13589134,13741454,14045090,14272128,13773357,14126987,13658292,13696063,13024968,13392567,13224976,13207915,13416372,13801599,13910992,13381617,13932014,13393564,13177428,13292956,12877955,13000702,12854880,12603699,12862467,12950455,13147314,13212469,13275849,13141409,12731099
04,21,14506075,13938871,13530924,13222107.6,-9999,-9999,-9999,14506054,-9999,14385014,14394501,-9999,14483713,-9999,14422412,13481044,13729427,14101597,14023986,14286987,14142870,13547340,13587732,13711229,14015507,14242032,13763597,14119648,13614282,13647310,12995922,13386601,13220513,13163597,13401441,13772945,13897940,13337184,13915441,13404164,13174019,13311231,12837134,12933184,12816110,12594669,12852617,12882680,13118478,13180270,13224167,13133240,12660466
04,22,14467546,13899280,13493702,13187652.9,-9999,14885605,14935302,-9999,14894689,-9999,-9999,14806272,-9999,14572356,14376079,13431775,13684333,14070016,13966796,14237747,14130327,13459492,13562525,13680302,13966499,14234761,13746839,14089943,13553013,13639349,12943814,13368743,13206640,13107182,13380748,13723373,13889429,13290431,13849761,13409355,13115859,13302595,12747752,12875995,12808509,12586843,12828562,12822774,13090639,13144086,13196644,13118648,12651570
04,23,14427144,13859579,13452675,13144888.8,-9999,-9999,-9999,14495340,-9999,14323901,14351720,-9999,14377727,-9999,14305978,13371995,13637590,14047201,13932140,14154962,14118103,13395310,13517025,13667241,13923243,14202973,13712303,14049651,13505086,13602767,12939768,13329626,13189306,13039003,13329782,13623719,13863454,13257777,13735437,13355209,13097680,13212400,12681673,12827488,12803197,12614573,12798373,12782793,13062988,13123083,13163802,13096269,12635268
04,24,14371213,13816669,13402650,13102292.4,-9999,14800077,14836344,-9999,14872484,-9999,-9999,14735089,-9999,14437015,14238262,13309134,13555344,13997642,13895874,-9999,14102884,13339067,13506534,13654777,13885156,14167794,13671961,13988799,13439694,13544339,12938721,13280119,13142786,12988410,13289695,13580394,13789652,13249094,13666921,13255463,13068484,13110194,12633672,12832850,12794137,12622457,12743960,12793550,13039408,13060801,13060123,13058076,12617235
04,25,14321691,13767224,13363329,13040790.9,-9999,-9999,-9999,14391826,-9999,14217362,14252543,-9999,14157190,-9999,14168096,13232234,13483480,13956176,13873845,13968279,14042087,13291778,13447661,13630205,13858933,14119797,13642443,13931448,13393910,13473379,12941042,13236331,13038230,12938669,13201922,13559953,13694182,13186097,13560700,13122691,13036431,12998194,12595818,12826358,12761033,12626405,12673844,12787544,13006321,13016400,12950365,13004065,12565470
04,26,14270912,13725423,13315058,12979677.6,-9999,14752434,14725404,-9999,14951185,-9999,-9999,14713893,-9999,14323897,14123872,13175992,13442071,13897498,13825768,13935589,13934646,13280032,13397148,13603316,13840225,14097938,13598349,13894762,13329616,13388560,12931501,13171002,12957945,12883329,13189293,13510316,13615650,13115060,13436906,13041164,12978878,12911507,12570405,12810275,12708674,12608257,12613076,12796664,12985772,12978463,12883524,12955982,12485150
04,27,14201860,13680911,13271162,12932250,-9999,-9999,-9999,14264332,-9999,14084951,14058029,-9999,13963513,-9999,14089681,13118002,13379245,13844421,13755257,13883231,13876786,13276617,13344154,13579609,13806977,14062817,13571422,13869164,13288724,13318387,12875942,13131014,12866276,12854447,13172656,13488081,13580190,13048896,13336421,13022571,12930713,12861198,12498998,12800339,12679541,12563633,12589294,12822768,12948615,12949623,12858214,12918182,12435117
04,28,14139308,13625399,13225148,12881031.8,-9999,14708420,14552174,-9999,14800677,-9999,-9999,14609610,-9999,14203333,14068152,13058380,13316655,13796574,13677093,13842745,13792611,13219151,13248354,13546713,13777516,14036580,13534320,13832188,13235772,13228826,12820442,13079273,12782805,12845632,13168402,13448543,13519578,13004982,13290614,12985614,12928262,12815770,12413834,12758153,12641635,12451876,12599173,12832218,12888638,12914410,12842416,12861001,12409816
04,29,14076833,13570981,13185084,12824751.6,-9999,-9999,-9999,14142613,-9999,13928688,13882987,-9999,13876401,-9999,14032383,12983760,13240887,13711734,13607273,13822574,13759207,13162918,13142201,13506877,13755953,14000183,13516486,13830781,13181549,13178994,12783431,13037013,12730348,12858981,13139870,13425566,13440753,12950605,13233523,12940357,12928298,12730329,12347980,12713247,12602757,12359667,12650631,12819411,12836723,12870073,12820074,12812816,12402256
04,30,14022429,13524322,13147002,12776247.2,-9999,14620769,14482091,-9999,14645739,-9999,-9999,14498834,-9999,14050527,14001996,12940036,13175438,13642896,13529702,13776852,13747257,13132097,13082736,13452007,13730960,13973270,13493064,13813343,13125736,13135364,12738414,13006225,12661451,12845075,13111464,13382121,13376108,12888701,13158711,12890140,12893715,12707016,12293447,12674471,12574787,12305376,12627020,12777879,12793133,12826839,12778528,12802508,12354755
05,01,13971383,13480885,13102626,12717614.6,-9999,-9999,-9999,14085809,-9999,13739214,13763219,-9999,13791201,-9999,13943029,12905018,13136376,13538881,13440123,13739548,13757902,13086817,13048860,13400427,13704074,13955838,13446754,13791499,13075020,13098113,12689719,12943026,12558242,12847842,13087032,13359047,13307399,12851721,13052728,12855836,12807168,12664582,12195413,12648560,12556176,12236563,12580895,12727825,12767951,12788820,12757145,12781177,12262598
05,02,13930920,13439051,13059422,12667923,-9999,14399941,14381594,-9999,14609732,-9999,-9999,14352670,-9999,13951480,13890750,12880906,13099721,13464141,13360292,13656185,13747980,13084254,13022125,13369271,13666454,13920086,13408805,13767847,13007575,13047795,12635290,12887542,12444466,12794117,13067741,13316285,13235941,12784077,13014104,12818197,12744827,12634896,12164312,12585016,12521612,12176248,12539699,12646702,12736156,12769655,12723012,12757471,12196240
05,03,13883155,13404624,13012476,12618482.5,-9999,-9999,-9999,14012623,-9999,13682090,13706041,-9999,13703939,-9999,13832014,12861715,13091191,13438499,13281956,13602123,13732665,13070652,12977508,13330424,13625585,13895640,13354779,13736831,12973956,12992870,12598057,12818544,12405456,12741944,13029887,13288522,13127460,12737124,12970852,12813379,12668378,12629396,12144447,12524980,12451489,12117320,12500250,12552858,12737678,12756382,12655970,12696369,12112407
05,04,13831312,13353005,12962613,12567434.9,-9999,14236536,14254100,-9999,14444291,-9999,-9999,14273930,-9999,13798465,13804960,12830258,13094699,13388930,13184163,13513452,13688896,13035051,12930124,13274125,13587913,13832700,13269051,13692968,12950117,12948215,12545994,12765423,12320956,12703363,13000877,13282499,13036050,12652461,12897774,12816914,12642907,12588998,12081393,12496944,12373382,12087526,12423678,12462875,12750640,12772582,12603366,12632424,12006711
05,05,13777175,13315671,12910566,12514840.6,-9999,-9999,-9999,13914932,-9999,13587881,13622535,-9999,13584196,-9999,13772761,12784581,13094132,13369178,13104397,13454571,13637918,12982660,12903231,13257798,13555945,13796881,13199384,13649278,12928689,12886871,12426122,12718665,12249753,12644684,12973958,13233971,12935651,12633011,12829406,12781239,12614412,12523337,12039085,12492801,12257814,12041650,12398930,12409629,12718603,12777618,12558460,12588146,11933967
05,06,13713346,13282587,12857875,12466302,-9999,14091342,14084895,-9999,14260588,-9999,-9999,14178998,-9999,13714449,-9999,12754068,13070750,13335595,13084535,13418678,13596552,12957485,12870391,13212626,13523266,13755987,13125884,13594345,12914849,12807556,12319323,12701165,12188126,12606674,12933898,13186485,12867950,12631255,12824640,12741038,12568170,12425110,11986358,12455817,12186110,11976572,12369413,12364895,12694886,12765083,12538055,12522015,11860535
05,07,13652139,13249111,12808689,12416092.5,-9999,-9999,-9999,13813932,-9999,13486758,13526425,-9999,13317569,-9999,-9999,12729619,13064597,13323544,13032771,13372149,13550749,12915774,12843335,13159112,13515488,13713589,13059888,13562186,12899507,12707744,12258046,12677521,12168368,12555253,12880379,13128183,12797823,12569427,12812002,12690600,12524861,12390148,11912579,12405466,12115492,11942527,12294656,12318023,12638831,12702897,12540678,12465955,11842390
05,08,13600559,13204812,12761507,12349524.4,-9999,13995756,13932975,-9999,14128686,-9999,-9999,14043389,-9999,13645922,-9999,12699815,13027021,13294089,12990748,13296917,13492217,12868091,12826036,13086027,13503869,13663101,12986697,13510348,12866810,12651753,12237189,12646320,12151584,12530269,12822715,13066016,12685074,12497679,12808662,12661204,12469546,12288569,11782166,12323824,12077941,11900579,12203915,12259502,12595545,12602021,12529369,12415819,11862498
05,09,13522336,13165086,12711710,12293699.6,-9999,-9999,-9999,13780327,-9999,13385195,13393095,-9999,13205182,-9999,13336606,12660214,12958778,13270015,12950951,13304802,13416901,12821123,12795338,13000590,13506976,13625389,12877231,13456118,12826493,12588472,12208656,12615280,12119386,12469946,12735949,13011209,12619618,12435616,12784548,12638340,12399762,12206146,11683160,12286734,12021992,11861080,12142756,12220028,12549846,12534898,12512083,12305077,11852390
05,10,13473343,13114224,12656150,12230641.3,-9999,13868380,13784769,-9999,13903584,-9999,-9999,13953818,-9999,13532328,13309139,12630258,12883398,13229794,12892915,13237860,13355992,12773465,12740341,12939309,13491605,13597565,12803591,13376639,12792533,12545175,12175699,12542852,12084869,12404435,12694184,12944025,12514881,12380708,12673299,12620977,12309090,12112816,11633343,12301918,11933172,11826209,12072219,12149683,12502841,12479186,12453319,12203346,11815319
05,11,13431873,13063743,12600967,12130415.111111112,-9999,-9999,-9999,13716938,-9999,13300902,13355174,-9999,13102244,-9999,13284914,12602069,12862223,13185792,12812751,13172387,13315493,12725924,12667726,12904600,13459868,13530667,12734182,13263539,12754152,12529205,12147019,12468312,12059347,12344066,12603415,12874482,12438892,12315782,12618960,-9999,12255664,12056719,11573104,12266647,11836232,11811736,12019349,12093468,12436068,12454260,12360928,12091605,11808750
05,12,13394080,13017360,12546566,12063660.888888888,-9999,13692930,13620115,-9999,13790333,-9999,-9999,13846112,-9999,13481919,13260662,12574509,12832442,13142056,12748516,13124400,13281767,12702952,12608077,12851147,13396068,13486176,12652918,13167232,12717070,12507133,12111919,12396535,12037212,12271517,12546531,12783498,12400300,12266463,12545052,-9999,12165189,11983392,11488450,12188934,11746777,11788391,11961735,12095129,12409604,12397741,12282539,12015377,11818349
05,13,13360925,12971102,12504360,12009486.222222222,-9999,-9999,-9999,13663777,-9999,13232099,13311560,-9999,13051605,-9999,13229602,12554078,12813432,13095568,12698280,13061599,13258675,12677652,12567720,12785789,13310117,13442189,12623791,13079545,12689404,12494917,12065848,12405857,11998299,12224481,12510894,12754431,12380032,12213393,12509901,-9999,12114008,11931057,11371124,12122378,11721268,11722215,11896812,12094664,12381898,12347963,12223426,11953441,11762611
05,14,13317726,12921563,12466263,11956612,-9999,13495358,13504050,-9999,13733183,-9999,-9999,13771337,-9999,13386000,13178602,12529849,12798855,13049337,12639781,12939377,13239413,12656401,12557978,12713080,13226141,13395265,12604779,13033583,12643598,12478428,12008465,12390575,11980021,12207461,12457302,12710104,12345319,12155387,12459867,-9999,12059926,11891356,11293726,12068894,11677808,11657225,11744488,12070117,12314051,12298637,12144376,11889905,11707630
05,15,13271140,12867771,12428580,11951377.7,-9999,-9999,-9999,13610545,-9999,13090341,13221292,-9999,12967258,-9999,13135283,12504606,12788398,13006561,12625592,12818110,13208807,12626811,12550457,12634158,13084174,13334639,12565141,13023961,12591824,12442470,11956806,12342650,11948189,12179318,12393661,12673384,12251828,12091481,12369403,12366819,12044485,11867281,11262361,12020242,11671777,11568100,11637165,12042418,12248893,12241153,12085850,11800195,11673924
05,16,13212423,12816675,12384770,11890623.2,-9999,13433844,13350187,-9999,13616069,-9999,-9999,13681126,-9999,13322201,13027803,12487167,12756890,12975253,12605332,12754033,13169962,12570676,12546988,12548148,12987101,13252371,12532661,12997142,12544574,12383845,11916225,12319177,11884186,12123486,12353796,12604000,12193581,12019556,12264158,12366441,12009342,11806520,11197909,11929542,11630844,11488339,11549869,12028591,12219134,12160733,12032105,11731024,11609664
05,17,13154456,12760337,12333540,11832615.7,-9999,-9999,-9999,13462189,-9999,12954710,13106133,-9999,12866891,-9999,12937318,12491956,12722989,12923906,12587860,12676575,13119153,12488638,12543503,12488385,12875158,13177206,12502091,12887101,12490670,12367409,11892396,12305687,11813357,12105584,12299462,12526177,12087581,11973257,12178243,12326705,11993689,11751564,11144719,11861030,11588270,11421099,11463303,11993492,12202368,12070201,11993115,11676852,11510192
05,18,13107807,12702506,12273917,11779364.2,-9999,13316584,13205328,-9999,13457314,-9999,-9999,13573246,-9999,13245252,12881394,12471583,12701646,12875352,12566121,12596780,13065923,12333804,12539635,12435198,12811764,13098832,12449006,12769827,12405648,12325998,11843999,12282167,11771605,12092154,12191699,12433687,12008099,11943821,12166063,12254238,11920264,11675662,11104253,11825978,11520403,11374861,11413895,11944842,12121681,12037659,11933931,11607367,11413028
05,19,13064376,12644563,12211819,11721878.9,-9999,-9999,-9999,13342340,-9999,12941295,13009313,-9999,12805036,-9999,12805990,12442648,12678342,12799445,12533543,12557530,12989531,12199553,12518790,12369788,12764895,13034214,12398353,12673659,12330072,12284116,11779743,12255713,11742659,12084652,12079227,12301942,11916912,11902719,12116857,12207073,11872856,11611102,11041226,11792207,11434743,11323094,11373594,11898501,12042208,12012414,11849701,11548722,11387091
05,20,13027211,12594850,12157416,11660696.3,-9999,13249099,13097440,-9999,13385491,-9999,-9999,13475189,-9999,13155015,12766753,12411476,12652219,12730182,12500196,12501504,12954309,12093762,12488331,12323449,12727582,12976961,12357757,12616234,12255836,12238244,11715030,12223236,11695943,12014399,11969089,12288412,11825554,11816428,12053157,12152329,11847718,11513530,10989954,11774477,11374694,11259122,11304770,11827040,11994630,11952059,11794976,11551948,11335385
05,21,12987611,12540564,12105362,11606466.1,-9999,-9999,-9999,13234340,-9999,12889972,12992004,-9999,12747188,-9999,12714971,12395754,12634111,12659610,12483204,12427211,12880888,11989669,12453226,12302242,12678928,12896553,12321013,12564547,12200615,12179384,11657565,12162010,11657183,11944644,11931476,12245152,11751145,11752352,11995186,12080852,11812691,11440794,10951843,11766129,11304168,11209501,11214446,11752883,11956257,11898712,11728351,11516324,11271321
05,22,12942752,12486577,12055377,11563273.2,-9999,-9999,12973757,-9999,13271180,-9999,-9999,13401554,-9999,13044139,12693695,12358873,12581313,12595768,12471515,12358403,12810682,11903644,12412290,12290393,12618078,12823679,12284893,12497947,12166669,12134173,11620694,12102346,11589486,11890201,11904692,12171726,11695402,11699353,11924617,12050072,11808796,11373423,10923963,11715601,11269417,11172088,11131215,11660145,11917428,11844689,11676971,11451705,11229990
05,23,12904128,12440964,12006973,11515311.6,-9999,-9999,-9999,13110597,-9999,12806142,12919913,-9999,12668477,-9999,12663698,12342066,12506112,12544831,12453929,12298502,12732289,11848453,12362613,12290676,12560904,12811330,12243867,12451543,12129630,12119523,11585887,12015609,11545147,11830230,11875605,12092457,11639217,11629698,11887627,11993792,11771486,11316447,10880319,11660438,11226696,11147396,11085705,11598868,11898699,11769185,11635824,11408962,11160409
05,24,12862234,12402164,11958644,11457607.4,-9999,-9999,12887759,-9999,13244764,-9999,-9999,13279891,-9999,12957733,12624420,12316215,12431675,12525983,12436747,12261287,12661306,11816675,12313472,12276124,12521242,12777130,12202696,12402211,12064548,12104050,11583009,11946497,11504819,11784016,11859558,12005327,11568063,11555107,11846402,11949196,11720662,11275662,10792665,11600754,11162193,11105370,11051320,11568122,11863990,11678817,11597922,11358863,11094786
05,25,12821106,12366952,11913675,11401404.1,-9999,-9999,-9999,13024377,-9999,12737946,12816734,-9999,12538927,-9999,12598023,12304336,12356653,12509252,12426816,12253424,12596604,11796287,12277075,12252341,12470280,12730786,12158203,12362492,12007393,12081177,11576048,11892022,11453781,11700764,11808376,11903470,11488230,11463118,11797276,11904788,11681711,11227542,10704953,11544894,11119821,11081708,11026103,11545716,11819126,11549221,11562871,11333955,11053930
05,26,12781901,12333124,11872902,11358014.7,-9999,-9999,12751867,-9999,13192702,-9999,-9999,13137898,-9999,12928827,12564047,12281505,12288526,12497446,12416941,12222916,12536712,11763825,12234420,12245626,12427093,12697738,12135483,12325992,11966059,12008657,11595712,11813337,11411537,11638936,11791417,11838186,11431330,11399621,11742516,11863284,11637576,11182043,10652073,11519803,11088039,11063862,11017755,11476331,11748943,11464317,11531228,11307231,11039687
05,27,12735446,12301443,11831051,11310856.4,-9999,-9999,-9999,12972703,-9999,12688790,12704068,-9999,12440778,-9999,12518972,12272319,12226285,12490285,12407168,12188641,12497095,11746726,12196980,12217499,12375713,12668039,12107104,12269130,11935372,11947371,11604298,11758989,11363866,11601514,11741557,11807520,11360200,11342671,11697899,11830945,11596757,11124380,10631176,11464130,11048329,11012077,10993348,11404942,11659155,11413797,11473885,11228475,10995816
05,28,12687629,12270721,11792842,11265213.5,-9999,12873635,12544384,-9999,13053848,-9999,-9999,13053270,-9999,12850853,12450860,12258568,12159265,12482365,12386845,12146495,12461963,11739388,12176605,12190175,12331892,12632218,12054167,12211281,11905550,11904214,11591712,11700825,11331120,11589468,11726960,11778419,11313137,11326048,11652726,11796732,11548238,11065959,10577431,11411786,11018676,10941402,10958548,11342398,11614870,11396865,11417944,11162771,10958806
05,29,12645565,12238709,11757785,11221728.3,-9999,-9999,-9999,12931405,-9999,12650314,12624143,-9999,12316803,-9999,12411155,12248421,12095880,12458301,12359856,12124756,12428266,11730180,12140759,12156786,12282927,12609376,12006944,12166883,11882800,11884016,11572473,11626902,11291626,11567879,11700120,11740705,11305771,11289199,11595914,11777670,11519123,10997659,10524842,11348485,10979066,10879554,10934088,11294405,11597762,11356764,11359256,11115578,10888076
05,30,12603862,12203173,11716078,11168007.2,-9999,12855367,12474915,-9999,12936395,-9999,-9999,12880597,-9999,12752555,12354551,12240170,12042340,12448612,12327894,12101544,12404957,11693086,12121306,12103538,12237073,12551383,11945338,12132231,11840862,11857300,11551469,11564873,11259992,11509615,11660739,11675513,11268823,11238538,11515194,11736352,11470484,10938100,10480690,11283701,10915129,10833061,10882933,11236625,11563104,11286455,11308326,11075879,10845652
05,31,12570008,12160591,11668971,11108143.9,-9999,-9999,-9999,12859033,-9999,12630868,12549667,-9999,12236635,-9999,12298521,12245941,11941914,12426516,12307771,12084260,12387863,11672153,12075737,12019334,12201257,12489108,11883211,12081899,11785290,11834340,11502928,11513696,11228068,11471913,11621530,11614388,11192132,11165858,11480950,11679764,11385455,10878571,10427044,11211387,10891345,10768933,10834476,11172318,11533317,11232390,11282132,11012130,10811413
06,01,12528782,12110792,11623450,11048759.8,-9999,12803012,12468727,-9999,12885407,-9999,-9999,12696315,-9999,12663920,12243801,12239726,11876777,12387233,12247767,12034575,12337447,11642773,12030006,11937961,12173397,12439982,11822733,12055121,11744587,11823376,11469931,11435633,11227018,11438137,11600367,11557409,11147651,11087132,11443198,11614569,11314078,10845785,10405086,11138263,10820711,10671125,10805937,11115989,11444369,11190786,11225358,10966829,10759367
06,02,12487246,12066808,11580218,10990825,-9999,-9999,-9999,12773766,-9999,12560208,12422731,-9999,12146933,-9999,12197067,12248892,11811992,12344780,12216596,11981358,12282680,11618582,12011332,11883595,12116604,12400564,11759540,12028962,11699634,11793346,11444496,11315697,11191875,11409062,11572920,11516922,11107073,11031120,11387973,11551038,11261908,10800117,10374337,11064847,10736166,10593671,10765593,11039542,11354727,11149295,11164725,10915759,10685196
06,03,12438889,12025755,11534117,10949525.5,-9999,12710920,12426794,-9999,12732361,-9999,-9999,12573149,-9999,12599043,12139851,12237556,11743714,12311448,12176034,11947368,12219496,11585363,11994422,11856857,12067307,12355540,11713280,11992707,11668099,11765140,11398976,11241872,11141020,11347334,11514572,11471176,11066526,10990393,11353608,11495445,11212268,10753060,10350720,11022775,10691716,10558744,10731898,10974795,11273840,11136112,11083738,10871850,10650024
06,04,12396239,11999477,11483964,10917236,-9999,-9999,-9999,12680209,-9999,12452768,12283859,-9999,12039788,-9999,12092887,12238537,11720416,12273084,12149542,11920815,12174148,11549763,12006609,11863960,12021464,12314965,11677089,11952761,11624890,11724107,11368037,11174855,11104987,11286510,11470565,11394902,11006754,10976729,11352712,11464931,11157663,10688968,10354257,10995493,10649695,10525158,10672471,10916978,11186824,11112137,10987973,10795412,10614812
06,05,12358809,11963968,11438171,10857335.8,-9999,12632011,12385338,-9999,12657028,-9999,-9999,12466903,-9999,12508070,12053980,12232123,11698798,12238235,12110416,11902709,12125034,11506722,11965147,11850743,11970537,12271343,11644039,11909176,11602811,11689038,11332018,11125327,11066618,11222403,11406925,11300240,10940943,10937685,11267099,11381416,11077657,10617627,10353315,10931380,10585063,10481173,10629897,10847747,11071851,11082880,10904842,10741047,10590495
06,06,12313026,11916448,11390645,10795639.4,-9999,-9999,-9999,12632069,-9999,12379050,12132697,-9999,11968846,-9999,12010979,12214167,11657438,12205264,12023197,11876035,12072824,11457960,11909955,11842544,11905319,12213944,11616869,11863517,11581947,11628908,11301934,11070655,11032198,11157886,11334832,11221003,10836166,10879021,11171769,11317641,11013549,10589336,10333107,10859953,10518855,10436997,10566711,10803773,10973113,11015074,10764708,10671031,10512465
06,07,12273936,11869153,11346336,10741543.5,-9999,-9999,12248908,-9999,12534281,-9999,-9999,12385099,-9999,12399266,11965698,-9999,11623887,12135867,-9999,11850014,11983766,11408688,11884785,11838847,11852221,12126650,11601763,11819195,11560711,11558462,11283314,11010301,10989355,11130074,11265566,11187537,10755568,10798514,11027130,11268952,11012921,10588884,10297812,10796630,10482795,10386229,10487367,10748470,10905392,10958733,10660281,10617100,10466325
06,08,12242470,11821089,11303920,10688411.8,-9999,-9999,-9999,12547165,-9999,12312979,12114325,-9999,12009476,-9999,11921012,12101444,11585624,12067965,11950406,11805125,11900185,11383815,11868678,11798843,11774424,12075824,11567001,11758994,11532173,11498402,11243710,10946673,10949787,11107577,11185561,11153386,10693951,10707981,10844748,11235900,10994683,10590546,10278711,10718689,10457617,10361292,10388040,10684782,10836644,10909595,10545115,10561364,10404405
06,09,12203683,11776193,11261629,10632725,-9999,-9999,12177848,-9999,12497787,-9999,-9999,12260927,-9999,12332475,11881713,12080586,11540479,12019310,11927502,11771441,11844336,11367833,11842662,11752976,11695042,12000344,11525979,11687225,11499400,11438915,11219580,10893226,10908347,11099172,11094456,11151245,10637214,10654440,10692161,11202781,10939861,10588218,10237369,10643906,10412759,10318541,10316109,10613410,10777090,10886511,10461024,10502139,10352031
06,10,12163584,11729442,11221147,10574081.9,-9999,-9999,-9999,12454445,-9999,12186050,12044134,-9999,11942405,-9999,11841992,12058520,11498863,11935153,11924526,11747252,11799432,11325432,11801774,11704691,11634981,11922316,11483775,11612113,11466599,11411773,11190596,10849874,10842814,11085766,11019765,11150508,10584267,10591313,10567255,11159261,10875956,10542295,10190381,10561988,10389973,10278130,10259982,10526983,10684552,10835000,10398186,10461747,10300079
06,11,12119210,11684287,11177469,10519678.2,-9999,-9999,12071234,-9999,12462509,-9999,-9999,12127400,-9999,12286411,11785522,12043916,11456221,11878787,11906644,11692807,11752206,11282665,11782077,11652560,11577507,11861398,11444239,11506445,11428068,11376755,11164086,10834274,10782142,11059001,11001672,11137849,10524866,10517949,10465096,11098772,10818465,10505832,10154944,10502157,10375064,10233637,10228472,10434414,10606259,10763094,10357494,10358493,10254865
06,12,12070014,11634157,11124723,10457986.2,-9999,-9999,-9999,12379072,-9999,12076282,11946495,-9999,11801329,-9999,11739450,12002279,11412975,11839873,11850425,11621281,11729814,11242492,11755263,11580428,11512251,11796770,11404487,11361849,11388235,11322515,11142319,10810402,10709599,11026165,10968617,11109825,10470178,10421874,10342187,11018702,10785617,10457859,10130495,10382216,10378230,10192504,10193501,10339447,10545898,10700138,10336257,10282025,10192036
06,13,12026563,11586609,11074370,10402166.9,-9999,-9999,11948652,-9999,12419441,-9999,-9999,12019405,-9999,12175403,11701565,11957892,11337656,11797063,11819657,11590024,11688398,11188907,11721984,11548399,11440011,11733994,11370322,11241357,11354716,11267658,11101796,10768178,10654184,10975443,10941328,11063882,10417585,10334450,10223116,10940924,10731639,10402787,10100637,10299545,10363905,10207081,10143000,10291520,10481251,10624257,10298256,10215770,10153542
06,14,11986409,11539902,11017278,10344359.9,-9999,-9999,-9999,12272864,-9999,12007356,11839628,-9999,11763511,-9999,11659965,11939173,11280687,11772353,11775861,11536642,11631373,11161336,11700905,11500515,11385722,11653623,11332743,11136717,11292587,11202928,11040638,10734791,10593662,10874443,10902614,11013309,10341839,10250629,10165118,10890379,10644599,10337251,10054193,10228536,10317955,10213100,10093549,10226077,10421753,10567164,10264526,10143407,10141745
06,15,11940923,11480180,10956129,10284764.3,-9999,-9999,11879833,-9999,12334916,-9999,-9999,11846734,-9999,12138789,11627263,11892110,11221252,11715145,11732163,11487940,11545452,11126532,11665222,11447486,11309859,11550752,11281193,11048680,11229202,11152488,10997731,10689154,10521469,10779498,10841416,10948591,10286293,10143886,10133848,10844208,10580914,10283797,9993628,10157105,10236731,10187233,10029135,10142682,10319648,10503615,10227627,10097598,10111317
06,16,11893846,11424329,10892408,10217086.8,-9999,-9999,-9999,12165596,-9999,11869087,11737685,-9999,11723433,-9999,11584813,11851721,11185690,11666821,11686007,11411392,11512183,11087202,11635524,11380023,11229604,11448840,11226976,10973474,11169764,11118277,10946485,10611405,10469459,10728993,10773021,10898907,10209455,10027136,10062250,10805541,10502934,10207482,9931177,10106722,10169264,10148907,9954585,10074693,10218619,10425821,10197598,10006051,10065130
06,17,11854980,11369747,10828775,10160385.5,-9999,-9999,11785861,-9999,12261969,-9999,-9999,11691518,-9999,12072620,11553458,11799727,11133476,11630415,11640310,11353214,11463794,11045740,11593569,11326179,11168540,11342236,11191645,10902277,11115178,11081951,10863158,10544785,10414976,10664197,10707453,10818520,10126376,9959339,10029320,10750622,10450284,10137855,9870723,10047935,10126025,10105376,9890426,10027207,10098954,10391752,10162439,9922984,10009782
06,18,11806662,11318942,10762192,10104107.9,-9999,-9999,-9999,12052462,-9999,11827101,11664674,-9999,11729244,-9999,11481505,11748510,11071944,11602353,11598398,11340166,11419526,10994608,11572107,11250348,11101183,11238782,11138697,10831030,11070618,10996781,10792997,10465841,10341954,10576612,10659040,10736353,10029992,9910369,9975373,10693549,10374414,10110833,9796445,9982791,10130433,10036880,9841792,9998524,10039196,10344924,10101642,9831996,9942031
06,19,11757050,11260743,10696934,10041594,-9999,12079695,11675431,-9999,12117263,-9999,-9999,11551588,-9999,11970002,11420613,11707328,11048209,11540660,11569966,11271122,11352971,10899770,11546293,11180335,11074014,11124091,11087464,10747705,11043226,10921658,10754831,10392602,10268642,10474103,10594553,10664297,9922059,9878332,9901961,10640506,10273741,10096666,9731186,9891859,10106748,9972882,9803776,9926789,9988318,10298395,10066159,9704968,9856060
06,20,11713471,11199957,10630792,9974395,-9999,-9999,-9999,11936560,-9999,11774817,11617828,-9999,11653861,-9999,11370917,11672849,11004580,11498504,11526354,11221676,11289629,10801669,11519425,11132349,10998124,11007257,11045015,10653372,11002934,10827579,10717775,10335574,10221156,10380214,10527847,10570072,9823699,9844725,9805769,10586161,10179770,10086965,9636570,9817660,10050224,9912407,9752527,9859400,9933944,10213040,10036655,9615327,9780199
06,21,11673525,11137407,10552039,9902326.5,-9999,11983601,11578664,-9999,11960379,-9999,-9999,11477972,-9999,11884448,11322051,11655326,10980258,11453681,11472438,11173605,11232600,10727034,11480561,11068830,10914550,10870510,11003064,10575603,10814937,10749857,10652227,10301280,10154027,10317874,10445488,10487898,9727850,9801597,9760071,10525585,10073166,10031674,9571404,9728666,9988672,9814580,9700181,9771973,9833625,10100295,9978475,9538797,9716026
06,22,11630172,11070075,10483064,9826613.1,-9999,-9999,-9999,11865132,-9999,11766528,11548497,-9999,11549586,-9999,11272055,11605390,10956287,11444423,11427784,11117493,11189037,10633450,11444874,11018712,10808394,10660293,10941715,10474759,10800510,10668090,10581643,10254985,10069528,10281624,10374841,10416153,9644848,9752824,9689482,10428776,9962606,9991615,9515353,9656277,9896283,9728067,9616182,9679795,9730722,10019342,9879726,9475505,9682673
06,23,11578312,11007136,10415954,9753431.5,-9999,11874868,11465453,-9999,11779118,-9999,-9999,11441223,-9999,11801810,11221265,11468091,10941747,11364902,11389555,11089919,11140548,10590286,11380532,10959011,10724735,10490124,10900326,10395193,10782181,10602270,10528952,10172599,9976551,10236958,10303817,10331396,9559031,9682862,9610192,10352535,9835948,9964884,9425629,9608591,9836082,9658561,9537428,9603150,9637720,9991137,9829293,9382058,9645440
06,24,11543075,10939799,10350253,9677317.5,-9999,-9999,-9999,11806959,-9999,11712105,11481727,-9999,11481789,-9999,11162268,11437317,10889251,11308157,11330005,11007175,11079392,10537394,11322044,10847804,10671458,10405307,10864101,10333356,10753860,10530981,10436618,10085107,9859202,10131905,10210106,10261127,9476450,9564889,9561282,10275665,9762148,9916806,9331851,9515499,9770676,9597909,9436977,9545484,9539500,9928198,9803184,9323722,9581260
06,25,11502062,10885903,10275682,9604377.9,-9999,11740313,11412434,-9999,11758515,-9999,-9999,11370802,-9999,11667804,11119805,11408229,10854093,11253605,11285701,10954129,11014219,10516949,11277908,10747308,10599426,10355688,10807259,10257344,10670025,10503296,10360985,9995562,9729373,10035273,10141390,10205575,9381743,9483089,9493697,10181061,9691329,9883311,9250571,9469903,9704600,9504475,9348063,9468020,9470827,9795066,9738784,9256535,9478586
06,26,11452357,10830316,10207682,9524225.5,-9999,-9999,-9999,11773916,-9999,11568635,11393279,-9999,11347642,-9999,11046750,11365896,10773983,11184812,11252008,10893765,10964588,10468621,11245924,10662605,10522926,10333925,10744915,10184524,10599283,10463913,10316446,9925166,9647452,9924960,10062189,10158026,9284477,9367009,9388662,10072748,9628634,9817719,9203166,9409764,9628582,9441494,9291764,9320150,9414640,9666609,9630645,9185748,9326808
06,27,11409695,10771855,10141109,9433952,-9999,11673962,11335210,-9999,11682896,-9999,-9999,11241457,-9999,11585779,11008899,11331123,10711627,11140283,11208105,10852068,10899205,10392237,11210969,10561823,10429993,10312243,10679202,10117417,10561062,10393028,10291703,9833404,9578908,9839993,10012888,10108912,9163966,9271207,9336074,9957658,9507130,9731983,9155466,9330928,9560510,9324598,9244082,9240862,9354540,9533026,9533410,9077444,9253919
06,28,11371684,10719053,10067599,9329771.8,-9999,-9999,-9999,11689433,-9999,11492145,11270017,-9999,11288111,-9999,10981325,11312660,10651345,11086542,11153882,10777750,10863066,10332805,11184091,10509892,10351112,10280048,10609877,10048933,10535670,10313351,10261967,9775856,9470641,9736270,9938594,10028338,9023587,9177782,9282932,9856566,9358592,9627576,9084133,9204315,9492159,9190076,9180076,9159209,9319095,9445201,9450269,8936707,9175978
06,29,11325817,10656740,9981140,9237692.5,-9999,11589547,11220597,-9999,11659157,-9999,-9999,11161886,-9999,11479313,10932350,11271753,10587863,10996439,11117546,10698395,10823865,10260351,11138399,10453984,10258729,10231833,10547347,9953009,10423451,10227256,10234700,9737232,9405346,9599028,9854813,9931897,8941910,9154208,9163892,9729241,9185346,9542138,9033729,9112470,9419178,9094813,9050230,9094214,9245270,9341320,9360642,8774676,9039964
06,30,11262754,10599504,9906201,9157249.4,-9999,-9999,-9999,11588055,-9999,11399247,11166423,-9999,11172799,-9999,10857967,11211183,10540412,10933668,11076735,10614049,10778316,10191466,11083696,10422172,10180640,10173882,10480232,9900685,10326446,10141556,10218844,9699627,9343353,9469400,9792385,9851597,8885384,9092702,9039911,9612340,9057557,9482316,8973708,9030644,9361451,9036481,8918818,9037477,9192993,9239003,9320631,8730125,8845994
07,01,11200798,10531697,9834368,9059028.5,-9999,11475701,11131704,-9999,11520428,-9999,-9999,10993569,-9999,11297075,10801910,11143075,10472138,10830363,11012699,10494254,10736009,10124888,11021444,10380167,10120423,10124582,10412367,9840172,10173047,10066431,10177027,9660577,9278887,9322060,9701808,9741966,8821005,9006770,8941220,9443213,8936847,9431704,8889509,8923244,9282553,8914220,8816921,8950268,9141695,9139956,9249929,8679949,8728754
07,02,11144533,10477229,9753456,8960397.4,-9999,-9999,-9999,11487716,-9999,11358922,11009499,-9999,11057767,-9999,10744312,11045164,10411837,10749449,10962772,10448337,10691679,10051104,10982123,10335293,10062186,10077513,10335684,9793370,10110902,9991225,10107639,9621400,9189928,9224557,9601841,9631960,8731720,8895468,8834735,9295924,8866060,9387654,8799227,8821604,9188596,8782986,8752970,8783728,9101131,9045817,9146483,8585096,8631941
07,03,11087565,10413318,9672584,8878813,-9999,11337112,11049831,-9999,11448695,-9999,-9999,10865466,-9999,11177123,10670894,10962204,10339604,10637779,10917901,10363985,10684490,9978490,10924811,10275202,10005243,10005673,10283905,9723418,10087077,9917696,10046897,9573829,9115252,9064081,9505717,9512952,8671453,8807706,8745935,9182660,8777806,9341259,8706651,8741930,9135523,8677207,8633133,8617800,9039881,8981266,9058076,8504489,8552352
07,04,11023948,10345141,9593030,8798034.6,-9999,-9999,-9999,11375928,-9999,11274218,10827614,-9999,11011202,-9999,10572647,10891030,10253689,10494821,10890910,10329837,10631900,9886014,10876131,10202667,9949182,9936255,10224802,9649653,10030931,9861321,9968445,9492372,9020920,8925495,9449086,9407098,8622441,8707425,8674157,9051233,8698978,9284536,8598133,8661889,9079816,8601738,8507022,8466628,8938978,8887410,8977002,8353504,8494429
07,05,10962075,10261157,9518228,8709162,-9999,11191419,10940704,-9999,11293816,-9999,-9999,10739733,-9999,11058304,10477479,10838319,10161072,10370605,10845103,10178344,10561094,9773312,10830939,10126270,9895616,9869212,10203789,9565471,9965692,9805665,9892664,9374976,8909595,8818299,9366348,9310953,8577169,8595463,8563480,8901157,8647194,9209077,8487072,8572935,9013080,8524993,8374940,8333500,8835877,8793390,8896129,8282746,8440941
07,06,10903812,10173477,9433383,8616038.8,-9999,-9999,-9999,11240140,-9999,11187296,10706873,-9999,10921520,-9999,10400479,10796078,10096655,10192655,10795078,10012757,10479838,9659485,10799966,10033939,9847369,9817023,10152537,9469026,9878055,9739648,9849478,9253176,8801355,8723227,9298442,9204481,8527335,8496554,8422999,8800093,8553014,9096337,8401287,8506774,8945371,8410624,8180236,8279730,8775668,8704914,8796808,8241186,8368087
07,07,10842641,10099855,9355222,8525417.1,-9999,11073317,10812857,-9999,11172339,-9999,-9999,10588667,-9999,10965040,10326919,10742192,10019735,10123698,10728863,9872742,10394195,9567524,10773390,9953141,9790197,9775066,10105430,9401073,9794847,9678724,9820534,9137989,8732115,8626461,9211324,9099479,8477740,8371254,8371064,8700560,8443850,8932745,8347136,8440337,8884111,8285374,8001159,8196129,8731749,8651231,8699040,8180904,8266690
07,08,10779369,10019460,9274294,8421632.5,-9999,-9999,-9999,11107580,-9999,11104573,10586008,-9999,10782801,-9999,10259032,10660392,9932353,10057070,10671886,9700769,10337438,9476209,10714112,9883647,9689745,9731372,10033912,9338052,9700817,9595885,9756569,9036561,8656639,8519983,9153616,9009460,8430742,8229192,8259767,8562487,8344111,8833004,8272163,8386935,8762912,8135012,7862234,8093574,8647211,8608007,8603019,8096291,8186210
07,09,10716705,9944797,9190353,8321457.4,-9999,10885434,10709497,-9999,10987831,-9999,-9999,10457285,-9999,10893089,10199996,10580350,9839882,10022171,10612221,9647102,10256800,9394726,10611922,9793416,9607543,9662182,9933533,9278200,9630666,9534455,9682081,8962432,8543716,8422180,9085279,8914065,8363534,8086234,8109947,8444397,8236429,8750785,8188054,8344039,8737858,7953297,7758502,7937447,8559359,8546406,8484619,7996478,8117591
07,10,10641707,9866238,9107775,8228295.2,-9999,-9999,-9999,10972572,-9999,11069639,10400333,-9999,10654505,-9999,10124153,10484818,9731919,10002673,10539208,9565840,10187867,9311495,10482981,9707724,9526032,9606637,9821521,9223152,9524346,9479910,9594068,8867659,8453568,8282859,9014878,8824567,8312461,7974876,7976572,8299609,8135962,8660819,8124461,8268760,8689779,7839653,7661609,7846105,8455968,8483345,8360810,7907534,8056202
07,11,10568932,9778826,9024475,8133814.5,-9999,10690202,10460919,-9999,10816376,-9999,-9999,10344963,-9999,10752129,10066591,10402686,9622906,9917369,10472332,9474760,10118092,9226132,10337648,9595834,9463492,9559695,9739161,9162362,9407505,9422846,9518993,8786553,8401143,8170999,8929581,8767440,8253186,7864043,7865999,8196169,8040838,8547883,8047131,8160236,8589748,7772912,7527429,7748560,8410240,8414388,8212350,7818811,7995858
07,12,10499451,9691264,8943559,8031209.2,-9999,-9999,-9999,10808375,-9999,11015243,10247579,-9999,10523066,-9999,9974452,10333823,9514207,9816882,10412219,9381108,10031223,9102865,10274871,9455904,9408744,9514612,9636984,9099201,9276869,9347174,9430692,8735770,8354049,8045058,8837913,8720446,8195457,7693117,7773055,8064289,7949704,8461055,7908219,8039230,8509320,7718646,7448152,7611055,8349907,8343953,8082605,7748492,7915904
07,13,10420766,9603053,8855128,7928661.9,-9999,10472743,10315097,-9999,10743643,-9999,-9999,10173442,-9999,10577364,9840441,10239567,9416281,9711819,10344680,9271920,9933574,9017209,10147201,9335387,9371457,9481001,9540265,9042834,9214408,9231706,9338279,8694331,8283541,7924045,8739075,8633306,8141790,7571026,7724030,7950355,7899861,8335581,7757371,7926319,8331746,7648540,7303539,7470497,8268585,8216628,7958791,7650152,7830305
07,14,10308943,9514080,8765818,7830339.4,-9999,-9999,-9999,10659236,-9999,10886801,10113132,-9999,10382780,-9999,9737875,10142900,9305890,9546160,10255157,9190967,9799843,8935721,10084900,9261791,9338182,9422190,9440920,8948508,9136531,9093338,9259046,8640160,8208780,7803474,8644638,8511796,8097056,7441901,7676653,7854239,7825967,8255586,7611399,7795132,8174287,7571174,7117005,7384872,8194203,8113562,7797546,7582834,7715172
07,15,10229009,9425479,8680986,7755396.2,-9999,10365704,10162414,-9999,-9999,-9999,-9999,9972002,-9999,10515210,9646906,10046502,9181589,9377584,10142602,9119356,9737739,8860677,10012742,9175165,9289686,9357652,9355557,8893400,9036793,9050391,9166954,8554577,8147367,7693665,8541386,8413690,8049117,7347049,7594708,7742715,7745907,8209972,7514217,7674003,8179677,7496597,6965917,7323859,8100013,8016848,7646242,7563937,7613244
07,16,10122895,9342369,8599324,7667755.9,-9999,-9999,-9999,10510686,-9999,10754112,9878477,-9999,10250859,10215735,9601059,9946913,9071677,9213769,10062054,9073937,9664117,8762699,9973262,9102859,9207383,9291936,9275379,8824151,8945704,8961632,9135226,8461997,8098629,7596367,8448061,8340637,7989085,7241292,7468190,7621920,7656338,8054919,7495089,7590232,8136394,7424100,6820565,7230288,7996830,7947318,7518755,7502668,7497194
07,17,10051840,9228210,8518456,7577522,-9999,10220376,9963863,-9999,10284638,-9999,-9999,9798141,-9999,10145920,9538627,9870046,8968528,9163156,9960075,8976243,-9999,8705420,9907291,9043916,9118096,9211162,9203634,8761046,8856961,8861718,9063487,8361816,8022931,7510248,8359989,8236301,7917418,7151306,7374047,7533852,7577065,7920694,7454956,7479327,8042914,7323641,6675362,7181137,7895149,7873166,7389907,7413048,7341326
07,18,9963007,9158959,8426075,7489765.2,-9999,-9999,-9999,10222455,-9999,10510779,9695633,-9999,10011332,10038915,9503386,9799461,8894646,9131877,9905035,8860226,-9999,8606708,9848476,8986960,9044912,9151794,9134655,8672714,8758118,8778331,8956124,8245516,7937431,7436253,8268331,8118190,7821687,7059453,7301794,7480448,7549262,7767001,7403712,7377477,7947300,7189518,6551222,7128135,7787091,7825980,7302224,7329948,7206110
07,19,9890931,9082919,8333651,7407732.3,-9999,10060051,9831970,-9999,10231010,-9999,-9999,9586585,-9999,9939209,9462644,9743835,8837305,9036092,9808012,8761829,-9999,8524913,9747929,8930302,8986268,9113622,9040556,8615565,8664898,8684240,8832110,8139745,7870146,7347606,8172230,8025657,7721635,6995288,7215499,7412356,7518544,7661816,7339860,7290578,7851927,7069820,6448219,7066046,7687809,7735617,7242641,7234097,7081661
07,20,9799343,9009696,8236364,7318617.3,-9999,-9999,-9999,10076591,-9999,10282822,9575582,-9999,9852911,9774730,9384194,9651454,8774602,8964936,9689087,8687200,-9999,8435366,9622800,8888205,8937914,9087152,8943645,8547265,8581926,8567560,8783163,8009684,7802212,7245080,8064271,7925904,7594282,6951855,7156796,7354223,7489716,7522508,7228830,7194069,7717932,6975962,6333877,7015667,7625117,7591575,7163115,7131739,6983696
07,21,9710400,8930802,8143966,7233626,-9999,9970112,9738969,-9999,10039354,-9999,-9999,9362409,-9999,9726632,9292220,9510634,8682773,8899824,9601154,8608001,-9999,8367685,9492387,8804633,8880391,9040374,8852081,8479285,8488740,8450081,8727774,7876264,7735735,7135019,7947563,7797687,7531970,6883890,7104924,7247651,7439164,7415444,7173741,7100408,7578275,6860793,6234092,6954882,7528251,7481398,7081179,7023677,6899921
07,22,9649149,8850730,8049354,7150467,-9999,-9999,-9999,9864944,-9999,10112877,9428302,-9999,9673535,9621440,9222294,-9999,8563600,8850403,9479402,8549420,-9999,8338804,9397035,8707790,8804349,8965769,8776512,8418097,8387101,8367401,8657392,7737177,7663674,7019726,7842002,7622237,7464125,6813277,7042017,7130831,7360364,7301892,7127676,7059031,7460007,6745450,6116303,6884893,7414641,7390148,6954540,6924679,6819640
07,23,9570137,8778623,7960863,7076247.7,-9999,9873263,9615814,-9999,9893470,-9999,-9999,9187882,-9999,9538374,9162688,-9999,8396282,8794787,9444863,8500411,-9999,8317201,9302241,8614460,8736594,8900769,8724099,8359258,8259369,8283226,8611522,7661359,7595670,6894224,7723217,7499054,7367285,6745025,6939138,7059076,7331934,7201855,7067973,7049346,7335434,6665411,6047141,6814281,7298781,7333909,6857291,6875294,6747275
07,24,9490398,8696209,7877657,6982727.1,-9999,-9999,-9999,9706705,-9999,9853501,9312928,-9999,9513212,9495750,9075299,-9999,8286314,8717392,9370350,8412122,-9999,8259794,9213597,8512090,8663464,8830760,8687764,8313956,8146510,8166313,8540389,7591102,7555927,6785626,7628508,7352898,7241719,6684689,6710494,7031674,7297610,7117077,6990510,7004682,7132042,6616774,6042112,6740662,7193808,7255180,6690393,6821175,6687961
07,25,9380425,8617987,7798657,6908274.7,-9999,9696139,9479375,-9999,9737557,-9999,-9999,8998271,-9999,9396307,8976685,9143960,8206532,8649067,9264785,8352819,-9999,8162217,9131005,8435288,8595446,8764728,8608875,8252888,8103255,8082670,8489991,7538169,7489494,6691830,7549723,7247515,7165084,6645130,6617307,6995414,7254225,7001792,6912287,6943764,7038804,6508940,5994562,6654691,7106801,7198894,6542181,6705536,6633538
07,26,9304746,8520469,7722658,6829918.2,-9999,-9999,-9999,9568653,-9999,9676441,9175336,-9999,9337416,9326178,8908516,9084695,8071839,8545411,9159126,8279050,-9999,7995070,9068995,8353193,8527323,8684213,8523605,8198040,8011111,8045164,8419229,7467790,7402205,6590002,7484293,7155015,7098780,6589335,6511507,6939629,7186066,6918879,6833054,6858612,6978040,6385280,5962825,6577888,6982784,7153801,6475048,6597539,6596695
07,27,9226378,8425462,7637341,6739910.8,-9999,9479046,9278764,-9999,9589850,-9999,-9999,8856636,-9999,9224703,8836022,9019167,7970052,8410321,9040244,8214472,-9999,7872800,8996513,8276439,8438957,8609364,8413145,8122237,7883502,8026465,8322883,7360124,7321133,6498262,7431717,7067908,7012705,6504721,6366118,6882612,7097907,6843550,6753717,6770879,6878603,6288296,5918919,6516819,6893748,7078489,6391797,6510134,6533682
07,28,9151137,8339846,7553586,6658545.5,-9999,-9999,-9999,9428857,-9999,9572095,9028979,-9999,9129501,9130187,8782498,8911724,7862427,8267378,8936630,8190302,-9999,7800440,8917369,8182116,8375155,8526798,8239983,8069482,7788078,7916739,8171082,7289969,7254560,6410368,7339997,6974191,6956279,6448143,6292771,6777452,7003772,6793870,6685340,6650928,6786817,6190083,5886022,6445704,6820515,6972673,6300988,6419626,6461027
07,29,9080705,8271156,7470909,6581511.8,-9999,9354308,9115222,-9999,9485121,-9999,-9999,8729458,-9999,9064205,8712207,8806076,7781336,8158221,8870941,8151814,8317118,7732695,8853955,8085739,8296086,8463659,8103053,8010406,7741355,7818520,8100136,7174138,7178264,6362515,7252325,6909834,6916959,6404355,6203033,6729227,6893488,6730052,6622391,6572674,6666937,6076002,5831121,6375383,6765553,6864101,6223141,6357107,6389966
07,30,8966965,8194980,7358580,6509255.2,-9999,-9999,-9999,9281157,-9999,9440421,8877393,-9999,9031110,8984458,8652778,8758176,7703109,8070190,8818104,8094413,8269866,7614267,8796201,7967629,8242042,8373976,8010141,7947476,-9999,7763106,8027311,7078848,7090509,6300379,7166494,6870948,6852637,6367121,6132189,6733329,6811403,6641466,6534338,6496068,6526249,5997752,5778313,6342762,6738160,6779131,6142506,6316078,6364340
07,31,8890921,8124542,7278584,6445290,-9999,9157641,8973301,-9999,-9999,-9999,-9999,8536394,-9999,8867549,8602437,8672222,7631607,8019059,8746096,8038090,8218295,7488957,8722711,7872408,8196140,8312055,7919982,7875080,-9999,7681297,7923648,6987567,7032290,6230927,7078860,6822523,6745367,6331653,6096864,6687775,6763129,6563862,6438110,6444778,6425511,5955851,5756384,6298122,6663392,6689875,6074332,6253709,6340841
08,01,8818276,8050712,7207411,6381659.8,-9999,-9999,-9999,9127089,-9999,9315609,8728591,-9999,8931404,8741134,8550066,8602631,7557208,7908585,8654091,7963090,8170057,7414835,8683444,7783764,8125006,8247043,7855240,7813378,-9999,7591986,7865023,6900440,6970607,6182432,6966698,6771936,6658223,6308428,6082400,6643222,6732384,6468143,6321835,6348955,6347793,5905215,5717878,6250144,6585562,6617290,6004866,6125138,6321461
08,02,8734248,7981551,7137617,6311045.2,-9999,9064390,8830925,-9999,-9999,-9999,-9999,8395297,-9999,8600081,8485433,8538148,7495166,7786279,8584709,7871904,8119075,7350154,8622954,7721160,8092820,8171288,7805688,7774006,-9999,7492347,7759223,6840868,6919408,6098850,6869107,6720465,6575353,6293321,6033823,6580573,6643849,6398006,6201034,6258935,6272893,5852665,5669846,6215435,6514020,6580739,5923872,5989995,6298808
08,03,8652225,7911528,7070348,6225462.9,-9999,-9999,-9999,8915387,-9999,9200100,8520131,-9999,8778390,8466040,8397374,8459418,7419635,7682996,8493673,7835428,8058297,7279991,8567572,7633562,8051176,8092949,7747795,7752093,-9999,7413573,7690231,6788676,6831959,6011514,6799245,6674279,6473889,6262979,5910621,6493534,6578496,6280798,6084402,6180412,6204054,5785444,5612934,6144730,6433267,6519798,5895794,5913885,6255106
08,04,8588154,7849605,7001105,6151423.1,-9999,8947629,8772808,-9999,-9999,-9999,-9999,8267331,-9999,8377551,8329377,8388289,7328078,7635149,8421907,7822267,8013063,7177709,8507687,7550117,7996643,8043427,7693035,7723117,-9999,7298782,7624022,6729880,6752341,5891488,6736508,6623697,6424157,6196674,5788500,6414304,6514459,6221434,6037047,6041914,6156200,5719542,5554165,6014779,6364926,6403519,5815269,5887324,6210344
08,05,8524595,7795660,6925278,6078804.7,-9999,-9999,-9999,8777184,-9999,9154581,8405486,-9999,8564798,8280056,8279516,8315801,7282869,7632017,8326039,7823116,7969404,7079266,8450916,7454172,7948158,7990644,7617631,7703312,-9999,7235926,7534320,6636617,6672531,5777552,6630910,6566279,6380379,6110204,5648723,6363247,6476210,6198968,5962130,5961697,6073982,5612507,5502068,5901680,6312730,6241358,5727276,5848049,6135562
08,06,8458052,7739333,6857351,5999585,-9999,8796650,8682263,-9999,-9999,-9999,-9999,8165457,-9999,8229648,8226774,8237940,7219080,7611954,8251749,7799766,7899736,7010575,8423706,7361592,7886827,7928349,7579752,7684671,-9999,7183098,7415575,6556996,6636228,5674446,6447128,6510072,6333160,6016960,5494136,6306572,6435068,6152802,5868941,5909224,5967526,5511461,5489054,5858336,6264198,6127957,5627710,5828201,6043469
08,07,8389421,7688073,6785703,5920696.1,-9999,-9999,-9999,8631530,-9999,8971472,8286806,-9999,8368922,8168158,8194503,8170703,7161471,7626784,8171022,7751400,7832095,6933115,8404467,7316340,7819906,7864125,7544974,7646817,-9999,7113521,7301262,6476958,6618485,5589829,6358191,6466542,6300056,5964051,5375328,6211725,6378621,6085662,5784785,5804668,5885720,5416345,5459062,5876877,6224330,6065186,5562507,5784087,5984220
08,08,8327934,7627725,6727425,5832388.9,-9999,8651510,8562931,-9999,-9999,-9999,-9999,8014737,-9999,8135718,8151757,8120401,7097640,7630843,8082141,7683574,7746998,6858895,8374618,7269366,7752117,7781057,7514229,7607556,6813249,7004021,7179087,6436358,6570272,5498167,6329093,6428364,6246270,5882119,5191998,6148230,6325923,5996398,5705906,5668358,5824414,5334273,5390893,5843482,6186406,6032189,5474997,5712776,5936293
08,09,8263090,7569366,6671429,5750552.2,-9999,-9999,-9999,8499379,-9999,8774206,8191248,-9999,8208168,8094700,8104067,8065630,7037743,7616656,8007705,7579405,7684685,6815736,8333268,7233692,7685334,7699440,7464750,7571110,6773346,6891850,7088496,6392828,6502640,5438116,6278152,6383046,6172875,5807755,5035793,6097616,6259129,5903228,5656179,5589248,5744590,5239109,5297487,5781242,6114271,5960583,5362511,5629214,5911989
08,10,8233378,7522354,6621829,5669033.8,-9999,8521622,8404449,-9999,8600295,-9999,-9999,7878701,-9999,8020462,8045647,8004221,7004699,7598833,7957963,7509125,7634344,6780078,8295445,7225048,7620741,7597261,7416483,7525046,6687172,6849844,7036012,6336757,6441682,5384152,6193772,6338746,6093496,5725239,4943900,6063604,6169448,5804214,5581092,5535934,5666808,5106603,5261295,5756966,6043005,5872588,5302313,5593975,5854110
08,11,8166538,7462514,6563038,5597473.9,-9999,-9999,-9999,8347615,-9999,8544204,8116375,-9999,8078807,7932307,8001778,7967396,6983603,7554927,7910659,7416276,7565044,6722215,8247592,7198235,7546187,7480400,7368335,7478889,6621352,6828325,6945898,6279003,6401640,5317916,6137348,6294667,6033260,5668191,4887978,5986828,6107400,5722632,5493832,5456915,5617694,5000009,5231356,5719422,5994990,5792283,5287222,5562182,5756459
08,12,8108465,7407743,6502787,5522261.7,-9999,8308876,8232320,-9999,8534794,-9999,-9999,7703241,-9999,7814904,7985970,7902934,6942366,7527282,7848656,7349915,7498600,6660433,8194523,7180246,7482774,7392638,7300982,7438886,6565946,6803634,6863570,6228785,6368367,5270988,6060275,6243732,5945801,5584638,4793514,5898339,6048436,5662981,5420490,5397050,5558159,4913209,5184791,5622701,5929649,5704360,5248556,5454586,5651397
08,13,8048828,7350088,6444318,5448969.1,-9999,-9999,-9999,8210612,-9999,8387528,-9999,-9999,8035274,7726949,7954661,7837083,-9999,7469202,7816495,7255592,7469951,6623828,8135015,7152141,7426196,7301382,7230302,7384638,6483681,6756390,6778643,6190656,6325141,5216039,5975157,6167633,5894187,5443834,4714298,5825959,5975745,5618256,5383713,5322280,5491295,4820124,5121073,5559279,5841763,5576832,5190952,5387900,5547002
08,14,7991652,7293678,6385077,5390653.4,-9999,8184656,8111499,-9999,8433264,-9999,-9999,7559573,-9999,7629251,7944972,7777801,6759791,7436011,7742174,7157873,7423976,6586815,8108730,7122983,7384349,7214079,7172857,7340251,6395252,6684065,6718177,6128408,6268907,5184141,5906066,6085822,5827795,5366929,4650820,5786271,5900156,5576982,5334488,5273676,5420865,4768552,5039562,5528762,5793550,5458720,5110146,5343037,5463217
08,15,7883065,7243921,6327485,5328897.3,-9999,-9999,-9999,8086742,-9999,8219665,-9999,-9999,7997195,7546058,7928179,7708109,6653984,7413388,7687220,7101470,7365168,6566242,8071602,7105155,7337257,7137719,7094183,7311839,6304476,6633258,6653461,6055486,6214197,5147991,5808093,6036805,5784354,5304781,4549238,5741254,5831776,5522805,5283078,5203624,5333478,4734585,4963420,5504482,5764463,5371054,5026231,5342199,5322643
08,16,7839229,7204498,6277695,5260731,-9999,8043277,8025260,-9999,-9999,-9999,-9999,7460813,-9999,7497881,7877824,7666632,6625948,7386212,7634943,7066884,7327163,6529327,8031525,7089962,7288705,7064315,7046543,7295625,6305929,6589207,6565365,5975365,6194182,5087023,5739906,6001098,5712798,5280375,4466791,5668564,5753168,5470644,5173737,5136708,5248792,4695733,4843519,5451801,5732563,5317269,4956178,5306922,5223721
08,17,7798317,7166066,6229020,5205521.4,-9999,-9999,-9999,7967274,-9999,8131083,-9999,-9999,7968879,7443689,7846901,7618597,6579986,7354855,7596501,7029532,7284894,6506771,7996437,7097631,7253932,6960122,7000157,7248444,6262081,6576643,6470340,5924739,6166865,5029583,5671008,5967286,5632612,5232454,4376499,5624729,5713158,5419847,5100364,5103981,5216761,4634809,4781603,5431810,5709815,5230369,4885117,5246071,5244321
08,18,7803924,7127539,6176863,5152040.4,-9999,7894359,7944389,-9999,8166495,-9999,-9999,7389764,-9999,7383632,7815582,7572637,6533248,7311866,7559356,7006871,7250322,6477515,7977859,7086247,7200178,6871929,6946327,7222108,6186198,6560707,6417318,5892882,6103847,4994945,5591657,5905587,5597186,5154913,4306208,5599606,5674861,5328130,5015729,5094520,5185339,4563912,4680152,5429749,5670667,5168686,4815890,5189467,5284357
08,19,7768798,7094467,6123932,5104308.8,-9999,-9999,-9999,7915441,-9999,8032677,-9999,-9999,7910282,7332897,7780543,7507964,6503966,7275246,7534366,6976747,7237498,6466797,7915454,7089391,7154818,6790390,6905076,7154792,6129678,6513913,6360555,5844486,6025426,4948303,5521995,5831529,5557079,5106234,4225947,5543814,5614708,5248075,4970889,5092819,5148707,4534816,4559264,5387337,5600070,5126043,4754656,5164954,5284752
08,20,7733229,7062671,6070543,5057088.6,-9999,7747849,7916599,-9999,8111317,-9999,-9999,7350197,-9999,7286569,7715566,7467099,6477203,7238210,7499790,6923346,7233135,6461806,7871564,7085296,7124025,6712334,6839329,7117201,6082830,6463851,6270499,5800790,5957935,4877731,5504442,5759016,5540885,5065593,4143648,5498323,5551956,5199264,4922931,5058209,5082310,4507767,4484792,5343838,5547323,5054266,4722778,5065570,5202957
08,21,7704123,7031283,6021914,5013675.7,-9999,-9999,-9999,7878057,-9999,7959021,-9999,-9999,7807956,7242016,7704884,7462003,6460057,7216013,7465344,6864030,7232674,6450714,7822041,7058313,7098976,6644668,6794752,7071275,6049607,6447903,6192185,5783798,5918527,4805567,5461717,5718026,5500030,5011691,4073072,5487870,5489997,5137974,4894486,5047907,5022611,4471119,4385823,5301591,5500508,4987517,4681206,4986225,5155521
08,22,7675098,7002844,5987282,4960647.1,-9999,7676311,7873685,-9999,8036260,-9999,-9999,7278283,-9999,7233213,7652670,7449277,6418796,7184833,7437780,6824536,7231080,6425850,7803047,7017633,7093795,6591093,6770994,7031018,6040253,6429008,6110993,5787060,5917747,4739018,5393576,5644655,5429483,4927050,4010866,5448094,5440376,5066776,4862998,5003285,4975271,4442272,4317485,5270729,5431208,4925226,4654154,4952638,5101829
08,23,7648612,6969121,5946162,4910029.5,-9999,-9999,-9999,7866684,-9999,7850634,-9999,-9999,7742637,7216541,7606981,7451314,6410466,7143038,7431265,6767035,7219890,6382669,7765858,6944784,7078293,6547911,6707816,6997877,6022687,6398519,6049061,5774455,5896201,4701197,5333512,5576540,5379442,4872422,3917009,5433298,5392741,4992583,4811887,4943252,4945395,4412266,4265975,5246960,5355592,4851531,4613775,4904960,5036643
08,24,7620458,6927221,5905900,4860422.9,-9999,7621833,7838670,-9999,7967746,-9999,-9999,7210786,-9999,7193923,7553478,7460330,6386769,7112857,7393725,6706309,7219381,6335329,7707411,6861491,7046385,6502552,6639834,6967004,6011288,6374728,6027763,5738632,5890782,4666029,5247855,5510409,5347015,4834007,3819352,5405161,5338658,4921900,4749311,4893557,4904571,4390697,4236622,5233698,5243190,4812313,4577215,4859455,4987966
08,25,7583732,6935352,5867851,4811094.5,-9999,-9999,-9999,7818934,-9999,7764020,7532789,-9999,7675465,7197202,7518243,7437426,-9999,7075227,7365153,6636383,7232311,6304019,7606604,6762004,6990395,6446073,6599722,6931989,5983964,6348013,6016023,5697597,5870094,4646621,5132925,5461828,5309440,4794412,3736310,5369615,5304377,4850963,4645694,4846064,4871597,4382473,4205045,5201375,5173639,4773891,4514060,4819308,4916674
08,26,7554012,6883512,5834760,4758332.7,-9999,7513503,7793021,-9999,7844919,-9999,-9999,7131338,-9999,7221669,7471587,7404639,-9999,7018159,7354005,6562533,7228821,6263918,7517425,6694217,6907697,6404833,6555364,6915116,5926961,6321627,5979926,5685656,5838032,4615484,5036375,5440068,5258370,4746764,3681607,5326615,5279124,4713460,4545963,4811553,4860720,4359151,4172910,5148710,5148061,4708832,4420372,4762831,4870126
08,27,7522509,6786102,5799764,4712283,-9999,-9999,-9999,7707139,-9999,7700661,7493718,-9999,7653158,7195200,7439482,7349529,6220014,6996588,7353178,6506328,7227387,6234483,7478573,6647632,6842960,6353874,6510955,6912325,5884303,6298284,5930256,5680552,5828314,4568402,5005241,5420574,5186295,4731222,3645186,5262577,5264442,4584969,4464681,4812329,4832062,4339067,4156879,5093939,5117126,4655341,4334280,4743160,4826747
08,28,7488861,6754290,5769058,4678294,-9999,7443730,7794992,-9999,7778873,-9999,-9999,7029267,-9999,7185234,7411093,7287884,6225673,6964571,7326041,6473866,7213232,6220425,7432492,6594624,6802098,6289879,6454626,6887891,5840941,6278746,5888199,5654413,5810647,4520424,4991084,5393449,5139898,4700978,3586675,5196015,5243796,4526408,4432888,4812739,4804103,4339440,4118934,5050535,5094188,4606670,4289858,4732496,4813113
08,29,7460802,6730815,5735885,4646805.6,-9999,-9999,-9999,7642059,-9999,7667537,7369015,-9999,7569246,7198858,7386735,7219622,6243583,6932557,7301762,6458766,7194762,6210703,7401477,6566410,6772750,6225379,6382529,6862342,5788372,6257953,5858567,5606865,5802830,4471798,4938427,5369703,5143918,4624660,3550713,5115142,5217967,4514043,4403833,4775338,4793787,4328655,4058545,5006489,5062630,4558886,4272303,4692376,4749571
08,30,7429873,6705293,5704855,4609945.5,-9999,7361306,7832008,-9999,7718997,-9999,-9999,6955762,-9999,7191421,7315845,7159906,6248682,6902397,7280101,6431153,7162234,6196339,7373398,6540943,6739215,6178464,6317672,6827969,5741725,6240000,5845358,5531001,5802572,4442119,4891334,5337739,5131202,4542734,3538365,5082738,5215532,4491907,4302421,4723734,4768735,4302087,3995083,4987614,5008743,4521715,4260873,4673676,4743003
08,31,7405095,6677789,5673674,4575030.5,-9999,-9999,-9999,7651637,-9999,7602057,7262869,-9999,7485155,7178531,7304300,7122066,6254878,6882897,7268198,6408013,7119955,6171229,7327180,6524054,6721060,6100424,6250272,6782116,5720539,6200551,5833644,5514905,5821459,4413960,4828727,5286754,5123914,4495829,3509386,5052103,5218262,4438696,4242650,4668135,4742068,4259262,3943313,4985171,4958084,4490314,4235964,4667842,4730921
09,01,7380404,6661255,5646528,4548926.8,-9999,7315850,7844155,-9999,7651734,-9999,-9999,6886015,-9999,7170263,7289853,7087639,6252443,6882953,7257125,6384489,7094205,6157742,7314125,6516738,6713618,6039111,6213050,6747231,5701755,6129928,5803603,5527269,5834079,4413908,4767050,5258909,5126902,4481715,3475817,5037161,5213082,4375012,4168394,4629238,4733473,4248474,3894998,4968244,4905143,4440403,4223049,4649885,4693361
09,02,7358153,6639768,5627660,4526149.8,-9999,-9999,-9999,7597500,-9999,7566934,7187454,-9999,7395144,7169623,7286813,7075601,6228952,6881394,7235856,6334098,7060334,6124514,7316027,6527413,6694648,5994442,6197140,6729189,5674506,6121966,5803731,5541327,5827133,4412671,4720209,5220089,5101739,4463203,3445873,5016698,5200157,4346578,4090129,4632780,4749726,4214615,3860699,4960310,4850092,4417224,4204324,4613060,4654438
09,03,7335023,6616238,5613637,4504430.8,-9999,7261271,7839718,-9999,7545539,-9999,-9999,6837754,-9999,7176991,7305386,7055073,6218555,6859602,7227704,6288489,7051438,6087016,7291304,6537054,6642372,5958842,6203165,6715792,5617260,6094377,5822299,5530936,5818861,4379815,4714338,5188333,5029120,4424225,3445211,4989921,5179456,4368699,4054179,4638084,4740691,4174722,3804272,4972596,4822281,4387919,4186008,4587588,4616391
09,04,7314955,6594556,5589513,4482859.7,-9999,-9999,-9999,7510638,-9999,7534002,7053270,-9999,7334590,7197559,7324426,7037758,6219397,6820089,7212883,6260949,7037862,6068452,7272717,6539224,6600226,5913756,6193338,6694930,5571128,6047661,5827926,5525235,5772339,4331118,4666590,5180734,4966228,4391906,3414050,4957734,5142812,4368949,4056306,4640111,4732152,4158349,3732809,4932049,4804315,4356275,4191588,4573158,4623137
09,05,7293317,6578212,5567583,4456469.4,-9999,7196688,7829844,-9999,7519401,-9999,-9999,6742352,-9999,7204116,7317418,7009415,6223355,6759155,7194412,6237514,7040008,6063764,7262632,6541034,6565553,5894693,6178872,6678281,5536470,6008978,5806827,5511929,5752068,4277880,4628546,5184347,4905573,4359228,3365993,4942239,5092841,4373805,4045470,4586568,4717320,4175657,3687319,4844840,4777948,4318172,4168632,4574435,4616212
09,06,7273498,6563208,5547736,4426458.9,-9999,-9999,-9999,7420823,-9999,7527938,6933652,-9999,7306333,7220782,7286777,6993983,6204643,6717280,7190347,6219717,7032644,6055925,7251680,6539643,6518921,5901283,6149857,6663486,5528798,6003047,5769872,5501471,5738469,4240157,4612732,5175837,4853959,4325935,3325238,4923972,5050369,4349431,4022615,4532092,4704891,4176087,3659270,4768103,4765365,4288774,4170938,4554755,4558729
09,07,7255232,6550737,5537967,4402050.4,-9999,7188472,7838959,-9999,7447434,-9999,-9999,6711396,-9999,7219062,7267871,6972109,6199238,6650287,7202998,6204727,7054956,6058732,7218020,6542036,6489576,5886800,6133413,6654697,5527348,6012361,5725371,5493222,5762027,4216577,4532520,5149921,4809065,4298498,3312446,4893380,5035271,4307704,4017264,4515297,4663054,4168525,3607577,4750797,4730680,4276147,4149380,4555414,4515870
09,08,7242565,6548129,5525440,4382818.7,-9999,-9999,-9999,7364748,-9999,7495848,6830857,-9999,7310781,7235097,7255536,6936912,6183085,6609670,7246491,6198647,7069375,6069711,7211216,6554289,6467725,5871085,6111622,6649671,5513425,6017623,5720713,5472980,5801116,4194521,4503523,5151359,4769046,4287925,3300795,4861800,5027268,4297543,4024575,4486326,4609439,4163470,3589809,4733734,4713236,4256765,4129414,4550822,4485882
09,09,7235697,6550233,5516632,4371270.6,-9999,7162679,7850577,-9999,7398685,-9999,-9999,6744680,-9999,7252680,7250126,6933457,6179230,6594121,7277742,6210328,7075853,6098908,7223841,6550480,6429117,5862712,6093065,6653398,5516051,5996783,5733983,5461068,5805330,4173372,4500623,5135130,4747650,4269378,3282082,4831603,4991621,4312734,4031479,4472225,4603771,4170163,3586426,4682880,4684999,4220786,4107218,4571883,4481319
09,10,7230712,6556033,5507408,4376647.3,-9999,-9999,-9999,7302763,-9999,7466686,6752515,-9999,7329331,7264758,7268977,6949179,6187086,6572338,7289616,6226616,7072454,6121729,7255800,6567416,6428223,5839050,6060180,6645125,5531185,5976445,5712322,5443272,5779256,4144892,4533638,5106641,4721220,4269199,3264665,4833597,5000248,4358918,4076490,4473157,4619083,4149896,3571043,4659774,4666022,4205662,4082657,4598290,4508984
09,11,7229571,6556440,5504142,4376743.9,-9999,7158962,7817280,-9999,7357112,-9999,-9999,6777489,-9999,7265995,7293505,6946804,6201962,6546654,7279447,6225199,7057898,6128959,7280681,6566826,6440909,5835867,6058384,6632227,5534703,5946540,5683663,5423208,5741740,4126762,4554097,5071892,4771522,4276583,3234262,4825097,4987733,4365032,4124526,4500947,4571173,4110564,3562288,4647946,4660742,4191411,4089061,4593744,4503366
09,12,7231977,6558153,5496299,4370107.2,-9999,-9999,-9999,7259899,-9999,7449194,6737077,-9999,7377582,7291151,7307318,6959539,6198753,6497504,7286269,6221877,7020865,6114960,7339725,6590327,6461014,5850239,6037180,6630607,5531555,6003889,5709032,5383520,5711232,4128671,4542430,5054055,4811060,4280538,3206662,4809288,4935847,4319194,4203422,4502715,4545005,4087341,3563856,4612915,4631065,4163490,4083511,4592207,4464457
09,13,7240173,6563541,5484119,4368165.2,-9999,7141308,7772870,-9999,7331004,-9999,-9999,6820259,-9999,7303662,7334404,6976136,6187082,6451227,7285682,6225004,7037968,6104506,7405248,6604750,6472101,5861844,6057178,6603024,-9999,6072096,5759958,5364559,5658162,4135628,4534147,5062442,4803589,4314448,3200630,4820839,4902691,4268045,4239854,4494583,4583173,4053800,3554798,4626827,4602665,4165898,4072883,4618233,4458885
09,14,7254109,6567513,5481618,4371674.6,-9999,-9999,-9999,7292111,-9999,7437913,6738998,-9999,7434007,7309710,7368824,6986983,6171907,6434428,7310434,6234866,7061317,6088552,7440555,6582664,6480633,5869778,6084708,6582014,-9999,6032774,5803774,5361345,5625046,4097698,4535715,5090350,4778592,4389264,3197184,4826157,4904059,4257003,4268838,4499173,4570758,4025718,3582016,4668612,4562202,4174515,4081844,4607534,4493900
09,15,7269483,6573762,5479091,4379485.5,-9999,7137442,7778965,-9999,7335456,-9999,-9999,6906533,-9999,7315662,7398308,6986971,6157614,6434499,7324955,6245303,7083192,6089788,7498827,6567841,6465234,5870363,6109901,6575597,-9999,5937087,5811644,5329353,5634616,4068688,4523624,5115751,4743880,4442510,3178400,4834931,4888765,4359080,4253202,4541251,4546800,4006036,3605357,4705130,4532723,4154314,4122102,4592774,4561052
09,16,7286634,6592674,5481450,4370094.9,-9999,-9999,-9999,7334245,-9999,7410834,6795257,-9999,7502510,7332824,7410350,6993477,6139531,6476160,7353588,6281393,7136157,6085620,7578440,6558945,6443699,5873202,6152556,6562307,-9999,5942995,5793299,5297859,5664866,4070114,4516471,5125931,4684325,4420667,3177455,4824927,4886207,4391720,4233309,4577641,4513511,3991187,3630218,4727721,4523941,4135960,4147208,4579885,4555575
09,17,7304435,6605020,5487028,4372112.7,-9999,7106800,7803055,-9999,7356703,-9999,-9999,6992970,-9999,7353411,7445500,6975021,6111163,6475109,7377473,6306271,7166331,6088072,7638280,6554130,6430831,5902537,6180627,6553473,-9999,5943546,5727885,5271140,5710480,4065739,4510805,5156480,4622092,4417282,3213910,4832002,4884120,4412057,4293931,4590075,4491419,3964239,3734834,4740995,4527435,4141911,4146497,4615710,4557767
09,18,7324923,6627664,5497402,4404088.9,-9999,-9999,-9999,7373575,-9999,7459455,6845100,-9999,7514402,7403836,7481267,6970411,6099637,6474800,7393017,6333940,7195900,6086511,7704141,6569037,6467852,5951807,6216093,6583693,-9999,5933760,5712311,5232747,5752096,4074312,4521068,5168319,4623077,4412475,3319816,4838927,4898064,4502176,4371993,4593958,4501564,3978839,3745309,4788698,4557431,4166193,4141294,4640917,4571497
09,19,7354150,6654001,5512289,4433157.5,-9999,7058006,7816296,-9999,7388748,-9999,-9999,7044596,-9999,7477779,7501793,6967379,6082613,6489832,7427031,6373419,7217246,6086140,7767919,6573393,6477123,6045293,6271300,6609488,-9999,5983457,5703330,5222121,5770530,4099039,4533779,5177395,4646211,4452848,3370214,4861396,4927138,4558903,4418777,4586260,4499697,4010131,3723586,4813445,4598071,4181598,4154274,4624837,4611287
09,20,7380039,6681102,5564402,4471783.5,-9999,-9999,-9999,7419140,-9999,7491437,7019698,-9999,7567001,7513245,7523373,6966145,6066361,6495233,7460920,6403845,7239063,6088426,7829227,6586353,6518605,6122989,6319337,6643054,5786545,6020125,5715824,5208753,5721945,4115043,4547793,5215644,4680551,4487694,3427076,4923092,4975912,4592293,4458111,4645246,4473457,4054403,3723271,4813710,4653065,4190380,4163092,4607367,4650667
09,21,7407777,6705822,5591351,4501508.8,-9999,7041398,7868529,-9999,7423077,-9999,-9999,7059459,-9999,7561978,7533449,6977934,6065164,6474658,7497224,6438975,7233094,6109282,7857402,6598033,6546490,6237899,6394893,6666134,5853031,5986666,5768239,5179300,5714933,4102076,4580695,5236495,4716445,4504997,3441203,4987766,5021767,4592870,4520039,4681158,4457252,4091591,3750978,4824916,4709986,4206245,4204226,4628370,4692911
09,22,7475926,6737805,5617724,4533273.3,-9999,-9999,-9999,7469845,-9999,7520076,7225474,-9999,7594011,7616263,7550393,6992888,6098898,6512636,7560848,6484875,7214254,6109604,7866564,6593988,6556636,6379744,6453168,6669811,5888386,5953526,5824969,5179833,5724650,4080976,4613416,5266591,4790094,4524824,3437032,5001261,5040091,4627917,4611635,4701585,4485254,4113040,3813753,4853712,4713138,4227554,4255425,4636598,4753080
09,23,7511701,6779003,5644974,4575443.4,-9999,7063954,7904637,-9999,7432531,-9999,-9999,-9999,-9999,7672462,-9999,7044237,6136633,6531680,7605520,6555183,7240212,6113095,7904964,6614402,6580955,6507386,6502598,6667887,5899318,5983844,5894327,5208008,5758312,4068988,4671695,5241663,4838720,4551588,3474979,5019336,5061828,4704361,4707188,4701127,4535587,4159720,3868967,4882060,4729522,4244887,4288738,4633146,4805360
09,24,7552106,6829601,5677050,4628437.2,-9999,-9999,-9999,7491661,-9999,7540329,7363651,-9999,7695983,7705590,7651461,7117356,6186256,6553677,7674480,6636840,7260809,6123085,7970157,6654104,6587231,6649373,6525110,6705445,5937489,6019003,6012213,5257685,5850292,4067486,4695357,5244537,4891284,4581040,3520391,5086095,5108383,4755283,4800736,4704075,4602216,4234869,3932519,4908624,4794899,4316399,4292916,4651155,4905433
09,25,7595729,6884858,5724060,4675839.6,-9999,7086791,7982407,-9999,7486275,-9999,-9999,-9999,-9999,7728634,7701746,7171863,6233458,6570454,7792594,6740946,7302235,6123597,8044455,6700556,6613892,6726388,6530745,6773261,5975686,6042339,6089532,5286308,5920525,4077397,4695414,5271626,5008037,4617883,3539969,5143721,5173849,4758781,4840390,4755321,4660401,4260044,4042141,4921576,4836904,4382337,4297573,4705302,4971235
09,26,7638917,6938131,5766719,4715900.5,-9999,-9999,-9999,7575828,-9999,7656038,7448235,-9999,7809547,7739445,7755655,7210546,6288221,6584974,7885120,6859169,7374464,6121747,8088807,6719204,6658515,6801090,6547799,6847966,6056187,6059466,6142318,5339702,5921186,4120815,4764599,5314492,5067368,4678172,3568640,5183869,5211041,4737804,4919652,4839290,4684212,4268957,4085786,4949954,4851313,4405080,4302018,4762919,5086907
09,27,7690910,6987819,5812058,4772677.3,-9999,7104807,8094358,-9999,7546871,-9999,-9999,-9999,-9999,7778525,7834053,7238510,6345268,6615979,7962645,6947478,7443917,6090785,8096456,6748111,6764116,6863434,6574886,6914988,6164410,6075427,6197452,5399288,5890320,4190167,4848860,5354787,5171405,4726740,3623080,5269020,5222194,4800485,5011447,4888701,4702933,4310768,4070784,4972097,4885851,4409784,4302268,4790895,5095104
09,28,7740989,7043248,5869138,4827277.9,-9999,-9999,-9999,7667110,-9999,7806894,7499399,-9999,7988687,7816272,7899333,7267493,6422501,6661559,8044937,7000424,7545575,6047671,8091177,6803134,6896719,6918780,6608173,6986909,6258359,6106829,6261325,5459200,5852897,4271853,4878948,5372412,5269722,4785422,3682024,5340043,5228522,4881060,5030140,4997291,4713998,4344557,4076912,4996430,4967890,4419197,4309697,4857973,5178168
09,29,7759631,7095498,5941315,4866218.2,-9999,7169874,8136158,-9999,7670046,-9999,-9999,7335116,-9999,7876994,7994378,7304653,6484674,6722230,8105073,7046534,7635483,6025536,8076606,6846711,7041922,6970215,6658658,7085181,6345432,6191243,6331497,5544329,5834711,4320237,4930078,5425978,5342945,4795450,3740052,5412477,5268826,4968229,5013331,5019633,4729615,4371624,4116063,5038526,5008318,4457978,4329504,4979715,5222368
09,30,7818414,7159011,6013416,4914924.4,-9999,-9999,-9999,7887530,-9999,7955483,7592837,-9999,8159996,7962536,8052730,7352741,6568180,6814590,8142626,7090842,7707849,6018405,8088304,6917709,7208443,7033160,6727559,7181849,6381858,6274120,6399882,5646480,5863536,4427297,5087199,5481351,5395258,4846516,3801059,5510856,5326036,5033109,5040582,5048182,4739473,4408173,4140211,5061084,5030842,4517243,4374525,5019051,5303835
10,01,7878684,7221980,6093730,4960782.8,-9999,7290682,8138808,-9999,7789376,-9999,-9999,7371077,-9999,8088150,8103373,7398980,6656493,6863796,8215940,7164687,7761970,6045065,8111700,6981683,7324714,7093748,6831562,7275448,6462765,6346757,6453887,5708621,5925428,4507903,5195060,5562154,5425034,4950500,3848883,5608684,5382281,5069941,5035947,5092212,4734314,4460032,4164656,5125078,5061389,4583050,4422588,5030756,5447326
10,02,7949442,7291147,6178309,4994277,-9999,-9999,-9999,8041240,-9999,8060823,7724799,-9999,8371450,8186976,8153434,7462055,6744635,6954972,8290279,7264478,7800296,6079573,8158007,7032458,7419960,7166815,6927339,7350512,6629278,6393567,6534248,5760281,6023812,4540994,5268454,5618722,5499113,5019350,3876008,5660303,5453693,5053825,5013789,5140248,4734635,4491806,4184732,5212564,5113414,4652991,4449841,5103561,5508086
10,03,8022183,7363322,6258124,5040270.5,-9999,7436984,8246754,-9999,7944783,-9999,-9999,7496495,-9999,8260251,8219452,7539732,6814863,7043301,8362915,7385516,7865930,6094082,8222766,7081562,7512328,7249952,7044014,7414986,6863172,6473664,6598211,5818770,6125067,4545733,5366528,5606989,5633020,5056865,3894554,5675521,5541324,5100042,5034338,5187695,4763771,4515575,4205637,5245181,5168189,4718751,4469076,5176975,5585057
10,04,8108969,7448581,6334188,5098882.8,-9999,-9999,-9999,8237802,-9999,8214726,7808966,-9999,8568907,8318832,8316860,7645719,6889680,7189218,8451324,7512781,7903862,6128057,8318170,7141762,7589609,7361345,7149233,7499898,7033045,6538185,6645443,5877880,6209257,4588936,5429125,5618711,5696935,5045982,3927099,5815552,5608093,5179899,5097956,5278792,4804196,4534324,4223302,5296357,5215444,4758105,4522256,5330283,5623492
10,05,8189164,7538387,6423881,5162760.1,-9999,7614954,8361636,-9999,8207038,-9999,-9999,7699053,-9999,8348195,8401366,7749446,6953266,7299553,8570942,7728027,7932405,6164025,8386583,7184158,7688222,7476684,7294342,7585212,7115602,6627689,6700524,5961757,6232002,4652617,5549610,5676264,5780117,5050161,4028867,5931507,5650425,5315653,5153716,5311200,4849613,4556342,4276188,5328434,5274385,4844416,4578197,5472498,5669372
10,06,8283394,7616454,6510135,5239456.2,-9999,-9999,-9999,8390628,-9999,8376803,7931071,-9999,8720911,-9999,8482620,7838894,7055992,7406797,8627197,7910808,7952841,6211119,8464763,7257382,7711405,7566231,7442617,7689503,7171521,6710114,6834889,6039863,6221380,4746384,5685671,5736707,5854347,5108141,4141977,6016476,5724431,5463199,5174905,5434510,4874753,4601823,4322747,5383313,5304103,4957406,4623446,5539194,5731917
10,07,8366835,7713645,6600771,5329400.5,-9999,7761641,8609143,-9999,8566586,-9999,-9999,7827113,-9999,8567260,8549349,7900183,7184528,7537379,8669811,8077850,7992350,6266057,8560338,7412028,7743513,7692594,7603573,7733927,7267279,6721553,7005581,6132094,6247819,4848415,5832697,5778465,5929671,5231785,4223849,6162905,5803542,5607279,5179186,5589371,4916132,4650285,4359627,5470028,5303333,5057555,4676497,5538427,5776829
10,08,8446729,7793667,6690991,5409709.5,-9999,-9999,-9999,8505640,-9999,8515723,8005623,-9999,8851035,8686106,8621529,7965894,7313162,7633711,8728680,8160226,8026048,6320859,8639058,7504231,7804885,7805812,7704086,7769400,7370055,6719437,7064286,6233361,6299952,4950625,6014877,5808986,6048255,5318817,4314756,6276942,5892146,5754297,5184568,5722390,4934001,4650923,4404243,5617868,5358645,5137243,4731202,5491740,5832136
10,09,8515993,7877225,6777428,5493700.7,-9999,7917980,8760581,-9999,8876140,-9999,-9999,7991909,-9999,8684274,8692898,8054412,7403091,7770360,8787096,8255955,8095079,6392814,8686443,7583852,7867568,7929990,7797346,7805386,7466412,6753804,7139556,6328923,6362024,5059277,6180435,5919012,6164191,5376119,4406709,6414201,6004606,5893819,5230747,5840456,4967777,4638382,4472307,5719912,5444442,5249434,4815928,5474060,5839814
10,10,8579072,7974201,6877879,5579765.3,-9999,-9999,-9999,8605086,-9999,8704779,8058781,-9999,8952771,8699917,8725606,8170550,7540130,7970435,8854916,8315457,8177694,6503004,8736727,7665049,7913711,8064885,7949274,7845476,7549866,6839864,7233150,6359695,6441953,5112922,6306080,6116815,6317627,5428586,4516139,6521075,6139618,5975898,5249138,5905900,5045380,4698292,4547527,5805353,5529406,5400921,4884161,5506823,-9999
10,11,8656600,8073335,6981218,5678177,-9999,8051220,8888121,-9999,9079170,-9999,-9999,8150545,-9999,8749620,8787541,8304482,7692987,8149293,8943782,8412548,8236795,6661039,8790103,7755038,7957046,8134715,8088596,7878222,7654988,6916498,7351998,6384774,6542901,5143974,6431896,6294019,6479527,5428727,4681835,6665549,6259354,6037585,5294114,5988264,5182196,4764619,4636863,5941967,5658581,5482097,4923579,5580860,-9999
10,12,8735343,8192684,7097724,5774730.4,-9999,-9999,-9999,8741910,-9999,8896844,8121472,-9999,9131392,8857611,8888138,8383078,7842134,8341178,9011037,8606101,8319766,6883486,8849254,7839775,8028258,8205852,8170954,7909914,7743330,7014923,7510872,6476220,6668682,5136862,6553464,6356884,6557538,5511347,4795551,6796978,6392066,6127490,5367956,6107621,5259824,4830933,4744432,6046546,5787897,5498085,4969542,5653485,-9999
10,13,8797229,8299311,7212248,5869841.4,-9999,8205791,8988526,-9999,9287007,-9999,-9999,8272594,-9999,8874707,8987934,8462948,7959519,8495975,9047040,8667907,8374862,7182346,8912597,7924345,8078850,8349670,8244571,7944899,7797604,7184776,7626260,6614433,6972479,5217096,6742960,6409102,6596818,5628027,4911701,6886827,6547460,6234911,5437344,6213536,5360941,4880849,4824373,6125263,5913500,5550262,5050962,5695275,-9999
10,14,8852433,8405022,7321770,5987773.9,-9999,-9999,-9999,8830592,-9999,9009045,8196500,-9999,9269390,8888851,9051143,8579395,8125876,8622869,9086531,8685185,8444496,7493981,8971323,8029061,8147237,8443665,8279772,7997267,7832121,7382337,7676984,6786250,7174314,5336673,6971770,6514588,6674086,5739603,5101823,7029839,6641095,6410743,5539577,6275371,5522819,4942783,4905681,6181280,6037312,5631351,5138741,5737030,-9999
10,15,8907060,8498729,7418155,6122336.4,-9999,8523402,9041612,-9999,9437737,-9999,-9999,8371359,-9999,8894122,9120647,8685071,8321735,8742075,9116744,8693256,8530190,7712500,8991655,8133713,8219232,8526193,8317175,8046488,7944530,7564566,7717117,6915101,7384112,5454601,7155048,6616332,6807840,5843778,5390412,7116601,6709270,6588058,5660235,6354723,5717495,5034952,4938567,6265514,6134023,5746622,5265735,5805612,-9999
10,16,8957185,8583636,7522425,6244258.5,-9999,-9999,-9999,8896073,-9999,9179887,8282311,-9999,9376312,8900946,9152421,8801805,8457274,8809885,9149923,8697861,8646618,7931921,9015628,8228943,8308599,8589711,8405602,8160281,8030047,7692538,7774277,6947193,7530432,5554234,7353119,6709878,6962773,5920057,5642634,7229650,6807827,6800955,5713297,6463043,5780697,5121652,4928965,6417838,6246390,5925150,5371109,5897934,-9999
10,17,9008624,8672587,7629462,6365203.8,-9999,8866919,9125954,-9999,9549932,-9999,-9999,8437590,-9999,8900122,9177389,8905767,8731596,8860169,9195293,8712039,8768972,8103160,9047784,8268306,8376435,8662118,8494120,8235040,8080264,7757952,7886759,7047553,7623667,5640092,7464159,6831245,7071447,5990616,5804437,7400486,6987351,7043581,5756548,6589426,5772608,5235538,4959023,6582422,6379234,6159013,5534327,5997473,-9999
10,18,9057845,8759265,7744225,6502882.2,-9999,-9999,-9999,8962518,-9999,9327258,8353470,-9999,9601130,8933143,9195717,8968854,8954701,8914952,9222320,8747274,8850619,8280168,9096337,8333607,8457835,8734834,8545101,8317673,8151885,7925701,7966191,7189387,7689406,5790119,7564767,6935540,7146948,6117502,5969421,7524787,7190692,7215555,5851597,6776771,5869050,5366499,4999690,6752933,6538991,6390844,5760282,6055054,-9999
10,19,9125760,8828216,7865387,6643370.7,-9999,9036939,9203494,-9999,9622804,-9999,-9999,8532953,-9999,8992594,9220364,9167214,8977653,8940729,9243458,8814138,8949632,8445297,9128377,8424489,8541756,8816626,8575090,8347502,8217630,8127272,7984685,7403232,7783117,5991377,7675036,7027754,7288764,6196336,6129933,7618170,7430794,7323512,6005396,6930119,6010146,5500537,5066151,6940339,6680126,6679394,5904312,6135256,-9999
10,20,9188895,8912415,7981034,6752754.9,-9999,-9999,-9999,9011038,-9999,9480628,8548381,-9999,9751930,9058903,9267322,9241163,9044736,9012802,9298276,8879943,9086586,8610677,9155115,8509715,8619523,8906776,8603626,8368505,8328203,8255024,8010984,7625004,7915803,6248960,7816981,7138262,7362735,6278016,6348887,7689301,7540951,7363764,6153229,7028872,6136029,5625765,5127751,7113010,6761613,6849659,6027449,6302812,-9999
10,21,9247616,8998873,8090345,6869260,-9999,9192508,9305898,-9999,9737993,-9999,-9999,8656023,-9999,9176920,9297101,9279244,9164230,9089418,9368202,8970998,9173814,8722529,9197760,8607485,8700591,8993706,8647798,8406085,8432319,8345741,8090096,7905162,7997721,6549901,8000959,7327353,7408975,6453820,6580771,7767399,7691505,7405712,6265154,7113644,6248035,5757585,5192141,7209003,6801271,6928779,6148866,6461902,-9999
10,22,9312099,9086158,8186304,7003963.2,-9999,-9999,-9999,9096133,-9999,9640861,8720379,-9999,9796603,9264158,9354853,9370425,-9999,9118826,9444287,9110491,9264798,8808739,9236303,8713781,8785899,9101398,8718204,8439196,8537355,8471596,8154784,8136329,8064717,6712659,8162267,7424483,7485355,6651533,6809009,7882443,7793454,7535180,6386117,7226571,6392057,5877913,5263107,7361258,6930377,7015114,6246576,6635197,-9999
10,23,9374778,9164853,8281884,7117397.4,-9999,9460452,9404179,-9999,9863847,-9999,-9999,8787204,-9999,9298061,9418236,-9999,9389878,9150008,9503849,9207593,9357679,8898490,9295250,8822556,8850236,9172995,8793664,8493280,8655320,8576044,8252548,8206625,8113631,6889430,8264644,7569024,7520863,6865887,6922863,7979621,7886661,7682510,6498006,7274322,6575429,5967812,5337274,7433915,7076335,7111550,6488618,6790730,-9999
10,24,9445225,9219890,8370622,7235393.3,-9999,-9999,-9999,9216795,-9999,9790439,8907886,-9999,9782282,9325107,9485560,9630706,-9999,9191143,9540840,9257509,9449409,8988975,9333693,8903387,8903755,9240315,8868028,8571381,8698345,8657990,8377252,8333989,8300424,7020156,8393317,7590797,7550131,7077760,7037619,8067410,8005654,7841460,6602186,7307330,6731603,6132780,5481384,7526562,7214041,7227397,6724736,6920454,-9999
10,25,9504877,9275201,8455738,7358477.4,-9999,9650981,9537078,-9999,10044563,-9999,-9999,8990085,-9999,9331440,9546524,9675502,9389878,9221881,9576118,9311084,9525586,9095243,9378285,8994037,8942095,9317806,8917065,8672039,8752209,8699195,8481674,8456572,8406514,7134430,8505640,7542357,7625707,7310864,7081690,8165288,8136569,7909226,6680987,7408271,6933069,6333103,5632933,7673333,7372318,7358109,6888612,7020473,-9999
10,26,9564663,9326384,8547878,7487698.6,-9999,-9999,-9999,9363137,-9999,9880261,9053419,-9999,9852942,9363110,9586620,9712150,-9999,9273661,9616232,9386051,9596297,9233452,9408796,9083782,8958638,9380547,8969716,8777851,8809365,8745251,8514683,8589773,8476887,7326425,8545826,7668485,7695499,7502426,7101108,8255361,8274621,7967525,6738505,7537503,7182053,6622385,5769170,7821339,7599552,7545777,6995002,7095108,-9999
10,27,9636367,9388646,8642847,7611112,-9999,9714298,9689202,-9999,10245336,-9999,-9999,9163718,-9999,9441727,9657096,9768065,-9999,9328613,9665388,9470453,9676974,9346898,9446836,9159443,8977893,9425314,9032058,8922017,8850419,8782441,8577865,8663747,8499225,7568335,8642403,7863019,7751957,7688250,7169323,8340047,8398994,8019058,6825763,7694454,7389705,6833569,5883277,7884122,7798159,7741416,7077505,7187702,-9999
10,28,9709179,9490211,8722289,7715246.5,-9999,-9999,-9999,9547722,-9999,9953965,9177681,-9999,9967917,9536109,9729332,9806055,9703527,9387799,9771568,9569022,9751814,9447310,9488446,9257900,9024887,9499838,9097086,9028912,8878785,8827219,8699659,8788906,8530322,7771181,8729772,8079858,7813384,7852602,7249726,8414854,8500378,8091177,6840628,7784290,7542687,7062739,6015690,7965838,7936515,7898629,7149435,7293534,-9999
10,29,9783263,9562192,8794121,7805070.5,-9999,9732064,9837589,-9999,10397775,-9999,-9999,9412404,-9999,9644961,9792890,9858861,9746638,9426983,9869240,9677471,9831956,9518541,9506355,9348388,9093921,9602426,9164441,9125941,8905366,8839609,8807640,8929236,8602075,7912423,8838486,8214666,7865774,8009576,7402475,8515149,8565910,8210513,6872962,7817053,7574049,7217244,6263660,8055571,8103912,8017244,7241750,7375911,-9999
10,30,9851705,9617884,8874346,7912770.8,-9999,-9999,-9999,9693642,-9999,10095102,9241679,-9999,10098591,9759384,9849613,9899496,9766918,9452849,9948081,9777279,9863800,9560199,9508788,9434403,9175410,9691109,9235136,9248008,8913097,-9999,8869231,8992622,8706075,8017901,8962391,8329014,7996158,8037638,7517976,8618357,8702074,8339701,6921148,7882757,7735730,7376169,6548425,8150052,8243157,8138143,7332733,7468462,-9999
10,31,9917324,9682493,8955647,8028578.9,-9999,9825028,10052220,-9999,10468846,-9999,-9999,9590242,-9999,9877017,9906643,9943117,9815454,9490070,10006624,9877897,9915278,9627633,9521362,9515187,9268830,9786592,9321766,9344330,8928056,-9999,8879155,9028506,8811757,8122751,9057356,8426041,8139808,8140510,7655476,8729613,8814725,8505723,6966858,7933135,7875297,7524644,6779529,8255116,8297698,8270463,7400149,7512183,-9999
11,01,9973758,9731637,9037991,8136329.3,10472248,-9999,-9999,9793679,-9999,10249041,9355687,-9999,10142894,9985839,9947942,9970838,9876985,9562170,10048173,9936636,9936094,9676166,9524498,9555487,9343034,9857131,9396107,9421951,9000267,-9999,8938978,9075368,8908818,8244072,9106807,8525793,8286412,8326471,7740115,8829823,8870568,8598518,7034195,7974795,8030345,7672051,6992188,8312099,8348110,8327303,7473164,7554235,-9999
11,02,10032891,9789505,9119528,8254153.7,-9999,9933245,10177623,-9999,10573924,-9999,-9999,9720456,-9999,10049337,9993665,10016863,9928479,9644839,10086837,10082827,9963786,9710908,9546616,9611820,9414101,9904841,9443530,9505214,9105682,-9999,9003934,9140816,8950280,8402148,9108338,8592133,8464991,8505081,7828356,8926280,8928738,8634401,7167227,8059830,8222375,7804258,7268936,8371368,8441641,8357052,7564311,7544236,-9999
11,03,10095963,9841174,9193656,8366727.9,10561606,-9999,-9999,9954687,-9999,10360952,9474450,-9999,10262699,10100167,10044888,10065758,9987642,9722978,10079198,10264202,9999333,9729326,9536959,9669800,9471193,9951106,9465879,9612804,9198763,-9999,9122121,9231167,8974639,8541487,9155542,8653765,8567204,8638774,7959487,8986998,9031363,8675338,7303342,8146688,8421146,7936939,7467492,8444568,8530140,8403342,7645237,7585573,-9999
11,04,10163330,9887728,9257902,8463061.1,-9999,10003259,10292554,-9999,10760725,-9999,-9999,9866774,-9999,10151177,10104088,10079553,10046172,9829539,10103338,10363615,10021685,9751822,9534953,9730225,9515920,9980014,9485553,9682617,9263790,-9999,9282203,9264404,9010507,8648868,9242262,8717739,8670630,8749687,8058609,9004050,9089388,8764889,7441845,8220943,8577519,8053051,7659839,8479233,8617077,8493883,7751224,7625052,-9999
11,05,10221227,9940123,9319441,8539436.9,10758362,-9999,-9999,10195933,-9999,10475701,9630913,-9999,10401519,10196542,10172498,10092967,10092926,9936107,10155142,10437584,10116378,9777942,9536604,9801729,9536183,10010631,9501048,9771038,9308688,-9999,9410410,9310420,9029476,8740352,9381818,8740061,8688554,8785115,8185689,8986331,9164063,8864357,7603523,8346009,8624638,8146090,7787865,8539100,8714056,8570285,7916815,7727996,-9999
11,06,10274344,9987027,9368577,8606873.2,-9999,10056636,10399954,-9999,10832031,-9999,-9999,9940363,-9999,10233575,10230537,10123574,10148639,10031217,10212477,10498034,10174053,9790011,9554768,9859784,9571027,10030261,9524950,9856907,9318434,-9999,9522955,9365716,9053418,8809613,9502549,8856100,8703598,8767937,8264563,8985973,9249205,8968443,7725842,8494119,8651221,8257831,7863515,8629611,8823687,8633585,8056955,7869464,-9999
11,07,10334651,10040258,9426612,8690075.1,10871582,-9999,-9999,10328606,-9999,10554977,9847782,-9999,10531372,10283887,10341348,10144749,10209896,10112487,10301057,10529930,10215850,9826765,9574328,9916981,9636420,10078862,9546073,9919544,9308252,9241626,9549733,9423590,9051797,8911355,9620588,8878642,8848556,8796581,8309656,8998317,9311793,9085057,7841406,8652033,8694063,8363289,7959495,8757081,8903043,8709444,8136356,7983037,-9999
11,08,10395998,10099162,9478836,8757110.2,-9999,10142203,10527666,-9999,10891207,-9999,-9999,10036364,-9999,10361198,10406977,10198043,10274746,10173910,10356185,10595850,10271169,9866480,9626999,9996678,9723606,10105993,9587328,9979736,9339874,9302862,9570693,9502299,9073768,9022629,9714724,8894329,8971413,8819829,8357836,8967120,9341751,9171176,7967889,8718780,8793900,8461408,8130989,8880466,8950562,8811672,8236132,8072628,-9999
11,09,10470711,10165115,9538967,8813602.1,10973988,-9999,-9999,10414018,-9999,10653346,10006547,-9999,10740389,10456744,10546079,10259469,10327187,10216381,10423558,10681794,10341180,9917869,9662781,10079414,9843222,10157760,9648972,10045268,9422944,9348231,9657296,9541714,9152826,9133777,9780255,8991021,9058517,8840157,8401423,9036260,9332683,9184700,8028909,8848253,8894807,8510312,8284105,8981280,9002229,8922848,8352808,8159076,-9999
11,10,10547127,10225777,9597196,8892282.3,-9999,10249114,10633429,-9999,10963962,-9999,-9999,10208402,-9999,10564917,10655933,10303929,10402921,10270591,10467716,10727719,10412915,9981276,9693290,10132553,9904379,10264414,9692511,10130823,9518845,9407588,9750010,9569820,9252335,9241160,9820545,9089115,9130591,8861284,8460959,9146951,9339344,9333930,8135123,8954039,8967617,8592985,8369720,9051451,9068328,8993367,8513500,8246504,-9999
11,11,10628648,10288223,9651277,8971532.7,11084191,-9999,-9999,10583322,-9999,10830138,10178294,-9999,10875348,10646752,10763039,10335911,10458415,10358808,10558607,10767351,10466473,10033962,9733399,10184480,9959134,10361605,9726373,10227842,9606564,9486669,9845407,9611105,9310084,9300308,9839548,9103751,9203742,8942188,8538498,9229693,9390895,9390846,8288376,9002879,9060630,8667580,8422404,9114805,9141207,9052295,8619031,8339474,-9999
11,12,10726524,10353290,9708963,9032330.4,-9999,10440743,10791212,-9999,11100020,-9999,-9999,10450332,-9999,10760344,10874598,10379657,10549071,10448433,10630530,10823785,10521245,10069990,9797147,10225019,10023926,10443757,9791854,10288307,9694418,9535760,9926161,9652677,9323120,9368978,9838124,9098093,9241366,9015181,8644722,9255254,9473438,9409153,8360238,9000108,9152939,8770905,8516166,9217187,9213872,9153590,8690324,8420913,-9999
11,13,10826510,10420865,9778905,9091255.5,11211326,-9999,-9999,10776707,-9999,11017451,10399899,-9999,11156992,10869346,10973485,10427107,10649662,10494856,10688024,10913292,10594142,10137178,9833522,10269714,10102665,10525594,9857303,10394266,9786063,9562968,9959333,9688439,9344149,9405555,9828828,9105256,9247336,9106399,8714262,9288318,9577334,9444658,8398256,9045289,9194503,8896200,8592673,9334962,9295570,9206406,8731777,8458991,-9999
11,14,10922127,10477713,9848174,9163846.7,-9999,10623705,10915402,-9999,11396094,-9999,-9999,10635164,-9999,10967805,11065947,10500640,10709085,10541807,10810229,10981780,10622170,10197802,9875333,10290857,10157940,10590123,9926408,10509972,9876528,9717691,9988120,9708739,9413591,9415458,9875549,9238191,9300168,9205038,8791154,9368004,9667093,9528235,8434463,9109626,9278237,8956449,8687981,9440514,9368782,9272072,8777569,8498620,-9999
11,15,11001185,10537081,9907621,9227964,11394411,-9999,-9999,10915959,-9999,11226798,10619842,-9999,11366794,11028046,11133563,10560378,10769119,10608668,10947707,11006098,10663201,10265169,9943901,10328593,10210835,10627521,9952074,10591995,9977997,9804066,10035287,9735434,9463458,9444505,9932403,9420462,9378278,9352667,8909276,9471683,9727473,9577243,8457484,9174360,-9999,9003212,8703052,9527384,9439783,9436856,8838924,8534385,-9999
11,16,11072016,10599552,9965133,9311785.2,-9999,10760238,11059772,-9999,11514995,-9999,-9999,10799515,-9999,11074923,11171312,10592195,10846544,10670900,11097519,11024790,10707408,10364214,9982422,10384393,10255330,10661997,9974393,10653112,10092980,9863696,10070707,9763054,9510843,9491357,9974650,9553183,9472855,9421403,9060094,9524937,9786115,9594849,8464816,9223949,9505803,9063031,8767010,9649194,9465866,9615042,8888359,8573901,-9999
11,17,11135984,10660752,10015432,9366516.2,11500746,-9999,-9999,11058676,-9999,11380336,11019476,-9999,11427009,11128013,11237649,10644476,10908004,10718565,11249142,11059511,10768310,10465749,10008994,10415517,10289345,10724380,10024288,10691380,10265061,9925293,10104666,9762940,9519654,9573189,10062684,9683401,9515781,9501241,9176843,9533763,9812434,9617058,8418099,9332113,9611090,9146740,8805658,9730352,9447527,9701576,8991215,8608309,-9999
11,18,11192101,10719598,10082838,9414871.7,-9999,10887254,11189625,-9999,11488915,-9999,-9999,10875592,-9999,11167625,11311440,10741805,10942409,10773719,11380563,11109844,10832865,10536447,10087883,10455076,10317311,10759867,10094492,10748824,10361384,9950122,10162187,-9999,-9999,9638778,10141299,9766040,9502313,9556630,9269545,9618345,9848930,9604910,8320714,9375797,9795640,9255893,8829612,9796486,9464006,9735567,9091229,8691086,-9999
11,19,11266139,10776213,10146942,9465764.4,11639321,-9999,-9999,11134749,-9999,11502793,11288625,-9999,11480356,11240240,11370567,10899546,10988981,10820167,11469109,11143487,10885928,10623818,10160101,10519639,10360313,10790586,10171686,10778331,10427135,-9999,-9999,9955611,-9999,9739225,10240135,9815822,9537719,9621073,9405060,9737140,9879345,9591488,8302669,9365178,9868007,9349965,8867280,9868541,9561772,9787827,9152364,8783620,-9999
11,20,11337448,10833579,10216259,9537594.5,-9999,11014572,11404150,-9999,11518222,-9999,-9999,11012516,-9999,11298220,11449449,11056842,11066198,10873162,11540226,11164488,10957482,10678135,10258598,10579709,10393562,10824230,10271842,10831369,10425730,10031073,-9999,10002309,9513425,9835251,10307777,9852252,9575789,9703850,9500637,9868408,9923530,9599076,8403027,9420626,9972794,9408208,8960902,9913562,9665617,9833956,9145892,8821136,-9999
11,21,11417095,10896164,10286442,9622233.8,11830256,-9999,-9999,11230028,-9999,11591849,11480526,-9999,11561234,11340337,11573236,11248526,11119917,10954317,11607627,11207116,11008789,10745502,10351850,10651633,10469488,10845403,10364032,10861838,10487365,10047986,10403427,10152704,9518605,9926808,10348306,9927160,9592306,9791184,9579529,9958054,9992276,9642870,8601015,9459478,10131710,9473916,9121696,9988715,9742890,9847843,9216740,8877607,-9999
11,22,11487776,10965388,10357072,9708448.2,-9999,11200213,11631574,-9999,11549624,-9999,-9999,11174338,-9999,11396574,11637369,11433619,11179573,11065045,11684356,11254697,11052101,10835104,10422460,10747851,10541283,10871407,10484996,10866461,10590417,10086396,10425276,10292570,9535236,9990475,10398502,10047742,9605419,9882735,9666716,10096924,10063054,9730067,8709980,9479156,10272807,9577624,9304459,10065234,9831571,9832628,9302568,8950653,-9999
11,23,11564909,11044785,10424761,9808565.9,12025937,-9999,-9999,11338938,-9999,11746824,11460117,-9999,11699812,11469924,11698282,11582666,11238482,11162965,11785066,11332691,11142323,10931589,10515266,10848795,10605127,10885544,10590759,10840172,10639114,10186420,10455777,10382151,9557944,10000648,10501148,10161913,9655113,10024483,9791994,10210037,10175026,9886273,8818643,9553584,10314915,9655591,9496895,10117655,9919076,9846213,9364461,9034624,-9999
11,24,11641882,11134730,10498853,9896843.9,-9999,11358000,11895054,-9999,11793913,-9999,-9999,11260551,-9999,11550020,11763251,11667818,11295504,11275684,11855468,11412794,11234757,11074733,10595603,10977060,10697814,10927882,10668054,10829908,10713699,10276358,10527201,10461191,9576358,10028702,10605868,10282096,9751783,10093003,9889098,10233811,10231015,10003709,8957538,9761064,10347324,9700094,9552720,10151139,9993604,9795901,9421449,9091033,-9999
11,25,11720192,11213748,10566922,9965737,12275297,-9999,-9999,11468117,-9999,11872618,11575385,-9999,11814605,11663212,11804401,11759612,11372346,11373275,11900311,11491988,11324697,11190665,10675301,11095330,10761011,10952558,10740267,10840692,10817969,10430170,10651472,10548081,9588606,10068221,10668950,10378842,9859916,10111683,9991189,10217388,10315604,10085458,9089492,9835653,10392992,9757995,9588224,10234897,10023772,9807342,9502310,9156224,-9999
11,26,11800271,11303810,10624238,10051249.7,-9999,11508119,12166445,-9999,11963734,-9999,-9999,11408231,-9999,11757334,11878781,11884591,11460233,11447152,11934072,11583963,11481510,11307669,10775851,11269633,10796244,10981771,10804446,10842870,10945754,10541388,10748437,10664732,9681364,10138740,10738418,10469691,9920062,10163067,10050317,10302233,10423631,10225757,9223883,9971362,10410575,9821610,9583879,10343710,10052000,9840140,9603715,9191279,-9999
11,27,11879822,11384968,10712995,10130884.6,12385853,-9999,-9999,11614517,-9999,11999760,11620971,-9999,11921207,11825873,11994859,11998121,11530667,11523022,11984837,11651749,11596969,11404181,10901657,11381170,10853637,11021790,10878062,10871186,11085925,10641357,10811032,10747325,9740606,10160714,10787706,10545103,9972505,10244004,10075328,10468982,10500133,10334038,9338262,10066067,10457070,9852457,9609469,10444530,10109536,9891966,9717731,9216327,-9999
11,28,11952438,11459336,10766964,10210441.5,-9999,11717362,12357577,-9999,12251483,-9999,-9999,11498342,-9999,11889916,12105174,12085145,11639336,11537013,12053844,11708628,11664627,11530945,10986451,11498291,10909909,11064315,10932993,10913783,11200449,10695812,10902185,10810879,9760699,-9999,10817482,10584246,10058711,10300448,10112133,10593511,10581722,10431199,9463931,10135404,10493077,9934279,9657585,10512002,10135486,9958602,9782449,9251533,-9999
11,29,12015456,11514966,10821864,10302682.8,12445377,-9999,-9999,11730126,-9999,12139551,11639899,-9999,12007461,11924356,12179202,12182455,11727154,11535243,12127387,11732215,11711124,11657178,11011882,11602864,10957773,11086836,10942427,10969203,11262790,10808668,10971827,10802559,9813247,-9999,10862395,10594753,10160942,10365012,10272499,10745557,10672459,10518114,9570761,10170645,10540392,10010447,9713193,10557711,10192187,10009320,9831154,9259920,-9999
11,30,12081654,11580396,10878667,10389480.9,-9999,11856418,12466967,-9999,12456123,-9999,-9999,11672520,-9999,12003663,12251044,12219897,11773604,11571403,12182040,11772556,11752843,11744548,11150429,11722806,11007174,11126556,10996256,11027605,11296723,10847341,11030036,10781773,9895778,10485279,10950426,10610846,10251257,10430749,10391753,10866552,10773224,10551745,9673021,10244305,10605546,10106657,9798051,10606894,10205678,10105712,9872298,9274554,-9999
12,01,12137242,11654605,10962316,10449897.7,12401392,-9999,-9999,11899878,-9999,12279285,11696590,-9999,12099864,12022993,12303137,12267553,11879895,11623688,12290903,11804276,11793592,11813742,-9999,11798510,11103787,11192749,-9999,11082193,11345513,10889689,11125261,10782722,9999765,10431987,11028417,10699109,10281717,10505579,10487669,10905242,10835828,10606899,9761201,10373820,10609502,10131520,9920267,10653052,10142015,10180580,9896728,9341745,-9999
12,02,12195666,11731207,11044904,10518505.1,-9999,12019775,12592715,-9999,12574904,-9999,-9999,11843002,-9999,12034508,12346466,12325397,11972912,11721295,12348994,11839403,11877060,11875274,11339380,11849652,11203892,11284208,11370453,11114882,11361354,11017314,11264560,10847873,10107765,10403475,11083844,10799912,10322333,10571268,10528469,10965289,10953020,10700162,9893102,10448427,10616523,10186458,10085459,10718828,10159454,10342671,9997107,9472007,-9999
12,03,12277514,11817983,11123727,10584442.8,12436986,-9999,-9999,12063870,-9999,12373425,11874623,-9999,12191803,-9999,12424839,12402093,12093317,11788615,12404735,11917737,11953091,11967772,11474845,11905898,11302383,11371433,11462348,11184821,11403556,11136581,11380079,10895833,10267209,-9999,11102138,10914476,10395783,10611782,10639403,11054355,11048010,10704382,9997606,10510764,10616050,10266293,10147633,10785797,10217942,10443675,10100784,9658213,-9999
12,04,12352890,11892871,11204147,10659942,-9999,12239862,12758017,-9999,12595180,-9999,-9999,11970126,-9999,-9999,12505058,12467895,12132455,11834898,12503923,12035814,12011954,12008531,11570227,11969782,11393466,11467658,11528764,11239193,11450376,11224691,11461817,10936543,10439917,10677347,11160132,11025280,10514407,10700314,10724886,11134514,11134053,10780988,10028237,10558299,10611593,10412129,10174699,10797115,10307526,10524795,10193803,9823407,-9999
12,05,12436576,11961229,11278309,10734583.1,12541728,-9999,-9999,12363973,-9999,12460325,12123223,-9999,12308233,-9999,12604841,12518226,12159302,11898860,12565966,12137556,12079141,12009112,11673161,12030792,11502166,11556229,11595860,11282688,11461042,11265694,11522508,10996110,10637874,10790876,11262074,11105626,10652221,10851780,10826504,11178473,11195344,10780081,10046572,10626628,10641797,10546431,10239633,10822172,10354968,10555524,10255969,9947370,-9999
12,06,12496564,12029964,11347817,10810101.5,-9999,12451530,12950538,-9999,12770832,-9999,-9999,12056037,-9999,-9999,12660800,12582491,12236273,11941982,12640999,12240538,12125810,12022909,11755170,12101421,11592485,11642050,11678047,11320126,11483087,11341579,11594020,11095587,10758663,10898634,11357204,11091212,10759069,10999805,10927106,11185253,11240974,10856237,10084594,10678016,10717696,10652265,10390121,10821733,10502753,10614932,10373164,10005190,-9999
12,07,12550502,12089458,11429231,10882116.1,12651135,-9999,-9999,12481785,-9999,12613308,12223333,-9999,12322566,-9999,12761331,12632523,12326319,12015331,12691391,12305967,12162249,12039765,11800398,12162848,11693204,11697112,11764454,11358228,11521713,11466191,11644147,11194229,10865447,10899955,11485482,11066279,10810410,11067145,11005606,11176897,11320305,10938401,10177212,10720725,10798812,10805648,10528194,10893673,10700568,10642786,10450696,10043695,-9999
12,08,12635829,12143225,11507702,10954824.8,-9999,12632449,12979090,-9999,12930480,-9999,-9999,12152375,-9999,-9999,12828537,12674009,12323384,12049827,12723596,12456603,12218748,12070326,11856596,12207878,11767535,11757758,11835099,11416870,11567943,11558102,11707052,11285652,10986095,10972079,11647200,11069861,10862881,11116322,11083819,11248709,11325914,11023083,10249717,10787933,10880650,10969220,10610647,10995147,10970478,10649825,10445138,10100396,-9999
12,09,12698048,12194959,11578062,11042725.9,12893831,-9999,-9999,12616059,-9999,12704958,12404837,-9999,-9999,-9999,12892129,12713751,12328814,12095741,12752097,12542677,12310618,12106110,11906645,12244383,11848056,11814448,11916263,11490757,11643067,11636757,11793433,11346092,11136593,11089578,11731623,11170402,11005685,11185495,11126670,11320882,11429787,11089965,10365460,10887471,10963122,11052722,10644699,11073509,11146512,10813879,10435900,10144270,-9999
12,10,12762863,12257167,11656103,11150148.5,-9999,12798180,13092183,-9999,13066081,-9999,-9999,12285087,-9999,-9999,12968210,12769333,12373900,12166587,12785368,12684841,12383192,12127003,11997178,12300521,11892137,11860941,11966926,11598018,11748657,11726631,11865479,11390377,11272198,11196829,11847833,11235256,11100006,11315659,11214815,11378341,11540438,11181363,10573160,11028259,11073503,11095941,10738059,11145342,11274244,10880449,10418006,10214913,-9999
12,11,12782152,12319610,11734316,11254205.9,13078143,-9999,-9999,12802001,-9999,12789370,12526797,-9999,12472923,-9999,13063146,12801833,12469537,12225133,12809922,12759143,12460367,12166913,12109924,12358158,11960253,11876753,12034484,11687533,11858804,11808738,11907356,11451509,11321303,11273170,11897300,11268040,11219558,11364188,11273297,11449865,11594560,11295298,10751338,11202095,11197247,11194613,10837674,11245549,11330243,10991780,10448721,10263578,-9999
12,12,12840381,12384816,11802420,11325694.9,-9999,12920240,13182060,-9999,13146366,-9999,-9999,12394811,-9999,-9999,13119859,12836616,12573394,12305218,12837893,12781229,12541637,12207786,12226395,12441401,11998003,11935204,12106438,11772469,11929895,11885106,11938546,11511293,11381590,11343509,11902144,11317868,11312867,11416545,11291307,11538384,11616201,11380851,10853038,11289242,11305973,11252541,10877224,11334717,11414032,11068286,10501758,10294387,-9999
12,13,12904057,12430227,11867601,11384804.4,13270492,-9999,-9999,12991810,-9999,12940542,12618971,-9999,12625024,-9999,13167969,12864455,12643457,12381031,12842659,12727240,12601864,12253945,12326400,12506290,12019146,12000233,12149288,11865875,12001741,11976727,12028983,11563653,11416631,11445799,11902785,11499799,11376999,11524917,11318488,11595188,11664370,11455927,10895637,11299510,11398721,11318287,10995046,11389593,11503816,11250756,10545434,10348818,-9999
12,14,12959458,12482055,11927390,11455672.3,-9999,13005971,13402264,-9999,13253508,-9999,-9999,12476471,-9999,-9999,13218238,12898541,12691235,12450535,12872082,12743024,12717073,12311530,12385905,12520082,12082993,12046089,12186959,11929485,12087272,12061923,12152411,11660333,11415845,11509862,11868886,11632483,11488973,11579372,11346533,11646557,11725439,11550218,11010469,11339472,11451405,11418285,11153070,11465090,11555714,11405477,10608578,10424260,-9999
12,15,13014690,12555436,11988405,11513882.4,13409069,-9999,-9999,13180972,-9999,12989517,12722157,-9999,12703201,-9999,13244025,12914718,12748941,12525330,12918317,12861422,12777827,12388079,12450919,12577142,12186672,12119707,12242790,11997001,12156028,12176508,12175354,11788750,11444771,11531488,11893613,11757167,11586970,11608852,11424999,11717179,11783700,11586399,11093023,11366169,11488997,11482536,11219715,11518118,11528789,11477656,10720201,10490153,-9999
12,16,13105561,12619070,12048732,11559031.9,-9999,13057957,13503860,-9999,13462829,-9999,-9999,12656313,-9999,-9999,13285026,12934532,12796112,12572300,12975544,12934097,12836379,12432225,12508063,12639839,12303336,12192808,12296982,12088041,12247044,12279724,12162537,11876379,11482417,11560156,11943655,11870876,11583397,11649122,11459671,11777736,11867228,11633814,11210370,11374242,11501941,11532798,11324169,11559532,11563213,11515127,10775380,10626080,-9999
12,17,13135906,12684793,12106773,11588047.4,13480626,-9999,-9999,13355402,-9999,12957985,12797823,-9999,-9999,-9999,13310203,12936840,12854745,12601569,13054328,13007247,12906316,12465507,12557302,12692857,12445540,12262519,12354154,12172337,12325354,12394428,12155043,11932096,11548296,11626606,11929992,11990687,11563661,11597848,11498463,11802784,11941864,11684459,11251450,11453865,11562405,11523675,11417977,11629448,11582408,11548325,10845595,10777724,-9999
12,18,13173187,12735878,12170441,11647780.5,-9999,13106770,13514795,-9999,13548494,-9999,-9999,12771693,-9999,-9999,13338794,12973023,12918770,12610623,13085914,13070360,12959234,12490410,12618064,12753644,12540004,12311756,12401425,12241045,12371277,12449260,12182262,11987723,11682069,11723114,11891343,12024907,11548406,11805127,11652751,11800300,11999533,11711670,11295762,11546507,11564084,11553665,11562444,11705940,11621359,11628788,10959174,10981406,-9999
12,19,13203102,12790859,12235311,11690705.3,13690207,-9999,-9999,13560256,-9999,12960692,12845234,-9999,13088765,-9999,13383047,13037599,12935511,12636866,13114135,13110480,13029630,12559063,12680230,12851288,12633333,12358050,12427379,12346813,12432293,12459024,12239819,12013272,11863436,11854077,11915647,12053007,11530216,11871702,11740666,11795532,12049547,11738107,11360060,11610363,11595989,11614871,11672440,11791729,11693360,11739204,11092145,11052573,-9999
12,20,13244498,12853842,12300615,11729319.8,-9999,13263282,13460199,-9999,13616016,-9999,-9999,12993451,-9999,-9999,13439975,13078218,12929374,12686587,13164789,13144880,13100646,12647109,12751255,12928765,12738005,12447014,12450619,12459580,12427301,12474593,12317052,12008836,12034895,11955483,11944527,12060826,11533422,11939237,11763265,11812458,12115521,11750477,11447549,11638225,11611576,11681468,11813109,11938139,11767265,11870935,11263830,11103546,-9999
12,21,13283853,12918515,12362955,11780935.9,13836575,-9999,-9999,13623910,-9999,13059558,12926496,-9999,13160340,-9999,13505121,13145278,12959553,12759516,13207860,13177750,13181099,12708196,12850294,12987280,12816277,12537324,12484381,12573437,12437835,12574071,12387992,12080326,12113103,12068581,12007171,12096795,11595124,12065658,11770683,11827773,12184769,11805131,11491398,11626462,11660028,11782333,11849066,12064070,11816006,12013164,11378306,11141406,-9999
12,22,13319160,12972358,12425729,11823808,-9999,13414318,13454936,-9999,13640781,-9999,-9999,13102569,-9999,-9999,13525579,13210431,-9999,12848627,13253335,13221041,13216542,12738385,12942921,13026632,12858269,12645473,12512848,12673001,12482191,12717141,12429497,12163122,12120281,12197433,12143140,12153529,11685338,12174595,11786734,11886041,12242025,11830604,11400739,11616150,11752393,11863461,11908651,12148466,11884972,12133441,11487225,11194145,-9999
12,23,13378370,13026104,12481387,11873610.1,13933161,-9999,-9999,13646998,-9999,13202236,12952582,-9999,13304162,-9999,13557741,13277888,-9999,12945789,13265432,13254469,13266115,12771289,12998767,13072547,12936062,12724462,12561574,12747628,12574673,12785170,12438241,12203738,12138329,12312190,12227803,12180120,11775400,12221914,11838052,11939389,12292376,11911370,11399061,11594206,11778497,11985836,11959910,12208637,11944196,12200774,11567804,11299340,-9999
12,24,13438484,13082849,12532542,11914656.6,-9999,13545904,13572150,-9999,13797347,-9999,-9999,13359663,-9999,-9999,13592622,13356720,-9999,13064914,13264383,13279468,13322523,12817744,13039699,13157352,12998114,12801443,12609985,12814769,12647145,12815262,12493075,12240509,12174609,12369141,12327289,12220406,11796011,12226152,11906609,11980862,12353083,11977273,11401745,11653621,11787051,12064159,11980901,12251927,11963981,12300293,11613839,11389605,-9999
12,25,13468602,13138772,12579156,11967688.6,14068207,-9999,-9999,13660096,-9999,13360066,13009403,-9999,13400161,-9999,-9999,13421881,-9999,13127752,13283149,13325833,13362466,12883168,13073791,13216747,13083934,12892104,12666617,12880722,12715114,12831104,12465358,12297975,12252185,12352779,12398736,12283867,11792218,12172088,12039147,12048131,12420893,12004952,11506615,11741716,11811598,12139528,12033714,12271380,11953220,12363509,11617599,11467576,-9999
12,26,13511330,13187936,12621800,12020251.2,-9999,13696511,13678690,-9999,13892770,-9999,-9999,13493800,-9999,-9999,-9999,13442523,-9999,13255215,13310417,13364446,13395059,12945366,13107389,13259808,13138488,12915233,12712956,12938872,12768656,12806522,12438813,12374349,12315495,12334602,12397664,12380583,11833371,12147233,12128326,12144217,12458534,12036785,11621488,11774962,11843435,12214161,12038221,12285705,11950772,12424259,11609322,11599922,-9999
12,27,13539979,13207198,12652953,12075403,14207255,-9999,-9999,13840728,-9999,13322360,13118959,-9999,13453942,-9999,-9999,13461817,12940981,13370299,13319369,13414641,13421538,13025862,13125834,13316445,13196337,12940672,12732258,12992801,12802857,12817206,12530194,12442321,12347255,12369693,12354833,12451545,11883579,12274373,12207509,12212347,12423774,12107506,11775707,11763440,11846140,12259655,12015011,12350249,12021098,12428777,11620761,11705459,-9999
12,28,13590680,13251890,12689688,12126545.9,-9999,13844759,13802943,-9999,13922688,-9999,-9999,13453159,-9999,-9999,13714420,13496486,12960841,13433558,13389197,13455549,13476192,13098887,13142579,13369909,13248573,12943617,12800393,13013265,12832349,12850178,12627798,12479758,12395974,12452563,12392074,12505826,11974160,12346533,12297921,12287927,12427550,12179164,11878026,11742414,11871945,12259819,12027233,12453216,12091807,12447192,11619731,11780630,-9999
12,29,13619568,13297575,12734041,12197813.9,14306585,-9999,-9999,13893736,-9999,13478484,13195561,-9999,13549077,-9999,13737034,13537373,12972921,13503240,13478369,13496463,13534431,13158735,13185823,13406939,13300816,12938014,12875673,13033829,12878400,12889399,12628214,12487838,12452115,12518997,12422018,12524424,12054898,12518494,12403036,12291990,12438002,12239407,12026480,11792294,11964034,12249504,12073571,12499619,12125462,12490763,11680796,11835715,-9999
12,30,13670300,13326196,12777158,12250484.8,-9999,13847008,13920653,-9999,13921749,-9999,-9999,13348508,-9999,-9999,13774931,13591155,13028931,13521393,13532860,13508963,13584807,13192740,13209606,13420033,13328897,12933727,12919055,13063086,12974970,12900502,12583806,12534169,12554127,12600421,12458925,12550718,12143594,12601665,12472458,12297907,12474849,12276951,12085412,11811512,12053135,12287365,12121262,12552646,12123173,12531209,11782190,11866461,-9999
12,31,13743449,13372945,12812275,12290078.4,14476451,-9999,-9999,14068582,-9999,13594639,13465551,-9999,13705785,-9999,13791774,13645463,13105887,13558110,13615922,13534181,13660755,13220213,13244437,13464905,13362495,12962545,12959702,13093062,13071438,12944206,12561268,12587115,12584511,12659107,12485791,12539603,12191437,12683993,12428135,12341252,12471148,12273075,12096796,11895513,12164925,12354510,12105271,12626559,12151305,12570192,11858439,11876181,-9999