date,sst
1982-01-01,20.0551
1982-01-02,20.0908
1982-01-03,20.1009
1982-01-04,20.0946
1982-01-05,20.0883
1982-01-06,20.0915
1982-01-07,20.0789
1982-01-08,20.0858
1982-01-09,20.0765
1982-01-10,20.0765
1982-01-11,20.0817
1982-01-12,20.0751
1982-01-13,20.0843
1982-01-14,20.0942
1982-01-15,20.1014
1982-01-16,20.1072
1982-01-17,20.1103
1982-01-18,20.1052
1982-01-19,20.0905
1982-01-20,20.0908
1982-01-21,20.0840
1982-01-22,20.0678
1982-01-23,20.0593
1982-01-24,20.0435
1982-01-25,20.0454
1982-01-26,20.0471
1982-01-27,20.0504
1982-01-28,20.0531
1982-01-29,20.0568
1982-01-30,20.0536
1982-01-31,20.0557
1982-02-01,20.0724
1982-02-02,20.0860
1982-02-03,20.0912
1982-02-04,20.1035
1982-02-05,20.1087
1982-02-06,20.1010
1982-02-07,20.1017
1982-02-08,20.1186
1982-02-09,20.1361
1982-02-10,20.1357
1982-02-11,20.1225
1982-02-12,20.1130
1982-02-13,20.1053
1982-02-14,20.0920
1982-02-15,20.0776
1982-02-16,20.0812
1982-02-17,20.1070
1982-02-18,20.1222
1982-02-19,20.1310
1982-02-20,20.1339
1982-02-21,20.1304
1982-02-22,20.1224
1982-02-23,20.1091
1982-02-24,20.1083
1982-02-25,20.1127
1982-02-26,20.1112
1982-02-27,20.0954
1982-02-28,20.1101
1982-03-01,20.1407
1982-03-02,20.1603
1982-03-03,20.1685
1982-03-04,20.1696
1982-03-05,20.1549
1982-03-06,20.1458
1982-03-07,20.1567
1982-03-08,20.1572
1982-03-09,20.1488
1982-03-10,20.1490
1982-03-11,20.1748
1982-03-12,20.1890
1982-03-13,20.1977
1982-03-14,20.2019
1982-03-15,20.1992
1982-03-16,20.1941
1982-03-17,20.2044
1982-03-18,20.2225
1982-03-19,20.2367
1982-03-20,20.2466
1982-03-21,20.2333
1982-03-22,20.2300
1982-03-23,20.2264
1982-03-24,20.2208
1982-03-25,20.2112
1982-03-26,20.1962
1982-03-27,20.1834
1982-03-28,20.1770
1982-03-29,20.1570
1982-03-30,20.1442
1982-03-31,20.1496
1982-04-01,20.1864
1982-04-02,20.2057
1982-04-03,20.2000
1982-04-04,20.1731
1982-04-05,20.1585
1982-04-06,20.1457
1982-04-07,20.1606
1982-04-08,20.1714
1982-04-09,20.1882
1982-04-10,20.1859
1982-04-11,20.1672
1982-04-12,20.1461
1982-04-13,20.1565
1982-04-14,20.1535
1982-04-15,20.1592
1982-04-16,20.1702
1982-04-17,20.1763
1982-04-18,20.1804
1982-04-19,20.1960
1982-04-20,20.1994
1982-04-21,20.2185
1982-04-22,20.2421
1982-04-23,20.2324
1982-04-24,20.2039
1982-04-25,20.1670
1982-04-26,20.1387
1982-04-27,20.1096
1982-04-28,20.1010
1982-04-29,20.1087
1982-04-30,20.1352
1982-05-01,20.1726
1982-05-02,20.1754
1982-05-03,20.1644
1982-05-04,20.1563
1982-05-05,20.1341
1982-05-06,20.1136
1982-05-07,20.0993
1982-05-08,20.0926
1982-05-09,20.1102
1982-05-10,20.1114
1982-05-11,20.1081
1982-05-12,20.1025
1982-05-13,20.1251
1982-05-14,20.1425
1982-05-15,20.1512
1982-05-16,20.1584
1982-05-17,20.1511
1982-05-18,20.1341
1982-05-19,20.1181
1982-05-20,20.1092
1982-05-21,20.0983
1982-05-22,20.1066
1982-05-23,20.1251
1982-05-24,20.1345
1982-05-25,20.1245
1982-05-26,20.1172
1982-05-27,20.1053
1982-05-28,20.1076
1982-05-29,20.1169
1982-05-30,20.1225
1982-05-31,20.1257
1982-06-01,20.1084
1982-06-02,20.0930
1982-06-03,20.0616
1982-06-04,20.0418
1982-06-05,20.0466
1982-06-06,20.0439
1982-06-07,20.0323
1982-06-08,20.0135
1982-06-09,20.0003
1982-06-10,19.9820
1982-06-11,19.9823
1982-06-12,19.9896
1982-06-13,19.9934
1982-06-14,19.9804
1982-06-15,19.9500
1982-06-16,19.9240
1982-06-17,19.9119
1982-06-18,19.8989
1982-06-19,19.9031
1982-06-20,19.9168
1982-06-21,19.9298
1982-06-22,19.9375
1982-06-23,19.9287
1982-06-24,19.9307
1982-06-25,19.9315
1982-06-26,19.9240
1982-06-27,19.9201
1982-06-28,19.9211
1982-06-29,19.9219
1982-06-30,19.9287
1982-07-01,19.9417
1982-07-02,19.9321
1982-07-03,19.9109
1982-07-04,19.9015
1982-07-05,19.8906
1982-07-06,19.8940
1982-07-07,19.9249
1982-07-08,19.9519
1982-07-09,19.9597
1982-07-10,19.9626
1982-07-11,19.9649
1982-07-12,19.9558
1982-07-13,19.9435
1982-07-14,19.9450
1982-07-15,19.9452
1982-07-16,19.9258
1982-07-17,19.8872
1982-07-18,19.8694
1982-07-19,19.8761
1982-07-20,19.8921
1982-07-21,19.9111
1982-07-22,19.9184
1982-07-23,19.9334
1982-07-24,19.9471
1982-07-25,19.9501
1982-07-26,19.9482
1982-07-27,19.9471
1982-07-28,19.9484
1982-07-29,19.9313
1982-07-30,19.9165
1982-07-31,19.9115
1982-08-01,19.9031
1982-08-02,19.8924
1982-08-03,19.9094
1982-08-04,19.9365
1982-08-05,19.9602
1982-08-06,19.9736
1982-08-07,19.9708
1982-08-08,19.9641
1982-08-09,19.9712
1982-08-10,19.9622
1982-08-11,19.9716
1982-08-12,19.9652
1982-08-13,19.9575
1982-08-14,19.9546
1982-08-15,19.9589
1982-08-16,19.9585
1982-08-17,19.9610
1982-08-18,19.9717
1982-08-19,19.9927
1982-08-20,20.0036
1982-08-21,20.0042
1982-08-22,20.0005
1982-08-23,19.9954
1982-08-24,19.9921
1982-08-25,19.9831
1982-08-26,19.9764
1982-08-27,19.9689
1982-08-28,19.9730
1982-08-29,19.9738
1982-08-30,19.9751
1982-08-31,19.9752
1982-09-01,19.9848
1982-09-02,20.0066
1982-09-03,20.0213
1982-09-04,20.0234
1982-09-05,20.0241
1982-09-06,20.0279
1982-09-07,20.0367
1982-09-08,20.0534
1982-09-09,20.0613
1982-09-10,20.0563
1982-09-11,20.0425
1982-09-12,20.0233
1982-09-13,20.0156
1982-09-14,20.0148
1982-09-15,20.0275
1982-09-16,20.0188
1982-09-17,20.0173
1982-09-18,20.0142
1982-09-19,20.0053
1982-09-20,19.9881
1982-09-21,19.9614
1982-09-22,19.9335
1982-09-23,19.9208
1982-09-24,19.9011
1982-09-25,19.8948
1982-09-26,19.8982
1982-09-27,19.8974
1982-09-28,19.8934
1982-09-29,19.9242
1982-09-30,19.9370
1982-10-01,19.9630
1982-10-02,19.9813
1982-10-03,19.9785
1982-10-04,19.9912
1982-10-05,19.9911
1982-10-06,19.9786
1982-10-07,19.9634
1982-10-08,19.9629
1982-10-09,19.9533
1982-10-10,19.9280
1982-10-11,19.9171
1982-10-12,19.9151
1982-10-13,19.9159
1982-10-14,19.9412
1982-10-15,19.9640
1982-10-16,19.9860
1982-10-17,19.9881
1982-10-18,19.9749
1982-10-19,19.9676
1982-10-20,19.9559
1982-10-21,19.9199
1982-10-22,19.8958
1982-10-23,19.8803
1982-10-24,19.8691
1982-10-25,19.8625
1982-10-26,19.8489
1982-10-27,19.8381
1982-10-28,19.8361
1982-10-29,19.8358
1982-10-30,19.8266
1982-10-31,19.8353
1982-11-01,19.8532
1982-11-02,19.8751
1982-11-03,19.8871
1982-11-04,19.8979
1982-11-05,19.9007
1982-11-06,19.8916
1982-11-07,19.8714
1982-11-08,19.8609
1982-11-09,19.8614
1982-11-10,19.8394
1982-11-11,19.8308
1982-11-12,19.8281
1982-11-13,19.8242
1982-11-14,19.8246
1982-11-15,19.8117
1982-11-16,19.8062
1982-11-17,19.8307
1982-11-18,19.8412
1982-11-19,19.8605
1982-11-20,19.8647
1982-11-21,19.8642
1982-11-22,19.8623
1982-11-23,19.8484
1982-11-24,19.8459
1982-11-25,19.8377
1982-11-26,19.8440
1982-11-27,19.8443
1982-11-28,19.8668
1982-11-29,19.8811
1982-11-30,19.8822
1982-12-01,19.8895
1982-12-02,19.8900
1982-12-03,19.9029
1982-12-04,19.9014
1982-12-05,19.8959
1982-12-06,19.9124
1982-12-07,19.9293
1982-12-08,19.9610
1982-12-09,19.9854
1982-12-10,19.9847
1982-12-11,19.9740
1982-12-12,19.9707
1982-12-13,19.9733
1982-12-14,19.9581
1982-12-15,19.9563
1982-12-16,19.9711
1982-12-17,19.9891
1982-12-18,20.0017
1982-12-19,20.0142
1982-12-20,20.0212
1982-12-21,20.0239
1982-12-22,20.0339
1982-12-23,20.0249
1982-12-24,20.0314
1982-12-25,20.0380
1982-12-26,20.0460
1982-12-27,20.0338
1982-12-28,20.0381
1982-12-29,20.0333
1982-12-30,20.0311
1982-12-31,20.0427
1983-01-01,20.0681
1983-01-02,20.1000
1983-01-03,20.1189
1983-01-04,20.1263
1983-01-05,20.1179
1983-01-06,20.1224
1983-01-07,20.1238
1983-01-08,20.1237
1983-01-09,20.1217
1983-01-10,20.1322
1983-01-11,20.1427
1983-01-12,20.1443
1983-01-13,20.1516
1983-01-14,20.1684
1983-01-15,20.1895
1983-01-16,20.1933
1983-01-17,20.1977
1983-01-18,20.1938
1983-01-19,20.2068
1983-01-20,20.2208
1983-01-21,20.2278
1983-01-22,20.2293
1983-01-23,20.2256
1983-01-24,20.2237
1983-01-25,20.2313
1983-01-26,20.2463
1983-01-27,20.2683
1983-01-28,20.2817
1983-01-29,20.2935
1983-01-30,20.2885
1983-01-31,20.2761
1983-02-01,20.2532
1983-02-02,20.2328
1983-02-03,20.2363
1983-02-04,20.2546
1983-02-05,20.2682
1983-02-06,20.3035
1983-02-07,20.3273
1983-02-08,20.3293
1983-02-09,20.3356
1983-02-10,20.3412
1983-02-11,20.3487
1983-02-12,20.3493
1983-02-13,20.3311
1983-02-14,20.3167
1983-02-15,20.3070
1983-02-16,20.3176
1983-02-17,20.3313
1983-02-18,20.3326
1983-02-19,20.3398
1983-02-20,20.3371
1983-02-21,20.3484
1983-02-22,20.3567
1983-02-23,20.3569
1983-02-24,20.3612
1983-02-25,20.3808
1983-02-26,20.3906
1983-02-27,20.4007
1983-02-28,20.3942
1983-03-01,20.3731
1983-03-02,20.3398
1983-03-03,20.3361
1983-03-04,20.3345
1983-03-05,20.3288
1983-03-06,20.3395
1983-03-07,20.3576
1983-03-08,20.3678
1983-03-09,20.3681
1983-03-10,20.3657
1983-03-11,20.3617
1983-03-12,20.3547
1983-03-13,20.3629
1983-03-14,20.3703
1983-03-15,20.3714
1983-03-16,20.3552
1983-03-17,20.3356
1983-03-18,20.3251
1983-03-19,20.3221
1983-03-20,20.3261
1983-03-21,20.3204
1983-03-22,20.3286
1983-03-23,20.3308
1983-03-24,20.3265
1983-03-25,20.3208
1983-03-26,20.3202
1983-03-27,20.3125
1983-03-28,20.3072
1983-03-29,20.3136
1983-03-30,20.3371
1983-03-31,20.3484
1983-04-01,20.3451
1983-04-02,20.3591
1983-04-03,20.3611
1983-04-04,20.3535
1983-04-05,20.3368
1983-04-06,20.3299
1983-04-07,20.3303
1983-04-08,20.3367
1983-04-09,20.3278
1983-04-10,20.3149
1983-04-11,20.3243
1983-04-12,20.3252
1983-04-13,20.3328
1983-04-14,20.3391
1983-04-15,20.3227
1983-04-16,20.2923
1983-04-17,20.2776
1983-04-18,20.2623
1983-04-19,20.2396
1983-04-20,20.2414
1983-04-21,20.2463
1983-04-22,20.2537
1983-04-23,20.2390
1983-04-24,20.2435
1983-04-25,20.2343
1983-04-26,20.2343
1983-04-27,20.2357
1983-04-28,20.2360
1983-04-29,20.2405
1983-04-30,20.2373
1983-05-01,20.2344
1983-05-02,20.2233
1983-05-03,20.1906
1983-05-04,20.1766
1983-05-05,20.1727
1983-05-06,20.1857
1983-05-07,20.1991
1983-05-08,20.2200
1983-05-09,20.2229
1983-05-10,20.2198
1983-05-11,20.2101
1983-05-12,20.1905
1983-05-13,20.1595
1983-05-14,20.1354
1983-05-15,20.1275
1983-05-16,20.1441
1983-05-17,20.1486
1983-05-18,20.1559
1983-05-19,20.1618
1983-05-20,20.1694
1983-05-21,20.1730
1983-05-22,20.1693
1983-05-23,20.1651
1983-05-24,20.1624
1983-05-25,20.1724
1983-05-26,20.1831
1983-05-27,20.1929
1983-05-28,20.1830
1983-05-29,20.1674
1983-05-30,20.1647
1983-05-31,20.1665
1983-06-01,20.1495
1983-06-02,20.1295
1983-06-03,20.1275
1983-06-04,20.1303
1983-06-05,20.1257
1983-06-06,20.1254
1983-06-07,20.1385
1983-06-08,20.1448
1983-06-09,20.1346
1983-06-10,20.1329
1983-06-11,20.1377
1983-06-12,20.1453
1983-06-13,20.1488
1983-06-14,20.1428
1983-06-15,20.1385
1983-06-16,20.1357
1983-06-17,20.1268
1983-06-18,20.1213
1983-06-19,20.1282
1983-06-20,20.1358
1983-06-21,20.1312
1983-06-22,20.1237
1983-06-23,20.1169
1983-06-24,20.1097
1983-06-25,20.0801
1983-06-26,20.0673
1983-06-27,20.0451
1983-06-28,20.0335
1983-06-29,20.0251
1983-06-30,20.0093
1983-07-01,19.9760
1983-07-02,19.9421
1983-07-03,19.9397
1983-07-04,19.9552
1983-07-05,19.9635
1983-07-06,19.9775
1983-07-07,19.9562
1983-07-08,19.9378
1983-07-09,19.9218
1983-07-10,19.9328
1983-07-11,19.9568
1983-07-12,19.9790
1983-07-13,20.0083
1983-07-14,20.0337
1983-07-15,20.0503
1983-07-16,20.0377
1983-07-17,20.0352
1983-07-18,20.0395
1983-07-19,20.0516
1983-07-20,20.0495
1983-07-21,20.0619
1983-07-22,20.0502
1983-07-23,20.0401
1983-07-24,20.0466
1983-07-25,20.0409
1983-07-26,20.0422
1983-07-27,20.0627
1983-07-28,20.0872
1983-07-29,20.0998
1983-07-30,20.1152
1983-07-31,20.1076
1983-08-01,20.1020
1983-08-02,20.1149
1983-08-03,20.0976
1983-08-04,20.0616
1983-08-05,20.0531
1983-08-06,20.0541
1983-08-07,20.0614
1983-08-08,20.0596
1983-08-09,20.0771
1983-08-10,20.0987
1983-08-11,20.1115
1983-08-12,20.1286
1983-08-13,20.1271
1983-08-14,20.1075
1983-08-15,20.0910
1983-08-16,20.0722
1983-08-17,20.0570
1983-08-18,20.0625
1983-08-19,20.0630
1983-08-20,20.0656
1983-08-21,20.0513
1983-08-22,20.0505
1983-08-23,20.0628
1983-08-24,20.0908
1983-08-25,20.0966
1983-08-26,20.0998
1983-08-27,20.0946
1983-08-28,20.0964
1983-08-29,20.0941
1983-08-30,20.0717
1983-08-31,20.0528
1983-09-01,20.0386
1983-09-02,20.0309
1983-09-03,20.0265
1983-09-04,20.0295
1983-09-05,20.0384
1983-09-06,20.0495
1983-09-07,20.0572
1983-09-08,20.0623
1983-09-09,20.0663
1983-09-10,20.0710
1983-09-11,20.0850
1983-09-12,20.1111
1983-09-13,20.1385
1983-09-14,20.1419
1983-09-15,20.1210
1983-09-16,20.0970
1983-09-17,20.0798
1983-09-18,20.0598
1983-09-19,20.0457
1983-09-20,20.0396
1983-09-21,20.0408
1983-09-22,20.0412
1983-09-23,20.0370
1983-09-24,20.0323
1983-09-25,20.0297
1983-09-26,20.0077
1983-09-27,19.9646
1983-09-28,19.9383
1983-09-29,19.9303
1983-09-30,19.9300
1983-10-01,19.9158
1983-10-02,19.9027
1983-10-03,19.9003
1983-10-04,19.9211
1983-10-05,19.9595
1983-10-06,19.9784
1983-10-07,19.9736
1983-10-08,19.9723
1983-10-09,19.9782
1983-10-10,19.9845
1983-10-11,19.9838
1983-10-12,19.9912
1983-10-13,19.9927
1983-10-14,19.9936
1983-10-15,19.9877
1983-10-16,19.9645
1983-10-17,19.9388
1983-10-18,19.9049
1983-10-19,19.8765
1983-10-20,19.8723
1983-10-21,19.8760
1983-10-22,19.8659
1983-10-23,19.8552
1983-10-24,19.8461
1983-10-25,19.8501
1983-10-26,19.8430
1983-10-27,19.8337
1983-10-28,19.8216
1983-10-29,19.8176
1983-10-30,19.8308
1983-10-31,19.8448
1983-11-01,19.8615
1983-11-02,19.8834
1983-11-03,19.9096
1983-11-04,19.9323
1983-11-05,19.9274
1983-11-06,19.9163
1983-11-07,19.9031
1983-11-08,19.8786
1983-11-09,19.8641
1983-11-10,19.8670
1983-11-11,19.8663
1983-11-12,19.8674
1983-11-13,19.8672
1983-11-14,19.8525
1983-11-15,19.8466
1983-11-16,19.8389
1983-11-17,19.8376
1983-11-18,19.8388
1983-11-19,19.8227
1983-11-20,19.8083
1983-11-21,19.8019
1983-11-22,19.7981
1983-11-23,19.8125
1983-11-24,19.8229
1983-11-25,19.8281
1983-11-26,19.8401
1983-11-27,19.8650
1983-11-28,19.8844
1983-11-29,19.8870
1983-11-30,19.8794
1983-12-01,19.8663
1983-12-02,19.8734
1983-12-03,19.8740
1983-12-04,19.8864
1983-12-05,19.9076
1983-12-06,19.9304
1983-12-07,19.9402
1983-12-08,19.9473
1983-12-09,19.9374
1983-12-10,19.9405
1983-12-11,19.9475
1983-12-12,19.9501
1983-12-13,19.9453
1983-12-14,19.9556
1983-12-15,19.9505
1983-12-16,19.9320
1983-12-17,19.9131
1983-12-18,19.9143
1983-12-19,19.9010
1983-12-20,19.8901
1983-12-21,19.8985
1983-12-22,19.9071
1983-12-23,19.9216
1983-12-24,19.9271
1983-12-25,19.9232
1983-12-26,19.9131
1983-12-27,19.9008
1983-12-28,19.9110
1983-12-29,19.9227
1983-12-30,19.9222
1983-12-31,19.9216
1984-01-01,19.9335
1984-01-02,19.9598
1984-01-03,19.9694
1984-01-04,20.0066
1984-01-05,20.0423
1984-01-06,20.0493
1984-01-07,20.0668
1984-01-08,20.0708
1984-01-09,20.0674
1984-01-10,20.0591
1984-01-11,20.0659
1984-01-12,20.0732
1984-01-13,20.0555
1984-01-14,20.0518
1984-01-15,20.0592
1984-01-16,20.0408
1984-01-17,20.0278
1984-01-18,20.0220
1984-01-19,20.0181
1984-01-20,20.0412
1984-01-21,20.0560
1984-01-22,20.0633
1984-01-23,20.0518
1984-01-24,20.0638
1984-01-25,20.0726
1984-01-26,20.0763
1984-01-27,20.0984
1984-01-28,20.1012
1984-01-29,20.1155
1984-01-30,20.1356
1984-01-31,20.1374
1984-02-01,20.1408
1984-02-02,20.1547
1984-02-03,20.1676
1984-02-04,20.1694
1984-02-05,20.1643
1984-02-06,20.1620
1984-02-07,20.1656
1984-02-08,20.1707
1984-02-09,20.1749
1984-02-10,20.1823
1984-02-11,20.1858
1984-02-12,20.2132
1984-02-13,20.2148
1984-02-14,20.2017
1984-02-15,20.1985
1984-02-16,20.2101
1984-02-17,20.2156
1984-02-18,20.2113
1984-02-19,20.2062
1984-02-20,20.2070
1984-02-21,20.2075
1984-02-22,20.2107
1984-02-23,20.2131
1984-02-24,20.2291
1984-02-25,20.2338
1984-02-26,20.2425
1984-02-27,20.2323
1984-02-28,20.2185
1984-02-29,20.1992
1984-03-01,20.1882
1984-03-02,20.1642
1984-03-03,20.1492
1984-03-04,20.1455
1984-03-05,20.1610
1984-03-06,20.1775
1984-03-07,20.1998
1984-03-08,20.2077
1984-03-09,20.2086
1984-03-10,20.2184
1984-03-11,20.2346
1984-03-12,20.2466
1984-03-13,20.2535
1984-03-14,20.2566
1984-03-15,20.2637
1984-03-16,20.2536
1984-03-17,20.2442
1984-03-18,20.2448
1984-03-19,20.2601
1984-03-20,20.2736
1984-03-21,20.2640
1984-03-22,20.2497
1984-03-23,20.2481
1984-03-24,20.2383
1984-03-25,20.2234
1984-03-26,20.2053
1984-03-27,20.2083
1984-03-28,20.2148
1984-03-29,20.2004
1984-03-30,20.2124
1984-03-31,20.2168
1984-04-01,20.2352
1984-04-02,20.2486
1984-04-03,20.2568
1984-04-04,20.2602
1984-04-05,20.2616
1984-04-06,20.2400
1984-04-07,20.2335
1984-04-08,20.2391
1984-04-09,20.2246
1984-04-10,20.2344
1984-04-11,20.2119
1984-04-12,20.1975
1984-04-13,20.1956
1984-04-14,20.1941
1984-04-15,20.1847
1984-04-16,20.1620
1984-04-17,20.1491
1984-04-18,20.1529
1984-04-19,20.1538
1984-04-20,20.1551
1984-04-21,20.1485
1984-04-22,20.1461
1984-04-23,20.1286
1984-04-24,20.1301
1984-04-25,20.1276
1984-04-26,20.1265
1984-04-27,20.1160
1984-04-28,20.1105
1984-04-29,20.0936
1984-04-30,20.0753
1984-05-01,20.0570
1984-05-02,20.0548
1984-05-03,20.0541
1984-05-04,20.0709
1984-05-05,20.0927
1984-05-06,20.0966
1984-05-07,20.0924
1984-05-08,20.1047
1984-05-09,20.1109
1984-05-10,20.1268
1984-05-11,20.1539
1984-05-12,20.1689
1984-05-13,20.1484
1984-05-14,20.1290
1984-05-15,20.1131
1984-05-16,20.0924
1984-05-17,20.0711
1984-05-18,20.0594
1984-05-19,20.0515
1984-05-20,20.0358
1984-05-21,20.0283
1984-05-22,20.0245
1984-05-23,20.0286
1984-05-24,20.0289
1984-05-25,20.0242
1984-05-26,20.0080
1984-05-27,20.0008
1984-05-28,19.9865
1984-05-29,19.9648
1984-05-30,19.9579
1984-05-31,19.9392
1984-06-01,19.9330
1984-06-02,19.9321
1984-06-03,19.9389
1984-06-04,19.9440
1984-06-05,19.9347
1984-06-06,19.9253
1984-06-07,19.8965
1984-06-08,19.8940
1984-06-09,19.9034
1984-06-10,19.9085
1984-06-11,19.9150
1984-06-12,19.9298
1984-06-13,19.9485
1984-06-14,19.9612
1984-06-15,19.9645
1984-06-16,19.9592
1984-06-17,19.9624
1984-06-18,19.9673
1984-06-19,19.9752
1984-06-20,19.9740
1984-06-21,19.9635
1984-06-22,19.9575
1984-06-23,19.9479
1984-06-24,19.9433
1984-06-25,19.9335
1984-06-26,19.9237
1984-06-27,19.9264
1984-06-28,19.9338
1984-06-29,19.9277
1984-06-30,19.9283
1984-07-01,19.9207
1984-07-02,19.9146
1984-07-03,19.9109
1984-07-04,19.9209
1984-07-05,19.9100
1984-07-06,19.9052
1984-07-07,19.8937
1984-07-08,19.8792
1984-07-09,19.8756
1984-07-10,19.8862
1984-07-11,19.8961
1984-07-12,19.9075
1984-07-13,19.9222
1984-07-14,19.9250
1984-07-15,19.9180
1984-07-16,19.9153
1984-07-17,19.9296
1984-07-18,19.9545
1984-07-19,19.9774
1984-07-20,19.9957
1984-07-21,19.9965
1984-07-22,19.9914
1984-07-23,19.9688
1984-07-24,19.9584
1984-07-25,19.9516
1984-07-26,19.9473
1984-07-27,19.9501
1984-07-28,19.9588
1984-07-29,19.9746
1984-07-30,19.9482
1984-07-31,19.9295
1984-08-01,19.9308
1984-08-02,19.9342
1984-08-03,19.9278
1984-08-04,19.9274
1984-08-05,19.9198
1984-08-06,19.9038
1984-08-07,19.8926
1984-08-08,19.9142
1984-08-09,19.9267
1984-08-10,19.9402
1984-08-11,19.9592
1984-08-12,19.9936
1984-08-13,20.0290
1984-08-14,20.0612
1984-08-15,20.0753
1984-08-16,20.0678
1984-08-17,20.0698
1984-08-18,20.0719
1984-08-19,20.0608
1984-08-20,20.0520
1984-08-21,20.0434
1984-08-22,20.0440
1984-08-23,20.0430
1984-08-24,20.0365
1984-08-25,20.0259
1984-08-26,20.0425
1984-08-27,20.0691
1984-08-28,20.1025
1984-08-29,20.1400
1984-08-30,20.1529
1984-08-31,20.1521
1984-09-01,20.1437
1984-09-02,20.1228
1984-09-03,20.1076
1984-09-04,20.0982
1984-09-05,20.0708
1984-09-06,20.0641
1984-09-07,20.0646
1984-09-08,20.0521
1984-09-09,20.0445
1984-09-10,20.0609
1984-09-11,20.0983
1984-09-12,20.1140
1984-09-13,20.0929
1984-09-14,20.0660
1984-09-15,20.0410
1984-09-16,20.0298
1984-09-17,20.0381
1984-09-18,20.0447
1984-09-19,20.0360
1984-09-20,20.0167
1984-09-21,20.0208
1984-09-22,20.0270
1984-09-23,20.0259
1984-09-24,20.0255
1984-09-25,20.0102
1984-09-26,19.9924
1984-09-27,19.9683
1984-09-28,19.9495
1984-09-29,19.9283
1984-09-30,19.8974
1984-10-01,19.8882
1984-10-02,19.9037
1984-10-03,19.9069
1984-10-04,19.9096
1984-10-05,19.8920
1984-10-06,19.8657
1984-10-07,19.8514
1984-10-08,19.8321
1984-10-09,19.8118
1984-10-10,19.8034
1984-10-11,19.8097
1984-10-12,19.8186
1984-10-13,19.8313
1984-10-14,19.8377
1984-10-15,19.8414
1984-10-16,19.8484
1984-10-17,19.8408
1984-10-18,19.8186
1984-10-19,19.7876
1984-10-20,19.7681
1984-10-21,19.7476
1984-10-22,19.7328
1984-10-23,19.7335
1984-10-24,19.7176
1984-10-25,19.7127
1984-10-26,19.7064
1984-10-27,19.7162
1984-10-28,19.7352
1984-10-29,19.7407
1984-10-30,19.7340
1984-10-31,19.7392
1984-11-01,19.7577
1984-11-02,19.7662
1984-11-03,19.7807
1984-11-04,19.8080
1984-11-05,19.8248
1984-11-06,19.8313
1984-11-07,19.8380
1984-11-08,19.8274
1984-11-09,19.8222
1984-11-10,19.8194
1984-11-11,19.8263
1984-11-12,19.8266
1984-11-13,19.8229
1984-11-14,19.8314
1984-11-15,19.8324
1984-11-16,19.8237
1984-11-17,19.8091
1984-11-18,19.7709
1984-11-19,19.7592
1984-11-20,19.7564
1984-11-21,19.7300
1984-11-22,19.6961
1984-11-23,19.6799
1984-11-24,19.6893
1984-11-25,19.7069
1984-11-26,19.7151
1984-11-27,19.7238
1984-11-28,19.7431
1984-11-29,19.7600
1984-11-30,19.7757
1984-12-01,19.7809
1984-12-02,19.7853
1984-12-03,19.7869
1984-12-04,19.7796
1984-12-05,19.7739
1984-12-06,19.7690
1984-12-07,19.7730
1984-12-08,19.7737
1984-12-09,19.8072
1984-12-10,19.8081
1984-12-11,19.8077
1984-12-12,19.8123
1984-12-13,19.8075
1984-12-14,19.7578
1984-12-15,19.7182
1984-12-16,19.7640
1984-12-17,19.8077
1984-12-18,19.8263
1984-12-19,19.8339
1984-12-20,19.8434
1984-12-21,19.8295
1984-12-22,19.8131
1984-12-23,19.8060
1984-12-24,19.8151
1984-12-25,19.8148
1984-12-26,19.8250
1984-12-27,19.8364
1984-12-28,19.8513
1984-12-29,19.8478
1984-12-30,19.8342
1984-12-31,19.8246
1985-01-01,19.8344
1985-01-02,19.8581
1985-01-03,19.9009
1985-01-04,19.9696
1985-01-05,20.0348
1985-01-06,20.0770
1985-01-07,20.1055
1985-01-08,20.1256
1985-01-09,20.0707
1985-01-10,19.9492
1985-01-11,19.9055
1985-01-12,19.8961
1985-01-13,19.8945
1985-01-14,19.8893
1985-01-15,19.8766
1985-01-16,19.8650
1985-01-17,19.8571
1985-01-18,19.8588
1985-01-19,19.8713
1985-01-20,19.8866
1985-01-21,19.8956
1985-01-22,19.8983
1985-01-23,19.9105
1985-01-24,19.9152
1985-01-25,19.9090
1985-01-26,19.9072
1985-01-27,19.9236
1985-01-28,19.9232
1985-01-29,19.9337
1985-01-30,19.9357
1985-01-31,19.9490
1985-02-01,19.9796
1985-02-02,19.9985
1985-02-03,20.0187
1985-02-04,20.0191
1985-02-05,20.0386
1985-02-06,20.0613
1985-02-07,20.0702
1985-02-08,20.0687
1985-02-09,20.0815
1985-02-10,20.0943
1985-02-11,20.0788
1985-02-12,20.0670
1985-02-13,20.0736
1985-02-14,20.0816
1985-02-15,20.0892
1985-02-16,20.0943
1985-02-17,20.0858
1985-02-18,20.0710
1985-02-19,20.0612
1985-02-20,20.0375
1985-02-21,20.0238
1985-02-22,20.0273
1985-02-23,20.0294
1985-02-24,20.0409
1985-02-25,20.0472
1985-02-26,20.0497
1985-02-27,20.0698
1985-02-28,20.0836
1985-03-01,20.1126
1985-03-02,20.1230
1985-03-03,20.1218
1985-03-04,20.1187
1985-03-05,20.0991
1985-03-06,20.0601
1985-03-07,20.0400
1985-03-08,20.0312
1985-03-09,20.0523
1985-03-10,20.0527
1985-03-11,20.0673
1985-03-12,20.0670
1985-03-13,20.0772
1985-03-14,20.0845
1985-03-15,20.1033
1985-03-16,20.1208
1985-03-17,20.1174
1985-03-18,20.1166
1985-03-19,20.1234
1985-03-20,20.1255
1985-03-21,20.1315
1985-03-22,20.1518
1985-03-23,20.1537
1985-03-24,20.1383
1985-03-25,20.1222
1985-03-26,20.1110
1985-03-27,20.1154
1985-03-28,20.1176
1985-03-29,20.1220
1985-03-30,20.1240
1985-03-31,20.1333
1985-04-01,20.1328
1985-04-02,20.1191
1985-04-03,20.1124
1985-04-04,20.1122
1985-04-05,20.1134
1985-04-06,20.1119
1985-04-07,20.1136
1985-04-08,20.0971
1985-04-09,20.0681
1985-04-10,20.0324
1985-04-11,20.0125
1985-04-12,19.9902
1985-04-13,19.9741
1985-04-14,19.9708
1985-04-15,19.9629
1985-04-16,19.9628
1985-04-17,19.9721
1985-04-18,19.9849
1985-04-19,19.9881
1985-04-20,19.9683
1985-04-21,19.9614
1985-04-22,19.9664
1985-04-23,19.9754
1985-04-24,19.9930
1985-04-25,19.9992
1985-04-26,20.0104
1985-04-27,20.0215
1985-04-28,20.0073
1985-04-29,20.0160
1985-04-30,20.0106
1985-05-01,20.0130
1985-05-02,20.0238
1985-05-03,20.0225
1985-05-04,20.0180
1985-05-05,20.0219
1985-05-06,20.0238
1985-05-07,20.0308
1985-05-08,20.0354
1985-05-09,20.0524
1985-05-10,20.0499
1985-05-11,20.0384
1985-05-12,20.0219
1985-05-13,19.9999
1985-05-14,19.9718
1985-05-15,19.9533
1985-05-16,19.9585
1985-05-17,19.9461
1985-05-18,19.9418
1985-05-19,19.9402
1985-05-20,19.9434
1985-05-21,19.9287
1985-05-22,19.9066
1985-05-23,19.8855
1985-05-24,19.8774
1985-05-25,19.8666
1985-05-26,19.8565
1985-05-27,19.8480
1985-05-28,19.8351
1985-05-29,19.8294
1985-05-30,19.8335
1985-05-31,19.8371
1985-06-01,19.8497
1985-06-02,19.8511
1985-06-03,19.8552
1985-06-04,19.8624
1985-06-05,19.8662
1985-06-06,19.8754
1985-06-07,19.8820
1985-06-08,19.8948
1985-06-09,19.8947
1985-06-10,19.9015
1985-06-11,19.9018
1985-06-12,19.9010
1985-06-13,19.8871
1985-06-14,19.8980
1985-06-15,19.8606
1985-06-16,19.8451
1985-06-17,19.8294
1985-06-18,19.8126
1985-06-19,19.8019
1985-06-20,19.7872
1985-06-21,19.7813
1985-06-22,19.7802
1985-06-23,19.7784
1985-06-24,19.7696
1985-06-25,19.7600
1985-06-26,19.7701
1985-06-27,19.7740
1985-06-28,19.7733
1985-06-29,19.7835
1985-06-30,19.7770
1985-07-01,19.7606
1985-07-02,19.7567
1985-07-03,19.7699
1985-07-04,19.7726
1985-07-05,19.7929
1985-07-06,19.7968
1985-07-07,19.7952
1985-07-08,19.7874
1985-07-09,19.7888
1985-07-10,19.8094
1985-07-11,19.8266
1985-07-12,19.8419
1985-07-13,19.8400
1985-07-14,19.8361
1985-07-15,19.8475
1985-07-16,19.8753
1985-07-17,19.8990
1985-07-18,19.9356
1985-07-19,19.9558
1985-07-20,19.9631
1985-07-21,19.9684
1985-07-22,19.9562
1985-07-23,19.9491
1985-07-24,19.9493
1985-07-25,19.9595
1985-07-26,19.9526
1985-07-27,19.9577
1985-07-28,19.9514
1985-07-29,19.9420
1985-07-30,19.9284
1985-07-31,19.9112
1985-08-01,19.8858
1985-08-02,19.8731
1985-08-03,19.8626
1985-08-04,19.8645
1985-08-05,19.8590
1985-08-06,19.8576
1985-08-07,19.8535
1985-08-08,19.8606
1985-08-09,19.8556
1985-08-10,19.8472
1985-08-11,19.8393
1985-08-12,19.8362
1985-08-13,19.8432
1985-08-14,19.8473
1985-08-15,19.8519
1985-08-16,19.8557
1985-08-17,19.8527
1985-08-18,19.8571
1985-08-19,19.8510
1985-08-20,19.8343
1985-08-21,19.8274
1985-08-22,19.8348
1985-08-23,19.8474
1985-08-24,19.8686
1985-08-25,19.8736
1985-08-26,19.8780
1985-08-27,19.8838
1985-08-28,19.8976
1985-08-29,19.9173
1985-08-30,19.9249
1985-08-31,19.9159
1985-09-01,19.9120
1985-09-02,19.9072
1985-09-03,19.9138
1985-09-04,19.9094
1985-09-05,19.9126
1985-09-06,19.9067
1985-09-07,19.8954
1985-09-08,19.8847
1985-09-09,19.8822
1985-09-10,19.8746
1985-09-11,19.8725
1985-09-12,19.8690
1985-09-13,19.8646
1985-09-14,19.8664
1985-09-15,19.8674
1985-09-16,19.8691
1985-09-17,19.8628
1985-09-18,19.8507
1985-09-19,19.8322
1985-09-20,19.8155
1985-09-21,19.8123
1985-09-22,19.8244
1985-09-23,19.8415
1985-09-24,19.8424
1985-09-25,19.8490
1985-09-26,19.8563
1985-09-27,19.8599
1985-09-28,19.8577
1985-09-29,19.8569
1985-09-30,19.8582
1985-10-01,19.8501
1985-10-02,19.8368
1985-10-03,19.8158
1985-10-04,19.7972
1985-10-05,19.7778
1985-10-06,19.7642
1985-10-07,19.7593
1985-10-08,19.7454
1985-10-09,19.7413
1985-10-10,19.7438
1985-10-11,19.7379
1985-10-12,19.7596
1985-10-13,19.7518
1985-10-14,19.7539
1985-10-15,19.7540
1985-10-16,19.7439
1985-10-17,19.7435
1985-10-18,19.7478
1985-10-19,19.7713
1985-10-20,19.7729
1985-10-21,19.7903
1985-10-22,19.7966
1985-10-23,19.8006
1985-10-24,19.8084
1985-10-25,19.7958
1985-10-26,19.7957
1985-10-27,19.7846
1985-10-28,19.7740
1985-10-29,19.7630
1985-10-30,19.7608
1985-10-31,19.7571
1985-11-01,19.7537
1985-11-02,19.7568
1985-11-03,19.7603
1985-11-04,19.7520
1985-11-05,19.7416
1985-11-06,19.7337
1985-11-07,19.7293
1985-11-08,19.7229
1985-11-09,19.6968
1985-11-10,19.6793
1985-11-11,19.6745
1985-11-12,19.6764
1985-11-13,19.6622
1985-11-14,19.6516
1985-11-15,19.6514
1985-11-16,19.6356
1985-11-17,19.6276
1985-11-18,19.6217
1985-11-19,19.6266
1985-11-20,19.6334
1985-11-21,19.6521
1985-11-22,19.6651
1985-11-23,19.6840
1985-11-24,19.7062
1985-11-25,19.7200
1985-11-26,19.7220
1985-11-27,19.7191
1985-11-28,19.7272
1985-11-29,19.7473
1985-11-30,19.7602
1985-12-01,19.7758
1985-12-02,19.7806
1985-12-03,19.7691
1985-12-04,19.7640
1985-12-05,19.7648
1985-12-06,19.7636
1985-12-07,19.7650
1985-12-08,19.7656
1985-12-09,19.7583
1985-12-10,19.7711
1985-12-11,19.7711
1985-12-12,19.7667
1985-12-13,19.7536
1985-12-14,19.7492
1985-12-15,19.7391
1985-12-16,19.7447
1985-12-17,19.7570
1985-12-18,19.7669
1985-12-19,19.7913
1985-12-20,19.7892
1985-12-21,19.7780
1985-12-22,19.7722
1985-12-23,19.7611
1985-12-24,19.7643
1985-12-25,19.7891
1985-12-26,19.8097
1985-12-27,19.8241
1985-12-28,19.8415
1985-12-29,19.8494
1985-12-30,19.8536
1985-12-31,19.8733
1986-01-01,19.8672
1986-01-02,19.8614
1986-01-03,19.8601
1986-01-04,19.8487
1986-01-05,19.8574
1986-01-06,19.8578
1986-01-07,19.8602
1986-01-08,19.8592
1986-01-09,19.8526
1986-01-10,19.8544
1986-01-11,19.8535
1986-01-12,19.8623
1986-01-13,19.8730
1986-01-14,19.8717
1986-01-15,19.8784
1986-01-16,19.8832
1986-01-17,19.8930
1986-01-18,19.9034
1986-01-19,19.9147
1986-01-20,19.9185
1986-01-21,19.9200
1986-01-22,19.9160
1986-01-23,19.9194
1986-01-24,19.9256
1986-01-25,19.9184
1986-01-26,19.9170
1986-01-27,19.9240
1986-01-28,19.9218
1986-01-29,19.9244
1986-01-30,19.9244
1986-01-31,19.9357
1986-02-01,19.9489
1986-02-02,19.9705
1986-02-03,19.9925
1986-02-04,20.0087
1986-02-05,20.0103
1986-02-06,20.0198
1986-02-07,20.0304
1986-02-08,20.0481
1986-02-09,20.0505
1986-02-10,20.0542
1986-02-11,20.0626
1986-02-12,20.0762
1986-02-13,20.0910
1986-02-14,20.0957
1986-02-15,20.1013
1986-02-16,20.0940
1986-02-17,20.0753
1986-02-18,20.0684
1986-02-19,20.0713
1986-02-20,20.0785
1986-02-21,20.0833
1986-02-22,20.0965
1986-02-23,20.0986
1986-02-24,20.1075
1986-02-25,20.1121
1986-02-26,20.1210
1986-02-27,20.1171
1986-02-28,20.1054
1986-03-01,20.1042
1986-03-02,20.1049
1986-03-03,20.1038
1986-03-04,20.1054
1986-03-05,20.1107
1986-03-06,20.1170
1986-03-07,20.1241
1986-03-08,20.1136
1986-03-09,20.1134
1986-03-10,20.1084
1986-03-11,20.1183
1986-03-12,20.1257
1986-03-13,20.1219
1986-03-14,20.1258
1986-03-15,20.1317
1986-03-16,20.1439
1986-03-17,20.1399
1986-03-18,20.1447
1986-03-19,20.1400
1986-03-20,20.1371
1986-03-21,20.1292
1986-03-22,20.1329
1986-03-23,20.1437
1986-03-24,20.1467
1986-03-25,20.1387
1986-03-26,20.1283
1986-03-27,20.1300
1986-03-28,20.1230
1986-03-29,20.1191
1986-03-30,20.1137
1986-03-31,20.1183
1986-04-01,20.1347
1986-04-02,20.1352
1986-04-03,20.1310
1986-04-04,20.1211
1986-04-05,20.1197
1986-04-06,20.1379
1986-04-07,20.1435
1986-04-08,20.1407
1986-04-09,20.1216
1986-04-10,20.1062
1986-04-11,20.0977
1986-04-12,20.0897
1986-04-13,20.0933
1986-04-14,20.1030
1986-04-15,20.1136
1986-04-16,20.1083
1986-04-17,20.0929
1986-04-18,20.0888
1986-04-19,20.0784
1986-04-20,20.0653
1986-04-21,20.0473
1986-04-22,20.0307
1986-04-23,20.0209
1986-04-24,20.0177
1986-04-25,20.0154
1986-04-26,20.0172
1986-04-27,20.0283
1986-04-28,20.0225
1986-04-29,20.0117
1986-04-30,20.0083
1986-05-01,20.0118
1986-05-02,20.0326
1986-05-03,20.0552
1986-05-04,20.0719
1986-05-05,20.0756
1986-05-06,20.0663
1986-05-07,20.0497
1986-05-08,20.0413
1986-05-09,20.0332
1986-05-10,20.0227
1986-05-11,20.0129
1986-05-12,20.0059
1986-05-13,19.9942
1986-05-14,19.9788
1986-05-15,19.9664
1986-05-16,19.9647
1986-05-17,19.9578
1986-05-18,19.9568
1986-05-19,19.9380
1986-05-20,19.9325
1986-05-21,19.9328
1986-05-22,19.9518
1986-05-23,19.9686
1986-05-24,19.9622
1986-05-25,19.9591
1986-05-26,19.9556
1986-05-27,19.9547
1986-05-28,19.9555
1986-05-29,19.9622
1986-05-30,19.9660
1986-05-31,19.9663
1986-06-01,19.9497
1986-06-02,19.9394
1986-06-03,19.9314
1986-06-04,19.9405
1986-06-05,19.9400
1986-06-06,19.9336
1986-06-07,19.9277
1986-06-08,19.9376
1986-06-09,19.9401
1986-06-10,19.9436
1986-06-11,19.9408
1986-06-12,19.9395
1986-06-13,19.9488
1986-06-14,19.9530
1986-06-15,19.9581
1986-06-16,19.9658
1986-06-17,19.9717
1986-06-18,19.9725
1986-06-19,19.9723
1986-06-20,19.9707
1986-06-21,19.9768
1986-06-22,19.9734
1986-06-23,19.9760
1986-06-24,19.9846
1986-06-25,19.9931
1986-06-26,20.0034
1986-06-27,20.0065
1986-06-28,20.0130
1986-06-29,20.0089
1986-06-30,19.9872
1986-07-01,19.9563
1986-07-02,19.9284
1986-07-03,19.9078
1986-07-04,19.8948
1986-07-05,19.8821
1986-07-06,19.8826
1986-07-07,19.8899
1986-07-08,19.8947
1986-07-09,19.8964
1986-07-10,19.8899
1986-07-11,19.8920
1986-07-12,19.9073
1986-07-13,19.9057
1986-07-14,19.9100
1986-07-15,19.9130
1986-07-16,19.9188
1986-07-17,19.9224
1986-07-18,19.9235
1986-07-19,19.9256
1986-07-20,19.9256
1986-07-21,19.9359
1986-07-22,19.9472
1986-07-23,19.9601
1986-07-24,19.9688
1986-07-25,19.9735
1986-07-26,19.9735
1986-07-27,19.9630
1986-07-28,19.9474
1986-07-29,19.9455
1986-07-30,19.9456
1986-07-31,19.9496
1986-08-01,19.9540
1986-08-02,19.9480
1986-08-03,19.9387
1986-08-04,19.9298
1986-08-05,19.9239
1986-08-06,19.9362
1986-08-07,19.9364
1986-08-08,19.9396
1986-08-09,19.9485
1986-08-10,19.9492
1986-08-11,19.9532
1986-08-12,19.9510
1986-08-13,19.9428
1986-08-14,19.9414
1986-08-15,19.9452
1986-08-16,19.9339
1986-08-17,19.9283
1986-08-18,19.9299
1986-08-19,19.9330
1986-08-20,19.9357
1986-08-21,19.9436
1986-08-22,19.9558
1986-08-23,19.9591
1986-08-24,19.9553
1986-08-25,19.9640
1986-08-26,19.9686
1986-08-27,19.9707
1986-08-28,19.9850
1986-08-29,19.9934
1986-08-30,20.0041
1986-08-31,20.0036
1986-09-01,19.9959
1986-09-02,19.9916
1986-09-03,19.9824
1986-09-04,19.9793
1986-09-05,19.9752
1986-09-06,19.9639
1986-09-07,19.9518
1986-09-08,19.9439
1986-09-09,19.9430
1986-09-10,19.9401
1986-09-11,19.9471
1986-09-12,19.9637
1986-09-13,19.9836
1986-09-14,19.9881
1986-09-15,19.9712
1986-09-16,19.9643
1986-09-17,19.9644
1986-09-18,19.9638
1986-09-19,19.9728
1986-09-20,19.9821
1986-09-21,19.9972
1986-09-22,20.0061
1986-09-23,20.0154
1986-09-24,20.0188
1986-09-25,20.0203
1986-09-26,20.0236
1986-09-27,20.0334
1986-09-28,20.0245
1986-09-29,20.0102
1986-09-30,19.9906
1986-10-01,19.9619
1986-10-02,19.9574
1986-10-03,19.9592
1986-10-04,19.9685
1986-10-05,19.9679
1986-10-06,19.9592
1986-10-07,19.9579
1986-10-08,19.9509
1986-10-09,19.9476
1986-10-10,19.9373
1986-10-11,19.9180
1986-10-12,19.9141
1986-10-13,19.9153
1986-10-14,19.9185
1986-10-15,19.9085
1986-10-16,19.9021
1986-10-17,19.9009
1986-10-18,19.8970
1986-10-19,19.8939
1986-10-20,19.8901
1986-10-21,19.8861
1986-10-22,19.8911
1986-10-23,19.8932
1986-10-24,19.9039
1986-10-25,19.9049
1986-10-26,19.9012
1986-10-27,19.8993
1986-10-28,19.8884
1986-10-29,19.8768
1986-10-30,19.8771
1986-10-31,19.8742
1986-11-01,19.8743
1986-11-02,19.8751
1986-11-03,19.8749
1986-11-04,19.8753
1986-11-05,19.8769
1986-11-06,19.8726
1986-11-07,19.8584
1986-11-08,19.8335
1986-11-09,19.8222
1986-11-10,19.8291
1986-11-11,19.8281
1986-11-12,19.8301
1986-11-13,19.8182
1986-11-14,19.8096
1986-11-15,19.8099
1986-11-16,19.8118
1986-11-17,19.8036
1986-11-18,19.8071
1986-11-19,19.8156
1986-11-20,19.8288
1986-11-21,19.8384
1986-11-22,19.8520
1986-11-23,19.8538
1986-11-24,19.8564
1986-11-25,19.8613
1986-11-26,19.8564
1986-11-27,19.8487
1986-11-28,19.8482
1986-11-29,19.8507
1986-11-30,19.8340
1986-12-01,19.8234
1986-12-02,19.8310
1986-12-03,19.8409
1986-12-04,19.8426
1986-12-05,19.8513
1986-12-06,19.8669
1986-12-07,19.8547
1986-12-08,19.8466
1986-12-09,19.8368
1986-12-10,19.8343
1986-12-11,19.8439
1986-12-12,19.8499
1986-12-13,19.8571
1986-12-14,19.8628
1986-12-15,19.8649
1986-12-16,19.8542
1986-12-17,19.8481
1986-12-18,19.8428
1986-12-19,19.8265
1986-12-20,19.8160
1986-12-21,19.8241
1986-12-22,19.8544
1986-12-23,19.8700
1986-12-24,19.8768
1986-12-25,19.8948
1986-12-26,19.9185
1986-12-27,19.9326
1986-12-28,19.9379
1986-12-29,19.9402
1986-12-30,19.9422
1986-12-31,19.9492
1987-01-01,19.9604
1987-01-02,19.9680
1987-01-03,19.9749
1987-01-04,19.9827
1987-01-05,19.9825
1987-01-06,19.9725
1987-01-07,19.9687
1987-01-08,19.9731
1987-01-09,19.9874
1987-01-10,19.9875
1987-01-11,19.9812
1987-01-12,19.9704
1987-01-13,19.9721
1987-01-14,19.9813
1987-01-15,19.9974
1987-01-16,19.9958
1987-01-17,20.0020
1987-01-18,20.0064
1987-01-19,20.0181
1987-01-20,20.0402
1987-01-21,20.0604
1987-01-22,20.0750
1987-01-23,20.0707
1987-01-24,20.0615
1987-01-25,20.0614
1987-01-26,20.0747
1987-01-27,20.0827
1987-01-28,20.0938
1987-01-29,20.1187
1987-01-30,20.1424
1987-01-31,20.1550
1987-02-01,20.1706
1987-02-02,20.1718
1987-02-03,20.1631
1987-02-04,20.1577
1987-02-05,20.1616
1987-02-06,20.1635
1987-02-07,20.1641
1987-02-08,20.1757
1987-02-09,20.1815
1987-02-10,20.1822
1987-02-11,20.1799
1987-02-12,20.1872
1987-02-13,20.1798
1987-02-14,20.1739
1987-02-15,20.1728
1987-02-16,20.1794
1987-02-17,20.1833
1987-02-18,20.1778
1987-02-19,20.1773
1987-02-20,20.1739
1987-02-21,20.1771
1987-02-22,20.1717
1987-02-23,20.1754
1987-02-24,20.1662
1987-02-25,20.1531
1987-02-26,20.1746
1987-02-27,20.2008
1987-02-28,20.2146
1987-03-01,20.2074
1987-03-02,20.2053
1987-03-03,20.2092
1987-03-04,20.2189
1987-03-05,20.2315
1987-03-06,20.2444
1987-03-07,20.2642
1987-03-08,20.2986
1987-03-09,20.3273
1987-03-10,20.3393
1987-03-11,20.3433
1987-03-12,20.3497
1987-03-13,20.3594
1987-03-14,20.3630
1987-03-15,20.3686
1987-03-16,20.3703
1987-03-17,20.3605
1987-03-18,20.3399
1987-03-19,20.3230
1987-03-20,20.3283
1987-03-21,20.3350
1987-03-22,20.3296
1987-03-23,20.3123
1987-03-24,20.3093
1987-03-25,20.3015
1987-03-26,20.2949
1987-03-27,20.2951
1987-03-28,20.2940
1987-03-29,20.2875
1987-03-30,20.2753
1987-03-31,20.2648
1987-04-01,20.2520
1987-04-02,20.2347
1987-04-03,20.2412
1987-04-04,20.2475
1987-04-05,20.2501
1987-04-06,20.2430
1987-04-07,20.2403
1987-04-08,20.2320
1987-04-09,20.2305
1987-04-10,20.2505
1987-04-11,20.2604
1987-04-12,20.2779
1987-04-13,20.2757
1987-04-14,20.2712
1987-04-15,20.2732
1987-04-16,20.2783
1987-04-17,20.2779
1987-04-18,20.2654
1987-04-19,20.2556
1987-04-20,20.2474
1987-04-21,20.2387
1987-04-22,20.2385
1987-04-23,20.2319
1987-04-24,20.2275
1987-04-25,20.2116
1987-04-26,20.1960
1987-04-27,20.1818
1987-04-28,20.1893
1987-04-29,20.1987
1987-04-30,20.2013
1987-05-01,20.1930
1987-05-02,20.1939
1987-05-03,20.1974
1987-05-04,20.1909
1987-05-05,20.1841
1987-05-06,20.1794
1987-05-07,20.1757
1987-05-08,20.1680
1987-05-09,20.1567
1987-05-10,20.1377
1987-05-11,20.1191
1987-05-12,20.1014
1987-05-13,20.1055
1987-05-14,20.1217
1987-05-15,20.1291
1987-05-16,20.1335
1987-05-17,20.1353
1987-05-18,20.1343
1987-05-19,20.1343
1987-05-20,20.1383
1987-05-21,20.1472
1987-05-22,20.1380
1987-05-23,20.1234
1987-05-24,20.1125
1987-05-25,20.1203
1987-05-26,20.1276
1987-05-27,20.1313
1987-05-28,20.1331
1987-05-29,20.1354
1987-05-30,20.1294
1987-05-31,20.1035
1987-06-01,20.0789
1987-06-02,20.0611
1987-06-03,20.0481
1987-06-04,20.0470
1987-06-05,20.0614
1987-06-06,20.0673
1987-06-07,20.0601
1987-06-08,20.0487
1987-06-09,20.0370
1987-06-10,20.0226
1987-06-11,20.0202
1987-06-12,20.0187
1987-06-13,20.0111
1987-06-14,20.0152
1987-06-15,20.0116
1987-06-16,20.0001
1987-06-17,19.9905
1987-06-18,19.9807
1987-06-19,19.9824
1987-06-20,19.9953
1987-06-21,20.0010
1987-06-22,20.0078
1987-06-23,20.0102
1987-06-24,20.0134
1987-06-25,20.0290
1987-06-26,20.0495
1987-06-27,20.0582
1987-06-28,20.0674
1987-06-29,20.0721
1987-06-30,20.0685
1987-07-01,20.0722
1987-07-02,20.0744
1987-07-03,20.0814
1987-07-04,20.1019
1987-07-05,20.1077
1987-07-06,20.0973
1987-07-07,20.0840
1987-07-08,20.0958
1987-07-09,20.1168
1987-07-10,20.1258
1987-07-11,20.1250
1987-07-12,20.1236
1987-07-13,20.1250
1987-07-14,20.1243
1987-07-15,20.1186
1987-07-16,20.1077
1987-07-17,20.1062
1987-07-18,20.1052
1987-07-19,20.1012
1987-07-20,20.1030
1987-07-21,20.1040
1987-07-22,20.1115
1987-07-23,20.1080
1987-07-24,20.1162
1987-07-25,20.1205
1987-07-26,20.1224
1987-07-27,20.1286
1987-07-28,20.1451
1987-07-29,20.1638
1987-07-30,20.1644
1987-07-31,20.1506
1987-08-01,20.1213
1987-08-02,20.1109
1987-08-03,20.1123
1987-08-04,20.1182
1987-08-05,20.1191
1987-08-06,20.1395
1987-08-07,20.1598
1987-08-08,20.1643
1987-08-09,20.1634
1987-08-10,20.1760
1987-08-11,20.1875
1987-08-12,20.1886
1987-08-13,20.1938
1987-08-14,20.2008
1987-08-15,20.2053
1987-08-16,20.2049
1987-08-17,20.1949
1987-08-18,20.1884
1987-08-19,20.2030
1987-08-20,20.2174
1987-08-21,20.2232
1987-08-22,20.2168
1987-08-23,20.2017
1987-08-24,20.2035
1987-08-25,20.2021
1987-08-26,20.2021
1987-08-27,20.2057
1987-08-28,20.2130
1987-08-29,20.2238
1987-08-30,20.2309
1987-08-31,20.2263
1987-09-01,20.2126
1987-09-02,20.1993
1987-09-03,20.1827
1987-09-04,20.1708
1987-09-05,20.1725
1987-09-06,20.1766
1987-09-07,20.1715
1987-09-08,20.1715
1987-09-09,20.1722
1987-09-10,20.1754
1987-09-11,20.1794
1987-09-12,20.1876
1987-09-13,20.1966
1987-09-14,20.1840
1987-09-15,20.1659
1987-09-16,20.1681
1987-09-17,20.1837
1987-09-18,20.1990
1987-09-19,20.2100
1987-09-20,20.2127
1987-09-21,20.2157
1987-09-22,20.2080
1987-09-23,20.1772
1987-09-24,20.1627
1987-09-25,20.1759
1987-09-26,20.1809
1987-09-27,20.1785
1987-09-28,20.1708
1987-09-29,20.1513
1987-09-30,20.1351
1987-10-01,20.1306
1987-10-02,20.1093
1987-10-03,20.0844
1987-10-04,20.0777
1987-10-05,20.0766
1987-10-06,20.0782
1987-10-07,20.0763
1987-10-08,20.0648
1987-10-09,20.0619
1987-10-10,20.0501
1987-10-11,20.0224
1987-10-12,20.0032
1987-10-13,19.9877
1987-10-14,19.9881
1987-10-15,19.9836
1987-10-16,19.9718
1987-10-17,19.9676
1987-10-18,19.9615
1987-10-19,19.9560
1987-10-20,19.9585
1987-10-21,19.9596
1987-10-22,19.9682
1987-10-23,19.9829
1987-10-24,19.9939
1987-10-25,20.0055
1987-10-26,20.0118
1987-10-27,20.0152
1987-10-28,20.0100
1987-10-29,19.9968
1987-10-30,19.9882
1987-10-31,19.9919
1987-11-01,19.9985
1987-11-02,19.9983
1987-11-03,19.9972
1987-11-04,20.0069
1987-11-05,20.0022
1987-11-06,20.0015
1987-11-07,19.9987
1987-11-08,19.9932
1987-11-09,19.9891
1987-11-10,19.9897
1987-11-11,19.9910
1987-11-12,19.9954
1987-11-13,19.9954
1987-11-14,19.9949
1987-11-15,19.9914
1987-11-16,19.9820
1987-11-17,19.9913
1987-11-18,19.9906
1987-11-19,19.9838
1987-11-20,19.9891
1987-11-21,19.9995
1987-11-22,20.0127
1987-11-23,20.0054
1987-11-24,20.0089
1987-11-25,20.0235
1987-11-26,20.0292
1987-11-27,20.0261
1987-11-28,20.0102
1987-11-29,20.0103
1987-11-30,20.0056
1987-12-01,20.0018
1987-12-02,20.0219
1987-12-03,20.0331
1987-12-04,20.0294
1987-12-05,20.0230
1987-12-06,20.0153
1987-12-07,20.0121
1987-12-08,20.0089
1987-12-09,20.0168
1987-12-10,20.0156
1987-12-11,20.0148
1987-12-12,20.0175
1987-12-13,20.0340
1987-12-14,20.0406
1987-12-15,20.0438
1987-12-16,20.0365
1987-12-17,20.0361
1987-12-18,20.0217
1987-12-19,20.0157
1987-12-20,20.0267
1987-12-21,20.0363
1987-12-22,20.0322
1987-12-23,20.0358
1987-12-24,20.0395
1987-12-25,20.0556
1987-12-26,20.0635
1987-12-27,20.0635
1987-12-28,20.0742
1987-12-29,20.0806
1987-12-30,20.0869
1987-12-31,20.0891
1988-01-01,20.0927
1988-01-02,20.1070
1988-01-03,20.1324
1988-01-04,20.1514
1988-01-05,20.1654
1988-01-06,20.1843
1988-01-07,20.2128
1988-01-08,20.2203
1988-01-09,20.2007
1988-01-10,20.1900
1988-01-11,20.1864
1988-01-12,20.1871
1988-01-13,20.1894
1988-01-14,20.1972
1988-01-15,20.2184
1988-01-16,20.2269
1988-01-17,20.2357
1988-01-18,20.2563
1988-01-19,20.2629
1988-01-20,20.2642
1988-01-21,20.2580
1988-01-22,20.2478
1988-01-23,20.2451
1988-01-24,20.2440
1988-01-25,20.2638
1988-01-26,20.2741
1988-01-27,20.2856
1988-01-28,20.2891
1988-01-29,20.2843
1988-01-30,20.2809
1988-01-31,20.2766
1988-02-01,20.2649
1988-02-02,20.2715
1988-02-03,20.2863
1988-02-04,20.3013
1988-02-05,20.3157
1988-02-06,20.3190
1988-02-07,20.3253
1988-02-08,20.3386
1988-02-09,20.3478
1988-02-10,20.3702
1988-02-11,20.3875
1988-02-12,20.4038
1988-02-13,20.4244
1988-02-14,20.4373
1988-02-15,20.4444
1988-02-16,20.4349
1988-02-17,20.4243
1988-02-18,20.4146
1988-02-19,20.4064
1988-02-20,20.3929
1988-02-21,20.3911
1988-02-22,20.3898
1988-02-23,20.3936
1988-02-24,20.3979
1988-02-25,20.3968
1988-02-26,20.3920
1988-02-27,20.3857
1988-02-28,20.3811
1988-02-29,20.3811
1988-03-01,20.3664
1988-03-02,20.3606
1988-03-03,20.3787
1988-03-04,20.3816
1988-03-05,20.3861
1988-03-06,20.3912
1988-03-07,20.3971
1988-03-08,20.4078
1988-03-09,20.4178
1988-03-10,20.4251
1988-03-11,20.4214
1988-03-12,20.4190
1988-03-13,20.4202
1988-03-14,20.4270
1988-03-15,20.4304
1988-03-16,20.4265
1988-03-17,20.4086
1988-03-18,20.3804
1988-03-19,20.3494
1988-03-20,20.3406
1988-03-21,20.3319
1988-03-22,20.3245
1988-03-23,20.3353
1988-03-24,20.3459
1988-03-25,20.3542
1988-03-26,20.3627
1988-03-27,20.3720
1988-03-28,20.3765
1988-03-29,20.3568
1988-03-30,20.3332
1988-03-31,20.3160
1988-04-01,20.3214
1988-04-02,20.3330
1988-04-03,20.3518
1988-04-04,20.3611
1988-04-05,20.3573
1988-04-06,20.3605
1988-04-07,20.3737
1988-04-08,20.3689
1988-04-09,20.3449
1988-04-10,20.3373
1988-04-11,20.3247
1988-04-12,20.3144
1988-04-13,20.2989
1988-04-14,20.2900
1988-04-15,20.2809
1988-04-16,20.2877
1988-04-17,20.2890
1988-04-18,20.2896
1988-04-19,20.2908
1988-04-20,20.2972
1988-04-21,20.2864
1988-04-22,20.2730
1988-04-23,20.2646
1988-04-24,20.2574
1988-04-25,20.2529
1988-04-26,20.2640
1988-04-27,20.2669
1988-04-28,20.2624
1988-04-29,20.2535
1988-04-30,20.2399
1988-05-01,20.1962
1988-05-02,20.1595
1988-05-03,20.1489
1988-05-04,20.1405
1988-05-05,20.1274
1988-05-06,20.1298
1988-05-07,20.1341
1988-05-08,20.1536
1988-05-09,20.1748
1988-05-10,20.1806
1988-05-11,20.1865
1988-05-12,20.1914
1988-05-13,20.1961
1988-05-14,20.2001
1988-05-15,20.1970
1988-05-16,20.1899
1988-05-17,20.1842
1988-05-18,20.1809
1988-05-19,20.1766
1988-05-20,20.1674
1988-05-21,20.1503
1988-05-22,20.1314
1988-05-23,20.1293
1988-05-24,20.1146
1988-05-25,20.1230
1988-05-26,20.1221
1988-05-27,20.1067
1988-05-28,20.0989
1988-05-29,20.0832
1988-05-30,20.0738
1988-05-31,20.0647
1988-06-01,20.0622
1988-06-02,20.0617
1988-06-03,20.0523
1988-06-04,20.0551
1988-06-05,20.0478
1988-06-06,20.0396
1988-06-07,20.0389
1988-06-08,20.0558
1988-06-09,20.0845
1988-06-10,20.1216
1988-06-11,20.1379
1988-06-12,20.1440
1988-06-13,20.1387
1988-06-14,20.1184
1988-06-15,20.1025
1988-06-16,20.0861
1988-06-17,20.0649
1988-06-18,20.0497
1988-06-19,20.0439
1988-06-20,20.0450
1988-06-21,20.0465
1988-06-22,20.0708
1988-06-23,20.0749
1988-06-24,20.0511
1988-06-25,20.0282
1988-06-26,20.0144
1988-06-27,20.0170
1988-06-28,20.0129
1988-06-29,20.0056
1988-06-30,19.9960
1988-07-01,19.9864
1988-07-02,19.9901
1988-07-03,19.9904
1988-07-04,19.9851
1988-07-05,19.9692
1988-07-06,19.9660
1988-07-07,19.9745
1988-07-08,19.9713
1988-07-09,19.9695
1988-07-10,19.9683
1988-07-11,19.9715
1988-07-12,19.9778
1988-07-13,19.9787
1988-07-14,19.9868
1988-07-15,19.9996
1988-07-16,20.0045
1988-07-17,20.0050
1988-07-18,20.0111
1988-07-19,20.0071
1988-07-20,20.0093
1988-07-21,20.0205
1988-07-22,20.0311
1988-07-23,20.0367
1988-07-24,20.0457
1988-07-25,20.0555
1988-07-26,20.0524
1988-07-27,20.0552
1988-07-28,20.0666
1988-07-29,20.0615
1988-07-30,20.0532
1988-07-31,20.0492
1988-08-01,20.0386
1988-08-02,20.0330
1988-08-03,20.0298
1988-08-04,20.0476
1988-08-05,20.0619
1988-08-06,20.0606
1988-08-07,20.0506
1988-08-08,20.0428
1988-08-09,20.0467
1988-08-10,20.0559
1988-08-11,20.0538
1988-08-12,20.0426
1988-08-13,20.0231
1988-08-14,20.0204
1988-08-15,20.0213
1988-08-16,20.0307
1988-08-17,20.0501
1988-08-18,20.0456
1988-08-19,20.0521
1988-08-20,20.0638
1988-08-21,20.0830
1988-08-22,20.0953
1988-08-23,20.0987
1988-08-24,20.1015
1988-08-25,20.0927
1988-08-26,20.0896
1988-08-27,20.1072
1988-08-28,20.1129
1988-08-29,20.1130
1988-08-30,20.0969
1988-08-31,20.0799
1988-09-01,20.0758
1988-09-02,20.0709
1988-09-03,20.0692
1988-09-04,20.0668
1988-09-05,20.0720
1988-09-06,20.0871
1988-09-07,20.0801
1988-09-08,20.0768
1988-09-09,20.0817
1988-09-10,20.0705
1988-09-11,20.0583
1988-09-12,20.0397
1988-09-13,20.0249
1988-09-14,20.0111
1988-09-15,20.0048
1988-09-16,19.9980
1988-09-17,19.9956
1988-09-18,19.9971
1988-09-19,20.0136
1988-09-20,20.0403
1988-09-21,20.0175
1988-09-22,19.9708
1988-09-23,19.9262
1988-09-24,19.9011
1988-09-25,19.8841
1988-09-26,19.8803
1988-09-27,19.8852
1988-09-28,19.8902
1988-09-29,19.9025
1988-09-30,19.9051
1988-10-01,19.9047
1988-10-02,19.9059
1988-10-03,19.9226
1988-10-04,19.9235
1988-10-05,19.9142
1988-10-06,19.9091
1988-10-07,19.9144
1988-10-08,19.9142
1988-10-09,19.9083
1988-10-10,19.9166
1988-10-11,19.9379
1988-10-12,19.9507
1988-10-13,19.9472
1988-10-14,19.9320
1988-10-15,19.9131
1988-10-16,19.8959
1988-10-17,19.8814
1988-10-18,19.8768
1988-10-19,19.8707
1988-10-20,19.8636
1988-10-21,19.8617
1988-10-22,19.8764
1988-10-23,19.8880
1988-10-24,19.8842
1988-10-25,19.8761
1988-10-26,19.8543
1988-10-27,19.8476
1988-10-28,19.8416
1988-10-29,19.8350
1988-10-30,19.8355
1988-10-31,19.8272
1988-11-01,19.8028
1988-11-02,19.7748
1988-11-03,19.7605
1988-11-04,19.7496
1988-11-05,19.7427
1988-11-06,19.7332
1988-11-07,19.7347
1988-11-08,19.7748
1988-11-09,19.7891
1988-11-10,19.7908
1988-11-11,19.7735
1988-11-12,19.7545
1988-11-13,19.7583
1988-11-14,19.7676
1988-11-15,19.7718
1988-11-16,19.7738
1988-11-17,19.7681
1988-11-18,19.7546
1988-11-19,19.7365
1988-11-20,19.7128
1988-11-21,19.7038
1988-11-22,19.7003
1988-11-23,19.6967
1988-11-24,19.6991
1988-11-25,19.6946
1988-11-26,19.7055
1988-11-27,19.7069
1988-11-28,19.6989
1988-11-29,19.6893
1988-11-30,19.6895
1988-12-01,19.6909
1988-12-02,19.7009
1988-12-03,19.7223
1988-12-04,19.7319
1988-12-05,19.7289
1988-12-06,19.7153
1988-12-07,19.7121
1988-12-08,19.7069
1988-12-09,19.6975
1988-12-10,19.6902
1988-12-11,19.6927
1988-12-12,19.6965
1988-12-13,19.7019
1988-12-14,19.7147
1988-12-15,19.7388
1988-12-16,19.7604
1988-12-17,19.7740
1988-12-18,19.7731
1988-12-19,19.7702
1988-12-20,19.7723
1988-12-21,19.7908
1988-12-22,19.8246
1988-12-23,19.8488
1988-12-24,19.8595
1988-12-25,19.8716
1988-12-26,19.8782
1988-12-27,19.8844
1988-12-28,19.8756
1988-12-29,19.8578
1988-12-30,19.8343
1988-12-31,19.8310
1989-01-01,19.8336
1989-01-02,19.8321
1989-01-03,19.8425
1989-01-04,19.8662
1989-01-05,19.8807
1989-01-06,19.8988
1989-01-07,19.9038
1989-01-08,19.9118
1989-01-09,19.9286
1989-01-10,19.9405
1989-01-11,19.9526
1989-01-12,19.9741
1989-01-13,19.9860
1989-01-14,19.9900
1989-01-15,19.9941
1989-01-16,20.0023
1989-01-17,20.0023
1989-01-18,20.0052
1989-01-19,20.0172
1989-01-20,20.0248
1989-01-21,20.0296
1989-01-22,20.0377
1989-01-23,20.0295
1989-01-24,20.0169
1989-01-25,20.0165
1989-01-26,20.0169
1989-01-27,20.0142
1989-01-28,20.0175
1989-01-29,20.0230
1989-01-30,20.0374
1989-01-31,20.0525
1989-02-01,20.0486
1989-02-02,20.0456
1989-02-03,20.0448
1989-02-04,20.0487
1989-02-05,20.0517
1989-02-06,20.0663
1989-02-07,20.0835
1989-02-08,20.0812
1989-02-09,20.0747
1989-02-10,20.0756
1989-02-11,20.0656
1989-02-12,20.0542
1989-02-13,20.0553
1989-02-14,20.0661
1989-02-15,20.0842
1989-02-16,20.0997
1989-02-17,20.1154
1989-02-18,20.1181
1989-02-19,20.1219
1989-02-20,20.1325
1989-02-21,20.1361
1989-02-22,20.1431
1989-02-23,20.1448
1989-02-24,20.1357
1989-02-25,20.1103
1989-02-26,20.0989
1989-02-27,20.1062
1989-02-28,20.1211
1989-03-01,20.1403
1989-03-02,20.1599
1989-03-03,20.1630
1989-03-04,20.1663
1989-03-05,20.1656
1989-03-06,20.1716
1989-03-07,20.1675
1989-03-08,20.1670
1989-03-09,20.1727
1989-03-10,20.1647
1989-03-11,20.1490
1989-03-12,20.1387
1989-03-13,20.1305
1989-03-14,20.1328
1989-03-15,20.1345
1989-03-16,20.1474
1989-03-17,20.1589
1989-03-18,20.1646
1989-03-19,20.1758
1989-03-20,20.1752
1989-03-21,20.1704
1989-03-22,20.1675
1989-03-23,20.1689
1989-03-24,20.1755
1989-03-25,20.1921
1989-03-26,20.2075
1989-03-27,20.2097
1989-03-28,20.2089
1989-03-29,20.2014
1989-03-30,20.1894
1989-03-31,20.1746
1989-04-01,20.1444
1989-04-02,20.1148
1989-04-03,20.0983
1989-04-04,20.0924
1989-04-05,20.0998
1989-04-06,20.0961
1989-04-07,20.1054
1989-04-08,20.1144
1989-04-09,20.1215
1989-04-10,20.1182
1989-04-11,20.1215
1989-04-12,20.1229
1989-04-13,20.1255
1989-04-14,20.1202
1989-04-15,20.1233
1989-04-16,20.1270
1989-04-17,20.1272
1989-04-18,20.1500
1989-04-19,20.1797
1989-04-20,20.1940
1989-04-21,20.2041
1989-04-22,20.1918
1989-04-23,20.1772
1989-04-24,20.1613
1989-04-25,20.1582
1989-04-26,20.1493
1989-04-27,20.1522
1989-04-28,20.1646
1989-04-29,20.1612
1989-04-30,20.1593
1989-05-01,20.1523
1989-05-02,20.1463
1989-05-03,20.1490
1989-05-04,20.1415
1989-05-05,20.1298
1989-05-06,20.1238
1989-05-07,20.1228
1989-05-08,20.1190
1989-05-09,20.1109
1989-05-10,20.0942
1989-05-11,20.0823
1989-05-12,20.0681
1989-05-13,20.0659
1989-05-14,20.0552
1989-05-15,20.0426
1989-05-16,20.0400
1989-05-17,20.0311
1989-05-18,20.0220
1989-05-19,20.0262
1989-05-20,20.0355
1989-05-21,20.0482
1989-05-22,20.0554
1989-05-23,20.0520
1989-05-24,20.0517
1989-05-25,20.0494
1989-05-26,20.0478
1989-05-27,20.0289
1989-05-28,20.0160
1989-05-29,19.9916
1989-05-30,19.9659
1989-05-31,19.9434
1989-06-01,19.9252
1989-06-02,19.9290
1989-06-03,19.9269
1989-06-04,19.9363
1989-06-05,19.9628
1989-06-06,19.9819
1989-06-07,19.9869
1989-06-08,19.9827
1989-06-09,19.9710
1989-06-10,19.9652
1989-06-11,19.9668
1989-06-12,19.9630
1989-06-13,19.9674
1989-06-14,19.9748
1989-06-15,19.9865
1989-06-16,19.9874
1989-06-17,19.9844
1989-06-18,19.9843
1989-06-19,19.9705
1989-06-20,19.9598
1989-06-21,19.9519
1989-06-22,19.9546
1989-06-23,19.9528
1989-06-24,19.9593
1989-06-25,19.9660
1989-06-26,19.9685
1989-06-27,19.9624
1989-06-28,19.9755
1989-06-29,19.9931
1989-06-30,19.9852
1989-07-01,19.9583
1989-07-02,19.9410
1989-07-03,19.9411
1989-07-04,19.9432
1989-07-05,19.9548
1989-07-06,19.9798
1989-07-07,19.9983
1989-07-08,20.0101
1989-07-09,20.0151
1989-07-10,20.0239
1989-07-11,20.0305
1989-07-12,20.0462
1989-07-13,20.0597
1989-07-14,20.0716
1989-07-15,20.0714
1989-07-16,20.0758
1989-07-17,20.0866
1989-07-18,20.0848
1989-07-19,20.0876
1989-07-20,20.0889
1989-07-21,20.0844
1989-07-22,20.0809
1989-07-23,20.0877
1989-07-24,20.1034
1989-07-25,20.1134
1989-07-26,20.1020
1989-07-27,20.0903
1989-07-28,20.0934
1989-07-29,20.0853
1989-07-30,20.0755
1989-07-31,20.0612
1989-08-01,20.0456
1989-08-02,20.0198
1989-08-03,20.0138
1989-08-04,20.0150
1989-08-05,20.0250
1989-08-06,20.0342
1989-08-07,20.0448
1989-08-08,20.0639
1989-08-09,20.0678
1989-08-10,20.0796
1989-08-11,20.0864
1989-08-12,20.0839
1989-08-13,20.0773
1989-08-14,20.0709
1989-08-15,20.0598
1989-08-16,20.0553
1989-08-17,20.0432
1989-08-18,20.0262
1989-08-19,20.0186
1989-08-20,20.0270
1989-08-21,20.0509
1989-08-22,20.0731
1989-08-23,20.0878
1989-08-24,20.0946
1989-08-25,20.0998
1989-08-26,20.1022
1989-08-27,20.1011
1989-08-28,20.1061
1989-08-29,20.1071
1989-08-30,20.0920
1989-08-31,20.0754
1989-09-01,20.0589
1989-09-02,20.0516
1989-09-03,20.0476
1989-09-04,20.0422
1989-09-05,20.0452
1989-09-06,20.0362
1989-09-07,20.0358
1989-09-08,20.0295
1989-09-09,20.0248
1989-09-10,20.0149
1989-09-11,20.0079
1989-09-12,20.0059
1989-09-13,20.0078
1989-09-14,20.0219
1989-09-15,20.0391
1989-09-16,20.0432
1989-09-17,20.0492
1989-09-18,20.0513
1989-09-19,20.0566
1989-09-20,20.0643
1989-09-21,20.0589
1989-09-22,20.0483
1989-09-23,20.0404
1989-09-24,20.0281
1989-09-25,20.0208
1989-09-26,20.0137
1989-09-27,19.9894
1989-09-28,19.9632
1989-09-29,19.9552
1989-09-30,19.9523
1989-10-01,19.9414
1989-10-02,19.9393
1989-10-03,19.9193
1989-10-04,19.8971
1989-10-05,19.8883
1989-10-06,19.8817
1989-10-07,19.8744
1989-10-08,19.8754
1989-10-09,19.8706
1989-10-10,19.8622
1989-10-11,19.8513
1989-10-12,19.8465
1989-10-13,19.8492
1989-10-14,19.8521
1989-10-15,19.8554
1989-10-16,19.8582
1989-10-17,19.8646
1989-10-18,19.8509
1989-10-19,19.8437
1989-10-20,19.8514
1989-10-21,19.8565
1989-10-22,19.8577
1989-10-23,19.8499
1989-10-24,19.8391
1989-10-25,19.8408
1989-10-26,19.8439
1989-10-27,19.8398
1989-10-28,19.8501
1989-10-29,19.8566
1989-10-30,19.8592
1989-10-31,19.8687
1989-11-01,19.8907
1989-11-02,19.8934
1989-11-03,19.8838
1989-11-04,19.8788
1989-11-05,19.8593
1989-11-06,19.8487
1989-11-07,19.8463
1989-11-08,19.8479
1989-11-09,19.8480
1989-11-10,19.8456
1989-11-11,19.8461
1989-11-12,19.8532
1989-11-13,19.8499
1989-11-14,19.8457
1989-11-15,19.8417
1989-11-16,19.8509
1989-11-17,19.8417
1989-11-18,19.8354
1989-11-19,19.8300
1989-11-20,19.8223
1989-11-21,19.8184
1989-11-22,19.8241
1989-11-23,19.8291
1989-11-24,19.8331
1989-11-25,19.8276
1989-11-26,19.8279
1989-11-27,19.8257
1989-11-28,19.8277
1989-11-29,19.8456
1989-11-30,19.8707
1989-12-01,19.8856
1989-12-02,19.8829
1989-12-03,19.8752
1989-12-04,19.8700
1989-12-05,19.8666
1989-12-06,19.8668
1989-12-07,19.8774
1989-12-08,19.8947
1989-12-09,19.9066
1989-12-10,19.9145
1989-12-11,19.9117
1989-12-12,19.9137
1989-12-13,19.9030
1989-12-14,19.8888
1989-12-15,19.8784
1989-12-16,19.8612
1989-12-17,19.8475
1989-12-18,19.8433
1989-12-19,19.8311
1989-12-20,19.8304
1989-12-21,19.8443
1989-12-22,19.8564
1989-12-23,19.8724
1989-12-24,19.8913
1989-12-25,19.9073
1989-12-26,19.9189
1989-12-27,19.9300
1989-12-28,19.9320
1989-12-29,19.9405
1989-12-30,19.9518
1989-12-31,19.9500
1990-01-01,19.9611
1990-01-02,19.9720
1990-01-03,19.9704
1990-01-04,19.9791
1990-01-05,19.9792
1990-01-06,19.9810
1990-01-07,19.9780
1990-01-08,19.9750
1990-01-09,19.9754
1990-01-10,19.9845
1990-01-11,19.9964
1990-01-12,20.0075
1990-01-13,20.0117
1990-01-14,20.0268
1990-01-15,20.0556
1990-01-16,20.0749
1990-01-17,20.0784
1990-01-18,20.0737
1990-01-19,20.0766
1990-01-20,20.0802
1990-01-21,20.0741
1990-01-22,20.0727
1990-01-23,20.0709
1990-01-24,20.0743
1990-01-25,20.1002
1990-01-26,20.1135
1990-01-27,20.1145
1990-01-28,20.1264
1990-01-29,20.1362
1990-01-30,20.1381
1990-01-31,20.1269
1990-02-01,20.1271
1990-02-02,20.1426
1990-02-03,20.1587
1990-02-04,20.1813
1990-02-05,20.1971
1990-02-06,20.2046
1990-02-07,20.2168
1990-02-08,20.2290
1990-02-09,20.2406
1990-02-10,20.2448
1990-02-11,20.2828
1990-02-12,20.2947
1990-02-13,20.3007
1990-02-14,20.3041
1990-02-15,20.3024
1990-02-16,20.3016
1990-02-17,20.2938
1990-02-18,20.2989
1990-02-19,20.3177
1990-02-20,20.3324
1990-02-21,20.3462
1990-02-22,20.3458
1990-02-23,20.3501
1990-02-24,20.3533
1990-02-25,20.3535
1990-02-26,20.3471
1990-02-27,20.3354
1990-02-28,20.3123
1990-03-01,20.2850
1990-03-02,20.2857
1990-03-03,20.3006
1990-03-04,20.3092
1990-03-05,20.3065
1990-03-06,20.3021
1990-03-07,20.2990
1990-03-08,20.2840
1990-03-09,20.2761
1990-03-10,20.2651
1990-03-11,20.2596
1990-03-12,20.2562
1990-03-13,20.2600
1990-03-14,20.2631
1990-03-15,20.2636
1990-03-16,20.2700
1990-03-17,20.2870
1990-03-18,20.3078
1990-03-19,20.3268
1990-03-20,20.3421
1990-03-21,20.3520
1990-03-22,20.3543
1990-03-23,20.3353
1990-03-24,20.3303
1990-03-25,20.3404
1990-03-26,20.3384
1990-03-27,20.3432
1990-03-28,20.3425
1990-03-29,20.3352
1990-03-30,20.3289
1990-03-31,20.3303
1990-04-01,20.3404
1990-04-02,20.3551
1990-04-03,20.3592
1990-04-04,20.3560
1990-04-05,20.3381
1990-04-06,20.3208
1990-04-07,20.3160
1990-04-08,20.3141
1990-04-09,20.3079
1990-04-10,20.2985
1990-04-11,20.2960
1990-04-12,20.2977
1990-04-13,20.2886
1990-04-14,20.2914
1990-04-15,20.2989
1990-04-16,20.3082
1990-04-17,20.3038
1990-04-18,20.3048
1990-04-19,20.3076
1990-04-20,20.2926
1990-04-21,20.2907
1990-04-22,20.2948
1990-04-23,20.2972
1990-04-24,20.2921
1990-04-25,20.2948
1990-04-26,20.3066
1990-04-27,20.3117
1990-04-28,20.3209
1990-04-29,20.3351
1990-04-30,20.3396
1990-05-01,20.3198
1990-05-02,20.2982
1990-05-03,20.2911
1990-05-04,20.2858
1990-05-05,20.2778
1990-05-06,20.2601
1990-05-07,20.2435
1990-05-08,20.2273
1990-05-09,20.2266
1990-05-10,20.2394
1990-05-11,20.2449
1990-05-12,20.2346
1990-05-13,20.2293
1990-05-14,20.2225
1990-05-15,20.2256
1990-05-16,20.2191
1990-05-17,20.2108
1990-05-18,20.1988
1990-05-19,20.2036
1990-05-20,20.2018
1990-05-21,20.2037
1990-05-22,20.2044
1990-05-23,20.2115
1990-05-24,20.2184
1990-05-25,20.2114
1990-05-26,20.2107
1990-05-27,20.1979
1990-05-28,20.1819
1990-05-29,20.1665
1990-05-30,20.1550
1990-05-31,20.1399
1990-06-01,20.1216
1990-06-02,20.1147
1990-06-03,20.0933
1990-06-04,20.0847
1990-06-05,20.0743
1990-06-06,20.0603
1990-06-07,20.0500
1990-06-08,20.0351
1990-06-09,20.0211
1990-06-10,20.0237
1990-06-11,20.0257
1990-06-12,20.0274
1990-06-13,20.0268
1990-06-14,20.0298
1990-06-15,20.0282
1990-06-16,20.0179
1990-06-17,20.0254
1990-06-18,20.0256
1990-06-19,20.0217
1990-06-20,20.0136
1990-06-21,20.0154
1990-06-22,20.0312
1990-06-23,20.0431
1990-06-24,20.0577
1990-06-25,20.0629
1990-06-26,20.0771
1990-06-27,20.0787
1990-06-28,20.0791
1990-06-29,20.0771
1990-06-30,20.0903
1990-07-01,20.0922
1990-07-02,20.0840
1990-07-03,20.0654
1990-07-04,20.0622
1990-07-05,20.0617
1990-07-06,20.0530
1990-07-07,20.0428
1990-07-08,20.0411
1990-07-09,20.0456
1990-07-10,20.0500
1990-07-11,20.0482
1990-07-12,20.0341
1990-07-13,20.0258
1990-07-14,20.0327
1990-07-15,20.0463
1990-07-16,20.0645
1990-07-17,20.0852
1990-07-18,20.1001
1990-07-19,20.1190
1990-07-20,20.1158
1990-07-21,20.1213
1990-07-22,20.1356
1990-07-23,20.1583
1990-07-24,20.1662
1990-07-25,20.1723
1990-07-26,20.1674
1990-07-27,20.1712
1990-07-28,20.1719
1990-07-29,20.1764
1990-07-30,20.1828
1990-07-31,20.1831
1990-08-01,20.1893
1990-08-02,20.1903
1990-08-03,20.1810
1990-08-04,20.1779
1990-08-05,20.1912
1990-08-06,20.1898
1990-08-07,20.1769
1990-08-08,20.1713
1990-08-09,20.1773
1990-08-10,20.1668
1990-08-11,20.1531
1990-08-12,20.1629
1990-08-13,20.1583
1990-08-14,20.1570
1990-08-15,20.1565
1990-08-16,20.1498
1990-08-17,20.1303
1990-08-18,20.1252
1990-08-19,20.1261
1990-08-20,20.1133
1990-08-21,20.1096
1990-08-22,20.1112
1990-08-23,20.1101
1990-08-24,20.1028
1990-08-25,20.1012
1990-08-26,20.1039
1990-08-27,20.1042
1990-08-28,20.1057
1990-08-29,20.0982
1990-08-30,20.1083
1990-08-31,20.1072
1990-09-01,20.1058
1990-09-02,20.1046
1990-09-03,20.1035
1990-09-04,20.1012
1990-09-05,20.0944
1990-09-06,20.1041
1990-09-07,20.0976
1990-09-08,20.0878
1990-09-09,20.0783
1990-09-10,20.0761
1990-09-11,20.0652
1990-09-12,20.0638
1990-09-13,20.0745
1990-09-14,20.0834
1990-09-15,20.0891
1990-09-16,20.1052
1990-09-17,20.1155
1990-09-18,20.1097
1990-09-19,20.0907
1990-09-20,20.0849
1990-09-21,20.0826
1990-09-22,20.0849
1990-09-23,20.0879
1990-09-24,20.0987
1990-09-25,20.0998
1990-09-26,20.0955
1990-09-27,20.0971
1990-09-28,20.0994
1990-09-29,20.1004
1990-09-30,20.0939
1990-10-01,20.0895
1990-10-02,20.0868
1990-10-03,20.0810
1990-10-04,20.0616
1990-10-05,20.0370
1990-10-06,20.0117
1990-10-07,19.9983
1990-10-08,20.0024
1990-10-09,20.0018
1990-10-10,19.9825
1990-10-11,19.9717
1990-10-12,19.9865
1990-10-13,20.0075
1990-10-14,20.0104
1990-10-15,19.9956
1990-10-16,19.9827
1990-10-17,19.9892
1990-10-18,19.9992
1990-10-19,20.0066
1990-10-20,20.0154
1990-10-21,20.0394
1990-10-22,20.0528
1990-10-23,20.0685
1990-10-24,20.0868
1990-10-25,20.0851
1990-10-26,20.0707
1990-10-27,20.0437
1990-10-28,20.0203
1990-10-29,20.0049
1990-10-30,20.0024
1990-10-31,20.0003
1990-11-01,19.9978
1990-11-02,19.9952
1990-11-03,19.9993
1990-11-04,19.9922
1990-11-05,19.9812
1990-11-06,19.9610
1990-11-07,19.9488
1990-11-08,19.9336
1990-11-09,19.9189
1990-11-10,19.9153
1990-11-11,19.9097
1990-11-12,19.9028
1990-11-13,19.8962
1990-11-14,19.8934
1990-11-15,19.8951
1990-11-16,19.9047
1990-11-17,19.9046
1990-11-18,19.9121
1990-11-19,19.9228
1990-11-20,19.9118
1990-11-21,19.8939
1990-11-22,19.8928
1990-11-23,19.8950
1990-11-24,19.8982
1990-11-25,19.8948
1990-11-26,19.8844
1990-11-27,19.8889
1990-11-28,19.9054
1990-11-29,19.9060
1990-11-30,19.9173
1990-12-01,19.9410
1990-12-02,19.9647
1990-12-03,19.9810
1990-12-04,19.9772
1990-12-05,19.9745
1990-12-06,19.9711
1990-12-07,19.9750
1990-12-08,19.9922
1990-12-09,20.0050
1990-12-10,20.0194
1990-12-11,20.0252
1990-12-12,20.0181
1990-12-13,20.0014
1990-12-14,19.9904
1990-12-15,19.9869
1990-12-16,19.9870
1990-12-17,19.9937
1990-12-18,19.9993
1990-12-19,20.0123
1990-12-20,20.0244
1990-12-21,20.0152
1990-12-22,20.0111
1990-12-23,20.0108
1990-12-24,20.0166
1990-12-25,20.0161
1990-12-26,20.0107
1990-12-27,20.0146
1990-12-28,20.0200
1990-12-29,20.0376
1990-12-30,20.0524
1990-12-31,20.0464
1991-01-01,20.0248
1991-01-02,20.0115
1991-01-03,20.0148
1991-01-04,20.0208
1991-01-05,20.0220
1991-01-06,20.0250
1991-01-07,20.0378
1991-01-08,20.0561
1991-01-09,20.0795
1991-01-10,20.1182
1991-01-11,20.1472
1991-01-12,20.1545
1991-01-13,20.1567
1991-01-14,20.1564
1991-01-15,20.1479
1991-01-16,20.1400
1991-01-17,20.1374
1991-01-18,20.1297
1991-01-19,20.1353
1991-01-20,20.1420
1991-01-21,20.1418
1991-01-22,20.1199
1991-01-23,20.1177
1991-01-24,20.1191
1991-01-25,20.1222
1991-01-26,20.1256
1991-01-27,20.1362
1991-01-28,20.1460
1991-01-29,20.1603
1991-01-30,20.1605
1991-01-31,20.1648
1991-02-01,20.1888
1991-02-02,20.2078
1991-02-03,20.2207
1991-02-04,20.2331
1991-02-05,20.2540
1991-02-06,20.2721
1991-02-07,20.2912
1991-02-08,20.2987
1991-02-09,20.3167
1991-02-10,20.3311
1991-02-11,20.3308
1991-02-12,20.3195
1991-02-13,20.3134
1991-02-14,20.3202
1991-02-15,20.3272
1991-02-16,20.3267
1991-02-17,20.3223
1991-02-18,20.3230
1991-02-19,20.3144
1991-02-20,20.3059
1991-02-21,20.2971
1991-02-22,20.2843
1991-02-23,20.2789
1991-02-24,20.2704
1991-02-25,20.2617
1991-02-26,20.2701
1991-02-27,20.2909
1991-02-28,20.2984
1991-03-01,20.2852
1991-03-02,20.2741
1991-03-03,20.2693
1991-03-04,20.2727
1991-03-05,20.2703
1991-03-06,20.2662
1991-03-07,20.2669
1991-03-08,20.2794
1991-03-09,20.2917
1991-03-10,20.3043
1991-03-11,20.3122
1991-03-12,20.3203
1991-03-13,20.3185
1991-03-14,20.3258
1991-03-15,20.3385
1991-03-16,20.3391
1991-03-17,20.3410
1991-03-18,20.3410
1991-03-19,20.3400
1991-03-20,20.3462
1991-03-21,20.3343
1991-03-22,20.3270
1991-03-23,20.3168
1991-03-24,20.3175
1991-03-25,20.3365
1991-03-26,20.3410
1991-03-27,20.3481
1991-03-28,20.3544
1991-03-29,20.3564
1991-03-30,20.3610
1991-03-31,20.3654
1991-04-01,20.3669
1991-04-02,20.3574
1991-04-03,20.3452
1991-04-04,20.3373
1991-04-05,20.3411
1991-04-06,20.3395
1991-04-07,20.3419
1991-04-08,20.3313
1991-04-09,20.3199
1991-04-10,20.3122
1991-04-11,20.3071
1991-04-12,20.3058
1991-04-13,20.3090
1991-04-14,20.3246
1991-04-15,20.3427
1991-04-16,20.3587
1991-04-17,20.3636
1991-04-18,20.3581
1991-04-19,20.3426
1991-04-20,20.3335
1991-04-21,20.3377
1991-04-22,20.3488
1991-04-23,20.3545
1991-04-24,20.3532
1991-04-25,20.3496
1991-04-26,20.3554
1991-04-27,20.3587
1991-04-28,20.3696
1991-04-29,20.3843
1991-04-30,20.3940
1991-05-01,20.3781
1991-05-02,20.3712
1991-05-03,20.3735
1991-05-04,20.3495
1991-05-05,20.3210
1991-05-06,20.3019
1991-05-07,20.2990
1991-05-08,20.2920
1991-05-09,20.2685
1991-05-10,20.2498
1991-05-11,20.2444
1991-05-12,20.2331
1991-05-13,20.2164
1991-05-14,20.2078
1991-05-15,20.2011
1991-05-16,20.1855
1991-05-17,20.1827
1991-05-18,20.1876
1991-05-19,20.1882
1991-05-20,20.2000
1991-05-21,20.2074
1991-05-22,20.2049
1991-05-23,20.2089
1991-05-24,20.2055
1991-05-25,20.2009
1991-05-26,20.2126
1991-05-27,20.2273
1991-05-28,20.2317
1991-05-29,20.2211
1991-05-30,20.2183
1991-05-31,20.2165
1991-06-01,20.2074
1991-06-02,20.2006
1991-06-03,20.1884
1991-06-04,20.1686
1991-06-05,20.1516
1991-06-06,20.1213
1991-06-07,20.0930
1991-06-08,20.0798
1991-06-09,20.0719
1991-06-10,20.0549
1991-06-11,20.0391
1991-06-12,20.0333
1991-06-13,20.0311
1991-06-14,20.0246
1991-06-15,20.0602
1991-06-16,20.1358
1991-06-17,20.1506
1991-06-18,20.1375
1991-06-19,20.1264
1991-06-20,20.1190
1991-06-21,20.1084
1991-06-22,20.0898
1991-06-23,20.0812
1991-06-24,20.0764
1991-06-25,20.0784
1991-06-26,20.0751
1991-06-27,20.0792
1991-06-28,20.0749
1991-06-29,20.0791
1991-06-30,20.1035
1991-07-01,20.1292
1991-07-02,20.1339
1991-07-03,20.1187
1991-07-04,20.1192
1991-07-05,20.1182
1991-07-06,20.1076
1991-07-07,20.1013
1991-07-08,20.0939
1991-07-09,20.0850
1991-07-10,20.0807
1991-07-11,20.0811
1991-07-12,20.0970
1991-07-13,20.1169
1991-07-14,20.1270
1991-07-15,20.1294
1991-07-16,20.1379
1991-07-17,20.1429
1991-07-18,20.1314
1991-07-19,20.1213
1991-07-20,20.1134
1991-07-21,20.1194
1991-07-22,20.1328
1991-07-23,20.1399
1991-07-24,20.1483
1991-07-25,20.1528
1991-07-26,20.1524
1991-07-27,20.1552
1991-07-28,20.1684
1991-07-29,20.1634
1991-07-30,20.1605
1991-07-31,20.1662
1991-08-01,20.1709
1991-08-02,20.1732
1991-08-03,20.1640
1991-08-04,20.1501
1991-08-05,20.1233
1991-08-06,20.1059
1991-08-07,20.0933
1991-08-08,20.0830
1991-08-09,20.0816
1991-08-10,20.0819
1991-08-11,20.0729
1991-08-12,20.0839
1991-08-13,20.1016
1991-08-14,20.1111
1991-08-15,20.1136
1991-08-16,20.1139
1991-08-17,20.1089
1991-08-18,20.1079
1991-08-19,20.1050
1991-08-20,20.1015
1991-08-21,20.0934
1991-08-22,20.0965
1991-08-23,20.1037
1991-08-24,20.1079
1991-08-25,20.1118
1991-08-26,20.1092
1991-08-27,20.1106
1991-08-28,20.0957
1991-08-29,20.0851
1991-08-30,20.0868
1991-08-31,20.1055
1991-09-01,20.1333
1991-09-02,20.1450
1991-09-03,20.1456
1991-09-04,20.1371
1991-09-05,20.1297
1991-09-06,20.1173
1991-09-07,20.0954
1991-09-08,20.0849
1991-09-09,20.0704
1991-09-10,20.0555
1991-09-11,20.0495
1991-09-12,20.0548
1991-09-13,20.0511
1991-09-14,20.0458
1991-09-15,20.0433
1991-09-16,20.0394
1991-09-17,20.0527
1991-09-18,20.0622
1991-09-19,20.0657
1991-09-20,20.0764
1991-09-21,20.0855
1991-09-22,20.0757
1991-09-23,20.0599
1991-09-24,20.0394
1991-09-25,20.0202
1991-09-26,19.9984
1991-09-27,19.9756
1991-09-28,19.9517
1991-09-29,19.9389
1991-09-30,19.9469
1991-10-01,19.9747
1991-10-02,19.9886
1991-10-03,19.9959
1991-10-04,20.0011
1991-10-05,20.0002
1991-10-06,19.9998
1991-10-07,19.9925
1991-10-08,19.9845
1991-10-09,19.9912
1991-10-10,19.9852
1991-10-11,19.9677
1991-10-12,19.9538
1991-10-13,19.9312
1991-10-14,19.9077
1991-10-15,19.8812
1991-10-16,19.8812
1991-10-17,19.8878
1991-10-18,19.8879
1991-10-19,19.8910
1991-10-20,19.8841
1991-10-21,19.8766
1991-10-22,19.8809
1991-10-23,19.8896
1991-10-24,19.8832
1991-10-25,19.8790
1991-10-26,19.8747
1991-10-27,19.8689
1991-10-28,19.8583
1991-10-29,19.8381
1991-10-30,19.8365
1991-10-31,19.8460
1991-11-01,19.8637
1991-11-02,19.8675
1991-11-03,19.8682
1991-11-04,19.8666
1991-11-05,19.8554
1991-11-06,19.8534
1991-11-07,19.8401
1991-11-08,19.8345
1991-11-09,19.8486
1991-11-10,19.8597
1991-11-11,19.8635
1991-11-12,19.8670
1991-11-13,19.8714
1991-11-14,19.8566
1991-11-15,19.8388
1991-11-16,19.8258
1991-11-17,19.8329
1991-11-18,19.8337
1991-11-19,19.8147
1991-11-20,19.8069
1991-11-21,19.8088
1991-11-22,19.8119
1991-11-23,19.8243
1991-11-24,19.8317
1991-11-25,19.8262
1991-11-26,19.8228
1991-11-27,19.8281
1991-11-28,19.8355
1991-11-29,19.8433
1991-11-30,19.8524
1991-12-01,19.8829
1991-12-02,19.9187
1991-12-03,19.9273
1991-12-04,19.9193
1991-12-05,19.9321
1991-12-06,19.9345
1991-12-07,19.9332
1991-12-08,19.9283
1991-12-09,19.9251
1991-12-10,19.9192
1991-12-11,19.9032
1991-12-12,19.8927
1991-12-13,19.8893
1991-12-14,19.8941
1991-12-15,19.9133
1991-12-16,19.9202
1991-12-17,19.9277
1991-12-18,19.9455
1991-12-19,19.9734
1991-12-20,19.9626
1991-12-21,19.9604
1991-12-22,19.9690
1991-12-23,19.9812
1991-12-24,19.9936
1991-12-25,20.0055
1991-12-26,20.0197
1991-12-27,20.0275
1991-12-28,20.0440
1991-12-29,20.0598
1991-12-30,20.0562
1991-12-31,20.0563
1992-01-01,20.0485
1992-01-02,20.0531
1992-01-03,20.0482
1992-01-04,20.0415
1992-01-05,20.0384
1992-01-06,20.0353
1992-01-07,20.0373
1992-01-08,20.0475
1992-01-09,20.0613
1992-01-10,20.0723
1992-01-11,20.0764
1992-01-12,20.0886
1992-01-13,20.0881
1992-01-14,20.0696
1992-01-15,20.0532
1992-01-16,20.0673
1992-01-17,20.0748
1992-01-18,20.0830
1992-01-19,20.0902
1992-01-20,20.0919
1992-01-21,20.0949
1992-01-22,20.1058
1992-01-23,20.1115
1992-01-24,20.1193
1992-01-25,20.1169
1992-01-26,20.1274
1992-01-27,20.1467
1992-01-28,20.1649
1992-01-29,20.1741
1992-01-30,20.1660
1992-01-31,20.1758
1992-02-01,20.1917
1992-02-02,20.2104
1992-02-03,20.2317
1992-02-04,20.2347
1992-02-05,20.2330
1992-02-06,20.2367
1992-02-07,20.2606
1992-02-08,20.2840
1992-02-09,20.2978
1992-02-10,20.3110
1992-02-11,20.3065
1992-02-12,20.2991
1992-02-13,20.2816
1992-02-14,20.2664
1992-02-15,20.2636
1992-02-16,20.2702
1992-02-17,20.2902
1992-02-18,20.2990
1992-02-19,20.3005
1992-02-20,20.2914
1992-02-21,20.2818
1992-02-22,20.2715
1992-02-23,20.2620
1992-02-24,20.2568
1992-02-25,20.2433
1992-02-26,20.2285
1992-02-27,20.2058
1992-02-28,20.1877
1992-02-29,20.1851
1992-03-01,20.1922
1992-03-02,20.1938
1992-03-03,20.1964
1992-03-04,20.1984
1992-03-05,20.2008
1992-03-06,20.2049
1992-03-07,20.2246
1992-03-08,20.2405
1992-03-09,20.2481
1992-03-10,20.2597
1992-03-11,20.2737
1992-03-12,20.2886
1992-03-13,20.2953
1992-03-14,20.2960
1992-03-15,20.3088
1992-03-16,20.3271
1992-03-17,20.3273
1992-03-18,20.3369
1992-03-19,20.3344
1992-03-20,20.3373
1992-03-21,20.3333
1992-03-22,20.3373
1992-03-23,20.3395
1992-03-24,20.3299
1992-03-25,20.3273
1992-03-26,20.3294
1992-03-27,20.3313
1992-03-28,20.3188
1992-03-29,20.3078
1992-03-30,20.3144
1992-03-31,20.3079
1992-04-01,20.3041
1992-04-02,20.2985
1992-04-03,20.2993
1992-04-04,20.2927
1992-04-05,20.2823
1992-04-06,20.2736
1992-04-07,20.2734
1992-04-08,20.2859
1992-04-09,20.2864
1992-04-10,20.2802
1992-04-11,20.2682
1992-04-12,20.2569
1992-04-13,20.2536
1992-04-14,20.2433
1992-04-15,20.2296
1992-04-16,20.2267
1992-04-17,20.2244
1992-04-18,20.2272
1992-04-19,20.2281
1992-04-20,20.2309
1992-04-21,20.2239
1992-04-22,20.2266
1992-04-23,20.2457
1992-04-24,20.2612
1992-04-25,20.2758
1992-04-26,20.2727
1992-04-27,20.2666
1992-04-28,20.2620
1992-04-29,20.2551
1992-04-30,20.2435
1992-05-01,20.2418
1992-05-02,20.2398
1992-05-03,20.2461
1992-05-04,20.2462
1992-05-05,20.2422
1992-05-06,20.2139
1992-05-07,20.1904
1992-05-08,20.1649
1992-05-09,20.1495
1992-05-10,20.1353
1992-05-11,20.1390
1992-05-12,20.1354
1992-05-13,20.1547
1992-05-14,20.1833
1992-05-15,20.2078
1992-05-16,20.2220
1992-05-17,20.2378
1992-05-18,20.2363
1992-05-19,20.2239
1992-05-20,20.2118
1992-05-21,20.2050
1992-05-22,20.1918
1992-05-23,20.1919
1992-05-24,20.1960
1992-05-25,20.1815
1992-05-26,20.1742
1992-05-27,20.1596
1992-05-28,20.1621
1992-05-29,20.1725
1992-05-30,20.1609
1992-05-31,20.1411
1992-06-01,20.1123
1992-06-02,20.0850
1992-06-03,20.0811
1992-06-04,20.0776
1992-06-05,20.0604
1992-06-06,20.0525
1992-06-07,20.0448
1992-06-08,20.0417
1992-06-09,20.0419
1992-06-10,20.0397
1992-06-11,20.0271
1992-06-12,20.0125
1992-06-13,20.0150
1992-06-14,20.0058
1992-06-15,20.0028
1992-06-16,20.0050
1992-06-17,20.0072
1992-06-18,20.0230
1992-06-19,20.0326
1992-06-20,20.0343
1992-06-21,20.0359
1992-06-22,20.0415
1992-06-23,20.0313
1992-06-24,20.0301
1992-06-25,20.0184
1992-06-26,20.0142
1992-06-27,20.0129
1992-06-28,20.0078
1992-06-29,19.9994
1992-06-30,19.9937
1992-07-01,19.9869
1992-07-02,19.9812
1992-07-03,19.9816
1992-07-04,19.9854
1992-07-05,19.9911
1992-07-06,20.0003
1992-07-07,20.0046
1992-07-08,20.0104
1992-07-09,20.0036
1992-07-10,19.9972
1992-07-11,19.9911
1992-07-12,19.9904
1992-07-13,19.9782
1992-07-14,19.9716
1992-07-15,19.9714
1992-07-16,19.9729
1992-07-17,19.9719
1992-07-18,19.9686
1992-07-19,19.9635
1992-07-20,19.9633
1992-07-21,19.9750
1992-07-22,19.9704
1992-07-23,19.9514
1992-07-24,19.9459
1992-07-25,19.9549
1992-07-26,19.9549
1992-07-27,19.9528
1992-07-28,19.9738
1992-07-29,19.9896
1992-07-30,19.9958
1992-07-31,19.9875
1992-08-01,19.9752
1992-08-02,19.9763
1992-08-03,19.9743
1992-08-04,19.9786
1992-08-05,19.9803
1992-08-06,19.9773
1992-08-07,19.9830
1992-08-08,19.9910
1992-08-09,19.9902
1992-08-10,19.9871
1992-08-11,19.9775
1992-08-12,19.9699
1992-08-13,19.9702
1992-08-14,19.9833
1992-08-15,19.9851
1992-08-16,19.9859
1992-08-17,19.9840
1992-08-18,19.9790
1992-08-19,19.9828
1992-08-20,19.9948
1992-08-21,19.9999
1992-08-22,19.9958
1992-08-23,19.9968
1992-08-24,19.9971
1992-08-25,20.0119
1992-08-26,20.0327
1992-08-27,20.0472
1992-08-28,20.0474
1992-08-29,20.0476
1992-08-30,20.0362
1992-08-31,20.0080
1992-09-01,19.9873
1992-09-02,19.9780
1992-09-03,19.9852
1992-09-04,19.9900
1992-09-05,19.9935
1992-09-06,19.9906
1992-09-07,19.9819
1992-09-08,19.9947
1992-09-09,20.0104
1992-09-10,20.0195
1992-09-11,20.0245
1992-09-12,20.0238
1992-09-13,20.0128
1992-09-14,20.0132
1992-09-15,20.0240
1992-09-16,20.0327
1992-09-17,20.0321
1992-09-18,20.0236
1992-09-19,20.0040
1992-09-20,19.9853
1992-09-21,19.9701
1992-09-22,19.9634
1992-09-23,19.9544
1992-09-24,19.9466
1992-09-25,19.9359
1992-09-26,19.9370
1992-09-27,19.9494
1992-09-28,19.9524
1992-09-29,19.9470
1992-09-30,19.9252
1992-10-01,19.8933
1992-10-02,19.8739
1992-10-03,19.8674
1992-10-04,19.8638
1992-10-05,19.8661
1992-10-06,19.8668
1992-10-07,19.8583
1992-10-08,19.8445
1992-10-09,19.8251
1992-10-10,19.8119
1992-10-11,19.7792
1992-10-12,19.7593
1992-10-13,19.7425
1992-10-14,19.7277
1992-10-15,19.7196
1992-10-16,19.7202
1992-10-17,19.7342
1992-10-18,19.7449
1992-10-19,19.7619
1992-10-20,19.7797
1992-10-21,19.7949
1992-10-22,19.7968
1992-10-23,19.7845
1992-10-24,19.7891
1992-10-25,19.8046
1992-10-26,19.8132
1992-10-27,19.8135
1992-10-28,19.8173
1992-10-29,19.8225
1992-10-30,19.8125
1992-10-31,19.7994
1992-11-01,19.7754
1992-11-02,19.7693
1992-11-03,19.7754
1992-11-04,19.7868
1992-11-05,19.7912
1992-11-06,19.7880
1992-11-07,19.7760
1992-11-08,19.7691
1992-11-09,19.7663
1992-11-10,19.7662
1992-11-11,19.7460
1992-11-12,19.7356
1992-11-13,19.7272
1992-11-14,19.7289
1992-11-15,19.7425
1992-11-16,19.7549
1992-11-17,19.7539
1992-11-18,19.7536
1992-11-19,19.7560
1992-11-20,19.7574
1992-11-21,19.7695
1992-11-22,19.7851
1992-11-23,19.7979
1992-11-24,19.8187
1992-11-25,19.8343
1992-11-26,19.8343
1992-11-27,19.8362
1992-11-28,19.8329
1992-11-29,19.8288
1992-11-30,19.8137
1992-12-01,19.7778
1992-12-02,19.7679
1992-12-03,19.7749
1992-12-04,19.7815
1992-12-05,19.8005
1992-12-06,19.8074
1992-12-07,19.8099
1992-12-08,19.8132
1992-12-09,19.8210
1992-12-10,19.8311
1992-12-11,19.8288
1992-12-12,19.8178
1992-12-13,19.8177
1992-12-14,19.8263
1992-12-15,19.8356
1992-12-16,19.8450
1992-12-17,19.8490
1992-12-18,19.8413
1992-12-19,19.8358
1992-12-20,19.8504
1992-12-21,19.8655
1992-12-22,19.8735
1992-12-23,19.8888
1992-12-24,19.9025
1992-12-25,19.9152
1992-12-26,19.9213
1992-12-27,19.9298
1992-12-28,19.9369
1992-12-29,19.9356
1992-12-30,19.9337
1992-12-31,19.9346
1993-01-01,19.9284
1993-01-02,19.9457
1993-01-03,19.9760
1993-01-04,20.0117
1993-01-05,20.0347
1993-01-06,20.0457
1993-01-07,20.0538
1993-01-08,20.0581
1993-01-09,20.0603
1993-01-10,20.0729
1993-01-11,20.0817
1993-01-12,20.0985
1993-01-13,20.1192
1993-01-14,20.1255
1993-01-15,20.1218
1993-01-16,20.1093
1993-01-17,20.1139
1993-01-18,20.1106
1993-01-19,20.1153
1993-01-20,20.1141
1993-01-21,20.1074
1993-01-22,20.1138
1993-01-23,20.1123
1993-01-24,20.1065
1993-01-25,20.1067
1993-01-26,20.1143
1993-01-27,20.1156
1993-01-28,20.1125
1993-01-29,20.1262
1993-01-30,20.1532
1993-01-31,20.1619
1993-02-01,20.1604
1993-02-02,20.1630
1993-02-03,20.1614
1993-02-04,20.1566
1993-02-05,20.1449
1993-02-06,20.1271
1993-02-07,20.1159
1993-02-08,20.1182
1993-02-09,20.1276
1993-02-10,20.1474
1993-02-11,20.1706
1993-02-12,20.1837
1993-02-13,20.1881
1993-02-14,20.2047
1993-02-15,20.2195
1993-02-16,20.2235
1993-02-17,20.2324
1993-02-18,20.2488
1993-02-19,20.2629
1993-02-20,20.2702
1993-02-21,20.2744
1993-02-22,20.2758
1993-02-23,20.2825
1993-02-24,20.2821
1993-02-25,20.2763
1993-02-26,20.2534
1993-02-27,20.2513
1993-02-28,20.2548
1993-03-01,20.2480
1993-03-02,20.2309
1993-03-03,20.2220
1993-03-04,20.2135
1993-03-05,20.2068
1993-03-06,20.2024
1993-03-07,20.2015
1993-03-08,20.2042
1993-03-09,20.2086
1993-03-10,20.2124
1993-03-11,20.2214
1993-03-12,20.2352
1993-03-13,20.2379
1993-03-14,20.2468
1993-03-15,20.2505
1993-03-16,20.2524
1993-03-17,20.2525
1993-03-18,20.2589
1993-03-19,20.2614
1993-03-20,20.2528
1993-03-21,20.2606
1993-03-22,20.2863
1993-03-23,20.3069
1993-03-24,20.3150
1993-03-25,20.3289
1993-03-26,20.3420
1993-03-27,20.3568
1993-03-28,20.3616
1993-03-29,20.3523
1993-03-30,20.3336
1993-03-31,20.3119
1993-04-01,20.2834
1993-04-02,20.2575
1993-04-03,20.2404
1993-04-04,20.2263
1993-04-05,20.2077
1993-04-06,20.1934
1993-04-07,20.1901
1993-04-08,20.1860
1993-04-09,20.1911
1993-04-10,20.1751
1993-04-11,20.1752
1993-04-12,20.1873
1993-04-13,20.1948
1993-04-14,20.2032
1993-04-15,20.2080
1993-04-16,20.2169
1993-04-17,20.2245
1993-04-18,20.2296
1993-04-19,20.2278
1993-04-20,20.2200
1993-04-21,20.2101
1993-04-22,20.1974
1993-04-23,20.1933
1993-04-24,20.1888
1993-04-25,20.1699
1993-04-26,20.1598
1993-04-27,20.1613
1993-04-28,20.1751
1993-04-29,20.1892
1993-04-30,20.1844
1993-05-01,20.1762
1993-05-02,20.1589
1993-05-03,20.1508
1993-05-04,20.1513
1993-05-05,20.1438
1993-05-06,20.1436
1993-05-07,20.1412
1993-05-08,20.1409
1993-05-09,20.1388
1993-05-10,20.1423
1993-05-11,20.1502
1993-05-12,20.1535
1993-05-13,20.1637
1993-05-14,20.1772
1993-05-15,20.1793
1993-05-16,20.1739
1993-05-17,20.1657
1993-05-18,20.1528
1993-05-19,20.1480
1993-05-20,20.1474
1993-05-21,20.1500
1993-05-22,20.1390
1993-05-23,20.1325
1993-05-24,20.1244
1993-05-25,20.1278
1993-05-26,20.1151
1993-05-27,20.0942
1993-05-28,20.0726
1993-05-29,20.0601
1993-05-30,20.0483
1993-05-31,20.0435
1993-06-01,20.0498
1993-06-02,20.0545
1993-06-03,20.0600
1993-06-04,20.0567
1993-06-05,20.0481
1993-06-06,20.0354
1993-06-07,20.0201
1993-06-08,20.0059
1993-06-09,20.0009
1993-06-10,19.9948
1993-06-11,19.9842
1993-06-12,19.9771
1993-06-13,19.9718
1993-06-14,19.9682
1993-06-15,19.9665
1993-06-16,19.9625
1993-06-17,19.9595
1993-06-18,19.9557
1993-06-19,19.9545
1993-06-20,19.9570
1993-06-21,19.9653
1993-06-22,19.9962
1993-06-23,20.0149
1993-06-24,20.0216
1993-06-25,20.0184
1993-06-26,20.0154
1993-06-27,20.0163
1993-06-28,20.0164
1993-06-29,20.0141
1993-06-30,20.0153
1993-07-01,20.0057
1993-07-02,19.9883
1993-07-03,19.9854
1993-07-04,19.9932
1993-07-05,20.0012
1993-07-06,20.0118
1993-07-07,19.9944
1993-07-08,19.9827
1993-07-09,19.9736
1993-07-10,19.9697
1993-07-11,19.9525
1993-07-12,19.9481
1993-07-13,19.9454
1993-07-14,19.9433
1993-07-15,19.9381
1993-07-16,19.9414
1993-07-17,19.9447
1993-07-18,19.9356
1993-07-19,19.9162
1993-07-20,19.8998
1993-07-21,19.8976
1993-07-22,19.9114
1993-07-23,19.9210
1993-07-24,19.9287
1993-07-25,19.9338
1993-07-26,19.9376
1993-07-27,19.9463
1993-07-28,19.9461
1993-07-29,19.9391
1993-07-30,19.9447
1993-07-31,19.9488
1993-08-01,19.9477
1993-08-02,19.9594
1993-08-03,19.9792
1993-08-04,19.9920
1993-08-05,19.9984
1993-08-06,20.0059
1993-08-07,20.0233
1993-08-08,20.0363
1993-08-09,20.0345
1993-08-10,20.0282
1993-08-11,20.0318
1993-08-12,20.0408
1993-08-13,20.0488
1993-08-14,20.0550
1993-08-15,20.0610
1993-08-16,20.0581
1993-08-17,20.0711
1993-08-18,20.0830
1993-08-19,20.0959
1993-08-20,20.0974
1993-08-21,20.0889
1993-08-22,20.0755
1993-08-23,20.0685
1993-08-24,20.0697
1993-08-25,20.0588
1993-08-26,20.0643
1993-08-27,20.0788
1993-08-28,20.0819
1993-08-29,20.0867
1993-08-30,20.0871
1993-08-31,20.0737
1993-09-01,20.0519
1993-09-02,20.0481
1993-09-03,20.0576
1993-09-04,20.0560
1993-09-05,20.0574
1993-09-06,20.0664
1993-09-07,20.0644
1993-09-08,20.0537
1993-09-09,20.0480
1993-09-10,20.0437
1993-09-11,20.0362
1993-09-12,20.0260
1993-09-13,20.0142
1993-09-14,20.0012
1993-09-15,19.9949
1993-09-16,19.9978
1993-09-17,20.0013
1993-09-18,19.9888
1993-09-19,19.9770
1993-09-20,19.9644
1993-09-21,19.9456
1993-09-22,19.9473
1993-09-23,19.9677
1993-09-24,19.9791
1993-09-25,19.9920
1993-09-26,20.0041
1993-09-27,20.0153
1993-09-28,20.0158
1993-09-29,20.0117
1993-09-30,20.0103
1993-10-01,20.0142
1993-10-02,19.9989
1993-10-03,19.9679
1993-10-04,19.9508
1993-10-05,19.9372
1993-10-06,19.9357
1993-10-07,19.9302
1993-10-08,19.9365
1993-10-09,19.9422
1993-10-10,19.9498
1993-10-11,19.9461
1993-10-12,19.9495
1993-10-13,19.9374
1993-10-14,19.9326
1993-10-15,19.9225
1993-10-16,19.9133
1993-10-17,19.9168
1993-10-18,19.9241
1993-10-19,19.9203
1993-10-20,19.9170
1993-10-21,19.9034
1993-10-22,19.8946
1993-10-23,19.8905
1993-10-24,19.8942
1993-10-25,19.8964
1993-10-26,19.8915
1993-10-27,19.8873
1993-10-28,19.8836
1993-10-29,19.8848
1993-10-30,19.8906
1993-10-31,19.8833
1993-11-01,19.8569
1993-11-02,19.8433
1993-11-03,19.8376
1993-11-04,19.8375
1993-11-05,19.8377
1993-11-06,19.8444
1993-11-07,19.8467
1993-11-08,19.8575
1993-11-09,19.8762
1993-11-10,19.8786
1993-11-11,19.8748
1993-11-12,19.8649
1993-11-13,19.8565
1993-11-14,19.8465
1993-11-15,19.8434
1993-11-16,19.8609
1993-11-17,19.8751
1993-11-18,19.8876
1993-11-19,19.8988
1993-11-20,19.9092
1993-11-21,19.9204
1993-11-22,19.9190
1993-11-23,19.9129
1993-11-24,19.9095
1993-11-25,19.9242
1993-11-26,19.9329
1993-11-27,19.9360
1993-11-28,19.9314
1993-11-29,19.9282
1993-11-30,19.9414
1993-12-01,19.9562
1993-12-02,19.9697
1993-12-03,19.9726
1993-12-04,19.9733
1993-12-05,19.9828
1993-12-06,19.9901
1993-12-07,19.9978
1993-12-08,19.9935
1993-12-09,19.9842
1993-12-10,19.9648
1993-12-11,19.9351
1993-12-12,19.9118
1993-12-13,19.8983
1993-12-14,19.9048
1993-12-15,19.9186
1993-12-16,19.9240
1993-12-17,19.9230
1993-12-18,19.9086
1993-12-19,19.8917
1993-12-20,19.8750
1993-12-21,19.8714
1993-12-22,19.8753
1993-12-23,19.8858
1993-12-24,19.8980
1993-12-25,19.9028
1993-12-26,19.8971
1993-12-27,19.8973
1993-12-28,19.9069
1993-12-29,19.9132
1993-12-30,19.9202
1993-12-31,19.9428
1994-01-01,19.9862
1994-01-02,20.0251
1994-01-03,20.0460
1994-01-04,20.0583
1994-01-05,20.0663
1994-01-06,20.0667
1994-01-07,20.0685
1994-01-08,20.0665
1994-01-09,20.0574
1994-01-10,20.0482
1994-01-11,20.0529
1994-01-12,20.0517
1994-01-13,20.0461
1994-01-14,20.0505
1994-01-15,20.0623
1994-01-16,20.0688
1994-01-17,20.0640
1994-01-18,20.0560
1994-01-19,20.0453
1994-01-20,20.0343
1994-01-21,20.0211
1994-01-22,20.0255
1994-01-23,20.0401
1994-01-24,20.0530
1994-01-25,20.0575
1994-01-26,20.0665
1994-01-27,20.0695
1994-01-28,20.0711
1994-01-29,20.0675
1994-01-30,20.0811
1994-01-31,20.0890
1994-02-01,20.0741
1994-02-02,20.0760
1994-02-03,20.0908
1994-02-04,20.1049
1994-02-05,20.1104
1994-02-06,20.1165
1994-02-07,20.1250
1994-02-08,20.1200
1994-02-09,20.1119
1994-02-10,20.1103
1994-02-11,20.1086
1994-02-12,20.1023
1994-02-13,20.0987
1994-02-14,20.1012
1994-02-15,20.1053
1994-02-16,20.1047
1994-02-17,20.1000
1994-02-18,20.0993
1994-02-19,20.1120
1994-02-20,20.1217
1994-02-21,20.1095
1994-02-22,20.1088
1994-02-23,20.1179
1994-02-24,20.1270
1994-02-25,20.1463
1994-02-26,20.1531
1994-02-27,20.1661
1994-02-28,20.1851
1994-03-01,20.2078
1994-03-02,20.2249
1994-03-03,20.2282
1994-03-04,20.2272
1994-03-05,20.2367
1994-03-06,20.2483
1994-03-07,20.2668
1994-03-08,20.2791
1994-03-09,20.2893
1994-03-10,20.2865
1994-03-11,20.2858
1994-03-12,20.2926
1994-03-13,20.3059
1994-03-14,20.3035
1994-03-15,20.3008
1994-03-16,20.2949
1994-03-17,20.2862
1994-03-18,20.2762
1994-03-19,20.2716
1994-03-20,20.2718
1994-03-21,20.2592
1994-03-22,20.2559
1994-03-23,20.2474
1994-03-24,20.2310
1994-03-25,20.2222
1994-03-26,20.2155
1994-03-27,20.2268
1994-03-28,20.2392
1994-03-29,20.2530
1994-03-30,20.2638
1994-03-31,20.2668
1994-04-01,20.2684
1994-04-02,20.2605
1994-04-03,20.2482
1994-04-04,20.2526
1994-04-05,20.2586
1994-04-06,20.2495
1994-04-07,20.2341
1994-04-08,20.2190
1994-04-09,20.1935
1994-04-10,20.1836
1994-04-11,20.1717
1994-04-12,20.1513
1994-04-13,20.1397
1994-04-14,20.1423
1994-04-15,20.1385
1994-04-16,20.1432
1994-04-17,20.1446
1994-04-18,20.1520
1994-04-19,20.1612
1994-04-20,20.1670
1994-04-21,20.1772
1994-04-22,20.1855
1994-04-23,20.1962
1994-04-24,20.2229
1994-04-25,20.2260
1994-04-26,20.2168
1994-04-27,20.2082
1994-04-28,20.2073
1994-04-29,20.2069
1994-04-30,20.2034
1994-05-01,20.2099
1994-05-02,20.2223
1994-05-03,20.2326
1994-05-04,20.2326
1994-05-05,20.2296
1994-05-06,20.2276
1994-05-07,20.2315
1994-05-08,20.2381
1994-05-09,20.2354
1994-05-10,20.2194
1994-05-11,20.2072
1994-05-12,20.1967
1994-05-13,20.1749
1994-05-14,20.1569
1994-05-15,20.1435
1994-05-16,20.1374
1994-05-17,20.1261
1994-05-18,20.1118
1994-05-19,20.1059
1994-05-20,20.1136
1994-05-21,20.1191
1994-05-22,20.1182
1994-05-23,20.1131
1994-05-24,20.1167
1994-05-25,20.1049
1994-05-26,20.1000
1994-05-27,20.0938
1994-05-28,20.0854
1994-05-29,20.0734
1994-05-30,20.0703
1994-05-31,20.0694
1994-06-01,20.0626
1994-06-02,20.0437
1994-06-03,20.0195
1994-06-04,19.9951
1994-06-05,19.9792
1994-06-06,19.9562
1994-06-07,19.9424
1994-06-08,19.9355
1994-06-09,19.9282
1994-06-10,19.9196
1994-06-11,19.9254
1994-06-12,19.9445
1994-06-13,19.9591
1994-06-14,19.9681
1994-06-15,19.9731
1994-06-16,19.9841
1994-06-17,19.9801
1994-06-18,19.9868
1994-06-19,19.9917
1994-06-20,19.9831
1994-06-21,19.9731
1994-06-22,19.9726
1994-06-23,19.9779
1994-06-24,19.9680
1994-06-25,19.9653
1994-06-26,19.9742
1994-06-27,19.9798
1994-06-28,19.9908
1994-06-29,19.9986
1994-06-30,19.9939
1994-07-01,19.9826
1994-07-02,19.9670
1994-07-03,19.9697
1994-07-04,19.9761
1994-07-05,19.9634
1994-07-06,19.9525
1994-07-07,19.9438
1994-07-08,19.9425
1994-07-09,19.9480
1994-07-10,19.9515
1994-07-11,19.9589
1994-07-12,19.9729
1994-07-13,19.9893
1994-07-14,20.0030
1994-07-15,19.9987
1994-07-16,20.0075
1994-07-17,20.0213
1994-07-18,20.0402
1994-07-19,20.0614
1994-07-20,20.0688
1994-07-21,20.0757
1994-07-22,20.0834
1994-07-23,20.0919
1994-07-24,20.1016
1994-07-25,20.0910
1994-07-26,20.0853
1994-07-27,20.0647
1994-07-28,20.0513
1994-07-29,20.0376
1994-07-30,20.0314
1994-07-31,20.0373
1994-08-01,20.0369
1994-08-02,20.0359
1994-08-03,20.0384
1994-08-04,20.0522
1994-08-05,20.0694
1994-08-06,20.0834
1994-08-07,20.1074
1994-08-08,20.1314
1994-08-09,20.1424
1994-08-10,20.1493
1994-08-11,20.1558
1994-08-12,20.1729
1994-08-13,20.1983
1994-08-14,20.2122
1994-08-15,20.2142
1994-08-16,20.2140
1994-08-17,20.2084
1994-08-18,20.2037
1994-08-19,20.2106
1994-08-20,20.2119
1994-08-21,20.2013
1994-08-22,20.1836
1994-08-23,20.1683
1994-08-24,20.1648
1994-08-25,20.1670
1994-08-26,20.1724
1994-08-27,20.1728
1994-08-28,20.1662
1994-08-29,20.1660
1994-08-30,20.1622
1994-08-31,20.1588
1994-09-01,20.1718
1994-09-02,20.1763
1994-09-03,20.1748
1994-09-04,20.1604
1994-09-05,20.1534
1994-09-06,20.1258
1994-09-07,20.1015
1994-09-08,20.0826
1994-09-09,20.0728
1994-09-10,20.0648
1994-09-11,20.0617
1994-09-12,20.0671
1994-09-13,20.0562
1994-09-14,19.9984
1994-09-15,19.9368
1994-09-16,19.9144
1994-09-17,19.8997
1994-09-18,19.9096
1994-09-19,19.9099
1994-09-20,19.9274
1994-09-21,19.9504
1994-09-22,19.9525
1994-09-23,19.9535
1994-09-24,19.9533
1994-09-25,19.9551
1994-09-26,19.9549
1994-09-27,19.9505
1994-09-28,19.9434
1994-09-29,19.9523
1994-09-30,19.9635
1994-10-01,19.9635
1994-10-02,19.9607
1994-10-03,19.9608
1994-10-04,19.9808
1994-10-05,19.9905
1994-10-06,19.9968
1994-10-07,20.0037
1994-10-08,20.0134
1994-10-09,20.0306
1994-10-10,20.0262
1994-10-11,20.0142
1994-10-12,19.9929
1994-10-13,19.9875
1994-10-14,19.9773
1994-10-15,19.9637
1994-10-16,19.9565
1994-10-17,19.9502
1994-10-18,19.9443
1994-10-19,19.9475
1994-10-20,19.9570
1994-10-21,19.9560
1994-10-22,19.9534
1994-10-23,19.9571
1994-10-24,19.9605
1994-10-25,19.9589
1994-10-26,19.9580
1994-10-27,19.9579
1994-10-28,19.9645
1994-10-29,19.9671
1994-10-30,19.9672
1994-10-31,19.9637
1994-11-01,19.9511
1994-11-02,19.9366
1994-11-03,19.9184
1994-11-04,19.9151
1994-11-05,19.9109
1994-11-06,19.9049
1994-11-07,19.9008
1994-11-08,19.8982
1994-11-09,19.8979
1994-11-10,19.9009
1994-11-11,19.9043
1994-11-12,19.9119
1994-11-13,19.9085
1994-11-14,19.9033
1994-11-15,19.9100
1994-11-16,19.9214
1994-11-17,19.9279
1994-11-18,19.9308
1994-11-19,19.9336
1994-11-20,19.9370
1994-11-21,19.9536
1994-11-22,19.9591
1994-11-23,19.9645
1994-11-24,19.9677
1994-11-25,19.9716
1994-11-26,19.9834
1994-11-27,19.9786
1994-11-28,19.9779
1994-11-29,19.9734
1994-11-30,19.9701
1994-12-01,19.9669
1994-12-02,19.9566
1994-12-03,19.9553
1994-12-04,19.9493
1994-12-05,19.9345
1994-12-06,19.9287
1994-12-07,19.9133
1994-12-08,19.9036
1994-12-09,19.9015
1994-12-10,19.9042
1994-12-11,19.9072
1994-12-12,19.9070
1994-12-13,19.9128
1994-12-14,19.9201
1994-12-15,19.9225
1994-12-16,19.9261
1994-12-17,19.9398
1994-12-18,19.9466
1994-12-19,19.9642
1994-12-20,19.9830
1994-12-21,19.9943
1994-12-22,20.0036
1994-12-23,20.0359
1994-12-24,20.0540
1994-12-25,20.0776
1994-12-26,20.0910
1994-12-27,20.1079
1994-12-28,20.1128
1994-12-29,20.1228
1994-12-30,20.1383
1994-12-31,20.1470
1995-01-01,20.1606
1995-01-02,20.1580
1995-01-03,20.1504
1995-01-04,20.1499
1995-01-05,20.1457
1995-01-06,20.1217
1995-01-07,20.1083
1995-01-08,20.1165
1995-01-09,20.1211
1995-01-10,20.1156
1995-01-11,20.1147
1995-01-12,20.1175
1995-01-13,20.1371
1995-01-14,20.1455
1995-01-15,20.1524
1995-01-16,20.1505
1995-01-17,20.1540
1995-01-18,20.1599
1995-01-19,20.1611
1995-01-20,20.1589
1995-01-21,20.1501
1995-01-22,20.1381
1995-01-23,20.1247
1995-01-24,20.1208
1995-01-25,20.1234
1995-01-26,20.1246
1995-01-27,20.1343
1995-01-28,20.1332
1995-01-29,20.1373
1995-01-30,20.1436
1995-01-31,20.1624
1995-02-01,20.1740
1995-02-02,20.1736
1995-02-03,20.1791
1995-02-04,20.1911
1995-02-05,20.2028
1995-02-06,20.2151
1995-02-07,20.2328
1995-02-08,20.2560
1995-02-09,20.2755
1995-02-10,20.2871
1995-02-11,20.3059
1995-02-12,20.3284
1995-02-13,20.3370
1995-02-14,20.3358
1995-02-15,20.3162
1995-02-16,20.3078
1995-02-17,20.3067
1995-02-18,20.3120
1995-02-19,20.3314
1995-02-20,20.3444
1995-02-21,20.3473
1995-02-22,20.3503
1995-02-23,20.3516
1995-02-24,20.3411
1995-02-25,20.3298
1995-02-26,20.3209
1995-02-27,20.3268
1995-02-28,20.3246
1995-03-01,20.3064
1995-03-02,20.2954
1995-03-03,20.3069
1995-03-04,20.3110
1995-03-05,20.3098
1995-03-06,20.3040
1995-03-07,20.2951
1995-03-08,20.2890
1995-03-09,20.2892
1995-03-10,20.2984
1995-03-11,20.3052
1995-03-12,20.3248
1995-03-13,20.3374
1995-03-14,20.3608
1995-03-15,20.3771
1995-03-16,20.3801
1995-03-17,20.3879
1995-03-18,20.3887
1995-03-19,20.3929
1995-03-20,20.4026
1995-03-21,20.4038
1995-03-22,20.4134
1995-03-23,20.4219
1995-03-24,20.4144
1995-03-25,20.4102
1995-03-26,20.4151
1995-03-27,20.4103
1995-03-28,20.3993
1995-03-29,20.3894
1995-03-30,20.3842
1995-03-31,20.3846
1995-04-01,20.3839
1995-04-02,20.3723
1995-04-03,20.3583
1995-04-04,20.3540
1995-04-05,20.3579
1995-04-06,20.3569
1995-04-07,20.3474
1995-04-08,20.3331
1995-04-09,20.3206
1995-04-10,20.3101
1995-04-11,20.2966
1995-04-12,20.2877
1995-04-13,20.2817
1995-04-14,20.2783
1995-04-15,20.2897
1995-04-16,20.2974
1995-04-17,20.2924
1995-04-18,20.2840
1995-04-19,20.2734
1995-04-20,20.2647
1995-04-21,20.2493
1995-04-22,20.2324
1995-04-23,20.2305
1995-04-24,20.2500
1995-04-25,20.2678
1995-04-26,20.2725
1995-04-27,20.2648
1995-04-28,20.2604
1995-04-29,20.2531
1995-04-30,20.2469
1995-05-01,20.2496
1995-05-02,20.2544
1995-05-03,20.2644
1995-05-04,20.2577
1995-05-05,20.2271
1995-05-06,20.1986
1995-05-07,20.1919
1995-05-08,20.1877
1995-05-09,20.1809
1995-05-10,20.1698
1995-05-11,20.1606
1995-05-12,20.1487
1995-05-13,20.1434
1995-05-14,20.1508
1995-05-15,20.1459
1995-05-16,20.1409
1995-05-17,20.1326
1995-05-18,20.1276
1995-05-19,20.1230
1995-05-20,20.1281
1995-05-21,20.1138
1995-05-22,20.1064
1995-05-23,20.1019
1995-05-24,20.1024
1995-05-25,20.1252
1995-05-26,20.1394
1995-05-27,20.1523
1995-05-28,20.1561
1995-05-29,20.1583
1995-05-30,20.1562
1995-05-31,20.1459
1995-06-01,20.1448
1995-06-02,20.1499
1995-06-03,20.1588
1995-06-04,20.1545
1995-06-05,20.1488
1995-06-06,20.1494
1995-06-07,20.1609
1995-06-08,20.1613
1995-06-09,20.1584
1995-06-10,20.1515
1995-06-11,20.1478
1995-06-12,20.1473
1995-06-13,20.1436
1995-06-14,20.1400
1995-06-15,20.1322
1995-06-16,20.1226
1995-06-17,20.1115
1995-06-18,20.0926
1995-06-19,20.0847
1995-06-20,20.0842
1995-06-21,20.0777
1995-06-22,20.0726
1995-06-23,20.0767
1995-06-24,20.0728
1995-06-25,20.0741
1995-06-26,20.0808
1995-06-27,20.0946
1995-06-28,20.1268
1995-06-29,20.1523
1995-06-30,20.1690
1995-07-01,20.1857
1995-07-02,20.1994
1995-07-03,20.2031
1995-07-04,20.2026
1995-07-05,20.2049
1995-07-06,20.1916
1995-07-07,20.1857
1995-07-08,20.1878
1995-07-09,20.2004
1995-07-10,20.2050
1995-07-11,20.2126
1995-07-12,20.2290
1995-07-13,20.2467
1995-07-14,20.2556
1995-07-15,20.2499
1995-07-16,20.2384
1995-07-17,20.2294
1995-07-18,20.2159
1995-07-19,20.2085
1995-07-20,20.1936
1995-07-21,20.1770
1995-07-22,20.1711
1995-07-23,20.1671
1995-07-24,20.1525
1995-07-25,20.1504
1995-07-26,20.1573
1995-07-27,20.1733
1995-07-28,20.1849
1995-07-29,20.1904
1995-07-30,20.1918
1995-07-31,20.1891
1995-08-01,20.1849
1995-08-02,20.1835
1995-08-03,20.1721
1995-08-04,20.1696
1995-08-05,20.1682
1995-08-06,20.1684
1995-08-07,20.1705
1995-08-08,20.1714
1995-08-09,20.1632
1995-08-10,20.1621
1995-08-11,20.1654
1995-08-12,20.1705
1995-08-13,20.1687
1995-08-14,20.1708
1995-08-15,20.1739
1995-08-16,20.1794
1995-08-17,20.1912
1995-08-18,20.2009
1995-08-19,20.2098
1995-08-20,20.2194
1995-08-21,20.2182
1995-08-22,20.2090
1995-08-23,20.2053
1995-08-24,20.2009
1995-08-25,20.1982
1995-08-26,20.1939
1995-08-27,20.1875
1995-08-28,20.1796
1995-08-29,20.1723
1995-08-30,20.1570
1995-08-31,20.1445
1995-09-01,20.1481
1995-09-02,20.1520
1995-09-03,20.1503
1995-09-04,20.1476
1995-09-05,20.1447
1995-09-06,20.1374
1995-09-07,20.1276
1995-09-08,20.1102
1995-09-09,20.0993
1995-09-10,20.0951
1995-09-11,20.0975
1995-09-12,20.0943
1995-09-13,20.0872
1995-09-14,20.0724
1995-09-15,20.0515
1995-09-16,20.0294
1995-09-17,20.0066
1995-09-18,19.9983
1995-09-19,19.9989
1995-09-20,20.0161
1995-09-21,20.0376
1995-09-22,20.0605
1995-09-23,20.0761
1995-09-24,20.0787
1995-09-25,20.0667
1995-09-26,20.0587
1995-09-27,20.0500
1995-09-28,20.0378
1995-09-29,20.0281
1995-09-30,20.0211
1995-10-01,20.0160
1995-10-02,20.0061
1995-10-03,20.0000
1995-10-04,19.9889
1995-10-05,19.9860
1995-10-06,19.9997
1995-10-07,20.0177
1995-10-08,20.0173
1995-10-09,20.0107
1995-10-10,20.0133
1995-10-11,20.0031
1995-10-12,19.9961
1995-10-13,19.9917
1995-10-14,19.9878
1995-10-15,19.9794
1995-10-16,19.9728
1995-10-17,19.9691
1995-10-18,19.9738
1995-10-19,19.9746
1995-10-20,19.9648
1995-10-21,19.9428
1995-10-22,19.9254
1995-10-23,19.9173
1995-10-24,19.9224
1995-10-25,19.9276
1995-10-26,19.9434
1995-10-27,19.9545
1995-10-28,19.9578
1995-10-29,19.9463
1995-10-30,19.9388
1995-10-31,19.9313
1995-11-01,19.9225
1995-11-02,19.9184
1995-11-03,19.9173
1995-11-04,19.9190
1995-11-05,19.9315
1995-11-06,19.9456
1995-11-07,19.9579
1995-11-08,19.9641
1995-11-09,19.9681
1995-11-10,19.9719
1995-11-11,19.9722
1995-11-12,19.9714
1995-11-13,19.9717
1995-11-14,19.9772
1995-11-15,19.9782
1995-11-16,19.9803
1995-11-17,19.9833
1995-11-18,19.9786
1995-11-19,19.9587
1995-11-20,19.9459
1995-11-21,19.9392
1995-11-22,19.9465
1995-11-23,19.9544
1995-11-24,19.9405
1995-11-25,19.9400
1995-11-26,19.9365
1995-11-27,19.9316
1995-11-28,19.9182
1995-11-29,19.9094
1995-11-30,19.9056
1995-12-01,19.9235
1995-12-02,19.9377
1995-12-03,19.9560
1995-12-04,19.9690
1995-12-05,19.9722
1995-12-06,19.9743
1995-12-07,19.9754
1995-12-08,19.9590
1995-12-09,19.9431
1995-12-10,19.9293
1995-12-11,19.9169
1995-12-12,19.9160
1995-12-13,19.9102
1995-12-14,19.9095
1995-12-15,19.9064
1995-12-16,19.9171
1995-12-17,19.9280
1995-12-18,19.9418
1995-12-19,19.9495
1995-12-20,19.9560
1995-12-21,19.9745
1995-12-22,19.9880
1995-12-23,20.0037
1995-12-24,20.0137
1995-12-25,20.0182
1995-12-26,20.0236
1995-12-27,20.0335
1995-12-28,20.0385
1995-12-29,20.0415
1995-12-30,20.0370
1995-12-31,20.0265
1996-01-01,20.0162
1996-01-02,20.0133
1996-01-03,20.0161
1996-01-04,20.0112
1996-01-05,20.0056
1996-01-06,20.0223
1996-01-07,20.0368
1996-01-08,20.0337
1996-01-09,20.0358
1996-01-10,20.0400
1996-01-11,20.0423
1996-01-12,20.0400
1996-01-13,20.0400
1996-01-14,20.0461
1996-01-15,20.0504
1996-01-16,20.0603
1996-01-17,20.0747
1996-01-18,20.0675
1996-01-19,20.0630
1996-01-20,20.0699
1996-01-21,20.0799
1996-01-22,20.0845
1996-01-23,20.0807
1996-01-24,20.0823
1996-01-25,20.0819
1996-01-26,20.0855
1996-01-27,20.0897
1996-01-28,20.1040
1996-01-29,20.1264
1996-01-30,20.1502
1996-01-31,20.1666
1996-02-01,20.1786
1996-02-02,20.1854
1996-02-03,20.2015
1996-02-04,20.2245
1996-02-05,20.2465
1996-02-06,20.2570
1996-02-07,20.2711
1996-02-08,20.2689
1996-02-09,20.2627
1996-02-10,20.2508
1996-02-11,20.2346
1996-02-12,20.2286
1996-02-13,20.2315
1996-02-14,20.2334
1996-02-15,20.2361
1996-02-16,20.2417
1996-02-17,20.2491
1996-02-18,20.2618
1996-02-19,20.2808
1996-02-20,20.2948
1996-02-21,20.3024
1996-02-22,20.3141
1996-02-23,20.3251
1996-02-24,20.3218
1996-02-25,20.3199
1996-02-26,20.3178
1996-02-27,20.3124
1996-02-28,20.3155
1996-02-29,20.3259
1996-03-01,20.3462
1996-03-02,20.3472
1996-03-03,20.3425
1996-03-04,20.3384
1996-03-05,20.3272
1996-03-06,20.3157
1996-03-07,20.3177
1996-03-08,20.3262
1996-03-09,20.3178
1996-03-10,20.3096
1996-03-11,20.3074
1996-03-12,20.3090
1996-03-13,20.3039
1996-03-14,20.3020
1996-03-15,20.3053
1996-03-16,20.3161
1996-03-17,20.3256
1996-03-18,20.3316
1996-03-19,20.3384
1996-03-20,20.3556
1996-03-21,20.3663
1996-03-22,20.3699
1996-03-23,20.3760
1996-03-24,20.3751
1996-03-25,20.3679
1996-03-26,20.3506
1996-03-27,20.3413
1996-03-28,20.3202
1996-03-29,20.3100
1996-03-30,20.3054
1996-03-31,20.3090
1996-04-01,20.3194
1996-04-02,20.3250
1996-04-03,20.3190
1996-04-04,20.3191
1996-04-05,20.3136
1996-04-06,20.3070
1996-04-07,20.3016
1996-04-08,20.2945
1996-04-09,20.2943
1996-04-10,20.2870
1996-04-11,20.2742
1996-04-12,20.2572
1996-04-13,20.2538
1996-04-14,20.2537
1996-04-15,20.2555
1996-04-16,20.2517
1996-04-17,20.2450
1996-04-18,20.2473
1996-04-19,20.2514
1996-04-20,20.2566
1996-04-21,20.2542
1996-04-22,20.2546
1996-04-23,20.2498
1996-04-24,20.2444
1996-04-25,20.2426
1996-04-26,20.2426
1996-04-27,20.2473
1996-04-28,20.2474
1996-04-29,20.2410
1996-04-30,20.2209
1996-05-01,20.2051
1996-05-02,20.2011
1996-05-03,20.1984
1996-05-04,20.1945
1996-05-05,20.1906
1996-05-06,20.1772
1996-05-07,20.1493
1996-05-08,20.1386
1996-05-09,20.1269
1996-05-10,20.1263
1996-05-11,20.1424
1996-05-12,20.1495
1996-05-13,20.1568
1996-05-14,20.1464
1996-05-15,20.1550
1996-05-16,20.1462
1996-05-17,20.1514
1996-05-18,20.1507
1996-05-19,20.1481
1996-05-20,20.1559
1996-05-21,20.1524
1996-05-22,20.1651
1996-05-23,20.1539
1996-05-24,20.1507
1996-05-25,20.1455
1996-05-26,20.1470
1996-05-27,20.1560
1996-05-28,20.1545
1996-05-29,20.1411
1996-05-30,20.1236
1996-05-31,20.1124
1996-06-01,20.1089
1996-06-02,20.1038
1996-06-03,20.0866
1996-06-04,20.0831
1996-06-05,20.0715
1996-06-06,20.0550
1996-06-07,20.0627
1996-06-08,20.0621
1996-06-09,20.0690
1996-06-10,20.0679
1996-06-11,20.0846
1996-06-12,20.0959
1996-06-13,20.0982
1996-06-14,20.0958
1996-06-15,20.0903
1996-06-16,20.0930
1996-06-17,20.0893
1996-06-18,20.0948
1996-06-19,20.0795
1996-06-20,20.0692
1996-06-21,20.0635
1996-06-22,20.0639
1996-06-23,20.0843
1996-06-24,20.0991
1996-06-25,20.1008
1996-06-26,20.1014
1996-06-27,20.0984
1996-06-28,20.0946
1996-06-29,20.0933
1996-06-30,20.0876
1996-07-01,20.0841
1996-07-02,20.0798
1996-07-03,20.0788
1996-07-04,20.0913
1996-07-05,20.1049
1996-07-06,20.1068
1996-07-07,20.0862
1996-07-08,20.0607
1996-07-09,20.0333
1996-07-10,20.0138
1996-07-11,20.0104
1996-07-12,20.0156
1996-07-13,20.0206
1996-07-14,20.0347
1996-07-15,20.0374
1996-07-16,20.0213
1996-07-17,19.9993
1996-07-18,19.9986
1996-07-19,19.9956
1996-07-20,20.0042
1996-07-21,20.0210
1996-07-22,20.0395
1996-07-23,20.0491
1996-07-24,20.0517
1996-07-25,20.0534
1996-07-26,20.0534
1996-07-27,20.0612
1996-07-28,20.0718
1996-07-29,20.0748
1996-07-30,20.0585
1996-07-31,20.0280
1996-08-01,20.0041
1996-08-02,20.0020
1996-08-03,20.0118
1996-08-04,20.0198
1996-08-05,20.0295
1996-08-06,20.0382
1996-08-07,20.0560
1996-08-08,20.0702
1996-08-09,20.0765
1996-08-10,20.0806
1996-08-11,20.0908
1996-08-12,20.1039
1996-08-13,20.1155
1996-08-14,20.1195
1996-08-15,20.1200
1996-08-16,20.1265
1996-08-17,20.1347
1996-08-18,20.1469
1996-08-19,20.1572
1996-08-20,20.1542
1996-08-21,20.1443
1996-08-22,20.1324
1996-08-23,20.1187
1996-08-24,20.1118
1996-08-25,20.1041
1996-08-26,20.1022
1996-08-27,20.1039
1996-08-28,20.1054
1996-08-29,20.1123
1996-08-30,20.1233
1996-08-31,20.1288
1996-09-01,20.1315
1996-09-02,20.1307
1996-09-03,20.1247
1996-09-04,20.1257
1996-09-05,20.1306
1996-09-06,20.1306
1996-09-07,20.1272
1996-09-08,20.1270
1996-09-09,20.1216
1996-09-10,20.1119
1996-09-11,20.0902
1996-09-12,20.0773
1996-09-13,20.0673
1996-09-14,20.0741
1996-09-15,20.0726
1996-09-16,20.0679
1996-09-17,20.0406
1996-09-18,20.0080
1996-09-19,19.9897
1996-09-20,19.9847
1996-09-21,19.9831
1996-09-22,19.9848
1996-09-23,19.9712
1996-09-24,19.9760
1996-09-25,19.9769
1996-09-26,19.9813
1996-09-27,19.9720
1996-09-28,19.9557
1996-09-29,19.9358
1996-09-30,19.9259
1996-10-01,19.9370
1996-10-02,19.9220
1996-10-03,19.9162
1996-10-04,19.9132
1996-10-05,19.9213
1996-10-06,19.9430
1996-10-07,19.9687
1996-10-08,19.9837
1996-10-09,19.9861
1996-10-10,19.9820
1996-10-11,19.9678
1996-10-12,19.9706
1996-10-13,19.9667
1996-10-14,19.9547
1996-10-15,19.9644
1996-10-16,19.9789
1996-10-17,19.9847
1996-10-18,19.9786
1996-10-19,19.9700
1996-10-20,19.9531
1996-10-21,19.9271
1996-10-22,19.9065
1996-10-23,19.8913
1996-10-24,19.8806
1996-10-25,19.8683
1996-10-26,19.8599
1996-10-27,19.8470
1996-10-28,19.8516
1996-10-29,19.8624
1996-10-30,19.8792
1996-10-31,19.8842
1996-11-01,19.8814
1996-11-02,19.8704
1996-11-03,19.8538
1996-11-04,19.8266
1996-11-05,19.8051
1996-11-06,19.7935
1996-11-07,19.7852
1996-11-08,19.7857
1996-11-09,19.8091
1996-11-10,19.8323
1996-11-11,19.8380
1996-11-12,19.8496
1996-11-13,19.8551
1996-11-14,19.8625
1996-11-15,19.8682
1996-11-16,19.8801
1996-11-17,19.8882
1996-11-18,19.8955
1996-11-19,19.8943
1996-11-20,19.8876
1996-11-21,19.8823
1996-11-22,19.8706
1996-11-23,19.8489
1996-11-24,19.8383
1996-11-25,19.8421
1996-11-26,19.8567
1996-11-27,19.8668
1996-11-28,19.8852
1996-11-29,19.8995
1996-11-30,19.9092
1996-12-01,19.9091
1996-12-02,19.9109
1996-12-03,19.9204
1996-12-04,19.9221
1996-12-05,19.9168
1996-12-06,19.9086
1996-12-07,19.9108
1996-12-08,19.9200
1996-12-09,19.9178
1996-12-10,19.9220
1996-12-11,19.9296
1996-12-12,19.9399
1996-12-13,19.9530
1996-12-14,19.9623
1996-12-15,19.9686
1996-12-16,19.9682
1996-12-17,19.9717
1996-12-18,19.9717
1996-12-19,19.9667
1996-12-20,19.9545
1996-12-21,19.9420
1996-12-22,19.9440
1996-12-23,19.9447
1996-12-24,19.9399
1996-12-25,19.9445
1996-12-26,19.9396
1996-12-27,19.9361
1996-12-28,19.9143
1996-12-29,19.9112
1996-12-30,19.9146
1996-12-31,19.9178
1997-01-01,19.9190
1997-01-02,19.9176
1997-01-03,19.9162
1997-01-04,19.9179
1997-01-05,19.9297
1997-01-06,19.9423
1997-01-07,19.9699
1997-01-08,19.9923
1997-01-09,19.9965
1997-01-10,19.9961
1997-01-11,20.0000
1997-01-12,20.0211
1997-01-13,20.0375
1997-01-14,20.0502
1997-01-15,20.0637
1997-01-16,20.0718
1997-01-17,20.0745
1997-01-18,20.0924
1997-01-19,20.1009
1997-01-20,20.1030
1997-01-21,20.1037
1997-01-22,20.1083
1997-01-23,20.1146
1997-01-24,20.1331
1997-01-25,20.1484
1997-01-26,20.1601
1997-01-27,20.1571
1997-01-28,20.1765
1997-01-29,20.1947
1997-01-30,20.1983
1997-01-31,20.2020
1997-02-01,20.2187
1997-02-02,20.2318
1997-02-03,20.2354
1997-02-04,20.2383
1997-02-05,20.2360
1997-02-06,20.2265
1997-02-07,20.2328
1997-02-08,20.2440
1997-02-09,20.2563
1997-02-10,20.2609
1997-02-11,20.2653
1997-02-12,20.2631
1997-02-13,20.2630
1997-02-14,20.2627
1997-02-15,20.2587
1997-02-16,20.2481
1997-02-17,20.2379
1997-02-18,20.2391
1997-02-19,20.2529
1997-02-20,20.2485
1997-02-21,20.2486
1997-02-22,20.2626
1997-02-23,20.2941
1997-02-24,20.3160
1997-02-25,20.3284
1997-02-26,20.3251
1997-02-27,20.3185
1997-02-28,20.3085
1997-03-01,20.3013
1997-03-02,20.3099
1997-03-03,20.3282
1997-03-04,20.3406
1997-03-05,20.3551
1997-03-06,20.3522
1997-03-07,20.3504
1997-03-08,20.3455
1997-03-09,20.3553
1997-03-10,20.3482
1997-03-11,20.3352
1997-03-12,20.3354
1997-03-13,20.3369
1997-03-14,20.3486
1997-03-15,20.3639
1997-03-16,20.3821
1997-03-17,20.4102
1997-03-18,20.4254
1997-03-19,20.4382
1997-03-20,20.4472
1997-03-21,20.4525
1997-03-22,20.4426
1997-03-23,20.4403
1997-03-24,20.4209
1997-03-25,20.4107
1997-03-26,20.4010
1997-03-27,20.3777
1997-03-28,20.3625
1997-03-29,20.3538
1997-03-30,20.3320
1997-03-31,20.3069
1997-04-01,20.2865
1997-04-02,20.2735
1997-04-03,20.2756
1997-04-04,20.2765
1997-04-05,20.2862
1997-04-06,20.2800
1997-04-07,20.2716
1997-04-08,20.2676
1997-04-09,20.2684
1997-04-10,20.2702
1997-04-11,20.2709
1997-04-12,20.2713
1997-04-13,20.2743
1997-04-14,20.2768
1997-04-15,20.2835
1997-04-16,20.2975
1997-04-17,20.3094
1997-04-18,20.3071
1997-04-19,20.3120
1997-04-20,20.3073
1997-04-21,20.2993
1997-04-22,20.3036
1997-04-23,20.3030
1997-04-24,20.2970
1997-04-25,20.2967
1997-04-26,20.2812
1997-04-27,20.2580
1997-04-28,20.2493
1997-04-29,20.2438
1997-04-30,20.2320
1997-05-01,20.2411
1997-05-02,20.2472
1997-05-03,20.2619
1997-05-04,20.2682
1997-05-05,20.2667
1997-05-06,20.2441
1997-05-07,20.2310
1997-05-08,20.2438
1997-05-09,20.2708
1997-05-10,20.2833
1997-05-11,20.2871
1997-05-12,20.2836
1997-05-13,20.2896
1997-05-14,20.2813
1997-05-15,20.2688
1997-05-16,20.2548
1997-05-17,20.2503
1997-05-18,20.2472
1997-05-19,20.2480
1997-05-20,20.2463
1997-05-21,20.2486
1997-05-22,20.2519
1997-05-23,20.2502
1997-05-24,20.2401
1997-05-25,20.2257
1997-05-26,20.2225
1997-05-27,20.2220
1997-05-28,20.2279
1997-05-29,20.2326
1997-05-30,20.2258
1997-05-31,20.2144
1997-06-01,20.2041
1997-06-02,20.2045
1997-06-03,20.2019
1997-06-04,20.2062
1997-06-05,20.1986
1997-06-06,20.1951
1997-06-07,20.2005
1997-06-08,20.2184
1997-06-09,20.2241
1997-06-10,20.2319
1997-06-11,20.2352
1997-06-12,20.2264
1997-06-13,20.2214
1997-06-14,20.2204
1997-06-15,20.2142
1997-06-16,20.2154
1997-06-17,20.2103
1997-06-18,20.2021
1997-06-19,20.1982
1997-06-20,20.2031
1997-06-21,20.2184
1997-06-22,20.2286
1997-06-23,20.2356
1997-06-24,20.2416
1997-06-25,20.2301
1997-06-26,20.2251
1997-06-27,20.2260
1997-06-28,20.2360
1997-06-29,20.2354
1997-06-30,20.2335
1997-07-01,20.2351
1997-07-02,20.2285
1997-07-03,20.2137
1997-07-04,20.2104
1997-07-05,20.2171
1997-07-06,20.2280
1997-07-07,20.2387
1997-07-08,20.2375
1997-07-09,20.2372
1997-07-10,20.2414
1997-07-11,20.2463
1997-07-12,20.2564
1997-07-13,20.2653
1997-07-14,20.2764
1997-07-15,20.2677
1997-07-16,20.2577
1997-07-17,20.2510
1997-07-18,20.2431
1997-07-19,20.2472
1997-07-20,20.2501
1997-07-21,20.2456
1997-07-22,20.2441
1997-07-23,20.2466
1997-07-24,20.2480
1997-07-25,20.2496
1997-07-26,20.2586
1997-07-27,20.2686
1997-07-28,20.2631
1997-07-29,20.2535
1997-07-30,20.2554
1997-07-31,20.2656
1997-08-01,20.2692
1997-08-02,20.2823
1997-08-03,20.3038
1997-08-04,20.3091
1997-08-05,20.3035
1997-08-06,20.2881
1997-08-07,20.2864
1997-08-08,20.2823
1997-08-09,20.2890
1997-08-10,20.2971
1997-08-11,20.2960
1997-08-12,20.2929
1997-08-13,20.2939
1997-08-14,20.2856
1997-08-15,20.2760
1997-08-16,20.2704
1997-08-17,20.2642
1997-08-18,20.2493
1997-08-19,20.2530
1997-08-20,20.2564
1997-08-21,20.2605
1997-08-22,20.2626
1997-08-23,20.2677
1997-08-24,20.2750
1997-08-25,20.2856
1997-08-26,20.2863
1997-08-27,20.2971
1997-08-28,20.3138
1997-08-29,20.3306
1997-08-30,20.3515
1997-08-31,20.3670
1997-09-01,20.3766
1997-09-02,20.3948
1997-09-03,20.4044
1997-09-04,20.4029
1997-09-05,20.3872
1997-09-06,20.3737
1997-09-07,20.3618
1997-09-08,20.3574
1997-09-09,20.3413
1997-09-10,20.3218
1997-09-11,20.3085
1997-09-12,20.2948
1997-09-13,20.2811
1997-09-14,20.2629
1997-09-15,20.2494
1997-09-16,20.2464
1997-09-17,20.2373
1997-09-18,20.2235
1997-09-19,20.2334
1997-09-20,20.2515
1997-09-21,20.2516
1997-09-22,20.2494
1997-09-23,20.2428
1997-09-24,20.2470
1997-09-25,20.2498
1997-09-26,20.2554
1997-09-27,20.2533
1997-09-28,20.2552
1997-09-29,20.2614
1997-09-30,20.2611
1997-10-01,20.2440
1997-10-02,20.2332
1997-10-03,20.2308
1997-10-04,20.2298
1997-10-05,20.2102
1997-10-06,20.1864
1997-10-07,20.1714
1997-10-08,20.1581
1997-10-09,20.1536
1997-10-10,20.1551
1997-10-11,20.1632
1997-10-12,20.1670
1997-10-13,20.1634
1997-10-14,20.1693
1997-10-15,20.1934
1997-10-16,20.2015
1997-10-17,20.2054
1997-10-18,20.2089
1997-10-19,20.2180
1997-10-20,20.2223
1997-10-21,20.2267
1997-10-22,20.2319
1997-10-23,20.2360
1997-10-24,20.2432
1997-10-25,20.2476
1997-10-26,20.2371
1997-10-27,20.2153
1997-10-28,20.1796
1997-10-29,20.1588
1997-10-30,20.1517
1997-10-31,20.1554
1997-11-01,20.1659
1997-11-02,20.1783
1997-11-03,20.1755
1997-11-04,20.1615
1997-11-05,20.1402
1997-11-06,20.1360
1997-11-07,20.1454
1997-11-08,20.1481
1997-11-09,20.1492
1997-11-10,20.1420
1997-11-11,20.1507
1997-11-12,20.1564
1997-11-13,20.1461
1997-11-14,20.1481
1997-11-15,20.1460
1997-11-16,20.1478
1997-11-17,20.1425
1997-11-18,20.1335
1997-11-19,20.1406
1997-11-20,20.1444
1997-11-21,20.1432
1997-11-22,20.1496
1997-11-23,20.1700
1997-11-24,20.1817
1997-11-25,20.1964
1997-11-26,20.1973
1997-11-27,20.2044
1997-11-28,20.2154
1997-11-29,20.2213
1997-11-30,20.2230
1997-12-01,20.2273
1997-12-02,20.2299
1997-12-03,20.2285
1997-12-04,20.2162
1997-12-05,20.2203
1997-12-06,20.2387
1997-12-07,20.2604
1997-12-08,20.2678
1997-12-09,20.2802
1997-12-10,20.2867
1997-12-11,20.2793
1997-12-12,20.2728
1997-12-13,20.2734
1997-12-14,20.2731
1997-12-15,20.2626
1997-12-16,20.2531
1997-12-17,20.2418
1997-12-18,20.2345
1997-12-19,20.2274
1997-12-20,20.2168
1997-12-21,20.2275
1997-12-22,20.2455
1997-12-23,20.2494
1997-12-24,20.2590
1997-12-25,20.2742
1997-12-26,20.2778
1997-12-27,20.2625
1997-12-28,20.2538
1997-12-29,20.2582
1997-12-30,20.2562
1997-12-31,20.2646
1998-01-01,20.2963
1998-01-02,20.2948
1998-01-03,20.2968
1998-01-04,20.3019
1998-01-05,20.2838
1998-01-06,20.2849
1998-01-07,20.2735
1998-01-08,20.2656
1998-01-09,20.2583
1998-01-10,20.2488
1998-01-11,20.2623
1998-01-12,20.2604
1998-01-13,20.2784
1998-01-14,20.2896
1998-01-15,20.2944
1998-01-16,20.2997
1998-01-17,20.3173
1998-01-18,20.3299
1998-01-19,20.3438
1998-01-20,20.3436
1998-01-21,20.3509
1998-01-22,20.3689
1998-01-23,20.3823
1998-01-24,20.4020
1998-01-25,20.4317
1998-01-26,20.4492
1998-01-27,20.4596
1998-01-28,20.4666
1998-01-29,20.4689
1998-01-30,20.4701
1998-01-31,20.4661
1998-02-01,20.4636
1998-02-02,20.4685
1998-02-03,20.4932
1998-02-04,20.5130
1998-02-05,20.5213
1998-02-06,20.5231
1998-02-07,20.5252
1998-02-08,20.5220
1998-02-09,20.5093
1998-02-10,20.4929
1998-02-11,20.4796
1998-02-12,20.4853
1998-02-13,20.4947
1998-02-14,20.5057
1998-02-15,20.4975
1998-02-16,20.4796
1998-02-17,20.4795
1998-02-18,20.4857
1998-02-19,20.4925
1998-02-20,20.5041
1998-02-21,20.5111
1998-02-22,20.5204
1998-02-23,20.5337
1998-02-24,20.5425
1998-02-25,20.5392
1998-02-26,20.5384
1998-02-27,20.5459
1998-02-28,20.5538
1998-03-01,20.5733
1998-03-02,20.5874
1998-03-03,20.5902
1998-03-04,20.5863
1998-03-05,20.5771
1998-03-06,20.5752
1998-03-07,20.5629
1998-03-08,20.5497
1998-03-09,20.5475
1998-03-10,20.5405
1998-03-11,20.5311
1998-03-12,20.5171
1998-03-13,20.5073
1998-03-14,20.5032
1998-03-15,20.5075
1998-03-16,20.5123
1998-03-17,20.5293
1998-03-18,20.5442
1998-03-19,20.5521
1998-03-20,20.5390
1998-03-21,20.5239
1998-03-22,20.5183
1998-03-23,20.5199
1998-03-24,20.5041
1998-03-25,20.4905
1998-03-26,20.4840
1998-03-27,20.4928
1998-03-28,20.5018
1998-03-29,20.5213
1998-03-30,20.5336
1998-03-31,20.5361
1998-04-01,20.5366
1998-04-02,20.5370
1998-04-03,20.5271
1998-04-04,20.5124
1998-04-05,20.5018
1998-04-06,20.5006
1998-04-07,20.5124
1998-04-08,20.5189
1998-04-09,20.5283
1998-04-10,20.5371
1998-04-11,20.5464
1998-04-12,20.5412
1998-04-13,20.5358
1998-04-14,20.5402
1998-04-15,20.5459
1998-04-16,20.5543
1998-04-17,20.5475
1998-04-18,20.5425
1998-04-19,20.5325
1998-04-20,20.5279
1998-04-21,20.5345
1998-04-22,20.5333
1998-04-23,20.5129
1998-04-24,20.4917
1998-04-25,20.4827
1998-04-26,20.4871
1998-04-27,20.5023
1998-04-28,20.5088
1998-04-29,20.5004
1998-04-30,20.5095
1998-05-01,20.5079
1998-05-02,20.4956
1998-05-03,20.4826
1998-05-04,20.4772
1998-05-05,20.4656
1998-05-06,20.4557
1998-05-07,20.4550
1998-05-08,20.4504
1998-05-09,20.4549
1998-05-10,20.4426
1998-05-11,20.4189
1998-05-12,20.4071
1998-05-13,20.4066
1998-05-14,20.4067
1998-05-15,20.4057
1998-05-16,20.4126
1998-05-17,20.3996
1998-05-18,20.4027
1998-05-19,20.4095
1998-05-20,20.4166
1998-05-21,20.4317
1998-05-22,20.4348
1998-05-23,20.4457
1998-05-24,20.4420
1998-05-25,20.4264
1998-05-26,20.4097
1998-05-27,20.3966
1998-05-28,20.3839
1998-05-29,20.3828
1998-05-30,20.3787
1998-05-31,20.3751
1998-06-01,20.3624
1998-06-02,20.3486
1998-06-03,20.3359
1998-06-04,20.3460
1998-06-05,20.3496
1998-06-06,20.3368
1998-06-07,20.3245
1998-06-08,20.3223
1998-06-09,20.3284
1998-06-10,20.3245
1998-06-11,20.3178
1998-06-12,20.3177
1998-06-13,20.3183
1998-06-14,20.3192
1998-06-15,20.3226
1998-06-16,20.3243
1998-06-17,20.3204
1998-06-18,20.3095
1998-06-19,20.3094
1998-06-20,20.3095
1998-06-21,20.3020
1998-06-22,20.2965
1998-06-23,20.2867
1998-06-24,20.2687
1998-06-25,20.2588
1998-06-26,20.2533
1998-06-27,20.2562
1998-06-28,20.2650
1998-06-29,20.2782
1998-06-30,20.2946
1998-07-01,20.3141
1998-07-02,20.3263
1998-07-03,20.3421
1998-07-04,20.3473
1998-07-05,20.3525
1998-07-06,20.3493
1998-07-07,20.3412
1998-07-08,20.3234
1998-07-09,20.3097
1998-07-10,20.3030
1998-07-11,20.3025
1998-07-12,20.3021
1998-07-13,20.3048
1998-07-14,20.3153
1998-07-15,20.3268
1998-07-16,20.3328
1998-07-17,20.3353
1998-07-18,20.3394
1998-07-19,20.3473
1998-07-20,20.3503
1998-07-21,20.3538
1998-07-22,20.3616
1998-07-23,20.3662
1998-07-24,20.3638
1998-07-25,20.3675
1998-07-26,20.3765
1998-07-27,20.3769
1998-07-28,20.3763
1998-07-29,20.3843
1998-07-30,20.3849
1998-07-31,20.3763
1998-08-01,20.3709
1998-08-02,20.3668
1998-08-03,20.3549
1998-08-04,20.3544
1998-08-05,20.3517
1998-08-06,20.3523
1998-08-07,20.3625
1998-08-08,20.3771
1998-08-09,20.3884
1998-08-10,20.4029
1998-08-11,20.4115
1998-08-12,20.4248
1998-08-13,20.4157
1998-08-14,20.4040
1998-08-15,20.3917
1998-08-16,20.3872
1998-08-17,20.3906
1998-08-18,20.3732
1998-08-19,20.3615
1998-08-20,20.3586
1998-08-21,20.3564
1998-08-22,20.3510
1998-08-23,20.3517
1998-08-24,20.3525
1998-08-25,20.3541
1998-08-26,20.3545
1998-08-27,20.3654
1998-08-28,20.3603
1998-08-29,20.3616
1998-08-30,20.3492
1998-08-31,20.3398
1998-09-01,20.3373
1998-09-02,20.3271
1998-09-03,20.3319
1998-09-04,20.3365
1998-09-05,20.3267
1998-09-06,20.3059
1998-09-07,20.2852
1998-09-08,20.2676
1998-09-09,20.2440
1998-09-10,20.2276
1998-09-11,20.2107
1998-09-12,20.1917
1998-09-13,20.1756
1998-09-14,20.1695
1998-09-15,20.1631
1998-09-16,20.1476
1998-09-17,20.1216
1998-09-18,20.1133
1998-09-19,20.0975
1998-09-20,20.0799
1998-09-21,20.0786
1998-09-22,20.0859
1998-09-23,20.0798
1998-09-24,20.0709
1998-09-25,20.0660
1998-09-26,20.0650
1998-09-27,20.0598
1998-09-28,20.0641
1998-09-29,20.0825
1998-09-30,20.0943
1998-10-01,20.1066
1998-10-02,20.1103
1998-10-03,20.1082
1998-10-04,20.1036
1998-10-05,20.0943
1998-10-06,20.0955
1998-10-07,20.0998
1998-10-08,20.0907
1998-10-09,20.0872
1998-10-10,20.0727
1998-10-11,20.0586
1998-10-12,20.0547
1998-10-13,20.0541
1998-10-14,20.0554
1998-10-15,20.0398
1998-10-16,20.0308
1998-10-17,20.0239
1998-10-18,20.0114
1998-10-19,20.0141
1998-10-20,20.0178
1998-10-21,20.0142
1998-10-22,20.0095
1998-10-23,19.9952
1998-10-24,19.9731
1998-10-25,19.9538
1998-10-26,19.9445
1998-10-27,19.9441
1998-10-28,19.9506
1998-10-29,19.9601
1998-10-30,19.9733
1998-10-31,19.9847
1998-11-01,19.9935
1998-11-02,19.9986
1998-11-03,19.9988
1998-11-04,20.0032
1998-11-05,20.0145
1998-11-06,20.0259
1998-11-07,20.0253
1998-11-08,20.0421
1998-11-09,20.0493
1998-11-10,20.0518
1998-11-11,20.0481
1998-11-12,20.0373
1998-11-13,20.0304
1998-11-14,20.0214
1998-11-15,20.0191
1998-11-16,20.0239
1998-11-17,20.0257
1998-11-18,20.0258
1998-11-19,20.0346
1998-11-20,20.0551
1998-11-21,20.0770
1998-11-22,20.0835
1998-11-23,20.0767
1998-11-24,20.0702
1998-11-25,20.0562
1998-11-26,20.0480
1998-11-27,20.0308
1998-11-28,20.0203
1998-11-29,20.0024
1998-11-30,20.0003
1998-12-01,20.0039
1998-12-02,19.9880
1998-12-03,19.9819
1998-12-04,19.9668
1998-12-05,19.9593
1998-12-06,19.9654
1998-12-07,19.9624
1998-12-08,19.9554
1998-12-09,19.9434
1998-12-10,19.9405
1998-12-11,19.9376
1998-12-12,19.9294
1998-12-13,19.9344
1998-12-14,19.9406
1998-12-15,19.9517
1998-12-16,19.9691
1998-12-17,19.9871
1998-12-18,19.9914
1998-12-19,20.0088
1998-12-20,20.0297
1998-12-21,20.0489
1998-12-22,20.0514
1998-12-23,20.0537
1998-12-24,20.0527
1998-12-25,20.0511
1998-12-26,20.0479
1998-12-27,20.0437
1998-12-28,20.0488
1998-12-29,20.0561
1998-12-30,20.0541
1998-12-31,20.0551
1999-01-01,20.0657
1999-01-02,20.0704
1999-01-03,20.0762
1999-01-04,20.0741
1999-01-05,20.0552
1999-01-06,20.0341
1999-01-07,20.0230
1999-01-08,20.0213
1999-01-09,20.0191
1999-01-10,20.0297
1999-01-11,20.0485
1999-01-12,20.0554
1999-01-13,20.0599
1999-01-14,20.0688
1999-01-15,20.0782
1999-01-16,20.0727
1999-01-17,20.0753
1999-01-18,20.0892
1999-01-19,20.1063
1999-01-20,20.1137
1999-01-21,20.1116
1999-01-22,20.1214
1999-01-23,20.1270
1999-01-24,20.1352
1999-01-25,20.1407
1999-01-26,20.1489
1999-01-27,20.1559
1999-01-28,20.1633
1999-01-29,20.1739
1999-01-30,20.1826
1999-01-31,20.1971
1999-02-01,20.2084
1999-02-02,20.2038
1999-02-03,20.2055
1999-02-04,20.2126
1999-02-05,20.2210
1999-02-06,20.2280
1999-02-07,20.2341
1999-02-08,20.2357
1999-02-09,20.2319
1999-02-10,20.2342
1999-02-11,20.2509
1999-02-12,20.2672
1999-02-13,20.2790
1999-02-14,20.2863
1999-02-15,20.2965
1999-02-16,20.3058
1999-02-17,20.3000
1999-02-18,20.2987
1999-02-19,20.2954
1999-02-20,20.2982
1999-02-21,20.2954
1999-02-22,20.2894
1999-02-23,20.2962
1999-02-24,20.3005
1999-02-25,20.2993
1999-02-26,20.2866
1999-02-27,20.2872
1999-02-28,20.2947
1999-03-01,20.3175
1999-03-02,20.3273
1999-03-03,20.3268
1999-03-04,20.3336
1999-03-05,20.3307
1999-03-06,20.3295
1999-03-07,20.3368
1999-03-08,20.3479
1999-03-09,20.3572
1999-03-10,20.3592
1999-03-11,20.3520
1999-03-12,20.3541
1999-03-13,20.3612
1999-03-14,20.3781
1999-03-15,20.3838
1999-03-16,20.3916
1999-03-17,20.4074
1999-03-18,20.4287
1999-03-19,20.4351
1999-03-20,20.4275
1999-03-21,20.4058
1999-03-22,20.3886
1999-03-23,20.3848
1999-03-24,20.3811
1999-03-25,20.3653
1999-03-26,20.3538
1999-03-27,20.3415
1999-03-28,20.3438
1999-03-29,20.3489
1999-03-30,20.3471
1999-03-31,20.3311
1999-04-01,20.3122
1999-04-02,20.3095
1999-04-03,20.2968
1999-04-04,20.2918
1999-04-05,20.2989
1999-04-06,20.2980
1999-04-07,20.2855
1999-04-08,20.2791
1999-04-09,20.2823
1999-04-10,20.2880
1999-04-11,20.2836
1999-04-12,20.2781
1999-04-13,20.2629
1999-04-14,20.2553
1999-04-15,20.2528
1999-04-16,20.2484
1999-04-17,20.2423
1999-04-18,20.2355
1999-04-19,20.2236
1999-04-20,20.2229
1999-04-21,20.2167
1999-04-22,20.2141
1999-04-23,20.2111
1999-04-24,20.2052
1999-04-25,20.2074
1999-04-26,20.1986
1999-04-27,20.1830
1999-04-28,20.1808
1999-04-29,20.1809
1999-04-30,20.1591
1999-05-01,20.1535
1999-05-02,20.1638
1999-05-03,20.1783
1999-05-04,20.1829
1999-05-05,20.1755
1999-05-06,20.1641
1999-05-07,20.1543
1999-05-08,20.1553
1999-05-09,20.1590
1999-05-10,20.1651
1999-05-11,20.1624
1999-05-12,20.1665
1999-05-13,20.1738
1999-05-14,20.1772
1999-05-15,20.1727
1999-05-16,20.1635
1999-05-17,20.1583
1999-05-18,20.1506
1999-05-19,20.1502
1999-05-20,20.1507
1999-05-21,20.1500
1999-05-22,20.1456
1999-05-23,20.1339
1999-05-24,20.1161
1999-05-25,20.0985
1999-05-26,20.0906
1999-05-27,20.0817
1999-05-28,20.0692
1999-05-29,20.0660
1999-05-30,20.0728
1999-05-31,20.0641
1999-06-01,20.0511
1999-06-02,20.0344
1999-06-03,20.0228
1999-06-04,20.0140
1999-06-05,20.0038
1999-06-06,20.0021
1999-06-07,20.0110
1999-06-08,20.0216
1999-06-09,20.0288
1999-06-10,20.0419
1999-06-11,20.0557
1999-06-12,20.0598
1999-06-13,20.0571
1999-06-14,20.0521
1999-06-15,20.0536
1999-06-16,20.0500
1999-06-17,20.0549
1999-06-18,20.0602
1999-06-19,20.0611
1999-06-20,20.0719
1999-06-21,20.0815
1999-06-22,20.0855
1999-06-23,20.0726
1999-06-24,20.0674
1999-06-25,20.0573
1999-06-26,20.0634
1999-06-27,20.0616
1999-06-28,20.0646
1999-06-29,20.0695
1999-06-30,20.0723
1999-07-01,20.0700
1999-07-02,20.0547
1999-07-03,20.0443
1999-07-04,20.0336
1999-07-05,20.0347
1999-07-06,20.0420
1999-07-07,20.0582
1999-07-08,20.0656
1999-07-09,20.0555
1999-07-10,20.0553
1999-07-11,20.0614
1999-07-12,20.0536
1999-07-13,20.0505
1999-07-14,20.0454
1999-07-15,20.0494
1999-07-16,20.0514
1999-07-17,20.0555
1999-07-18,20.0582
1999-07-19,20.0578
1999-07-20,20.0572
1999-07-21,20.0586
1999-07-22,20.0498
1999-07-23,20.0474
1999-07-24,20.0576
1999-07-25,20.0586
1999-07-26,20.0481
1999-07-27,20.0465
1999-07-28,20.0505
1999-07-29,20.0502
1999-07-30,20.0554
1999-07-31,20.0678
1999-08-01,20.0838
1999-08-02,20.0801
1999-08-03,20.0753
1999-08-04,20.0672
1999-08-05,20.0581
1999-08-06,20.0432
1999-08-07,20.0285
1999-08-08,20.0324
1999-08-09,20.0433
1999-08-10,20.0524
1999-08-11,20.0583
1999-08-12,20.0589
1999-08-13,20.0560
1999-08-14,20.0648
1999-08-15,20.0732
1999-08-16,20.0737
1999-08-17,20.0676
1999-08-18,20.0594
1999-08-19,20.0675
1999-08-20,20.0774
1999-08-21,20.0810
1999-08-22,20.0876
1999-08-23,20.0922
1999-08-24,20.0852
1999-08-25,20.0906
1999-08-26,20.0885
1999-08-27,20.0859
1999-08-28,20.0858
1999-08-29,20.0981
1999-08-30,20.1065
1999-08-31,20.1131
1999-09-01,20.1150
1999-09-02,20.1345
1999-09-03,20.1348
1999-09-04,20.1313
1999-09-05,20.1160
1999-09-06,20.1058
1999-09-07,20.1073
1999-09-08,20.1108
1999-09-09,20.1159
1999-09-10,20.1130
1999-09-11,20.1097
1999-09-12,20.1018
1999-09-13,20.0943
1999-09-14,20.0769
1999-09-15,20.0482
1999-09-16,20.0126
1999-09-17,19.9963
1999-09-18,19.9926
1999-09-19,19.9863
1999-09-20,19.9839
1999-09-21,19.9800
1999-09-22,19.9876
1999-09-23,20.0017
1999-09-24,20.0081
1999-09-25,20.0040
1999-09-26,19.9910
1999-09-27,19.9856
1999-09-28,19.9833
1999-09-29,19.9745
1999-09-30,19.9631
1999-10-01,19.9513
1999-10-02,19.9580
1999-10-03,19.9705
1999-10-04,19.9757
1999-10-05,19.9831
1999-10-06,19.9760
1999-10-07,19.9747
1999-10-08,19.9651
1999-10-09,19.9533
1999-10-10,19.9399
1999-10-11,19.9334
1999-10-12,19.9302
1999-10-13,19.9319
1999-10-14,19.9224
1999-10-15,19.9137
1999-10-16,19.9020
1999-10-17,19.8900
1999-10-18,19.8793
1999-10-19,19.8647
1999-10-20,19.8618
1999-10-21,19.8629
1999-10-22,19.8788
1999-10-23,19.8810
1999-10-24,19.8819
1999-10-25,19.8803
1999-10-26,19.8774
1999-10-27,19.8761
1999-10-28,19.8812
1999-10-29,19.8657
1999-10-30,19.8445
1999-10-31,19.8453
1999-11-01,19.8553
1999-11-02,19.8584
1999-11-03,19.8567
1999-11-04,19.8543
1999-11-05,19.8570
1999-11-06,19.8563
1999-11-07,19.8681
1999-11-08,19.8918
1999-11-09,19.9097
1999-11-10,19.9236
1999-11-11,19.9230
1999-11-12,19.9151
1999-11-13,19.9115
1999-11-14,19.9153
1999-11-15,19.9115
1999-11-16,19.9010
1999-11-17,19.8822
1999-11-18,19.8780
1999-11-19,19.8849
1999-11-20,19.8861
1999-11-21,19.8884
1999-11-22,19.8849
1999-11-23,19.8958
1999-11-24,19.9061
1999-11-25,19.9134
1999-11-26,19.8998
1999-11-27,19.8863
1999-11-28,19.8664
1999-11-29,19.8496
1999-11-30,19.8369
1999-12-01,19.8384
1999-12-02,19.8369
1999-12-03,19.8394
1999-12-04,19.8438
1999-12-05,19.8491
1999-12-06,19.8614
1999-12-07,19.8704
1999-12-08,19.8703
1999-12-09,19.8814
1999-12-10,19.8936
1999-12-11,19.9075
1999-12-12,19.9298
1999-12-13,19.9389
1999-12-14,19.9360
1999-12-15,19.9343
1999-12-16,19.9442
1999-12-17,19.9526
1999-12-18,19.9689
1999-12-19,19.9743
1999-12-20,19.9706
1999-12-21,19.9661
1999-12-22,19.9623
1999-12-23,19.9612
1999-12-24,19.9625
1999-12-25,19.9703
1999-12-26,19.9732
1999-12-27,19.9695
1999-12-28,19.9666
1999-12-29,19.9629
1999-12-30,19.9657
1999-12-31,19.9660
2000-01-01,19.9641
2000-01-02,19.9613
2000-01-03,19.9741
2000-01-04,19.9850
2000-01-05,19.9914
2000-01-06,20.0045
2000-01-07,20.0202
2000-01-08,20.0335
2000-01-09,20.0449
2000-01-10,20.0594
2000-01-11,20.0633
2000-01-12,20.0602
2000-01-13,20.0611
2000-01-14,20.0623
2000-01-15,20.0508
2000-01-16,20.0586
2000-01-17,20.0820
2000-01-18,20.1025
2000-01-19,20.1169
2000-01-20,20.1213
2000-01-21,20.1177
2000-01-22,20.1206
2000-01-23,20.1273
2000-01-24,20.1358
2000-01-25,20.1468
2000-01-26,20.1492
2000-01-27,20.1418
2000-01-28,20.1448
2000-01-29,20.1632
2000-01-30,20.1839
2000-01-31,20.1871
2000-02-01,20.2025
2000-02-02,20.2184
2000-02-03,20.2378
2000-02-04,20.2420
2000-02-05,20.2534
2000-02-06,20.2596
2000-02-07,20.2608
2000-02-08,20.2580
2000-02-09,20.2887
2000-02-10,20.2830
2000-02-11,20.2892
2000-02-12,20.2713
2000-02-13,20.2676
2000-02-14,20.2686
2000-02-15,20.2716
2000-02-16,20.2713
2000-02-17,20.2801
2000-02-18,20.3050
2000-02-19,20.3162
2000-02-20,20.3123
2000-02-21,20.3158
2000-02-22,20.3084
2000-02-23,20.2965
2000-02-24,20.2883
2000-02-25,20.2810
2000-02-26,20.2744
2000-02-27,20.2800
2000-02-28,20.2773
2000-02-29,20.2782
2000-03-01,20.2920
2000-03-02,20.2961
2000-03-03,20.2961
2000-03-04,20.2941
2000-03-05,20.2946
2000-03-06,20.2956
2000-03-07,20.2884
2000-03-08,20.2826
2000-03-09,20.2870
2000-03-10,20.2900
2000-03-11,20.2808
2000-03-12,20.2851
2000-03-13,20.2849
2000-03-14,20.2888
2000-03-15,20.2857
2000-03-16,20.2907
2000-03-17,20.2907
2000-03-18,20.2924
2000-03-19,20.3080
2000-03-20,20.3154
2000-03-21,20.3275
2000-03-22,20.3274
2000-03-23,20.3089
2000-03-24,20.2915
2000-03-25,20.2905
2000-03-26,20.2858
2000-03-27,20.2736
2000-03-28,20.2616
2000-03-29,20.2483
2000-03-30,20.2572
2000-03-31,20.2704
2000-04-01,20.2845
2000-04-02,20.3026
2000-04-03,20.3211
2000-04-04,20.3305
2000-04-05,20.3114
2000-04-06,20.3034
2000-04-07,20.3062
2000-04-08,20.3045
2000-04-09,20.3158
2000-04-10,20.3171
2000-04-11,20.3252
2000-04-12,20.3362
2000-04-13,20.3410
2000-04-14,20.3363
2000-04-15,20.3172
2000-04-16,20.3141
2000-04-17,20.3102
2000-04-18,20.2984
2000-04-19,20.2919
2000-04-20,20.2782
2000-04-21,20.2721
2000-04-22,20.2662
2000-04-23,20.2557
2000-04-24,20.2431
2000-04-25,20.2377
2000-04-26,20.2149
2000-04-27,20.2001
2000-04-28,20.1891
2000-04-29,20.1743
2000-04-30,20.1591
2000-05-01,20.1518
2000-05-02,20.1562
2000-05-03,20.1585
2000-05-04,20.1600
2000-05-05,20.1641
2000-05-06,20.1679
2000-05-07,20.1643
2000-05-08,20.1572
2000-05-09,20.1496
2000-05-10,20.1431
2000-05-11,20.1325
2000-05-12,20.1289
2000-05-13,20.1263
2000-05-14,20.1350
2000-05-15,20.1354
2000-05-16,20.1296
2000-05-17,20.1184
2000-05-18,20.1106
2000-05-19,20.1017
2000-05-20,20.1064
2000-05-21,20.1097
2000-05-22,20.1191
2000-05-23,20.1276
2000-05-24,20.1258
2000-05-25,20.1122
2000-05-26,20.1022
2000-05-27,20.0822
2000-05-28,20.0773
2000-05-29,20.0763
2000-05-30,20.0683
2000-05-31,20.0531
2000-06-01,20.0380
2000-06-02,20.0384
2000-06-03,20.0425
2000-06-04,20.0422
2000-06-05,20.0564
2000-06-06,20.0677
2000-06-07,20.0622
2000-06-08,20.0565
2000-06-09,20.0531
2000-06-10,20.0524
2000-06-11,20.0495
2000-06-12,20.0484
2000-06-13,20.0536
2000-06-14,20.0568
2000-06-15,20.0612
2000-06-16,20.0677
2000-06-17,20.0695
2000-06-18,20.0600
2000-06-19,20.0389
2000-06-20,20.0356
2000-06-21,20.0461
2000-06-22,20.0450
2000-06-23,20.0488
2000-06-24,20.0501
2000-06-25,20.0592
2000-06-26,20.0535
2000-06-27,20.0306
2000-06-28,20.0093
2000-06-29,20.0142
2000-06-30,20.0261
2000-07-01,20.0324
2000-07-02,20.0476
2000-07-03,20.0600
2000-07-04,20.0685
2000-07-05,20.0722
2000-07-06,20.0581
2000-07-07,20.0371
2000-07-08,20.0269
2000-07-09,20.0249
2000-07-10,20.0205
2000-07-11,20.0261
2000-07-12,20.0273
2000-07-13,20.0216
2000-07-14,20.0105
2000-07-15,20.0208
2000-07-16,20.0427
2000-07-17,20.0445
2000-07-18,20.0417
2000-07-19,20.0321
2000-07-20,20.0138
2000-07-21,20.0056
2000-07-22,20.0169
2000-07-23,20.0329
2000-07-24,20.0620
2000-07-25,20.0788
2000-07-26,20.0891
2000-07-27,20.1008
2000-07-28,20.1234
2000-07-29,20.1284
2000-07-30,20.1479
2000-07-31,20.1571
2000-08-01,20.1625
2000-08-02,20.1553
2000-08-03,20.1409
2000-08-04,20.1273
2000-08-05,20.1272
2000-08-06,20.1291
2000-08-07,20.1354
2000-08-08,20.1317
2000-08-09,20.1211
2000-08-10,20.1105
2000-08-11,20.1115
2000-08-12,20.1171
2000-08-13,20.1460
2000-08-14,20.1683
2000-08-15,20.1787
2000-08-16,20.1916
2000-08-17,20.1883
2000-08-18,20.1803
2000-08-19,20.1698
2000-08-20,20.1721
2000-08-21,20.1716
2000-08-22,20.1660
2000-08-23,20.1565
2000-08-24,20.1693
2000-08-25,20.1808
2000-08-26,20.1805
2000-08-27,20.1830
2000-08-28,20.1731
2000-08-29,20.1648
2000-08-30,20.1714
2000-08-31,20.1977
2000-09-01,20.2443
2000-09-02,20.2762
2000-09-03,20.2887
2000-09-04,20.2876
2000-09-05,20.2771
2000-09-06,20.2633
2000-09-07,20.2517
2000-09-08,20.2382
2000-09-09,20.2010
2000-09-10,20.1643
2000-09-11,20.1378
2000-09-12,20.1191
2000-09-13,20.1093
2000-09-14,20.0944
2000-09-15,20.0937
2000-09-16,20.0998
2000-09-17,20.1133
2000-09-18,20.1180
2000-09-19,20.1167
2000-09-20,20.1281
2000-09-21,20.1498
2000-09-22,20.1730
2000-09-23,20.1806
2000-09-24,20.1735
2000-09-25,20.1855
2000-09-26,20.1801
2000-09-27,20.1784
2000-09-28,20.1657
2000-09-29,20.1637
2000-09-30,20.1624
2000-10-01,20.1395
2000-10-02,20.1275
2000-10-03,20.1131
2000-10-04,20.0949
2000-10-05,20.0883
2000-10-06,20.0922
2000-10-07,20.1050
2000-10-08,20.1006
2000-10-09,20.0846
2000-10-10,20.0650
2000-10-11,20.0513
2000-10-12,20.0327
2000-10-13,20.0143
2000-10-14,20.0110
2000-10-15,20.0179
2000-10-16,20.0117
2000-10-17,20.0026
2000-10-18,19.9886
2000-10-19,19.9799
2000-10-20,19.9622
2000-10-21,19.9439
2000-10-22,19.9411
2000-10-23,19.9496
2000-10-24,19.9536
2000-10-25,19.9417
2000-10-26,19.9457
2000-10-27,19.9466
2000-10-28,19.9442
2000-10-29,19.9447
2000-10-30,19.9396
2000-10-31,19.9293
2000-11-01,19.9416
2000-11-02,19.9544
2000-11-03,19.9783
2000-11-04,20.0060
2000-11-05,20.0171
2000-11-06,20.0127
2000-11-07,20.0159
2000-11-08,20.0150
2000-11-09,20.0064
2000-11-10,19.9995
2000-11-11,19.9933
2000-11-12,19.9842
2000-11-13,19.9721
2000-11-14,19.9661
2000-11-15,19.9620
2000-11-16,19.9576
2000-11-17,19.9393
2000-11-18,19.9418
2000-11-19,19.9385
2000-11-20,19.9340
2000-11-21,19.9319
2000-11-22,19.9277
2000-11-23,19.9293
2000-11-24,19.9322
2000-11-25,19.9384
2000-11-26,19.9501
2000-11-27,19.9607
2000-11-28,19.9684
2000-11-29,19.9733
2000-11-30,19.9717
2000-12-01,19.9648
2000-12-02,19.9637
2000-12-03,19.9653
2000-12-04,19.9732
2000-12-05,19.9768
2000-12-06,19.9734
2000-12-07,19.9735
2000-12-08,19.9728
2000-12-09,19.9813
2000-12-10,19.9968
2000-12-11,20.0127
2000-12-12,20.0209
2000-12-13,20.0203
2000-12-14,20.0147
2000-12-15,20.0097
2000-12-16,20.0026
2000-12-17,20.0150
2000-12-18,20.0200
2000-12-19,20.0280
2000-12-20,20.0221
2000-12-21,19.9973
2000-12-22,19.9765
2000-12-23,19.9644
2000-12-24,19.9736
2000-12-25,19.9840
2000-12-26,19.9918
2000-12-27,19.9994
2000-12-28,20.0048
2000-12-29,20.0123
2000-12-30,20.0222
2000-12-31,20.0328
2001-01-01,20.0365
2001-01-02,20.0408
2001-01-03,20.0460
2001-01-04,20.0539
2001-01-05,20.0812
2001-01-06,20.1131
2001-01-07,20.1299
2001-01-08,20.1445
2001-01-09,20.1644
2001-01-10,20.1755
2001-01-11,20.1627
2001-01-12,20.1552
2001-01-13,20.1578
2001-01-14,20.1573
2001-01-15,20.1583
2001-01-16,20.1617
2001-01-17,20.1703
2001-01-18,20.1720
2001-01-19,20.1742
2001-01-20,20.1833
2001-01-21,20.2017
2001-01-22,20.2165
2001-01-23,20.2248
2001-01-24,20.2288
2001-01-25,20.2392
2001-01-26,20.2434
2001-01-27,20.2476
2001-01-28,20.2503
2001-01-29,20.2502
2001-01-30,20.2399
2001-01-31,20.2273
2001-02-01,20.2221
2001-02-02,20.2147
2001-02-03,20.2156
2001-02-04,20.2348
2001-02-05,20.2436
2001-02-06,20.2491
2001-02-07,20.2512
2001-02-08,20.2569
2001-02-09,20.2561
2001-02-10,20.2604
2001-02-11,20.2625
2001-02-12,20.2591
2001-02-13,20.2465
2001-02-14,20.2491
2001-02-15,20.2768
2001-02-16,20.2997
2001-02-17,20.3185
2001-02-18,20.3391
2001-02-19,20.3589
2001-02-20,20.3794
2001-02-21,20.3889
2001-02-22,20.3988
2001-02-23,20.4181
2001-02-24,20.4288
2001-02-25,20.4505
2001-02-26,20.4698
2001-02-27,20.4604
2001-02-28,20.4543
2001-03-01,20.4444
2001-03-02,20.4363
2001-03-03,20.4314
2001-03-04,20.4242
2001-03-05,20.4166
2001-03-06,20.4291
2001-03-07,20.4440
2001-03-08,20.4499
2001-03-09,20.4559
2001-03-10,20.4656
2001-03-11,20.4744
2001-03-12,20.4787
2001-03-13,20.4761
2001-03-14,20.4676
2001-03-15,20.4635
2001-03-16,20.4622
2001-03-17,20.4713
2001-03-18,20.4937
2001-03-19,20.5132
2001-03-20,20.5198
2001-03-21,20.5150
2001-03-22,20.5079
2001-03-23,20.4936
2001-03-24,20.4851
2001-03-25,20.4837
2001-03-26,20.4849
2001-03-27,20.4797
2001-03-28,20.4805
2001-03-29,20.4679
2001-03-30,20.4749
2001-03-31,20.4611
2001-04-01,20.4562
2001-04-02,20.4498
2001-04-03,20.4425
2001-04-04,20.4378
2001-04-05,20.4311
2001-04-06,20.4401
2001-04-07,20.4331
2001-04-08,20.4307
2001-04-09,20.4284
2001-04-10,20.4308
2001-04-11,20.4281
2001-04-12,20.4182
2001-04-13,20.4135
2001-04-14,20.4085
2001-04-15,20.4065
2001-04-16,20.4182
2001-04-17,20.4250
2001-04-18,20.4320
2001-04-19,20.4164
2001-04-20,20.3949
2001-04-21,20.3746
2001-04-22,20.3640
2001-04-23,20.3555
2001-04-24,20.3598
2001-04-25,20.3690
2001-04-26,20.3780
2001-04-27,20.3726
2001-04-28,20.3658
2001-04-29,20.3713
2001-04-30,20.3755
2001-05-01,20.3679
2001-05-02,20.3607
2001-05-03,20.3660
2001-05-04,20.3709
2001-05-05,20.3654
2001-05-06,20.3690
2001-05-07,20.3580
2001-05-08,20.3540
2001-05-09,20.3520
2001-05-10,20.3573
2001-05-11,20.3643
2001-05-12,20.3570
2001-05-13,20.3521
2001-05-14,20.3371
2001-05-15,20.3226
2001-05-16,20.3211
2001-05-17,20.3187
2001-05-18,20.3178
2001-05-19,20.3177
2001-05-20,20.3129
2001-05-21,20.3039
2001-05-22,20.3019
2001-05-23,20.2929
2001-05-24,20.2856
2001-05-25,20.2652
2001-05-26,20.2496
2001-05-27,20.2445
2001-05-28,20.2438
2001-05-29,20.2471
2001-05-30,20.2434
2001-05-31,20.2516
2001-06-01,20.2578
2001-06-02,20.2633
2001-06-03,20.2640
2001-06-04,20.2475
2001-06-05,20.2420
2001-06-06,20.2476
2001-06-07,20.2520
2001-06-08,20.2530
2001-06-09,20.2560
2001-06-10,20.2591
2001-06-11,20.2507
2001-06-12,20.2400
2001-06-13,20.2433
2001-06-14,20.2490
2001-06-15,20.2567
2001-06-16,20.2641
2001-06-17,20.2607
2001-06-18,20.2513
2001-06-19,20.2441
2001-06-20,20.2436
2001-06-21,20.2440
2001-06-22,20.2479
2001-06-23,20.2539
2001-06-24,20.2622
2001-06-25,20.2723
2001-06-26,20.2730
2001-06-27,20.2776
2001-06-28,20.2722
2001-06-29,20.2648
2001-06-30,20.2616
2001-07-01,20.2706
2001-07-02,20.2697
2001-07-03,20.2674
2001-07-04,20.2672
2001-07-05,20.2515
2001-07-06,20.2361
2001-07-07,20.2340
2001-07-08,20.2396
2001-07-09,20.2342
2001-07-10,20.2336
2001-07-11,20.2344
2001-07-12,20.2309
2001-07-13,20.2366
2001-07-14,20.2520
2001-07-15,20.2675
2001-07-16,20.2749
2001-07-17,20.2753
2001-07-18,20.2742
2001-07-19,20.2730
2001-07-20,20.2709
2001-07-21,20.2756
2001-07-22,20.2893
2001-07-23,20.3010
2001-07-24,20.3045
2001-07-25,20.3032
2001-07-26,20.3059
2001-07-27,20.3028
2001-07-28,20.2959
2001-07-29,20.2974
2001-07-30,20.2975
2001-07-31,20.2984
2001-08-01,20.3013
2001-08-02,20.2955
2001-08-03,20.2828
2001-08-04,20.2888
2001-08-05,20.2938
2001-08-06,20.2983
2001-08-07,20.3047
2001-08-08,20.3144
2001-08-09,20.3245
2001-08-10,20.3340
2001-08-11,20.3360
2001-08-12,20.3445
2001-08-13,20.3473
2001-08-14,20.3300
2001-08-15,20.3209
2001-08-16,20.3130
2001-08-17,20.3057
2001-08-18,20.2970
2001-08-19,20.2892
2001-08-20,20.2920
2001-08-21,20.3025
2001-08-22,20.3076
2001-08-23,20.3137
2001-08-24,20.3076
2001-08-25,20.2913
2001-08-26,20.2704
2001-08-27,20.2702
2001-08-28,20.2854
2001-08-29,20.2993
2001-08-30,20.2995
2001-08-31,20.3026
2001-09-01,20.3066
2001-09-02,20.3136
2001-09-03,20.3152
2001-09-04,20.3216
2001-09-05,20.3286
2001-09-06,20.3311
2001-09-07,20.3226
2001-09-08,20.3122
2001-09-09,20.3039
2001-09-10,20.3007
2001-09-11,20.2909
2001-09-12,20.2718
2001-09-13,20.2604
2001-09-14,20.2598
2001-09-15,20.2568
2001-09-16,20.2554
2001-09-17,20.2767
2001-09-18,20.2824
2001-09-19,20.2779
2001-09-20,20.2756
2001-09-21,20.2754
2001-09-22,20.2672
2001-09-23,20.2512
2001-09-24,20.2381
2001-09-25,20.2300
2001-09-26,20.2282
2001-09-27,20.2220
2001-09-28,20.2145
2001-09-29,20.1932
2001-09-30,20.1707
2001-10-01,20.1579
2001-10-02,20.1550
2001-10-03,20.1525
2001-10-04,20.1423
2001-10-05,20.1337
2001-10-06,20.1151
2001-10-07,20.1043
2001-10-08,20.0928
2001-10-09,20.0870
2001-10-10,20.0895
2001-10-11,20.0865
2001-10-12,20.0856
2001-10-13,20.0851
2001-10-14,20.0837
2001-10-15,20.0918
2001-10-16,20.1029
2001-10-17,20.1001
2001-10-18,20.0971
2001-10-19,20.0992
2001-10-20,20.0975
2001-10-21,20.0896
2001-10-22,20.0703
2001-10-23,20.0707
2001-10-24,20.0726
2001-10-25,20.0732
2001-10-26,20.0912
2001-10-27,20.1078
2001-10-28,20.1108
2001-10-29,20.1034
2001-10-30,20.0925
2001-10-31,20.0875
2001-11-01,20.0856
2001-11-02,20.0853
2001-11-03,20.0881
2001-11-04,20.0760
2001-11-05,20.0727
2001-11-06,20.0678
2001-11-07,20.0651
2001-11-08,20.0617
2001-11-09,20.0509
2001-11-10,20.0520
2001-11-11,20.0594
2001-11-12,20.0733
2001-11-13,20.0853
2001-11-14,20.0896
2001-11-15,20.0928
2001-11-16,20.0891
2001-11-17,20.0825
2001-11-18,20.0714
2001-11-19,20.0677
2001-11-20,20.0728
2001-11-21,20.0830
2001-11-22,20.0894
2001-11-23,20.0914
2001-11-24,20.0909
2001-11-25,20.0965
2001-11-26,20.0950
2001-11-27,20.0946
2001-11-28,20.0841
2001-11-29,20.0710
2001-11-30,20.0590
2001-12-01,20.0551
2001-12-02,20.0478
2001-12-03,20.0468
2001-12-04,20.0460
2001-12-05,20.0607
2001-12-06,20.0731
2001-12-07,20.0849
2001-12-08,20.0902
2001-12-09,20.0946
2001-12-10,20.0925
2001-12-11,20.0833
2001-12-12,20.0907
2001-12-13,20.1027
2001-12-14,20.1046
2001-12-15,20.1061
2001-12-16,20.1090
2001-12-17,20.1068
2001-12-18,20.1148
2001-12-19,20.1272
2001-12-20,20.1337
2001-12-21,20.1442
2001-12-22,20.1549
2001-12-23,20.1684
2001-12-24,20.1808
2001-12-25,20.1885
2001-12-26,20.1869
2001-12-27,20.1760
2001-12-28,20.1868
2001-12-29,20.2005
2001-12-30,20.2081
2001-12-31,20.2114
2002-01-01,20.2300
2002-01-02,20.2363
2002-01-03,20.2456
2002-01-04,20.2360
2002-01-05,20.2367
2002-01-06,20.2443
2002-01-07,20.2496
2002-01-08,20.2492
2002-01-09,20.2468
2002-01-10,20.2441
2002-01-11,20.2459
2002-01-12,20.2637
2002-01-13,20.2717
2002-01-14,20.2676
2002-01-15,20.2701
2002-01-16,20.2795
2002-01-17,20.2835
2002-01-18,20.2816
2002-01-19,20.2790
2002-01-20,20.2802
2002-01-21,20.2849
2002-01-22,20.2897
2002-01-23,20.2862
2002-01-24,20.2920
2002-01-25,20.3067
2002-01-26,20.3093
2002-01-27,20.3189
2002-01-28,20.3313
2002-01-29,20.3496
2002-01-30,20.3563
2002-01-31,20.3571
2002-02-01,20.3346
2002-02-02,20.3330
2002-02-03,20.3477
2002-02-04,20.3608
2002-02-05,20.3770
2002-02-06,20.3918
2002-02-07,20.4006
2002-02-08,20.4084
2002-02-09,20.4187
2002-02-10,20.4252
2002-02-11,20.4188
2002-02-12,20.4110
2002-02-13,20.4017
2002-02-14,20.3925
2002-02-15,20.3780
2002-02-16,20.3620
2002-02-17,20.3535
2002-02-18,20.3499
2002-02-19,20.3546
2002-02-20,20.3605
2002-02-21,20.3797
2002-02-22,20.4014
2002-02-23,20.4147
2002-02-24,20.4357
2002-02-25,20.4496
2002-02-26,20.4647
2002-02-27,20.4726
2002-02-28,20.4818
2002-03-01,20.4989
2002-03-02,20.5026
2002-03-03,20.5052
2002-03-04,20.5101
2002-03-05,20.5150
2002-03-06,20.5183
2002-03-07,20.5131
2002-03-08,20.5046
2002-03-09,20.5116
2002-03-10,20.5167
2002-03-11,20.5046
2002-03-12,20.5117
2002-03-13,20.5299
2002-03-14,20.5498
2002-03-15,20.5685
2002-03-16,20.5780
2002-03-17,20.5713
2002-03-18,20.5880
2002-03-19,20.5853
2002-03-20,20.5819
2002-03-21,20.5738
2002-03-22,20.5563
2002-03-23,20.5313
2002-03-24,20.5061
2002-03-25,20.5014
2002-03-26,20.5021
2002-03-27,20.4864
2002-03-28,20.4804
2002-03-29,20.4761
2002-03-30,20.4869
2002-03-31,20.4965
2002-04-01,20.4858
2002-04-02,20.4702
2002-04-03,20.4627
2002-04-04,20.4542
2002-04-05,20.4474
2002-04-06,20.4507
2002-04-07,20.4675
2002-04-08,20.4770
2002-04-09,20.4813
2002-04-10,20.4775
2002-04-11,20.4711
2002-04-12,20.4613
2002-04-13,20.4583
2002-04-14,20.4650
2002-04-15,20.4642
2002-04-16,20.4599
2002-04-17,20.4533
2002-04-18,20.4447
2002-04-19,20.4516
2002-04-20,20.4619
2002-04-21,20.4636
2002-04-22,20.4754
2002-04-23,20.4786
2002-04-24,20.4777
2002-04-25,20.4727
2002-04-26,20.4705
2002-04-27,20.4716
2002-04-28,20.4749
2002-04-29,20.4691
2002-04-30,20.4555
2002-05-01,20.4391
2002-05-02,20.4192
2002-05-03,20.4123
2002-05-04,20.4104
2002-05-05,20.4086
2002-05-06,20.4086
2002-05-07,20.4006
2002-05-08,20.4050
2002-05-09,20.4033
2002-05-10,20.4033
2002-05-11,20.3975
2002-05-12,20.3939
2002-05-13,20.3957
2002-05-14,20.4050
2002-05-15,20.4028
2002-05-16,20.3961
2002-05-17,20.3892
2002-05-18,20.3746
2002-05-19,20.3596
2002-05-20,20.3509
2002-05-21,20.3479
2002-05-22,20.3443
2002-05-23,20.3540
2002-05-24,20.3563
2002-05-25,20.3649
2002-05-26,20.3731
2002-05-27,20.3677
2002-05-28,20.3522
2002-05-29,20.3489
2002-05-30,20.3551
2002-05-31,20.3625
2002-06-01,20.3791
2002-06-02,20.3873
2002-06-03,20.3909
2002-06-04,20.3832
2002-06-05,20.3642
2002-06-06,20.3497
2002-06-07,20.3409
2002-06-08,20.3340
2002-06-09,20.3136
2002-06-10,20.2868
2002-06-11,20.2769
2002-06-12,20.2834
2002-06-13,20.2859
2002-06-14,20.2812
2002-06-15,20.2808
2002-06-16,20.2826
2002-06-17,20.2896
2002-06-18,20.2902
2002-06-19,20.2919
2002-06-20,20.2838
2002-06-21,20.2808
2002-06-22,20.2871
2002-06-23,20.2840
2002-06-24,20.2684
2002-06-25,20.2519
2002-06-26,20.2416
2002-06-27,20.2351
2002-06-28,20.2381
2002-06-29,20.2430
2002-06-30,20.2480
2002-07-01,20.2447
2002-07-02,20.2466
2002-07-03,20.2463
2002-07-04,20.2454
2002-07-05,20.2303
2002-07-06,20.2320
2002-07-07,20.2426
2002-07-08,20.2481
2002-07-09,20.2486
2002-07-10,20.2438
2002-07-11,20.2361
2002-07-12,20.2282
2002-07-13,20.2287
2002-07-14,20.2310
2002-07-15,20.2379
2002-07-16,20.2371
2002-07-17,20.2264
2002-07-18,20.2185
2002-07-19,20.2146
2002-07-20,20.2180
2002-07-21,20.2249
2002-07-22,20.2250
2002-07-23,20.2359
2002-07-24,20.2363
2002-07-25,20.2324
2002-07-26,20.2332
2002-07-27,20.2448
2002-07-28,20.2618
2002-07-29,20.2719
2002-07-30,20.2904
2002-07-31,20.3138
2002-08-01,20.3186
2002-08-02,20.3255
2002-08-03,20.3265
2002-08-04,20.3283
2002-08-05,20.3268
2002-08-06,20.3248
2002-08-07,20.3252
2002-08-08,20.3134
2002-08-09,20.3200
2002-08-10,20.3222
2002-08-11,20.3219
2002-08-12,20.3211
2002-08-13,20.3082
2002-08-14,20.2884
2002-08-15,20.2761
2002-08-16,20.2638
2002-08-17,20.2491
2002-08-18,20.2393
2002-08-19,20.2391
2002-08-20,20.2360
2002-08-21,20.2330
2002-08-22,20.2288
2002-08-23,20.2321
2002-08-24,20.2330
2002-08-25,20.2273
2002-08-26,20.2319
2002-08-27,20.2432
2002-08-28,20.2493
2002-08-29,20.2409
2002-08-30,20.2301
2002-08-31,20.2260
2002-09-01,20.2186
2002-09-02,20.2211
2002-09-03,20.2317
2002-09-04,20.2499
2002-09-05,20.2584
2002-09-06,20.2599
2002-09-07,20.2658
2002-09-08,20.2756
2002-09-09,20.2881
2002-09-10,20.2936
2002-09-11,20.2942
2002-09-12,20.2909
2002-09-13,20.2830
2002-09-14,20.2659
2002-09-15,20.2476
2002-09-16,20.2303
2002-09-17,20.2245
2002-09-18,20.2112
2002-09-19,20.2047
2002-09-20,20.2062
2002-09-21,20.2058
2002-09-22,20.1930
2002-09-23,20.1991
2002-09-24,20.2002
2002-09-25,20.1864
2002-09-26,20.1978
2002-09-27,20.2178
2002-09-28,20.2173
2002-09-29,20.2088
2002-09-30,20.2095
2002-10-01,20.2105
2002-10-02,20.2024
2002-10-03,20.1986
2002-10-04,20.1975
2002-10-05,20.1874
2002-10-06,20.1836
2002-10-07,20.1807
2002-10-08,20.1824
2002-10-09,20.1792
2002-10-10,20.1671
2002-10-11,20.1568
2002-10-12,20.1577
2002-10-13,20.1532
2002-10-14,20.1530
2002-10-15,20.1529
2002-10-16,20.1453
2002-10-17,20.1322
2002-10-18,20.1195
2002-10-19,20.1206
2002-10-20,20.1316
2002-10-21,20.1239
2002-10-22,20.1166
2002-10-23,20.1292
2002-10-24,20.1437
2002-10-25,20.1529
2002-10-26,20.1557
2002-10-27,20.1523
2002-10-28,20.1505
2002-10-29,20.1522
2002-10-30,20.1466
2002-10-31,20.1441
2002-11-01,20.1238
2002-11-02,20.0962
2002-11-03,20.0798
2002-11-04,20.0679
2002-11-05,20.0574
2002-11-06,20.0560
2002-11-07,20.0762
2002-11-08,20.0879
2002-11-09,20.0890
2002-11-10,20.0815
2002-11-11,20.0793
2002-11-12,20.0804
2002-11-13,20.0767
2002-11-14,20.0770
2002-11-15,20.0653
2002-11-16,20.0569
2002-11-17,20.0680
2002-11-18,20.0679
2002-11-19,20.0718
2002-11-20,20.0695
2002-11-21,20.0668
2002-11-22,20.0692
2002-11-23,20.0778
2002-11-24,20.0746
2002-11-25,20.0727
2002-11-26,20.0726
2002-11-27,20.0810
2002-11-28,20.1010
2002-11-29,20.1248
2002-11-30,20.1225
2002-12-01,20.1032
2002-12-02,20.0984
2002-12-03,20.1120
2002-12-04,20.1295
2002-12-05,20.1492
2002-12-06,20.1653
2002-12-07,20.1655
2002-12-08,20.1627
2002-12-09,20.1637
2002-12-10,20.1558
2002-12-11,20.1488
2002-12-12,20.1441
2002-12-13,20.1485
2002-12-14,20.1705
2002-12-15,20.1903
2002-12-16,20.2097
2002-12-17,20.2133
2002-12-18,20.2025
2002-12-19,20.1833
2002-12-20,20.1740
2002-12-21,20.1664
2002-12-22,20.1671
2002-12-23,20.1824
2002-12-24,20.1998
2002-12-25,20.2071
2002-12-26,20.2125
2002-12-27,20.2218
2002-12-28,20.2202
2002-12-29,20.2201
2002-12-30,20.2122
2002-12-31,20.2147
2003-01-01,20.2446
2003-01-02,20.2604
2003-01-03,20.2664
2003-01-04,20.2629
2003-01-05,20.2689
2003-01-06,20.2701
2003-01-07,20.2754
2003-01-08,20.2779
2003-01-09,20.2841
2003-01-10,20.2887
2003-01-11,20.2956
2003-01-12,20.3116
2003-01-13,20.3239
2003-01-14,20.3335
2003-01-15,20.3408
2003-01-16,20.3345
2003-01-17,20.3301
2003-01-18,20.3381
2003-01-19,20.3341
2003-01-20,20.3336
2003-01-21,20.3312
2003-01-22,20.3400
2003-01-23,20.3423
2003-01-24,20.3303
2003-01-25,20.3304
2003-01-26,20.3255
2003-01-27,20.3177
2003-01-28,20.3204
2003-01-29,20.3252
2003-01-30,20.3268
2003-01-31,20.3325
2003-02-01,20.3448
2003-02-02,20.3500
2003-02-03,20.3611
2003-02-04,20.3696
2003-02-05,20.3809
2003-02-06,20.3896
2003-02-07,20.3971
2003-02-08,20.4155
2003-02-09,20.4357
2003-02-10,20.4576
2003-02-11,20.4720
2003-02-12,20.4850
2003-02-13,20.4993
2003-02-14,20.5010
2003-02-15,20.5056
2003-02-16,20.5196
2003-02-17,20.5217
2003-02-18,20.5240
2003-02-19,20.5221
2003-02-20,20.5161
2003-02-21,20.5142
2003-02-22,20.5080
2003-02-23,20.5054
2003-02-24,20.5104
2003-02-25,20.5084
2003-02-26,20.5106
2003-02-27,20.5149
2003-02-28,20.5120
2003-03-01,20.5046
2003-03-02,20.4971
2003-03-03,20.4932
2003-03-04,20.4902
2003-03-05,20.4880
2003-03-06,20.4834
2003-03-07,20.4862
2003-03-08,20.4849
2003-03-09,20.4926
2003-03-10,20.5082
2003-03-11,20.5142
2003-03-12,20.5212
2003-03-13,20.5169
2003-03-14,20.5080
2003-03-15,20.5109
2003-03-16,20.5334
2003-03-17,20.5479
2003-03-18,20.5538
2003-03-19,20.5485
2003-03-20,20.5442
2003-03-21,20.5611
2003-03-22,20.5735
2003-03-23,20.5919
2003-03-24,20.6088
2003-03-25,20.6216
2003-03-26,20.6311
2003-03-27,20.6300
2003-03-28,20.6243
2003-03-29,20.6120
2003-03-30,20.5925
2003-03-31,20.5699
2003-04-01,20.5507
2003-04-02,20.5279
2003-04-03,20.5292
2003-04-04,20.5307
2003-04-05,20.5269
2003-04-06,20.5170
2003-04-07,20.4963
2003-04-08,20.4725
2003-04-09,20.4571
2003-04-10,20.4503
2003-04-11,20.4480
2003-04-12,20.4471
2003-04-13,20.4351
2003-04-14,20.4234
2003-04-15,20.4124
2003-04-16,20.4160
2003-04-17,20.4188
2003-04-18,20.4165
2003-04-19,20.4259
2003-04-20,20.4373
2003-04-21,20.4363
2003-04-22,20.4403
2003-04-23,20.4349
2003-04-24,20.4380
2003-04-25,20.4441
2003-04-26,20.4479
2003-04-27,20.4562
2003-04-28,20.4561
2003-04-29,20.4595
2003-04-30,20.4622
2003-05-01,20.4413
2003-05-02,20.4290
2003-05-03,20.4169
2003-05-04,20.4002
2003-05-05,20.3894
2003-05-06,20.3903
2003-05-07,20.3939
2003-05-08,20.3972
2003-05-09,20.3928
2003-05-10,20.3881
2003-05-11,20.3894
2003-05-12,20.3813
2003-05-13,20.3656
2003-05-14,20.3526
2003-05-15,20.3473
2003-05-16,20.3377
2003-05-17,20.3321
2003-05-18,20.3276
2003-05-19,20.3186
2003-05-20,20.3121
2003-05-21,20.3145
2003-05-22,20.3193
2003-05-23,20.3282
2003-05-24,20.3296
2003-05-25,20.3279
2003-05-26,20.3212
2003-05-27,20.2997
2003-05-28,20.2893
2003-05-29,20.2793
2003-05-30,20.2679
2003-05-31,20.2656
2003-06-01,20.2631
2003-06-02,20.2649
2003-06-03,20.2674
2003-06-04,20.2763
2003-06-05,20.2730
2003-06-06,20.2640
2003-06-07,20.2599
2003-06-08,20.2587
2003-06-09,20.2598
2003-06-10,20.2530
2003-06-11,20.2454
2003-06-12,20.2546
2003-06-13,20.2641
2003-06-14,20.2696
2003-06-15,20.2654
2003-06-16,20.2599
2003-06-17,20.2585
2003-06-18,20.2569
2003-06-19,20.2618
2003-06-20,20.2636
2003-06-21,20.2676
2003-06-22,20.2761
2003-06-23,20.2805
2003-06-24,20.2705
2003-06-25,20.2644
2003-06-26,20.2643
2003-06-27,20.2648
2003-06-28,20.2723
2003-06-29,20.2778
2003-06-30,20.2939
2003-07-01,20.3052
2003-07-02,20.3095
2003-07-03,20.3205
2003-07-04,20.3282
2003-07-05,20.3430
2003-07-06,20.3423
2003-07-07,20.3416
2003-07-08,20.3378
2003-07-09,20.3321
2003-07-10,20.3339
2003-07-11,20.3326
2003-07-12,20.3410
2003-07-13,20.3529
2003-07-14,20.3577
2003-07-15,20.3478
2003-07-16,20.3490
2003-07-17,20.3457
2003-07-18,20.3440
2003-07-19,20.3497
2003-07-20,20.3509
2003-07-21,20.3406
2003-07-22,20.3327
2003-07-23,20.3178
2003-07-24,20.3060
2003-07-25,20.3034
2003-07-26,20.3138
2003-07-27,20.3218
2003-07-28,20.3256
2003-07-29,20.3391
2003-07-30,20.3438
2003-07-31,20.3352
2003-08-01,20.3275
2003-08-02,20.3310
2003-08-03,20.3307
2003-08-04,20.3296
2003-08-05,20.3381
2003-08-06,20.3592
2003-08-07,20.3737
2003-08-08,20.3761
2003-08-09,20.3765
2003-08-10,20.3843
2003-08-11,20.3920
2003-08-12,20.4001
2003-08-13,20.4080
2003-08-14,20.4203
2003-08-15,20.4271
2003-08-16,20.4402
2003-08-17,20.4513
2003-08-18,20.4589
2003-08-19,20.4642
2003-08-20,20.4597
2003-08-21,20.4380
2003-08-22,20.4188
2003-08-23,20.4069
2003-08-24,20.3927
2003-08-25,20.3835
2003-08-26,20.3798
2003-08-27,20.3838
2003-08-28,20.3824
2003-08-29,20.3822
2003-08-30,20.3978
2003-08-31,20.4113
2003-09-01,20.4098
2003-09-02,20.4082
2003-09-03,20.4028
2003-09-04,20.3961
2003-09-05,20.3879
2003-09-06,20.3723
2003-09-07,20.3633
2003-09-08,20.3591
2003-09-09,20.3684
2003-09-10,20.3824
2003-09-11,20.3887
2003-09-12,20.3932
2003-09-13,20.3849
2003-09-14,20.3813
2003-09-15,20.3687
2003-09-16,20.3556
2003-09-17,20.3470
2003-09-18,20.3430
2003-09-19,20.3460
2003-09-20,20.3576
2003-09-21,20.3511
2003-09-22,20.3270
2003-09-23,20.3196
2003-09-24,20.3213
2003-09-25,20.3308
2003-09-26,20.3363
2003-09-27,20.3431
2003-09-28,20.3513
2003-09-29,20.3535
2003-09-30,20.3502
2003-10-01,20.3583
2003-10-02,20.3708
2003-10-03,20.3811
2003-10-04,20.3883
2003-10-05,20.3861
2003-10-06,20.3734
2003-10-07,20.3445
2003-10-08,20.3208
2003-10-09,20.3082
2003-10-10,20.2969
2003-10-11,20.2807
2003-10-12,20.2624
2003-10-13,20.2465
2003-10-14,20.2384
2003-10-15,20.2292
2003-10-16,20.2216
2003-10-17,20.2154
2003-10-18,20.2034
2003-10-19,20.2077
2003-10-20,20.2117
2003-10-21,20.2311
2003-10-22,20.2467
2003-10-23,20.2583
2003-10-24,20.2633
2003-10-25,20.2646
2003-10-26,20.2498
2003-10-27,20.2389
2003-10-28,20.2257
2003-10-29,20.2203
2003-10-30,20.2149
2003-10-31,20.2001
2003-11-01,20.1799
2003-11-02,20.1749
2003-11-03,20.1685
2003-11-04,20.1537
2003-11-05,20.1412
2003-11-06,20.1384
2003-11-07,20.1458
2003-11-08,20.1532
2003-11-09,20.1595
2003-11-10,20.1652
2003-11-11,20.1548
2003-11-12,20.1489
2003-11-13,20.1382
2003-11-14,20.1418
2003-11-15,20.1294
2003-11-16,20.1172
2003-11-17,20.1204
2003-11-18,20.1261
2003-11-19,20.1279
2003-11-20,20.1269
2003-11-21,20.1382
2003-11-22,20.1538
2003-11-23,20.1655
2003-11-24,20.1733
2003-11-25,20.1775
2003-11-26,20.1865
2003-11-27,20.1950
2003-11-28,20.2049
2003-11-29,20.1921
2003-11-30,20.1682
2003-12-01,20.1565
2003-12-02,20.1509
2003-12-03,20.1449
2003-12-04,20.1453
2003-12-05,20.1513
2003-12-06,20.1528
2003-12-07,20.1601
2003-12-08,20.1676
2003-12-09,20.1691
2003-12-10,20.1773
2003-12-11,20.1805
2003-12-12,20.1804
2003-12-13,20.1894
2003-12-14,20.1851
2003-12-15,20.1863
2003-12-16,20.1707
2003-12-17,20.1617
2003-12-18,20.1694
2003-12-19,20.1730
2003-12-20,20.1724
2003-12-21,20.1680
2003-12-22,20.1687
2003-12-23,20.1797
2003-12-24,20.1942
2003-12-25,20.2097
2003-12-26,20.2291
2003-12-27,20.2390
2003-12-28,20.2417
2003-12-29,20.2403
2003-12-30,20.2398
2003-12-31,20.2308
2004-01-01,20.2226
2004-01-02,20.2215
2004-01-03,20.2328
2004-01-04,20.2597
2004-01-05,20.2718
2004-01-06,20.2560
2004-01-07,20.2507
2004-01-08,20.2504
2004-01-09,20.2467
2004-01-10,20.2487
2004-01-11,20.2686
2004-01-12,20.2846
2004-01-13,20.2930
2004-01-14,20.2949
2004-01-15,20.3021
2004-01-16,20.3033
2004-01-17,20.3132
2004-01-18,20.3303
2004-01-19,20.3394
2004-01-20,20.3596
2004-01-21,20.3593
2004-01-22,20.3607
2004-01-23,20.3600
2004-01-24,20.3632
2004-01-25,20.3842
2004-01-26,20.4049
2004-01-27,20.4240
2004-01-28,20.4320
2004-01-29,20.4371
2004-01-30,20.4424
2004-01-31,20.4352
2004-02-01,20.4359
2004-02-02,20.4318
2004-02-03,20.4466
2004-02-04,20.4573
2004-02-05,20.4641
2004-02-06,20.4745
2004-02-07,20.4842
2004-02-08,20.4892
2004-02-09,20.4854
2004-02-10,20.4831
2004-02-11,20.4795
2004-02-12,20.4804
2004-02-13,20.4778
2004-02-14,20.4777
2004-02-15,20.4812
2004-02-16,20.4854
2004-02-17,20.4714
2004-02-18,20.4698
2004-02-19,20.4675
2004-02-20,20.4626
2004-02-21,20.4637
2004-02-22,20.4814
2004-02-23,20.4910
2004-02-24,20.5020
2004-02-25,20.5142
2004-02-26,20.5067
2004-02-27,20.5109
2004-02-28,20.5049
2004-02-29,20.4946
2004-03-01,20.4924
2004-03-02,20.4907
2004-03-03,20.5056
2004-03-04,20.5032
2004-03-05,20.4837
2004-03-06,20.4793
2004-03-07,20.4657
2004-03-08,20.4524
2004-03-09,20.4521
2004-03-10,20.4550
2004-03-11,20.4699
2004-03-12,20.4901
2004-03-13,20.5123
2004-03-14,20.5274
2004-03-15,20.5309
2004-03-16,20.5379
2004-03-17,20.5366
2004-03-18,20.5264
2004-03-19,20.5318
2004-03-20,20.5280
2004-03-21,20.5387
2004-03-22,20.5356
2004-03-23,20.5138
2004-03-24,20.4941
2004-03-25,20.4862
2004-03-26,20.4881
2004-03-27,20.4994
2004-03-28,20.5226
2004-03-29,20.5233
2004-03-30,20.5195
2004-03-31,20.5203
2004-04-01,20.5231
2004-04-02,20.5244
2004-04-03,20.5223
2004-04-04,20.5296
2004-04-05,20.5340
2004-04-06,20.5356
2004-04-07,20.5255
2004-04-08,20.5243
2004-04-09,20.5345
2004-04-10,20.5314
2004-04-11,20.5265
2004-04-12,20.5190
2004-04-13,20.5070
2004-04-14,20.5117
2004-04-15,20.5158
2004-04-16,20.5161
2004-04-17,20.5059
2004-04-18,20.4912
2004-04-19,20.4738
2004-04-20,20.4666
2004-04-21,20.4699
2004-04-22,20.4665
2004-04-23,20.4604
2004-04-24,20.4518
2004-04-25,20.4372
2004-04-26,20.4124
2004-04-27,20.3872
2004-04-28,20.3819
2004-04-29,20.3733
2004-04-30,20.3625
2004-05-01,20.3670
2004-05-02,20.3730
2004-05-03,20.3620
2004-05-04,20.3499
2004-05-05,20.3278
2004-05-06,20.3084
2004-05-07,20.3055
2004-05-08,20.3084
2004-05-09,20.3089
2004-05-10,20.3107
2004-05-11,20.3118
2004-05-12,20.2982
2004-05-13,20.2810
2004-05-14,20.2641
2004-05-15,20.2745
2004-05-16,20.2971
2004-05-17,20.3081
2004-05-18,20.3115
2004-05-19,20.3195
2004-05-20,20.3141
2004-05-21,20.2896
2004-05-22,20.2825
2004-05-23,20.2957
2004-05-24,20.3141
2004-05-25,20.3284
2004-05-26,20.3262
2004-05-27,20.3251
2004-05-28,20.3450
2004-05-29,20.3429
2004-05-30,20.3283
2004-05-31,20.3162
2004-06-01,20.2998
2004-06-02,20.2829
2004-06-03,20.2677
2004-06-04,20.2614
2004-06-05,20.2481
2004-06-06,20.2295
2004-06-07,20.2262
2004-06-08,20.2107
2004-06-09,20.1932
2004-06-10,20.1860
2004-06-11,20.1861
2004-06-12,20.1802
2004-06-13,20.1867
2004-06-14,20.1953
2004-06-15,20.1950
2004-06-16,20.1879
2004-06-17,20.1664
2004-06-18,20.1555
2004-06-19,20.1504
2004-06-20,20.1504
2004-06-21,20.1597
2004-06-22,20.1619
2004-06-23,20.1552
2004-06-24,20.1505
2004-06-25,20.1558
2004-06-26,20.1653
2004-06-27,20.1794
2004-06-28,20.1777
2004-06-29,20.1654
2004-06-30,20.1591
2004-07-01,20.1389
2004-07-02,20.1237
2004-07-03,20.1216
2004-07-04,20.1437
2004-07-05,20.1456
2004-07-06,20.1428
2004-07-07,20.1494
2004-07-08,20.1516
2004-07-09,20.1567
2004-07-10,20.1724
2004-07-11,20.1923
2004-07-12,20.1958
2004-07-13,20.1969
2004-07-14,20.1995
2004-07-15,20.2086
2004-07-16,20.2169
2004-07-17,20.2316
2004-07-18,20.2308
2004-07-19,20.2327
2004-07-20,20.2369
2004-07-21,20.2490
2004-07-22,20.2585
2004-07-23,20.2743
2004-07-24,20.2868
2004-07-25,20.3060
2004-07-26,20.3154
2004-07-27,20.3209
2004-07-28,20.3389
2004-07-29,20.3464
2004-07-30,20.3573
2004-07-31,20.3560
2004-08-01,20.3508
2004-08-02,20.3532
2004-08-03,20.3488
2004-08-04,20.3471
2004-08-05,20.3446
2004-08-06,20.3414
2004-08-07,20.3487
2004-08-08,20.3665
2004-08-09,20.3846
2004-08-10,20.3966
2004-08-11,20.3964
2004-08-12,20.3761
2004-08-13,20.3472
2004-08-14,20.3333
2004-08-15,20.3216
2004-08-16,20.3172
2004-08-17,20.3112
2004-08-18,20.2983
2004-08-19,20.2947
2004-08-20,20.2918
2004-08-21,20.2950
2004-08-22,20.3090
2004-08-23,20.3223
2004-08-24,20.3303
2004-08-25,20.3348
2004-08-26,20.3321
2004-08-27,20.3223
2004-08-28,20.3325
2004-08-29,20.3528
2004-08-30,20.3688
2004-08-31,20.3766
2004-09-01,20.3854
2004-09-02,20.3903
2004-09-03,20.3823
2004-09-04,20.3722
2004-09-05,20.3555
2004-09-06,20.3534
2004-09-07,20.3360
2004-09-08,20.3294
2004-09-09,20.3255
2004-09-10,20.3180
2004-09-11,20.3146
2004-09-12,20.3039
2004-09-13,20.2778
2004-09-14,20.2622
2004-09-15,20.2509
2004-09-16,20.2608
2004-09-17,20.2702
2004-09-18,20.2751
2004-09-19,20.2831
2004-09-20,20.2782
2004-09-21,20.2598
2004-09-22,20.2549
2004-09-23,20.2565
2004-09-24,20.2642
2004-09-25,20.2648
2004-09-26,20.2583
2004-09-27,20.2484
2004-09-28,20.2427
2004-09-29,20.2271
2004-09-30,20.2293
2004-10-01,20.2360
2004-10-02,20.2416
2004-10-03,20.2398
2004-10-04,20.2323
2004-10-05,20.2158
2004-10-06,20.1925
2004-10-07,20.1717
2004-10-08,20.1521
2004-10-09,20.1448
2004-10-10,20.1442
2004-10-11,20.1396
2004-10-12,20.1232
2004-10-13,20.1096
2004-10-14,20.1135
2004-10-15,20.1265
2004-10-16,20.1384
2004-10-17,20.1548
2004-10-18,20.1643
2004-10-19,20.1721
2004-10-20,20.1661
2004-10-21,20.1634
2004-10-22,20.1559
2004-10-23,20.1459
2004-10-24,20.1591
2004-10-25,20.1690
2004-10-26,20.1592
2004-10-27,20.1509
2004-10-28,20.1428
2004-10-29,20.1453
2004-10-30,20.1301
2004-10-31,20.1230
2004-11-01,20.1171
2004-11-02,20.1200
2004-11-03,20.1086
2004-11-04,20.1092
2004-11-05,20.1120
2004-11-06,20.1141
2004-11-07,20.1276
2004-11-08,20.1325
2004-11-09,20.1377
2004-11-10,20.1401
2004-11-11,20.1409
2004-11-12,20.1361
2004-11-13,20.1249
2004-11-14,20.1205
2004-11-15,20.1141
2004-11-16,20.1062
2004-11-17,20.0985
2004-11-18,20.0934
2004-11-19,20.0912
2004-11-20,20.0918
2004-11-21,20.0941
2004-11-22,20.0930
2004-11-23,20.0802
2004-11-24,20.0856
2004-11-25,20.0984
2004-11-26,20.1098
2004-11-27,20.1196
2004-11-28,20.1290
2004-11-29,20.1304
2004-11-30,20.1224
2004-12-01,20.1272
2004-12-02,20.1410
2004-12-03,20.1504
2004-12-04,20.1622
2004-12-05,20.1643
2004-12-06,20.1640
2004-12-07,20.1504
2004-12-08,20.1365
2004-12-09,20.1266
2004-12-10,20.1010
2004-12-11,20.0915
2004-12-12,20.0994
2004-12-13,20.1114
2004-12-14,20.1161
2004-12-15,20.1181
2004-12-16,20.1211
2004-12-17,20.1334
2004-12-18,20.1341
2004-12-19,20.1423
2004-12-20,20.1568
2004-12-21,20.1646
2004-12-22,20.1796
2004-12-23,20.1874
2004-12-24,20.1962
2004-12-25,20.2041
2004-12-26,20.2104
2004-12-27,20.2171
2004-12-28,20.2196
2004-12-29,20.2223
2004-12-30,20.2265
2004-12-31,20.2362
2005-01-01,20.2789
2005-01-02,20.2857
2005-01-03,20.2885
2005-01-04,20.2904
2005-01-05,20.3013
2005-01-06,20.3141
2005-01-07,20.3287
2005-01-08,20.3369
2005-01-09,20.3390
2005-01-10,20.3512
2005-01-11,20.3699
2005-01-12,20.3838
2005-01-13,20.3844
2005-01-14,20.3815
2005-01-15,20.3847
2005-01-16,20.3975
2005-01-17,20.3945
2005-01-18,20.3908
2005-01-19,20.3847
2005-01-20,20.3899
2005-01-21,20.3994
2005-01-22,20.4126
2005-01-23,20.4318
2005-01-24,20.4519
2005-01-25,20.4770
2005-01-26,20.4886
2005-01-27,20.4805
2005-01-28,20.4700
2005-01-29,20.4592
2005-01-30,20.4512
2005-01-31,20.4569
2005-02-01,20.4523
2005-02-02,20.4497
2005-02-03,20.4462
2005-02-04,20.4438
2005-02-05,20.4620
2005-02-06,20.4816
2005-02-07,20.4902
2005-02-08,20.4977
2005-02-09,20.5102
2005-02-10,20.5276
2005-02-11,20.5474
2005-02-12,20.5550
2005-02-13,20.5542
2005-02-14,20.5499
2005-02-15,20.5585
2005-02-16,20.5551
2005-02-17,20.5524
2005-02-18,20.5382
2005-02-19,20.5278
2005-02-20,20.5434
2005-02-21,20.5653
2005-02-22,20.5757
2005-02-23,20.5765
2005-02-24,20.5816
2005-02-25,20.5857
2005-02-26,20.5906
2005-02-27,20.5909
2005-02-28,20.5814
2005-03-01,20.5649
2005-03-02,20.5562
2005-03-03,20.5485
2005-03-04,20.5313
2005-03-05,20.5227
2005-03-06,20.5275
2005-03-07,20.5278
2005-03-08,20.5165
2005-03-09,20.5079
2005-03-10,20.5061
2005-03-11,20.5102
2005-03-12,20.5173
2005-03-13,20.5339
2005-03-14,20.5456
2005-03-15,20.5472
2005-03-16,20.5479
2005-03-17,20.5494
2005-03-18,20.5603
2005-03-19,20.5865
2005-03-20,20.6099
2005-03-21,20.6236
2005-03-22,20.6370
2005-03-23,20.6410
2005-03-24,20.6329
2005-03-25,20.6235
2005-03-26,20.6206
2005-03-27,20.6071
2005-03-28,20.6012
2005-03-29,20.5989
2005-03-30,20.5789
2005-03-31,20.5764
2005-04-01,20.5654
2005-04-02,20.5492
2005-04-03,20.5402
2005-04-04,20.5422
2005-04-05,20.5478
2005-04-06,20.5371
2005-04-07,20.5128
2005-04-08,20.4958
2005-04-09,20.4900
2005-04-10,20.4838
2005-04-11,20.4777
2005-04-12,20.4713
2005-04-13,20.4770
2005-04-14,20.4757
2005-04-15,20.4734
2005-04-16,20.4754
2005-04-17,20.4792
2005-04-18,20.4904
2005-04-19,20.4966
2005-04-20,20.5042
2005-04-21,20.5260
2005-04-22,20.5408
2005-04-23,20.5489
2005-04-24,20.5647
2005-04-25,20.5664
2005-04-26,20.5621
2005-04-27,20.5665
2005-04-28,20.5686
2005-04-29,20.5588
2005-04-30,20.5516
2005-05-01,20.5366
2005-05-02,20.5184
2005-05-03,20.5057
2005-05-04,20.5061
2005-05-05,20.5117
2005-05-06,20.5156
2005-05-07,20.5114
2005-05-08,20.5002
2005-05-09,20.4811
2005-05-10,20.4772
2005-05-11,20.4742
2005-05-12,20.4669
2005-05-13,20.4563
2005-05-14,20.4511
2005-05-15,20.4491
2005-05-16,20.4259
2005-05-17,20.4179
2005-05-18,20.4269
2005-05-19,20.4290
2005-05-20,20.4332
2005-05-21,20.4314
2005-05-22,20.4334
2005-05-23,20.4466
2005-05-24,20.4501
2005-05-25,20.4540
2005-05-26,20.4485
2005-05-27,20.4527
2005-05-28,20.4640
2005-05-29,20.4582
2005-05-30,20.4524
2005-05-31,20.4416
2005-06-01,20.4363
2005-06-02,20.4235
2005-06-03,20.4073
2005-06-04,20.4104
2005-06-05,20.4110
2005-06-06,20.3896
2005-06-07,20.3642
2005-06-08,20.3436
2005-06-09,20.3253
2005-06-10,20.3023
2005-06-11,20.2817
2005-06-12,20.2694
2005-06-13,20.2615
2005-06-14,20.2650
2005-06-15,20.2830
2005-06-16,20.3022
2005-06-17,20.3239
2005-06-18,20.3533
2005-06-19,20.3747
2005-06-20,20.3925
2005-06-21,20.4098
2005-06-22,20.4126
2005-06-23,20.4108
2005-06-24,20.4130
2005-06-25,20.4075
2005-06-26,20.4094
2005-06-27,20.4090
2005-06-28,20.4076
2005-06-29,20.3980
2005-06-30,20.3782
2005-07-01,20.3570
2005-07-02,20.3482
2005-07-03,20.3503
2005-07-04,20.3469
2005-07-05,20.3515
2005-07-06,20.3539
2005-07-07,20.3488
2005-07-08,20.3421
2005-07-09,20.3486
2005-07-10,20.3752
2005-07-11,20.4024
2005-07-12,20.4040
2005-07-13,20.3936
2005-07-14,20.3888
2005-07-15,20.3892
2005-07-16,20.3959
2005-07-17,20.4101
2005-07-18,20.4141
2005-07-19,20.4114
2005-07-20,20.4175
2005-07-21,20.4152
2005-07-22,20.4046
2005-07-23,20.3890
2005-07-24,20.3870
2005-07-25,20.3896
2005-07-26,20.3959
2005-07-27,20.4042
2005-07-28,20.4163
2005-07-29,20.4233
2005-07-30,20.4269
2005-07-31,20.4335
2005-08-01,20.4216
2005-08-02,20.4130
2005-08-03,20.4059
2005-08-04,20.3989
2005-08-05,20.4048
2005-08-06,20.4262
2005-08-07,20.4394
2005-08-08,20.4545
2005-08-09,20.4489
2005-08-10,20.4441
2005-08-11,20.4467
2005-08-12,20.4585
2005-08-13,20.4634
2005-08-14,20.4762
2005-08-15,20.4773
2005-08-16,20.4859
2005-08-17,20.4882
2005-08-18,20.4808
2005-08-19,20.4666
2005-08-20,20.4731
2005-08-21,20.4934
2005-08-22,20.4965
2005-08-23,20.4791
2005-08-24,20.4820
2005-08-25,20.4867
2005-08-26,20.4917
2005-08-27,20.4885
2005-08-28,20.4717
2005-08-29,20.4633
2005-08-30,20.4663
2005-08-31,20.4596
2005-09-01,20.4584
2005-09-02,20.4554
2005-09-03,20.4381
2005-09-04,20.4283
2005-09-05,20.4234
2005-09-06,20.4215
2005-09-07,20.4079
2005-09-08,20.3900
2005-09-09,20.3799
2005-09-10,20.3653
2005-09-11,20.3582
2005-09-12,20.3570
2005-09-13,20.3563
2005-09-14,20.3575
2005-09-15,20.3645
2005-09-16,20.3672
2005-09-17,20.3657
2005-09-18,20.3682
2005-09-19,20.3733
2005-09-20,20.3766
2005-09-21,20.3701
2005-09-22,20.3696
2005-09-23,20.3721
2005-09-24,20.3616
2005-09-25,20.3466
2005-09-26,20.3300
2005-09-27,20.3099
2005-09-28,20.2951
2005-09-29,20.2876
2005-09-30,20.2859
2005-10-01,20.2946
2005-10-02,20.2991
2005-10-03,20.2892
2005-10-04,20.2761
2005-10-05,20.2676
2005-10-06,20.2540
2005-10-07,20.2483
2005-10-08,20.2462
2005-10-09,20.2506
2005-10-10,20.2517
2005-10-11,20.2430
2005-10-12,20.2317
2005-10-13,20.2200
2005-10-14,20.2128
2005-10-15,20.2339
2005-10-16,20.2383
2005-10-17,20.2468
2005-10-18,20.2448
2005-10-19,20.2488
2005-10-20,20.2423
2005-10-21,20.2386
2005-10-22,20.2307
2005-10-23,20.2382
2005-10-24,20.2397
2005-10-25,20.2320
2005-10-26,20.2114
2005-10-27,20.2036
2005-10-28,20.1884
2005-10-29,20.1682
2005-10-30,20.1536
2005-10-31,20.1318
2005-11-01,20.1194
2005-11-02,20.1032
2005-11-03,20.0957
2005-11-04,20.0730
2005-11-05,20.0693
2005-11-06,20.0868
2005-11-07,20.1003
2005-11-08,20.1066
2005-11-09,20.1221
2005-11-10,20.1369
2005-11-11,20.1580
2005-11-12,20.1647
2005-11-13,20.1549
2005-11-14,20.1389
2005-11-15,20.1263
2005-11-16,20.1246
2005-11-17,20.1363
2005-11-18,20.1300
2005-11-19,20.1267
2005-11-20,20.1333
2005-11-21,20.1226
2005-11-22,20.1056
2005-11-23,20.0933
2005-11-24,20.0976
2005-11-25,20.1022
2005-11-26,20.1039
2005-11-27,20.1217
2005-11-28,20.1319
2005-11-29,20.1276
2005-11-30,20.1272
2005-12-01,20.1258
2005-12-02,20.1343
2005-12-03,20.1263
2005-12-04,20.1252
2005-12-05,20.1325
2005-12-06,20.1381
2005-12-07,20.1433
2005-12-08,20.1337
2005-12-09,20.1216
2005-12-10,20.1229
2005-12-11,20.1218
2005-12-12,20.1230
2005-12-13,20.1376
2005-12-14,20.1485
2005-12-15,20.1626
2005-12-16,20.1846
2005-12-17,20.2053
2005-12-18,20.2279
2005-12-19,20.2314
2005-12-20,20.2137
2005-12-21,20.1945
2005-12-22,20.1793
2005-12-23,20.1819
2005-12-24,20.2087
2005-12-25,20.2459
2005-12-26,20.2676
2005-12-27,20.2809
2005-12-28,20.2767
2005-12-29,20.2786
2005-12-30,20.2697
2005-12-31,20.2726
2006-01-01,20.2908
2006-01-02,20.2836
2006-01-03,20.2760
2006-01-04,20.2732
2006-01-05,20.2670
2006-01-06,20.2569
2006-01-07,20.2531
2006-01-08,20.2585
2006-01-09,20.2621
2006-01-10,20.2572
2006-01-11,20.2533
2006-01-12,20.2625
2006-01-13,20.2715
2006-01-14,20.2846
2006-01-15,20.2931
2006-01-16,20.2988
2006-01-17,20.2919
2006-01-18,20.2816
2006-01-19,20.2768
2006-01-20,20.2749
2006-01-21,20.2624
2006-01-22,20.2623
2006-01-23,20.2670
2006-01-24,20.2899
2006-01-25,20.3036
2006-01-26,20.2990
2006-01-27,20.3067
2006-01-28,20.3230
2006-01-29,20.3480
2006-01-30,20.3616
2006-01-31,20.3671
2006-02-01,20.3586
2006-02-02,20.3501
2006-02-03,20.3463
2006-02-04,20.3522
2006-02-05,20.3718
2006-02-06,20.3888
2006-02-07,20.3960
2006-02-08,20.3996
2006-02-09,20.3950
2006-02-10,20.3883
2006-02-11,20.3908
2006-02-12,20.4180
2006-02-13,20.4329
2006-02-14,20.4588
2006-02-15,20.4665
2006-02-16,20.4748
2006-02-17,20.4829
2006-02-18,20.4872
2006-02-19,20.4916
2006-02-20,20.4940
2006-02-21,20.5032
2006-02-22,20.5050
2006-02-23,20.4853
2006-02-24,20.4853
2006-02-25,20.4999
2006-02-26,20.5191
2006-02-27,20.5364
2006-02-28,20.5382
2006-03-01,20.5300
2006-03-02,20.5315
2006-03-03,20.5355
2006-03-04,20.5427
2006-03-05,20.5418
2006-03-06,20.5122
2006-03-07,20.4943
2006-03-08,20.4907
2006-03-09,20.4945
2006-03-10,20.4800
2006-03-11,20.4717
2006-03-12,20.4616
2006-03-13,20.4518
2006-03-14,20.4433
2006-03-15,20.4306
2006-03-16,20.4249
2006-03-17,20.4240
2006-03-18,20.4327
2006-03-19,20.4451
2006-03-20,20.4516
2006-03-21,20.4462
2006-03-22,20.4436
2006-03-23,20.4414
2006-03-24,20.4422
2006-03-25,20.4456
2006-03-26,20.4646
2006-03-27,20.4809
2006-03-28,20.4925
2006-03-29,20.4870
2006-03-30,20.4793
2006-03-31,20.4757
2006-04-01,20.4842
2006-04-02,20.4865
2006-04-03,20.4810
2006-04-04,20.4756
2006-04-05,20.4839
2006-04-06,20.4908
2006-04-07,20.5046
2006-04-08,20.5144
2006-04-09,20.5132
2006-04-10,20.5154
2006-04-11,20.5250
2006-04-12,20.5237
2006-04-13,20.5207
2006-04-14,20.5258
2006-04-15,20.5222
2006-04-16,20.4999
2006-04-17,20.4750
2006-04-18,20.4650
2006-04-19,20.4684
2006-04-20,20.4658
2006-04-21,20.4492
2006-04-22,20.4460
2006-04-23,20.4367
2006-04-24,20.4335
2006-04-25,20.4193
2006-04-26,20.4064
2006-04-27,20.4042
2006-04-28,20.3997
2006-04-29,20.4090
2006-04-30,20.4206
2006-05-01,20.4149
2006-05-02,20.4055
2006-05-03,20.4117
2006-05-04,20.4111
2006-05-05,20.4198
2006-05-06,20.4228
2006-05-07,20.4235
2006-05-08,20.4237
2006-05-09,20.4216
2006-05-10,20.4274
2006-05-11,20.4339
2006-05-12,20.4481
2006-05-13,20.4605
2006-05-14,20.4784
2006-05-15,20.4789
2006-05-16,20.4607
2006-05-17,20.4433
2006-05-18,20.4203
2006-05-19,20.3922
2006-05-20,20.3832
2006-05-21,20.3845
2006-05-22,20.3897
2006-05-23,20.3893
2006-05-24,20.3802
2006-05-25,20.3853
2006-05-26,20.3730
2006-05-27,20.3686
2006-05-28,20.3643
2006-05-29,20.3567
2006-05-30,20.3444
2006-05-31,20.3292
2006-06-01,20.3385
2006-06-02,20.3583
2006-06-03,20.3623
2006-06-04,20.3594
2006-06-05,20.3548
2006-06-06,20.3545
2006-06-07,20.3519
2006-06-08,20.3393
2006-06-09,20.3361
2006-06-10,20.3378
2006-06-11,20.3361
2006-06-12,20.3228
2006-06-13,20.3137
2006-06-14,20.2952
2006-06-15,20.2800
2006-06-16,20.2822
2006-06-17,20.2888
2006-06-18,20.2978
2006-06-19,20.3078
2006-06-20,20.3062
2006-06-21,20.3133
2006-06-22,20.3174
2006-06-23,20.3193
2006-06-24,20.3225
2006-06-25,20.3265
2006-06-26,20.3237
2006-06-27,20.3173
2006-06-28,20.3224
2006-06-29,20.3225
2006-06-30,20.3025
2006-07-01,20.3034
2006-07-02,20.3102
2006-07-03,20.3063
2006-07-04,20.2943
2006-07-05,20.2901
2006-07-06,20.2818
2006-07-07,20.2712
2006-07-08,20.2623
2006-07-09,20.2732
2006-07-10,20.2702
2006-07-11,20.2616
2006-07-12,20.2504
2006-07-13,20.2455
2006-07-14,20.2464
2006-07-15,20.2711
2006-07-16,20.2855
2006-07-17,20.2994
2006-07-18,20.3059
2006-07-19,20.3075
2006-07-20,20.2981
2006-07-21,20.2852
2006-07-22,20.2873
2006-07-23,20.2921
2006-07-24,20.3012
2006-07-25,20.3074
2006-07-26,20.3116
2006-07-27,20.3179
2006-07-28,20.3274
2006-07-29,20.3443
2006-07-30,20.3531
2006-07-31,20.3686
2006-08-01,20.3693
2006-08-02,20.3566
2006-08-03,20.3422
2006-08-04,20.3329
2006-08-05,20.3347
2006-08-06,20.3415
2006-08-07,20.3470
2006-08-08,20.3435
2006-08-09,20.3309
2006-08-10,20.3273
2006-08-11,20.3375
2006-08-12,20.3450
2006-08-13,20.3608
2006-08-14,20.3793
2006-08-15,20.3875
2006-08-16,20.3867
2006-08-17,20.3837
2006-08-18,20.3831
2006-08-19,20.3820
2006-08-20,20.3746
2006-08-21,20.3818
2006-08-22,20.3917
2006-08-23,20.4057
2006-08-24,20.4235
2006-08-25,20.4341
2006-08-26,20.4375
2006-08-27,20.4431
2006-08-28,20.4440
2006-08-29,20.4467
2006-08-30,20.4414
2006-08-31,20.4331
2006-09-01,20.4219
2006-09-02,20.4005
2006-09-03,20.3897
2006-09-04,20.4088
2006-09-05,20.4190
2006-09-06,20.4235
2006-09-07,20.4193
2006-09-08,20.4115
2006-09-09,20.4124
2006-09-10,20.3999
2006-09-11,20.3769
2006-09-12,20.3640
2006-09-13,20.3543
2006-09-14,20.3402
2006-09-15,20.3436
2006-09-16,20.3447
2006-09-17,20.3514
2006-09-18,20.3583
2006-09-19,20.3603
2006-09-20,20.3584
2006-09-21,20.3488
2006-09-22,20.3441
2006-09-23,20.3328
2006-09-24,20.3258
2006-09-25,20.3216
2006-09-26,20.3302
2006-09-27,20.3262
2006-09-28,20.3160
2006-09-29,20.3181
2006-09-30,20.3208
2006-10-01,20.3263
2006-10-02,20.3146
2006-10-03,20.2946
2006-10-04,20.2796
2006-10-05,20.2532
2006-10-06,20.2314
2006-10-07,20.2185
2006-10-08,20.2085
2006-10-09,20.2092
2006-10-10,20.2072
2006-10-11,20.2084
2006-10-12,20.2050
2006-10-13,20.2061
2006-10-14,20.2111
2006-10-15,20.2160
2006-10-16,20.2230
2006-10-17,20.2173
2006-10-18,20.1968
2006-10-19,20.1928
2006-10-20,20.1953
2006-10-21,20.2000
2006-10-22,20.2013
2006-10-23,20.1913
2006-10-24,20.1847
2006-10-25,20.1830
2006-10-26,20.1786
2006-10-27,20.1728
2006-10-28,20.1627
2006-10-29,20.1588
2006-10-30,20.1559
2006-10-31,20.1556
2006-11-01,20.1578
2006-11-02,20.1621
2006-11-03,20.1715
2006-11-04,20.1743
2006-11-05,20.1812
2006-11-06,20.1918
2006-11-07,20.1868
2006-11-08,20.1816
2006-11-09,20.1818
2006-11-10,20.1795
2006-11-11,20.1742
2006-11-12,20.1780
2006-11-13,20.1775
2006-11-14,20.1794
2006-11-15,20.1821
2006-11-16,20.1849
2006-11-17,20.1879
2006-11-18,20.1915
2006-11-19,20.2052
2006-11-20,20.2130
2006-11-21,20.2230
2006-11-22,20.2346
2006-11-23,20.2366
2006-11-24,20.2459
2006-11-25,20.2548
2006-11-26,20.2602
2006-11-27,20.2544
2006-11-28,20.2484
2006-11-29,20.2377
2006-11-30,20.2354
2006-12-01,20.2245
2006-12-02,20.2165
2006-12-03,20.2077
2006-12-04,20.2090
2006-12-05,20.2022
2006-12-06,20.2161
2006-12-07,20.2132
2006-12-08,20.2141
2006-12-09,20.2293
2006-12-10,20.2496
2006-12-11,20.2555
2006-12-12,20.2636
2006-12-13,20.2728
2006-12-14,20.2681
2006-12-15,20.2680
2006-12-16,20.2906
2006-12-17,20.3033
2006-12-18,20.3080
2006-12-19,20.3029
2006-12-20,20.2936
2006-12-21,20.2883
2006-12-22,20.2882
2006-12-23,20.2883
2006-12-24,20.3024
2006-12-25,20.3214
2006-12-26,20.3268
2006-12-27,20.3249
2006-12-28,20.3288
2006-12-29,20.3304
2006-12-30,20.3459
2006-12-31,20.3326
2007-01-01,20.3260
2007-01-02,20.3220
2007-01-03,20.3132
2007-01-04,20.3044
2007-01-05,20.3012
2007-01-06,20.3082
2007-01-07,20.3188
2007-01-08,20.3340
2007-01-09,20.3431
2007-01-10,20.3440
2007-01-11,20.3454
2007-01-12,20.3554
2007-01-13,20.3674
2007-01-14,20.3736
2007-01-15,20.3805
2007-01-16,20.3760
2007-01-17,20.3723
2007-01-18,20.3746
2007-01-19,20.3806
2007-01-20,20.3780
2007-01-21,20.3813
2007-01-22,20.3959
2007-01-23,20.4062
2007-01-24,20.4254
2007-01-25,20.4502
2007-01-26,20.4631
2007-01-27,20.4623
2007-01-28,20.4524
2007-01-29,20.4443
2007-01-30,20.4563
2007-01-31,20.4789
2007-02-01,20.4882
2007-02-02,20.4950
2007-02-03,20.4933
2007-02-04,20.4919
2007-02-05,20.4949
2007-02-06,20.4898
2007-02-07,20.4850
2007-02-08,20.4903
2007-02-09,20.5019
2007-02-10,20.5096
2007-02-11,20.5192
2007-02-12,20.5285
2007-02-13,20.5373
2007-02-14,20.5418
2007-02-15,20.5492
2007-02-16,20.5488
2007-02-17,20.5410
2007-02-18,20.5362
2007-02-19,20.5394
2007-02-20,20.5495
2007-02-21,20.5633
2007-02-22,20.5721
2007-02-23,20.5786
2007-02-24,20.5772
2007-02-25,20.5731
2007-02-26,20.5645
2007-02-27,20.5664
2007-02-28,20.5605
2007-03-01,20.5492
2007-03-02,20.5437
2007-03-03,20.5433
2007-03-04,20.5551
2007-03-05,20.5612
2007-03-06,20.5567
2007-03-07,20.5454
2007-03-08,20.5445
2007-03-09,20.5399
2007-03-10,20.5319
2007-03-11,20.5451
2007-03-12,20.5496
2007-03-13,20.5559
2007-03-14,20.5625
2007-03-15,20.5665
2007-03-16,20.5697
2007-03-17,20.5658
2007-03-18,20.5508
2007-03-19,20.5321
2007-03-20,20.5202
2007-03-21,20.5132
2007-03-22,20.5107
2007-03-23,20.5200
2007-03-24,20.5223
2007-03-25,20.5105
2007-03-26,20.4966
2007-03-27,20.4870
2007-03-28,20.4764
2007-03-29,20.4691
2007-03-30,20.4630
2007-03-31,20.4604
2007-04-01,20.4705
2007-04-02,20.4811
2007-04-03,20.4908
2007-04-04,20.4970
2007-04-05,20.5058
2007-04-06,20.5108
2007-04-07,20.5086
2007-04-08,20.5094
2007-04-09,20.5172
2007-04-10,20.5228
2007-04-11,20.5193
2007-04-12,20.5103
2007-04-13,20.5031
2007-04-14,20.5016
2007-04-15,20.4887
2007-04-16,20.4743
2007-04-17,20.4682
2007-04-18,20.4636
2007-04-19,20.4507
2007-04-20,20.4405
2007-04-21,20.4400
2007-04-22,20.4528
2007-04-23,20.4524
2007-04-24,20.4417
2007-04-25,20.4355
2007-04-26,20.4273
2007-04-27,20.4104
2007-04-28,20.3921
2007-04-29,20.3812
2007-04-30,20.3762
2007-05-01,20.3725
2007-05-02,20.3747
2007-05-03,20.3715
2007-05-04,20.3665
2007-05-05,20.3645
2007-05-06,20.3698
2007-05-07,20.3630
2007-05-08,20.3551
2007-05-09,20.3517
2007-05-10,20.3432
2007-05-11,20.3412
2007-05-12,20.3444
2007-05-13,20.3357
2007-05-14,20.3260
2007-05-15,20.3220
2007-05-16,20.3233
2007-05-17,20.3405
2007-05-18,20.3541
2007-05-19,20.3586
2007-05-20,20.3552
2007-05-21,20.3546
2007-05-22,20.3536
2007-05-23,20.3490
2007-05-24,20.3423
2007-05-25,20.3345
2007-05-26,20.3215
2007-05-27,20.3026
2007-05-28,20.2946
2007-05-29,20.2871
2007-05-30,20.2841
2007-05-31,20.2800
2007-06-01,20.2818
2007-06-02,20.2798
2007-06-03,20.2824
2007-06-04,20.2841
2007-06-05,20.2778
2007-06-06,20.2768
2007-06-07,20.2868
2007-06-08,20.3017
2007-06-09,20.3194
2007-06-10,20.3408
2007-06-11,20.3600
2007-06-12,20.3650
2007-06-13,20.3637
2007-06-14,20.3730
2007-06-15,20.3656
2007-06-16,20.3639
2007-06-17,20.3555
2007-06-18,20.3431
2007-06-19,20.3291
2007-06-20,20.3140
2007-06-21,20.3094
2007-06-22,20.3158
2007-06-23,20.3229
2007-06-24,20.3283
2007-06-25,20.3332
2007-06-26,20.3242
2007-06-27,20.3054
2007-06-28,20.2851
2007-06-29,20.2712
2007-06-30,20.2661
2007-07-01,20.2672
2007-07-02,20.2738
2007-07-03,20.2866
2007-07-04,20.3009
2007-07-05,20.3110
2007-07-06,20.3171
2007-07-07,20.3167
2007-07-08,20.3050
2007-07-09,20.2832
2007-07-10,20.2704
2007-07-11,20.2608
2007-07-12,20.2576
2007-07-13,20.2536
2007-07-14,20.2474
2007-07-15,20.2527
2007-07-16,20.2632
2007-07-17,20.2672
2007-07-18,20.2622
2007-07-19,20.2577
2007-07-20,20.2529
2007-07-21,20.2498
2007-07-22,20.2476
2007-07-23,20.2443
2007-07-24,20.2537
2007-07-25,20.2627
2007-07-26,20.2791
2007-07-27,20.2889
2007-07-28,20.3011
2007-07-29,20.3211
2007-07-30,20.3249
2007-07-31,20.3146
2007-08-01,20.3018
2007-08-02,20.2926
2007-08-03,20.2953
2007-08-04,20.3031
2007-08-05,20.3034
2007-08-06,20.2943
2007-08-07,20.2879
2007-08-08,20.2833
2007-08-09,20.2828
2007-08-10,20.2858
2007-08-11,20.2874
2007-08-12,20.2943
2007-08-13,20.3016
2007-08-14,20.3091
2007-08-15,20.3097
2007-08-16,20.2928
2007-08-17,20.2693
2007-08-18,20.2529
2007-08-19,20.2379
2007-08-20,20.2365
2007-08-21,20.2451
2007-08-22,20.2580
2007-08-23,20.2727
2007-08-24,20.2772
2007-08-25,20.2824
2007-08-26,20.2902
2007-08-27,20.2872
2007-08-28,20.2907
2007-08-29,20.2932
2007-08-30,20.3039
2007-08-31,20.3196
2007-09-01,20.3340
2007-09-02,20.3462
2007-09-03,20.3515
2007-09-04,20.3517
2007-09-05,20.3494
2007-09-06,20.3464
2007-09-07,20.3453
2007-09-08,20.3443
2007-09-09,20.3469
2007-09-10,20.3385
2007-09-11,20.3260
2007-09-12,20.3153
2007-09-13,20.3137
2007-09-14,20.3089
2007-09-15,20.3045
2007-09-16,20.2996
2007-09-17,20.2842
2007-09-18,20.2697
2007-09-19,20.2601
2007-09-20,20.2581
2007-09-21,20.2554
2007-09-22,20.2414
2007-09-23,20.2286
2007-09-24,20.2166
2007-09-25,20.2070
2007-09-26,20.1942
2007-09-27,20.1805
2007-09-28,20.1579
2007-09-29,20.1383
2007-09-30,20.1333
2007-10-01,20.1348
2007-10-02,20.1392
2007-10-03,20.1498
2007-10-04,20.1610
2007-10-05,20.1631
2007-10-06,20.1666
2007-10-07,20.1678
2007-10-08,20.1693
2007-10-09,20.1642
2007-10-10,20.1620
2007-10-11,20.1664
2007-10-12,20.1714
2007-10-13,20.1662
2007-10-14,20.1583
2007-10-15,20.1465
2007-10-16,20.1353
2007-10-17,20.1361
2007-10-18,20.1317
2007-10-19,20.1357
2007-10-20,20.1276
2007-10-21,20.1119
2007-10-22,20.1037
2007-10-23,20.1038
2007-10-24,20.0986
2007-10-25,20.0865
2007-10-26,20.0736
2007-10-27,20.0596
2007-10-28,20.0452
2007-10-29,20.0343
2007-10-30,20.0265
2007-10-31,20.0182
2007-11-01,20.0061
2007-11-02,19.9904
2007-11-03,19.9774
2007-11-04,19.9740
2007-11-05,19.9870
2007-11-06,20.0035
2007-11-07,20.0120
2007-11-08,20.0234
2007-11-09,20.0260
2007-11-10,20.0226
2007-11-11,20.0128
2007-11-12,20.0072
2007-11-13,19.9979
2007-11-14,19.9774
2007-11-15,19.9626
2007-11-16,19.9570
2007-11-17,19.9468
2007-11-18,19.9352
2007-11-19,19.9285
2007-11-20,19.9293
2007-11-21,19.9296
2007-11-22,19.9337
2007-11-23,19.9427
2007-11-24,19.9506
2007-11-25,19.9497
2007-11-26,19.9498
2007-11-27,19.9473
2007-11-28,19.9393
2007-11-29,19.9392
2007-11-30,19.9522
2007-12-01,19.9658
2007-12-02,19.9761
2007-12-03,19.9882
2007-12-04,19.9908
2007-12-05,19.9790
2007-12-06,19.9670
2007-12-07,19.9621
2007-12-08,19.9611
2007-12-09,19.9747
2007-12-10,19.9815
2007-12-11,19.9880
2007-12-12,20.0040
2007-12-13,20.0170
2007-12-14,20.0197
2007-12-15,20.0164
2007-12-16,20.0060
2007-12-17,19.9999
2007-12-18,20.0165
2007-12-19,20.0240
2007-12-20,20.0264
2007-12-21,20.0252
2007-12-22,20.0218
2007-12-23,20.0265
2007-12-24,20.0394
2007-12-25,20.0460
2007-12-26,20.0503
2007-12-27,20.0584
2007-12-28,20.0553
2007-12-29,20.0591
2007-12-30,20.0589
2007-12-31,20.0717
2008-01-01,20.0653
2008-01-02,20.0581
2008-01-03,20.0438
2008-01-04,20.0356
2008-01-05,20.0498
2008-01-06,20.0660
2008-01-07,20.0866
2008-01-08,20.1118
2008-01-09,20.1328
2008-01-10,20.1439
2008-01-11,20.1394
2008-01-12,20.1389
2008-01-13,20.1503
2008-01-14,20.1570
2008-01-15,20.1676
2008-01-16,20.1690
2008-01-17,20.1678
2008-01-18,20.1651
2008-01-19,20.1801
2008-01-20,20.1884
2008-01-21,20.1869
2008-01-22,20.1866
2008-01-23,20.2020
2008-01-24,20.2227
2008-01-25,20.2418
2008-01-26,20.2592
2008-01-27,20.2733
2008-01-28,20.2947
2008-01-29,20.3198
2008-01-30,20.3400
2008-01-31,20.3445
2008-02-01,20.3497
2008-02-02,20.3480
2008-02-03,20.3400
2008-02-04,20.3371
2008-02-05,20.3288
2008-02-06,20.3209
2008-02-07,20.3129
2008-02-08,20.3097
2008-02-09,20.3052
2008-02-10,20.2995
2008-02-11,20.2847
2008-02-12,20.2837
2008-02-13,20.2888
2008-02-14,20.2988
2008-02-15,20.3103
2008-02-16,20.3279
2008-02-17,20.3434
2008-02-18,20.3561
2008-02-19,20.3633
2008-02-20,20.3749
2008-02-21,20.3730
2008-02-22,20.3719
2008-02-23,20.3691
2008-02-24,20.3614
2008-02-25,20.3670
2008-02-26,20.3835
2008-02-27,20.3942
2008-02-28,20.3898
2008-02-29,20.3934
2008-03-01,20.3935
2008-03-02,20.4001
2008-03-03,20.4044
2008-03-04,20.4102
2008-03-05,20.4175
2008-03-06,20.4200
2008-03-07,20.4328
2008-03-08,20.4337
2008-03-09,20.4374
2008-03-10,20.4452
2008-03-11,20.4474
2008-03-12,20.4385
2008-03-13,20.4348
2008-03-14,20.4366
2008-03-15,20.4378
2008-03-16,20.4436
2008-03-17,20.4389
2008-03-18,20.4328
2008-03-19,20.4193
2008-03-20,20.4110
2008-03-21,20.4096
2008-03-22,20.4039
2008-03-23,20.4197
2008-03-24,20.4355
2008-03-25,20.4423
2008-03-26,20.4315
2008-03-27,20.4234
2008-03-28,20.4203
2008-03-29,20.4243
2008-03-30,20.4319
2008-03-31,20.4406
2008-04-01,20.4439
2008-04-02,20.4474
2008-04-03,20.4524
2008-04-04,20.4442
2008-04-05,20.4335
2008-04-06,20.4137
2008-04-07,20.4139
2008-04-08,20.4236
2008-04-09,20.4255
2008-04-10,20.4334
2008-04-11,20.4275
2008-04-12,20.4260
2008-04-13,20.4252
2008-04-14,20.4031
2008-04-15,20.3797
2008-04-16,20.3554
2008-04-17,20.3429
2008-04-18,20.3457
2008-04-19,20.3383
2008-04-20,20.3377
2008-04-21,20.3451
2008-04-22,20.3468
2008-04-23,20.3404
2008-04-24,20.3388
2008-04-25,20.3394
2008-04-26,20.3423
2008-04-27,20.3421
2008-04-28,20.3360
2008-04-29,20.3215
2008-04-30,20.3086
2008-05-01,20.3016
2008-05-02,20.3032
2008-05-03,20.3065
2008-05-04,20.2921
2008-05-05,20.2885
2008-05-06,20.2983
2008-05-07,20.3039
2008-05-08,20.3037
2008-05-09,20.3095
2008-05-10,20.3168
2008-05-11,20.3270
2008-05-12,20.3356
2008-05-13,20.3423
2008-05-14,20.3360
2008-05-15,20.3420
2008-05-16,20.3545
2008-05-17,20.3776
2008-05-18,20.3951
2008-05-19,20.4041
2008-05-20,20.4017
2008-05-21,20.3927
2008-05-22,20.3825
2008-05-23,20.3775
2008-05-24,20.3731
2008-05-25,20.3626
2008-05-26,20.3480
2008-05-27,20.3338
2008-05-28,20.3182
2008-05-29,20.3098
2008-05-30,20.3033
2008-05-31,20.2965
2008-06-01,20.2915
2008-06-02,20.2778
2008-06-03,20.2857
2008-06-04,20.2813
2008-06-05,20.2706
2008-06-06,20.2632
2008-06-07,20.2462
2008-06-08,20.2275
2008-06-09,20.2199
2008-06-10,20.2152
2008-06-11,20.2252
2008-06-12,20.2240
2008-06-13,20.2298
2008-06-14,20.2373
2008-06-15,20.2327
2008-06-16,20.2384
2008-06-17,20.2389
2008-06-18,20.2387
2008-06-19,20.2421
2008-06-20,20.2531
2008-06-21,20.2647
2008-06-22,20.2691
2008-06-23,20.2649
2008-06-24,20.2651
2008-06-25,20.2667
2008-06-26,20.2610
2008-06-27,20.2565
2008-06-28,20.2497
2008-06-29,20.2426
2008-06-30,20.2449
2008-07-01,20.2502
2008-07-02,20.2523
2008-07-03,20.2583
2008-07-04,20.2685
2008-07-05,20.2778
2008-07-06,20.2905
2008-07-07,20.2988
2008-07-08,20.2970
2008-07-09,20.2894
2008-07-10,20.2871
2008-07-11,20.2985
2008-07-12,20.3086
2008-07-13,20.3183
2008-07-14,20.3171
2008-07-15,20.3246
2008-07-16,20.3275
2008-07-17,20.3308
2008-07-18,20.3248
2008-07-19,20.3194
2008-07-20,20.3174
2008-07-21,20.3167
2008-07-22,20.3199
2008-07-23,20.3203
2008-07-24,20.3177
2008-07-25,20.3218
2008-07-26,20.3214
2008-07-27,20.3385
2008-07-28,20.3421
2008-07-29,20.3433
2008-07-30,20.3368
2008-07-31,20.3321
2008-08-01,20.3378
2008-08-02,20.3399
2008-08-03,20.3479
2008-08-04,20.3684
2008-08-05,20.3888
2008-08-06,20.4009
2008-08-07,20.4052
2008-08-08,20.4054
2008-08-09,20.4008
2008-08-10,20.4022
2008-08-11,20.4006
2008-08-12,20.3940
2008-08-13,20.3852
2008-08-14,20.3992
2008-08-15,20.4120
2008-08-16,20.4112
2008-08-17,20.3971
2008-08-18,20.3723
2008-08-19,20.3588
2008-08-20,20.3477
2008-08-21,20.3456
2008-08-22,20.3375
2008-08-23,20.3314
2008-08-24,20.3338
2008-08-25,20.3392
2008-08-26,20.3450
2008-08-27,20.3477
2008-08-28,20.3568
2008-08-29,20.3579
2008-08-30,20.3557
2008-08-31,20.3506
2008-09-01,20.3454
2008-09-02,20.3462
2008-09-03,20.3518
2008-09-04,20.3593
2008-09-05,20.3635
2008-09-06,20.3703
2008-09-07,20.3797
2008-09-08,20.3820
2008-09-09,20.3785
2008-09-10,20.3716
2008-09-11,20.3661
2008-09-12,20.3716
2008-09-13,20.3817
2008-09-14,20.3914
2008-09-15,20.3961
2008-09-16,20.3978
2008-09-17,20.3894
2008-09-18,20.3749
2008-09-19,20.3599
2008-09-20,20.3518
2008-09-21,20.3421
2008-09-22,20.3222
2008-09-23,20.3116
2008-09-24,20.2946
2008-09-25,20.2840
2008-09-26,20.2705
2008-09-27,20.2568
2008-09-28,20.2459
2008-09-29,20.2498
2008-09-30,20.2529
2008-10-01,20.2623
2008-10-02,20.2718
2008-10-03,20.2721
2008-10-04,20.2744
2008-10-05,20.2758
2008-10-06,20.2672
2008-10-07,20.2631
2008-10-08,20.2575
2008-10-09,20.2572
2008-10-10,20.2538
2008-10-11,20.2541
2008-10-12,20.2525
2008-10-13,20.2577
2008-10-14,20.2661
2008-10-15,20.2605
2008-10-16,20.2556
2008-10-17,20.2476
2008-10-18,20.2478
2008-10-19,20.2420
2008-10-20,20.2407
2008-10-21,20.2396
2008-10-22,20.2288
2008-10-23,20.2085
2008-10-24,20.1863
2008-10-25,20.1682
2008-10-26,20.1517
2008-10-27,20.1451
2008-10-28,20.1349
2008-10-29,20.1242
2008-10-30,20.1222
2008-10-31,20.1299
2008-11-01,20.1335
2008-11-02,20.1450
2008-11-03,20.1503
2008-11-04,20.1444
2008-11-05,20.1422
2008-11-06,20.1404
2008-11-07,20.1444
2008-11-08,20.1429
2008-11-09,20.1355
2008-11-10,20.1213
2008-11-11,20.1135
2008-11-12,20.1064
2008-11-13,20.1017
2008-11-14,20.1019
2008-11-15,20.1085
2008-11-16,20.1103
2008-11-17,20.0934
2008-11-18,20.0746
2008-11-19,20.0693
2008-11-20,20.0611
2008-11-21,20.0500
2008-11-22,20.0418
2008-11-23,20.0368
2008-11-24,20.0428
2008-11-25,20.0549
2008-11-26,20.0641
2008-11-27,20.0664
2008-11-28,20.0700
2008-11-29,20.0683
2008-11-30,20.0667
2008-12-01,20.0785
2008-12-02,20.0860
2008-12-03,20.0919
2008-12-04,20.0920
2008-12-05,20.1051
2008-12-06,20.1133
2008-12-07,20.1211
2008-12-08,20.1208
2008-12-09,20.1237
2008-12-10,20.1236
2008-12-11,20.1158
2008-12-12,20.1249
2008-12-13,20.1376
2008-12-14,20.1412
2008-12-15,20.1337
2008-12-16,20.1388
2008-12-17,20.1495
2008-12-18,20.1698
2008-12-19,20.1763
2008-12-20,20.1760
2008-12-21,20.1601
2008-12-22,20.1490
2008-12-23,20.1463
2008-12-24,20.1552
2008-12-25,20.1622
2008-12-26,20.1655
2008-12-27,20.1784
2008-12-28,20.1973
2008-12-29,20.2173
2008-12-30,20.2296
2008-12-31,20.2530
2009-01-01,20.2768
2009-01-02,20.3002
2009-01-03,20.3224
2009-01-04,20.3357
2009-01-05,20.3400
2009-01-06,20.3393
2009-01-07,20.3410
2009-01-08,20.3435
2009-01-09,20.3444
2009-01-10,20.3352
2009-01-11,20.3222
2009-01-12,20.3122
2009-01-13,20.3036
2009-01-14,20.2849
2009-01-15,20.2684
2009-01-16,20.2586
2009-01-17,20.2479
2009-01-18,20.2445
2009-01-19,20.2486
2009-01-20,20.2652
2009-01-21,20.2814
2009-01-22,20.2981
2009-01-23,20.3059
2009-01-24,20.3016
2009-01-25,20.3016
2009-01-26,20.3010
2009-01-27,20.3021
2009-01-28,20.3125
2009-01-29,20.3289
2009-01-30,20.3483
2009-01-31,20.3616
2009-02-01,20.3599
2009-02-02,20.3653
2009-02-03,20.3697
2009-02-04,20.3704
2009-02-05,20.3667
2009-02-06,20.3484
2009-02-07,20.3358
2009-02-08,20.3306
2009-02-09,20.3341
2009-02-10,20.3502
2009-02-11,20.3672
2009-02-12,20.3766
2009-02-13,20.3733
2009-02-14,20.3744
2009-02-15,20.3859
2009-02-16,20.3822
2009-02-17,20.3845
2009-02-18,20.3864
2009-02-19,20.3968
2009-02-20,20.4079
2009-02-21,20.4189
2009-02-22,20.4337
2009-02-23,20.4450
2009-02-24,20.4574
2009-02-25,20.4700
2009-02-26,20.4841
2009-02-27,20.4854
2009-02-28,20.4867
2009-03-01,20.4797
2009-03-02,20.4666
2009-03-03,20.4486
2009-03-04,20.4249
2009-03-05,20.4132
2009-03-06,20.3984
2009-03-07,20.3925
2009-03-08,20.4027
2009-03-09,20.4153
2009-03-10,20.4275
2009-03-11,20.4297
2009-03-12,20.4354
2009-03-13,20.4314
2009-03-14,20.4251
2009-03-15,20.4309
2009-03-16,20.4403
2009-03-17,20.4531
2009-03-18,20.4669
2009-03-19,20.4791
2009-03-20,20.4878
2009-03-21,20.4864
2009-03-22,20.4952
2009-03-23,20.5107
2009-03-24,20.5237
2009-03-25,20.5276
2009-03-26,20.5289
2009-03-27,20.5363
2009-03-28,20.5442
2009-03-29,20.5366
2009-03-30,20.5261
2009-03-31,20.5149
2009-04-01,20.5079
2009-04-02,20.5073
2009-04-03,20.5087
2009-04-04,20.5129
2009-04-05,20.5288
2009-04-06,20.5504
2009-04-07,20.5585
2009-04-08,20.5525
2009-04-09,20.5457
2009-04-10,20.5533
2009-04-11,20.5508
2009-04-12,20.5416
2009-04-13,20.5308
2009-04-14,20.5178
2009-04-15,20.4964
2009-04-16,20.4917
2009-04-17,20.5002
2009-04-18,20.5103
2009-04-19,20.5171
2009-04-20,20.5213
2009-04-21,20.5214
2009-04-22,20.4944
2009-04-23,20.4659
2009-04-24,20.4486
2009-04-25,20.4419
2009-04-26,20.4338
2009-04-27,20.4236
2009-04-28,20.4147
2009-04-29,20.4093
2009-04-30,20.4090
2009-05-01,20.4082
2009-05-02,20.4062
2009-05-03,20.4096
2009-05-04,20.4155
2009-05-05,20.4140
2009-05-06,20.4232
2009-05-07,20.4334
2009-05-08,20.4352
2009-05-09,20.4348
2009-05-10,20.4307
2009-05-11,20.4231
2009-05-12,20.4242
2009-05-13,20.4308
2009-05-14,20.4161
2009-05-15,20.4015
2009-05-16,20.3954
2009-05-17,20.4018
2009-05-18,20.4089
2009-05-19,20.4167
2009-05-20,20.4232
2009-05-21,20.4356
2009-05-22,20.4509
2009-05-23,20.4611
2009-05-24,20.4642
2009-05-25,20.4726
2009-05-26,20.4730
2009-05-27,20.4659
2009-05-28,20.4516
2009-05-29,20.4489
2009-05-30,20.4507
2009-05-31,20.4554
2009-06-01,20.4499
2009-06-02,20.4500
2009-06-03,20.4516
2009-06-04,20.4445
2009-06-05,20.4433
2009-06-06,20.4295
2009-06-07,20.4254
2009-06-08,20.4344
2009-06-09,20.4471
2009-06-10,20.4611
2009-06-11,20.4760
2009-06-12,20.4767
2009-06-13,20.4768
2009-06-14,20.4738
2009-06-15,20.4762
2009-06-16,20.4785
2009-06-17,20.4839
2009-06-18,20.4949
2009-06-19,20.4933
2009-06-20,20.4901
2009-06-21,20.4917
2009-06-22,20.4860
2009-06-23,20.4820
2009-06-24,20.4842
2009-06-25,20.4886
2009-06-26,20.4915
2009-06-27,20.4963
2009-06-28,20.4998
2009-06-29,20.5061
2009-06-30,20.5117
2009-07-01,20.5262
2009-07-02,20.5375
2009-07-03,20.5452
2009-07-04,20.5431
2009-07-05,20.5350
2009-07-06,20.5173
2009-07-07,20.5111
2009-07-08,20.4931
2009-07-09,20.4790
2009-07-10,20.4669
2009-07-11,20.4573
2009-07-12,20.4525
2009-07-13,20.4438
2009-07-14,20.4387
2009-07-15,20.4296
2009-07-16,20.4268
2009-07-17,20.4311
2009-07-18,20.4359
2009-07-19,20.4388
2009-07-20,20.4559
2009-07-21,20.4717
2009-07-22,20.4795
2009-07-23,20.4800
2009-07-24,20.4862
2009-07-25,20.4890
2009-07-26,20.4812
2009-07-27,20.4741
2009-07-28,20.4762
2009-07-29,20.4742
2009-07-30,20.4657
2009-07-31,20.4673
2009-08-01,20.4623
2009-08-02,20.4642
2009-08-03,20.4654
2009-08-04,20.4600
2009-08-05,20.4608
2009-08-06,20.4625
2009-08-07,20.4643
2009-08-08,20.4738
2009-08-09,20.4726
2009-08-10,20.4793
2009-08-11,20.4846
2009-08-12,20.4845
2009-08-13,20.4918
2009-08-14,20.4961
2009-08-15,20.5016
2009-08-16,20.5011
2009-08-17,20.5031
2009-08-18,20.5017
2009-08-19,20.5028
2009-08-20,20.5005
2009-08-21,20.4995
2009-08-22,20.4965
2009-08-23,20.4927
2009-08-24,20.4811
2009-08-25,20.4698
2009-08-26,20.4590
2009-08-27,20.4592
2009-08-28,20.4597
2009-08-29,20.4655
2009-08-30,20.4535
2009-08-31,20.4490
2009-09-01,20.4500
2009-09-02,20.4488
2009-09-03,20.4396
2009-09-04,20.4316
2009-09-05,20.4222
2009-09-06,20.4139
2009-09-07,20.3937
2009-09-08,20.3706
2009-09-09,20.3606
2009-09-10,20.3534
2009-09-11,20.3582
2009-09-12,20.3599
2009-09-13,20.3609
2009-09-14,20.3647
2009-09-15,20.3683
2009-09-16,20.3676
2009-09-17,20.3632
2009-09-18,20.3527
2009-09-19,20.3494
2009-09-20,20.3461
2009-09-21,20.3460
2009-09-22,20.3578
2009-09-23,20.3629
2009-09-24,20.3550
2009-09-25,20.3486
2009-09-26,20.3437
2009-09-27,20.3284
2009-09-28,20.3040
2009-09-29,20.2859
2009-09-30,20.2841
2009-10-01,20.2873
2009-10-02,20.2939
2009-10-03,20.2942
2009-10-04,20.2963
2009-10-05,20.2975
2009-10-06,20.2919
2009-10-07,20.2918
2009-10-08,20.2837
2009-10-09,20.2588
2009-10-10,20.2478
2009-10-11,20.2458
2009-10-12,20.2589
2009-10-13,20.2732
2009-10-14,20.2929
2009-10-15,20.3128
2009-10-16,20.3318
2009-10-17,20.3418
2009-10-18,20.3323
2009-10-19,20.3147
2009-10-20,20.3033
2009-10-21,20.3087
2009-10-22,20.3130
2009-10-23,20.3112
2009-10-24,20.3174
2009-10-25,20.3194
2009-10-26,20.3126
2009-10-27,20.2933
2009-10-28,20.2773
2009-10-29,20.2810
2009-10-30,20.2777
2009-10-31,20.2739
2009-11-01,20.2600
2009-11-02,20.2491
2009-11-03,20.2392
2009-11-04,20.2287
2009-11-05,20.2294
2009-11-06,20.2287
2009-11-07,20.2248
2009-11-08,20.2286
2009-11-09,20.2280
2009-11-10,20.2300
2009-11-11,20.2397
2009-11-12,20.2503
2009-11-13,20.2630
2009-11-14,20.2588
2009-11-15,20.2535
2009-11-16,20.2568
2009-11-17,20.2519
2009-11-18,20.2401
2009-11-19,20.2369
2009-11-20,20.2304
2009-11-21,20.2234
2009-11-22,20.2165
2009-11-23,20.2159
2009-11-24,20.2114
2009-11-25,20.2189
2009-11-26,20.2189
2009-11-27,20.2213
2009-11-28,20.2278
2009-11-29,20.2280
2009-11-30,20.2406
2009-12-01,20.2580
2009-12-02,20.2697
2009-12-03,20.2795
2009-12-04,20.2875
2009-12-05,20.3014
2009-12-06,20.3139
2009-12-07,20.3310
2009-12-08,20.3561
2009-12-09,20.3802
2009-12-10,20.3921
2009-12-11,20.4057
2009-12-12,20.4091
2009-12-13,20.4087
2009-12-14,20.4101
2009-12-15,20.4143
2009-12-16,20.4198
2009-12-17,20.4275
2009-12-18,20.4259
2009-12-19,20.4258
2009-12-20,20.4249
2009-12-21,20.4296
2009-12-22,20.4383
2009-12-23,20.4496
2009-12-24,20.4591
2009-12-25,20.4703
2009-12-26,20.4902
2009-12-27,20.4966
2009-12-28,20.4947
2009-12-29,20.4933
2009-12-30,20.4879
2009-12-31,20.4866
2010-01-01,20.4759
2010-01-02,20.4827
2010-01-03,20.4874
2010-01-04,20.4856
2010-01-05,20.4769
2010-01-06,20.4700
2010-01-07,20.4637
2010-01-08,20.4548
2010-01-09,20.4575
2010-01-10,20.4626
2010-01-11,20.4580
2010-01-12,20.4509
2010-01-13,20.4425
2010-01-14,20.4429
2010-01-15,20.4399
2010-01-16,20.4465
2010-01-17,20.4485
2010-01-18,20.4492
2010-01-19,20.4592
2010-01-20,20.4664
2010-01-21,20.4749
2010-01-22,20.4847
2010-01-23,20.5017
2010-01-24,20.5219
2010-01-25,20.5372
2010-01-26,20.5537
2010-01-27,20.5642
2010-01-28,20.5721
2010-01-29,20.5703
2010-01-30,20.5723
2010-01-31,20.5623
2010-02-01,20.5505
2010-02-02,20.5558
2010-02-03,20.5560
2010-02-04,20.5594
2010-02-05,20.5727
2010-02-06,20.5883
2010-02-07,20.6022
2010-02-08,20.6088
2010-02-09,20.6197
2010-02-10,20.6243
2010-02-11,20.6242
2010-02-12,20.6252
2010-02-13,20.6263
2010-02-14,20.6288
2010-02-15,20.6365
2010-02-16,20.6360
2010-02-17,20.6353
2010-02-18,20.6329
2010-02-19,20.6342
2010-02-20,20.6420
2010-02-21,20.6483
2010-02-22,20.6676
2010-02-23,20.6872
2010-02-24,20.6969
2010-02-25,20.6951
2010-02-26,20.6930
2010-02-27,20.6919
2010-02-28,20.6966
2010-03-01,20.6911
2010-03-02,20.6855
2010-03-03,20.6825
2010-03-04,20.6723
2010-03-05,20.6624
2010-03-06,20.6699
2010-03-07,20.6717
2010-03-08,20.6742
2010-03-09,20.6764
2010-03-10,20.6806
2010-03-11,20.6849
2010-03-12,20.6873
2010-03-13,20.6861
2010-03-14,20.6807
2010-03-15,20.6745
2010-03-16,20.6681
2010-03-17,20.6694
2010-03-18,20.6781
2010-03-19,20.6883
2010-03-20,20.6913
2010-03-21,20.6857
2010-03-22,20.6809
2010-03-23,20.6742
2010-03-24,20.6674
2010-03-25,20.6765
2010-03-26,20.6889
2010-03-27,20.6936
2010-03-28,20.7021
2010-03-29,20.7020
2010-03-30,20.6987
2010-03-31,20.6970
2010-04-01,20.6926
2010-04-02,20.6964
2010-04-03,20.7086
2010-04-04,20.7139
2010-04-05,20.7280
2010-04-06,20.7411
2010-04-07,20.7461
2010-04-08,20.7428
2010-04-09,20.7328
2010-04-10,20.7327
2010-04-11,20.7132
2010-04-12,20.7031
2010-04-13,20.6901
2010-04-14,20.6819
2010-04-15,20.6723
2010-04-16,20.6643
2010-04-17,20.6579
2010-04-18,20.6539
2010-04-19,20.6500
2010-04-20,20.6460
2010-04-21,20.6329
2010-04-22,20.6225
2010-04-23,20.6176
2010-04-24,20.6168
2010-04-25,20.6184
2010-04-26,20.6130
2010-04-27,20.6160
2010-04-28,20.6046
2010-04-29,20.5916
2010-04-30,20.5840
2010-05-01,20.5807
2010-05-02,20.5683
2010-05-03,20.5583
2010-05-04,20.5530
2010-05-05,20.5589
2010-05-06,20.5640
2010-05-07,20.5700
2010-05-08,20.5749
2010-05-09,20.5683
2010-05-10,20.5545
2010-05-11,20.5337
2010-05-12,20.5246
2010-05-13,20.5131
2010-05-14,20.4983
2010-05-15,20.4941
2010-05-16,20.5029
2010-05-17,20.5112
2010-05-18,20.5228
2010-05-19,20.5298
2010-05-20,20.5281
2010-05-21,20.5238
2010-05-22,20.5373
2010-05-23,20.5389
2010-05-24,20.5258
2010-05-25,20.5107
2010-05-26,20.5002
2010-05-27,20.4909
2010-05-28,20.4878
2010-05-29,20.4823
2010-05-30,20.4725
2010-05-31,20.4614
2010-06-01,20.4644
2010-06-02,20.4650
2010-06-03,20.4524
2010-06-04,20.4515
2010-06-05,20.4582
2010-06-06,20.4600
2010-06-07,20.4604
2010-06-08,20.4652
2010-06-09,20.4546
2010-06-10,20.4374
2010-06-11,20.4276
2010-06-12,20.4279
2010-06-13,20.4182
2010-06-14,20.4129
2010-06-15,20.4027
2010-06-16,20.3988
2010-06-17,20.3920
2010-06-18,20.3851
2010-06-19,20.3762
2010-06-20,20.3785
2010-06-21,20.3767
2010-06-22,20.3753
2010-06-23,20.3823
2010-06-24,20.3890
2010-06-25,20.3914
2010-06-26,20.3874
2010-06-27,20.3854
2010-06-28,20.3804
2010-06-29,20.3826
2010-06-30,20.3902
2010-07-01,20.3966
2010-07-02,20.3993
2010-07-03,20.4132
2010-07-04,20.4298
2010-07-05,20.4373
2010-07-06,20.4276
2010-07-07,20.4205
2010-07-08,20.4178
2010-07-09,20.4234
2010-07-10,20.4246
2010-07-11,20.4186
2010-07-12,20.4090
2010-07-13,20.4077
2010-07-14,20.4036
2010-07-15,20.3986
2010-07-16,20.4090
2010-07-17,20.4071
2010-07-18,20.4062
2010-07-19,20.4096
2010-07-20,20.4076
2010-07-21,20.4066
2010-07-22,20.4076
2010-07-23,20.4008
2010-07-24,20.3956
2010-07-25,20.3866
2010-07-26,20.3833
2010-07-27,20.3898
2010-07-28,20.3791
2010-07-29,20.3794
2010-07-30,20.3863
2010-07-31,20.3937
2010-08-01,20.3925
2010-08-02,20.3890
2010-08-03,20.4028
2010-08-04,20.4237
2010-08-05,20.4436
2010-08-06,20.4413
2010-08-07,20.4349
2010-08-08,20.4336
2010-08-09,20.4296
2010-08-10,20.4304
2010-08-11,20.4362
2010-08-12,20.4275
2010-08-13,20.4091
2010-08-14,20.3927
2010-08-15,20.3767
2010-08-16,20.3652
2010-08-17,20.3627
2010-08-18,20.3681
2010-08-19,20.3720
2010-08-20,20.3821
2010-08-21,20.3811
2010-08-22,20.3889
2010-08-23,20.3902
2010-08-24,20.3897
2010-08-25,20.3942
2010-08-26,20.4027
2010-08-27,20.4037
2010-08-28,20.3925
2010-08-29,20.3877
2010-08-30,20.3863
2010-08-31,20.3797
2010-09-01,20.3754
2010-09-02,20.3578
2010-09-03,20.3503
2010-09-04,20.3374
2010-09-05,20.3308
2010-09-06,20.3329
2010-09-07,20.3177
2010-09-08,20.3146
2010-09-09,20.3239
2010-09-10,20.3283
2010-09-11,20.3228
2010-09-12,20.3218
2010-09-13,20.3241
2010-09-14,20.3251
2010-09-15,20.3244
2010-09-16,20.3140
2010-09-17,20.3063
2010-09-18,20.3033
2010-09-19,20.2974
2010-09-20,20.3005
2010-09-21,20.2931
2010-09-22,20.2925
2010-09-23,20.2860
2010-09-24,20.2772
2010-09-25,20.2750
2010-09-26,20.2639
2010-09-27,20.2525
2010-09-28,20.2399
2010-09-29,20.2223
2010-09-30,20.1993
2010-10-01,20.1661
2010-10-02,20.1615
2010-10-03,20.1535
2010-10-04,20.1467
2010-10-05,20.1512
2010-10-06,20.1550
2010-10-07,20.1575
2010-10-08,20.1515
2010-10-09,20.1446
2010-10-10,20.1430
2010-10-11,20.1477
2010-10-12,20.1577
2010-10-13,20.1616
2010-10-14,20.1695
2010-10-15,20.1757
2010-10-16,20.1820
2010-10-17,20.1840
2010-10-18,20.1880
2010-10-19,20.1917
2010-10-20,20.1915
2010-10-21,20.1797
2010-10-22,20.1753
2010-10-23,20.1705
2010-10-24,20.1704
2010-10-25,20.1738
2010-10-26,20.1671
2010-10-27,20.1532
2010-10-28,20.1300
2010-10-29,20.1042
2010-10-30,20.0902
2010-10-31,20.0743
2010-11-01,20.0678
2010-11-02,20.0703
2010-11-03,20.0713
2010-11-04,20.0789
2010-11-05,20.0753
2010-11-06,20.0714
2010-11-07,20.0615
2010-11-08,20.0573
2010-11-09,20.0527
2010-11-10,20.0505
2010-11-11,20.0530
2010-11-12,20.0469
2010-11-13,20.0466
2010-11-14,20.0489
2010-11-15,20.0482
2010-11-16,20.0485
2010-11-17,20.0565
2010-11-18,20.0768
2010-11-19,20.0921
2010-11-20,20.0984
2010-11-21,20.0953
2010-11-22,20.0981
2010-11-23,20.1010
2010-11-24,20.0949
2010-11-25,20.0909
2010-11-26,20.0857
2010-11-27,20.0829
2010-11-28,20.0847
2010-11-29,20.0873
2010-11-30,20.0900
2010-12-01,20.0995
2010-12-02,20.1007
2010-12-03,20.0977
2010-12-04,20.0953
2010-12-05,20.1028
2010-12-06,20.1106
2010-12-07,20.1114
2010-12-08,20.1170
2010-12-09,20.1157
2010-12-10,20.1172
2010-12-11,20.1171
2010-12-12,20.1230
2010-12-13,20.1352
2010-12-14,20.1310
2010-12-15,20.1160
2010-12-16,20.1085
2010-12-17,20.1081
2010-12-18,20.1069
2010-12-19,20.1221
2010-12-20,20.1416
2010-12-21,20.1614
2010-12-22,20.1686
2010-12-23,20.1708
2010-12-24,20.1655
2010-12-25,20.1700
2010-12-26,20.1747
2010-12-27,20.1779
2010-12-28,20.1798
2010-12-29,20.1779
2010-12-30,20.1774
2010-12-31,20.1914
2011-01-01,20.1891
2011-01-02,20.1777
2011-01-03,20.1831
2011-01-04,20.1975
2011-01-05,20.2152
2011-01-06,20.2191
2011-01-07,20.2236
2011-01-08,20.2274
2011-01-09,20.2333
2011-01-10,20.2319
2011-01-11,20.2233
2011-01-12,20.2144
2011-01-13,20.2053
2011-01-14,20.1969
2011-01-15,20.1967
2011-01-16,20.2142
2011-01-17,20.2498
2011-01-18,20.2813
2011-01-19,20.3060
2011-01-20,20.3134
2011-01-21,20.3191
2011-01-22,20.3136
2011-01-23,20.3056
2011-01-24,20.3009
2011-01-25,20.3027
2011-01-26,20.3002
2011-01-27,20.2940
2011-01-28,20.3015
2011-01-29,20.3206
2011-01-30,20.3306
2011-01-31,20.3379
2011-02-01,20.3349
2011-02-02,20.3305
2011-02-03,20.3316
2011-02-04,20.3355
2011-02-05,20.3507
2011-02-06,20.3653
2011-02-07,20.3815
2011-02-08,20.4025
2011-02-09,20.4180
2011-02-10,20.4248
2011-02-11,20.4384
2011-02-12,20.4459
2011-02-13,20.4299
2011-02-14,20.4278
2011-02-15,20.4421
2011-02-16,20.4510
2011-02-17,20.4560
2011-02-18,20.4615
2011-02-19,20.4633
2011-02-20,20.4632
2011-02-21,20.4558
2011-02-22,20.4482
2011-02-23,20.4417
2011-02-24,20.4353
2011-02-25,20.4331
2011-02-26,20.4315
2011-02-27,20.4309
2011-02-28,20.4391
2011-03-01,20.4493
2011-03-02,20.4497
2011-03-03,20.4508
2011-03-04,20.4613
2011-03-05,20.4682
2011-03-06,20.4688
2011-03-07,20.4699
2011-03-08,20.4772
2011-03-09,20.4926
2011-03-10,20.5094
2011-03-11,20.5145
2011-03-12,20.5175
2011-03-13,20.5157
2011-03-14,20.5056
2011-03-15,20.4962
2011-03-16,20.4851
2011-03-17,20.4809
2011-03-18,20.4835
2011-03-19,20.5009
2011-03-20,20.5097
2011-03-21,20.5132
2011-03-22,20.5189
2011-03-23,20.5214
2011-03-24,20.5236
2011-03-25,20.5235
2011-03-26,20.5205
2011-03-27,20.5186
2011-03-28,20.5210
2011-03-29,20.5246
2011-03-30,20.5318
2011-03-31,20.5334
2011-04-01,20.5239
2011-04-02,20.5173
2011-04-03,20.5080
2011-04-04,20.4945
2011-04-05,20.4793
2011-04-06,20.4710
2011-04-07,20.4643
2011-04-08,20.4549
2011-04-09,20.4523
2011-04-10,20.4402
2011-04-11,20.4248
2011-04-12,20.4160
2011-04-13,20.4224
2011-04-14,20.4301
2011-04-15,20.4408
2011-04-16,20.4522
2011-04-17,20.4616
2011-04-18,20.4546
2011-04-19,20.4194
2011-04-20,20.4358
2011-04-21,20.4272
2011-04-22,20.4208
2011-04-23,20.4121
2011-04-24,20.4098
2011-04-25,20.4143
2011-04-26,20.4266
2011-04-27,20.4240
2011-04-28,20.4159
2011-04-29,20.4138
2011-04-30,20.4036
2011-05-01,20.3992
2011-05-02,20.3922
2011-05-03,20.3898
2011-05-04,20.3854
2011-05-05,20.3773
2011-05-06,20.3668
2011-05-07,20.3531
2011-05-08,20.3529
2011-05-09,20.3594
2011-05-10,20.3648
2011-05-11,20.3754
2011-05-12,20.3763
2011-05-13,20.3753
2011-05-14,20.3816
2011-05-15,20.3911
2011-05-16,20.3861
2011-05-17,20.3794
2011-05-18,20.3811
2011-05-19,20.3786
2011-05-20,20.3758
2011-05-21,20.3776
2011-05-22,20.3689
2011-05-23,20.3533
2011-05-24,20.3398
2011-05-25,20.3295
2011-05-26,20.3162
2011-05-27,20.3078
2011-05-28,20.3058
2011-05-29,20.3064
2011-05-30,20.3118
2011-05-31,20.3172
2011-06-01,20.3192
2011-06-02,20.3191
2011-06-03,20.3202
2011-06-04,20.3220
2011-06-05,20.3183
2011-06-06,20.3143
2011-06-07,20.3124
2011-06-08,20.3121
2011-06-09,20.3081
2011-06-10,20.3035
2011-06-11,20.2968
2011-06-12,20.2903
2011-06-13,20.2900
2011-06-14,20.2903
2011-06-15,20.2863
2011-06-16,20.2935
2011-06-17,20.2968
2011-06-18,20.2966
2011-06-19,20.2897
2011-06-20,20.2913
2011-06-21,20.2926
2011-06-22,20.2981
2011-06-23,20.3109
2011-06-24,20.3174
2011-06-25,20.3137
2011-06-26,20.3102
2011-06-27,20.3063
2011-06-28,20.3023
2011-06-29,20.3053
2011-06-30,20.3001
2011-07-01,20.3053
2011-07-02,20.3007
2011-07-03,20.2950
2011-07-04,20.2852
2011-07-05,20.2764
2011-07-06,20.3110
2011-07-07,20.3036
2011-07-08,20.3130
2011-07-09,20.3184
2011-07-10,20.3230
2011-07-11,20.3515
2011-07-12,20.3403
2011-07-13,20.3462
2011-07-14,20.3395
2011-07-15,20.3232
2011-07-16,20.3167
2011-07-17,20.3158
2011-07-18,20.3159
2011-07-19,20.3113
2011-07-20,20.3022
2011-07-21,20.2905
2011-07-22,20.2826
2011-07-23,20.2794
2011-07-24,20.2725
2011-07-25,20.2793
2011-07-26,20.2928
2011-07-27,20.3052
2011-07-28,20.3082
2011-07-29,20.3096
2011-07-30,20.3114
2011-07-31,20.3167
2011-08-01,20.3329
2011-08-02,20.3471
2011-08-03,20.3368
2011-08-04,20.3243
2011-08-05,20.3168
2011-08-06,20.3075
2011-08-07,20.2992
2011-08-08,20.2976
2011-08-09,20.3022
2011-08-10,20.3139
2011-08-11,20.3310
2011-08-12,20.3315
2011-08-13,20.3296
2011-08-14,20.3186
2011-08-15,20.3287
2011-08-16,20.3531
2011-08-17,20.3532
2011-08-18,20.3324
2011-08-19,20.3180
2011-08-20,20.3220
2011-08-21,20.3363
2011-08-22,20.3385
2011-08-23,20.3301
2011-08-24,20.3269
2011-08-25,20.3263
2011-08-26,20.3380
2011-08-27,20.3349
2011-08-28,20.3283
2011-08-29,20.3336
2011-08-30,20.3396
2011-08-31,20.3362
2011-09-01,20.3278
2011-09-02,20.3126
2011-09-03,20.3031
2011-09-04,20.2994
2011-09-05,20.2935
2011-09-06,20.2892
2011-09-07,20.2824
2011-09-08,20.2771
2011-09-09,20.2680
2011-09-10,20.2523
2011-09-11,20.2322
2011-09-12,20.2262
2011-09-13,20.2214
2011-09-14,20.2268
2011-09-15,20.2292
2011-09-16,20.2267
2011-09-17,20.2215
2011-09-18,20.2137
2011-09-19,20.2001
2011-09-20,20.1933
2011-09-21,20.1950
2011-09-22,20.1922
2011-09-23,20.2023
2011-09-24,20.2062
2011-09-25,20.2114
2011-09-26,20.2141
2011-09-27,20.2115
2011-09-28,20.2144
2011-09-29,20.2193
2011-09-30,20.2190
2011-10-01,20.2100
2011-10-02,20.1828
2011-10-03,20.1531
2011-10-04,20.1416
2011-10-05,20.1355
2011-10-06,20.1366
2011-10-07,20.1389
2011-10-08,20.1320
2011-10-09,20.1163
2011-10-10,20.0958
2011-10-11,20.0841
2011-10-12,20.0762
2011-10-13,20.0956
2011-10-14,20.0809
2011-10-15,20.0877
2011-10-16,20.0978
2011-10-17,20.0961
2011-10-18,20.0911
2011-10-19,20.0932
2011-10-20,20.0899
2011-10-21,20.0910
2011-10-22,20.0968
2011-10-23,20.1065
2011-10-24,20.1098
2011-10-25,20.1161
2011-10-26,20.1159
2011-10-27,20.1178
2011-10-28,20.1133
2011-10-29,20.1002
2011-10-30,20.0865
2011-10-31,20.0753
2011-11-01,20.0651
2011-11-02,20.0618
2011-11-03,20.0667
2011-11-04,20.0759
2011-11-05,20.0840
2011-11-06,20.0866
2011-11-07,20.0869
2011-11-08,20.0809
2011-11-09,20.0809
2011-11-10,20.0866
2011-11-11,20.0833
2011-11-12,20.0788
2011-11-13,20.0838
2011-11-14,20.0910
2011-11-15,20.0949
2011-11-16,20.0993
2011-11-17,20.1024
2011-11-18,20.0999
2011-11-19,20.0942
2011-11-20,20.0818
2011-11-21,20.0801
2011-11-22,20.0735
2011-11-23,20.0687
2011-11-24,20.0684
2011-11-25,20.0639
2011-11-26,20.0612
2011-11-27,20.0572
2011-11-28,20.0534
2011-11-29,20.0447
2011-11-30,20.0396
2011-12-01,20.0460
2011-12-02,20.0509
2011-12-03,20.0486
2011-12-04,20.0516
2011-12-05,20.0518
2011-12-06,20.0497
2011-12-07,20.0516
2011-12-08,20.0498
2011-12-09,20.0503
2011-12-10,20.0505
2011-12-11,20.0500
2011-12-12,20.0627
2011-12-13,20.0690
2011-12-14,20.0744
2011-12-15,20.0886
2011-12-16,20.0972
2011-12-17,20.0948
2011-12-18,20.0845
2011-12-19,20.0810
2011-12-20,20.0893
2011-12-21,20.0948
2011-12-22,20.0943
2011-12-23,20.1028
2011-12-24,20.1052
2011-12-25,20.1022
2011-12-26,20.1037
2011-12-27,20.1085
2011-12-28,20.1091
2011-12-29,20.1143
2011-12-30,20.1128
2011-12-31,20.1290
2012-01-01,20.1272
2012-01-02,20.1295
2012-01-03,20.1432
2012-01-04,20.1759
2012-01-05,20.1721
2012-01-06,20.1812
2012-01-07,20.1729
2012-01-08,20.1645
2012-01-09,20.1667
2012-01-10,20.1739
2012-01-11,20.1830
2012-01-12,20.1990
2012-01-13,20.2217
2012-01-14,20.2525
2012-01-15,20.2557
2012-01-16,20.2734
2012-01-17,20.2864
2012-01-18,20.3088
2012-01-19,20.3167
2012-01-20,20.3096
2012-01-21,20.3123
2012-01-22,20.3023
2012-01-23,20.3062
2012-01-24,20.2929
2012-01-25,20.2837
2012-01-26,20.2723
2012-01-27,20.2638
2012-01-28,20.2603
2012-01-29,20.2531
2012-01-30,20.2456
2012-01-31,20.2416
2012-02-01,20.2487
2012-02-02,20.2428
2012-02-03,20.2498
2012-02-04,20.2605
2012-02-05,20.2715
2012-02-06,20.2875
2012-02-07,20.3087
2012-02-08,20.3242
2012-02-09,20.3403
2012-02-10,20.3695
2012-02-11,20.3931
2012-02-12,20.4155
2012-02-13,20.4375
2012-02-14,20.4495
2012-02-15,20.4674
2012-02-16,20.4865
2012-02-17,20.5072
2012-02-18,20.5261
2012-02-19,20.5395
2012-02-20,20.5400
2012-02-21,20.5430
2012-02-22,20.5475
2012-02-23,20.5443
2012-02-24,20.5416
2012-02-25,20.5443
2012-02-26,20.5301
2012-02-27,20.5083
2012-02-28,20.4932
2012-02-29,20.4887
2012-03-01,20.4845
2012-03-02,20.4776
2012-03-03,20.4781
2012-03-04,20.4827
2012-03-05,20.4707
2012-03-06,20.4590
2012-03-07,20.4479
2012-03-08,20.4427
2012-03-09,20.4406
2012-03-10,20.4315
2012-03-11,20.4194
2012-03-12,20.4208
2012-03-13,20.4180
2012-03-14,20.4161
2012-03-15,20.4243
2012-03-16,20.4334
2012-03-17,20.4224
2012-03-18,20.4144
2012-03-19,20.4115
2012-03-20,20.4150
2012-03-21,20.4264
2012-03-22,20.4387
2012-03-23,20.4490
2012-03-24,20.4584
2012-03-25,20.4702
2012-03-26,20.4856
2012-03-27,20.5016
2012-03-28,20.5096
2012-03-29,20.5176
2012-03-30,20.5175
2012-03-31,20.5057
2012-04-01,20.4979
2012-04-02,20.4972
2012-04-03,20.5031
2012-04-04,20.5029
2012-04-05,20.4975
2012-04-06,20.4985
2012-04-07,20.4981
2012-04-08,20.4933
2012-04-09,20.4916
2012-04-10,20.4860
2012-04-11,20.4808
2012-04-12,20.4729
2012-04-13,20.4531
2012-04-14,20.4313
2012-04-15,20.4260
2012-04-16,20.4265
2012-04-17,20.4303
2012-04-18,20.4329
2012-04-19,20.4341
2012-04-20,20.4401
2012-04-21,20.4468
2012-04-22,20.4468
2012-04-23,20.4301
2012-04-24,20.4067
2012-04-25,20.3997
2012-04-26,20.4011
2012-04-27,20.4100
2012-04-28,20.4181
2012-04-29,20.4221
2012-04-30,20.4351
2012-05-01,20.4439
2012-05-02,20.4552
2012-05-03,20.4612
2012-05-04,20.4681
2012-05-05,20.4662
2012-05-06,20.4684
2012-05-07,20.4683
2012-05-08,20.4678
2012-05-09,20.4726
2012-05-10,20.4843
2012-05-11,20.4858
2012-05-12,20.4826
2012-05-13,20.4785
2012-05-14,20.4756
2012-05-15,20.4677
2012-05-16,20.4576
2012-05-17,20.4395
2012-05-18,20.4174
2012-05-19,20.4009
2012-05-20,20.3828
2012-05-21,20.3743
2012-05-22,20.3732
2012-05-23,20.3712
2012-05-24,20.3617
2012-05-25,20.3519
2012-05-26,20.3397
2012-05-27,20.3306
2012-05-28,20.3264
2012-05-29,20.3110
2012-05-30,20.3125
2012-05-31,20.3242
2012-06-01,20.3368
2012-06-02,20.3401
2012-06-03,20.3447
2012-06-04,20.3367
2012-06-05,20.3196
2012-06-06,20.2936
2012-06-07,20.2781
2012-06-08,20.2708
2012-06-09,20.2694
2012-06-10,20.2735
2012-06-11,20.2770
2012-06-12,20.2738
2012-06-13,20.2664
2012-06-14,20.2662
2012-06-15,20.2712
2012-06-16,20.2780
2012-06-17,20.2892
2012-06-18,20.2926
2012-06-19,20.2966
2012-06-20,20.2968
2012-06-21,20.2948
2012-06-22,20.2852
2012-06-23,20.2848
2012-06-24,20.2973
2012-06-25,20.3053
2012-06-26,20.3022
2012-06-27,20.3006
2012-06-28,20.3029
2012-06-29,20.3033
2012-06-30,20.3053
2012-07-01,20.3140
2012-07-02,20.3134
2012-07-03,20.3106
2012-07-04,20.3022
2012-07-05,20.2990
2012-07-06,20.2908
2012-07-07,20.2829
2012-07-08,20.2820
2012-07-09,20.2907
2012-07-10,20.2979
2012-07-11,20.3057
2012-07-12,20.3246
2012-07-13,20.3435
2012-07-14,20.3563
2012-07-15,20.3677
2012-07-16,20.3796
2012-07-17,20.3861
2012-07-18,20.3947
2012-07-19,20.3944
2012-07-20,20.3856
2012-07-21,20.3781
2012-07-22,20.3713
2012-07-23,20.3653
2012-07-24,20.3576
2012-07-25,20.3523
2012-07-26,20.3565
2012-07-27,20.3660
2012-07-28,20.3807
2012-07-29,20.3906
2012-07-30,20.3988
2012-07-31,20.3952
2012-08-01,20.3820
2012-08-02,20.3704
2012-08-03,20.3627
2012-08-04,20.3598
2012-08-05,20.3567
2012-08-06,20.3559
2012-08-07,20.3657
2012-08-08,20.3772
2012-08-09,20.3823
2012-08-10,20.3864
2012-08-11,20.3828
2012-08-12,20.3657
2012-08-13,20.3555
2012-08-14,20.3407
2012-08-15,20.3311
2012-08-16,20.3307
2012-08-17,20.3551
2012-08-18,20.3771
2012-08-19,20.4016
2012-08-20,20.4172
2012-08-21,20.4339
2012-08-22,20.4373
2012-08-23,20.4388
2012-08-24,20.4434
2012-08-25,20.4563
2012-08-26,20.4627
2012-08-27,20.4568
2012-08-28,20.4512
2012-08-29,20.4504
2012-08-30,20.4414
2012-08-31,20.4293
2012-09-01,20.4204
2012-09-02,20.4048
2012-09-03,20.3919
2012-09-04,20.3809
2012-09-05,20.3733
2012-09-06,20.3736
2012-09-07,20.3816
2012-09-08,20.3844
2012-09-09,20.3914
2012-09-10,20.3998
2012-09-11,20.4006
2012-09-12,20.4076
2012-09-13,20.4044
2012-09-14,20.3951
2012-09-15,20.4021
2012-09-16,20.3999
2012-09-17,20.3910
2012-09-18,20.3952
2012-09-19,20.4023
2012-09-20,20.4060
2012-09-21,20.3993
2012-09-22,20.3895
2012-09-23,20.3900
2012-09-24,20.3996
2012-09-25,20.4009
2012-09-26,20.3902
2012-09-27,20.3783
2012-09-28,20.3595
2012-09-29,20.3394
2012-09-30,20.3220
2012-10-01,20.3239
2012-10-02,20.3247
2012-10-03,20.3143
2012-10-04,20.3073
2012-10-05,20.3029
2012-10-06,20.3140
2012-10-07,20.3289
2012-10-08,20.3254
2012-10-09,20.3200
2012-10-10,20.3092
2012-10-11,20.2962
2012-10-12,20.2784
2012-10-13,20.2609
2012-10-14,20.2464
2012-10-15,20.2346
2012-10-16,20.2268
2012-10-17,20.2364
2012-10-18,20.2417
2012-10-19,20.2437
2012-10-20,20.2393
2012-10-21,20.2406
2012-10-22,20.2344
2012-10-23,20.2196
2012-10-24,20.2019
2012-10-25,20.1956
2012-10-26,20.1967
2012-10-27,20.2055
2012-10-28,20.2028
2012-10-29,20.2052
2012-10-30,20.2127
2012-10-31,20.2135
2012-11-01,20.2067
2012-11-02,20.2002
2012-11-03,20.1962
2012-11-04,20.1909
2012-11-05,20.1886
2012-11-06,20.1913
2012-11-07,20.1879
2012-11-08,20.1730
2012-11-09,20.1577
2012-11-10,20.1423
2012-11-11,20.1306
2012-11-12,20.1350
2012-11-13,20.1502
2012-11-14,20.1709
2012-11-15,20.1898
2012-11-16,20.2029
2012-11-17,20.2038
2012-11-18,20.1942
2012-11-19,20.1942
2012-11-20,20.1827
2012-11-21,20.1703
2012-11-22,20.1695
2012-11-23,20.1716
2012-11-24,20.1659
2012-11-25,20.1544
2012-11-26,20.1570
2012-11-27,20.1488
2012-11-28,20.1476
2012-11-29,20.1482
2012-11-30,20.1494
2012-12-01,20.1494
2012-12-02,20.1431
2012-12-03,20.1457
2012-12-04,20.1612
2012-12-05,20.1768
2012-12-06,20.1832
2012-12-07,20.1819
2012-12-08,20.1880
2012-12-09,20.2063
2012-12-10,20.2171
2012-12-11,20.2234
2012-12-12,20.2274
2012-12-13,20.2301
2012-12-14,20.2334
2012-12-15,20.2356
2012-12-16,20.2397
2012-12-17,20.2462
2012-12-18,20.2558
2012-12-19,20.2554
2012-12-20,20.2715
2012-12-21,20.2782
2012-12-22,20.2863
2012-12-23,20.2943
2012-12-24,20.2992
2012-12-25,20.2973
2012-12-26,20.2943
2012-12-27,20.2925
2012-12-28,20.2918
2012-12-29,20.2893
2012-12-30,20.2777
2012-12-31,20.2654
2013-01-01,20.2530
2013-01-02,20.2516
2013-01-03,20.2547
2013-01-04,20.2539
2013-01-05,20.2464
2013-01-06,20.2392
2013-01-07,20.2414
2013-01-08,20.2389
2013-01-09,20.2442
2013-01-10,20.2581
2013-01-11,20.2741
2013-01-12,20.2845
2013-01-13,20.3026
2013-01-14,20.3214
2013-01-15,20.3338
2013-01-16,20.3392
2013-01-17,20.3382
2013-01-18,20.3346
2013-01-19,20.3375
2013-01-20,20.3482
2013-01-21,20.3622
2013-01-22,20.3731
2013-01-23,20.3817
2013-01-24,20.3863
2013-01-25,20.3805
2013-01-26,20.3765
2013-01-27,20.3799
2013-01-28,20.3841
2013-01-29,20.3823
2013-01-30,20.3805
2013-01-31,20.3859
2013-02-01,20.3873
2013-02-02,20.3818
2013-02-03,20.3727
2013-02-04,20.3674
2013-02-05,20.3705
2013-02-06,20.3800
2013-02-07,20.3971
2013-02-08,20.4223
2013-02-09,20.4437
2013-02-10,20.4570
2013-02-11,20.4627
2013-02-12,20.4641
2013-02-13,20.4596
2013-02-14,20.4622
2013-02-15,20.4775
2013-02-16,20.4984
2013-02-17,20.5152
2013-02-18,20.5171
2013-02-19,20.5149
2013-02-20,20.5141
2013-02-21,20.5149
2013-02-22,20.5040
2013-02-23,20.4916
2013-02-24,20.4843
2013-02-25,20.4901
2013-02-26,20.4892
2013-02-27,20.4814
2013-02-28,20.4704
2013-03-01,20.4652
2013-03-02,20.4531
2013-03-03,20.4579
2013-03-04,20.4670
2013-03-05,20.4708
2013-03-06,20.4681
2013-03-07,20.4534
2013-03-08,20.4443
2013-03-09,20.4371
2013-03-10,20.4404
2013-03-11,20.4444
2013-03-12,20.4442
2013-03-13,20.4521
2013-03-14,20.4640
2013-03-15,20.4744
2013-03-16,20.4855
2013-03-17,20.5003
2013-03-18,20.5182
2013-03-19,20.5292
2013-03-20,20.5388
2013-03-21,20.5493
2013-03-22,20.5629
2013-03-23,20.5643
2013-03-24,20.5677
2013-03-25,20.5738
2013-03-26,20.5750
2013-03-27,20.5773
2013-03-28,20.5775
2013-03-29,20.5721
2013-03-30,20.5678
2013-03-31,20.5718
2013-04-01,20.5844
2013-04-02,20.5937
2013-04-03,20.5996
2013-04-04,20.5926
2013-04-05,20.5806
2013-04-06,20.5653
2013-04-07,20.5602
2013-04-08,20.5558
2013-04-09,20.5519
2013-04-10,20.5460
2013-04-11,20.5206
2013-04-12,20.4966
2013-04-13,20.4852
2013-04-14,20.4920
2013-04-15,20.4930
2013-04-16,20.4875
2013-04-17,20.4850
2013-04-18,20.4796
2013-04-19,20.4761
2013-04-20,20.4730
2013-04-21,20.4692
2013-04-22,20.4679
2013-04-23,20.4700
2013-04-24,20.4804
2013-04-25,20.4968
2013-04-26,20.5047
2013-04-27,20.5101
2013-04-28,20.5004
2013-04-29,20.4898
2013-04-30,20.4879
2013-05-01,20.4865
2013-05-02,20.4780
2013-05-03,20.4802
2013-05-04,20.4857
2013-05-05,20.4916
2013-05-06,20.4920
2013-05-07,20.4961
2013-05-08,20.4954
2013-05-09,20.4868
2013-05-10,20.4785
2013-05-11,20.4591
2013-05-12,20.4472
2013-05-13,20.4357
2013-05-14,20.4213
2013-05-15,20.4095
2013-05-16,20.4104
2013-05-17,20.4097
2013-05-18,20.4111
2013-05-19,20.4125
2013-05-20,20.4148
2013-05-21,20.4200
2013-05-22,20.4238
2013-05-23,20.4269
2013-05-24,20.4232
2013-05-25,20.4093
2013-05-26,20.3936
2013-05-27,20.3783
2013-05-28,20.3717
2013-05-29,20.3585
2013-05-30,20.3368
2013-05-31,20.3309
2013-06-01,20.3228
2013-06-02,20.3145
2013-06-03,20.2989
2013-06-04,20.2834
2013-06-05,20.2667
2013-06-06,20.2504
2013-06-07,20.2400
2013-06-08,20.2314
2013-06-09,20.2313
2013-06-10,20.2317
2013-06-11,20.2346
2013-06-12,20.2456
2013-06-13,20.2485
2013-06-14,20.2569
2013-06-15,20.2643
2013-06-16,20.2683
2013-06-17,20.2695
2013-06-18,20.2691
2013-06-19,20.2765
2013-06-20,20.2759
2013-06-21,20.2717
2013-06-22,20.2648
2013-06-23,20.2686
2013-06-24,20.2766
2013-06-25,20.2845
2013-06-26,20.2854
2013-06-27,20.2860
2013-06-28,20.2870
2013-06-29,20.2877
2013-06-30,20.2871
2013-07-01,20.2847
2013-07-02,20.2776
2013-07-03,20.2872
2013-07-04,20.2868
2013-07-05,20.2841
2013-07-06,20.2946
2013-07-07,20.3045
2013-07-08,20.3241
2013-07-09,20.3454
2013-07-10,20.3623
2013-07-11,20.3800
2013-07-12,20.3909
2013-07-13,20.3989
2013-07-14,20.4011
2013-07-15,20.3991
2013-07-16,20.3922
2013-07-17,20.3994
2013-07-18,20.4152
2013-07-19,20.4138
2013-07-20,20.4160
2013-07-21,20.4378
2013-07-22,20.4412
2013-07-23,20.4438
2013-07-24,20.4484
2013-07-25,20.4545
2013-07-26,20.4516
2013-07-27,20.4470
2013-07-28,20.4543
2013-07-29,20.4577
2013-07-30,20.4632
2013-07-31,20.4552
2013-08-01,20.4370
2013-08-02,20.4195
2013-08-03,20.4135
2013-08-04,20.4092
2013-08-05,20.4145
2013-08-06,20.4244
2013-08-07,20.4317
2013-08-08,20.4335
2013-08-09,20.4352
2013-08-10,20.4309
2013-08-11,20.4388
2013-08-12,20.4368
2013-08-13,20.4387
2013-08-14,20.4518
2013-08-15,20.4653
2013-08-16,20.4741
2013-08-17,20.4713
2013-08-18,20.4763
2013-08-19,20.4818
2013-08-20,20.4903
2013-08-21,20.4928
2013-08-22,20.4983
2013-08-23,20.5039
2013-08-24,20.4969
2013-08-25,20.4734
2013-08-26,20.4527
2013-08-27,20.4555
2013-08-28,20.4597
2013-08-29,20.4597
2013-08-30,20.4577
2013-08-31,20.4691
2013-09-01,20.4768
2013-09-02,20.4736
2013-09-03,20.4629
2013-09-04,20.4575
2013-09-05,20.4544
2013-09-06,20.4455
2013-09-07,20.4391
2013-09-08,20.4324
2013-09-09,20.4303
2013-09-10,20.4287
2013-09-11,20.4355
2013-09-12,20.4455
2013-09-13,20.4558
2013-09-14,20.4491
2013-09-15,20.4318
2013-09-16,20.4212
2013-09-17,20.4139
2013-09-18,20.4154
2013-09-19,20.4180
2013-09-20,20.4084
2013-09-21,20.3954
2013-09-22,20.3755
2013-09-23,20.3555
2013-09-24,20.3423
2013-09-25,20.3288
2013-09-26,20.3282
2013-09-27,20.3313
2013-09-28,20.3304
2013-09-29,20.3217
2013-09-30,20.3161
2013-10-01,20.3112
2013-10-02,20.3088
2013-10-03,20.3008
2013-10-04,20.2874
2013-10-05,20.2721
2013-10-06,20.2584
2013-10-07,20.2518
2013-10-08,20.2475
2013-10-09,20.2430
2013-10-10,20.2289
2013-10-11,20.2098
2013-10-12,20.1999
2013-10-13,20.2022
2013-10-14,20.1983
2013-10-15,20.1942
2013-10-16,20.1887
2013-10-17,20.1862
2013-10-18,20.1991
2013-10-19,20.2030
2013-10-20,20.2056
2013-10-21,20.2082
2013-10-22,20.2093
2013-10-23,20.2103
2013-10-24,20.2168
2013-10-25,20.2178
2013-10-26,20.2172
2013-10-27,20.2144
2013-10-28,20.2208
2013-10-29,20.2315
2013-10-30,20.2388
2013-10-31,20.2486
2013-11-01,20.2491
2013-11-02,20.2414
2013-11-03,20.2397
2013-11-04,20.2355
2013-11-05,20.2270
2013-11-06,20.2086
2013-11-07,20.1896
2013-11-08,20.1803
2013-11-09,20.1787
2013-11-10,20.1906
2013-11-11,20.1957
2013-11-12,20.2086
2013-11-13,20.2116
2013-11-14,20.2148
2013-11-15,20.2215
2013-11-16,20.2391
2013-11-17,20.2632
2013-11-18,20.2788
2013-11-19,20.2926
2013-11-20,20.3025
2013-11-21,20.3186
2013-11-22,20.3307
2013-11-23,20.3380
2013-11-24,20.3434
2013-11-25,20.3361
2013-11-26,20.3134
2013-11-27,20.2898
2013-11-28,20.2634
2013-11-29,20.2394
2013-11-30,20.2355
2013-12-01,20.2333
2013-12-02,20.2357
2013-12-03,20.2247
2013-12-04,20.2261
2013-12-05,20.2333
2013-12-06,20.2380
2013-12-07,20.2393
2013-12-08,20.2428
2013-12-09,20.2387
2013-12-10,20.2321
2013-12-11,20.2347
2013-12-12,20.2387
2013-12-13,20.2400
2013-12-14,20.2549
2013-12-15,20.2713
2013-12-16,20.2861
2013-12-17,20.2935
2013-12-18,20.2910
2013-12-19,20.2740
2013-12-20,20.2600
2013-12-21,20.2601
2013-12-22,20.2614
2013-12-23,20.2644
2013-12-24,20.2777
2013-12-25,20.2962
2013-12-26,20.3084
2013-12-27,20.3164
2013-12-28,20.3180
2013-12-29,20.3260
2013-12-30,20.3350
2013-12-31,20.3348
2014-01-01,20.3361
2014-01-02,20.3397
2014-01-03,20.3455
2014-01-04,20.3320
2014-01-05,20.3268
2014-01-06,20.3340
2014-01-07,20.3398
2014-01-08,20.3389
2014-01-09,20.3282
2014-01-10,20.3222
2014-01-11,20.3255
2014-01-12,20.3331
2014-01-13,20.3483
2014-01-14,20.3693
2014-01-15,20.3824
2014-01-16,20.4010
2014-01-17,20.4111
2014-01-18,20.4286
2014-01-19,20.4453
2014-01-20,20.4640
2014-01-21,20.4790
2014-01-22,20.4786
2014-01-23,20.4761
2014-01-24,20.4663
2014-01-25,20.4501
2014-01-26,20.4334
2014-01-27,20.4227
2014-01-28,20.4135
2014-01-29,20.4062
2014-01-30,20.4168
2014-01-31,20.4345
2014-02-01,20.4465
2014-02-02,20.4552
2014-02-03,20.4664
2014-02-04,20.4739
2014-02-05,20.4832
2014-02-06,20.4842
2014-02-07,20.4825
2014-02-08,20.4907
2014-02-09,20.5081
2014-02-10,20.5245
2014-02-11,20.5318
2014-02-12,20.5349
2014-02-13,20.5339
2014-02-14,20.5339
2014-02-15,20.5416
2014-02-16,20.5532
2014-02-17,20.5548
2014-02-18,20.5492
2014-02-19,20.5455
2014-02-20,20.5398
2014-02-21,20.5331
2014-02-22,20.5286
2014-02-23,20.5296
2014-02-24,20.5354
2014-02-25,20.5369
2014-02-26,20.5409
2014-02-27,20.5525
2014-02-28,20.5479
2014-03-01,20.5333
2014-03-02,20.5289
2014-03-03,20.5309
2014-03-04,20.5364
2014-03-05,20.5421
2014-03-06,20.5671
2014-03-07,20.5927
2014-03-08,20.6125
2014-03-09,20.6340
2014-03-10,20.6449
2014-03-11,20.6568
2014-03-12,20.6556
2014-03-13,20.6563
2014-03-14,20.6477
2014-03-15,20.6405
2014-03-16,20.6392
2014-03-17,20.6245
2014-03-18,20.6344
2014-03-19,20.6510
2014-03-20,20.6705
2014-03-21,20.6823
2014-03-22,20.6886
2014-03-23,20.6927
2014-03-24,20.6909
2014-03-25,20.6797
2014-03-26,20.6874
2014-03-27,20.7056
2014-03-28,20.7144
2014-03-29,20.7119
2014-03-30,20.7017
2014-03-31,20.6958
2014-04-01,20.6914
2014-04-02,20.6873
2014-04-03,20.6734
2014-04-04,20.6546
2014-04-05,20.6421
2014-04-06,20.6430
2014-04-07,20.6453
2014-04-08,20.6579
2014-04-09,20.6685
2014-04-10,20.6741
2014-04-11,20.6748
2014-04-12,20.6688
2014-04-13,20.6749
2014-04-14,20.6811
2014-04-15,20.6806
2014-04-16,20.6643
2014-04-17,20.6612
2014-04-18,20.6641
2014-04-19,20.6709
2014-04-20,20.6735
2014-04-21,20.6773
2014-04-22,20.6983
2014-04-23,20.7081
2014-04-24,20.7051
2014-04-25,20.6971
2014-04-26,20.6897
2014-04-27,20.6861
2014-04-28,20.6791
2014-04-29,20.6767
2014-04-30,20.6869
2014-05-01,20.6811
2014-05-02,20.6649
2014-05-03,20.6531
2014-05-04,20.6395
2014-05-05,20.6271
2014-05-06,20.6249
2014-05-07,20.6136
2014-05-08,20.5887
2014-05-09,20.5691
2014-05-10,20.5611
2014-05-11,20.5561
2014-05-12,20.5555
2014-05-13,20.5641
2014-05-14,20.5658
2014-05-15,20.5685
2014-05-16,20.5650
2014-05-17,20.5514
2014-05-18,20.5379
2014-05-19,20.5260
2014-05-20,20.5354
2014-05-21,20.5320
2014-05-22,20.5277
2014-05-23,20.5086
2014-05-24,20.4910
2014-05-25,20.4853
2014-05-26,20.4783
2014-05-27,20.4700
2014-05-28,20.4672
2014-05-29,20.4732
2014-05-30,20.4742
2014-05-31,20.4649
2014-06-01,20.4557
2014-06-02,20.4605
2014-06-03,20.4682
2014-06-04,20.4743
2014-06-05,20.4868
2014-06-06,20.4938
2014-06-07,20.5035
2014-06-08,20.5089
2014-06-09,20.5121
2014-06-10,20.5145
2014-06-11,20.5174
2014-06-12,20.5114
2014-06-13,20.5015
2014-06-14,20.5015
2014-06-15,20.4999
2014-06-16,20.5099
2014-06-17,20.5160
2014-06-18,20.5076
2014-06-19,20.4986
2014-06-20,20.4855
2014-06-21,20.4859
2014-06-22,20.5027
2014-06-23,20.5218
2014-06-24,20.5314
2014-06-25,20.5311
2014-06-26,20.5258
2014-06-27,20.5224
2014-06-28,20.5144
2014-06-29,20.5012
2014-06-30,20.4835
2014-07-01,20.4683
2014-07-02,20.4528
2014-07-03,20.4372
2014-07-04,20.4337
2014-07-05,20.4463
2014-07-06,20.4293
2014-07-07,20.4285
2014-07-08,20.4257
2014-07-09,20.4243
2014-07-10,20.4323
2014-07-11,20.4378
2014-07-12,20.4455
2014-07-13,20.4498
2014-07-14,20.4537
2014-07-15,20.4583
2014-07-16,20.4580
2014-07-17,20.4576
2014-07-18,20.4538
2014-07-19,20.4594
2014-07-20,20.4611
2014-07-21,20.4672
2014-07-22,20.4839
2014-07-23,20.4934
2014-07-24,20.4879
2014-07-25,20.4882
2014-07-26,20.4934
2014-07-27,20.5071
2014-07-28,20.5253
2014-07-29,20.5415
2014-07-30,20.5623
2014-07-31,20.5872
2014-08-01,20.5997
2014-08-02,20.6036
2014-08-03,20.6094
2014-08-04,20.6181
2014-08-05,20.6170
2014-08-06,20.6100
2014-08-07,20.6143
2014-08-08,20.6173
2014-08-09,20.6093
2014-08-10,20.5979
2014-08-11,20.5909
2014-08-12,20.5844
2014-08-13,20.5722
2014-08-14,20.5667
2014-08-15,20.5643
2014-08-16,20.5709
2014-08-17,20.5764
2014-08-18,20.5910
2014-08-19,20.6037
2014-08-20,20.6084
2014-08-21,20.6091
2014-08-22,20.6110
2014-08-23,20.6081
2014-08-24,20.6075
2014-08-25,20.6037
2014-08-26,20.5947
2014-08-27,20.5933
2014-08-28,20.5992
2014-08-29,20.6053
2014-08-30,20.6088
2014-08-31,20.6117
2014-09-01,20.6108
2014-09-02,20.6080
2014-09-03,20.5980
2014-09-04,20.5894
2014-09-05,20.5845
2014-09-06,20.5797
2014-09-07,20.5639
2014-09-08,20.5522
2014-09-09,20.5480
2014-09-10,20.5459
2014-09-11,20.5370
2014-09-12,20.5317
2014-09-13,20.5266
2014-09-14,20.5184
2014-09-15,20.5170
2014-09-16,20.5177
2014-09-17,20.5170
2014-09-18,20.5110
2014-09-19,20.5060
2014-09-20,20.4978
2014-09-21,20.4939
2014-09-22,20.4972
2014-09-23,20.4935
2014-09-24,20.4946
2014-09-25,20.4936
2014-09-26,20.4901
2014-09-27,20.4928
2014-09-28,20.4882
2014-09-29,20.4789
2014-09-30,20.4638
2014-10-01,20.4501
2014-10-02,20.4463
2014-10-03,20.4533
2014-10-04,20.4429
2014-10-05,20.4312
2014-10-06,20.4283
2014-10-07,20.4255
2014-10-08,20.4201
2014-10-09,20.4153
2014-10-10,20.4142
2014-10-11,20.4053
2014-10-12,20.3998
2014-10-13,20.3898
2014-10-14,20.3853
2014-10-15,20.3847
2014-10-16,20.3892
2014-10-17,20.3792
2014-10-18,20.3711
2014-10-19,20.3689
2014-10-20,20.3628
2014-10-21,20.3703
2014-10-22,20.3812
2014-10-23,20.3778
2014-10-24,20.3764
2014-10-25,20.3844
2014-10-26,20.3839
2014-10-27,20.3788
2014-10-28,20.3769
2014-10-29,20.3688
2014-10-30,20.3526
2014-10-31,20.3461
2014-11-01,20.3352
2014-11-02,20.3270
2014-11-03,20.3110
2014-11-04,20.2894
2014-11-05,20.2685
2014-11-06,20.2604
2014-11-07,20.2545
2014-11-08,20.2487
2014-11-09,20.2430
2014-11-10,20.2433
2014-11-11,20.2393
2014-11-12,20.2396
2014-11-13,20.2446
2014-11-14,20.2570
2014-11-15,20.2596
2014-11-16,20.2671
2014-11-17,20.2811
2014-11-18,20.3019
2014-11-19,20.3278
2014-11-20,20.3417
2014-11-21,20.3565
2014-11-22,20.3714
2014-11-23,20.3792
2014-11-24,20.3798
2014-11-25,20.3812
2014-11-26,20.3729
2014-11-27,20.3758
2014-11-28,20.3732
2014-11-29,20.3626
2014-11-30,20.3547
2014-12-01,20.3479
2014-12-02,20.3402
2014-12-03,20.3338
2014-12-04,20.3226
2014-12-05,20.3204
2014-12-06,20.3238
2014-12-07,20.3305
2014-12-08,20.3336
2014-12-09,20.3410
2014-12-10,20.3449
2014-12-11,20.3405
2014-12-12,20.3352
2014-12-13,20.3456
2014-12-14,20.3572
2014-12-15,20.3648
2014-12-16,20.3686
2014-12-17,20.3749
2014-12-18,20.3798
2014-12-19,20.3820
2014-12-20,20.3866
2014-12-21,20.3848
2014-12-22,20.3767
2014-12-23,20.3724
2014-12-24,20.3774
2014-12-25,20.3892
2014-12-26,20.3932
2014-12-27,20.4062
2014-12-28,20.4083
2014-12-29,20.4031
2014-12-30,20.3997
2014-12-31,20.3996
2015-01-01,20.3968
2015-01-02,20.3952
2015-01-03,20.3965
2015-01-04,20.4051
2015-01-05,20.4156
2015-01-06,20.4284
2015-01-07,20.4304
2015-01-08,20.4211
2015-01-09,20.4158
2015-01-10,20.4189
2015-01-11,20.4351
2015-01-12,20.4421
2015-01-13,20.4489
2015-01-14,20.4587
2015-01-15,20.4650
2015-01-16,20.4918
2015-01-17,20.5239
2015-01-18,20.5433
2015-01-19,20.5620
2015-01-20,20.5688
2015-01-21,20.5600
2015-01-22,20.5447
2015-01-23,20.5471
2015-01-24,20.5431
2015-01-25,20.5507
2015-01-26,20.5609
2015-01-27,20.5602
2015-01-28,20.5550
2015-01-29,20.5561
2015-01-30,20.5648
2015-01-31,20.5748
2015-02-01,20.5850
2015-02-02,20.5935
2015-02-03,20.6022
2015-02-04,20.6073
2015-02-05,20.6149
2015-02-06,20.6146
2015-02-07,20.6151
2015-02-08,20.6213
2015-02-09,20.6213
2015-02-10,20.6235
2015-02-11,20.6273
2015-02-12,20.6335
2015-02-13,20.6410
2015-02-14,20.6511
2015-02-15,20.6566
2015-02-16,20.6598
2015-02-17,20.6658
2015-02-18,20.6607
2015-02-19,20.6532
2015-02-20,20.6448
2015-02-21,20.6494
2015-02-22,20.6597
2015-02-23,20.6677
2015-02-24,20.6690
2015-02-25,20.6676
2015-02-26,20.6696
2015-02-27,20.6761
2015-02-28,20.6684
2015-03-01,20.6673
2015-03-02,20.6607
2015-03-03,20.6581
2015-03-04,20.6553
2015-03-05,20.6532
2015-03-06,20.6510
2015-03-07,20.6517
2015-03-08,20.6503
2015-03-09,20.6547
2015-03-10,20.6676
2015-03-11,20.6753
2015-03-12,20.6744
2015-03-13,20.6709
2015-03-14,20.6682
2015-03-15,20.6723
2015-03-16,20.6700
2015-03-17,20.6765
2015-03-18,20.6878
2015-03-19,20.6918
2015-03-20,20.7081
2015-03-21,20.7143
2015-03-22,20.7133
2015-03-23,20.7184
2015-03-24,20.7283
2015-03-25,20.7336
2015-03-26,20.7365
2015-03-27,20.7372
2015-03-28,20.7345
2015-03-29,20.7351
2015-03-30,20.7425
2015-03-31,20.7506
2015-04-01,20.7644
2015-04-02,20.7722
2015-04-03,20.7755
2015-04-04,20.7743
2015-04-05,20.7723
2015-04-06,20.7689
2015-04-07,20.7562
2015-04-08,20.7460
2015-04-09,20.7464
2015-04-10,20.7458
2015-04-11,20.7460
2015-04-12,20.7604
2015-04-13,20.7654
2015-04-14,20.7592
2015-04-15,20.7481
2015-04-16,20.7308
2015-04-17,20.7215
2015-04-18,20.7188
2015-04-19,20.7240
2015-04-20,20.7342
2015-04-21,20.7329
2015-04-22,20.7360
2015-04-23,20.7441
2015-04-24,20.7595
2015-04-25,20.7588
2015-04-26,20.7483
2015-04-27,20.7439
2015-04-28,20.7498
2015-04-29,20.7488
2015-04-30,20.7456
2015-05-01,20.7436
2015-05-02,20.7512
2015-05-03,20.7575
2015-05-04,20.7518
2015-05-05,20.7339
2015-05-06,20.7181
2015-05-07,20.6986
2015-05-08,20.6775
2015-05-09,20.6697
2015-05-10,20.6604
2015-05-11,20.6486
2015-05-12,20.6341
2015-05-13,20.6346
2015-05-14,20.6280
2015-05-15,20.6140
2015-05-16,20.6040
2015-05-17,20.6063
2015-05-18,20.6137
2015-05-19,20.6232
2015-05-20,20.6279
2015-05-21,20.6249
2015-05-22,20.6132
2015-05-23,20.6069
2015-05-24,20.6014
2015-05-25,20.5939
2015-05-26,20.6049
2015-05-27,20.6179
2015-05-28,20.6164
2015-05-29,20.6088
2015-05-30,20.6047
2015-05-31,20.6009
2015-06-01,20.5884
2015-06-02,20.5914
2015-06-03,20.5991
2015-06-04,20.6016
2015-06-05,20.5924
2015-06-06,20.5837
2015-06-07,20.5873
2015-06-08,20.5940
2015-06-09,20.5976
2015-06-10,20.5972
2015-06-11,20.5921
2015-06-12,20.5830
2015-06-13,20.5652
2015-06-14,20.5523
2015-06-15,20.5565
2015-06-16,20.5547
2015-06-17,20.5518
2015-06-18,20.5497
2015-06-19,20.5470
2015-06-20,20.5482
2015-06-21,20.5347
2015-06-22,20.5309
2015-06-23,20.5276
2015-06-24,20.5280
2015-06-25,20.5200
2015-06-26,20.5193
2015-06-27,20.5078
2015-06-28,20.5139
2015-06-29,20.5148
2015-06-30,20.5166
2015-07-01,20.5336
2015-07-02,20.5460
2015-07-03,20.5489
2015-07-04,20.5536
2015-07-05,20.5571
2015-07-06,20.5667
2015-07-07,20.5692
2015-07-08,20.5671
2015-07-09,20.5691
2015-07-10,20.5813
2015-07-11,20.5882
2015-07-12,20.5931
2015-07-13,20.5895
2015-07-14,20.5855
2015-07-15,20.5866
2015-07-16,20.5865
2015-07-17,20.5704
2015-07-18,20.5765
2015-07-19,20.5865
2015-07-20,20.5905
2015-07-21,20.5940
2015-07-22,20.5927
2015-07-23,20.5946
2015-07-24,20.5932
2015-07-25,20.5909
2015-07-26,20.5981
2015-07-27,20.6176
2015-07-28,20.6351
2015-07-29,20.6425
2015-07-30,20.6514
2015-07-31,20.6513
2015-08-01,20.6508
2015-08-02,20.6585
2015-08-03,20.6529
2015-08-04,20.6504
2015-08-05,20.6510
2015-08-06,20.6432
2015-08-07,20.6423
2015-08-08,20.6271
2015-08-09,20.6128
2015-08-10,20.6145
2015-08-11,20.6168
2015-08-12,20.6314
2015-08-13,20.6455
2015-08-14,20.6563
2015-08-15,20.6650
2015-08-16,20.6620
2015-08-17,20.6619
2015-08-18,20.6621
2015-08-19,20.6612
2015-08-20,20.6655
2015-08-21,20.6734
2015-08-22,20.6787
2015-08-23,20.6851
2015-08-24,20.6864
2015-08-25,20.6881
2015-08-26,20.6916
2015-08-27,20.6923
2015-08-28,20.6917
2015-08-29,20.6857
2015-08-30,20.6787
2015-08-31,20.6775
2015-09-01,20.6797
2015-09-02,20.6856
2015-09-03,20.6907
2015-09-04,20.6974
2015-09-05,20.7007
2015-09-06,20.6973
2015-09-07,20.6974
2015-09-08,20.6993
2015-09-09,20.6907
2015-09-10,20.6812
2015-09-11,20.6748
2015-09-12,20.6686
2015-09-13,20.6712
2015-09-14,20.6753
2015-09-15,20.6773
2015-09-16,20.6756
2015-09-17,20.6720
2015-09-18,20.6659
2015-09-19,20.6716
2015-09-20,20.6766
2015-09-21,20.6773
2015-09-22,20.6883
2015-09-23,20.7050
2015-09-24,20.7187
2015-09-25,20.7223
2015-09-26,20.7148
2015-09-27,20.7051
2015-09-28,20.6942
2015-09-29,20.6824
2015-09-30,20.6730
2015-10-01,20.6564
2015-10-02,20.6376
2015-10-03,20.6197
2015-10-04,20.6185
2015-10-05,20.6185
2015-10-06,20.6158
2015-10-07,20.6094
2015-10-08,20.6037
2015-10-09,20.5981
2015-10-10,20.5987
2015-10-11,20.6024
2015-10-12,20.5974
2015-10-13,20.5884
2015-10-14,20.5777
2015-10-15,20.5741
2015-10-16,20.5697
2015-10-17,20.5651
2015-10-18,20.5688
2015-10-19,20.5695
2015-10-20,20.5600
2015-10-21,20.5548
2015-10-22,20.5438
2015-10-23,20.5534
2015-10-24,20.5551
2015-10-25,20.5483
2015-10-26,20.5430
2015-10-27,20.5396
2015-10-28,20.5548
2015-10-29,20.5644
2015-10-30,20.5612
2015-10-31,20.5488
2015-11-01,20.5305
2015-11-02,20.5197
2015-11-03,20.5151
2015-11-04,20.5316
2015-11-05,20.5425
2015-11-06,20.5423
2015-11-07,20.5430
2015-11-08,20.5425
2015-11-09,20.5353
2015-11-10,20.5306
2015-11-11,20.5366
2015-11-12,20.5363
2015-11-13,20.5427
2015-11-14,20.5541
2015-11-15,20.5534
2015-11-16,20.5423
2015-11-17,20.5320
2015-11-18,20.5217
2015-11-19,20.5084
2015-11-20,20.4980
2015-11-21,20.4938
2015-11-22,20.4952
2015-11-23,20.5067
2015-11-24,20.5336
2015-11-25,20.5418
2015-11-26,20.5369
2015-11-27,20.5350
2015-11-28,20.5283
2015-11-29,20.5304
2015-11-30,20.5290
2015-12-01,20.5271
2015-12-02,20.5227
2015-12-03,20.5168
2015-12-04,20.5097
2015-12-05,20.5011
2015-12-06,20.5074
2015-12-07,20.5149
2015-12-08,20.5142
2015-12-09,20.5047
2015-12-10,20.4919
2015-12-11,20.4962
2015-12-12,20.5180
2015-12-13,20.5517
2015-12-14,20.5941
2015-12-15,20.6248
2015-12-16,20.6422
2015-12-17,20.6561
2015-12-18,20.6545
2015-12-19,20.6474
2015-12-20,20.6327
2015-12-21,20.6248
2015-12-22,20.6183
2015-12-23,20.6280
2015-12-24,20.6375
2015-12-25,20.6427
2015-12-26,20.6390
2015-12-27,20.6426
2015-12-28,20.6541
2015-12-29,20.6635
2015-12-30,20.6686
2015-12-31,20.6715
2016-01-01,20.6796
2016-01-02,20.6920
2016-01-03,20.7037
2016-01-04,20.7212
2016-01-05,20.7328
2016-01-06,20.7329
2016-01-07,20.7300
2016-01-08,20.7409
2016-01-09,20.7518
2016-01-10,20.7810
2016-01-11,20.7916
2016-01-12,20.7872
2016-01-13,20.7821
2016-01-14,20.7899
2016-01-15,20.7976
2016-01-16,20.8050
2016-01-17,20.8137
2016-01-18,20.8269
2016-01-19,20.8324
2016-01-20,20.8302
2016-01-21,20.8348
2016-01-22,20.8346
2016-01-23,20.8326
2016-01-24,20.8286
2016-01-25,20.8277
2016-01-26,20.8269
2016-01-27,20.8285
2016-01-28,20.8272
2016-01-29,20.8249
2016-01-30,20.8229
2016-01-31,20.8260
2016-02-01,20.8286
2016-02-02,20.8316
2016-02-03,20.8281
2016-02-04,20.8361
2016-02-05,20.8400
2016-02-06,20.8347
2016-02-07,20.8301
2016-02-08,20.8299
2016-02-09,20.8384
2016-02-10,20.8534
2016-02-11,20.8642
2016-02-12,20.8751
2016-02-13,20.8789
2016-02-14,20.8780
2016-02-15,20.8651
2016-02-16,20.8528
2016-02-17,20.8467
2016-02-18,20.8317
2016-02-19,20.8268
2016-02-20,20.8323
2016-02-21,20.8404
2016-02-22,20.8573
2016-02-23,20.8774
2016-02-24,20.8901
2016-02-25,20.8876
2016-02-26,20.8793
2016-02-27,20.8830
2016-02-28,20.8847
2016-02-29,20.8852
2016-03-01,20.8919
2016-03-02,20.9100
2016-03-03,20.9266
2016-03-04,20.9446
2016-03-05,20.9564
2016-03-06,20.9695
2016-03-07,20.9655
2016-03-08,20.9577
2016-03-09,20.9478
2016-03-10,20.9448
2016-03-11,20.9403
2016-03-12,20.9400
2016-03-13,20.9405
2016-03-14,20.9446
2016-03-15,20.9504
2016-03-16,20.9537
2016-03-17,20.9581
2016-03-18,20.9617
2016-03-19,20.9524
2016-03-20,20.9402
2016-03-21,20.9262
2016-03-22,20.9137
2016-03-23,20.9047
2016-03-24,20.9000
2016-03-25,20.8950
2016-03-26,20.8922
2016-03-27,20.8953
2016-03-28,20.9085
2016-03-29,20.9183
2016-03-30,20.9187
2016-03-31,20.9203
2016-04-01,20.9225
2016-04-02,20.9122
2016-04-03,20.9024
2016-04-04,20.8957
2016-04-05,20.8856
2016-04-06,20.8753
2016-04-07,20.8671
2016-04-08,20.8661
2016-04-09,20.8610
2016-04-10,20.8641
2016-04-11,20.8557
2016-04-12,20.8476
2016-04-13,20.8457
2016-04-14,20.8425
2016-04-15,20.8440
2016-04-16,20.8381
2016-04-17,20.8169
2016-04-18,20.7984
2016-04-19,20.7901
2016-04-20,20.8118
2016-04-21,20.8046
2016-04-22,20.8086
2016-04-23,20.8120
2016-04-24,20.8037
2016-04-25,20.7957
2016-04-26,20.7916
2016-04-27,20.7940
2016-04-28,20.7919
2016-04-29,20.7859
2016-04-30,20.7928
2016-05-01,20.7833
2016-05-02,20.7767
2016-05-03,20.7697
2016-05-04,20.7732
2016-05-05,20.7754
2016-05-06,20.7536
2016-05-07,20.7315
2016-05-08,20.7235
2016-05-09,20.7234
2016-05-10,20.7176
2016-05-11,20.7154
2016-05-12,20.7159
2016-05-13,20.7163
2016-05-14,20.7081
2016-05-15,20.7059
2016-05-16,20.6902
2016-05-17,20.6770
2016-05-18,20.6687
2016-05-19,20.6590
2016-05-20,20.6329
2016-05-21,20.6218
2016-05-22,20.6167
2016-05-23,20.5905
2016-05-24,20.5901
2016-05-25,20.5888
2016-05-26,20.5955
2016-05-27,20.6172
2016-05-28,20.6322
2016-05-29,20.6342
2016-05-30,20.6228
2016-05-31,20.6139
2016-06-01,20.6129
2016-06-02,20.6104
2016-06-03,20.6300
2016-06-04,20.6323
2016-06-05,20.6257
2016-06-06,20.6230
2016-06-07,20.6152
2016-06-08,20.6138
2016-06-09,20.6185
2016-06-10,20.5974
2016-06-11,20.6007
2016-06-12,20.6079
2016-06-13,20.6111
2016-06-14,20.6124
2016-06-15,20.6121
2016-06-16,20.6163
2016-06-17,20.6213
2016-06-18,20.6148
2016-06-19,20.6153
2016-06-20,20.6088
2016-06-21,20.5978
2016-06-22,20.6009
2016-06-23,20.5955
2016-06-24,20.5965
2016-06-25,20.6018
2016-06-26,20.6061
2016-06-27,20.6231
2016-06-28,20.6298
2016-06-29,20.6258
2016-06-30,20.6311
2016-07-01,20.6424
2016-07-02,20.6398
2016-07-03,20.6315
2016-07-04,20.6264
2016-07-05,20.6212
2016-07-06,20.6077
2016-07-07,20.5991
2016-07-08,20.5951
2016-07-09,20.5933
2016-07-10,20.5934
2016-07-11,20.5947
2016-07-12,20.5905
2016-07-13,20.5932
2016-07-14,20.5926
2016-07-15,20.5873
2016-07-16,20.5909
2016-07-17,20.5951
2016-07-18,20.5977
2016-07-19,20.6013
2016-07-20,20.6022
2016-07-21,20.6007
2016-07-22,20.6059
2016-07-23,20.6042
2016-07-24,20.6026
2016-07-25,20.6079
2016-07-26,20.6198
2016-07-27,20.6336
2016-07-28,20.6494
2016-07-29,20.6626
2016-07-30,20.6720
2016-07-31,20.6780
2016-08-01,20.6827
2016-08-02,20.6887
2016-08-03,20.6894
2016-08-04,20.6849
2016-08-05,20.6845
2016-08-06,20.6777
2016-08-07,20.6674
2016-08-08,20.6586
2016-08-09,20.6400
2016-08-10,20.6428
2016-08-11,20.6560
2016-08-12,20.6636
2016-08-13,20.6639
2016-08-14,20.6620
2016-08-15,20.6578
2016-08-16,20.6509
2016-08-17,20.6455
2016-08-18,20.6314
2016-08-19,20.6206
2016-08-20,20.6135
2016-08-21,20.6161
2016-08-22,20.6261
2016-08-23,20.6254
2016-08-24,20.6278
2016-08-25,20.6330
2016-08-26,20.6383
2016-08-27,20.6493
2016-08-28,20.6428
2016-08-29,20.6387
2016-08-30,20.6316
2016-08-31,20.6200
2016-09-01,20.6142
2016-09-02,20.6110
2016-09-03,20.6130
2016-09-04,20.6131
2016-09-05,20.6156
2016-09-06,20.6166
2016-09-07,20.6200
2016-09-08,20.6200
2016-09-09,20.6135
2016-09-10,20.6071
2016-09-11,20.6043
2016-09-12,20.6001
2016-09-13,20.5983
2016-09-14,20.5916
2016-09-15,20.5849
2016-09-16,20.5691
2016-09-17,20.5568
2016-09-18,20.5561
2016-09-19,20.5637
2016-09-20,20.5726
2016-09-21,20.5803
2016-09-22,20.5882
2016-09-23,20.5882
2016-09-24,20.5834
2016-09-25,20.5775
2016-09-26,20.5695
2016-09-27,20.5559
2016-09-28,20.5463
2016-09-29,20.5320
2016-09-30,20.5221
2016-10-01,20.5158
2016-10-02,20.5166
2016-10-03,20.5185
2016-10-04,20.5087
2016-10-05,20.4971
2016-10-06,20.4833
2016-10-07,20.4753
2016-10-08,20.4622
2016-10-09,20.4585
2016-10-10,20.4580
2016-10-11,20.4620
2016-10-12,20.4645
2016-10-13,20.4584
2016-10-14,20.4457
2016-10-15,20.4346
2016-10-16,20.4296
2016-10-17,20.4237
2016-10-18,20.4190
2016-10-19,20.4166
2016-10-20,20.4079
2016-10-21,20.4154
2016-10-22,20.4090
2016-10-23,20.4071
2016-10-24,20.4008
2016-10-25,20.3965
2016-10-26,20.3946
2016-10-27,20.3907
2016-10-28,20.3861
2016-10-29,20.3804
2016-10-30,20.3726
2016-10-31,20.3618
2016-11-01,20.3501
2016-11-02,20.3395
2016-11-03,20.3310
2016-11-04,20.3318
2016-11-05,20.3319
2016-11-06,20.3237
2016-11-07,20.2966
2016-11-08,20.2699
2016-11-09,20.2610
2016-11-10,20.2640
2016-11-11,20.2778
2016-11-12,20.2890
2016-11-13,20.2942
2016-11-14,20.2965
2016-11-15,20.2852
2016-11-16,20.2762
2016-11-17,20.2727
2016-11-18,20.2671
2016-11-19,20.2664
2016-11-20,20.2676
2016-11-21,20.2739
2016-11-22,20.2831
2016-11-23,20.2961
2016-11-24,20.2987
2016-11-25,20.3028
2016-11-26,20.3048
2016-11-27,20.3020
2016-11-28,20.2969
2016-11-29,20.3064
2016-11-30,20.3319
2016-12-01,20.3780
2016-12-02,20.4148
2016-12-03,20.4212
2016-12-04,20.4177
2016-12-05,20.4130
2016-12-06,20.4057
2016-12-07,20.4021
2016-12-08,20.4050
2016-12-09,20.4087
2016-12-10,20.4044
2016-12-11,20.3982
2016-12-12,20.3888
2016-12-13,20.3768
2016-12-14,20.3638
2016-12-15,20.3583
2016-12-16,20.3532
2016-12-17,20.3479
2016-12-18,20.3471
2016-12-19,20.3524
2016-12-20,20.3594
2016-12-21,20.3784
2016-12-22,20.3976
2016-12-23,20.4023
2016-12-24,20.4103
2016-12-25,20.4166
2016-12-26,20.4127
2016-12-27,20.4166
2016-12-28,20.4277
2016-12-29,20.4417
2016-12-30,20.4529
2016-12-31,20.4548
2017-01-01,20.4551
2017-01-02,20.4542
2017-01-03,20.4556
2017-01-04,20.4709
2017-01-05,20.4823
2017-01-06,20.4809
2017-01-07,20.4825
2017-01-08,20.5046
2017-01-09,20.5074
2017-01-10,20.5135
2017-01-11,20.5374
2017-01-12,20.5532
2017-01-13,20.5652
2017-01-14,20.5680
2017-01-15,20.5686
2017-01-16,20.5749
2017-01-17,20.5696
2017-01-18,20.5662
2017-01-19,20.5664
2017-01-20,20.5714
2017-01-21,20.5942
2017-01-22,20.6167
2017-01-23,20.6231
2017-01-24,20.6211
2017-01-25,20.6326
2017-01-26,20.6321
2017-01-27,20.6302
2017-01-28,20.6282
2017-01-29,20.6447
2017-01-30,20.6695
2017-01-31,20.6761
2017-02-01,20.6762
2017-02-02,20.6836
2017-02-03,20.7024
2017-02-04,20.7215
2017-02-05,20.7111
2017-02-06,20.7128
2017-02-07,20.7097
2017-02-08,20.7019
2017-02-09,20.7030
2017-02-10,20.7056
2017-02-11,20.7127
2017-02-12,20.7274
2017-02-13,20.7460
2017-02-14,20.7512
2017-02-15,20.7621
2017-02-16,20.7586
2017-02-17,20.7410
2017-02-18,20.7349
2017-02-19,20.7157
2017-02-20,20.7232
2017-02-21,20.7264
2017-02-22,20.7308
2017-02-23,20.7532
2017-02-24,20.7699
2017-02-25,20.7832
2017-02-26,20.7907
2017-02-27,20.7806
2017-02-28,20.7840
2017-03-01,20.7936
2017-03-02,20.7919
2017-03-03,20.7866
2017-03-04,20.7852
2017-03-05,20.7905
2017-03-06,20.8048
2017-03-07,20.8203
2017-03-08,20.8342
2017-03-09,20.8405
2017-03-10,20.8323
2017-03-11,20.8221
2017-03-12,20.8180
2017-03-13,20.8225
2017-03-14,20.8238
2017-03-15,20.8126
2017-03-16,20.7969
2017-03-17,20.7920
2017-03-18,20.7964
2017-03-19,20.8102
2017-03-20,20.8166
2017-03-21,20.8169
2017-03-22,20.8164
2017-03-23,20.8095
2017-03-24,20.8009
2017-03-25,20.7950
2017-03-26,20.7838
2017-03-27,20.7723
2017-03-28,20.7675
2017-03-29,20.7664
2017-03-30,20.7709
2017-03-31,20.7753
2017-04-01,20.7932
2017-04-02,20.8035
2017-04-03,20.8088
2017-04-04,20.8137
2017-04-05,20.8040
2017-04-06,20.7911
2017-04-07,20.7902
2017-04-08,20.7816
2017-04-09,20.7807
2017-04-10,20.7903
2017-04-11,20.7936
2017-04-12,20.7957
2017-04-13,20.8007
2017-04-14,20.8008
2017-04-15,20.7925
2017-04-16,20.7986
2017-04-17,20.8043
2017-04-18,20.8039
2017-04-19,20.8053
2017-04-20,20.8084
2017-04-21,20.8092
2017-04-22,20.8104
2017-04-23,20.8166
2017-04-24,20.8168
2017-04-25,20.8015
2017-04-26,20.7824
2017-04-27,20.7687
2017-04-28,20.7566
2017-04-29,20.7452
2017-04-30,20.7448
2017-05-01,20.7406
2017-05-02,20.7380
2017-05-03,20.7315
2017-05-04,20.7176
2017-05-05,20.7048
2017-05-06,20.6920
2017-05-07,20.6765
2017-05-08,20.6563
2017-05-09,20.6502
2017-05-10,20.6501
2017-05-11,20.6464
2017-05-12,20.6387
2017-05-13,20.6308
2017-05-14,20.6228
2017-05-15,20.6259
2017-05-16,20.6238
2017-05-17,20.6159
2017-05-18,20.6106
2017-05-19,20.6107
2017-05-20,20.6040
2017-05-21,20.5954
2017-05-22,20.5996
2017-05-23,20.6063
2017-05-24,20.6126
2017-05-25,20.6150
2017-05-26,20.6138
2017-05-27,20.6195
2017-05-28,20.6269
2017-05-29,20.6238
2017-05-30,20.6208
2017-05-31,20.6202
2017-06-01,20.6210
2017-06-02,20.6171
2017-06-03,20.6083
2017-06-04,20.5999
2017-06-05,20.5952
2017-06-06,20.5844
2017-06-07,20.5670
2017-06-08,20.5488
2017-06-09,20.5462
2017-06-10,20.5452
2017-06-11,20.5324
2017-06-12,20.5358
2017-06-13,20.5442
2017-06-14,20.5467
2017-06-15,20.5551
2017-06-16,20.5608
2017-06-17,20.5664
2017-06-18,20.5553
2017-06-19,20.5500
2017-06-20,20.5348
2017-06-21,20.5272
2017-06-22,20.5348
2017-06-23,20.5378
2017-06-24,20.5375
2017-06-25,20.5397
2017-06-26,20.5414
2017-06-27,20.5447
2017-06-28,20.5558
2017-06-29,20.5607
2017-06-30,20.5635
2017-07-01,20.5575
2017-07-02,20.5563
2017-07-03,20.5577
2017-07-04,20.5639
2017-07-05,20.5659
2017-07-06,20.5739
2017-07-07,20.5870
2017-07-08,20.5911
2017-07-09,20.5991
2017-07-10,20.6087
2017-07-11,20.6125
2017-07-12,20.6130
2017-07-13,20.6117
2017-07-14,20.6108
2017-07-15,20.6103
2017-07-16,20.6075
2017-07-17,20.6072
2017-07-18,20.6031
2017-07-19,20.6020
2017-07-20,20.5964
2017-07-21,20.6001
2017-07-22,20.6073
2017-07-23,20.6081
2017-07-24,20.6048
2017-07-25,20.6043
2017-07-26,20.6103
2017-07-27,20.6132
2017-07-28,20.6174
2017-07-29,20.6218
2017-07-30,20.6240
2017-07-31,20.6315
2017-08-01,20.6335
2017-08-02,20.6353
2017-08-03,20.6335
2017-08-04,20.6371
2017-08-05,20.6481
2017-08-06,20.6611
2017-08-07,20.6647
2017-08-08,20.6593
2017-08-09,20.6583
2017-08-10,20.6575
2017-08-11,20.6536
2017-08-12,20.6544
2017-08-13,20.6495
2017-08-14,20.6547
2017-08-15,20.6592
2017-08-16,20.6634
2017-08-17,20.6717
2017-08-18,20.6792
2017-08-19,20.6809
2017-08-20,20.6709
2017-08-21,20.6681
2017-08-22,20.6655
2017-08-23,20.6715
2017-08-24,20.6787
2017-08-25,20.6817
2017-08-26,20.6847
2017-08-27,20.6804
2017-08-28,20.6762
2017-08-29,20.6673
2017-08-30,20.6543
2017-08-31,20.6348
2017-09-01,20.6142
2017-09-02,20.6002
2017-09-03,20.5790
2017-09-04,20.5758
2017-09-05,20.5825
2017-09-06,20.5800
2017-09-07,20.5761
2017-09-08,20.5788
2017-09-09,20.5746
2017-09-10,20.5715
2017-09-11,20.5548
2017-09-12,20.5513
2017-09-13,20.5542
2017-09-14,20.5475
2017-09-15,20.5386
2017-09-16,20.5323
2017-09-17,20.5292
2017-09-18,20.5300
2017-09-19,20.5301
2017-09-20,20.5298
2017-09-21,20.5240
2017-09-22,20.5164
2017-09-23,20.5173
2017-09-24,20.5102
2017-09-25,20.5052
2017-09-26,20.5043
2017-09-27,20.4980
2017-09-28,20.4909
2017-09-29,20.4919
2017-09-30,20.4974
2017-10-01,20.4939
2017-10-02,20.4806
2017-10-03,20.4663
2017-10-04,20.4556
2017-10-05,20.4449
2017-10-06,20.4343
2017-10-07,20.4327
2017-10-08,20.4354
2017-10-09,20.4429
2017-10-10,20.4388
2017-10-11,20.4259
2017-10-12,20.4184
2017-10-13,20.4196
2017-10-14,20.4169
2017-10-15,20.4125
2017-10-16,20.4125
2017-10-17,20.4044
2017-10-18,20.3894
2017-10-19,20.3754
2017-10-20,20.3623
2017-10-21,20.3563
2017-10-22,20.3551
2017-10-23,20.3535
2017-10-24,20.3564
2017-10-25,20.3589
2017-10-26,20.3618
2017-10-27,20.3711
2017-10-28,20.3770
2017-10-29,20.3724
2017-10-30,20.3687
2017-10-31,20.3664
2017-11-01,20.3619
2017-11-02,20.3550
2017-11-03,20.3591
2017-11-04,20.3517
2017-11-05,20.3420
2017-11-06,20.3446
2017-11-07,20.3481
2017-11-08,20.3515
2017-11-09,20.3534
2017-11-10,20.3533
2017-11-11,20.3440
2017-11-12,20.3401
2017-11-13,20.3391
2017-11-14,20.3345
2017-11-15,20.3213
2017-11-16,20.3176
2017-11-17,20.3124
2017-11-18,20.3105
2017-11-19,20.3080
2017-11-20,20.3100
2017-11-21,20.3174
2017-11-22,20.3210
2017-11-23,20.3135
2017-11-24,20.3078
2017-11-25,20.3041
2017-11-26,20.3041
2017-11-27,20.2986
2017-11-28,20.2935
2017-11-29,20.3029
2017-11-30,20.3103
2017-12-01,20.3203
2017-12-02,20.3256
2017-12-03,20.3213
2017-12-04,20.3130
2017-12-05,20.3082
2017-12-06,20.3054
2017-12-07,20.3017
2017-12-08,20.2976
2017-12-09,20.2959
2017-12-10,20.2983
2017-12-11,20.3065
2017-12-12,20.3120
2017-12-13,20.3082
2017-12-14,20.3047
2017-12-15,20.3060
2017-12-16,20.3059
2017-12-17,20.2981
2017-12-18,20.2920
2017-12-19,20.2953
2017-12-20,20.3056
2017-12-21,20.3035
2017-12-22,20.3082
2017-12-23,20.3145
2017-12-24,20.3193
2017-12-25,20.3217
2017-12-26,20.3219
2017-12-27,20.3280
2017-12-28,20.3466
2017-12-29,20.3691
2017-12-30,20.3805
2017-12-31,20.3866
2018-01-01,20.3949
2018-01-02,20.4050
2018-01-03,20.4140
2018-01-04,20.4267
2018-01-05,20.4353
2018-01-06,20.4336
2018-01-07,20.4335
2018-01-08,20.4353
2018-01-09,20.4361
2018-01-10,20.4405
2018-01-11,20.4433
2018-01-12,20.4463
2018-01-13,20.4597
2018-01-14,20.4668
2018-01-15,20.4660
2018-01-16,20.4592
2018-01-17,20.4558
2018-01-18,20.4576
2018-01-19,20.4582
2018-01-20,20.4637
2018-01-21,20.4832
2018-01-22,20.5005
2018-01-23,20.5186
2018-01-24,20.5402
2018-01-25,20.5525
2018-01-26,20.5587
2018-01-27,20.5590
2018-01-28,20.5478
2018-01-29,20.5297
2018-01-30,20.5140
2018-01-31,20.4879
2018-02-01,20.4806
2018-02-02,20.4871
2018-02-03,20.4951
2018-02-04,20.5013
2018-02-05,20.5026
2018-02-06,20.5029
2018-02-07,20.5085
2018-02-08,20.5204
2018-02-09,20.5256
2018-02-10,20.5202
2018-02-11,20.5280
2018-02-12,20.5339
2018-02-13,20.5388
2018-02-14,20.5535
2018-02-15,20.5718
2018-02-16,20.5878
2018-02-17,20.6084
2018-02-18,20.6211
2018-02-19,20.6287
2018-02-20,20.6367
2018-02-21,20.6530
2018-02-22,20.6700
2018-02-23,20.6773
2018-02-24,20.6829
2018-02-25,20.6990
2018-02-26,20.7064
2018-02-27,20.7093
2018-02-28,20.7171
2018-03-01,20.7273
2018-03-02,20.7381
2018-03-03,20.7516
2018-03-04,20.7610
2018-03-05,20.7602
2018-03-06,20.7574
2018-03-07,20.7456
2018-03-08,20.7393
2018-03-09,20.7226
2018-03-10,20.7071
2018-03-11,20.7078
2018-03-12,20.7171
2018-03-13,20.7103
2018-03-14,20.7094
2018-03-15,20.7136
2018-03-16,20.7200
2018-03-17,20.7106
2018-03-18,20.7134
2018-03-19,20.7251
2018-03-20,20.7326
2018-03-21,20.7179
2018-03-22,20.6936
2018-03-23,20.6710
2018-03-24,20.6604
2018-03-25,20.6547
2018-03-26,20.6623
2018-03-27,20.6778
2018-03-28,20.6953
2018-03-29,20.7052
2018-03-30,20.7150
2018-03-31,20.7188
2018-04-01,20.7344
2018-04-02,20.7509
2018-04-03,20.7629
2018-04-04,20.7710
2018-04-05,20.7719
2018-04-06,20.7633
2018-04-07,20.7517
2018-04-08,20.7442
2018-04-09,20.7418
2018-04-10,20.7353
2018-04-11,20.7157
2018-04-12,20.7086
2018-04-13,20.7011
2018-04-14,20.6934
2018-04-15,20.6863
2018-04-16,20.6830
2018-04-17,20.6775
2018-04-18,20.6698
2018-04-19,20.6690
2018-04-20,20.6639
2018-04-21,20.6707
2018-04-22,20.6743
2018-04-23,20.6719
2018-04-24,20.6693
2018-04-25,20.6732
2018-04-26,20.6730
2018-04-27,20.6665
2018-04-28,20.6619
2018-04-29,20.6524
2018-04-30,20.6440
2018-05-01,20.6301
2018-05-02,20.6236
2018-05-03,20.6212
2018-05-04,20.6221
2018-05-05,20.6292
2018-05-06,20.6350
2018-05-07,20.6348
2018-05-08,20.6274
2018-05-09,20.6175
2018-05-10,20.6235
2018-05-11,20.6277
2018-05-12,20.6281
2018-05-13,20.6358
2018-05-14,20.6453
2018-05-15,20.6455
2018-05-16,20.6452
2018-05-17,20.6446
2018-05-18,20.6371
2018-05-19,20.6395
2018-05-20,20.6308
2018-05-21,20.6240
2018-05-22,20.6149
2018-05-23,20.6072
2018-05-24,20.5967
2018-05-25,20.5915
2018-05-26,20.5850
2018-05-27,20.5705
2018-05-28,20.5612
2018-05-29,20.5514
2018-05-30,20.5406
2018-05-31,20.5344
2018-06-01,20.5351
2018-06-02,20.5371
2018-06-03,20.5323
2018-06-04,20.5333
2018-06-05,20.5297
2018-06-06,20.5344
2018-06-07,20.5306
2018-06-08,20.5251
2018-06-09,20.5170
2018-06-10,20.5027
2018-06-11,20.4776
2018-06-12,20.4538
2018-06-13,20.4365
2018-06-14,20.4265
2018-06-15,20.4209
2018-06-16,20.4230
2018-06-17,20.4249
2018-06-18,20.4315
2018-06-19,20.4375
2018-06-20,20.4380
2018-06-21,20.4463
2018-06-22,20.4538
2018-06-23,20.4528
2018-06-24,20.4565
2018-06-25,20.4650
2018-06-26,20.4742
2018-06-27,20.4797
2018-06-28,20.4794
2018-06-29,20.4716
2018-06-30,20.4689
2018-07-01,20.4709
2018-07-02,20.4682
2018-07-03,20.4517
2018-07-04,20.4367
2018-07-05,20.4339
2018-07-06,20.4240
2018-07-07,20.4178
2018-07-08,20.4238
2018-07-09,20.4423
2018-07-10,20.4544
2018-07-11,20.4527
2018-07-12,20.4495
2018-07-13,20.4469
2018-07-14,20.4434
2018-07-15,20.4364
2018-07-16,20.4334
2018-07-17,20.4322
2018-07-18,20.4264
2018-07-19,20.4299
2018-07-20,20.4373
2018-07-21,20.4381
2018-07-22,20.4423
2018-07-23,20.4452
2018-07-24,20.4550
2018-07-25,20.4618
2018-07-26,20.4704
2018-07-27,20.4881
2018-07-28,20.5029
2018-07-29,20.5086
2018-07-30,20.5160
2018-07-31,20.5212
2018-08-01,20.5239
2018-08-02,20.5302
2018-08-03,20.5356
2018-08-04,20.5360
2018-08-05,20.5368
2018-08-06,20.5323
2018-08-07,20.5292
2018-08-08,20.5211
2018-08-09,20.5135
2018-08-10,20.5166
2018-08-11,20.5226
2018-08-12,20.5215
2018-08-13,20.5225
2018-08-14,20.5310
2018-08-15,20.5452
2018-08-16,20.5477
2018-08-17,20.5418
2018-08-18,20.5477
2018-08-19,20.5495
2018-08-20,20.5487
2018-08-21,20.5641
2018-08-22,20.5668
2018-08-23,20.5669
2018-08-24,20.5613
2018-08-25,20.5513
2018-08-26,20.5392
2018-08-27,20.5350
2018-08-28,20.5337
2018-08-29,20.5329
2018-08-30,20.5401
2018-08-31,20.5439
2018-09-01,20.5450
2018-09-02,20.5416
2018-09-03,20.5382
2018-09-04,20.5427
2018-09-05,20.5490
2018-09-06,20.5573
2018-09-07,20.5540
2018-09-08,20.5483
2018-09-09,20.5388
2018-09-10,20.5322
2018-09-11,20.5280
2018-09-12,20.5307
2018-09-13,20.5372
2018-09-14,20.5302
2018-09-15,20.5280
2018-09-16,20.5229
2018-09-17,20.5127
2018-09-18,20.5141
2018-09-19,20.5114
2018-09-20,20.5112
2018-09-21,20.5143
2018-09-22,20.5219
2018-09-23,20.5351
2018-09-24,20.5466
2018-09-25,20.5496
2018-09-26,20.5417
2018-09-27,20.5346
2018-09-28,20.5262
2018-09-29,20.5156
2018-09-30,20.5115
2018-10-01,20.5063
2018-10-02,20.5027
2018-10-03,20.5019
2018-10-04,20.5133
2018-10-05,20.5217
2018-10-06,20.5255
2018-10-07,20.5229
2018-10-08,20.5202
2018-10-09,20.5186
2018-10-10,20.5095
2018-10-11,20.5005
2018-10-12,20.4863
2018-10-13,20.4748
2018-10-14,20.4659
2018-10-15,20.4645
2018-10-16,20.4592
2018-10-17,20.4504
2018-10-18,20.4411
2018-10-19,20.4317
2018-10-20,20.4344
2018-10-21,20.4378
2018-10-22,20.4424
2018-10-23,20.4508
2018-10-24,20.4576
2018-10-25,20.4608
2018-10-26,20.4670
2018-10-27,20.4649
2018-10-28,20.4595
2018-10-29,20.4559
2018-10-30,20.4467
2018-10-31,20.4386
2018-11-01,20.4194
2018-11-02,20.4084
2018-11-03,20.4040
2018-11-04,20.4009
2018-11-05,20.4015
2018-11-06,20.4071
2018-11-07,20.4160
2018-11-08,20.4161
2018-11-09,20.4082
2018-11-10,20.4040
2018-11-11,20.4021
2018-11-12,20.4138
2018-11-13,20.4294
2018-11-14,20.4353
2018-11-15,20.4346
2018-11-16,20.4245
2018-11-17,20.4259
2018-11-18,20.4218
2018-11-19,20.4121
2018-11-20,20.4099
2018-11-21,20.4174
2018-11-22,20.4276
2018-11-23,20.4383
2018-11-24,20.4359
2018-11-25,20.4349
2018-11-26,20.4392
2018-11-27,20.4411
2018-11-28,20.4451
2018-11-29,20.4458
2018-11-30,20.4407
2018-12-01,20.4390
2018-12-02,20.4460
2018-12-03,20.4704
2018-12-04,20.4846
2018-12-05,20.4934
2018-12-06,20.4915
2018-12-07,20.4864
2018-12-08,20.4777
2018-12-09,20.4672
2018-12-10,20.4610
2018-12-11,20.4539
2018-12-12,20.4516
2018-12-13,20.4477
2018-12-14,20.4403
2018-12-15,20.4330
2018-12-16,20.4274
2018-12-17,20.4322
2018-12-18,20.4417
2018-12-19,20.4512
2018-12-20,20.4661
2018-12-21,20.4823
2018-12-22,20.4969
2018-12-23,20.5128
2018-12-24,20.5228
2018-12-25,20.5255
2018-12-26,20.5213
2018-12-27,20.5135
2018-12-28,20.4960
2018-12-29,20.4858
2018-12-30,20.4912
2018-12-31,20.4963
2019-01-01,20.4952
2019-01-02,20.4833
2019-01-03,20.4696
2019-01-04,20.4625
2019-01-05,20.4645
2019-01-06,20.4803
2019-01-07,20.5041
2019-01-08,20.5203
2019-01-09,20.5415
2019-01-10,20.5508
2019-01-11,20.5680
2019-01-12,20.5870
2019-01-13,20.6150
2019-01-14,20.6417
2019-01-15,20.6599
2019-01-16,20.6656
2019-01-17,20.6538
2019-01-18,20.6415
2019-01-19,20.6410
2019-01-20,20.6368
2019-01-21,20.6280
2019-01-22,20.6267
2019-01-23,20.6304
2019-01-24,20.6377
2019-01-25,20.6363
2019-01-26,20.6329
2019-01-27,20.6354
2019-01-28,20.6444
2019-01-29,20.6612
2019-01-30,20.6695
2019-01-31,20.6608
2019-02-01,20.6626
2019-02-02,20.6674
2019-02-03,20.6754
2019-02-04,20.6882
2019-02-05,20.6961
2019-02-06,20.6944
2019-02-07,20.6946
2019-02-08,20.6866
2019-02-09,20.6743
2019-02-10,20.6686
2019-02-11,20.6788
2019-02-12,20.6936
2019-02-13,20.7027
2019-02-14,20.7144
2019-02-15,20.7212
2019-02-16,20.7377
2019-02-17,20.7511
2019-02-18,20.7558
2019-02-19,20.7556
2019-02-20,20.7642
2019-02-21,20.7736
2019-02-22,20.7850
2019-02-23,20.7984
2019-02-24,20.8088
2019-02-25,20.8158
2019-02-26,20.8155
2019-02-27,20.8112
2019-02-28,20.8112
2019-03-01,20.8123
2019-03-02,20.8234
2019-03-03,20.8394
2019-03-04,20.8446
2019-03-05,20.8434
2019-03-06,20.8412
2019-03-07,20.8263
2019-03-08,20.8135
2019-03-09,20.7996
2019-03-10,20.8011
2019-03-11,20.7992
2019-03-12,20.7960
2019-03-13,20.7926
2019-03-14,20.7986
2019-03-15,20.8066
2019-03-16,20.8226
2019-03-17,20.8425
2019-03-18,20.8558
2019-03-19,20.8606
2019-03-20,20.8652
2019-03-21,20.8697
2019-03-22,20.8714
2019-03-23,20.8666
2019-03-24,20.8606
2019-03-25,20.8514
2019-03-26,20.8459
2019-03-27,20.8485
2019-03-28,20.8482
2019-03-29,20.8477
2019-03-30,20.8451
2019-03-31,20.8504
2019-04-01,20.8501
2019-04-02,20.8384
2019-04-03,20.8268
2019-04-04,20.8190
2019-04-05,20.8113
2019-04-06,20.8156
2019-04-07,20.8273
2019-04-08,20.8257
2019-04-09,20.8247
2019-04-10,20.8121
2019-04-11,20.7999
2019-04-12,20.7916
2019-04-13,20.7955
2019-04-14,20.7927
2019-04-15,20.7858
2019-04-16,20.7860
2019-04-17,20.7878
2019-04-18,20.7806
2019-04-19,20.7676
2019-04-20,20.7488
2019-04-21,20.7390
2019-04-22,20.7365
2019-04-23,20.7374
2019-04-24,20.7295
2019-04-25,20.7407
2019-04-26,20.7522
2019-04-27,20.7568
2019-04-28,20.7479
2019-04-29,20.7329
2019-04-30,20.7160
2019-05-01,20.6988
2019-05-02,20.6844
2019-05-03,20.6701
2019-05-04,20.6659
2019-05-05,20.6698
2019-05-06,20.6719
2019-05-07,20.6672
2019-05-08,20.6628
2019-05-09,20.6661
2019-05-10,20.6642
2019-05-11,20.6501
2019-05-12,20.6486
2019-05-13,20.6507
2019-05-14,20.6630
2019-05-15,20.6741
2019-05-16,20.6732
2019-05-17,20.6740
2019-05-18,20.6676
2019-05-19,20.6571
2019-05-20,20.6534
2019-05-21,20.6563
2019-05-22,20.6569
2019-05-23,20.6558
2019-05-24,20.6496
2019-05-25,20.6434
2019-05-26,20.6412
2019-05-27,20.6434
2019-05-28,20.6411
2019-05-29,20.6433
2019-05-30,20.6475
2019-05-31,20.6459
2019-06-01,20.6485
2019-06-02,20.6475
2019-06-03,20.6419
2019-06-04,20.6385
2019-06-05,20.6365
2019-06-06,20.6354
2019-06-07,20.6339
2019-06-08,20.6321
2019-06-09,20.6195
2019-06-10,20.6076
2019-06-11,20.5986
2019-06-12,20.5958
2019-06-13,20.6042
2019-06-14,20.5994
2019-06-15,20.5924
2019-06-16,20.5853
2019-06-17,20.5870
2019-06-18,20.5914
2019-06-19,20.5828
2019-06-20,20.5794
2019-06-21,20.5718
2019-06-22,20.5598
2019-06-23,20.5597
2019-06-24,20.5630
2019-06-25,20.5667
2019-06-26,20.5758
2019-06-27,20.5831
2019-06-28,20.5920
2019-06-29,20.5951
2019-06-30,20.5926
2019-07-01,20.5883
2019-07-02,20.5763
2019-07-03,20.5659
2019-07-04,20.5728
2019-07-05,20.5765
2019-07-06,20.5873
2019-07-07,20.5978
2019-07-08,20.5957
2019-07-09,20.5895
2019-07-10,20.5921
2019-07-11,20.5986
2019-07-12,20.6080
2019-07-13,20.6099
2019-07-14,20.6138
2019-07-15,20.6245
2019-07-16,20.6210
2019-07-17,20.6196
2019-07-18,20.6105
2019-07-19,20.6072
2019-07-20,20.6082
2019-07-21,20.6048
2019-07-22,20.6042
2019-07-23,20.6048
2019-07-24,20.6125
2019-07-25,20.6254
2019-07-26,20.6394
2019-07-27,20.6597
2019-07-28,20.6781
2019-07-29,20.6889
2019-07-30,20.6978
2019-07-31,20.7132
2019-08-01,20.7193
2019-08-02,20.7200
2019-08-03,20.7262
2019-08-04,20.7325
2019-08-05,20.7439
2019-08-06,20.7375
2019-08-07,20.7254
2019-08-08,20.7117
2019-08-09,20.7027
2019-08-10,20.6971
2019-08-11,20.6912
2019-08-12,20.6868
2019-08-13,20.6815
2019-08-14,20.6754
2019-08-15,20.6683
2019-08-16,20.6720
2019-08-17,20.6655
2019-08-18,20.6610
2019-08-19,20.6600
2019-08-20,20.6588
2019-08-21,20.6620
2019-08-22,20.6583
2019-08-23,20.6606
2019-08-24,20.6594
2019-08-25,20.6589
2019-08-26,20.6629
2019-08-27,20.6741
2019-08-28,20.6843
2019-08-29,20.6849
2019-08-30,20.6852
2019-08-31,20.6810
2019-09-01,20.6776
2019-09-02,20.6762
2019-09-03,20.6746
2019-09-04,20.6651
2019-09-05,20.6597
2019-09-06,20.6485
2019-09-07,20.6362
2019-09-08,20.6220
2019-09-09,20.6085
2019-09-10,20.6038
2019-09-11,20.5948
2019-09-12,20.5812
2019-09-13,20.5705
2019-09-14,20.5658
2019-09-15,20.5635
2019-09-16,20.5603
2019-09-17,20.5509
2019-09-18,20.5364
2019-09-19,20.5255
2019-09-20,20.5210
2019-09-21,20.5189
2019-09-22,20.5024
2019-09-23,20.4952
2019-09-24,20.4921
2019-09-25,20.5071
2019-09-26,20.5200
2019-09-27,20.5267
2019-09-28,20.5351
2019-09-29,20.5471
2019-09-30,20.5510
2019-10-01,20.5397
2019-10-02,20.5204
2019-10-03,20.5057
2019-10-04,20.4907
2019-10-05,20.4816
2019-10-06,20.4740
2019-10-07,20.4673
2019-10-08,20.4743
2019-10-09,20.4791
2019-10-10,20.4879
2019-10-11,20.4988
2019-10-12,20.4957
2019-10-13,20.4901
2019-10-14,20.4882
2019-10-15,20.4810
2019-10-16,20.4763
2019-10-17,20.4615
2019-10-18,20.4574
2019-10-19,20.4665
2019-10-20,20.4727
2019-10-21,20.4755
2019-10-22,20.4713
2019-10-23,20.4658
2019-10-24,20.4561
2019-10-25,20.4585
2019-10-26,20.4601
2019-10-27,20.4599
2019-10-28,20.4556
2019-10-29,20.4561
2019-10-30,20.4517
2019-10-31,20.4477
2019-11-01,20.4340
2019-11-02,20.4299
2019-11-03,20.4061
2019-11-04,20.3983
2019-11-05,20.3933
2019-11-06,20.3908
2019-11-07,20.3900
2019-11-08,20.4014
2019-11-09,20.4147
2019-11-10,20.4162
2019-11-11,20.4144
2019-11-12,20.4072
2019-11-13,20.4001
2019-11-14,20.4067
2019-11-15,20.4096
2019-11-16,20.4178
2019-11-17,20.4294
2019-11-18,20.4390
2019-11-19,20.4575
2019-11-20,20.4683
2019-11-21,20.4770
2019-11-22,20.4770
2019-11-23,20.4685
2019-11-24,20.4551
2019-11-25,20.4417
2019-11-26,20.4299
2019-11-27,20.4316
2019-11-28,20.4283
2019-11-29,20.4247
2019-11-30,20.4257
2019-12-01,20.4322
2019-12-02,20.4318
2019-12-03,20.4335
2019-12-04,20.4397
2019-12-05,20.4559
2019-12-06,20.4536
2019-12-07,20.4539
2019-12-08,20.4626
2019-12-09,20.4667
2019-12-10,20.4748
2019-12-11,20.4916
2019-12-12,20.4910
2019-12-13,20.4906
2019-12-14,20.4976
2019-12-15,20.4991
2019-12-16,20.4978
2019-12-17,20.4950
2019-12-18,20.4898
2019-12-19,20.4977
2019-12-20,20.5104
2019-12-21,20.5160
2019-12-22,20.5144
2019-12-23,20.5233
2019-12-24,20.5319
2019-12-25,20.5292
2019-12-26,20.5216
2019-12-27,20.5157
2019-12-28,20.5195
2019-12-29,20.5205
2019-12-30,20.5303
2019-12-31,20.5643
2020-01-01,20.5923
2020-01-02,20.6006
2020-01-03,20.6082
2020-01-04,20.6146
2020-01-05,20.6228
2020-01-06,20.6260
2020-01-07,20.6238
2020-01-08,20.6286
2020-01-09,20.6271
2020-01-10,20.6231
2020-01-11,20.6276
2020-01-12,20.6259
2020-01-13,20.6195
2020-01-14,20.6306
2020-01-15,20.6454
2020-01-16,20.6479
2020-01-17,20.6493
2020-01-18,20.6486
2020-01-19,20.6572
2020-01-20,20.6669
2020-01-21,20.6765
2020-01-22,20.6931
2020-01-23,20.7069
2020-01-24,20.7170
2020-01-25,20.7355
2020-01-26,20.7491
2020-01-27,20.7565
2020-01-28,20.7736
2020-01-29,20.7822
2020-01-30,20.7762
2020-01-31,20.7739
2020-02-01,20.7685
2020-02-02,20.7619
2020-02-03,20.7628
2020-02-04,20.7619
2020-02-05,20.7565
2020-02-06,20.7563
2020-02-07,20.7604
2020-02-08,20.7653
2020-02-09,20.7593
2020-02-10,20.7603
2020-02-11,20.7760
2020-02-12,20.7944
2020-02-13,20.7973
2020-02-14,20.7917
2020-02-15,20.7950
2020-02-16,20.8012
2020-02-17,20.8067
2020-02-18,20.8044
2020-02-19,20.7960
2020-02-20,20.7995
2020-02-21,20.8028
2020-02-22,20.7986
2020-02-23,20.7923
2020-02-24,20.7911
2020-02-25,20.7992
2020-02-26,20.8194
2020-02-27,20.8327
2020-02-28,20.8395
2020-02-29,20.8531
2020-03-01,20.8651
2020-03-02,20.8673
2020-03-03,20.8675
2020-03-04,20.8669
2020-03-05,20.8654
2020-03-06,20.8710
2020-03-07,20.8774
2020-03-08,20.8696
2020-03-09,20.8648
2020-03-10,20.8724
2020-03-11,20.8914
2020-03-12,20.9020
2020-03-13,20.9046
2020-03-14,20.9038
2020-03-15,20.8975
2020-03-16,20.8908
2020-03-17,20.8837
2020-03-18,20.8869
2020-03-19,20.8914
2020-03-20,20.8899
2020-03-21,20.8995
2020-03-22,20.9078
2020-03-23,20.9154
2020-03-24,20.9163
2020-03-25,20.9169
2020-03-26,20.9107
2020-03-27,20.9018
2020-03-28,20.8981
2020-03-29,20.9072
2020-03-30,20.9189
2020-03-31,20.9235
2020-04-01,20.9137
2020-04-02,20.8924
2020-04-03,20.8887
2020-04-04,20.8880
2020-04-05,20.8905
2020-04-06,20.8936
2020-04-07,20.8934
2020-04-08,20.8980
2020-04-09,20.8984
2020-04-10,20.8942
2020-04-11,20.8894
2020-04-12,20.8881
2020-04-13,20.8737
2020-04-14,20.8542
2020-04-15,20.8415
2020-04-16,20.8391
2020-04-17,20.8468
2020-04-18,20.8396
2020-04-19,20.8341
2020-04-20,20.8282
2020-04-21,20.8248
2020-04-22,20.8281
2020-04-23,20.8362
2020-04-24,20.8343
2020-04-25,20.8261
2020-04-26,20.8269
2020-04-27,20.8225
2020-04-28,20.8039
2020-04-29,20.7922
2020-04-30,20.7866
2020-05-01,20.7860
2020-05-02,20.7857
2020-05-03,20.7852
2020-05-04,20.7848
2020-05-05,20.7869
2020-05-06,20.7827
2020-05-07,20.7802
2020-05-08,20.7810
2020-05-09,20.7844
2020-05-10,20.7906
2020-05-11,20.7849
2020-05-12,20.7774
2020-05-13,20.7663
2020-05-14,20.7497
2020-05-15,20.7411
2020-05-16,20.7373
2020-05-17,20.7325
2020-05-18,20.7257
2020-05-19,20.7117
2020-05-20,20.6944
2020-05-21,20.6672
2020-05-22,20.6370
2020-05-23,20.6178
2020-05-24,20.6066
2020-05-25,20.6032
2020-05-26,20.6141
2020-05-27,20.6239
2020-05-28,20.6289
2020-05-29,20.6269
2020-05-30,20.6297
2020-05-31,20.6288
2020-06-01,20.6317
2020-06-02,20.6348
2020-06-03,20.6284
2020-06-04,20.6175
2020-06-05,20.6073
2020-06-06,20.6078
2020-06-07,20.6008
2020-06-08,20.6039
2020-06-09,20.6100
2020-06-10,20.6050
2020-06-11,20.5946
2020-06-12,20.5770
2020-06-13,20.5657
2020-06-14,20.5633
2020-06-15,20.5687
2020-06-16,20.5813
2020-06-17,20.5941
2020-06-18,20.5948
2020-06-19,20.5963
2020-06-20,20.6013
2020-06-21,20.6049
2020-06-22,20.6012
2020-06-23,20.6079
2020-06-24,20.6087
2020-06-25,20.6084
2020-06-26,20.6112
2020-06-27,20.6133
2020-06-28,20.6064
2020-06-29,20.6029
2020-06-30,20.5986
2020-07-01,20.5943
2020-07-02,20.5948
2020-07-03,20.5848
2020-07-04,20.5805
2020-07-05,20.5915
2020-07-06,20.6238
2020-07-07,20.6475
2020-07-08,20.6522
2020-07-09,20.6473
2020-07-10,20.6365
2020-07-11,20.6279
2020-07-12,20.6277
2020-07-13,20.6278
2020-07-14,20.6302
2020-07-15,20.6398
2020-07-16,20.6604
2020-07-17,20.6773
2020-07-18,20.6911
2020-07-19,20.6972
2020-07-20,20.7076
2020-07-21,20.7134
2020-07-22,20.7161
2020-07-23,20.7208
2020-07-24,20.7193
2020-07-25,20.7160
2020-07-26,20.7140
2020-07-27,20.7090
2020-07-28,20.7020
2020-07-29,20.6980
2020-07-30,20.6973
2020-07-31,20.7055
2020-08-01,20.7149
2020-08-02,20.7155
2020-08-03,20.7182
2020-08-04,20.7198
2020-08-05,20.7187
2020-08-06,20.7204
2020-08-07,20.7166
2020-08-08,20.7065
2020-08-09,20.7040
2020-08-10,20.7052
2020-08-11,20.7109
2020-08-12,20.7237
2020-08-13,20.7345
2020-08-14,20.7378
2020-08-15,20.7381
2020-08-16,20.7464
2020-08-17,20.7469
2020-08-18,20.7507
2020-08-19,20.7538
2020-08-20,20.7562
2020-08-21,20.7597
2020-08-22,20.7670
2020-08-23,20.7671
2020-08-24,20.7569
2020-08-25,20.7561
2020-08-26,20.7510
2020-08-27,20.7417
2020-08-28,20.7372
2020-08-29,20.7197
2020-08-30,20.7039
2020-08-31,20.6741
2020-09-01,20.6575
2020-09-02,20.6502
2020-09-03,20.6555
2020-09-04,20.6644
2020-09-05,20.6676
2020-09-06,20.6611
2020-09-07,20.6570
2020-09-08,20.6593
2020-09-09,20.6625
2020-09-10,20.6702
2020-09-11,20.6655
2020-09-12,20.6586
2020-09-13,20.6606
2020-09-14,20.6531
2020-09-15,20.6515
2020-09-16,20.6394
2020-09-17,20.6267
2020-09-18,20.6274
2020-09-19,20.6349
2020-09-20,20.6402
2020-09-21,20.6377
2020-09-22,20.6187
2020-09-23,20.5953
2020-09-24,20.5822
2020-09-25,20.5771
2020-09-26,20.5659
2020-09-27,20.5595
2020-09-28,20.5589
2020-09-29,20.5541
2020-09-30,20.5470
2020-10-01,20.5372
2020-10-02,20.5264
2020-10-03,20.5183
2020-10-04,20.5107
2020-10-05,20.5027
2020-10-06,20.4941
2020-10-07,20.4873
2020-10-08,20.4756
2020-10-09,20.4684
2020-10-10,20.4678
2020-10-11,20.4685
2020-10-12,20.4669
2020-10-13,20.4693
2020-10-14,20.4693
2020-10-15,20.4633
2020-10-16,20.4697
2020-10-17,20.4769
2020-10-18,20.4838
2020-10-19,20.4869
2020-10-20,20.4895
2020-10-21,20.4937
2020-10-22,20.4944
2020-10-23,20.4905
2020-10-24,20.4827
2020-10-25,20.4746
2020-10-26,20.4678
2020-10-27,20.4664
2020-10-28,20.4627
2020-10-29,20.4470
2020-10-30,20.4397
2020-10-31,20.4294
2020-11-01,20.4192
2020-11-02,20.4141
2020-11-03,20.4043
2020-11-04,20.3977
2020-11-05,20.3947
2020-11-06,20.3957
2020-11-07,20.3988
2020-11-08,20.3948
2020-11-09,20.3880
2020-11-10,20.3850
2020-11-11,20.3850
2020-11-12,20.3946
2020-11-13,20.4024
2020-11-14,20.4089
2020-11-15,20.4010
2020-11-16,20.3935
2020-11-17,20.3823
2020-11-18,20.3679
2020-11-19,20.3579
2020-11-20,20.3587
2020-11-21,20.3578
2020-11-22,20.3601
2020-11-23,20.3661
2020-11-24,20.3672
2020-11-25,20.3615
2020-11-26,20.3505
2020-11-27,20.3375
2020-11-28,20.3246
2020-11-29,20.3149
2020-11-30,20.3168
2020-12-01,20.3276
2020-12-02,20.3412
2020-12-03,20.3613
2020-12-04,20.3703
2020-12-05,20.3720
2020-12-06,20.3718
2020-12-07,20.3755
2020-12-08,20.3821
2020-12-09,20.3766
2020-12-10,20.3669
2020-12-11,20.3585
2020-12-12,20.3542
2020-12-13,20.3511
2020-12-14,20.3482
2020-12-15,20.3406
2020-12-16,20.3345
2020-12-17,20.3336
2020-12-18,20.3453
2020-12-19,20.3446
2020-12-20,20.3538
2020-12-21,20.3685
2020-12-22,20.3796
2020-12-23,20.3902
2020-12-24,20.4032
2020-12-25,20.4172
2020-12-26,20.4299
2020-12-27,20.4347
2020-12-28,20.4412
2020-12-29,20.4444
2020-12-30,20.4463
2020-12-31,20.4438
2021-01-01,20.4461
2021-01-02,20.4384
2021-01-03,20.4300
2021-01-04,20.4240
2021-01-05,20.4261
2021-01-06,20.4335
2021-01-07,20.4482
2021-01-08,20.4624
2021-01-09,20.4689
2021-01-10,20.4749
2021-01-11,20.4741
2021-01-12,20.4748
2021-01-13,20.4828
2021-01-14,20.4918
2021-01-15,20.4960
2021-01-16,20.4961
2021-01-17,20.4955
2021-01-18,20.4996
2021-01-19,20.5089
2021-01-20,20.5149
2021-01-21,20.5255
2021-01-22,20.5335
2021-01-23,20.5426
2021-01-24,20.5512
2021-01-25,20.5546
2021-01-26,20.5568
2021-01-27,20.5552
2021-01-28,20.5519
2021-01-29,20.5482
2021-01-30,20.5426
2021-01-31,20.5428
2021-02-01,20.5512
2021-02-02,20.5580
2021-02-03,20.5670
2021-02-04,20.5793
2021-02-05,20.5888
2021-02-06,20.5978
2021-02-07,20.6012
2021-02-08,20.6017
2021-02-09,20.6081
2021-02-10,20.6158
2021-02-11,20.6306
2021-02-12,20.6432
2021-02-13,20.6628
2021-02-14,20.6829
2021-02-15,20.6979
2021-02-16,20.7137
2021-02-17,20.7265
2021-02-18,20.7379
2021-02-19,20.7383
2021-02-20,20.7289
2021-02-21,20.7212
2021-02-22,20.7143
2021-02-23,20.7000
2021-02-24,20.6936
2021-02-25,20.6916
2021-02-26,20.6933
2021-02-27,20.7017
2021-02-28,20.7038
2021-03-01,20.7122
2021-03-02,20.7238
2021-03-03,20.7335
2021-03-04,20.7414
2021-03-05,20.7462
2021-03-06,20.7499
2021-03-07,20.7553
2021-03-08,20.7535
2021-03-09,20.7603
2021-03-10,20.7700
2021-03-11,20.7746
2021-03-12,20.7798
2021-03-13,20.7843
2021-03-14,20.7885
2021-03-15,20.7971
2021-03-16,20.7976
2021-03-17,20.7927
2021-03-18,20.7835
2021-03-19,20.7714
2021-03-20,20.7550
2021-03-21,20.7415
2021-03-22,20.7383
2021-03-23,20.7350
2021-03-24,20.7323
2021-03-25,20.7339
2021-03-26,20.7304
2021-03-27,20.7284
2021-03-28,20.7321
2021-03-29,20.7333
2021-03-30,20.7389
2021-03-31,20.7442
2021-04-01,20.7449
2021-04-02,20.7313
2021-04-03,20.7091
2021-04-04,20.6966
2021-04-05,20.6913
2021-04-06,20.7024
2021-04-07,20.7146
2021-04-08,20.7150
2021-04-09,20.7170
2021-04-10,20.7196
2021-04-11,20.7196
2021-04-12,20.7172
2021-04-13,20.7158
2021-04-14,20.7209
2021-04-15,20.7290
2021-04-16,20.7447
2021-04-17,20.7535
2021-04-18,20.7565
2021-04-19,20.7528
2021-04-20,20.7485
2021-04-21,20.7439
2021-04-22,20.7357
2021-04-23,20.7261
2021-04-24,20.7216
2021-04-25,20.7235
2021-04-26,20.7289
2021-04-27,20.7338
2021-04-28,20.7326
2021-04-29,20.7311
2021-04-30,20.7289
2021-05-01,20.7315
2021-05-02,20.7323
2021-05-03,20.7240
2021-05-04,20.7113
2021-05-05,20.7014
2021-05-06,20.6974
2021-05-07,20.6922
2021-05-08,20.6886
2021-05-09,20.6849
2021-05-10,20.6841
2021-05-11,20.6788
2021-05-12,20.6765
2021-05-13,20.6820
2021-05-14,20.6845
2021-05-15,20.6862
2021-05-16,20.6926
2021-05-17,20.7008
2021-05-18,20.6999
2021-05-19,20.6947
2021-05-20,20.6826
2021-05-21,20.6660
2021-05-22,20.6520
2021-05-23,20.6406
2021-05-24,20.6351
2021-05-25,20.6276
2021-05-26,20.6202
2021-05-27,20.6098
2021-05-28,20.6088
2021-05-29,20.6059
2021-05-30,20.5976
2021-05-31,20.5862
2021-06-01,20.5750
2021-06-02,20.5658
2021-06-03,20.5677
2021-06-04,20.5771
2021-06-05,20.5791
2021-06-06,20.5774
2021-06-07,20.5907
2021-06-08,20.6075
2021-06-09,20.6207
2021-06-10,20.6234
2021-06-11,20.6177
2021-06-12,20.6175
2021-06-13,20.6115
2021-06-14,20.5995
2021-06-15,20.5917
2021-06-16,20.5882
2021-06-17,20.5908
2021-06-18,20.5897
2021-06-19,20.5861
2021-06-20,20.5842
2021-06-21,20.5783
2021-06-22,20.5783
2021-06-23,20.5873
2021-06-24,20.5916
2021-06-25,20.5941
2021-06-26,20.5990
2021-06-27,20.6028
2021-06-28,20.6053
2021-06-29,20.6076
2021-06-30,20.6058
2021-07-01,20.6018
2021-07-02,20.5946
2021-07-03,20.5961
2021-07-04,20.5976
2021-07-05,20.5928
2021-07-06,20.5881
2021-07-07,20.5913
2021-07-08,20.5997
2021-07-09,20.6045
2021-07-10,20.6070
2021-07-11,20.6147
2021-07-12,20.6243
2021-07-13,20.6271
2021-07-14,20.6322
2021-07-15,20.6431
2021-07-16,20.6608
2021-07-17,20.6751
2021-07-18,20.6812
2021-07-19,20.6888
2021-07-20,20.6938
2021-07-21,20.6977
2021-07-22,20.7011
2021-07-23,20.6975
2021-07-24,20.6944
2021-07-25,20.6923
2021-07-26,20.6898
2021-07-27,20.6968
2021-07-28,20.7039
2021-07-29,20.7053
2021-07-30,20.6982
2021-07-31,20.6882
2021-08-01,20.6762
2021-08-02,20.6700
2021-08-03,20.6615
2021-08-04,20.6600
2021-08-05,20.6639
2021-08-06,20.6688
2021-08-07,20.6712
2021-08-08,20.6737
2021-08-09,20.6708
2021-08-10,20.6718
2021-08-11,20.6699
2021-08-12,20.6716
2021-08-13,20.6779
2021-08-14,20.6813
2021-08-15,20.6853
2021-08-16,20.6872
2021-08-17,20.6903
2021-08-18,20.6959
2021-08-19,20.7017
2021-08-20,20.7031
2021-08-21,20.7049
2021-08-22,20.6990
2021-08-23,20.6854
2021-08-24,20.6713
2021-08-25,20.6623
2021-08-26,20.6582
2021-08-27,20.6579
2021-08-28,20.6588
2021-08-29,20.6552
2021-08-30,20.6545
2021-08-31,20.6635
2021-09-01,20.6730
2021-09-02,20.6776
2021-09-03,20.6745
2021-09-04,20.6743
2021-09-05,20.6720
2021-09-06,20.6717
2021-09-07,20.6724
2021-09-08,20.6734
2021-09-09,20.6628
2021-09-10,20.6566
2021-09-11,20.6517
2021-09-12,20.6454
2021-09-13,20.6375
2021-09-14,20.6271
2021-09-15,20.6308
2021-09-16,20.6341
2021-09-17,20.6332
2021-09-18,20.6309
2021-09-19,20.6309
2021-09-20,20.6328
2021-09-21,20.6352
2021-09-22,20.6355
2021-09-23,20.6297
2021-09-24,20.6206
2021-09-25,20.6206
2021-09-26,20.6147
2021-09-27,20.6071
2021-09-28,20.6010
2021-09-29,20.5974
2021-09-30,20.5887
2021-10-01,20.5835
2021-10-02,20.5788
2021-10-03,20.5718
2021-10-04,20.5709
2021-10-05,20.5709
2021-10-06,20.5692
2021-10-07,20.5668
2021-10-08,20.5593
2021-10-09,20.5501
2021-10-10,20.5394
2021-10-11,20.5391
2021-10-12,20.5310
2021-10-13,20.5251
2021-10-14,20.5211
2021-10-15,20.5127
2021-10-16,20.4993
2021-10-17,20.4891
2021-10-18,20.4825
2021-10-19,20.4763
2021-10-20,20.4783
2021-10-21,20.4746
2021-10-22,20.4662
2021-10-23,20.4618
2021-10-24,20.4475
2021-10-25,20.4375
2021-10-26,20.4356
2021-10-27,20.4365
2021-10-28,20.4415
2021-10-29,20.4466
2021-10-30,20.4498
2021-10-31,20.4235
2021-11-01,20.4231
2021-11-02,20.4199
2021-11-03,20.4224
2021-11-04,20.4240
2021-11-05,20.4269
2021-11-06,20.4295
2021-11-07,20.4313
2021-11-08,20.4288
2021-11-09,20.4290
2021-11-10,20.4273
2021-11-11,20.4273
2021-11-12,20.4287
2021-11-13,20.4359
2021-11-14,20.4420
2021-11-15,20.4438
2021-11-16,20.4416
2021-11-17,20.4396
2021-11-18,20.4407
2021-11-19,20.4317
2021-11-20,20.4241
2021-11-21,20.4289
2021-11-22,20.4406
2021-11-23,20.4505
2021-11-24,20.4446
2021-11-25,20.4403
2021-11-26,20.4359
2021-11-27,20.4293
2021-11-28,20.4196
2021-11-29,20.4091
2021-11-30,20.3954
2021-12-01,20.3776
2021-12-02,20.3642
2021-12-03,20.3614
2021-12-04,20.3585
2021-12-05,20.3564
2021-12-06,20.3565
2021-12-07,20.3573
2021-12-08,20.3604
2021-12-09,20.3637
2021-12-10,20.3729
2021-12-11,20.3759
2021-12-12,20.3725
2021-12-13,20.3672
2021-12-14,20.3612
2021-12-15,20.3592
2021-12-16,20.3599
2021-12-17,20.3660
2021-12-18,20.3731
2021-12-19,20.3764
2021-12-20,20.3842
2021-12-21,20.3992
2021-12-22,20.4184
2021-12-23,20.4314
2021-12-24,20.4426
2021-12-25,20.4573
2021-12-26,20.4803
2021-12-27,20.5044
2021-12-28,20.5209
2021-12-29,20.5200
2021-12-30,20.5177
2021-12-31,20.5149
2022-01-01,20.5114
2022-01-02,20.5190
2022-01-03,20.5417
2022-01-04,20.5596
2022-01-05,20.5638
2022-01-06,20.5683
2022-01-07,20.5798
2022-01-08,20.5933
2022-01-09,20.6035
2022-01-10,20.6094
2022-01-11,20.6096
2022-01-12,20.6155
2022-01-13,20.6276
2022-01-14,20.6415
2022-01-15,20.6521
2022-01-16,20.6570
2022-01-17,20.6504
2022-01-18,20.6323
2022-01-19,20.6124
2022-01-20,20.6156
2022-01-21,20.6249
2022-01-22,20.6284
2022-01-23,20.6298
2022-01-24,20.6368
2022-01-25,20.6471
2022-01-26,20.6570
2022-01-27,20.6602
2022-01-28,20.6583
2022-01-29,20.6548
2022-01-30,20.6473
2022-01-31,20.6483
2022-02-01,20.6568
2022-02-02,20.6668
2022-02-03,20.6711
2022-02-04,20.6732
2022-02-05,20.6692
2022-02-06,20.6655
2022-02-07,20.6715
2022-02-08,20.6792
2022-02-09,20.6888
2022-02-10,20.7011
2022-02-11,20.7091
2022-02-12,20.7185
2022-02-13,20.7288
2022-02-14,20.7334
2022-02-15,20.7356
2022-02-16,20.7357
2022-02-17,20.7418
2022-02-18,20.7487
2022-02-19,20.7463
2022-02-20,20.7675
2022-02-21,20.7677
2022-02-22,20.7724
2022-02-23,20.7746
2022-02-24,20.7760
2022-02-25,20.7755
2022-02-26,20.7678
2022-02-27,20.7571
2022-02-28,20.7497
2022-03-01,20.7461
2022-03-02,20.7425
2022-03-03,20.7417
2022-03-04,20.7402
2022-03-05,20.7425
2022-03-06,20.7484
2022-03-07,20.7573
2022-03-08,20.7756
2022-03-09,20.7918
2022-03-10,20.8017
2022-03-11,20.8155
2022-03-12,20.8171
2022-03-13,20.8142
2022-03-14,20.8113
2022-03-15,20.8122
2022-03-16,20.8123
2022-03-17,20.8115
2022-03-18,20.8047
2022-03-19,20.7936
2022-03-20,20.7930
2022-03-21,20.7956
2022-03-22,20.7992
2022-03-23,20.8023
2022-03-24,20.7975
2022-03-25,20.7971
2022-03-26,20.7995
2022-03-27,20.8028
2022-03-28,20.8037
2022-03-29,20.7981
2022-03-30,20.7887
2022-03-31,20.7801
2022-04-01,20.7710
2022-04-02,20.7718
2022-04-03,20.7758
2022-04-04,20.7747
2022-04-05,20.7716
2022-04-06,20.7726
2022-04-07,20.7675
2022-04-08,20.7606
2022-04-09,20.7513
2022-04-10,20.7430
2022-04-11,20.7381
2022-04-12,20.7357
2022-04-13,20.7341
2022-04-14,20.7416
2022-04-15,20.7490
2022-04-16,20.7446
2022-04-17,20.7398
2022-04-18,20.7385
2022-04-19,20.7390
2022-04-20,20.7430
2022-04-21,20.7369
2022-04-22,20.7234
2022-04-23,20.7143
2022-04-24,20.7127
2022-04-25,20.7088
2022-04-26,20.7048
2022-04-27,20.7019
2022-04-28,20.7041
2022-04-29,20.7014
2022-04-30,20.6990
2022-05-01,20.6860
2022-05-02,20.6769
2022-05-03,20.6739
2022-05-04,20.6729
2022-05-05,20.6737
2022-05-06,20.6743
2022-05-07,20.6661
2022-05-08,20.6543
2022-05-09,20.6424
2022-05-10,20.6334
2022-05-11,20.6235
2022-05-12,20.6156
2022-05-13,20.6149
2022-05-14,20.6182
2022-05-15,20.6235
2022-05-16,20.6269
2022-05-17,20.6263
2022-05-18,20.6257
2022-05-19,20.6284
2022-05-20,20.6331
2022-05-21,20.6344
2022-05-22,20.6373
2022-05-23,20.6373
2022-05-24,20.6359
2022-05-25,20.6350
2022-05-26,20.6363
2022-05-27,20.6407
2022-05-28,20.6446
2022-05-29,20.6434
2022-05-30,20.6363
2022-05-31,20.6337
2022-06-01,20.6377
2022-06-02,20.6358
2022-06-03,20.6362
2022-06-04,20.6448
2022-06-05,20.6558
2022-06-06,20.6602
2022-06-07,20.6521
2022-06-08,20.6430
2022-06-09,20.6372
2022-06-10,20.6347
2022-06-11,20.6298
2022-06-12,20.6201
2022-06-13,20.6140
2022-06-14,20.6079
2022-06-15,20.6057
2022-06-16,20.6059
2022-06-17,20.6037
2022-06-18,20.5961
2022-06-19,20.5893
2022-06-20,20.5834
2022-06-21,20.5743
2022-06-22,20.5661
2022-06-23,20.5614
2022-06-24,20.5625
2022-06-25,20.5702
2022-06-26,20.5719
2022-06-27,20.5679
2022-06-28,20.5640
2022-06-29,20.5623
2022-06-30,20.5617
2022-07-01,20.5693
2022-07-02,20.5773
2022-07-03,20.5858
2022-07-04,20.5871
2022-07-05,20.5873
2022-07-06,20.5891
2022-07-07,20.5858
2022-07-08,20.5800
2022-07-09,20.5795
2022-07-10,20.5797
2022-07-11,20.5817
2022-07-12,20.5861
2022-07-13,20.5856
2022-07-14,20.5798
2022-07-15,20.5752
2022-07-16,20.5764
2022-07-17,20.5776
2022-07-18,20.5827
2022-07-19,20.5792
2022-07-20,20.5762
2022-07-21,20.5760
2022-07-22,20.5849
2022-07-23,20.6009
2022-07-24,20.6202
2022-07-25,20.6342
2022-07-26,20.6418
2022-07-27,20.6458
2022-07-28,20.6475
2022-07-29,20.6506
2022-07-30,20.6514
2022-07-31,20.6469
2022-08-01,20.6449
2022-08-02,20.6466
2022-08-03,20.6504
2022-08-04,20.6566
2022-08-05,20.6650
2022-08-06,20.6705
2022-08-07,20.6670
2022-08-08,20.6664
2022-08-09,20.6629
2022-08-10,20.6620
2022-08-11,20.6666
2022-08-12,20.6773
2022-08-13,20.6854
2022-08-14,20.6923
2022-08-15,20.6903
2022-08-16,20.6813
2022-08-17,20.6766
2022-08-18,20.6763
2022-08-19,20.6805
2022-08-20,20.6870
2022-08-21,20.6889
2022-08-22,20.6857
2022-08-23,20.6900
2022-08-24,20.6931
2022-08-25,20.6959
2022-08-26,20.6966
2022-08-27,20.6978
2022-08-28,20.6977
2022-08-29,20.6998
2022-08-30,20.7021
2022-08-31,20.7033
2022-09-01,20.7006
2022-09-02,20.6917
2022-09-03,20.6841
2022-09-04,20.6785
2022-09-05,20.6722
2022-09-06,20.6622
2022-09-07,20.6540
2022-09-08,20.6536
2022-09-09,20.6587
2022-09-10,20.6653
2022-09-11,20.6660
2022-09-12,20.6665
2022-09-13,20.6631
2022-09-14,20.6597
2022-09-15,20.6505
2022-09-16,20.6418
2022-09-17,20.6316
2022-09-18,20.6213
2022-09-19,20.6109
2022-09-20,20.6025
2022-09-21,20.6014
2022-09-22,20.5934
2022-09-23,20.5841
2022-09-24,20.5712
2022-09-25,20.5621
2022-09-26,20.5573
2022-09-27,20.5542
2022-09-28,20.5485
2022-09-29,20.5381
2022-09-30,20.5330
2022-10-01,20.5259
2022-10-02,20.5194
2022-10-03,20.5135
2022-10-04,20.5065
2022-10-05,20.4978
2022-10-06,20.4866
2022-10-07,20.4800
2022-10-08,20.4829
2022-10-09,20.4914
2022-10-10,20.4949
2022-10-11,20.4896
2022-10-12,20.4798
2022-10-13,20.4733
2022-10-14,20.4774
2022-10-15,20.4821
2022-10-16,20.4863
2022-10-17,20.4918
2022-10-18,20.4928
2022-10-19,20.4834
2022-10-20,20.4741
2022-10-21,20.4680
2022-10-22,20.4665
2022-10-23,20.4662
2022-10-24,20.4632
2022-10-25,20.4589
2022-10-26,20.4524
2022-10-27,20.4462
2022-10-28,20.4460
2022-10-29,20.4427
2022-10-30,20.4311
2022-10-31,20.4188
2022-11-01,20.4145
2022-11-02,20.4205
2022-11-03,20.4304
2022-11-04,20.4341
2022-11-05,20.4399
2022-11-06,20.4490
2022-11-07,20.4545
2022-11-08,20.4558
2022-11-09,20.4494
2022-11-10,20.4478
2022-11-11,20.4397
2022-11-12,20.4347
2022-11-13,20.4245
2022-11-14,20.4131
2022-11-15,20.4032
2022-11-16,20.4037
2022-11-17,20.4010
2022-11-18,20.3955
2022-11-19,20.3901
2022-11-20,20.3892
2022-11-21,20.3879
2022-11-22,20.3887
2022-11-23,20.3916
2022-11-24,20.4027
2022-11-25,20.4157
2022-11-26,20.4287
2022-11-27,20.4420
2022-11-28,20.4632
2022-11-29,20.4752
2022-11-30,20.4835
2022-12-01,20.4879
2022-12-02,20.4902
2022-12-03,20.4834
2022-12-04,20.4786
2022-12-05,20.4784
2022-12-06,20.4792
2022-12-07,20.4779
2022-12-08,20.4818
2022-12-09,20.4931
2022-12-10,20.5092
2022-12-11,20.5031
2022-12-12,20.4936
2022-12-13,20.4915
2022-12-14,20.4941
2022-12-15,20.4993
2022-12-16,20.5038
2022-12-17,20.5072
2022-12-18,20.5142
2022-12-19,20.5188
2022-12-20,20.5283
2022-12-21,20.5345
2022-12-22,20.5322
2022-12-23,20.5305
2022-12-24,20.5331
2022-12-25,20.5366
2022-12-26,20.5329
2022-12-27,20.5165
2022-12-28,20.5051
2022-12-29,20.5059
2022-12-30,20.5147
2022-12-31,20.5210
2023-01-01,20.5279
2023-01-02,20.5300
2023-01-03,20.5224
2023-01-04,20.5185
2023-01-05,20.5098
2023-01-06,20.5060
2023-01-07,20.5104
2023-01-08,20.5257
2023-01-09,20.5535
2023-01-10,20.5757
2023-01-11,20.5963
2023-01-12,20.6183
2023-01-13,20.6235
2023-01-14,20.6254
2023-01-15,20.6276
2023-01-16,20.6309
2023-01-17,20.6418
2023-01-18,20.6550
2023-01-19,20.6654
2023-01-20,20.6787
2023-01-21,20.6838
2023-01-22,20.6917
2023-01-23,20.6957
2023-01-24,20.6868
2023-01-25,20.6770
2023-01-26,20.6758
2023-01-27,20.6801
2023-01-28,20.6840
2023-01-29,20.6952
2023-01-30,20.7039
2023-01-31,20.7004
2023-02-01,20.6971
2023-02-02,20.7035
2023-02-03,20.7168
2023-02-04,20.7322
2023-02-05,20.7456
2023-02-06,20.7561
2023-02-07,20.7622
2023-02-08,20.7614
2023-02-09,20.7636
2023-02-10,20.7628
2023-02-11,20.7681
2023-02-12,20.7767
2023-02-13,20.7756
2023-02-14,20.7679
2023-02-15,20.7651
2023-02-16,20.7698
2023-02-17,20.7776
2023-02-18,20.7942
2023-02-19,20.8081
2023-02-20,20.8122
2023-02-21,20.8162
2023-02-22,20.8168
2023-02-23,20.8208
2023-02-24,20.8223
2023-02-25,20.8238
2023-02-26,20.8247
2023-02-27,20.8310
2023-02-28,20.8418
2023-03-01,20.8466
2023-03-02,20.8542
2023-03-03,20.8556
2023-03-04,20.8568
2023-03-05,20.8566
2023-03-06,20.8578
2023-03-07,20.8590
2023-03-08,20.8654
2023-03-09,20.8748
2023-03-10,20.8930
2023-03-11,20.9119
2023-03-12,20.9284
2023-03-13,20.9432
2023-03-14,20.9559
2023-03-15,20.9695
2023-03-16,20.9829
2023-03-17,20.9810
2023-03-18,20.9829
2023-03-19,20.9773
2023-03-20,20.9725
2023-03-21,20.9671
2023-03-22,20.9656
2023-03-23,20.9745
2023-03-24,20.9834
2023-03-25,20.9891
2023-03-26,20.9871
2023-03-27,20.9889
2023-03-28,20.9921
2023-03-29,21.0009
2023-03-30,21.0109
2023-03-31,21.0193
2023-04-01,21.0260
2023-04-02,21.0292
2023-04-03,21.0294
2023-04-04,21.0262
2023-04-05,21.0240
2023-04-06,21.0181
2023-04-07,21.0149
2023-04-08,21.0142
2023-04-09,21.0080
2023-04-10,21.0040
2023-04-11,21.0019
2023-04-12,20.9964
2023-04-13,20.9935
2023-04-14,20.9887
2023-04-15,20.9825
2023-04-16,20.9788
2023-04-17,20.9782
2023-04-18,20.9709
2023-04-19,20.9650
2023-04-20,20.9605
2023-04-21,20.9619
2023-04-22,20.9619
2023-04-23,20.9755
2023-04-24,20.9652
2023-04-25,20.9538
2023-04-26,20.9461
2023-04-27,20.9388
2023-04-28,20.9326
2023-04-29,20.9257
2023-04-30,20.9156
2023-05-01,20.9077
2023-05-02,20.8985
2023-05-03,20.8950
2023-05-04,20.8927
2023-05-05,20.8938
2023-05-06,20.8943
2023-05-07,20.8945
2023-05-08,20.8962
2023-05-09,20.8961
2023-05-10,20.8946
2023-05-11,20.9003
2023-05-12,20.9067
2023-05-13,20.8929
2023-05-14,20.8820
2023-05-15,20.8750
2023-05-16,20.8709
2023-05-17,20.8502
2023-05-18,20.8394
2023-05-19,20.8342
2023-05-20,20.8389
2023-05-21,20.8393
2023-05-22,20.8399
2023-05-23,20.8385
2023-05-24,20.8324
2023-05-25,20.8282
2023-05-26,20.8242
2023-05-27,20.8315
2023-05-28,20.8185
2023-05-29,20.8112
2023-05-30,20.8126
2023-05-31,20.8094
2023-06-01,20.8065
2023-06-02,20.8075
2023-06-03,20.8126
2023-06-04,20.8173
2023-06-05,20.8215
2023-06-06,20.8287
2023-06-07,20.8343
2023-06-08,20.8398
2023-06-09,20.8468
2023-06-10,20.8507
2023-06-11,20.8461
2023-06-12,20.8397
2023-06-13,20.8355
2023-06-14,20.8305
2023-06-15,20.8284
2023-06-16,20.8323
2023-06-17,20.8332
2023-06-18,20.8342
2023-06-19,20.8388
2023-06-20,20.8461
2023-06-21,20.8433
2023-06-22,20.8427
2023-06-23,20.8418
2023-06-24,20.8457
2023-06-25,20.8471
2023-06-26,20.8536
2023-06-27,20.8325
2023-06-28,20.8247
2023-06-29,20.8276
2023-06-30,20.8334
2023-07-01,20.8384
2023-07-02,20.8479
2023-07-03,20.8588
2023-07-04,20.8698
2023-07-05,20.8708
2023-07-06,20.8732
2023-07-07,20.8702
2023-07-08,20.8651
2023-07-09,20.8663
2023-07-10,20.8758
2023-07-11,20.8867
2023-07-12,20.8984
2023-07-13,20.9111
2023-07-14,20.9184
2023-07-15,20.9263
2023-07-16,20.9305
2023-07-17,20.9363
2023-07-18,20.9499
2023-07-19,20.9729
2023-07-20,20.9767
2023-07-21,20.9767
2023-07-22,20.9773
2023-07-23,20.9725
2023-07-24,20.9736
2023-07-25,20.9759
2023-07-26,20.9705
2023-07-27,20.9698
2023-07-28,20.9751
2023-07-29,20.9796
2023-07-30,20.9845
2023-07-31,20.9842
2023-08-01,20.9856
2023-08-02,20.9842
2023-08-03,20.9881
2023-08-04,20.9927
2023-08-05,20.9968
2023-08-06,20.9985
2023-08-07,20.9956
2023-08-08,20.9975
2023-08-09,20.9911
2023-08-10,20.9877
2023-08-11,20.9893
2023-08-12,20.9944
2023-08-13,21.0040
2023-08-14,21.0113
2023-08-15,21.0176
2023-08-16,21.0173
2023-08-17,21.0182
2023-08-18,21.0220
2023-08-19,21.0316
2023-08-20,21.0368
2023-08-21,21.0380
2023-08-22,21.0436
2023-08-23,21.0493
2023-08-24,21.0518
2023-08-25,21.0482
2023-08-26,21.0433
2023-08-27,21.0403
2023-08-28,21.0327
2023-08-29,21.0239
2023-08-30,21.0144
2023-08-31,21.0079
2023-09-01,20.9961
2023-09-02,20.9914
2023-09-03,20.9883
2023-09-04,20.9908
2023-09-05,21.0013
2023-09-06,21.0046
2023-09-07,21.0041
2023-09-08,21.0110
2023-09-09,21.0190
2023-09-10,21.0053
2023-09-11,20.9958
2023-09-12,20.9914
2023-09-13,20.9844
2023-09-14,20.9768
2023-09-15,20.9606
2023-09-16,20.9408
2023-09-17,20.9307
2023-09-18,20.9260
2023-09-19,20.9279
2023-09-20,20.9334
2023-09-21,20.9345
2023-09-22,20.9326
2023-09-23,20.9264
2023-09-24,20.9132
2023-09-25,20.8954
2023-09-26,20.8855
2023-09-27,20.8897
2023-09-28,20.8793
2023-09-29,20.8932
2023-09-30,20.8776
2023-10-01,20.8541
2023-10-02,20.8357
2023-10-03,20.8226
2023-10-04,20.8165
2023-10-05,20.8114
2023-10-06,20.8089
2023-10-07,20.8092
2023-10-08,20.8116
2023-10-09,20.8099
2023-10-10,20.8117
2023-10-11,20.8187
2023-10-12,20.8246
2023-10-13,20.8309
2023-10-14,20.8381
2023-10-15,20.8442
2023-10-16,20.8518
2023-10-17,20.8493
2023-10-18,20.8430
2023-10-19,20.8387
2023-10-20,20.8312
2023-10-21,20.8207
2023-10-22,20.8091
2023-10-23,20.8015
2023-10-24,20.7954
2023-10-25,20.7885
2023-10-26,20.7818
2023-10-27,20.7685
2023-10-28,20.7545
2023-10-29,20.7486
2023-10-30,20.7486
2023-10-31,20.7541
2023-11-01,20.7660
2023-11-02,20.7757
2023-11-03,20.7805
2023-11-04,20.7801
2023-11-05,20.7782
2023-11-06,20.7735
2023-11-07,20.7619
2023-11-08,20.7516
2023-11-09,20.7336
2023-11-10,20.7245
2023-11-11,20.7214
2023-11-12,20.7184
2023-11-13,20.7206
2023-11-14,20.7327
2023-11-15,20.7396
2023-11-16,20.7438
2023-11-17,20.7489
2023-11-18,20.7501
2023-11-19,20.7547
2023-11-20,20.7596
2023-11-21,20.7645
2023-11-22,20.7748
2023-11-23,20.7777
2023-11-24,20.7788
2023-11-25,20.7781
2023-11-26,20.7768
2023-11-27,20.7798
2023-11-28,20.7812
2023-11-29,20.7936
2023-11-30,20.7957
2023-12-01,20.7894
2023-12-02,20.7841
2023-12-03,20.7825
2023-12-04,20.7730
2023-12-05,20.7727
2023-12-06,20.7848
2023-12-07,20.7913
2023-12-08,20.7910
2023-12-09,20.7923
2023-12-10,20.7824
2023-12-11,20.7744
2023-12-12,20.7607
2023-12-13,20.7508
2023-12-14,20.7581
2023-12-15,20.7704
2023-12-16,20.7911
2023-12-17,20.8171
2023-12-18,20.8106
2023-12-19,20.8108
2023-12-20,20.8247
2023-12-21,20.8324
2023-12-22,20.8404
2023-12-23,20.8462
2023-12-24,20.8481
2023-12-25,20.8542
2023-12-26,20.8605
2023-12-27,20.8634
2023-12-28,20.8698
2023-12-29,20.8816
2023-12-30,20.8919
2023-12-31,20.9040
2024-01-01,20.9192
2024-01-02,20.9320
2024-01-03,20.9518
2024-01-04,20.9750
2024-01-05,20.9941
2024-01-06,21.0054
2024-01-07,21.0083
2024-01-08,21.0102
2024-01-09,21.0148
2024-01-10,21.0214
2024-01-11,21.0327
2024-01-12,21.0344
2024-01-13,21.0290
2024-01-14,21.0193
2024-01-15,21.0092
2024-01-16,21.0033
2024-01-17,20.9930
2024-01-18,20.9928
2024-01-19,21.0047
2024-01-20,21.0126
2024-01-21,21.0040
2024-01-22,20.9939
2024-01-23,20.9843
2024-01-24,20.9811
2024-01-25,20.9781
2024-01-26,20.9768
2024-01-27,20.9830
2024-01-28,20.9911
2024-01-29,21.0066
2024-01-30,21.0355
2024-01-31,21.0645
2024-02-01,21.0883
2024-02-02,21.0835
2024-02-03,21.0756
2024-02-04,21.0795
2024-02-05,21.0846
2024-02-06,21.0832
2024-02-07,21.0784
2024-02-08,21.0774
2024-02-09,21.0909
2024-02-10,21.0733
2024-02-11,21.0495
2024-02-12,21.0401
2024-02-13,21.0387
2024-02-14,21.0413
2024-02-15,21.0423
2024-02-16,21.0395
2024-02-17,21.0436
2024-02-18,21.0553
2024-02-19,21.0513
2024-02-20,21.0656
2024-02-21,21.0790
2024-02-22,21.0701
2024-02-23,21.0715
2024-02-24,21.0811
2024-02-25,21.0908
2024-02-26,21.1037
2024-02-27,21.1184
2024-02-28,21.1318
2024-02-29,21.1437
2024-03-01,21.1465
2024-03-02,21.1386
2024-03-03,21.1313
2024-03-04,21.1281
2024-03-05,21.1264
2024-03-06,21.1284
2024-03-07,21.1259
2024-03-08,21.1187
2024-03-09,21.1139
2024-03-10,21.1092
2024-03-11,21.0986
2024-03-12,21.0905
2024-03-13,21.0917
2024-03-14,21.0797
2024-03-15,21.0808
2024-03-16,21.0842
2024-03-17,21.0831
2024-03-18,21.0885
2024-03-19,21.0971
2024-03-20,21.1016
2024-03-21,21.0985
2024-03-22,21.0945
2024-03-23,21.0945
2024-03-24,21.0957
2024-03-25,21.0993
2024-03-26,21.1016
2024-03-27,21.1034
2024-03-28,21.1096
2024-03-29,21.1155
2024-03-30,21.1232
2024-03-31,21.1103
2024-04-01,21.1163
2024-04-02,21.1107
2024-04-03,21.1108
2024-04-04,21.1116
2024-04-05,21.1153
2024-04-06,21.1230
2024-04-07,21.1289
2024-04-08,21.1246
2024-04-09,21.1140
2024-04-10,21.1014
2024-04-11,21.0870
2024-04-12,21.0830
2024-04-13,21.0851
2024-04-14,21.0906
2024-04-15,21.0931
2024-04-16,21.0958
2024-04-17,21.1026
2024-04-18,21.1147
2024-04-19,21.1228
2024-04-20,21.1335
2024-04-21,21.1384
2024-04-22,21.1367
2024-04-23,21.1422
2024-04-24,21.1473
2024-04-25,21.1364
2024-04-26,21.1226
2024-04-27,21.1207
2024-04-28,21.1083
2024-04-29,21.0965
2024-04-30,21.0777
2024-05-01,21.0620
2024-05-02,21.0600
2024-05-03,21.0673
2024-05-04,21.0441
2024-05-05,21.0278
2024-05-06,21.0223
2024-05-07,21.0275
2024-05-08,21.0268
2024-05-09,21.0028
2024-05-10,20.9881
2024-05-11,20.9742
2024-05-12,20.9590
2024-05-13,20.9493
2024-05-14,20.9415
2024-05-15,20.9357
2024-05-16,20.9311
2024-05-17,20.9277
2024-05-18,20.9278
2024-05-19,20.9248
2024-05-20,20.9207
2024-05-21,20.9190
2024-05-22,20.9173
2024-05-23,20.9166
2024-05-24,20.9165
2024-05-25,20.9181
2024-05-26,20.9229
2024-05-27,20.9241
2024-05-28,20.9216
2024-05-29,20.9233
2024-05-30,20.9234
2024-05-31,20.9214
2024-06-01,20.9179
2024-06-02,20.9079
2024-06-03,20.9034
2024-06-04,20.9099
2024-06-05,20.9078
2024-06-06,20.9062
2024-06-07,20.9063
2024-06-08,20.8997
2024-06-09,20.8912
2024-06-10,20.8852
2024-06-11,20.8834
2024-06-12,20.8867
2024-06-13,20.8972
2024-06-14,20.8942
2024-06-15,20.9010
2024-06-16,20.9092
2024-06-17,20.9142
2024-06-18,20.9160
2024-06-19,20.9077
2024-06-20,20.9014
2024-06-21,20.8882
2024-06-22,20.8751
2024-06-23,20.8734
2024-06-24,20.8703
2024-06-25,20.8672
2024-06-26,20.8613
2024-06-27,20.8593
2024-06-28,20.8561
2024-06-29,20.8570
2024-06-30,20.8614
2024-07-01,20.8662
2024-07-02,20.8670
2024-07-03,20.8682
2024-07-04,20.8818
2024-07-05,20.8965
2024-07-06,20.9093
2024-07-07,20.9174
2024-07-08,20.9188
2024-07-09,20.9242
2024-07-10,20.9396
2024-07-11,20.9487
2024-07-12,20.9413
2024-07-13,20.9209
2024-07-14,20.9132
2024-07-15,20.9196
2024-07-16,20.9304
2024-07-17,20.9283
2024-07-18,20.9296
2024-07-19,20.9286
2024-07-20,20.9290
2024-07-21,20.9237
2024-07-22,20.9153
2024-07-23,20.9094
2024-07-24,20.9067
2024-07-25,20.8992
2024-07-26,20.8931
2024-07-27,20.8925
2024-07-28,20.8975
2024-07-29,20.9050
2024-07-30,20.9093
2024-07-31,20.9118
2024-08-01,20.9140
2024-08-02,20.9162
2024-08-03,20.9213
2024-08-04,20.9286
2024-08-05,20.9321
2024-08-06,20.9355
2024-08-07,20.9396
2024-08-08,20.9418
2024-08-09,20.9407
2024-08-10,20.9345
2024-08-11,20.9338
2024-08-12,20.9316
2024-08-13,20.9348
2024-08-14,20.9491
2024-08-15,20.9505
2024-08-16,20.9408
2024-08-17,20.9362
2024-08-18,20.9432
2024-08-19,20.9344
2024-08-20,20.9258
2024-08-21,20.9135
2024-08-22,20.9098
2024-08-23,20.9074
2024-08-24,20.9075
2024-08-25,20.9095
2024-08-26,20.9146
2024-08-27,20.9164
2024-08-28,20.9127
2024-08-29,20.9106
2024-08-30,20.9089
2024-08-31,20.9033
2024-09-01,20.9069
2024-09-02,20.9110
2024-09-03,20.9092
2024-09-04,20.9055
2024-09-05,20.9062
2024-09-06,20.9095
2024-09-07,20.9134
2024-09-08,20.9124
2024-09-09,20.9034
2024-09-10,20.8905
2024-09-11,20.8764
2024-09-12,20.8517
2024-09-13,20.8577
2024-09-14,20.8725
2024-09-15,20.8782
2024-09-16,20.8857
2024-09-17,20.8844
2024-09-18,20.8813
2024-09-19,20.8818
2024-09-20,20.8858
2024-09-21,20.8848
2024-09-22,20.8796
2024-09-23,20.8704
2024-09-24,20.8654
2024-09-25,20.8612
2024-09-26,20.8625
2024-09-27,20.8743
2024-09-28,20.8713
2024-09-29,20.8668
2024-09-30,20.8591
2024-10-01,20.8428
2024-10-02,20.8296
2024-10-03,20.8160
2024-10-04,20.8101
2024-10-05,20.8120
2024-10-06,20.8094
2024-10-07,20.7941
2024-10-08,20.7940
2024-10-09,20.7997
2024-10-10,20.7975
2024-10-11,20.7912
2024-10-12,20.7798
2024-10-13,20.7728
2024-10-14,20.7692
2024-10-15,20.7666
2024-10-16,20.7598
2024-10-17,20.7543
2024-10-18,20.7537
2024-10-19,20.7400
2024-10-20,20.7219
2024-10-21,20.7105
2024-10-22,20.7000
2024-10-23,20.6957
2024-10-24,20.6933
2024-10-25,20.6895
2024-10-26,20.6891
2024-10-27,20.7010
2024-10-28,20.7033
2024-10-29,20.7114
2024-10-30,20.7153
2024-10-31,20.7138
2024-11-01,20.7045
2024-11-02,20.6942
2024-11-03,20.6827
2024-11-04,20.6799
2024-11-05,20.6737
2024-11-06,20.6581
2024-11-07,20.6450
2024-11-08,20.6344
2024-11-09,20.6218
2024-11-10,20.6114
2024-11-11,20.6115
2024-11-12,20.6203
2024-11-13,20.6337
2024-11-14,20.6427
2024-11-15,20.6445
2024-11-16,20.6439
2024-11-17,20.6351
2024-11-18,20.6204
2024-11-19,20.6133
2024-11-20,20.6239
2024-11-21,20.6452
2024-11-22,20.6736
2024-11-23,20.6806
2024-11-24,20.6569
2024-11-25,20.6520
2024-11-26,20.6471
2024-11-27,20.6390
2024-11-28,20.6328
2024-11-29,20.6277
2024-11-30,20.6241
2024-12-01,20.6265
2024-12-02,20.6262
2024-12-03,20.6282
2024-12-04,20.6324
2024-12-05,20.6417
2024-12-06,20.6417
2024-12-07,20.6374
2024-12-08,20.6345
2024-12-09,20.6435
2024-12-10,20.6508
2024-12-11,20.6614
2024-12-12,20.6706
2024-12-13,20.6713
2024-12-14,20.6663
2024-12-15,20.6590
2024-12-16,20.6510
2024-12-17,20.6491
2024-12-18,20.6451
2024-12-19,20.6402
2024-12-20,20.6326
2024-12-21,20.6289
2024-12-22,20.6356
2024-12-23,20.6263
2024-12-24,20.6174
2024-12-25,20.6175
2024-12-26,20.6249
2024-12-27,20.6390
2024-12-28,20.6554
2024-12-29,20.6722
2024-12-30,20.6884
2024-12-31,20.7070
2025-01-01,20.7291
2025-01-02,20.7645
2025-01-03,20.7824
2025-01-04,20.7931
2025-01-05,20.8071
2025-01-06,20.8202
2025-01-07,20.8294
2025-01-08,20.8303
2025-01-09,20.8297
2025-01-10,20.8278
2025-01-11,20.8235
2025-01-12,20.8226
2025-01-13,20.8302
2025-01-14,20.8324
2025-01-15,20.8298
2025-01-16,20.8271
2025-01-17,20.8281
2025-01-18,20.8419
2025-01-19,20.8592
2025-01-20,20.8649
2025-01-21,20.8654
2025-01-22,20.8629
2025-01-23,20.8696
2025-01-24,20.8809
2025-01-25,20.8841
2025-01-26,20.8803
2025-01-27,20.8784
2025-01-28,20.8892
2025-01-29,20.9011
2025-01-30,20.9076
2025-01-31,20.9143
2025-02-01,20.9209
2025-02-02,20.9275
2025-02-03,20.9365
2025-02-04,20.9421
2025-02-05,20.9465
2025-02-06,20.9522
2025-02-07,20.9542
2025-02-08,20.9588
2025-02-09,20.9638
2025-02-10,20.9653
2025-02-11,20.9659
2025-02-12,20.9634
2025-02-13,20.9648
2025-02-14,20.9714
2025-02-15,20.9782
2025-02-16,20.9875
2025-02-17,20.9930
2025-02-18,20.9953
2025-02-19,20.9961
2025-02-20,20.9954
2025-02-21,20.9980
2025-02-22,21.0043
2025-02-23,21.0029
2025-02-24,21.0031
2025-02-25,21.0085
2025-02-26,21.0056
2025-02-27,21.0097
2025-02-28,21.0229
2025-03-01,21.0308
2025-03-02,21.0209
2025-03-03,21.0190
2025-03-04,21.0166
2025-03-05,21.0145
2025-03-06,21.0149
2025-03-07,21.0142
2025-03-08,21.0214
2025-03-09,21.0177
2025-03-10,21.0157
2025-03-11,21.0120
2025-03-12,21.0127
2025-03-13,21.0147
2025-03-14,21.0200
2025-03-15,21.0293
2025-03-16,21.0262
2025-03-17,21.0132
2025-03-18,20.9991
2025-03-19,20.9955
2025-03-20,20.9974
2025-03-21,21.0002
2025-03-22,20.9982
2025-03-23,20.9998
2025-03-24,21.0026
2025-03-25,21.0056
2025-03-26,21.0115
2025-03-27,21.0144
2025-03-28,21.0126
2025-03-29,21.0057
2025-03-30,20.9984
2025-03-31,20.9923
2025-04-01,20.9935
2025-04-02,20.9867
2025-04-03,20.9772
2025-04-04,20.9712
2025-04-05,20.9660
2025-04-06,20.9672
2025-04-07,20.9689
2025-04-08,20.9734
2025-04-09,20.9784
2025-04-10,20.9788
2025-04-11,20.9766
2025-04-12,20.9697
2025-04-13,20.9558
2025-04-14,20.9432
2025-04-15,20.9278
2025-04-16,20.9151
2025-04-17,20.9124
2025-04-18,20.9097
2025-04-19,20.9026
2025-04-20,20.9022
2025-04-21,20.9099
2025-04-22,20.9163
2025-04-23,20.9254
2025-04-24,20.9187
2025-04-25,20.9231
2025-04-26,20.9249
2025-04-27,20.9252
2025-04-28,20.9237
2025-04-29,20.9187
2025-04-30,20.9159
2025-05-01,20.9158
2025-05-02,20.9159
2025-05-03,20.9162
2025-05-04,20.9138
2025-05-05,20.9124
2025-05-06,20.9058
2025-05-07,20.8989
2025-05-08,20.8905
2025-05-09,20.8850
2025-05-10,20.8833
2025-05-11,20.8787
2025-05-12,20.8738
2025-05-13,20.8700
2025-05-14,20.8712
2025-05-15,20.8619
2025-05-16,20.8570
2025-05-17,20.8522
2025-05-18,20.8458
2025-05-19,20.8357
2025-05-20,20.8281
2025-05-21,20.8285
2025-05-22,20.8370
2025-05-23,20.8371
2025-05-24,20.8300
2025-05-25,20.8160
2025-05-26,20.8003
2025-05-27,20.7906
2025-05-28,20.7893
2025-05-29,20.7811
2025-05-30,20.7665
2025-05-31,20.7583
2025-06-01,20.7495
2025-06-02,20.7364
2025-06-03,20.7241
2025-06-04,20.7186
2025-06-05,20.7160
2025-06-06,20.7182
2025-06-07,20.7256
2025-06-08,20.7267
2025-06-09,20.7278
2025-06-10,20.7273
2025-06-11,20.7329
2025-06-12,20.7416
2025-06-13,20.7521
2025-06-14,20.7606
2025-06-15,20.7601
2025-06-16,20.7580
2025-06-17,20.7580
2025-06-18,20.7646
2025-06-19,20.7733
2025-06-20,20.7761
2025-06-21,20.7690
2025-06-22,20.7526
2025-06-23,20.7403
2025-06-24,20.7377
2025-06-25,20.7415
2025-06-26,20.7523
2025-06-27,20.7610
2025-06-28,20.7632
2025-06-29,20.7632
2025-06-30,20.7681
2025-07-01,20.7752
2025-07-02,20.7748
2025-07-03,20.7754
2025-07-04,20.7812
2025-07-05,20.7891
2025-07-06,20.7927
2025-07-07,20.8019
2025-07-08,20.8051
2025-07-09,20.8053
2025-07-10,20.7993
2025-07-11,20.7951
2025-07-12,20.7993
2025-07-13,20.8052
2025-07-14,20.8116
2025-07-15,20.8227
2025-07-16,20.8338
2025-07-17,20.8348
2025-07-18,20.8373
2025-07-19,20.8385
2025-07-20,20.8417
2025-07-21,20.8453
2025-07-22,20.8487
2025-07-23,20.8569
2025-07-24,20.8649
2025-07-25,20.8622
2025-07-26,20.8602
2025-07-27,20.8565
2025-07-28,20.8508
2025-07-29,20.8498
2025-07-30,20.8558
2025-07-31,20.8496
2025-08-01,20.8124
2025-08-02,20.7993
2025-08-03,20.8017
2025-08-04,20.8090
2025-08-05,20.8177
2025-08-06,20.8267
2025-08-07,20.8377
2025-08-08,20.8479
2025-08-09,20.8565
2025-08-10,20.8633
2025-08-11,20.8775
2025-08-12,20.8851
2025-08-13,20.8924
2025-08-14,20.8986
2025-08-15,20.8987
2025-08-16,20.8979
2025-08-17,20.8930
2025-08-18,20.8888
2025-08-19,20.8845
2025-08-20,20.8803
2025-08-21,20.8721
2025-08-22,20.8658
2025-08-23,20.8593
2025-08-24,20.8636
2025-08-25,20.8948
2025-08-26,20.8969
2025-08-27,20.8886
2025-08-28,20.8766
2025-08-29,20.8521
2025-08-30,20.8081
2025-08-31,20.7932
2025-09-01,20.7931
2025-09-02,20.7930
2025-09-03,20.7869
2025-09-04,20.7802
2025-09-05,20.7822
2025-09-06,20.7856
2025-09-07,20.7922
2025-09-08,20.7960
2025-09-09,20.7977
2025-09-10,20.8028
2025-09-11,20.8213
2025-09-12,20.8047
2025-09-13,20.8002
2025-09-14,20.7966
2025-09-15,20.7935
2025-09-16,20.7875
2025-09-17,20.7743
2025-09-18,20.7649
2025-09-19,20.7572
2025-09-20,20.7670
2025-09-21,20.7827
2025-09-22,20.7685
2025-09-23,20.7381
2025-09-24,20.7139
2025-09-25,20.7010
2025-09-26,20.6970
2025-09-27,20.6935
2025-09-28,20.7012
2025-09-29,20.7086
2025-09-30,20.7140
2025-10-01,20.7181
2025-10-02,20.7273
2025-10-03,20.7184
2025-10-04,20.7042
2025-10-05,20.6866
2025-10-06,20.6666
2025-10-07,20.6517
2025-10-08,20.6426
2025-10-09,20.6389
2025-10-10,20.6407
2025-10-11,20.6448
2025-10-12,20.6407
2025-10-13,20.6441
2025-10-14,20.6470
2025-10-15,20.6456
2025-10-16,20.6402
2025-10-17,20.6297
2025-10-18,20.6187
2025-10-19,20.6060
2025-10-20,20.5950
2025-10-21,20.5839
2025-10-22,20.5769
2025-10-23,20.5659
2025-10-24,20.5557
2025-10-25,20.5514
2025-10-26,20.5483
2025-10-27,20.5387
2025-10-28,20.5308
2025-10-29,20.5350
2025-10-30,20.5286
2025-10-31,20.5278
2025-11-01,20.5266
2025-11-02,20.5213
2025-11-03,20.5126
2025-11-04,20.5001
2025-11-05,20.4876
2025-11-06,20.4805
2025-11-07,20.4783
2025-11-08,20.4778
2025-11-09,20.4767
2025-11-10,20.4818
2025-11-11,20.4820
2025-11-12,20.4681
2025-11-13,20.4493
2025-11-14,20.4389
2025-11-15,20.4336
2025-11-16,20.4337
2025-11-17,20.4328
2025-11-18,20.4396
2025-11-19,20.4435
2025-11-20,20.4406
2025-11-21,20.4417
2025-11-22,20.4475
2025-11-23,20.4617
2025-11-24,20.4759
2025-11-25,20.4868
2025-11-26,20.4993
2025-11-27,20.5084
2025-11-28,20.5081
2025-11-29,20.5067
2025-11-30,20.5114
2025-12-01,20.5243
2025-12-02,20.5341
2025-12-03,20.5283
2025-12-04,20.5183
2025-12-05,20.5191
2025-12-06,20.5142
2025-12-07,20.5241
2025-12-08,20.5354
2025-12-09,20.5431
2025-12-10,20.5435
2025-12-11,20.5418
2025-12-12,20.5370
2025-12-13,20.5292
2025-12-14,20.5181
2025-12-15,20.5105
2025-12-16,20.5040
2025-12-17,20.5050
2025-12-18,20.5058
2025-12-19,20.5127
2025-12-20,20.5220
2025-12-21,20.5314
2025-12-22,20.5467
2025-12-23,20.5650
2025-12-24,20.5766
2025-12-25,20.5828
2025-12-26,20.5942
2025-12-27,20.6062
2025-12-28,20.6198
2025-12-29,20.6255
2025-12-30,20.6368
2025-12-31,20.6528
2026-01-01,20.6649
2026-01-02,20.6707
2026-01-03,20.6820
2026-01-04,20.6907
2026-01-05,20.7009
2026-01-06,20.7149
2026-01-07,20.7199
2026-01-08,20.7148
2026-01-09,20.7150
2026-01-10,20.7204
2026-01-11,20.7296
2026-01-12,20.7373
2026-01-13,20.7491
2026-01-14,20.7657
2026-01-15,20.7723
2026-01-16,20.7760
2026-01-17,20.7789
2026-01-18,20.7839
2026-01-19,20.7852
2026-01-20,20.7820
2026-01-21,20.7748
2026-01-22,20.7685
2026-01-23,20.7710
2026-01-24,20.7846
2026-01-25,20.8030
2026-01-26,20.8152
2026-01-27,20.8228
2026-01-28,20.8284
2026-01-29,20.8402
2026-01-30,20.8558
2026-01-31,20.8692
2026-02-01,20.8757
2026-02-02,20.8756
2026-02-03,20.8721
2026-02-04,20.8776
2026-02-05,20.8896
2026-02-06,20.8958
2026-02-07,20.9029
2026-02-08,20.9089
2026-02-09,20.9113
2026-02-10,20.9179
2026-02-11,20.9303
2026-02-12,20.9372
2026-02-13,20.9423
2026-02-14,20.9377
2026-02-15,20.9362
2026-02-16,20.9357
2026-02-17,20.9304
2026-02-18,20.9398
2026-02-19,20.9567
2026-02-20,20.9750
2026-02-21,20.9928
2026-02-22,21.0161
2026-02-23,21.0441
2026-02-24,21.0428
2026-02-25,21.0518
2026-02-26,21.0502
2026-02-27,21.0303
2026-02-28,21.0250
2026-03-01,21.0267
2026-03-02,21.0316
2026-03-03,21.0422
2026-03-04,21.0456
2026-03-05,21.0445
2026-03-06,21.0381
2026-03-07,21.0477
2026-03-08,21.0459
2026-03-09,21.0447
2026-03-10,21.0492
2026-03-11,21.0481
2026-03-12,21.0503
2026-03-13,21.0560
2026-03-14,21.0603
2026-03-15,21.0684
2026-03-16,21.0791
2026-03-17,21.0907
2026-03-18,21.0964
2026-03-19,21.0988
2026-03-20,21.0916
2026-03-21,21.0801
2026-03-22,21.0794
2026-03-23,21.0896
2026-03-24,21.0958
2026-03-25,21.0935
2026-03-26,21.0925
2026-03-27,21.0927
2026-03-28,21.0910
2026-03-29,21.0859
2026-03-30,21.0758
2026-03-31,21.0781
2026-04-01,21.0825
2026-04-02,21.0749
2026-04-03,21.0736
2026-04-04,21.0773
2026-04-05,21.0773
2026-04-06,21.0708
2026-04-07,21.0621
2026-04-08,21.0567
2026-04-09,21.0565
2026-04-10,21.0572
2026-04-11,21.0557
2026-04-12,21.0608
2026-04-13,21.0697
2026-04-14,21.0802
2026-04-15,21.0878
2026-04-16,21.0949
2026-04-17,21.1079
2026-04-18,21.1171
2026-04-19,21.1238
2026-04-20,21.1196
2026-04-21,21.1159
2026-04-22,21.1105
2026-04-23,21.0971
2026-04-24,21.0917
2026-04-25,21.0926
2026-04-26,21.0942
2026-04-27,21.0866
2026-04-28,21.0761
2026-04-29,21.0699
2026-04-30,21.0667
2026-05-01,21.0607
2026-05-02,21.0528
2026-05-03,21.0497
2026-05-04,21.0520
2026-05-05,21.0460
2026-05-06,21.0327
2026-05-07,21.0200
2026-05-08,21.0062
2026-05-09,21.0015
2026-05-10,20.9972
2026-05-11,20.9912
2026-05-12,20.9905
2026-05-13,20.9786
2026-05-14,20.9552
2026-05-15,20.9333
2026-05-16,20.9285
2026-05-17,20.9289
2026-05-18,20.9295
2026-05-19,20.9265
2026-05-20,20.9204
2026-05-21,20.9160
2026-05-22,20.9201
2026-05-23,20.9291
2026-05-24,20.9330
2026-05-25,20.9279
2026-05-26,20.9208
2026-05-27,20.9100
2026-05-28,20.9084
2026-05-29,20.9132
2026-05-30,20.9139
2026-05-31,20.9140
2026-06-01,20.9150
2026-06-02,20.9190
2026-06-03,20.9223
2026-06-04,20.9279
2026-06-05,20.9309
2026-06-06,20.9301
2026-06-07,20.9251
2026-06-08,20.9187
2026-06-09,20.9107
2026-06-10,20.9098
2026-06-11,20.9118
2026-06-12,20.9222
2026-06-13,20.9326
2026-06-14,20.9384
2026-06-15,20.9418
2026-06-16,20.9435
2026-06-17,20.9438
2026-06-18,20.9405
2026-06-19,20.9365
2026-06-20,20.9365
2026-06-21,20.9346
2026-06-22,20.9323
2026-06-23,20.9363
2026-06-24,20.9405
2026-06-25,20.9384
2026-06-26,20.9347
2026-06-27,20.9404
2026-06-28,20.9450
2026-06-29,20.9475
2026-06-30,20.9525
2026-07-01,20.9548
2026-07-02,20.9582
2026-07-03,20.9640
2026-07-04,20.9781
2026-07-05,20.9900
2026-07-06,20.9938
2026-07-07,20.9905
2026-07-08,20.9853
2026-07-09,20.9754
2026-07-10,20.9735
2026-07-11,20.9730
2026-07-12,20.9839
2026-07-13,20.9970
2026-07-14,21.0067
2026-07-15,21.0094
2026-07-16,21.0070
2026-07-17,21.0062
2026-07-18,21.0114
2026-07-19,21.0204
2026-07-20,21.0315
2026-07-21,21.0419
2026-07-22,21.0502
2026-07-23,21.0555
2026-07-24,21.0599
2026-07-25,21.0617
2026-07-26,21.0628
2026-07-27,21.0671
2026-07-28,21.0748
2026-07-29,21.0796
2026-07-30,21.0821
2026-07-31,21.0820
2026-08-01,21.0816
2026-08-02,21.0744
2026-08-03,21.0683
2026-08-04,21.0696
2026-08-05,21.0728
2026-08-06,21.0771
2026-08-07,21.0833
2026-08-08,21.0861
2026-08-09,21.0895
2026-08-10,21.0920
2026-08-11,21.0956
2026-08-12,21.0983
2026-08-13,21.1042
2026-08-14,21.1106
2026-08-15,21.1092
2026-08-16,21.1040
2026-08-17,21.1014
2026-08-18,21.1038
2026-08-19,21.1084
2026-08-20,21.1159
2026-08-21,21.1266
2026-08-22,21.1330
2026-08-23,21.1320
2026-08-24,21.1354
2026-08-25,21.1376
2026-08-26,21.1405
2026-08-27,21.1369
2026-08-28,21.1268
2026-08-29,21.1173
2026-08-30,21.1144
2026-08-31,21.1131
2026-09-01,21.1125
2026-09-02,21.1163
2026-09-03,21.1169
2026-09-04,21.1209
2026-09-05,21.1278
2026-09-06,21.1353
2026-09-07,21.1371
2026-09-08,21.1304
2026-09-09,21.1173
2026-09-10,21.1072
2026-09-11,21.1053
2026-09-12,21.1060
2026-09-13,21.1067
2026-09-14,21.1069
2026-09-15,21.1018
2026-09-16,21.1042
2026-09-17,21.0975
2026-09-18,21.0925
2026-09-19,21.0904
2026-09-20,21.0882
2026-09-21,21.0886
2026-09-22,21.0913
2026-09-23,21.0910
2026-09-24,21.0796
2026-09-25,21.0883
2026-09-26,21.0996
2026-09-27,21.0964
2026-09-28,21.1123
2026-09-29,21.1118
2026-09-30,21.0942
2026-10-01,21.0856
2026-10-02,21.0760
2026-10-03,21.0689
2026-10-04,21.0624
2026-10-05,21.0415
2026-10-06,21.0325
2026-10-07,21.0270
